tree
version=v4
num_class=1
num_tree_per_iteration=1
label_index=0
max_feature_idx=293
objective=binary sigmoid:1
feature_names=aac(3)-IId aac(3)-IIe aac(3)-IIg aac(3)-IVa aac(3)-VIa aac(6')-IIc aac(6')-Ib aac(6')-Ib-cr aac(6')-Ib-cr5 aac(6')-Ib3 aac(6')-Ib4 aadA1 aadA12 aadA13 aadA15 aadA16 aadA2 aadA22 aadA5 aadA6 aadA7 acrB_R717L acrF acrR_E190RfsTer20 acrR_E67Ter acrR_G28R acrR_K80NfsTer9 acrR_L109YfsTer28 acrR_Q143Ter acrR_R45C acrR_S30HfsTer59 acrR_T5N acrR_V29YfsTer44 ampC_C-11T ampC_C-42T ampC_G-15GG ampC_T-14TGT ampC_T-32A ant(2'')-Ia aph(3'')-Ib aph(3')-IIa aph(3')-Ia aph(3')-VI aph(4)-Ia aph(6)-Ic aph(6)-Id armA arr arr-2 arr-3 blaCARB-2 blaCMY blaCMY-2 blaCMY-4 blaCMY-42 blaCMY-6 blaCTX-M blaCTX-M-1 blaCTX-M-14 blaCTX-M-15 blaCTX-M-2 blaCTX-M-27 blaCTX-M-3 blaCTX-M-32 blaCTX-M-55 blaCTX-M-65 blaCTX-M-8 blaCTX-M-9 blaDHA blaDHA-1 blaEC blaEC-5 blaHER blaHER-3 blaKPC-2 blaKPC-3 blaNDM-1 blaNDM-5 blaNDM-7 blaOXA blaOXA-1 blaOXA-10 blaOXA-2 blaOXA-244 blaOXA-48 blaOXA-9 blaSHV blaSHV-1 blaSHV-12 blaSHV-2A blaTEM blaTEM-1 blaTEM-135 blaTEM-176 blaTEM-30 blaTEM-52 blaTEMp_C32T blaTEMp_G162T ble bleO catA1 catA2 catB3 cirA_A113PfsTer9 cirA_D258RfsTer5 cirA_D46MfsTer21 cirA_E240Ter cirA_E41Ter cirA_E450AfsTer30 cirA_E532Ter cirA_E57KfsTer10 cirA_G138AfsTer15 cirA_G197CfsTer13 cirA_G437AfsTer10 cirA_G88AfsTer1 cirA_I160NfsTer22 cirA_I160SfsTer34 cirA_I229YfsTer1 cirA_K320QfsTer9 cirA_N303TfsTer7 cirA_P304LfsTer6 cirA_P421TfsTer1 cirA_Q216Ter cirA_Q260Ter cirA_Q56Ter cirA_Q65Ter cirA_R284VfsTer8 cirA_R479VfsTer3 cirA_R61Ter cirA_R86S cirA_S165Ter cirA_S90YfsTer15 cirA_T190PfsTer4 cirA_V239RfsTer47 cirA_W164Ter cirA_W21Ter cirA_W243Ter cirA_W370Ter cirA_W430GfsTer17 cirA_W455Ter cirA_W621Ter cirA_Y390Ter cmlA1 cmlA5 cmlA6 cyaA_S352T dfrA1 dfrA12 dfrA14 dfrA15 dfrA16 dfrA17 dfrA27 dfrA29 dfrA36 dfrA5 dfrA7 dfrA8 emrD ere(A) erm(42) erm(B) estT estX estX-3 floR folP_F28L fosA fosA3 fosA4 fosA7 fosA7.5 ftsI_I336IKYRI ftsI_N337NYRIN gyrA_D87G gyrA_D87N gyrA_D87Y gyrA_S83A gyrA_S83L gyrA_S83V lnu(A) lnu(F) lnu(G) marR_S3N mcr-1.1 mcr-9 mcr-9.1 mdtM mef(B) mef(C) mph(A) mph(B) mph(E) mph(G) mrx(A) msr(E) nfsA_D210LfsTer46 nfsA_E99Ter nfsA_G126R nfsA_G131D nfsA_G96SfsTer16 nfsA_H11Y nfsA_K68NfsTer2 nfsA_L184WfsTer72 nfsA_L43CfsTer18 nfsA_N134IfsTer94 nfsA_Q100Ter nfsA_Q113Ter nfsA_Q147FfsTer82 nfsA_Q195Ter nfsA_Q26Ter nfsA_Q67Ter nfsA_Q88Ter nfsA_R203C nfsA_R218Ter nfsA_W159Ter nfsA_W212Ter nfsA_W77Ter nfsA_Y128PfsTer6 nfsA_Y200Ter nfsB_E72SfsTer23 nfsB_F167LfsTer11 nfsB_F84S nfsB_W94Ter ompC_Q82Ter ompF_A233LfsTer7 ompF_D34RfsTer1 ompF_Q88Ter ompF_Y253EfsTer3 parC_A108T parC_A56T parC_E84G parC_E84K parC_E84V parC_S57T parC_S80I parC_S80R parE_D475E parE_E460D parE_I355T parE_I529L parE_L416F parE_S458A parE_S458T pmrB_V161G ptsI_V25I qepA4 qnrA1 qnrB1 qnrB19 qnrB4 qnrS qnrS1 qnrS2 qseB qseC rdmCL rmtB1 rmtC rmtE1 sat2 soxR_G121D soxS_A12S sul1 sul2 sul3 tet(A) tet(B) tet(C) tet(D) tet(M) uhpT_E350Q k_AMIKACIN k_AMOXICILLIN-CLAVULANIC_ACID k_AZITHROMYCIN k_BETA-LACTAM k_CARBAPENEM k_CEPHALOSPORIN k_CHLORAMPHENICOL k_COLISTIN k_GENTAMICIN k_KANAMYCIN k_NITROFURAN k_NITROFURANTOIN k_PIPERACILLIN-TAZOBACTAM k_QUINOLONE k_STREPTOMYCIN k_SULFONAMIDE k_TETRACYCLINE k_TICARCILLIN-CLAVULANIC_ACID k_TIGECYCLINE k_TOBRAMYCIN k_TRIMETHOPRIM k_rule
feature_infos=[0:1] [0:1] none [0:1] [0:1] none [0:1] none [0:1] [0:1] none [0:1] [0:1] none none none [0:1] [0:1] [0:1] [0:1] none none [0:1] none none none none none none none none none none none [0:1] none none [0:1] [0:1] [0:1] [0:1] [0:1] none [0:1] [0:1] [0:1] none none none none [0:1] [0:1] [0:1] none [0:1] [0:1] [0:1] [0:1] [0:1] [0:1] none [0:1] none [0:1] [0:1] none [0:1] none none [0:1] [0:1] [0:1] [0:1] [0:1] none [0:1] [0:1] [0:1] none none [0:1] none none none none none none none [0:1] [0:1] [0:1] [0:1] [0:1] none none [0:1] [0:1] none [0:1] [0:1] [0:1] none [0:1] none [0:1] [0:1] [0:1] none [0:1] none none [0:1] [0:1] none none none [0:1] none none none none [0:1] none none [0:1] none none [0:1] none [0:1] none none [0:1] none none [0:1] [0:1] [0:1] [0:1] none none none [0:1] [0:1] none [0:1] [0:1] [0:1] [0:1] [0:1] [0:1] [0:1] none none none [0:1] [0:1] [0:1] [0:1] [0:1] none [0:1] none [0:1] [0:1] [0:1] [0:1] none [0:1] none none [0:1] [0:1] [0:1] [0:1] [0:1] [0:1] none [0:1] none [0:1] [0:1] [0:1] [0:1] [0:1] none none [0:1] [0:1] none [0:1] [0:1] none none [0:1] none [0:1] [0:1] [0:1] none none [0:1] none [0:1] none [0:1] none [0:1] [0:1] [0:1] none none none none none [0:1] [0:1] [0:1] [0:1] [0:1] [0:1] none none none none none none none [0:1] none [0:1] [0:1] none [0:1] [0:1] [0:1] none [0:1] [0:1] [0:1] [0:1] [0:1] [0:1] [0:1] none [0:1] none none none [0:1] [0:1] none [0:1] none none none [0:1] none [0:1] [0:1] [0:1] none [0:1] [0:1] [0:1] [0:1] [0:1] [0:1] [0:1] [0:1] [0:1] [0:1] [0:3] [0:1] [0:4] [0:11] [0:3] [0:5] [0:4] [0:3] [0:3] [0:3] [0:2] [0:2] [0:1] [0:8] [0:6] [0:3] [0:3] [0:1] none [0:3] [0:4] [0:1]
tree_sizes=1764 1782 1770 1772 1774 1767 1776 1773 1775 1778 1774 1776 1779 1766 1777 1781 1781 1772 1774 1769 1773 1777 1769 1785 1785 1782 1767 1784 1774 1765 1777 1789 1779 1783 1780 1787 1776 1781 1788 1782 1783 1791 1783 1779 1778 1780 1779 1772 1779 1771 1779 1783 1787 1775 1781 1793 1788 1780 1793 1778 1777 1787 1784 1798 1789 1775 1784 1787 1795 1788 1784 1788 1787 1800 1782 1784 1803 1793 1785 1779 1781 1792 1794 1785 1782 1793 1784 1799 1779 1808 1783 1796 1783 1788 1787 1787 1796 1803 1790 1786 1788 1809 1765 1797 1789 1792 1797 1775 1778 1781 1789 1793 1776 1803 1783 1785 1777 1804 1795 1785 1798 1793 1791 1805 1785 1792 1792 1779 1787 1792 1783 1799 1781 1785 1772 1784 1776 1789 1784 1784 1801 1792 1787 1781 1792 1803 1781 1787 1787 1810 1791 1793 1797 1782 1787 1779 1787 1770 1778 1793 1795 1792 1800 1798 1771 1783 1792 1786 1794 1788 1783 1800 1793 1794 1794 1790 1808 1789 1772 1792 1785 1779 1762 1790 1788 1772 1772 1772 1784 1776 1782 1791 1795 1803 1789 1781 1790 1784 1784 1785 1789 1796 1778 1791 1779 1783 1791 1777 1776 1786 1785 1805 1808 1792 1785 1782 1777 1783 1775 1789 1793 1784 1778 1820 1777 1794 1794 1798 1802 1810 1790 1778 1795 1794 1784 1801 1783 1762 1790 1797 1794 1788 1789 1781 1800 1776 1786 1779 1790 1778 1794 1776 1778 1798 1800 1799 1797 1800 1780 1790 1797 1810 1769 1788 1788 1779 1793 1762 1796 1797 1781 1795 1794 1784 1798 1799 1793 1785 1779 1778 1779 1803 1794 1787 1779 1782 1794 1792 1771 1808 1786 1790 1761 1782 1796 1790 1805 1785 1782 1792

Tree=0
num_leaves=15
num_cat=0
split_feature=293 52 34 277 282 37 276 69 178 71 275 231 286 286
split_gain=2072.83 335.783 134.77 123.409 76.2072 69.8648 49.091 45.7647 24.3958 21.9666 18.4124 16.1585 15.3003 15.0133
threshold=1.0000000180025095e-35 1.0000000180025095e-35 1.0000000180025095e-35 1.5000000000000002 1.0000000180025095e-35 1.0000000180025095e-35 1.0000000180025095e-35 1.0000000180025095e-35 1.0000000180025095e-35 1.0000000180025095e-35 2.5000000000000004 1.0000000180025095e-35 3.5000000000000004 1.0000000180025095e-35
decision_type=2 2 2 2 2 2 2 2 2 2 2 2 2 2
left_child=4 2 3 5 8 6 7 11 9 12 -5 -2 -1 -6
right_child=1 -3 -4 10 13 -7 -8 -9 -10 -11 -12 -13 -14 -15
leaf_value=-0.088376741623099456 -0.055310075776994323 0.099211002510984761 0.096068845466007927 0.025331940267529163 -0.061015462121709253 0.099999964059899235 0.065806468882895389 0.099999964059899235 -0.025489196795394541 0.010009331425182752 0.083353143716916045 0.085151080517230679 0.021833079512411185 -0.0085697319026288594
leaf_weight=399.25925473868847 103.84229052066803 314.48837447166443 47.337525397539139 21.599272966384888 19.839932277798653 10.312684059143065 10.884492814540861 5.1563420295715323 17.300644069910049 5.8589806407690039 37.262256383895874 2.0887027829885474 3.1742244362831107 43.70722721517086
leaf_count=2461 556 494 78 73 109 16 26 8 80 22 73 4 11 184
internal_value=-0.0010406 0.0652817 0.0205391 0.0018341 -0.0760178 -0.0249651 -0.0355309 -0.04546 -0.0836439 -0.0861081 0.0620622 -0.0525405 -0.0875075 -0.0249437
internal_weight=1042.11 552.972 238.484 191.146 489.14 132.285 121.972 111.087 425.593 408.292 58.8615 105.931 402.433 63.5472
internal_count=4195 1328 834 756 2867 610 594 568 2574 2494 146 560 2472 293
is_linear=0
shrinkage=1


Tree=1
num_leaves=15
num_cat=0
split_feature=293 52 34 275 282 69 187 175 51 178 276 286 8 71
split_gain=1882.07 305.546 129.422 116.961 78.0939 44.5459 48.4893 33.4481 30.4725 29.7105 22.5231 21.0744 16.7359 15.0386
threshold=1.0000000180025095e-35 1.0000000180025095e-35 1.0000000180025095e-35 2.5000000000000004 1.0000000180025095e-35 1.0000000180025095e-35 1.0000000180025095e-35 1.0000000180025095e-35 1.0000000180025095e-35 1.0000000180025095e-35 1.0000000180025095e-35 1.0000000180025095e-35 1.0000000180025095e-35 1.0000000180025095e-35
decision_type=2 2 2 2 2 2 2 2 2 2 2 2 2 2
left_child=4 2 3 5 9 6 -2 8 -8 13 12 -6 -9 -1
right_child=1 -3 -4 -5 11 -7 7 10 -10 -11 -12 -13 -14 -15
leaf_value=-0.083457682672523001 0.030607438350572391 0.094510270205193189 0.092296471535938562 0.068994011224999971 -0.063157441117197816 0.096120273335645032 -0.072675597372878195 -0.046167024335253583 0.10284341105674616 -0.014622277983703367 0.09681560727921501 0.00012295188795256014 0.021039081824876866 0.0046391011315924857
leaf_weight=396.52256175875664 28.580007284879684 323.36015611886978 49.645985424518585 48.483748391270638 19.022604674100876 7.7197247743606559 61.649041146039963 24.878361880779266 2.5762002468109122 16.856927320361137 4.5069180727004996 42.669410705566406 14.758894205093382 4.9041658937931052
leaf_count=2442 93 509 81 108 107 12 360 129 4 74 7 171 51 19
internal_value=0.000931975 0.0626816 0.020292 0.00178475 -0.0719052 -0.0207395 -0.0273267 -0.0426056 -0.0656352 -0.0796507 -0.00909987 -0.0193894 -0.0211429 -0.0823814
internal_weight=1046.13 566.159 242.799 193.153 479.976 144.669 136.949 108.369 64.2252 418.284 44.1442 61.692 39.6373 401.427
internal_count=4167 1354 845 764 2813 656 644 551 364 2535 187 278 180 2461
is_linear=0
shrinkage=0.05


Tree=2
num_leaves=15
num_cat=0
split_feature=293 52 57 282 275 59 61 181 285 285 286 127 58 286
split_gain=1721.22 288.98 90.0183 65.9039 60.2906 53.6879 69.7703 39.9691 33.7563 24.6229 18.3861 14.1009 12.1463 16.8606
threshold=1.0000000180025095e-35 1.0000000180025095e-35 1.0000000180025095e-35 1.0000000180025095e-35 2.5000000000000004 1.0000000180025095e-35 1.0000000180025095e-35 1.0000000180025095e-35 4.5000000000000009 1.5000000000000002 1.0000000180025095e-35 1.0000000180025095e-35 1.0000000180025095e-35 2.5000000000000004
decision_type=2 2 2 2 2 2 2 2 2 2 2 2 2 2
left_child=3 2 4 9 5 6 7 12 -7 11 -5 -1 -2 -14
right_child=1 -3 -4 10 -6 8 -8 -9 -10 -11 -12 -13 13 -15
leaf_value=-0.079009297278308507 0.057751897644035481 0.090424800984061485 -0.077231121804083064 -0.062012110161930069 0.074279168652090666 -0.070147184554453221 -0.069823635751423405 -0.094467052231014426 0.012206752037244544 -0.0021991149611374963 -0.0043808881128731894 0.070299854150478638 -0.095072313006404591 0.088898885319072099
leaf_weight=405.65861392021179 91.114108473062515 322.41127628087997 22.47398354113102 20.048455566167831 52.986300781369209 25.775774285197258 14.772950708866118 4.7896848171949378 24.055676937103271 10.876629203557966 44.685365542769432 1.5874871611595143 3.0922333151102057 2.0852678418159485
leaf_count=2502 228 511 136 114 107 151 86 31 89 45 184 4 20 4
internal_value=0.000102171 0.0594599 0.0180599 -0.0691761 0.0278534 0.0130064 0.0316729 0.0465065 -0.0303916 -0.0764444 -0.0222296 -0.0784273 0.0535187 -0.0209769
internal_weight=1046.41 563.557 241.146 482.857 218.672 165.686 115.854 101.081 49.8315 418.123 64.7338 407.246 96.2916 5.1775
internal_count=4212 1363 852 2849 716 609 369 283 240 2551 298 2506 252 24
is_linear=0
shrinkage=0.05


Tree=3
num_leaves=15
num_cat=0
split_feature=277 52 34 277 178 37 282 69 285 61 71 187 286 196
split_gain=1551.37 255.532 100.454 99.4573 76.5575 72.8039 43.061 35.6432 23.3267 15.305 14.6358 14.072 13.3217 13.1135
threshold=1.0000000180025095e-35 1.0000000180025095e-35 1.0000000180025095e-35 1.5000000000000002 1.0000000180025095e-35 1.0000000180025095e-35 1.0000000180025095e-35 1.0000000180025095e-35 2.5000000000000004 1.0000000180025095e-35 1.0000000180025095e-35 1.0000000180025095e-35 3.5000000000000004 1.0000000180025095e-35
decision_type=2 2 2 2 2 2 2 2 2 2 2 2 2 2
left_child=4 2 3 5 6 7 10 8 11 -10 12 -2 -1 -8
right_child=1 -3 -4 -5 -6 -7 13 -9 9 -11 -12 -13 -14 -15
leaf_value=-0.077396514726972343 -0.0040235201703844835 0.086858013288745858 0.084947079594727762 0.056669220191952543 0.015122351162945892 0.092257189226862435 -0.040587655226709145 0.088789550099847292 0.0082701437920213762 -0.059252998984497457 0.011801671577384558 -0.065703354439551262 0.023293206110941031 0.020667029771741358
leaf_weight=389.3976789265871 10.877550929784773 320.22735774517059 45.978383094072342 59.193856030702591 28.277244031429291 12.793508589267729 46.082726746797562 5.7084113359451285 31.217972621321678 11.477401733398436 4.7442993819713584 61.696197345852852 3.3128914833068839 10.781543254852293
leaf_count=2440 45 513 77 145 104 20 235 9 120 65 18 360 12 38
internal_value=0.000976736 0.057661 0.0185317 0.00270673 -0.0647017 -0.0211717 -0.06967 -0.033167 -0.0392066 -0.00988148 -0.0754925 -0.0564586 -0.0765471 -0.0289737
internal_weight=1041.77 559.171 238.943 192.965 482.596 133.771 454.319 120.978 115.269 42.6954 397.455 72.5737 392.711 56.8643
internal_count=4201 1354 841 764 2847 619 2743 599 590 185 2470 405 2452 273
is_linear=0
shrinkage=0.05


Tree=4
num_leaves=15
num_cat=0
split_feature=293 52 34 277 37 282 276 250 242 178 275 71 127 266
split_gain=1404.6 253.023 97.3007 64.0378 73.9419 44.9841 40.7818 27.6657 22.5218 21.832 13.5975 13.3436 13.1838 13.1676
threshold=1.0000000180025095e-35 1.0000000180025095e-35 1.0000000180025095e-35 1.5000000000000002 1.0000000180025095e-35 1.0000000180025095e-35 1.0000000180025095e-35 1.0000000180025095e-35 1.0000000180025095e-35 1.0000000180025095e-35 2.5000000000000004 1.0000000180025095e-35 1.0000000180025095e-35 1.0000000180025095e-35
decision_type=2 2 2 2 2 2 2 2 2 2 2 2 2 2
left_child=5 2 3 4 6 9 7 8 -2 11 -5 12 -1 -10
right_child=1 -3 -4 10 -6 -7 -8 -9 13 -11 -12 -13 -14 -15
leaf_value=-0.073731942052263896 -0.055121643295215517 0.084001316601438614 0.080900321582206058 0.015288920837802448 0.089030135968688098 -0.022747938913500659 0.061625531525527091 0.079084263266227181 0.058026331624719298 -0.014729369405177911 0.068592393784905753 0.011207623826006692 0.070698445998416806 -0.058600975128793878
leaf_weight=386.81548963487148 92.538707137107849 309.68907091021538 44.310456767678261 20.235547766089439 13.954170703887938 58.240613162517548 10.459671229124067 4.5369164645671836 7.4918200522661191 17.297988414764404 29.270905137062073 4.7459358274936667 1.5865021944046009 3.5750483870506287
leaf_count=2445 518 501 76 71 22 273 24 8 20 77 60 18 4 20
internal_value=-0.000645659 0.0546321 0.0144537 -0.00171809 -0.0198402 -0.0638699 -0.0326493 -0.0417677 -0.0470599 -0.0697049 0.0468048 -0.0721238 -0.073142 0.020351
internal_weight=1004.75 536.062 226.373 182.063 132.556 468.687 118.602 108.142 103.606 410.446 49.5065 393.148 388.402 11.0669
internal_count=4137 1320 819 743 612 2817 590 566 558 2544 131 2467 2449 40
is_linear=0
shrinkage=0.05


Tree=5
num_leaves=15
num_cat=0
split_feature=293 52 34 277 178 187 276 69 282 51 146 59 71 286
split_gain=1323.89 222.984 82.22 79.1971 32.6357 31.7653 33.6717 26.9165 25.1585 22.0489 17.7847 16.0237 14.9661 13.172
threshold=1.0000000180025095e-35 1.0000000180025095e-35 1.0000000180025095e-35 1.5000000000000002 1.0000000180025095e-35 1.0000000180025095e-35 1.0000000180025095e-35 1.0000000180025095e-35 1.0000000180025095e-35 1.0000000180025095e-35 1.0000000180025095e-35 1.0000000180025095e-35 1.0000000180025095e-35 3.5000000000000004
decision_type=2 2 2 2 2 2 2 2 2 2 2 2 2 2
left_child=4 2 3 5 8 11 7 9 12 10 -7 -2 13 -1
right_child=1 -3 -4 -5 -6 6 -8 -9 -10 -11 -12 -13 -14 -15
leaf_value=-0.071092016376735637 0.044138604772073133 0.081014054222816101 0.07874777962713303 0.052510046628648333 -0.0021187862546792765 -0.055971407124618948 0.059599485527744078 0.083481621486109492 -0.03277553853732048 0.10030833598220035 0.011248267468411838 -0.063219563793661115 0.00924397081991612 0.031644869683884823
leaf_weight=384.24784177541733 24.796858370304111 306.56944578886032 43.505342155694962 56.737734422087669 21.896947622299194 82.179597690701485 9.5972823947668058 4.3316637873649588 54.434212818741798 2.577972173690795 11.178451642394064 4.0421917587518683 6.0114849507808676 3.1454279422760001
leaf_count=2462 71 506 75 140 91 470 22 7 271 4 45 23 23 11
internal_value=-0.000190579 0.0527919 0.0165829 0.00274498 -0.0617205 -0.0176117 -0.0298709 -0.0384347 -0.0646347 -0.0439395 -0.0479227 0.0290909 -0.069043 -0.0702578
internal_weight=1015.25 545.517 238.947 195.442 469.736 138.704 109.865 100.268 447.839 95.936 93.358 28.8391 393.405 387.393
internal_count=4221 1363 857 782 2858 642 548 526 2767 519 515 94 2496 2473
is_linear=0
shrinkage=0.05


Tree=6
num_leaves=15
num_cat=0
split_feature=293 52 57 282 61 252 64 181 59 275 164 231 260 145
split_gain=1248.34 199.215 55.6123 48.7946 46.1428 40.7684 24.2105 27.6242 23.6458 31.9924 21.3209 17.1785 15.9043 15.21
threshold=1.0000000180025095e-35 1.0000000180025095e-35 1.0000000180025095e-35 1.0000000180025095e-35 1.0000000180025095e-35 1.0000000180025095e-35 1.0000000180025095e-35 1.0000000180025095e-35 1.0000000180025095e-35 2.5000000000000004 1.0000000180025095e-35 1.0000000180025095e-35 1.0000000180025095e-35 1.0000000180025095e-35
decision_type=2 2 2 2 2 2 2 2 2 2 2 2 2 2
left_child=3 2 4 10 5 6 7 8 -2 -10 13 -8 -4 -1
right_child=1 -3 12 -5 -6 -7 11 -9 9 -11 -12 -13 -14 -15
leaf_value=-0.072413095450011677 0.060536246781053293 0.07854552692554323 -0.078063515830865626 -0.018853199879648862 -0.057149269553956689 -0.032540136697132731 -0.076259298944054379 -0.085286518074978668 -0.0092728508323889017 0.067775686649411915 0.034615764859768812 0.092813858164792984 0.053292278935147777 -0.046652244019604897
leaf_weight=322.08341270685196 108.25685925781727 306.60240451991558 17.89425660669804 62.139890998601913 15.858441427350042 22.135229036211967 7.0985435098409635 4.0533786714076987 34.658483788371086 22.04074165225029 5.1454342156648627 1.9057018756866453 2.6450060755014411 69.699015751481056
leaf_count=2113 249 516 116 290 92 112 43 27 151 44 18 3 8 414
internal_value=0.000645963 0.051948 0.0174733 -0.0600523 0.024949 0.0314539 0.0394113 0.0436674 0.0468361 0.0206783 -0.0665022 -0.0404758 -0.0611478 -0.0678302
internal_weight=1002.22 543.149 236.547 459.068 216.007 200.149 178.014 169.009 164.956 56.6992 396.928 9.00425 20.5393 391.782
internal_count=4196 1361 845 2835 721 629 517 471 444 195 2545 46 124 2527
is_linear=0
shrinkage=0.05


Tree=7
num_leaves=15
num_cat=0
split_feature=293 52 34 277 37 282 69 276 242 178 91 279 285 286
split_gain=1139.4 208.877 78.2626 52.9136 56.2313 34.3459 26.2526 29.8174 18.1268 15.3538 13.4352 12.5547 12.4305 11.9253
threshold=1.0000000180025095e-35 1.0000000180025095e-35 1.0000000180025095e-35 1.5000000000000002 1.0000000180025095e-35 1.0000000180025095e-35 1.0000000180025095e-35 1.0000000180025095e-35 1.0000000180025095e-35 1.0000000180025095e-35 1.0000000180025095e-35 1.0000000180025095e-35 1.5000000000000002 1.0000000180025095e-35
decision_type=2 2 2 2 2 2 2 2 2 2 2 2 2 2
left_child=5 2 3 4 6 9 7 8 11 -1 12 -2 13 -7
right_child=1 -3 -4 -5 -6 10 -8 -9 -10 -11 -12 -13 -14 -15
leaf_value=-0.065622984174971852 -0.052164795176389493 0.076333873503672281 0.074339469322017737 0.04125536318367351 0.083324705665862656 -0.055967955680982499 0.078989626207726357 0.049665651615891912 0.018314000006066446 -0.016910054627576502 -0.092615751627659296 0.064526012712366063 0.072244661695486642 -0.0037703174661186745
leaf_weight=380.9990668296814 89.755033001303673 305.80771653354168 42.09863942861557 52.259389504790306 12.335095226764677 16.482577443122864 5.3864912390708914 9.7334311604499799 11.156627491116522 16.893052697181702 6.1514533460140219 2.3657655119895926 3.8272445797920218 32.553897082805634
leaf_count=2507 516 526 75 141 20 96 9 24 41 78 40 6 9 138
internal_value=-0.000390485 0.049427 0.0128713 -0.00126992 -0.0182691 -0.0582753 -0.0288535 -0.0339937 -0.0418782 -0.0635548 -0.0226799 -0.049168 -0.0145419 -0.0213155
internal_weight=987.805 530.898 225.09 182.992 130.732 456.907 118.397 113.011 103.277 397.892 59.0152 92.1208 52.8637 49.0365
internal_count=4226 1358 832 757 616 2868 596 587 563 2585 283 522 243 234
is_linear=0
shrinkage=0.05


Tree=8
num_leaves=15
num_cat=0
split_feature=293 52 34 275 37 282 235 235 51 69 276 164 145 127
split_gain=1003.65 193.999 77.3666 57.3693 46.8603 36.0179 31.1514 21.897 21.4468 20.3087 15.264 13.8312 13.742 13.5598
threshold=1.0000000180025095e-35 1.0000000180025095e-35 1.0000000180025095e-35 2.5000000000000004 1.0000000180025095e-35 1.0000000180025095e-35 1.0000000180025095e-35 1.0000000180025095e-35 1.0000000180025095e-35 1.0000000180025095e-35 1.0000000180025095e-35 1.0000000180025095e-35 1.0000000180025095e-35 1.0000000180025095e-35
decision_type=2 2 2 2 2 2 2 2 2 2 2 2 2 2
left_child=5 2 3 4 6 7 8 11 9 -2 -8 12 13 -1
right_child=1 -3 -4 -5 -6 -7 10 -9 -10 -11 -12 -13 -14 -15
leaf_value=-0.06890001346737 -0.057046054489316794 0.074298482545286482 0.071864193117666078 0.051131307063979108 0.080976556135392966 -0.019604346618326371 -0.0058242582012452623 0.022275821939125848 0.095553295277248873 0.077225475937782728 0.081394365250144693 0.023262685848173762 -0.042974696317422074 0.078902846111001859
leaf_weight=307.80270649492741 67.347538590431213 286.49681580066681 44.86359041929245 40.96078597009182 11.535065412521361 60.833776250481606 57.292331531643867 7.738386243581771 2.5725877285003653 2.9390308856964102 5.4977618455886832 4.6239284723997107 65.689804196357727 1.5596331357955922
leaf_count=2103 405 505 82 99 19 290 247 28 4 5 9 18 403 4
internal_value=-0.000554607 0.0467435 0.0128631 -0.00120585 -0.0157711 -0.0553716 -0.0239981 -0.0609879 -0.0462416 -0.0514315 0.00181241 -0.062685 -0.0637446 -0.0681549
internal_weight=967.754 519.506 233.009 188.145 147.184 448.248 135.649 387.414 72.8592 70.2866 62.7901 379.676 375.052 309.362
internal_count=4221 1375 870 788 689 2846 670 2556 414 410 256 2528 2510 2107
is_linear=0
shrinkage=0.05


Tree=9
num_leaves=15
num_cat=0
split_feature=293 52 57 61 285 252 282 64 71 286 260 242 112 281
split_gain=910.15 158.84 55.4108 38.2624 35.434 31.5098 26.4477 22.6779 16.5422 14.508 13.3049 12.6359 10.7131 9.87729
threshold=1.0000000180025095e-35 1.0000000180025095e-35 1.0000000180025095e-35 1.0000000180025095e-35 1.5000000000000002 1.0000000180025095e-35 1.0000000180025095e-35 1.0000000180025095e-35 1.0000000180025095e-35 1.0000000180025095e-35 1.0000000180025095e-35 1.0000000180025095e-35 1.0000000180025095e-35 1.0000000180025095e-35
decision_type=2 2 2 2 2 2 2 2 2 2 2 2 2 2
left_child=4 2 3 5 6 7 8 -2 12 -8 -4 -7 -1 -11
right_child=1 -3 10 -5 -6 11 9 -9 -10 13 -12 -13 -14 -15
leaf_value=-0.061796084066448403 0.040735962582751438 0.072336733867615161 -0.079257111332190003 -0.052498637351201187 0.025613442916069595 -0.042432530431954177 -0.061905290211570645 -0.047555402545388814 0.02525318040498456 0.00013938626689945978 0.03365751658647332 0.058235921333969591 0.054780815958578956 -0.092979897962227387
leaf_weight=362.93802925944328 162.92173154652119 268.12983286380768 17.576151028275493 15.386789783835409 14.095055028796194 18.98062135279179 17.146127477288246 7.6127213984727851 5.6231929659843436 37.19806395471096 3.0636100918054572 3.7296933233737937 1.9815065264701832 3.0838103443384162
leaf_count=2480 463 486 122 91 51 107 105 41 21 156 11 9 8 20
internal_value=-0.000186355 0.0462091 0.0156533 0.0233846 -0.0523894 0.0294267 -0.0549584 0.0367946 -0.0598517 -0.0233855 -0.0624969 -0.0258998 -0.0611631 -0.00698943
internal_weight=939.467 497.401 229.271 208.632 442.066 193.245 427.971 170.534 370.543 57.428 20.6398 22.7103 364.92 40.2819
internal_count=4171 1330 844 711 2841 620 2790 504 2509 281 133 116 2488 176
is_linear=0
shrinkage=0.05


Tree=10
num_leaves=15
num_cat=0
split_feature=277 52 34 275 282 57 178 61 285 250 187 285 196 45
split_gain=844.165 161.666 70.1598 59.8497 46.6517 23.482 23.3602 17.6084 14.5542 13.6429 14.8348 13.5974 12.5404 13.0796
threshold=1.0000000180025095e-35 1.0000000180025095e-35 1.0000000180025095e-35 2.5000000000000004 1.0000000180025095e-35 1.0000000180025095e-35 1.0000000180025095e-35 1.0000000180025095e-35 1.5000000000000002 1.0000000180025095e-35 1.0000000180025095e-35 4.5000000000000009 1.0000000180025095e-35 1.0000000180025095e-35
decision_type=2 2 2 2 2 2 2 2 2 2 2 2 2 2
left_child=4 2 3 5 6 7 -1 9 12 10 -2 -12 13 -6
right_child=1 -3 -4 -5 8 -7 -8 -9 -10 -11 11 -13 -14 -15
leaf_value=-0.06091918778711497 0.030452020239561468 0.070699368906193799 0.070998953823621536 0.049587866188189771 -0.048199894821983252 -0.070335920687464956 -0.0050471354114470955 -0.063137885025068938 0.080562487905232558 0.071541192771150994 -0.031702834956050634 0.01368844954440372 0.029532072441061038 0.008442021359629388
leaf_weight=357.78520053625107 20.960981130599976 264.11161363124847 41.751085042953491 44.000280037522316 30.263046771287918 18.246849298477173 19.740188002586365 13.432814851403235 4.0606290996074668 5.9022800773382178 51.242779776453972 24.333552896976471 11.385956957936285 15.36735002696514
leaf_count=2501 66 492 77 107 173 126 86 85 8 11 272 87 39 62
internal_value=-0.00119762 0.0443328 0.0126608 -0.00101359 -0.0514388 -0.0176143 -0.0579977 -0.00931207 -0.010897 -0.00225394 -0.00676576 -0.0170881 -0.0174107 -0.0291241
internal_weight=922.585 483.982 219.871 178.12 438.602 134.119 377.525 115.872 61.077 102.44 96.5373 75.5763 57.0164 45.6304
internal_count=4192 1323 831 754 2869 647 2587 521 282 436 425 359 274 235
is_linear=0
shrinkage=0.05


Tree=11
num_leaves=15
num_cat=0
split_feature=52 34 178 37 69 275 196 129 61 112 164 71 51 145
split_gain=712.096 174.19 172.124 41.9991 40.5554 29.6392 25.2584 14.559 12.9682 12.4528 10.4895 9.69261 9.28489 9.65588
threshold=1.0000000180025095e-35 1.0000000180025095e-35 1.0000000180025095e-35 1.0000000180025095e-35 1.0000000180025095e-35 2.5000000000000004 1.0000000180025095e-35 1.0000000180025095e-35 1.0000000180025095e-35 1.0000000180025095e-35 1.0000000180025095e-35 1.0000000180025095e-35 1.0000000180025095e-35 1.0000000180025095e-35
decision_type=2 2 2 2 2 2 2 2 2 2 2 2 2 2
left_child=1 2 3 4 6 8 7 9 -4 10 11 12 13 -1
right_child=-2 -3 5 -5 -6 -7 -8 -9 -10 -11 -12 -13 -14 -15
leaf_value=-0.06232921634563067 0.068990219946395731 0.068052191539116999 0.0077856735585296591 0.077436235640187354 0.075430308395462123 0.053511568019851664 0.029296987249632929 0.068677909046196597 -0.04779863526547333 0.026352880573492162 0.0026848677396472814 0.010484211149689509 0.069364270772391448 -0.0445002789444
leaf_weight=331.46500514447689 264.72749289870262 43.679652005434036 80.862590074539185 6.4430566430091849 6.2481604218482962 36.954619258642197 9.1785354912281019 2.386700525879859 12.058181464672087 4.6391506046056739 7.4879859089851371 5.2568796724081031 1.4302047491073597 98.511874288320541
leaf_count=2365 509 84 320 11 11 85 31 6 74 19 35 22 3 620
internal_value=-8.4743e-05 -0.0283649 -0.03535 -0.0493482 -0.0510989 0.0156358 -0.0528162 -0.0544867 0.000572586 -0.0551416 -0.0559929 -0.0569991 -0.0578214 -0.0582444
internal_weight=911.33 646.603 602.923 473.048 466.604 129.875 460.356 451.178 92.9208 448.791 444.152 436.664 431.407 429.977
internal_count=4195 3686 3602 3123 3112 479 3101 3070 394 3064 3045 3010 2988 2985
is_linear=0
shrinkage=0.05


Tree=12
num_leaves=15
num_cat=0
split_feature=52 34 285 37 275 282 285 71 286 61 112 145 285 59
split_gain=683.006 157.151 164.115 48.4964 35.7362 26.7441 19.7477 20.1233 18.0819 12.9431 9.56066 9.23024 10.0238 9.40438
threshold=1.0000000180025095e-35 1.0000000180025095e-35 1.5000000000000002 1.0000000180025095e-35 2.5000000000000004 1.0000000180025095e-35 1.0000000180025095e-35 1.0000000180025095e-35 1.0000000180025095e-35 1.0000000180025095e-35 1.0000000180025095e-35 1.0000000180025095e-35 4.5000000000000009 1.0000000180025095e-35
decision_type=2 2 2 2 2 2 2 2 2 2 2 2 2 2
left_child=1 2 3 5 9 6 7 10 -7 11 -1 12 -4 -14
right_child=-2 -3 4 -5 -6 8 -8 -9 -10 -11 -12 -13 13 -15
leaf_value=-0.061194208454624893 0.067989374040767533 0.06777211918663599 -0.031978699866632071 0.07485262991098085 0.056656751117149143 -0.060564578000857128 -0.027534627967428144 0.028845263904962917 -0.0012741374632050388 -0.047778690141416336 0.04497520546504355 0.046201006577731442 0.048036686893801278 -0.0057045993906225693
leaf_weight=338.15812306106091 262.08984780311584 40.129975974559784 17.957323089241982 7.9519593715667716 40.051385149359703 18.316948145627975 58.788228064775467 6.4170031249523154 43.157839804887772 12.627620503306387 2.1338358223438254 12.476290240883825 12.83513307571411 22.256552115082741
leaf_count=2482 517 78 92 14 89 117 344 23 185 79 9 35 35 89
internal_value=0.000107828 -0.0279867 -0.0344655 -0.0475867 0.0182532 -0.0496717 -0.0543307 -0.0588743 -0.0189402 -0.00142763 -0.0605285 0.00750486 -0.00159587 0.0139518
internal_weight=895.348 633.258 593.128 474.924 118.204 466.972 405.497 346.709 61.4748 78.1529 340.292 65.5253 53.049 35.0917
internal_count=4188 3671 3593 3174 419 3160 2858 2514 302 330 2491 251 216 124
is_linear=0
shrinkage=0.05


Tree=13
num_leaves=15
num_cat=0
split_feature=293 52 57 285 252 61 264 71 267 64 59 275 275 165
split_gain=717.579 127.145 44.838 33.0329 23.713 25.8333 22.2388 17.4134 16.4642 14.3465 17.1603 27.4913 11.8715 10.7751
threshold=1.0000000180025095e-35 1.0000000180025095e-35 1.0000000180025095e-35 1.5000000000000002 1.0000000180025095e-35 1.0000000180025095e-35 1.0000000180025095e-35 1.0000000180025095e-35 1.0000000180025095e-35 1.0000000180025095e-35 1.0000000180025095e-35 1.5000000000000002 2.5000000000000004 1.0000000180025095e-35
decision_type=2 2 2 2 2 2 2 2 2 2 2 2 2 2
left_child=3 2 4 6 5 9 7 -1 -8 10 -2 -12 -13 -11
right_child=1 -3 -4 -5 -6 -7 8 -9 -10 13 11 12 -14 -15
leaf_value=-0.057257061723696795 0.049673396094538358 0.06686440974371409 -0.055189901419697512 0.02717021493646429 -0.027082804236711073 -0.035660296296720809 -0.011136060631294686 0.035324647162927589 -0.054516025697672721 -0.085338815084383735 -0.059658189778713393 0.0080326864479794546 0.057108132163071347 0.029035564459798047
leaf_weight=302.53762270510197 101.50832726061344 259.7431523501873 20.374215975403786 14.662947073578833 21.5174850076437 14.498363673686979 57.110002622008324 5.1656608432531348 35.449712067842484 4.289029121398924 10.022713497281073 26.155352622270584 23.301303997635841 3.9608906209468842
leaf_count=2250 264 528 142 52 116 87 302 18 256 29 61 100 51 14
internal_value=0.00174093 0.0430134 0.0155561 -0.0465387 0.0225786 0.0283945 -0.0492389 -0.0557028 -0.0277503 0.033882 0.0371775 0.0158518 0.0311544 -0.0304262
internal_weight=900.297 485.371 225.628 414.926 205.253 183.736 400.263 307.703 92.5597 169.238 160.988 59.4794 49.4567 8.24992
internal_count=4270 1392 864 2878 722 606 2826 2268 558 519 476 212 151 43
is_linear=0
shrinkage=0.05


Tree=14
num_leaves=15
num_cat=0
split_feature=293 57 59 275 61 285 196 181 64 291 252 129 260 71
split_gain=601.251 68.5769 67.0031 52.2323 46.6347 39.6892 27.9625 27.8918 22.8116 21.1013 18.2558 12.9937 10.9786 10.8139
threshold=1.0000000180025095e-35 1.0000000180025095e-35 1.0000000180025095e-35 2.5000000000000004 1.0000000180025095e-35 1.5000000000000002 1.0000000180025095e-35 1.0000000180025095e-35 1.0000000180025095e-35 1.0000000180025095e-35 1.0000000180025095e-35 1.0000000180025095e-35 1.0000000180025095e-35 1.0000000180025095e-35
decision_type=2 2 2 2 2 2 2 2 2 2 2 2 2 2
left_child=5 2 4 9 7 6 10 8 -2 -4 11 13 -3 -1
right_child=1 12 3 -5 -6 -7 -8 -9 -10 -11 -12 -13 -14 -15
leaf_value=-0.052314018105362875 0.060420448194794876 -0.061539465747318028 -0.057605664989109157 0.055838808446789318 -0.033370762652903757 0.033945060407996552 0.030992502643529631 -0.044419109944985088 -0.01968514341448771 0.013589224434460251 0.090797084243786907 0.065648144272373754 0.044048321168364782 0.014786662635976781
leaf_weight=363.3769506663084 335.29318776726723 18.624974563717846 29.547241851687431 26.401246383786201 15.114576041698454 15.656258597970007 11.086105749011038 6.7383282333612433 9.1292680054903013 16.067075356841087 2.3016757518053046 2.3943891227245322 2.8368176817893973 6.105251044034957
leaf_count=2700 758 137 184 59 91 52 37 39 45 55 7 6 10 24
internal_value=0.000657844 0.0396831 0.0439562 -0.000132406 0.0526248 -0.0440941 -0.0472654 0.0563262 0.0582972 -0.0325282 -0.049584 -0.0504529 -0.0475829 -0.0512053
internal_weight=860.673 459.753 438.291 72.0156 366.275 400.921 385.264 351.161 344.422 45.6143 374.178 371.877 21.4618 369.482
internal_count=4204 1378 1231 298 933 2826 2774 842 803 239 2737 2730 147 2724
is_linear=0
shrinkage=0.05


Tree=15
num_leaves=15
num_cat=0
split_feature=293 57 59 61 282 277 181 64 178 127 286 260 112 165
split_gain=610.232 62.1513 46.4651 45.5362 39.6544 36.5555 31.6906 24.4261 16.7498 13.5244 13.4645 10.6382 10.0112 9.3303
threshold=1.0000000180025095e-35 1.0000000180025095e-35 1.0000000180025095e-35 1.0000000180025095e-35 1.0000000180025095e-35 1.5000000000000002 1.0000000180025095e-35 1.0000000180025095e-35 1.0000000180025095e-35 1.0000000180025095e-35 3.5000000000000004 1.0000000180025095e-35 1.0000000180025095e-35 1.0000000180025095e-35
decision_type=2 2 2 2 2 2 2 2 2 2 2 2 2 2
left_child=4 2 3 6 8 -4 7 -2 9 10 12 -3 -1 -9
right_child=1 11 5 -5 -6 -7 -8 13 -10 -11 -12 -13 -14 -15
leaf_value=-0.056980199511127164 0.059002908128995668 -0.062938309026643061 -0.035761725884805917 -0.034371217497671532 -0.0073852611054867415 0.036032606220525142 -0.060794338301556922 -0.063823720990771757 -0.0046035074642934116 0.096488299891140994 0.052674213602811715 0.041611280072561013 0.056146020185309065 0.036268249926934601
leaf_weight=305.67054732888937 335.92491912096739 16.553171396255497 29.211903363466263 14.922228336334227 59.146415621042252 45.109199717640877 5.8300068974494925 5.5721680521965009 17.751938506960869 1.4754145592451084 2.8632032722234717 2.8523909896612158 1.9682755768299092 3.9994203150272369
leaf_count=2435 778 127 169 90 282 126 38 35 79 4 10 10 8 13
internal_value=0.00102282 0.0400026 0.0438599 0.0511746 -0.0450838 0.00781385 0.0548081 0.0567588 -0.0518462 -0.0545343 -0.0552519 -0.0475707 -0.0562564 -0.022001
internal_weight=848.851 459.975 440.57 366.249 388.876 74.3211 351.327 345.497 329.729 311.977 310.502 19.4056 307.639 9.57159
internal_count=4204 1386 1249 954 2818 295 864 826 2536 2457 2453 137 2443 48
is_linear=0
shrinkage=0.05


Tree=16
num_leaves=15
num_cat=0
split_feature=52 293 34 282 242 37 272 285 69 71 231 187 59 164
split_gain=525.434 129.253 44.6532 36.3694 28.8138 28.5501 20.3021 16.9024 16.5448 13.4357 13.2833 12.1649 12.0019 11.7849
threshold=1.0000000180025095e-35 1.0000000180025095e-35 1.0000000180025095e-35 1.0000000180025095e-35 1.0000000180025095e-35 1.0000000180025095e-35 1.0000000180025095e-35 1.5000000000000002 1.0000000180025095e-35 1.0000000180025095e-35 1.0000000180025095e-35 1.0000000180025095e-35 1.0000000180025095e-35 1.0000000180025095e-35
decision_type=2 2 2 2 2 2 2 2 2 2 2 2 2 2
left_child=1 3 4 7 5 6 8 9 10 13 11 12 -3 -1
right_child=-2 2 -4 -5 -6 -7 -8 -9 -10 -11 -12 -13 -14 -15
leaf_value=-0.053714156814685554 0.063679924107451741 0.023434693154614675 0.060791662223281417 -0.006920589025316397 0.039502250744619133 0.070295773552521895 0.022057433578519546 0.012685359456450152 0.073160043741263531 0.025504770134841339 0.054402317182549703 -0.04575103520225221 -0.085736291520100497 0.024923997577421388
leaf_weight=307.83625403791666 227.82877580076456 12.899702385067942 32.429209321737289 60.71142141520977 31.680308565497398 9.4406722784042341 23.406480625271797 10.729347854852675 3.7685835361480704 5.6198812425136557 4.1051863580942145 76.995279975235462 3.1279877871274939 4.8391988128423682
leaf_count=2495 510 49 72 290 89 18 73 42 7 21 10 486 21 21
internal_value=-0.000777284 -0.0257696 0.00714338 -0.0424782 -0.00337365 -0.0135298 -0.0198962 -0.0490392 -0.0296288 -0.0511199 -0.0336171 -0.0375014 0.00212872 -0.0524971
internal_weight=815.418 587.59 197.853 389.736 165.424 133.744 124.303 329.025 100.897 318.295 97.1282 93.023 16.0277 312.675
internal_count=4204 3694 825 2869 753 664 646 2579 573 2537 566 556 70 2516
is_linear=0
shrinkage=0.05


Tree=17
num_leaves=15
num_cat=0
split_feature=293 52 34 285 282 37 275 285 71 250 127 51 285 112
split_gain=483.871 117.179 36.8752 35.2722 34.5492 30.4897 17.4453 16.2982 16.2548 15.8623 12.7648 11.5934 9.76402 9.46084
threshold=1.0000000180025095e-35 1.0000000180025095e-35 1.0000000180025095e-35 3.5000000000000004 1.0000000180025095e-35 1.0000000180025095e-35 2.5000000000000004 1.0000000180025095e-35 1.0000000180025095e-35 1.0000000180025095e-35 1.0000000180025095e-35 1.0000000180025095e-35 1.5000000000000002 1.0000000180025095e-35
decision_type=2 2 2 2 2 2 2 2 2 2 2 2 2 2
left_child=4 2 3 5 7 9 -5 8 10 11 13 -2 -6 -1
right_child=1 -3 -4 6 12 -7 -8 -9 -10 -11 -12 -13 -14 -15
leaf_value=-0.054141294992262438 -0.039517737786050694 0.062466725671654046 0.05955138308758387 0.0065572218311152914 -0.010615968783350858 0.068240288562813861 0.052913390764736917 -0.017822852901313132 0.038180801094233781 0.071018958417161535 0.093261562226477912 0.086134822918674483 0.066509857313685514 0.055770436255017236
leaf_weight=275.25683937966824 72.763105779886246 219.6966342702508 31.775207430124283 56.159753695130348 53.295357882976532 8.5128384232521039 31.781079605221748 42.665586069226265 5.0226720273494712 3.6062720417976371 1.4924302548170079 1.8832308053970326 4.4459669739007941 1.971884787082671
leaf_count=2318 456 511 73 230 264 17 74 262 17 7 4 3 10 8
internal_value=0.000366959 0.0370495 0.0100056 0.000994282 -0.0403288 -0.0216237 0.02331 -0.0466355 -0.0509679 -0.0313997 -0.0525744 -0.0363477 -0.00467743 -0.0533595
internal_weight=810.329 426.178 206.481 174.706 384.151 86.7654 87.9408 326.409 283.744 78.2526 278.721 74.6463 57.7413 277.229
internal_count=4254 1371 860 787 2883 483 304 2609 2347 466 2330 459 274 2326
is_linear=0
shrinkage=0.05


Tree=18
num_leaves=15
num_cat=0
split_feature=293 52 34 277 37 282 252 242 285 127 69 51 187 175
split_gain=472.149 111.299 39.2562 37.6936 30.8619 21.1665 13.46 12.9737 12.8001 11.3882 10.9521 11.5103 12.1559 9.96798
threshold=1.0000000180025095e-35 1.0000000180025095e-35 1.0000000180025095e-35 1.5000000000000002 1.0000000180025095e-35 1.0000000180025095e-35 1.0000000180025095e-35 1.0000000180025095e-35 1.0000000180025095e-35 1.0000000180025095e-35 1.0000000180025095e-35 1.0000000180025095e-35 1.0000000180025095e-35 1.0000000180025095e-35
decision_type=2 2 2 2 2 2 2 2 2 2 2 2 2 2
left_child=5 2 3 4 7 8 -7 10 9 -1 11 12 -2 -14
right_child=1 -3 -4 -5 -6 6 -8 -9 -10 -11 -12 -13 13 -15
leaf_value=-0.050370529546483078 0.0053143333772684275 0.061743228047015888 0.059167659344565131 0.036530905627472965 0.06759808497813434 -0.01736006623984895 0.11601642324367789 0.024810495881705853 -0.019360783244181803 0.086615808121961443 0.066835574321270061 0.071147288448538432 -0.055785859705325319 -0.016383580896487341
leaf_weight=272.7658039778471 15.358999595046042 215.8849530518055 34.030579656362534 50.395386584103107 10.304239958524702 55.917544737458229 1.9578127712011326 12.565195977687834 40.087238200008869 1.5256733298301686 2.8778257966041556 2.6179452985525122 51.552513927221298 23.308196574449539
leaf_count=2328 66 520 80 140 21 285 4 42 251 4 6 5 366 119
internal_value=0.000338437 0.0367506 0.0101731 0.000306162 -0.0150884 -0.040636 -0.0128482 -0.022957 -0.0457516 -0.0496086 -0.0292278 -0.0322056 -0.0352046 -0.0435178
internal_weight=791.15 418.896 203.011 168.98 118.585 372.254 57.8754 108.281 314.379 274.291 95.7155 92.8377 90.2197 74.8607
internal_count=4237 1365 845 765 625 2872 289 604 2583 2332 562 556 551 485
is_linear=0
shrinkage=0.05


Tree=19
num_leaves=15
num_cat=0
split_feature=293 52 34 285 37 145 164 69 129 275 285 178 112 252
split_gain=432.353 98.0375 37.0541 27.7565 30.1213 21.1424 22.5722 18.6394 17.7474 13.5979 13.5035 13.3918 12.7706 12.8365
threshold=1.0000000180025095e-35 1.0000000180025095e-35 1.0000000180025095e-35 3.5000000000000004 1.0000000180025095e-35 1.0000000180025095e-35 1.0000000180025095e-35 1.0000000180025095e-35 1.0000000180025095e-35 2.5000000000000004 1.5000000000000002 1.0000000180025095e-35 1.0000000180025095e-35 1.0000000180025095e-35
decision_type=2 2 2 2 2 2 2 2 2 2 2 2 2 2
left_child=5 2 3 4 7 6 8 -2 10 -5 12 -7 13 -1
right_child=1 -3 -4 9 -6 11 -8 -9 -10 -11 -12 -13 -14 -15
leaf_value=-0.053521410405072058 -0.034784798068510404 0.060790426186939632 0.058492912147559278 0.0086408513679846286 0.06624213525769114 -0.023209394454735414 0.053722327635492395 0.067522591240946228 0.072645775206900673 0.052271096560784172 0.0076631661943384558 0.047760880943253016 0.032715294058954861 0.093974685799388682
leaf_weight=246.3878897279501 71.233852975070477 207.06640787422657 35.107789918780327 54.571027040481567 9.4550823569297773 85.269496612250805 5.6284932494163504 4.7488196790218344 3.0403814911842337 26.544915832579136 10.159810215234755 7.20898513495922 4.4612350612878791 1.4839959070086468
leaf_count=2153 449 518 85 220 20 585 20 10 7 63 42 23 18 4
internal_value=0.00133893 0.0366244 0.0118106 0.0019705 -0.017918 -0.0383216 -0.0453623 -0.0283907 -0.0474626 0.0229187 -0.0488537 -0.017677 -0.0511293 -0.0526384
internal_weight=772.368 408.728 201.661 166.554 85.4378 363.64 271.162 75.9827 265.533 81.1159 262.493 92.4785 252.333 247.872
internal_count=4217 1365 847 762 479 2852 2244 459 2224 283 2217 608 2175 2157
is_linear=0
shrinkage=0.05


Tree=20
num_leaves=15
num_cat=0
split_feature=293 52 34 282 275 37 69 285 187 146 59 181 196 285
split_gain=385.995 104.518 36.1753 34.7416 25.2319 20.252 12.913 11.6864 16.9129 12.697 12.0104 10.0536 9.93456 11.3621
threshold=1.0000000180025095e-35 1.0000000180025095e-35 1.0000000180025095e-35 1.0000000180025095e-35 2.5000000000000004 1.0000000180025095e-35 1.0000000180025095e-35 4.5000000000000009 1.0000000180025095e-35 1.0000000180025095e-35 1.0000000180025095e-35 1.0000000180025095e-35 1.0000000180025095e-35 1.5000000000000002
decision_type=2 2 2 2 2 2 2 2 2 2 2 2 2 2
left_child=3 2 4 11 5 6 7 8 10 -10 -2 -1 13 -5
right_child=1 -3 -4 12 -6 -7 -8 -9 9 -11 -12 -13 -14 -15
leaf_value=-0.046461721230339384 0.039084048097980495 0.060293642992601329 0.057089384031231927 -0.021378017766339099 0.035304462773584115 0.065511832655405541 0.067793133958695406 0.0021943117935477488 -0.052811210414935778 0.014243240908235389 -0.080726047367461251 0.043806680098951029 0.038212054486053589 0.062915110168291363
leaf_weight=286.86864846199751 11.453448936343191 192.58118707686663 31.411694169044495 42.799193054437637 35.827413365244865 7.8180155456066123 4.2593504190444937 36.654876932501793 52.309005163609982 8.1611588969826681 2.559127375483512 3.1180766671895972 11.559862390160559 4.4096130579709998
leaf_count=2511 36 499 79 234 103 17 9 152 371 40 18 14 37 10
internal_value=-0.000330562 0.0343199 0.00805601 -0.0383869 -0.00162834 -0.0123673 -0.0176436 -0.0209179 -0.0322921 -0.0437614 0.017203 -0.0454911 -0.00333178 -0.0135045
internal_weight=731.791 383.035 190.454 348.755 159.042 123.215 115.397 111.138 74.4827 60.4702 14.0126 289.987 58.7687 47.2088
internal_count=4130 1324 825 2806 746 643 626 617 465 411 54 2525 281 244
is_linear=0
shrinkage=0.05


Tree=21
num_leaves=15
num_cat=0
split_feature=293 52 178 57 282 275 252 61 234 252 181 278 127 71
split_gain=362.708 94.1628 30.0365 27.4877 18.0264 16.4229 14.7643 16.2362 12.6703 11.7469 11.0495 10.1825 9.62626 9.5776
threshold=1.0000000180025095e-35 1.0000000180025095e-35 1.0000000180025095e-35 1.0000000180025095e-35 1.0000000180025095e-35 2.5000000000000004 1.0000000180025095e-35 1.0000000180025095e-35 1.0000000180025095e-35 1.0000000180025095e-35 1.0000000180025095e-35 1.5000000000000002 1.0000000180025095e-35 1.0000000180025095e-35
decision_type=2 2 2 2 2 2 2 2 2 2 2 2 2 2
left_child=2 3 4 5 8 6 7 10 11 -6 -2 12 13 -1
right_child=1 -3 -4 -5 9 -7 -8 -9 -10 -11 -12 -13 -14 -15
leaf_value=-0.04930247564345952 0.022475761643446349 0.059584645812887554 0.018739086732590428 -0.054145936434325873 -0.018079789148195243 0.043868214359947387 -0.036744974476714799 -0.041437561984085616 0.053520427076770488 0.10471642271432369 -0.073021235972761264 0.074018919804936634 0.072421453986379475 0.022181349460547742
leaf_weight=260.61374261975288 101.93182317912579 188.55178122222424 23.232400119304657 15.511627353727816 50.742027342319489 39.045737616717815 16.84880655258894 12.138924971222876 3.2054374888539305 2.0253117233514777 3.1217916607856742 1.7418810054659832 1.6695103794336308 4.7715655118226996
leaf_count=2424 372 508 93 129 267 105 110 82 18 4 24 8 5 19
internal_value=0.000630287 0.0345981 -0.0361827 0.00961776 -0.0401115 0.0153321 0.00701964 0.0133117 -0.0452999 -0.0133666 0.019638 -0.0464783 -0.0472643 -0.0480172
internal_weight=725.152 377.15 348.002 188.599 324.769 173.087 134.041 117.193 272.002 52.7673 105.054 268.797 267.055 265.385
internal_count=4168 1330 2838 822 2745 693 588 478 2474 271 396 2456 2448 2443
is_linear=0
shrinkage=0.05


Tree=22
num_leaves=15
num_cat=0
split_feature=293 57 59 61 277 287 64 129 181 278 112 145 205 164
split_gain=339.039 39.6284 35.8227 27.3439 25.7997 23.7746 22.3557 20.714 17.9786 16.2639 13.8499 9.21943 13.6485 12.4057
threshold=1.0000000180025095e-35 1.0000000180025095e-35 1.0000000180025095e-35 1.0000000180025095e-35 1.5000000000000002 1.5000000000000002 1.0000000180025095e-35 1.0000000180025095e-35 1.0000000180025095e-35 1.5000000000000002 1.0000000180025095e-35 1.0000000180025095e-35 1.0000000180025095e-35 1.0000000180025095e-35
decision_type=2 2 2 2 2 2 2 2 2 2 2 2 2 2
left_child=5 2 3 6 -4 7 8 9 -2 11 -7 12 13 -1
right_child=1 -3 4 -5 -6 10 -8 -9 -10 -11 -12 -13 -14 -15
leaf_value=-0.048623714403207806 0.052643835314340665 -0.039004150499446194 -0.033368244079090198 -0.021385407293833078 0.030410759332997219 -0.0075995429582100746 -0.030821727005098054 0.10151052992168613 -0.048521728397813865 0.14967935441848337 0.095295919931630446 -0.024757164685460166 0.1180196001645214 0.037730415931177014
leaf_weight=228.23012319207191 266.66486672312021 17.74967822432518 27.028055980801582 14.752694353461264 38.361049592494965 35.177355326712132 8.6182236075401288 2.5776002407073966 4.4652122259140006 1.1160015165805806 3.6055417805910102 64.11196356266737 1.2590341567993153 4.2362583056092253
leaf_count=2122 768 143 170 90 115 196 49 4 31 2 9 489 2 17
internal_value=0.00131156 0.0339288 0.0375259 0.044959 0.00404823 -0.0348832 0.0484577 -0.0396228 0.0509778 -0.0408397 0.00196637 -0.0415535 -0.0461609 -0.0470501
internal_weight=717.954 377.64 359.89 294.501 65.3891 340.314 279.748 301.531 271.13 298.953 38.7829 297.837 233.725 232.466
internal_count=4207 1366 1223 938 285 2841 848 2636 799 2632 205 2630 2141 2139
is_linear=0
shrinkage=0.05


Tree=23
num_leaves=15
num_cat=0
split_feature=52 178 34 276 71 282 145 69 286 54 164 183 51 34
split_gain=318.177 91.6952 57.8035 18.3508 15.9504 16.4398 13.1834 12.9732 11.4006 9.86103 9.83263 9.96452 7.99486 7.64222
threshold=1.0000000180025095e-35 1.0000000180025095e-35 1.0000000180025095e-35 1.0000000180025095e-35 1.0000000180025095e-35 1.0000000180025095e-35 1.0000000180025095e-35 1.0000000180025095e-35 1.0000000180025095e-35 1.0000000180025095e-35 1.0000000180025095e-35 1.0000000180025095e-35 1.0000000180025095e-35 1.0000000180025095e-35
decision_type=2 2 2 2 2 2 2 2 2 2 2 2 2 2
left_child=1 2 4 6 5 7 9 10 -7 13 11 12 -1 -3
right_child=-2 3 -4 -5 -6 8 -8 -9 -10 -11 -12 -13 -14 -15
leaf_value=-0.047185284322142237 0.058224133870442708 -0.0075966719845325485 0.050576654934617465 0.063382863870078715 0.028903215460511136 -0.048201352336829983 0.042051443563557833 0.062781560992903593 0.0030863323201963263 0.071347360358224407 0.015409966208776799 0.012326034840750066 0.081123869775714508 0.061257643341817651
leaf_weight=282.16774646192789 176.47229292988777 76.68909203261137 20.093633696436882 18.26257860660553 9.0730876326560956 15.44220384210348 23.925682231783867 2.8857164382934561 36.320147037506104 4.5913016200065604 6.8624771758913985 7.3521807193756095 1.2192927598953236 4.2534401118755332
leaf_count=2675 512 363 57 40 33 108 73 7 161 9 34 44 2 11
internal_value=0.000368583 -0.0196847 -0.0319636 0.0169837 -0.0365538 -0.0382398 0.00924233 -0.0427229 -0.0122143 6.48994e-05 -0.043746 -0.0451423 -0.0466332 -0.00397845
internal_weight=685.611 509.139 381.416 127.722 361.323 352.25 109.46 300.487 51.7624 85.5338 297.602 290.739 283.387 80.9425
internal_count=4129 3617 3121 496 3064 3031 456 2762 269 383 2755 2721 2677 374
is_linear=0
shrinkage=0.05


Tree=24
num_leaves=15
num_cat=0
split_feature=293 52 34 282 277 37 276 285 285 127 91 164 231 281
split_gain=303.96 87.7289 26.8874 25.3948 19.9595 17.4463 16.1552 12.0855 10.8858 10.9785 8.77675 8.38064 8.35936 8.03811
threshold=1.0000000180025095e-35 1.0000000180025095e-35 1.0000000180025095e-35 1.0000000180025095e-35 2.5000000000000004 1.0000000180025095e-35 1.0000000180025095e-35 4.5000000000000009 1.0000000180025095e-35 1.0000000180025095e-35 1.0000000180025095e-35 1.0000000180025095e-35 1.0000000180025095e-35 1.0000000180025095e-35
decision_type=2 2 2 2 2 2 2 2 2 2 2 2 2 2
left_child=3 2 4 8 5 6 7 12 9 -1 13 -10 -2 -5
right_child=1 -3 -4 10 -6 -7 -8 -9 11 -11 -12 -13 -14 -15
leaf_value=-0.046860371280601276 -0.030867332493528271 0.057809134713413805 0.053916029836678619 0.0058873327459992401 0.06045316236436496 0.063810718081513465 0.041529810972926205 0.0045174155064392476 -0.022359862705957204 0.088028845469786399 -0.060458270708010325 0.078126311255229397 0.060835705915835828 -0.078439670309599321
leaf_weight=226.53555359691381 72.814954034984112 169.2220181375742 27.185152858495712 49.567515321075916 12.595557406544684 8.6236648857593519 13.918858982622622 47.238068029284477 32.705990575253963 1.5185557305812825 6.5119225680828086 2.2154912650585166 2.5729228705167762 2.9967744946479788
leaf_count=2286 473 510 77 229 29 20 38 193 233 4 43 5 6 21
internal_value=-0.000172488 0.0317936 0.00799032 -0.0353267 7.66161e-05 -0.00516196 -0.00951802 -0.0153123 -0.0419814 -0.0459622 -0.00570357 -0.0159848 -0.0277376 0.00107972
internal_weight=676.223 354.171 184.949 322.052 157.764 145.168 136.545 122.626 262.976 228.054 59.0762 34.9215 75.3879 52.5643
internal_count=4167 1346 836 2821 759 730 710 672 2528 2290 293 238 479 250
is_linear=0
shrinkage=0.05


Tree=25
num_leaves=15
num_cat=0
split_feature=52 293 178 275 252 37 145 69 285 71 197 286 41 61
split_gain=293.167 83.3885 24.9521 14.4805 14.3058 13.0904 11.0022 8.71926 8.01614 8.13693 7.72961 7.56647 7.3957 7.98347
threshold=1.0000000180025095e-35 1.0000000180025095e-35 1.0000000180025095e-35 2.5000000000000004 1.0000000180025095e-35 1.0000000180025095e-35 1.0000000180025095e-35 1.0000000180025095e-35 1.5000000000000002 1.0000000180025095e-35 1.0000000180025095e-35 3.5000000000000004 1.0000000180025095e-35 1.0000000180025095e-35
decision_type=2 2 2 2 2 2 2 2 2 2 2 2 2 2
left_child=1 2 4 5 6 7 8 12 9 10 11 -1 13 -3
right_child=-2 3 -4 -5 -6 -7 -8 -9 -10 -11 -12 -13 -14 -15
leaf_value=-0.050530040797804765 0.057094770084773205 0.0022658080441343323 0.015337948956710168 0.036419066254317851 0.062718422058000975 0.063071392290403469 -0.023462588274735099 0.065785607581346661 0.055288516276671855 0.015071497483191882 0.027006688163799492 0.046393107559179463 -0.047459718766286983 -0.040472597203703227
leaf_weight=203.01954445242882 166.77325695753098 109.59424697607756 22.78786963224411 35.209950715303421 3.4173293933272353 7.9336642920970908 73.367329068481922 4.4555221796035758 1.9403951466083516 5.1851853579282752 3.3493082076311103 2.0337945297360411 9.6543286740779859 12.136945582926272
leaf_count=2127 524 537 94 107 11 19 561 10 8 22 13 8 68 84
internal_value=-0.000225891 -0.0195739 -0.0350551 0.00768068 -0.0389836 0.000642746 -0.0401866 -0.00300334 -0.0458796 -0.0467987 -0.0483381 -0.0495687 -0.0053361 -0.00199533
internal_weight=660.859 494.085 315.101 178.985 292.313 143.775 288.896 135.841 215.528 213.588 208.403 205.053 131.386 121.731
internal_count=4193 3669 2844 825 2750 718 2739 699 2178 2170 2148 2135 689 621
is_linear=0
shrinkage=0.05


Tree=26
num_leaves=15
num_cat=0
split_feature=277 57 59 285 64 277 181 231 282 127 178 286 275 267
split_gain=260.812 37.027 28.5608 23.7868 21.8149 17.757 15.7048 15.4719 14.924 10.0439 8.13382 7.16269 9.7897 8.47954
threshold=1.0000000180025095e-35 1.0000000180025095e-35 1.0000000180025095e-35 1.5000000000000002 1.0000000180025095e-35 1.5000000000000002 1.0000000180025095e-35 1.0000000180025095e-35 1.0000000180025095e-35 1.0000000180025095e-35 1.0000000180025095e-35 1.0000000180025095e-35 2.5000000000000004 1.0000000180025095e-35
decision_type=2 2 2 2 2 2 2 2 2 2 2 2 2 2
left_child=3 2 4 8 6 -4 10 -6 9 -1 -2 12 -10 -13
right_child=1 -3 5 -5 7 -7 -8 -9 11 -11 -12 13 -14 -15
leaf_value=-0.043020032273062295 0.0505608501591365 -0.045529890536619114 -0.027644001756078188 0.024243502933958157 -0.071384319038319918 0.025895213335334785 -0.049326060350904539 0.08282156270942409 -0.052690178020781797 0.085455607802430611 0.029809177917784858 0.0078183071207934256 0.084591629959182124 -0.077049290817037597
leaf_weight=243.08702650666237 180.49802318960428 15.63512337207794 26.88134653866291 16.707577399909496 6.9725874662399274 36.536382228136063 4.4810991659760466 2.1215166449546814 14.485025636851786 1.5308281928300846 63.950420916080475 32.051845356822014 1.4265155643224705 3.2408587485551825
leaf_count=2533 602 138 171 59 50 115 33 4 108 4 248 138 3 23
internal_value=-0.000897282 0.0296091 0.0332639 -0.0337997 0.0406528 0.00320115 0.0434316 -0.0354104 -0.0370779 -0.042216 0.045132 -0.0125314 -0.0403825 2.50846e-05
internal_weight=649.606 337.076 321.441 312.53 258.024 63.4177 248.93 9.0941 295.822 244.618 244.448 51.2042 15.9115 35.2927
internal_count=4229 1361 1223 2868 937 286 883 54 2809 2537 850 272 111 161
is_linear=0
shrinkage=0.05


Tree=27
num_leaves=15
num_cat=0
split_feature=52 293 178 275 196 37 112 278 71 129 57 61 64 252
split_gain=266.175 64.6583 20.1457 19.5031 16.3002 13.3053 10.3028 9.06671 8.71516 7.81566 7.69285 8.31423 7.59961 7.89241
threshold=1.0000000180025095e-35 1.0000000180025095e-35 1.0000000180025095e-35 2.5000000000000004 1.0000000180025095e-35 1.0000000180025095e-35 1.0000000180025095e-35 1.5000000000000002 1.0000000180025095e-35 1.0000000180025095e-35 1.0000000180025095e-35 1.0000000180025095e-35 1.0000000180025095e-35 1.0000000180025095e-35
decision_type=2 2 2 2 2 2 2 2 2 2 2 2 2 2
left_child=1 2 4 5 6 10 7 8 9 -1 11 12 13 -3
right_child=-2 3 -4 -5 -6 -7 -8 -9 -10 -11 -12 -13 -14 -15
leaf_value=-0.043266398963214325 0.056363603216406259 0.01006844470505075 0.011301242218336515 0.037695414602451432 0.023144838585394886 0.061762399475851673 0.036509260622025828 0.076767721608799147 0.026036204337024901 0.073556912913826489 -0.043595254626768637 -0.041363078712935569 -0.054880311896717507 -0.030111670050680151
leaf_weight=251.93089855462313 156.30341836810112 88.691314220428467 23.58539380133152 36.355911448597908 10.873810991644858 7.4320513904094687 4.4047275409102431 1.6349492743611325 4.710613101720809 1.4398653358221043 12.950422480702398 12.680692113935946 5.6796848997473708 14.174860261380671
leaf_count=2615 528 365 100 111 39 19 19 7 19 3 123 89 40 96
internal_value=-0.000256592 -0.0188276 -0.0330465 0.00502815 -0.0368501 -0.00335866 -0.0393201 -0.0406061 -0.0413497 -0.0426025 -0.00696571 -0.00305264 0.00142292 0.00453166
internal_weight=632.849 476.545 298.58 177.965 274.995 141.609 264.121 259.716 258.081 253.371 134.177 121.227 108.546 102.866
internal_count=4173 3645 2802 843 2702 732 2663 2644 2637 2618 713 590 501 461
is_linear=0
shrinkage=0.05


Tree=28
num_leaves=15
num_cat=0
split_feature=52 277 178 34 145 277 112 37 164 129 51 260 279 276
split_gain=226.484 62.2741 28.9062 25.7432 19.0219 18.3836 18.094 17.6764 12.0285 10.851 9.15694 8.88799 8.54841 8.64591
threshold=1.0000000180025095e-35 1.0000000180025095e-35 1.0000000180025095e-35 1.0000000180025095e-35 1.0000000180025095e-35 1.5000000000000002 1.0000000180025095e-35 1.0000000180025095e-35 1.0000000180025095e-35 1.0000000180025095e-35 1.0000000180025095e-35 1.0000000180025095e-35 1.0000000180025095e-35 1.0000000180025095e-35
decision_type=2 2 2 2 2 2 2 2 2 2 2 2 2 2
left_child=1 2 4 5 6 7 8 10 9 -1 11 12 13 -3
right_child=-2 3 -4 -5 -6 -7 -8 -9 -10 -11 -12 -13 -14 -15
leaf_value=-0.047222894303585769 0.055834826787115682 -0.028494717531922183 0.021462735786043879 0.054753178889533162 -0.01207846289339806 0.026884362241483734 0.056565685907121091 0.061070305091023236 0.039304729435792919 0.063838095442648374 0.067946966824459012 0.037914909691711879 0.083663599535936189 0.057426533289547534
leaf_weight=190.68344207108021 146.13158458471298 85.476399406790733 25.778175860643387 25.366831928491592 73.201892107725143 45.883600972592831 4.5660633444786063 7.9030680060386649 4.2287777438759795 2.2249673455953589 3.1020881980657569 6.3371759355068198 1.8286926075816143 3.031702145934104
leaf_count=2142 515 561 99 76 571 145 16 21 18 5 6 26 4 7
internal_value=0.001339 -0.0152651 -0.0291635 0.0080905 -0.0339108 0.000382348 -0.0418342 -0.0109105 -0.0441133 -0.0459419 -0.016612 -0.0193253 -0.0233408 -0.0255516
internal_weight=625.744 479.613 300.683 178.93 274.905 153.563 201.703 107.679 197.137 192.908 99.7761 96.674 90.3368 88.5081
internal_count=4212 3697 2851 846 2752 770 2181 625 2165 2147 604 598 572 568
is_linear=0
shrinkage=0.05


Tree=29
num_leaves=15
num_cat=0
split_feature=52 293 287 278 285 57 129 61 59 275 64 275 71 105
split_gain=205.219 52.2174 15.054 12.8732 10.9978 10.8192 9.83095 9.66634 11.6024 19.6856 11.1716 8.42009 8.30295 7.51384
threshold=1.0000000180025095e-35 1.0000000180025095e-35 1.5000000000000002 1.5000000000000002 1.5000000000000002 1.0000000180025095e-35 1.0000000180025095e-35 1.0000000180025095e-35 1.0000000180025095e-35 1.5000000000000002 1.0000000180025095e-35 2.5000000000000004 1.0000000180025095e-35 1.0000000180025095e-35
decision_type=2 2 2 2 2 2 2 2 2 2 2 2 2 2
left_child=1 2 3 4 6 7 12 8 10 -10 -3 -11 13 -1
right_child=-2 5 -4 -5 -6 -7 -8 -9 9 11 -12 -13 -14 -15
leaf_value=-0.038192709257507326 0.05508475438973829 0.031633275596262313 0.0019164224762807697 0.13645676826400407 0.018120569417841428 -0.03571224015950384 0.073738031775448895 -0.029256862863308142 -0.060819214419493395 -0.0043060659526175894 -0.028228158166458406 0.041377135172906754 0.030907857289525588 0.057129689772862063
leaf_weight=234.83242805302143 134.48075792193413 79.119992047548294 36.850979000329971 1.1254123151302327 10.093060389161108 13.742658056318758 2.0556474626064292 13.905647106468676 11.784392818808554 28.357088632881641 8.6456560641527158 15.655057668685911 4.5401063263416281 2.0857022032141677
leaf_count=2557 495 281 202 2 39 129 4 94 92 132 53 46 18 15
internal_value=0.000715233 -0.0150837 -0.0279534 -0.0322745 -0.0330233 0.00683424 -0.0351431 0.0105474 0.0144029 -0.00342429 0.0257364 0.0119434 -0.03607 -0.0373535
internal_weight=597.275 462.794 291.583 254.732 253.607 171.21 243.514 157.468 143.562 55.7965 87.7656 44.0121 241.458 236.918
internal_count=4159 3664 2837 2635 2633 827 2594 698 604 270 334 178 2590 2572
is_linear=0
shrinkage=0.05


Tree=30
num_leaves=15
num_cat=0
split_feature=293 57 61 178 64 181 197 71 145 286 285 260 165 183
split_gain=196.368 20.9183 20.762 14.6042 13.6422 12.643 12.4532 12.2236 12.9502 17.287 11.6451 8.69015 8.36894 5.93087
threshold=1.0000000180025095e-35 1.0000000180025095e-35 1.0000000180025095e-35 1.0000000180025095e-35 1.0000000180025095e-35 1.0000000180025095e-35 1.0000000180025095e-35 1.0000000180025095e-35 1.0000000180025095e-35 3.5000000000000004 1.0000000180025095e-35 1.0000000180025095e-35 1.0000000180025095e-35 1.0000000180025095e-35
decision_type=2 2 2 2 2 2 2 2 2 2 2 2 2 2
left_child=3 2 4 6 5 10 7 8 9 13 -2 -3 -6 -1
right_child=1 11 -4 -5 12 -7 -8 -9 -10 -11 -12 -13 -14 -15
leaf_value=-0.04743870540432172 0.047029073869111052 -0.048032741060341014 -0.029958669046047572 0.0083053550288332556 -0.073847356907724079 -0.067109297304644724 0.040466626890610868 0.040565908626404239 -0.018830288374456758 0.070450301783054448 0.026074985624554084 0.050891013320451775 0.026207267115133409 0.02287751691417602
leaf_weight=173.01814344525337 130.96904897689819 12.307300150394438 13.609556712210177 22.374045133590698 4.6859557405114156 2.9820436090230933 5.52652633935213 5.18801125884056 70.563885599374771 3.2332706376910201 134.29337868839502 2.7086757794022551 3.7724983990192413 3.0516921803355208
leaf_count=2084 509 126 95 95 37 26 19 19 572 10 532 11 16 27
internal_value=-0.000452596 0.0273565 0.0303329 -0.0304605 0.0332983 0.0352698 -0.033789 -0.035398 -0.0369753 -0.0441161 0.0364207 -0.0301883 -0.0292227 -0.04622
internal_weight=588.284 305.328 290.312 282.956 276.703 268.244 260.582 255.055 249.867 179.303 265.262 15.016 8.45845 176.07
internal_count=4178 1352 1215 2826 1120 1067 2731 2712 2693 2121 1041 137 53 2111
is_linear=0
shrinkage=0.05


Tree=31
num_leaves=15
num_cat=0
split_feature=52 34 285 71 282 242 11 129 69 276 61 237 59 285
split_gain=191.706 47.904 47.3466 19.8061 21.2355 13.2537 10.222 11.2722 7.99389 7.46867 5.88934 6.6453 7.50942 9.70293
threshold=1.0000000180025095e-35 1.0000000180025095e-35 1.0000000180025095e-35 1.0000000180025095e-35 1.0000000180025095e-35 1.0000000180025095e-35 1.0000000180025095e-35 1.0000000180025095e-35 1.0000000180025095e-35 1.0000000180025095e-35 1.0000000180025095e-35 1.0000000180025095e-35 1.0000000180025095e-35 2.5000000000000004
decision_type=2 2 2 2 2 2 2 2 2 2 2 2 2 2
left_child=1 2 3 4 -1 8 7 -6 9 10 11 12 -4 -14
right_child=-2 -3 5 -5 6 -7 -8 -9 -10 -11 -12 -13 13 -15
leaf_value=-0.04060699779354774 0.054390995414941391 0.052339709096868685 0.0063329365392885348 0.042240379901595841 -0.045330722364601055 0.032750959152692792 0.018641530599076306 0.084635436937675168 0.062836559660796043 0.045779841348224923 -0.044889284775149731 -0.060886721735370533 -0.059621425080195016 -0.0041744192823732163
leaf_weight=213.73923932760954 129.10261977463961 25.201692298054695 71.199077114462852 8.7641742974519712 15.478670008480549 29.672787040472031 24.971520021557808 1.8699034452438361 4.3087681233882895 6.5180828869342795 10.535780593752859 5.2229091227054587 11.477416031062601 25.244673810899258
leaf_count=2512 511 83 384 30 118 96 101 3 11 18 80 61 95 106
internal_value=0.000626249 -0.0146558 -0.0185914 -0.0316701 -0.0341999 0.00250473 -0.00184054 -0.0313224 -0.00416773 -0.00638516 -0.00913432 -0.00580488 -0.00313917 -0.0215043
internal_weight=583.307 454.205 429.003 264.824 256.059 164.179 42.3201 17.3486 134.507 130.198 123.68 113.144 107.921 36.7221
internal_count=4209 3698 3615 2764 2734 851 222 121 755 744 726 646 585 201
is_linear=0
shrinkage=0.05


Tree=32
num_leaves=15
num_cat=0
split_feature=52 34 175 37 196 69 275 112 201 71 275 183 187 264
split_gain=193.978 39.1366 25.2502 15.2355 15.863 12.6099 12.3916 9.48396 9.09949 8.93431 7.98401 7.77788 7.09344 6.97353
threshold=1.0000000180025095e-35 1.0000000180025095e-35 1.0000000180025095e-35 1.0000000180025095e-35 1.0000000180025095e-35 1.0000000180025095e-35 1.5000000000000002 1.0000000180025095e-35 1.0000000180025095e-35 1.0000000180025095e-35 1.0000000180025095e-35 1.0000000180025095e-35 1.0000000180025095e-35 1.0000000180025095e-35
decision_type=2 2 2 2 2 2 2 2 2 2 2 2 2 2
left_child=1 2 3 4 5 7 -4 8 9 11 -11 13 -8 -1
right_child=-2 -3 6 -5 -6 -7 12 -9 -10 10 -12 -13 -14 -15
leaf_value=-0.040112956804777666 0.054450890806749169 0.050588445843237975 -0.026387861591289564 0.059527608522347245 0.028929780905107217 0.061878438733588649 0.05429279473619443 0.045806803122255997 0.038868028293498572 0.066557057768087832 -0.046133583212852873 0.01483531857225835 0.0090509848675370732 -0.022984096535629196
leaf_weight=207.32277573645115 123.18468920141459 20.652017042040825 22.574952557682991 5.1276495754718772 12.07207117974758 3.7338934838771811 10.57060384750366 4.014434076845645 4.5218383967876425 4.2063405811786643 2.5094443336129189 7.9789748862385741 48.034011036157608 83.29275669157505
leaf_count=2390 508 71 134 15 41 10 28 16 16 12 14 47 182 718
internal_value=-0.000960667 -0.0165944 -0.0199299 -0.0259962 -0.0273265 -0.0294649 0.00508697 -0.0305517 -0.031541 -0.0325838 0.0244487 -0.0338666 0.0172113 -0.0352037
internal_weight=559.796 436.612 415.96 334.78 329.653 317.58 81.1796 313.847 309.832 305.31 6.71578 298.595 58.6046 290.616
internal_count=4202 3694 3623 3279 3264 3223 344 3213 3197 3181 26 3155 210 3108
is_linear=0
shrinkage=0.05


Tree=33
num_leaves=15
num_cat=0
split_feature=52 285 34 196 275 71 59 291 37 260 266 91 220 34
split_gain=183.496 43.4047 33.5484 17.7529 16.2816 16.1156 11.5036 14.6112 7.65025 7.23802 7.02945 6.24109 6.22941 6.03518
threshold=1.0000000180025095e-35 1.0000000180025095e-35 1.0000000180025095e-35 1.0000000180025095e-35 2.5000000000000004 1.0000000180025095e-35 1.0000000180025095e-35 1.0000000180025095e-35 1.0000000180025095e-35 1.0000000180025095e-35 1.0000000180025095e-35 1.0000000180025095e-35 1.0000000180025095e-35 1.0000000180025095e-35
decision_type=2 2 2 2 2 2 2 2 2 2 2 2 2 2
left_child=1 2 3 5 6 8 13 -8 9 12 -11 -6 -1 -3
right_child=-2 4 -4 -5 11 -7 7 -9 -10 10 -12 -13 -14 -15
leaf_value=-0.041593651380861463 0.053596961118932113 0.0028098206453950163 0.04331640890876199 0.032674027909770663 0.062093725725990104 0.036740759556324741 -0.053392337764464698 0.01092270564376698 0.059253929232514803 -0.021042890324777786 0.072055633116942117 0.016806518640645637 0.029544227496268529 0.058119811318252536
leaf_weight=220.29292140901089 120.33565085381269 87.979626283049583 15.340733624994753 9.9427023828029615 13.747783526778223 7.4874687343835822 21.666549034416676 14.906233504414557 2.0147271156311026 9.0636522993445379 2.6118512302637091 17.033450789749622 3.1210096031427375 5.2248983085155478
leaf_count=2654 519 513 58 33 36 26 160 50 6 70 12 63 11 17
internal_value=-0.000985606 -0.0162452 -0.0284919 -0.0328198 0.00433979 -0.0354821 -0.00341457 -0.027179 -0.0377628 -0.0385943 -0.000216423 0.0370331 -0.0405999 0.00591041
internal_weight=550.769 430.434 269.875 254.534 160.559 244.592 129.777 36.5728 237.104 235.089 11.6755 30.7812 223.414 93.2045
internal_count=4228 3709 2870 2812 839 2779 740 210 2753 2747 82 99 2665 530
is_linear=0
shrinkage=0.05


Tree=34
num_leaves=15
num_cat=0
split_feature=275 73 61 57 91 275 196 181 285 71 146 288 292 266
split_gain=50.5273 15.6279 14.1452 12.3796 13.5384 29.0105 12.3789 10.2309 9.49116 11.2343 10.5708 8.99005 8.78652 8.59767
threshold=1.0000000180025095e-35 1.0000000180025095e-35 1.0000000180025095e-35 1.0000000180025095e-35 1.0000000180025095e-35 1.5000000000000002 1.0000000180025095e-35 1.0000000180025095e-35 1.0000000180025095e-35 1.0000000180025095e-35 1.0000000180025095e-35 1.5000000000000002 1.0000000180025095e-35 1.0000000180025095e-35
decision_type=2 2 2 2 2 2 2 2 2 2 2 2 2 2
left_child=6 2 3 4 7 12 8 -2 9 10 -1 -4 -6 -12
right_child=1 -3 11 -5 5 -7 -8 -9 -10 -11 13 -13 -14 -15
leaf_value=-0.036882436286113811 0.024395207450395279 -0.044706264207635057 -0.061046124120597123 -0.033691514847785285 -0.05571817603509345 0.019577451818601307 0.032215379065438123 -0.069178128314910436 0.0040026921342950069 0.05788954675283841 -0.0084523951456869136 0.036999798355159895 -0.0020574843795258882 0.11040139913407501
leaf_weight=121.38257571309805 229.47736217081547 12.238832317292689 10.060128547251223 12.761606529355047 21.697989620268345 71.318763881921768 9.7919437885284406 2.9587779790163031 22.869080521166325 3.471271649003028 5.7086190655827513 3.045856073498725 11.764900274574755 2.0745263919234276
leaf_count=1573 1237 153 83 131 273 361 32 27 159 10 36 14 83 9
internal_value=0.000721046 0.0108652 0.0127384 0.0146482 0.0164776 0.0015562 -0.0223122 0.0232041 -0.0257457 -0.0308749 -0.0332604 -0.0382601 -0.0368521 0.023227
internal_weight=540.622 375.324 363.085 349.979 337.218 104.782 165.298 232.436 155.506 132.637 129.166 13.106 33.4629 7.78315
internal_count=4181 2362 2209 2112 1981 717 1819 1264 1787 1628 1618 97 356 45
is_linear=0
shrinkage=0.05


Tree=35
num_leaves=15
num_cat=0
split_feature=52 293 34 242 145 287 164 37 41 285 69 239 205 41
split_gain=157.515 33.1787 17.1402 15.2536 15.2428 14.2606 16.9177 13.6228 8.19758 7.14874 6.92143 6.78788 7.74463 7.00757
threshold=1.0000000180025095e-35 1.0000000180025095e-35 1.0000000180025095e-35 1.0000000180025095e-35 1.0000000180025095e-35 1.5000000000000002 1.0000000180025095e-35 1.0000000180025095e-35 1.0000000180025095e-35 1.0000000180025095e-35 1.0000000180025095e-35 1.0000000180025095e-35 1.0000000180025095e-35 1.0000000180025095e-35
decision_type=2 2 2 2 2 2 2 2 2 2 2 2 2 2
left_child=1 4 3 7 5 6 9 10 -5 -1 -3 12 13 -6
right_child=-2 2 -4 8 11 -7 -8 -9 -10 -11 -12 -13 -14 -15
leaf_value=-0.042989274173977327 0.0532828170300573 -0.017217027965635311 0.046612093018355047 0.038659169895890647 0.0075285175374624133 0.017915324565980478 0.061773468570853821 0.058685300252455941 -0.047954211246180711 -0.012995864790440848 0.059370786347101183 -0.059093227322063652 -0.066624987787304663 -0.060953333596765108
leaf_weight=143.71510829776525 111.23970493301749 101.98279934376478 20.664595730602741 26.578456439077858 59.376462876796722 13.043214216828344 4.2850901484489432 6.6706759333610526 3.0447978526353827 23.053057819604874 3.037833720445632 5.4638473466038695 4.2341040894389144 3.9863624125719062
leaf_count=1992 510 638 79 82 463 80 15 21 18 178 9 42 37 46
internal_value=0.000391233 -0.0136463 0.00407891 -0.00214077 -0.0248111 -0.0324798 -0.0363226 -0.0106007 0.0297567 -0.0388432 -0.0150016 -0.00548774 -0.00115482 0.0032201
internal_weight=530.376 419.136 161.979 141.315 257.157 184.096 171.053 111.691 29.6233 166.768 105.021 73.0608 67.5969 63.3628
internal_count=4210 3700 847 768 2853 2265 2185 668 100 2170 647 588 546 509
is_linear=0
shrinkage=0.05


Tree=36
num_leaves=15
num_cat=0
split_feature=52 285 34 282 37 234 241 71 287 252 41 105 267 287
split_gain=152.605 33.5768 38.0584 15.9431 15.4022 11.2949 10.6012 8.73187 8.34424 7.52111 7.49671 6.93162 6.64621 6.27509
threshold=1.0000000180025095e-35 1.5000000000000002 1.0000000180025095e-35 1.0000000180025095e-35 1.0000000180025095e-35 1.0000000180025095e-35 1.0000000180025095e-35 1.0000000180025095e-35 1.5000000000000002 1.0000000180025095e-35 1.0000000180025095e-35 1.0000000180025095e-35 1.0000000180025095e-35 1.5000000000000002
decision_type=2 2 2 2 2 2 2 2 2 2 2 2 2 2
left_child=1 2 3 4 5 7 10 11 -8 12 -3 -1 -5 -12
right_child=-2 6 -4 9 -6 -7 8 -9 -10 -11 13 -13 -14 -15
leaf_value=-0.037014529932528073 0.052973195197609561 0.019456105072096119 0.047006065416792052 0.00010185384689615466 0.057800072717750645 0.064005180747854579 -0.089684616739113598 0.022822827696312841 0.01496638869378287 0.090195581774483696 -0.082502543478014889 0.052389275945041142 -0.070270097690881037 0.0090435763086607508
leaf_weight=227.26524767279625 108.17659130692482 89.284997530281544 18.88706511259079 46.132786624133587 4.7279453575611106 2.9434749111533156 4.4813978075981131 6.450791969895362 3.3128369748592377 2.1643877401947966 3.4213795363903037 2.1888984963297835 3.6183305084705344 4.1332615241408348
leaf_count=2834 517 353 74 247 16 18 31 24 16 5 24 18 30 18
internal_value=2.90103e-05 -0.0136396 -0.0218052 -0.0262034 -0.0315652 -0.0333342 0.0108943 -0.0345487 -0.0452041 -0.00104677 0.0154094 -0.0361617 -0.0050162 -0.0324162
internal_weight=527.189 419.013 314.379 295.492 243.576 238.848 104.634 235.905 7.79423 51.9155 96.8396 229.454 49.7511 7.55464
internal_count=4225 3708 3266 3192 2910 2894 442 2876 47 282 395 2852 277 42
is_linear=0
shrinkage=0.05


Tree=37
num_leaves=15
num_cat=0
split_feature=293 59 57 275 61 283 158 145 64 271 231 260 286 252
split_gain=102.621 23.9147 18.8054 14.8364 13.9429 13.3523 10.4134 9.80184 9.16885 8.80871 8.4841 8.47166 8.12566 7.57154
threshold=1.0000000180025095e-35 1.0000000180025095e-35 1.0000000180025095e-35 2.5000000000000004 1.0000000180025095e-35 1.0000000180025095e-35 1.0000000180025095e-35 1.0000000180025095e-35 1.0000000180025095e-35 1.0000000180025095e-35 1.0000000180025095e-35 1.0000000180025095e-35 1.5000000000000002 1.0000000180025095e-35
decision_type=2 2 2 2 2 2 2 2 2 2 2 2 2 2
left_child=5 2 4 -3 8 6 7 -1 -2 -8 -10 -4 -9 -7
right_child=1 3 11 -5 -6 13 9 12 10 -11 -12 -13 -14 -15
leaf_value=-0.037423102394474342 0.040278087116316426 -0.023299337835713693 -0.042366675087515293 0.030796314869373054 -0.015604663867455189 -0.0043587907956172305 -0.0060170617790977479 0.010693131176431782 -0.036257483676200367 0.10205632496844563 0.081532261599511255 0.075592252794417253 -0.06038435086409788 0.09316031481772305
leaf_weight=153.31443823873997 168.14587236568332 40.327141754329205 11.764655545353886 18.484560735523701 13.217504322528837 50.492151781916618 17.822802938520912 19.935713291168216 7.1821666955947858 2.1085060983896247 1.942110016942024 1.7483093291521079 5.0369471460580817 2.0721028149127951
leaf_count=2099 778 240 138 65 94 278 182 208 50 9 4 7 62 4
internal_value=-3.87744e-05 0.0217938 0.0298921 -0.00629703 0.0339354 -0.0229186 -0.0288598 -0.0326915 0.0376292 0.00541587 -0.0111858 -0.0271051 -0.00364309 -0.000514551
internal_weight=513.595 262.812 204.001 58.8117 190.488 250.783 198.218 178.287 177.27 19.9313 9.12428 13.513 24.9727 52.5643
internal_count=4218 1376 1071 305 926 2842 2560 2369 832 191 54 145 270 282
is_linear=0
shrinkage=0.05


Tree=38
num_leaves=15
num_cat=0
split_feature=52 285 34 276 145 37 197 112 277 34 127 61 237 59
split_gain=129.927 25.4642 18.5993 12.6721 10.9921 11.0036 10.7494 8.60835 7.90326 7.58216 6.3819 6.01513 6.68108 6.29388
threshold=1.0000000180025095e-35 1.0000000180025095e-35 1.0000000180025095e-35 1.0000000180025095e-35 1.0000000180025095e-35 1.0000000180025095e-35 1.0000000180025095e-35 1.0000000180025095e-35 2.5000000000000004 1.0000000180025095e-35 1.0000000180025095e-35 1.0000000180025095e-35 1.0000000180025095e-35 1.0000000180025095e-35
decision_type=2 2 2 2 2 2 2 2 2 2 2 2 2 2
left_child=1 2 4 8 5 6 7 10 9 11 -1 12 13 -3
right_child=-2 3 -4 -5 -6 -7 -8 -9 -10 -11 -12 -13 -14 -15
leaf_value=-0.038888319085191442 0.051736691510680721 0.0084820300061681803 0.039897995919367914 0.051533989137512851 -0.007041167745366732 0.056696919214825517 0.0410879337897712 0.033259521191127614 0.051444506677803675 0.056756960757584088 0.051858974989537503 -0.042434035763461206 -0.060552957524451445 -0.01513263879376936
leaf_weight=156.38072539493442 99.343766946345568 76.212081216275692 11.441296637058256 12.572347834706305 60.20992223918438 3.4352057725191107 4.6701144576072684 4.3844702839851371 6.9131276085972777 5.064952850341796 1.9617185741662968 10.221538931131361 4.7761291936039916 44.803584389388561
leaf_count=2190 514 394 50 37 527 13 17 19 21 19 8 82 61 241
internal_value=0.000520678 -0.0121031 -0.0223299 0.00334138 -0.0254115 -0.0318861 -0.0337039 -0.0358504 -0.000752742 -0.00331052 -0.037764 -0.00554735 -0.00255002 -0.00026082
internal_weight=502.391 403.047 242.483 160.564 231.042 170.832 167.397 162.727 147.991 141.078 158.342 136.013 125.792 121.016
internal_count=4193 3679 2824 855 2774 2247 2234 2217 818 797 2198 778 696 635
is_linear=0
shrinkage=0.05


Tree=39
num_leaves=15
num_cat=0
split_feature=52 34 242 283 37 69 164 233 105 234 266 187 275 196
split_gain=123.052 23.6471 18.1407 12.2111 12.0046 11.0383 9.18138 9.34534 8.76877 7.70254 7.5654 7.19717 6.47516 8.00066
threshold=1.0000000180025095e-35 1.0000000180025095e-35 1.0000000180025095e-35 1.0000000180025095e-35 1.0000000180025095e-35 1.0000000180025095e-35 1.0000000180025095e-35 1.0000000180025095e-35 1.0000000180025095e-35 1.0000000180025095e-35 1.0000000180025095e-35 1.0000000180025095e-35 2.5000000000000004 1.0000000180025095e-35
decision_type=2 2 2 2 2 2 2 2 2 2 2 2 2 2
left_child=1 2 3 4 5 6 7 8 9 -1 -4 -5 13 -13
right_child=-2 -3 10 11 -6 -7 -8 -9 -10 -11 -12 12 -14 -15
leaf_value=-0.031160241947306655 0.051644768637157723 0.043949086740318138 0.044882356536829898 0.064507562612635988 0.057169308915660182 0.060935778704810296 0.02558937661165523 0.0022588414861242105 0.060542818833065351 0.044946120073638851 -0.010701515046466006 -0.01648017944811838 0.06161435051785933 0.028361168130788067
leaf_weight=243.10874845460057 92.97385298460722 17.944940835237503 17.136573165655136 4.2602913379669181 4.6980779767036429 3.827858477830886 8.8492549210786802 26.19126683473587 2.6961874291300765 3.3706373125314704 9.5240073576569575 45.724981129169464 3.6847100704908362 12.713069796562193
leaf_count=3002 502 78 51 12 17 11 43 117 16 20 44 284 9 42
internal_value=-0.000215034 -0.0121577 -0.0147675 -0.0177217 -0.0221121 -0.0234052 -0.0245411 -0.0261521 -0.0291385 -0.0301195 0.025026 0.00163978 -0.0026716 -0.00672504
internal_weight=496.704 403.731 385.786 359.125 292.742 288.044 284.216 275.367 249.176 246.479 26.6606 66.3831 62.1228 58.4381
internal_count=4248 3746 3668 3573 3226 3209 3198 3155 3038 3022 95 347 335 326
is_linear=0
shrinkage=0.05


Tree=40
num_leaves=15
num_cat=0
split_feature=52 34 178 276 196 183 37 282 127 267 104 45 292 91
split_gain=124.76 27.5313 26.0561 13.0103 12.3888 8.57923 8.09667 7.67975 7.02332 5.8766 29.0289 18.5183 9.37056 13.159
threshold=1.0000000180025095e-35 1.0000000180025095e-35 1.0000000180025095e-35 1.0000000180025095e-35 1.0000000180025095e-35 1.0000000180025095e-35 1.0000000180025095e-35 1.0000000180025095e-35 1.0000000180025095e-35 1.0000000180025095e-35 1.0000000180025095e-35 1.0000000180025095e-35 1.0000000180025095e-35 1.0000000180025095e-35
decision_type=2 2 2 2 2 2 2 2 2 2 2 2 2 2
left_child=1 2 4 7 5 6 8 -4 9 11 -11 -1 13 -13
right_child=-2 -3 3 -5 -6 -7 -8 -9 -10 10 -12 12 -14 -15
leaf_value=-0.034361255579422594 0.051326308246707114 0.046953470881454906 -0.0090949274891717839 0.053328523448900857 0.026800156190572518 0.023678253053935186 0.0561956442062648 0.027221505515205954 0.067797419712836315 -0.052747162616006676 0.23967086267717941 0.045941508948278149 -0.031686595949654964 -0.05171967978508013
leaf_weight=158.97700707986951 89.825536664575338 17.636409521102905 80.002696759998798 11.688305564224718 10.809393793344496 7.8166245296597472 2.7223726511001578 17.795333616435528 1.8026255890727032 45.328538775444031 0.86491092294454475 17.135570589452986 10.326455026865007 4.3184717446565619
leaf_count=2082 507 78 412 34 36 51 11 62 7 644 5 111 83 53
internal_value=-0.00176299 -0.0140783 -0.0169906 0.00347182 -0.025604 -0.0278763 -0.0295451 -0.00248679 -0.0305228 -0.0312707 -0.047272 -0.0273959 0.00744714 0.0262833
internal_weight=477.05 387.225 369.588 109.486 260.102 249.293 241.476 97.798 238.754 236.951 46.1934 190.758 31.7805 21.454
internal_count=4176 3669 3591 508 3083 3047 2996 474 2985 2978 649 2329 247 164
is_linear=0
shrinkage=0.05


Tree=41
num_leaves=15
num_cat=0
split_feature=52 34 285 71 276 283 127 286 148 287 237 277 61 22
split_gain=108.874 22.9865 20.5518 17.124 12.6919 11.2322 11.4878 9.87726 8.60556 7.78214 6.55086 6.02653 6.65317 5.65322
threshold=1.0000000180025095e-35 1.0000000180025095e-35 1.0000000180025095e-35 1.0000000180025095e-35 1.0000000180025095e-35 1.0000000180025095e-35 1.0000000180025095e-35 1.0000000180025095e-35 1.0000000180025095e-35 1.0000000180025095e-35 1.0000000180025095e-35 2.5000000000000004 1.0000000180025095e-35 1.0000000180025095e-35
decision_type=2 2 2 2 2 2 2 2 2 2 2 2 2 2
left_child=1 2 3 5 8 6 -1 -7 10 -9 11 12 13 -4
right_child=-2 -3 4 -5 -6 7 -8 9 -10 -11 -12 -13 -14 -15
leaf_value=-0.033309526037220281 0.050962486791105613 0.046141177234509688 -0.078217844992280502 0.051005124923725359 0.050155342285826382 -0.049570300509113763 0.11384462423634734 0.073060059402696179 -0.052016733688840328 0.00042860102958796421 -0.059083717788876416 0.054030526203502405 -0.040336480639012372 0.0041124992124444886
leaf_weight=168.86592799797654 85.181097820401192 16.551421549171209 2.1259492114186278 7.3711515367031089 11.686124138534067 8.8374931514263135 1.3367630541324604 4.2628882378339794 8.7777432426810247 27.346467278897762 4.6594454012811175 5.1929234042763701 9.8601449131965619 108.37465561926365
leaf_count=2518 503 76 18 25 36 86 3 17 64 129 65 16 82 562
internal_value=-0.000192101 -0.0115027 -0.0140904 -0.0239042 0.000109446 -0.0265254 -0.0321538 -0.002841 -0.00409833 0.0102238 -0.000868123 0.00129233 -0.000983045 0.00252852
internal_weight=470.43 385.249 368.698 218.021 150.677 210.65 170.203 40.4468 138.991 31.6094 130.213 125.554 120.361 110.501
internal_count=4200 3697 3621 2778 843 2753 2521 232 807 146 743 678 662 580
is_linear=0
shrinkage=0.05


Tree=42
num_leaves=15
num_cat=0
split_feature=52 34 285 112 37 267 264 292 178 59 146 275 173 41
split_gain=101.358 21.9748 22.2703 9.89997 10.0055 8.07001 9.41654 9.4087 10.1475 7.60511 7.54216 8.10971 6.69434 8.27456
threshold=1.0000000180025095e-35 1.0000000180025095e-35 1.5000000000000002 1.0000000180025095e-35 1.0000000180025095e-35 1.0000000180025095e-35 1.0000000180025095e-35 1.0000000180025095e-35 1.0000000180025095e-35 1.0000000180025095e-35 1.0000000180025095e-35 1.0000000180025095e-35 1.0000000180025095e-35 1.0000000180025095e-35
decision_type=2 2 2 2 2 2 2 2 2 2 2 2 2 2
left_child=1 2 3 4 5 6 10 -8 -9 -7 -1 -12 13 -4
right_child=-2 -3 12 -5 -6 9 7 8 -10 -11 11 -13 -14 -15
leaf_value=-0.026732957125916276 0.050779676687848441 0.044784624977574045 0.0094065145426473432 0.053707322323044808 0.056172555017272877 -0.045422618663493897 0.0124186407753284 -0.048397175408158744 0.029818817577189873 0.049246828474101355 0.11188193415838216 -0.015241579885683216 0.058525878880138243 -0.049566879628595156
leaf_weight=146.58245682343841 85.232577610760927 17.767132453620434 82.180000968277454 4.5421767160296431 4.1622967123985282 44.164585810154676 41.209249157458544 16.109591875225309 5.5841663256287566 2.2284577414393416 2.0496562980115405 3.2341396436095238 6.288499951362609 6.4121211841702452
leaf_count=1992 525 85 359 17 17 655 268 159 27 14 11 22 20 40
internal_value=0.00147196 -0.00951487 -0.0121598 -0.0194856 -0.0207386 -0.0219644 -0.0178794 -0.00161173 -0.0282637 -0.0408752 -0.0246174 0.0340714 0.00867657 0.00513814
internal_weight=467.747 382.515 364.747 269.867 265.325 261.162 214.769 62.903 21.6938 46.393 151.866 5.2838 94.8806 88.5921
internal_count=4211 3686 3601 3182 3165 3148 2479 454 186 669 2025 33 419 399
is_linear=0
shrinkage=0.05


Tree=43
num_leaves=15
num_cat=0
split_feature=52 175 183 69 146 112 164 278 277 228 146 70 288 280
split_gain=94.5483 14.3217 8.84177 8.17455 7.45129 6.27565 6.05672 5.95878 5.87575 4.95624 5.46408 4.67653 8.24578 4.4475
threshold=1.0000000180025095e-35 1.0000000180025095e-35 1.0000000180025095e-35 1.0000000180025095e-35 1.0000000180025095e-35 1.0000000180025095e-35 1.0000000180025095e-35 1.0000000180025095e-35 2.5000000000000004 1.0000000180025095e-35 1.0000000180025095e-35 1.0000000180025095e-35 1.0000000180025095e-35 1.0000000180025095e-35
decision_type=2 2 2 2 2 2 2 2 2 2 2 2 2 2
left_child=1 2 3 4 5 6 11 -8 9 10 -3 12 -1 -6
right_child=-2 8 -4 -5 13 -7 7 -9 -10 -11 -12 -13 -14 -15
leaf_value=0.041870128063305784 0.050446743103180161 -0.0014634832814105587 0.033878385907540311 0.060731043221850793 0.023550298400375386 0.044409098999535455 0.059453939889269461 -0.034920028465802867 0.050794225207700786 0.071131416469768477 0.054707845461337251 -0.022476576522142241 -0.054935300601824916 -0.037177743898433632
leaf_weight=7.1117801666259748 80.859772838652134 58.782106801867485 9.2935751825571042 3.4588678777217856 16.658935442566875 3.8636408746242514 4.6213048398494712 2.6213578134775162 8.0385291874408704 2.7588591277599326 4.6736210063099852 242.70884487405419 3.184851985424757 3.681139923632144
leaf_count=34 520 272 52 10 95 15 18 18 28 6 13 3044 29 32
internal_value=0.00145041 -0.00921524 -0.0141225 -0.015672 -0.016601 -0.0188468 -0.0197859 0.0252969 0.0104266 0.00552595 0.00267363 -0.0210764 0.0119272 0.0125598
internal_weight=452.317 371.457 297.204 287.911 284.452 264.112 260.248 7.24266 74.2531 66.2146 63.4557 253.005 10.2966 20.3401
internal_count=4186 3666 3347 3295 3285 3158 3143 36 319 291 285 3107 63 127
is_linear=0
shrinkage=0.05


Tree=44
num_leaves=15
num_cat=0
split_feature=52 34 175 282 71 145 276 267 45 51 37 286 260 286
split_gain=89.2681 18.2336 18.9851 9.55807 10.3978 8.021 7.55603 7.46617 11.5556 6.70908 6.81995 6.63744 6.0474 5.95232
threshold=1.0000000180025095e-35 1.0000000180025095e-35 1.0000000180025095e-35 1.0000000180025095e-35 1.0000000180025095e-35 1.0000000180025095e-35 1.0000000180025095e-35 1.0000000180025095e-35 1.0000000180025095e-35 1.0000000180025095e-35 1.0000000180025095e-35 2.5000000000000004 1.0000000180025095e-35 3.5000000000000004
decision_type=2 2 2 2 2 2 2 2 2 2 2 2 2 2
left_child=1 2 3 4 5 9 -4 8 12 10 13 -7 -5 -1
right_child=-2 -3 6 7 -6 11 -8 -9 -10 -11 -12 -13 -14 -15
leaf_value=-0.033379510386005819 0.049646152648401269 0.041802573140359518 0.0036168349564329378 -0.018406537847038846 0.034728377859108268 -0.0010348054553544414 0.050071534795946573 -0.068062835313008746 0.041724709443106758 0.062868626941265771 0.0560924195471907 -0.07281118580004306 0.037495987298892773 0.034126865019449053
leaf_weight=164.55391938984394 75.570684965699911 16.317116979509592 67.972433164715767 31.872775547206402 7.5749078989028922 42.950014866888523 10.047209762036799 3.7484779283404341 15.216723516583441 1.9297518581151951 2.2241618931293479 3.4820282757282248 5.703470140695571 3.3315143436193457
leaf_count=2453 509 81 306 199 30 460 33 33 53 4 9 39 23 22
internal_value=4.84419e-05 -0.00989555 -0.0122348 -0.018263 -0.022862 -0.0248588 0.00959918 0.000123292 0.00496474 -0.0298359 -0.0308876 -0.00641745 -0.00992143 -0.0320399
internal_weight=452.495 376.925 360.607 282.588 226.046 218.471 78.0196 56.5414 52.793 172.039 170.11 46.432 37.5762 167.885
internal_count=4254 3745 3664 3325 3017 2987 339 308 275 2488 2484 499 222 2475
is_linear=0
shrinkage=0.05


Tree=45
num_leaves=15
num_cat=0
split_feature=277 285 252 61 59 57 89 95 287 129 112 64 145 11
split_gain=63.503 15.1626 13.6155 10.6243 8.52605 10.8808 8.76532 8.57061 8.52474 9.39376 8.30349 8.29484 7.51483 8.25727
threshold=1.0000000180025095e-35 1.0000000180025095e-35 1.0000000180025095e-35 1.0000000180025095e-35 1.0000000180025095e-35 1.0000000180025095e-35 1.0000000180025095e-35 1.0000000180025095e-35 1.5000000000000002 1.0000000180025095e-35 1.0000000180025095e-35 1.0000000180025095e-35 1.0000000180025095e-35 1.0000000180025095e-35
decision_type=2 2 2 2 2 2 2 2 2 2 2 2 2 2
left_child=1 8 3 4 5 6 7 11 9 12 -10 -2 -1 -14
right_child=2 -3 -4 -5 -6 -7 -8 -9 10 -11 -12 -13 13 -15
leaf_value=-0.038741536528867179 0.04026169869687992 0.0049999663648782888 -0.025284306310791156 -0.024156734702802177 0.0049690606386273879 -0.018677621271181322 -0.06978550955498343 -0.078128077356811418 -0.01220557825219256 0.081344106493384041 0.065841677144205343 -0.01452436746315785 -0.025248252148387454 0.033680030406717076
leaf_weight=113.87469064071774 124.26548797264695 48.778587479144335 16.623577781021595 11.82670323550701 42.403437003493309 10.463464863598345 1.9949055761098851 1.6304653510451306 23.650080226361755 1.8319206833839405 3.9816281944513312 7.315617896616458 26.389092586934566 7.6732358522713175
leaf_count=1982 734 329 127 93 198 125 14 14 166 3 12 47 328 66
internal_value=-0.00116009 -0.0196885 0.0181945 0.0218102 0.0247008 0.0304445 0.034246 0.0358039 -0.0264769 -0.0311848 -0.000959254 0.0372157 -0.0325782 -0.0119735
internal_weight=442.703 226.179 216.524 199.9 188.073 145.67 135.206 133.212 177.401 149.769 27.6317 131.581 147.937 34.0623
internal_count=4238 2886 1352 1225 1132 934 809 795 2557 2379 178 781 2376 394
is_linear=0
shrinkage=0.05


Tree=46
num_leaves=15
num_cat=0
split_feature=293 252 61 57 178 64 187 127 145 205 197 164 288 183
split_gain=53.5416 10.0259 9.72371 10.8855 8.38115 8.59562 7.92778 7.92101 8.00935 8.43073 7.83728 7.36759 7.04786 7.02999
threshold=1.0000000180025095e-35 1.0000000180025095e-35 1.0000000180025095e-35 1.0000000180025095e-35 1.0000000180025095e-35 1.0000000180025095e-35 1.0000000180025095e-35 1.0000000180025095e-35 1.0000000180025095e-35 1.0000000180025095e-35 1.0000000180025095e-35 1.0000000180025095e-35 1.5000000000000002 1.0000000180025095e-35
decision_type=2 2 2 2 2 2 2 2 2 2 2 2 2 2
left_child=7 2 3 4 5 -2 -5 8 9 10 11 13 -4 -1
right_child=1 -3 12 6 -6 -7 -8 -9 -10 -11 -12 -13 -14 -15
leaf_value=-0.031802942384509834 0.039197149542066656 -0.018406639032867118 -0.044322099612418384 0.10113963405035081 0.014990721074449466 -0.063232849684576181 -0.039559545677722796 0.099713440280507021 -0.0036084504681320011 0.10312248957974564 0.033221230912019124 0.038809615130030915 0.043308494248614708 0.027863290027585849
leaf_weight=132.739103756845 94.917638517916203 17.235113047063351 9.0325637832283956 1.118263691663741 78.227133046835661 2.0933250635862342 9.5614796690642816 1.4453584104776371 68.719719666987658 1.2879036664962757 5.4961865544319144 4.0534053891897193 3.0758213847875586 5.1274031847715369
leaf_count=2180 614 127 82 5 366 22 131 4 602 2 20 18 15 36
internal_value=0.000464215 0.01817 0.0213534 0.0241809 0.0271677 0.0369869 -0.0248271 -0.0169497 -0.0177252 -0.0242489 -0.0253617 -0.0276305 -0.0220618 -0.0295839
internal_weight=434.13 215.261 198.026 185.918 175.238 97.011 10.6797 218.869 217.424 148.704 147.416 141.92 12.1084 137.867
internal_count=4224 1362 1235 1138 1002 636 136 2862 2858 2256 2254 2234 97 2216
is_linear=0
shrinkage=0.05


Tree=47
num_leaves=15
num_cat=0
split_feature=52 34 285 37 69 164 173 196 142 288 241 187 59 228
split_gain=85.3415 20.2518 17.5588 11.2247 7.59457 7.6172 6.29599 6.24929 5.83027 5.33429 8.0108 5.02621 5.52297 4.94134
threshold=1.0000000180025095e-35 1.0000000180025095e-35 4.5000000000000009 1.0000000180025095e-35 1.0000000180025095e-35 1.0000000180025095e-35 1.0000000180025095e-35 1.0000000180025095e-35 1.0000000180025095e-35 1.5000000000000002 1.0000000180025095e-35 1.0000000180025095e-35 1.0000000180025095e-35 1.0000000180025095e-35
decision_type=2 2 2 2 2 2 2 2 2 2 2 2 2 2
left_child=1 2 3 4 5 6 7 13 -7 10 11 -4 -13 -1
right_child=-2 -3 9 -5 -6 8 -8 -9 -10 -11 -12 12 -14 -15
leaf_value=-0.025504708640702374 0.050218897516487226 0.044623373504459052 0.061104630199664868 0.055743375906047193 0.060318893394441034 0.053284895237130661 0.057024416932063095 0.013797762738769898 -0.024489144818735861 0.044248861730283771 -0.086251225703337223 0.028638119610966212 -0.010452496570554751 0.077778746023915171
leaf_weight=247.95767940953374 67.565679378807545 15.564844634383915 4.2304966747760764 4.9578338414430609 2.9002054631710044 5.9532832503318769 2.456057757139205 10.817250266671179 4.0482789799571037 10.354890540242193 2.3087725415825835 14.181368514895437 24.903118655085564 1.1634725332260121
leaf_count=3244 504 83 13 22 9 22 9 39 26 35 17 65 109 2
internal_value=-0.00124923 -0.0111341 -0.0137152 -0.0188219 -0.0201647 -0.0210216 -0.022654 -0.0234069 0.0218047 0.0118507 0.00449758 0.00933467 0.0037311 -0.0250223
internal_weight=419.363 351.798 336.233 280.254 275.296 272.396 262.394 259.938 10.0016 55.9786 45.6238 43.315 39.0845 249.121
internal_count=4199 3695 3612 3373 3351 3342 3294 3285 48 239 204 187 174 3246
is_linear=0
shrinkage=0.05


Tree=48
num_leaves=15
num_cat=0
split_feature=52 178 277 59 18 112 276 267 45 18 266 71 16 127
split_gain=74.6318 13.6183 10.7769 13.0301 10.341 8.59639 8.36518 7.4729 6.94477 6.79627 6.60542 9.27748 6.2064 5.76122
threshold=1.0000000180025095e-35 1.0000000180025095e-35 1.0000000180025095e-35 1.0000000180025095e-35 1.0000000180025095e-35 1.0000000180025095e-35 1.0000000180025095e-35 1.0000000180025095e-35 1.0000000180025095e-35 1.0000000180025095e-35 1.0000000180025095e-35 1.0000000180025095e-35 1.0000000180025095e-35 1.0000000180025095e-35
decision_type=2 2 2 2 2 2 2 2 2 2 2 2 2 2
left_child=1 2 5 4 12 7 -3 8 10 -9 11 13 -4 -1
right_child=-2 6 3 -5 -6 -7 -8 9 -10 -11 -12 -13 -14 -15
leaf_value=-0.020555119500888602 0.04949197410156058 0.0015269757990240564 0.025210200664222505 -0.051448203226485148 -0.059939625201454787 0.047002614906086954 0.047609266965214038 -0.046744421932465571 0.010140550305603522 0.098831910978693704 -0.04400919476726927 0.064863960465296883 -0.060477754322954581 0.073393631806392245
leaf_weight=96.958326756954193 64.990196745842695 89.993909060955048 42.447726491838694 9.0707745924592 4.3351355567574492 4.5304120182991019 11.058058321475981 34.552432741969824 19.3505531065166 0.82077645510435004 26.9280797354877 3.414045810699462 2.2239124514162532 1.6597554385662068
leaf_count=1477 507 445 250 93 68 16 40 613 186 9 455 10 24 5
internal_value=0.000314836 -0.00888651 -0.0152281 0.00360031 0.0137894 -0.021038 0.00656973 -0.0227162 -0.0177909 -0.0433666 -0.021982 -0.0161687 0.0209444 -0.0189739
internal_weight=412.334 347.344 246.292 58.0775 49.0068 188.214 101.052 183.684 148.311 35.3732 128.96 102.032 44.6716 98.6181
internal_count=4198 3691 3206 435 342 2771 485 2755 2133 622 1947 1492 274 1482
is_linear=0
shrinkage=0.05


Tree=49
num_leaves=15
num_cat=0
split_feature=52 285 148 145 34 71 197 275 59 288 217 157 237 61
split_gain=68.1647 12.1239 12.4245 12.3838 10.865 9.99558 9.48646 8.45079 10.9996 8.64159 7.32254 7.2972 7.1677 7.59183
threshold=1.0000000180025095e-35 1.0000000180025095e-35 1.0000000180025095e-35 1.0000000180025095e-35 1.0000000180025095e-35 1.0000000180025095e-35 1.0000000180025095e-35 2.5000000000000004 1.0000000180025095e-35 1.5000000000000002 1.0000000180025095e-35 1.0000000180025095e-35 1.0000000180025095e-35 1.0000000180025095e-35
decision_type=2 2 2 2 2 2 2 2 2 2 2 2 2 2
left_child=1 3 7 4 5 6 11 8 10 -10 12 -1 13 -3
right_child=-2 2 -4 -5 -6 -7 -8 -9 9 -11 -12 -13 -14 -15
leaf_value=-0.033390326130354052 0.049242850628502532 0.02231366108816453 -0.06051692001163253 0.0050148240034292293 0.03020468330759303 0.032506978615367825 0.035387986101436217 0.035310908437717781 -0.032713922672187631 0.044338855556593795 -0.072080812711685635 0.088631244969512413 -0.05843281790837223 -0.024924867403079122
leaf_weight=124.26375264301896 62.961621368303895 70.185469593852758 7.188151851296424 54.905070554465055 9.0649048164486867 6.8642430305480948 5.4178244173526755 22.038611225783825 28.764748528599739 4.1657679900526992 2.5708139687776557 1.2374466657638539 3.3159778080880633 9.6782255172729474
leaf_count=2216 514 365 58 518 55 27 20 84 174 16 21 2 54 82
internal_value=0.0013513 -0.00727228 0.00360153 -0.015244 -0.0228186 -0.026307 -0.0293907 0.00687679 0.00159668 -0.0229666 0.0110297 -0.0321872 0.0135983 0.0165891
internal_weight=412.623 349.661 147.908 201.753 146.848 137.783 130.919 140.72 118.681 32.9305 85.7505 125.501 83.1797 79.8637
internal_count=4206 3692 854 2838 2320 2265 2238 796 712 190 522 2218 501 447
is_linear=0
shrinkage=0.05


Tree=50
num_leaves=15
num_cat=0
split_feature=52 235 201 51 37 145 98 69 196 129 0 105 41 288
split_gain=65.8313 14.0698 8.57966 6.10237 6.06561 5.97155 6.25664 5.81806 4.73396 4.84422 4.62871 4.45048 4.02955 6.68203
threshold=1.0000000180025095e-35 1.0000000180025095e-35 1.0000000180025095e-35 1.0000000180025095e-35 1.0000000180025095e-35 1.0000000180025095e-35 1.0000000180025095e-35 1.0000000180025095e-35 1.0000000180025095e-35 1.0000000180025095e-35 1.0000000180025095e-35 1.0000000180025095e-35 1.0000000180025095e-35 1.5000000000000002
decision_type=2 2 2 2 2 2 2 2 2 2 2 2 2 2
left_child=1 2 3 4 7 6 10 8 9 11 12 -1 13 -3
right_child=-2 5 -4 -5 -6 -7 -8 -9 -10 -11 -12 -13 -14 -15
leaf_value=-0.021248222704294443 0.048293423570002193 -0.012224669871295023 0.069640840260524403 0.06100670001888131 0.054699120553852155 0.03615974445483032 0.053514011437082967 0.060049302648986773 0.013265264716326575 0.045482029165980369 0.033428417426327454 0.056046985183343494 -0.060310298469392537 0.034874652698333009
leaf_weight=229.77013285458088 58.522994974628091 42.806171111762524 2.9639871194958678 2.5518833845853797 2.9393988698720923 15.925337292253969 5.4637889564037314 2.3921697735786429 11.326615810394285 2.8050353825092307 7.9471240937709799 1.87748348340392 3.3762015104293814 9.1379629150032979
leaf_count=3220 503 214 9 6 15 57 23 8 42 7 27 17 22 34
internal_value=-0.000702015 -0.00910371 -0.0149346 -0.0159229 -0.0167047 0.00857201 0.00217981 -0.0175504 -0.0183057 -0.0198309 -0.00225342 -0.0206218 -0.00737934 -0.003939
internal_weight=399.806 341.283 256.627 253.663 251.111 84.6566 68.7312 248.171 245.779 234.453 63.2675 231.648 55.3203 51.9441
internal_count=4204 3701 3324 3315 3309 377 320 3294 3286 3244 297 3237 270 248
is_linear=0
shrinkage=0.05


Tree=51
num_leaves=15
num_cat=0
split_feature=52 145 34 173 233 217 112 37 41 164 197 172 190 242
split_gain=55.348 12.3868 14.6617 10.4253 8.52759 7.74424 7.72796 7.65872 7.21938 6.02656 5.92854 5.07876 4.85632 4.81174
threshold=1.0000000180025095e-35 1.0000000180025095e-35 1.0000000180025095e-35 1.0000000180025095e-35 1.0000000180025095e-35 1.0000000180025095e-35 1.0000000180025095e-35 1.0000000180025095e-35 1.0000000180025095e-35 1.0000000180025095e-35 1.0000000180025095e-35 1.0000000180025095e-35 1.0000000180025095e-35 1.0000000180025095e-35
decision_type=2 2 2 2 2 2 2 2 2 2 2 2 2 2
left_child=1 2 3 4 6 8 7 9 13 10 11 -1 -10 -3
right_child=-2 5 -4 -5 -6 -7 -8 -9 12 -11 -12 -13 -14 -15
leaf_value=-0.026528472190568732 0.047587267601569685 0.012204292562076217 0.041756280803307115 0.057087493500761269 0.0086842576657508389 -0.067684414937514342 0.043857557661828264 0.054373472220138289 -0.065190155781692183 0.018762212659412806 0.026208256315261382 0.06010576865296479 0.04464569107581301 0.048430715079954278
leaf_weight=176.57690092176199 57.391803724691272 71.565419342368841 12.395000435411928 5.0438027530908576 31.332851134240627 3.0759221240878096 4.7199546694755545 3.3229964077472678 4.5276128798723212 8.5848289653658849 5.6761190816760054 1.7080439329147328 1.2939953058958051 10.512731134891508
leaf_count=2627 512 599 71 19 139 27 18 18 58 44 22 5 4 32
internal_value=0.00216622 -0.00549326 -0.0112549 -0.0140277 -0.0155743 0.0102991 -0.0193636 -0.0208871 0.013028 -0.022186 -0.0240969 -0.0256985 -0.0407764 0.0168442
internal_weight=397.728 340.336 249.36 236.965 231.922 90.9757 200.589 195.869 87.8998 192.546 183.961 178.285 5.82161 82.0782
internal_count=4195 3683 2963 2892 2873 720 2734 2716 693 2698 2654 2632 62 631
is_linear=0
shrinkage=0.05


Tree=52
num_leaves=15
num_cat=0
split_feature=52 173 145 187 91 158 233 164 41 217 197 239 51 277
split_gain=54.3346 9.43732 9.08288 8.06846 9.53635 9.58073 7.90071 7.94668 7.04559 7.08834 6.29069 6.13959 6.12678 5.75478
threshold=1.0000000180025095e-35 1.0000000180025095e-35 1.0000000180025095e-35 1.0000000180025095e-35 1.0000000180025095e-35 1.0000000180025095e-35 1.0000000180025095e-35 1.0000000180025095e-35 1.0000000180025095e-35 1.0000000180025095e-35 1.0000000180025095e-35 1.0000000180025095e-35 1.0000000180025095e-35 1.0000000180025095e-35
decision_type=2 2 2 2 2 2 2 2 2 2 2 2 2 2
left_child=1 2 3 4 5 -1 7 10 9 11 12 -4 -5 -8
right_child=-2 -3 8 6 -6 -7 13 -9 -10 -11 -12 -13 -14 -15
leaf_value=0.014582182772220651 0.047919117304486981 0.056265879991003076 0.017434510285195787 -0.024698796895092218 -0.042105948646024793 0.12963997659403434 0.058724339296435724 0.026456311161633481 -0.047396582050789171 -0.065720079411358961 0.031063746144363198 -0.033183260675188668 0.069562015499767246 -0.0010911748630224106
leaf_weight=29.581546898931268 56.592667018994689 6.1747660040855399 76.784276101738214 156.6469885148108 7.215152319520711 1.9271521903574456 4.7374216616153744 8.9815303534269315 5.5348232053220263 2.9238839223980895 5.4313298165798178 6.4975794255733481 1.7430736422538746 26.592010572552681
leaf_count=259 530 26 593 2364 99 11 12 42 61 27 20 48 4 127
internal_value=0.00254949 -0.00498515 -0.0061155 -0.0111787 0.0097459 0.0216194 -0.0151481 -0.0193365 0.0072879 0.0107989 -0.0218471 0.0134854 -0.0236615 0.00795372
internal_weight=397.364 340.772 334.597 242.856 38.7239 31.5087 204.132 172.803 91.7406 86.2057 163.821 83.2819 158.39 31.3294
internal_count=4223 3693 3667 2938 369 270 2569 2430 729 668 2388 641 2368 139
is_linear=0
shrinkage=0.05


Tree=53
num_leaves=15
num_cat=0
split_feature=52 285 282 127 277 38 237 266 61 280 271 18 102 277
split_gain=51.1946 12.5558 9.17075 7.53298 6.33852 6.11326 5.60726 6.41901 6.7807 5.80606 7.55877 7.27802 4.91143 4.89111
threshold=1.0000000180025095e-35 1.0000000180025095e-35 1.0000000180025095e-35 1.0000000180025095e-35 2.5000000000000004 1.0000000180025095e-35 1.0000000180025095e-35 1.0000000180025095e-35 1.0000000180025095e-35 1.0000000180025095e-35 1.0000000180025095e-35 1.0000000180025095e-35 1.0000000180025095e-35 1.5000000000000002
decision_type=2 2 2 2 2 2 2 2 2 2 2 2 2 2
left_child=1 2 3 5 6 -1 7 8 9 11 -11 -3 -9 -13
right_child=-2 4 -4 -5 -6 -7 -8 12 -10 10 -12 13 -14 -15
leaf_value=-0.021769011381312604 0.047479508812933578 0.031273022913348235 0.0073150630375455536 0.091705788372293526 0.051697787970350975 0.1301500101822973 -0.057853424368048634 -0.005273626510755274 -0.063941533772034362 0.01432363528634579 -0.054617112317978313 -0.056635984758996311 -0.079869602743775581 0.026357459111125126
leaf_weight=146.52829081192613 52.257726978510618 49.999920163303614 38.919458489865065 1.4954407811164845 7.0099094212055197 0.66520576179027457 3.689319819211959 53.23160706833005 2.7032983005046836 12.291066382080318 5.8770566284656516 4.271386854350566 2.3019875884056082 3.0378095656633377
leaf_count=2549 508 274 222 4 30 4 64 318 27 49 34 32 14 11
internal_value=0.00147861 -0.00576158 -0.0142923 -0.0199481 0.00532077 -0.0210824 0.00295475 0.00463252 0.0138655 0.0166523 -0.00797744 0.0244604 -0.00836579 -0.0221427
internal_weight=384.279 332.022 187.608 148.689 144.413 147.193 137.403 133.714 78.1805 75.4772 18.1681 57.3091 55.5336 7.3092
internal_count=4140 3632 2779 2557 853 2553 823 759 427 400 83 317 332 43
is_linear=0
shrinkage=0.05


Tree=54
num_leaves=15
num_cat=0
split_feature=52 34 178 91 267 104 112 187 264 292 158 266 70 286
split_gain=44.194 9.2489 8.94077 11.4338 8.49155 22.0928 6.21076 6.09281 9.67299 9.3233 6.6045 8.28144 6.65846 6.56734
threshold=1.0000000180025095e-35 1.0000000180025095e-35 1.0000000180025095e-35 1.0000000180025095e-35 1.0000000180025095e-35 1.0000000180025095e-35 1.0000000180025095e-35 1.0000000180025095e-35 1.0000000180025095e-35 1.0000000180025095e-35 1.0000000180025095e-35 1.0000000180025095e-35 1.0000000180025095e-35 1.5000000000000002
decision_type=2 2 2 2 2 2 2 2 2 2 2 2 2 2
left_child=1 2 3 4 7 6 -6 10 -9 13 11 12 -1 -10
right_child=-2 -3 -4 -5 5 -7 -8 8 9 -11 -12 -13 -14 -15
leaf_value=0.073620447343009529 0.046365789884986457 0.03712368948546417 0.006108907226693952 -0.039337208986064909 -0.044725743144333641 0.19772162475776364 0.10013017221220688 -0.015494147067445594 0.0097156781933725941 -0.028839342811685421 0.1050625367164803 -0.061508089876102325 0.0052447700878498864 0.056076942513486952
leaf_weight=5.2187283486127933 48.58201933093369 12.753308508545159 100.45211111754179 32.354111023247242 26.826093044132001 1.0068345740437497 0.76095709949731727 96.508295755833387 22.892582323402166 10.404368694871662 2.1490641720592967 3.1522061154246321 11.205465938895941 11.463912587612866
leaf_count=16 496 76 480 508 502 7 3 1617 151 109 12 49 132 55
internal_value=0.00178146 -0.00464301 -0.00628504 -0.0118445 -0.00720171 -0.0323338 -0.0407301 -0.00279283 -0.00658382 0.0126276 0.021858 0.0127239 0.0269709 0.0251853
internal_weight=385.73 337.148 324.395 223.943 191.589 28.5939 27.5871 162.995 141.269 44.7609 21.7255 19.5764 16.4242 34.3565
internal_count=4213 3717 3641 3161 2653 512 505 2141 1932 315 209 197 148 206
is_linear=0
shrinkage=0.05


Tree=55
num_leaves=15
num_cat=0
split_feature=52 178 91 276 264 277 146 158 285 145 158 205 288 239
split_gain=50.3116 11.5134 7.06197 6.36937 5.78413 7.68945 6.52103 6.50345 6.26537 6.65417 10.9595 6.60744 8.46966 11.2544
threshold=1.0000000180025095e-35 1.0000000180025095e-35 1.0000000180025095e-35 1.0000000180025095e-35 1.0000000180025095e-35 1.0000000180025095e-35 1.0000000180025095e-35 1.0000000180025095e-35 1.5000000000000002 1.0000000180025095e-35 1.0000000180025095e-35 1.0000000180025095e-35 1.0000000180025095e-35 1.0000000180025095e-35
decision_type=2 2 2 2 2 2 2 2 2 2 2 2 2 2
left_child=1 2 4 -3 5 6 8 -7 9 -1 11 12 13 -11
right_child=-2 3 -4 -5 -6 7 -8 -9 -10 10 -12 -13 -14 -15
leaf_value=-0.032529470399317161 0.04757356647553021 0.0033913776707465587 -0.035063120920560097 0.047562453961626505 0.0032605960095296719 0.014055951045350561 0.075930116899465216 -0.071986472393260434 0.073357615153980843 0.064348316435863875 -0.059461402060645409 -0.060624568489568632 -0.032562116480231683 -0.061502183957667593
leaf_weight=74.509794283658266 48.836662862449884 90.091919802129269 31.350878871977329 8.974289730191229 61.094876110553741 27.39674032852054 1.6861031018197525 2.3875178545713416 1.6534118875861157 11.438835706561813 6.698907107114791 2.5968919098377219 4.7885051704943171 2.1030541285872451
leaf_count=1587 518 448 498 36 548 197 16 24 6 120 96 29 63 23
internal_value=0.000238193 -0.00683617 -0.0130267 0.00739278 -0.00950822 -0.0152757 -0.0216108 0.00715876 -0.0231954 -0.0247584 -0.00379923 0.0140184 0.0245932 0.0448037
internal_weight=375.608 326.772 227.706 99.0662 196.355 135.26 105.476 29.7843 103.789 102.136 27.6262 20.9273 18.3304 13.5419
internal_count=4209 3691 3207 484 2709 2161 1940 221 1924 1918 331 235 206 143
is_linear=0
shrinkage=0.05


Tree=56
num_leaves=15
num_cat=0
split_feature=52 285 276 34 69 197 71 196 34 275 237 187 260 0
split_gain=48.2364 11.7827 8.10414 7.98396 6.16721 5.94734 6.34745 4.7092 4.62766 3.97913 3.89103 5.43232 5.07956 4.63603
threshold=1.0000000180025095e-35 1.0000000180025095e-35 1.0000000180025095e-35 1.0000000180025095e-35 1.0000000180025095e-35 1.0000000180025095e-35 1.0000000180025095e-35 1.0000000180025095e-35 1.0000000180025095e-35 1.0000000180025095e-35 1.0000000180025095e-35 1.0000000180025095e-35 1.0000000180025095e-35 1.0000000180025095e-35
decision_type=2 2 2 2 2 2 2 2 2 2 2 2 2 2
left_child=1 3 4 5 8 6 7 -1 10 -8 11 -3 13 -13
right_child=-2 2 -4 -5 -6 -7 9 -9 -10 -11 -12 12 -14 -15
leaf_value=-0.024576200357650929 0.046032997459765981 0.018155691235894524 0.047859853464566865 0.031493225177694276 0.058640529426261093 0.034396426782497179 0.066850959061052567 0.00929737911249158 0.05435944054350246 -0.013390688423043487 -0.057544578964462204 -0.015000095834916155 0.032017687002718613 0.023956601345238266
leaf_weight=150.55597005411983 47.360620679333806 25.220642257481813 9.3295077383518201 8.2880947738885862 4.2846836298704138 5.1096712201833716 3.2984619289636603 11.010792195796965 3.4991573989391318 2.9063190072774887 3.2961257621645919 79.663013078272343 7.3433487340807906 8.4467446990311128
leaf_count=2667 526 128 38 52 15 18 9 41 19 18 61 517 37 39
internal_value=-0.00108354 -0.00800813 0.00282614 -0.0164452 -0.000362708 -0.0187434 -0.0203618 -0.0222677 -0.00234601 0.0292658 -0.00394658 -0.00248258 -0.00793563 -0.0112655
internal_weight=369.613 322.253 141.083 181.169 131.754 172.881 167.772 161.567 127.469 6.20478 123.97 120.674 95.4531 88.1098
internal_count=4185 3659 854 2805 816 2753 2735 2708 801 27 782 721 593 556
is_linear=0
shrinkage=0.05


Tree=57
num_leaves=15
num_cat=0
split_feature=293 267 59 235 145 181 64 61 277 288 291 181 91 275
split_gain=16.4627 13.414 10.7831 9.97788 9.13673 6.49406 8.1734 7.81994 7.69569 7.08513 5.86698 5.54244 4.73264 7.19197
threshold=1.0000000180025095e-35 1.0000000180025095e-35 1.0000000180025095e-35 1.0000000180025095e-35 1.0000000180025095e-35 1.0000000180025095e-35 1.0000000180025095e-35 1.0000000180025095e-35 1.5000000000000002 1.5000000000000002 1.0000000180025095e-35 1.0000000180025095e-35 1.0000000180025095e-35 1.5000000000000002
decision_type=2 2 2 2 2 2 2 2 2 2 2 2 2 2
left_child=1 10 5 -4 -5 6 7 -2 -8 -9 11 12 13 -1
right_child=2 -3 3 4 -6 -7 8 9 -10 -11 -12 -13 -14 -15
leaf_value=-0.0045130803608003601 0.028436310007760535 -0.040799739402765739 -0.04913055296659663 -0.0068117841066131987 0.060581488155269314 -0.038599388152440933 -0.070361273609073696 -0.041413380465900963 0.064757803072626186 0.053180513808281739 0.10253655243425769 0.093491574608325537 -0.028730735503986273 0.066252173675216561
leaf_weight=131.15512537956238 104.34341792948544 29.685366556048393 11.556433230638502 31.158389981836081 5.9971766099333754 4.6817438490688792 4.2833294458687297 7.7010789364576322 1.3976385220885275 2.6644009724259377 1.2780421078205098 1.4145850390195835 19.840462818741798 3.6914976611733428
leaf_count=1865 874 603 122 143 21 46 39 75 5 12 6 3 295 35
internal_value=0.000322547 -0.00997103 0.0114028 -0.00855437 0.00406598 0.0191756 0.0214224 0.0243216 -0.0371191 -0.0170984 -0.00415604 -0.00502956 -0.00593052 -0.00257584
internal_weight=360.849 187.065 173.784 48.712 37.1556 125.072 120.39 114.709 5.68097 10.3655 157.38 156.102 154.687 134.847
internal_count=4144 2807 1337 286 164 1051 1005 961 44 87 2204 2198 2195 1900
is_linear=0
shrinkage=0.05


Tree=58
num_leaves=15
num_cat=0
split_feature=52 34 285 41 142 164 112 197 231 242 275 165 148 45
split_gain=44.6609 12.416 8.50042 5.93524 7.90196 6.76896 5.81181 5.61249 5.43412 5.61022 7.84109 6.73886 5.46669 5.43421
threshold=1.0000000180025095e-35 1.0000000180025095e-35 1.0000000180025095e-35 1.0000000180025095e-35 1.0000000180025095e-35 1.0000000180025095e-35 1.0000000180025095e-35 1.0000000180025095e-35 1.0000000180025095e-35 1.0000000180025095e-35 1.0000000180025095e-35 1.0000000180025095e-35 1.0000000180025095e-35 1.0000000180025095e-35
decision_type=2 2 2 2 2 2 2 2 2 2 2 2 2 2
left_child=1 2 6 4 5 8 7 -1 9 10 13 12 -12 -4
right_child=-2 -3 3 -5 -6 -7 -8 -9 -10 -11 11 -13 -14 -15
leaf_value=-0.019843676798741352 0.047393644554792169 0.039858539037326265 0.038061102034998677 -0.036138901859321719 -0.081911032534231709 0.070160933876389844 0.044098487637966942 0.039377783206413712 0.070780146259497065 0.024023618227559301 -0.0062030087113632455 -0.09167011136745376 -0.083176879650124783 -0.025573337314586234
leaf_weight=158.11187961325049 42.456193139776587 13.410179577767847 15.233217634260656 10.5335745960474 2.6863569319248191 3.8347811400890341 3.8138806521892539 4.1045675799250594 2.8591775223612776 21.595058463513851 70.899948492646217 2.5322819128632537 2.3841979205608359 4.3026100806891909
leaf_count=2738 505 86 115 87 22 10 15 14 7 85 441 21 27 30
internal_value=-0.000758218 -0.00722149 -0.00930591 -8.01876e-05 0.0029265 0.00476976 -0.0169108 -0.0183452 0.00267671 0.00101169 -0.00419997 -0.0114782 -0.00870725 0.0240461
internal_weight=358.758 316.302 302.892 136.861 126.328 123.641 166.03 162.216 119.806 116.947 95.3523 75.8164 73.2841 19.5358
internal_count=4203 3698 3612 845 758 736 2767 2752 726 719 634 489 468 145
is_linear=0
shrinkage=0.05


Tree=59
num_leaves=15
num_cat=0
split_feature=52 285 34 145 71 230 205 4 196 237 59 275 275 11
split_gain=36.1342 11.0819 8.23582 8.8866 7.9465 5.43383 5.13068 5.53539 7.00491 4.99228 5.11668 7.93942 4.68335 4.27054
threshold=1.0000000180025095e-35 1.0000000180025095e-35 1.0000000180025095e-35 1.0000000180025095e-35 1.0000000180025095e-35 1.0000000180025095e-35 1.0000000180025095e-35 1.0000000180025095e-35 1.0000000180025095e-35 1.0000000180025095e-35 1.0000000180025095e-35 1.5000000000000002 1.0000000180025095e-35 1.0000000180025095e-35
decision_type=2 2 2 2 2 2 2 2 2 2 2 2 2 2
left_child=1 2 3 4 -1 9 7 13 -9 10 -3 -12 -6 -5
right_child=-2 5 -4 6 12 -7 -8 8 -10 -11 11 -13 -14 -15
leaf_value=-0.026883709403550893 0.044849734607170177 0.014915729733705214 0.034981306894830998 0.0084204885084927517 0.060894302584469331 -0.07809371719590813 -0.060856476525104675 -0.050370743937440524 0.012568413164056637 -0.056056129356167966 -0.04526739004776132 0.0054162535529311134 -0.019226642293097545 0.053547031485161448
leaf_weight=109.87294686958194 40.694718221202493 89.125617742538452 8.3456166945397836 23.769225288182501 4.2483279407024375 1.9236651808023442 3.1052512750029555 8.2722496390342712 9.4951194226741791 3.1140723153948775 9.9189893491566163 34.959069855511189 3.196072518825531 6.7263715602457514
leaf_count=2250 506 511 56 315 12 17 35 91 34 64 88 169 20 41
internal_value=0.000503073 -0.00520661 -0.0135038 -0.0159026 -0.0234965 0.00535758 0.00144078 0.005449 -0.0167352 0.00652834 0.00798272 -0.00578589 0.0264963 0.018374
internal_weight=356.767 316.073 177.031 168.686 117.317 139.041 51.3682 48.263 17.7674 137.118 134.004 44.8781 7.4444 30.4956
internal_count=4209 3703 2854 2798 2282 849 516 481 125 832 768 257 32 356
is_linear=0
shrinkage=0.05


Tree=60
num_leaves=15
num_cat=0
split_feature=293 59 61 57 267 104 181 275 241 146 95 151 3 105
split_gain=10.8519 11.7358 11.1598 10.3104 8.1797 18.6869 7.94085 7.36214 6.47543 6.17506 5.84689 5.38225 4.81778 4.7403
threshold=1.0000000180025095e-35 1.0000000180025095e-35 1.0000000180025095e-35 1.0000000180025095e-35 1.0000000180025095e-35 1.0000000180025095e-35 1.0000000180025095e-35 2.5000000000000004 1.0000000180025095e-35 1.0000000180025095e-35 1.0000000180025095e-35 1.0000000180025095e-35 1.0000000180025095e-35 1.0000000180025095e-35
decision_type=2 2 2 2 2 2 2 2 2 2 2 2 2 2
left_child=4 2 3 8 6 11 13 -3 10 -5 12 -6 -2 -1
right_child=1 7 -4 9 5 -7 -8 -9 -10 -11 -12 -13 -14 -15
leaf_value=-0.0061186069999175112 0.030508825688837466 -0.023511018966947701 -0.035010328587975544 -0.051652832500032712 -0.04462192507906363 0.16639634856611785 0.093465463321864659 0.021486816644238151 -0.060700500758918453 0.042377993103963812 -0.074320334232204951 0.048557909372319324 -0.068478528438702488 0.075507968623947264
leaf_weight=150.241195730865 98.850318247452378 35.68843662366271 9.464358698576687 7.1092981547117216 28.304855607450015 1.1438659206032742 2.0690308660268775 12.196396201848982 2.1065417975187293 2.3143763169646263 1.3807328529655922 1.6395110189914692 1.2446912080049504 1.7999281622469414
leaf_count=2173 802 247 90 126 619 8 4 55 14 16 13 12 10 17
internal_value=-0.00017003 0.00893775 0.0171438 0.0215117 -0.00854784 -0.0319436 -0.00382827 -0.0120499 0.0260671 -0.0285596 0.0278683 -0.0395202 0.0292779 -0.00515228
internal_weight=355.554 170.355 122.47 113.006 185.198 31.0882 154.11 47.8848 103.582 9.42367 101.476 29.9444 100.095 152.041
internal_count=4206 1373 1071 981 2833 639 2194 302 839 142 825 631 812 2190
is_linear=0
shrinkage=0.05


Tree=61
num_leaves=15
num_cat=0
split_feature=52 277 34 73 142 164 43 145 88 263 112 146 275 158
split_gain=32.2563 6.76866 5.69205 6.71253 5.26544 6.19046 6.2894 5.6376 7.19077 7.35015 7.24013 6.43699 8.46393 6.34263
threshold=1.0000000180025095e-35 2.5000000000000004 1.0000000180025095e-35 1.0000000180025095e-35 1.0000000180025095e-35 1.0000000180025095e-35 1.0000000180025095e-35 1.0000000180025095e-35 1.0000000180025095e-35 1.0000000180025095e-35 1.0000000180025095e-35 1.0000000180025095e-35 1.5000000000000002 1.0000000180025095e-35
decision_type=2 2 2 2 2 2 2 2 2 2 2 2 2 2
left_child=1 2 3 4 5 6 7 8 9 11 -11 13 -13 -1
right_child=-2 -3 -4 -5 -6 -7 -8 -9 -10 10 -12 12 -14 -15
leaf_value=-0.018359384984494045 0.045739456733907884 0.046578782712152142 0.032084246044437555 -0.057093914645497991 -0.048736855857524249 0.04232914334872144 -0.067132682494926668 0.0070580920876092985 -0.11229285905569493 0.0030462611494963721 0.075750757838065924 -0.060201842118521726 0.081261582281660624 0.033368505469611821
leaf_weight=126.96981737390161 37.124260118231177 6.5950137525796881 10.21520137414336 6.2620584070682517 6.6552043966948977 7.1080406233668318 4.0046140700578681 80.94365669041872 1.6596489176154126 49.010918851941824 3.6814470142126074 1.4801328852772702 3.7018528804183006 6.2160907164216033
leaf_count=2119 494 31 73 144 69 28 73 684 14 377 10 25 16 60
internal_value=0.00166169 -0.00354129 -0.0046148 -0.00587411 -0.00477353 -0.00374611 -0.0049256 -0.0040153 -0.0086662 -0.00776604 0.00812589 -0.0138179 0.0408553 -0.0159451
internal_weight=351.628 314.504 307.909 297.693 291.431 284.776 277.668 273.664 192.72 191.06 52.6924 138.368 5.18199 133.186
internal_count=4217 3723 3692 3619 3475 3406 3378 3305 2621 2607 387 2220 41 2179
is_linear=0
shrinkage=0.05


Tree=62
num_leaves=15
num_cat=0
split_feature=52 285 173 69 91 8 292 198 275 187 38 267 136 127
split_gain=33.7163 6.76671 5.78354 5.21875 5.77473 9.70246 11.0665 6.64843 6.5667 5.45867 5.57995 4.23149 4.80243 4.11185
threshold=1.0000000180025095e-35 5.5000000000000009 1.0000000180025095e-35 1.0000000180025095e-35 1.0000000180025095e-35 1.0000000180025095e-35 1.0000000180025095e-35 1.0000000180025095e-35 2.5000000000000004 1.0000000180025095e-35 1.0000000180025095e-35 1.0000000180025095e-35 1.0000000180025095e-35 1.0000000180025095e-35
decision_type=2 2 2 2 2 2 2 2 2 2 2 2 2 2
left_child=1 2 3 4 7 6 -6 8 9 11 13 12 -1 -11
right_child=-2 -3 -4 -5 5 -7 -8 -9 -10 10 -12 -13 -14 -15
leaf_value=0.023738726858736292 0.045555263669422516 0.02145439076780653 0.055435025168897527 0.058665498091993534 -0.045006803179572216 -0.16069334780589528 5.1237815498520015e-05 0.12112394434513847 0.048671810645642334 -0.011939085802390996 0.071075475651376618 -0.041005965227420171 -0.075348110443308525 0.064685249543829731
leaf_weight=25.756853763014085 36.351440908387303 21.92929270863533 3.622033290565013 2.8934161365032187 24.571275597438216 1.2535489201545704 30.595487229526043 1.0356658101081837 5.3911070786416522 186.528908373788 2.0825557783246031 3.2918195426464072 1.2837871126830567 1.7674191966652859
leaf_count=230 503 79 18 11 430 11 219 3 26 2584 7 59 10 6
internal_value=-1.66928e-05 -0.00532627 -0.00735087 -0.00814476 -0.00882649 -0.0231432 -0.0200176 -0.00527028 -0.00584923 -0.00718096 -0.0103196 0.0125186 0.0190345 -0.0112199
internal_weight=348.355 312.003 290.074 286.452 283.558 56.4203 55.1668 227.138 226.102 220.711 190.379 30.3325 27.0406 188.296
internal_count=4196 3693 3614 3596 3585 660 649 2925 2922 2896 2597 299 240 2590
is_linear=0
shrinkage=0.05


Tree=63
num_leaves=15
num_cat=0
split_feature=52 34 73 37 145 217 173 127 146 91 183 275 71 45
split_gain=27.0579 6.47792 6.63171 6.21453 6.50096 5.54699 5.52443 5.13438 5.12585 6.06175 6.47767 7.18543 6.59348 8.11925
threshold=1.0000000180025095e-35 1.0000000180025095e-35 1.0000000180025095e-35 1.0000000180025095e-35 1.0000000180025095e-35 1.0000000180025095e-35 1.0000000180025095e-35 1.0000000180025095e-35 1.0000000180025095e-35 1.0000000180025095e-35 1.0000000180025095e-35 2.5000000000000004 1.0000000180025095e-35 1.0000000180025095e-35
decision_type=2 2 2 2 2 2 2 2 2 2 2 2 2 2
left_child=1 2 3 4 6 -6 7 8 9 10 11 12 13 -1
right_child=-2 -3 -4 -5 5 -7 -8 -9 -10 -11 -12 -13 -14 -15
leaf_value=-0.022929676182598051 0.044362842171663017 0.034594154124560426 -0.056858416937783075 0.054953715026810894 0.010816607922275272 -0.064337630237163143 0.054665780891190487 0.080090950034283709 0.020269666910598727 -0.030024552047876053 0.028823990830160035 0.046807820857749968 0.035234927906670009 0.0058769525588259174
leaf_weight=92.974563758820295 34.966319926083088 11.615257207304237 5.7045488171279422 4.6440637856721869 79.910146974027157 2.5330494940280905 3.4450819045305243 1.5976053997874249 13.152175970375536 37.410931827500463 11.330618217587469 5.2614432647824279 6.7882252261042586 33.193835308775306
leaf_count=1668 506 84 139 24 662 25 18 5 92 487 61 19 25 364
internal_value=0.00267075 -0.00203855 -0.00346665 -0.00242445 -0.00335098 0.00850751 -0.00811642 -0.0091887 -0.00990147 -0.0120239 -0.00752093 -0.0105004 -0.0127682 -0.0153509
internal_weight=344.528 309.562 297.946 292.242 287.598 82.4432 205.154 201.709 200.112 186.96 149.549 138.218 132.957 126.168
internal_count=4179 3673 3589 3450 3426 687 2739 2721 2716 2624 2137 2076 2057 2032
is_linear=0
shrinkage=0.05


Tree=64
num_leaves=15
num_cat=0
split_feature=293 59 267 57 178 271 187 104 265 233 61 148 264 146
split_gain=9.25937 7.50052 7.24964 6.5811 6.57523 7.92714 5.69878 5.58685 5.40931 5.32264 5.2525 5.35502 4.93676 4.7946
threshold=1.0000000180025095e-35 1.0000000180025095e-35 1.0000000180025095e-35 1.0000000180025095e-35 1.0000000180025095e-35 1.0000000180025095e-35 1.0000000180025095e-35 1.0000000180025095e-35 1.0000000180025095e-35 1.0000000180025095e-35 1.0000000180025095e-35 1.0000000180025095e-35 1.0000000180025095e-35 1.0000000180025095e-35
decision_type=2 2 2 2 2 2 2 2 2 2 2 2 2 2
left_child=2 3 12 8 -3 -6 -5 -4 10 -7 11 -2 13 -1
right_child=1 4 7 6 5 9 -8 -9 -10 -11 -12 -13 -14 -15
leaf_value=-0.012469334793507772 0.026530028070235186 -0.055207133341910866 -0.035471991319350055 0.098362580308230974 0.023477796577448487 -0.07947885756178813 -0.042388022959541534 0.097154198650769505 -0.037930813261309322 -0.011085179268055412 -0.01495418474110575 -0.035244372259056994 0.0093864453802226105 0.044315619020632024
leaf_weight=100.52510339766741 87.535670854151249 6.6635571718215934 28.111836900934581 0.79721391201019276 17.544148035347462 3.3730031922459629 7.3445116989314538 0.81713218241929908 4.1433071345090857 18.16195360198617 9.5315540693700296 3.6546646859496823 45.364123869687319 3.8600197359919539
leaf_count=1887 789 86 638 5 87 29 124 6 39 79 83 30 309 25
internal_value=-0.0010043 0.00778288 -0.00881142 0.0146975 -0.00929961 -0.00147171 -0.0286061 -0.0317258 0.0180596 -0.0217976 0.0203628 0.0240543 -0.00438476 -0.0103695
internal_weight=337.428 158.75 178.678 113.007 45.7427 39.0791 8.14173 28.929 104.865 21.535 100.722 91.1903 149.749 104.385
internal_count=4216 1351 2865 1070 281 195 129 644 941 108 902 819 2221 1912
is_linear=0
shrinkage=0.05


Tree=65
num_leaves=15
num_cat=0
split_feature=52 34 69 228 37 54 51 285 145 281 187 91 275 267
split_gain=34.7249 8.47446 7.95442 6.45087 6.42748 6.5574 5.91053 6.1063 5.33807 8.71562 8.06522 11.2854 8.62715 5.53825
threshold=1.0000000180025095e-35 1.0000000180025095e-35 1.0000000180025095e-35 1.0000000180025095e-35 1.0000000180025095e-35 1.0000000180025095e-35 1.0000000180025095e-35 5.5000000000000009 1.0000000180025095e-35 1.5000000000000002 1.0000000180025095e-35 1.0000000180025095e-35 2.5000000000000004 1.0000000180025095e-35
decision_type=2 2 2 2 2 2 2 2 2 2 2 2 2 2
left_child=1 2 3 4 5 6 7 8 9 10 11 13 -12 -1
right_child=-2 -3 -4 -5 -6 -7 -8 -9 -10 -11 12 -13 -14 -15
leaf_value=0.024192714034916029 0.044905438686388355 0.037199251013023717 0.057930308790311913 0.063130521004932008 0.054751654487216521 0.060769573441943774 0.059648797045467418 0.012954326649151734 -0.0054517908554967201 -0.16367359607051529 -0.028436324945049524 -0.06588257620669391 0.022021812718145808 -0.059055132677622052
leaf_weight=22.777957893908031 33.650588400661945 9.7339161150157434 4.216768115758895 2.8852047324180594 3.5587120950222006 2.9900362789630881 2.7207984626293173 18.955576747655869 76.548096921294928 1.0679822638630856 135.68163160048425 4.9311700928956261 9.0353128407150489 2.1899489611387244
leaf_count=200 520 73 17 9 19 11 6 70 702 11 2364 97 47 50
internal_value=-0.00323491 -0.00868391 -0.0102371 -0.0112515 -0.0120168 -0.0128749 -0.0136788 -0.0144145 -0.0164713 -0.0212726 -0.0204017 0.00323939 -0.025286 0.016891
internal_weight=330.944 297.293 287.559 283.342 280.457 276.899 273.908 271.188 252.232 175.684 174.616 29.8991 144.717 24.9679
internal_count=4196 3676 3603 3586 3577 3558 3547 3541 3471 2769 2758 347 2411 250
is_linear=0
shrinkage=0.05


Tree=66
num_leaves=15
num_cat=0
split_feature=52 34 145 158 175 71 217 51 282 39 260 275 91 164
split_gain=29.6048 7.63413 8.76303 9.18485 7.8127 6.25538 5.46264 4.4389 4.3885 12.4786 6.01288 5.552 5.07014 4.47118
threshold=1.0000000180025095e-35 1.0000000180025095e-35 1.0000000180025095e-35 1.0000000180025095e-35 1.0000000180025095e-35 1.0000000180025095e-35 1.0000000180025095e-35 1.0000000180025095e-35 1.0000000180025095e-35 1.0000000180025095e-35 1.0000000180025095e-35 1.5000000000000002 1.0000000180025095e-35 1.0000000180025095e-35
decision_type=2 2 2 2 2 2 2 2 2 2 2 2 2 2
left_child=1 2 4 6 5 7 -4 8 10 -10 12 13 -1 -12
right_child=-2 -3 3 -5 -6 -7 -8 -9 9 -11 11 -13 -14 -15
leaf_value=-0.025559332786550749 0.043527706816796928 0.035030327351360468 0.015589946531865151 -0.027137279265848958 0.00080107277762021941 0.025172761129426097 -0.062989923754117411 0.055288037972677173 -0.051511599149494026 0.038822188642287675 -0.057904633454895486 0.056648561425634139 -0.053474967301134095 0.079143602456752157
leaf_weight=88.527135528624058 31.925236485898495 10.354219213128088 66.252094767987728 18.033336699008942 59.194064203649759 7.0125489905476561 2.2880488187074652 1.7739992439746846 6.6378169767558548 9.0154025256633759 2.8512915056198831 3.9263138547539711 19.926581082865596 0.75212173908948887
leaf_count=1925 515 81 508 206 296 31 24 4 74 35 63 17 424 2
internal_value=-0.00222126 -0.00714647 -0.0086724 0.00461304 -0.0144343 -0.0208566 0.0129667 -0.023276 -0.0243348 0.000515746 -0.0276887 0.0155175 -0.0306884 -0.0292993
internal_weight=328.47 296.545 286.191 86.5735 199.617 140.423 68.5401 133.411 131.637 15.6532 115.983 7.52973 108.454 3.60341
internal_count=4205 3690 3609 738 2871 2575 532 2544 2540 109 2431 82 2349 65
is_linear=0
shrinkage=0.05


Tree=67
num_leaves=15
num_cat=0
split_feature=52 142 278 187 54 234 217 34 37 282 187 112 105 278
split_gain=23.7033 6.15635 5.39217 4.9956 4.46175 4.56031 8.61095 4.72629 4.71501 4.90294 6.851 5.66297 5.35685 5.20426
threshold=1.0000000180025095e-35 1.0000000180025095e-35 1.5000000000000002 1.0000000180025095e-35 1.0000000180025095e-35 1.0000000180025095e-35 1.0000000180025095e-35 1.0000000180025095e-35 1.0000000180025095e-35 1.0000000180025095e-35 1.0000000180025095e-35 1.0000000180025095e-35 1.0000000180025095e-35 1.0000000180025095e-35
decision_type=2 2 2 2 2 2 2 2 2 2 2 2 2 2
left_child=1 2 4 -3 5 7 -7 8 9 11 -11 12 -1 -12
right_child=-2 3 -4 -5 -6 6 -8 -9 -10 10 13 -13 -14 -15
leaf_value=-0.011836396123017732 0.043119477681610549 0.060803595372643494 0.039861194534207056 -0.066757711501926428 0.060316190844491462 0.078716179529516844 -0.061485181213551357 0.031582975212985455 0.054188698154682913 0.059393849767142598 -0.0047862452463645899 0.079831540611944196 0.059715233259631323 0.046491961886865482
leaf_weight=202.21239011920989 30.563243694603443 0.88214165344834317 7.4883666075766078 5.9069720674306145 2.7447517812252036 4.0750786550343028 1.497687831521034 8.7160173840820772 3.2323475107550612 5.5127838104963294 45.885456725955009 1.7339013814926136 2.6501185484230509 5.5461001172661772
leaf_count=3104 515 5 31 72 11 19 17 70 19 17 278 8 19 18
internal_value=0.00118427 -0.00311545 -0.00201846 -0.0501831 -0.00312347 -0.003743 0.0410369 -0.00464884 -0.0058326 -0.00656877 0.00642128 -0.0101492 -0.0109108 0.000743318
internal_weight=328.647 298.084 291.295 6.78911 283.807 281.062 5.57277 275.489 266.773 263.541 56.9443 206.596 204.863 51.4316
internal_count=4203 3688 3611 77 3580 3569 36 3533 3463 3444 313 3131 3123 296
is_linear=0
shrinkage=0.05


Tree=68
num_leaves=15
num_cat=0
split_feature=52 34 277 73 91 276 260 198 57 38 164 105 151 80
split_gain=23.0676 7.53763 6.14192 5.49089 5.22968 8.34117 8.25987 6.14177 5.9434 5.70456 5.22098 4.22992 4.08469 5.14217
threshold=1.0000000180025095e-35 1.0000000180025095e-35 2.5000000000000004 1.0000000180025095e-35 1.0000000180025095e-35 1.0000000180025095e-35 1.0000000180025095e-35 1.0000000180025095e-35 1.0000000180025095e-35 1.0000000180025095e-35 1.0000000180025095e-35 1.0000000180025095e-35 1.0000000180025095e-35 1.0000000180025095e-35
decision_type=2 2 2 2 2 2 2 2 2 2 2 2 2 2
left_child=1 2 3 4 7 6 12 8 9 10 11 -1 13 -6
right_child=-2 -3 -4 -5 5 -7 -8 -9 -10 -11 -12 -13 -14 -15
leaf_value=-0.0023421533179784557 0.043954183677270005 0.040470611541112554 0.049344670301265464 -0.056703821221660414 -0.035029025798775364 0.047971560949960919 0.031796938430157337 0.099956365970804539 -0.055860690099245804 0.10263887691159944 0.04230148929760344 0.074993451006902759 -0.0041250966704515441 -0.15025862110798816
leaf_weight=202.25323631614447 30.003989638760686 10.068240512162445 5.3858577087521544 4.9593425411730996 34.135296186432242 4.543426737189292 6.1610701624304047 1.5231897085905064 4.7923221066594115 1.3568661734461773 6.9829942360520354 1.7837213873863209 11.643004793673752 0.99644822627305885
leaf_count=2615 525 82 28 134 511 17 36 5 104 6 32 16 78 8
internal_value=0.00217541 -0.00205114 -0.00354536 -0.00455861 -0.00362222 -0.017043 -0.0226232 -9.48012e-05 -0.000796544 0.000445988 -0.000211116 -0.00166607 -0.0297913 -0.0382973
internal_weight=326.589 296.585 286.517 281.131 276.172 57.4792 52.9358 218.692 217.169 212.377 211.02 204.037 46.7747 35.1317
internal_count=4197 3672 3590 3562 3428 650 633 2778 2773 2669 2663 2631 597 519
is_linear=0
shrinkage=0.05


Tree=69
num_leaves=15
num_cat=0
split_feature=52 43 174 98 34 73 51 69 112 37 54 96 91 275
split_gain=20.6369 6.77831 4.69336 4.63179 4.32727 5.0317 4.07682 4.1107 4.19081 4.1146 3.99792 4.97359 3.61723 6.20362
threshold=1.0000000180025095e-35 1.0000000180025095e-35 1.0000000180025095e-35 1.0000000180025095e-35 1.0000000180025095e-35 1.0000000180025095e-35 1.0000000180025095e-35 1.0000000180025095e-35 1.0000000180025095e-35 1.0000000180025095e-35 1.0000000180025095e-35 1.0000000180025095e-35 1.0000000180025095e-35 2.5000000000000004
decision_type=2 2 2 2 2 2 2 2 2 2 2 2 2 2
left_child=1 2 3 4 5 6 7 8 9 10 11 12 13 -1
right_child=-2 -3 -4 -5 -6 -7 -8 -9 -10 -11 -12 -13 -14 -15
leaf_value=-0.004775156998922947 0.042244323296399905 -0.065002914125584302 0.11892059252367815 0.04504353962290835 0.031543722100845377 -0.056744361118235533 0.057070004071896913 0.055661578728802043 0.042582640205620151 0.054254319076310266 0.060815395905586468 -0.12852993305523655 -0.018623061462288312 0.048168673048289513
leaf_weight=202.16768964752555 27.915626180358231 4.3065516911447039 0.80274666473269363 5.108372949063777 8.7901939526200277 4.4641374889761201 2.774716228246688 2.8708183467388144 4.6453702226281157 2.8657369613647452 2.2203013449907294 0.83319894038140674 47.473204938694835 5.6886069662868968
leaf_count=2708 512 95 3 37 75 124 7 13 18 17 8 9 583 21
internal_value=0.00115435 -0.00273381 -0.00181135 -0.00214566 -0.00299209 -0.00409199 -0.00322638 -0.00384888 -0.0044914 -0.00532845 -0.00598928 -0.00656831 -0.00617033 -0.00332619
internal_weight=322.927 295.012 290.705 289.902 284.794 276.004 271.54 268.765 265.894 261.249 258.383 256.163 255.33 207.856
internal_count=4230 3718 3623 3620 3583 3508 3384 3377 3364 3346 3329 3321 3312 2729
is_linear=0
shrinkage=0.05


Tree=70
num_leaves=15
num_cat=0
split_feature=277 59 265 143 181 201 275 105 275 252 183 287 197 164
split_gain=7.2648 7.12464 5.85201 5.70933 4.82557 4.93898 4.75292 4.24588 4.4181 8.07617 7.40712 4.70362 5.8182 5.05239
threshold=1.0000000180025095e-35 1.0000000180025095e-35 1.0000000180025095e-35 1.0000000180025095e-35 1.0000000180025095e-35 1.0000000180025095e-35 2.5000000000000004 1.0000000180025095e-35 1.0000000180025095e-35 1.0000000180025095e-35 1.0000000180025095e-35 1.5000000000000002 1.0000000180025095e-35 1.0000000180025095e-35
decision_type=2 2 2 2 2 2 2 2 2 2 2 2 2 2
left_child=3 2 -2 4 5 7 -3 8 10 11 -1 12 13 -10
right_child=1 6 -4 -5 -6 -7 -8 -9 9 -11 -12 -13 -14 -15
leaf_value=-0.0083395913292352939 0.017452013756536818 -0.018105571413009058 -0.042384139565492203 0.14968150622256185 0.060440039504211729 0.042890922156257824 0.018539423401154023 0.062805531748851381 -0.039554073857792943 0.066821061518286345 0.055709310535708503 0.0053300881423350563 0.05538314175115118 0.053667233147994799
leaf_weight=98.67632801271975 95.473613576032221 34.778247248381376 4.2688889075070611 0.57353514432907005 2.5129241794347754 4.4043594002723685 11.868092350661753 1.9381572045385826 43.604414887726307 2.4237501025199881 4.7304429039359084 9.6900561954826099 1.7934689074754704 1.5035894364118565
leaf_count=1801 1004 239 45 1 13 17 60 17 886 9 26 81 4 6
internal_value=-0.000837453 0.0073477 0.0148911 -0.00780986 -0.00833723 -0.00936133 -0.00878209 -0.0107615 -0.0116394 -0.0225553 -0.00540961 -0.0263831 -0.0329352 -0.0364467
internal_weight=318.24 146.389 99.7425 171.851 171.277 168.765 46.6463 164.36 162.422 59.0153 103.407 56.5915 46.9015 45.108
internal_count=4209 1348 1049 2861 2860 2847 299 2830 2813 986 1827 977 896 892
is_linear=0
shrinkage=0.05


Tree=71
num_leaves=15
num_cat=0
split_feature=293 267 285 104 264 158 286 147 146 71 127 168 89 11
split_gain=8.85819 8.5477 7.61659 5.21731 5.19288 8.76015 5.74032 9.66507 6.41023 5.69562 5.61772 4.55469 4.61973 4.32922
threshold=1.0000000180025095e-35 1.0000000180025095e-35 1.5000000000000002 1.0000000180025095e-35 1.0000000180025095e-35 1.0000000180025095e-35 1.5000000000000002 1.0000000180025095e-35 1.0000000180025095e-35 1.0000000180025095e-35 1.0000000180025095e-35 1.0000000180025095e-35 1.0000000180025095e-35 1.0000000180025095e-35
decision_type=2 2 2 2 2 2 2 2 2 2 2 2 2 2
left_child=1 2 4 -3 6 -6 7 8 9 10 -1 12 -2 -7
right_child=11 3 -4 -5 5 13 -8 -9 -10 -11 -12 -13 -14 -15
leaf_value=-0.018897761027980037 0.0096169889214936868 -0.040779250098615327 0.034315060490197911 0.081370371426607691 -0.00082901558271509287 0.13005707318728477 -0.060300459300641554 0.21144265105735904 0.085500199475729871 0.037241112329684384 0.13440989237807241 -0.071473213932255683 -0.069108183089935105 0.028351866420151101
leaf_weight=75.736972231417894 149.27208056580275 23.565417926758531 11.738114222884176 0.907861627638339 37.926623778417706 1.9391745626926411 6.3586970772594205 0.48540704883634944 1.6416896022856224 5.0302134975790969 0.60229963064193626 1.7954855263233174 1.8870556764304627 2.2724660187959671
leaf_count=1718 1350 619 40 7 279 11 110 9 16 18 1 17 15 14
internal_value=-0.0010142 -0.00893272 -0.00428174 -0.036248 -0.00771413 0.00676796 -0.0145056 -0.0110181 -0.0123189 -0.0142925 -0.0176882 0.00769384 0.00863419 0.0751802
internal_weight=321.16 168.205 143.732 24.4733 131.994 42.1383 89.8553 83.4966 83.0112 81.3695 76.3393 152.955 151.159 4.21164
internal_count=4224 2842 2216 626 2176 304 1872 1762 1753 1737 1719 1382 1365 25
is_linear=0
shrinkage=0.05


Tree=72
num_leaves=15
num_cat=0
split_feature=52 43 145 239 187 275 34 233 277 237 252 173 183 271
split_gain=18.5727 6.48994 5.32969 7.68945 5.94198 9.71294 6.76773 7.67805 6.59313 6.56234 6.5158 5.6912 5.11996 5.03069
threshold=1.0000000180025095e-35 1.0000000180025095e-35 1.0000000180025095e-35 1.0000000180025095e-35 1.0000000180025095e-35 1.0000000180025095e-35 1.0000000180025095e-35 1.0000000180025095e-35 1.0000000180025095e-35 1.0000000180025095e-35 1.0000000180025095e-35 1.0000000180025095e-35 1.0000000180025095e-35 1.0000000180025095e-35
decision_type=2 2 2 2 2 2 2 2 2 2 2 2 2 2
left_child=1 2 4 -4 5 9 7 11 10 -1 -7 12 -6 -10
right_child=-2 -3 3 -5 6 8 -8 -9 13 -11 -12 -13 -14 -15
leaf_value=0.063641935213745102 0.042686967090776427 -0.065020203392829171 0.014586275319331522 -0.042733300260551804 -0.01895610367071662 -0.063311843595541997 0.034482984672072163 0.01115887529038697 0.041900810058556628 -0.05679402998928116 0.10409371831268716 0.054957324922634311 0.087461113577975036 -0.019015687207466828
leaf_weight=10.553763162344691 25.895653738640249 3.9690257497131816 75.33370254188776 6.3436872512102118 125.28778262808919 6.0052799489349153 8.5896896664053184 31.271293170750141 7.3017705455422384 1.2668288052082068 0.64354586601257313 2.731078475713729 1.1405607946217049 6.3250565156340599
leaf_count=99 503 92 662 51 2301 135 77 143 35 29 1 15 10 39
internal_value=0.00213426 -0.00152779 -0.00063667 0.0101344 -0.00501101 0.0147111 -0.00875616 -0.0110712 -0.00629037 0.0507347 -0.0471085 -0.0164535 -0.0179961 0.0136257
internal_weight=312.659 286.763 282.794 81.6774 201.117 32.0962 169.02 160.431 20.2757 11.8206 6.64883 129.159 126.428 13.6268
internal_count=4192 3689 3597 713 2884 338 2546 2469 210 128 136 2326 2311 74
is_linear=0
shrinkage=0.05


Tree=73
num_leaves=15
num_cat=0
split_feature=52 34 145 173 205 129 233 58 264 146 37 127 22 245
split_gain=18.7306 5.73369 5.39329 4.79638 4.81432 4.28255 4.1838 5.07165 4.52565 8.12482 4.35052 3.90717 3.76911 3.39965
threshold=1.0000000180025095e-35 1.0000000180025095e-35 1.0000000180025095e-35 1.0000000180025095e-35 1.0000000180025095e-35 1.0000000180025095e-35 1.0000000180025095e-35 1.0000000180025095e-35 1.0000000180025095e-35 1.0000000180025095e-35 1.0000000180025095e-35 1.0000000180025095e-35 1.0000000180025095e-35 1.0000000180025095e-35
decision_type=2 2 2 2 2 2 2 2 2 2 2 2 2 2
left_child=1 2 3 4 5 6 7 8 9 10 11 -1 -10 -14
right_child=-2 -3 -4 -5 -6 -7 -8 -9 12 -11 -12 -13 13 -15
leaf_value=-0.022874626082804959 0.044753257368432234 0.03867410086226894 0.0086634206538337664 0.054279378553741348 0.07539574454292286 0.059057913349042368 0.0088850222901595867 -0.089510095985561644 -0.074306075537062366 0.048215422525582904 0.053216767775221142 0.092093451012270233 0.0055655433390431365 -0.058647609828356095
leaf_weight=94.825468616560102 24.709050925448537 8.9876365549862367 83.970604211091995 3.1891655027866355 1.7331673204898823 2.3288470804691306 27.336953833699226 2.0988081619143477 1.6307978555560101 4.5050099138170472 1.9630397781729687 0.74480985105037589 49.580888640135527 2.1506391335278741
leaf_count=2031 498 82 732 20 4 5 127 16 19 32 14 2 527 36
internal_value=0.00299276 -0.000627227 -0.00190676 -0.00652749 -0.00755409 -0.00832221 -0.00917117 -0.0123052 -0.0112624 -0.0174329 -0.0204652 -0.0219786 0.000536644 0.002896
internal_weight=309.755 285.046 276.058 192.088 188.898 187.165 184.836 157.499 155.401 102.038 97.5333 95.5703 53.3623 51.7315
internal_count=4145 3647 3565 2833 2813 2809 2804 2677 2661 2079 2047 2033 582 563
is_linear=0
shrinkage=0.05


Tree=74
num_leaves=15
num_cat=0
split_feature=52 285 197 112 267 104 22 275 34 187 145 157 4 91
split_gain=15.6039 6.35979 4.16341 4.41035 4.15992 14.4319 4.98928 7.64281 4.01574 4.00344 4.7861 6.2139 4.96319 4.76708
threshold=1.0000000180025095e-35 1.0000000180025095e-35 1.0000000180025095e-35 1.0000000180025095e-35 1.0000000180025095e-35 1.0000000180025095e-35 1.0000000180025095e-35 1.5000000000000002 1.0000000180025095e-35 1.0000000180025095e-35 1.0000000180025095e-35 1.0000000180025095e-35 1.0000000180025095e-35 1.0000000180025095e-35
decision_type=2 2 2 2 2 2 2 2 2 2 2 2 2 2
left_child=1 2 3 4 6 8 7 -1 -6 13 11 12 -11 -8
right_child=-2 -3 -4 -5 5 -7 9 -9 -10 10 -12 -13 -14 -15
leaf_value=0.022987771647819059 0.039445642859017277 0.0056776647071193074 0.036781604423219941 0.037075449341954836 -0.046781075792605473 0.12487168491189822 0.026913565301191884 0.25157628405401888 0.052286805361115511 -0.029720607602792312 -0.00037822200674924905 0.087901586657798292 0.020382232984289532 -0.058460902518227498
leaf_weight=3.0818031113594766 24.192287981510162 129.8508967962116 4.7151613458991042 4.6251552775502196 20.666719412431128 1.3799372762441624 11.668409198522564 0.41489454917609681 1.0761808678507794 53.872303806245327 39.174653183668852 1.2415090799331654 5.4421605523675671 1.90152738057077
leaf_count=83 512 849 16 17 609 8 141 3 10 1377 370 2 114 45
internal_value=0.000924583 -0.00241427 -0.00945395 -0.0109622 -0.0125501 -0.0319263 -0.00871412 0.0501105 -0.0418776 -0.0105296 -0.0139965 -0.0228064 -0.0251236 0.0149502
internal_weight=303.304 279.111 149.26 144.545 139.92 23.1228 116.797 3.4967 21.7429 113.301 99.7306 60.556 59.3145 13.5699
internal_count=4156 3644 2795 2779 2762 627 2135 86 619 2049 1863 1493 1491 186
is_linear=0
shrinkage=0.05


Tree=75
num_leaves=15
num_cat=0
split_feature=52 277 51 267 260 4 57 285 216 148 18 61 70 73
split_gain=14.2684 5.58725 5.0976 5.65912 5.79861 9.28494 5.05452 4.50978 4.48753 6.05543 5.33956 4.35895 5.94735 3.81798
threshold=1.0000000180025095e-35 2.5000000000000004 1.0000000180025095e-35 1.0000000180025095e-35 1.0000000180025095e-35 1.0000000180025095e-35 1.0000000180025095e-35 5.5000000000000009 1.0000000180025095e-35 1.0000000180025095e-35 1.0000000180025095e-35 1.0000000180025095e-35 1.0000000180025095e-35 1.0000000180025095e-35
decision_type=2 2 2 2 2 2 2 2 2 2 2 2 2 2
left_child=1 2 3 4 6 -6 8 -5 9 11 -11 13 -13 -1
right_child=-2 -3 -4 7 5 -7 -8 -9 -10 10 -12 12 -14 -15
leaf_value=0.0013551248245321512 0.037871803623510739 0.054349859368961279 0.067641296819271446 -0.025140222362549258 0.048348147238280015 -0.077831974892543843 -0.056588877014421481 0.046485669784898979 0.087767644615889109 -0.075646699088956701 0.047661038927253721 0.028290751941122974 -0.061642967093310665 -0.056149551242519115
leaf_weight=197.29393587820232 23.741837459616363 4.2577239722013465 2.5047323778271666 38.890050077810884 11.091160943731662 1.6785808354616172 4.2972571421414605 2.3292551785707465 1.3886589482426632 4.7305171824991694 1.0780091285705564 2.6000197604298592 6.2748557105660421 2.929330598562955
leaf_count=2438 525 26 6 741 64 12 90 7 4 55 4 15 70 91
internal_value=0.000649014 -0.00249211 -0.00336555 -0.00401327 -0.000996492 0.0317618 -0.00289281 -0.0210927 -0.00182601 -0.00240493 -0.0527619 -0.00100607 -0.0352956 0.000513813
internal_weight=305.086 281.344 277.086 274.582 233.362 12.7697 220.593 41.2193 216.295 214.907 5.80853 209.098 8.87488 200.223
internal_count=4148 3623 3597 3591 2843 76 2767 748 2677 2673 59 2614 85 2529
is_linear=0
shrinkage=0.05


Tree=76
num_leaves=15
num_cat=0
split_feature=52 228 69 218 73 168 265 43 292 178 59 11 217 176
split_gain=14.0325 4.51795 4.49196 3.73855 3.55572 3.60107 3.15914 4.49976 4.01535 3.56226 7.13152 5.60044 4.10487 4.42928
threshold=1.0000000180025095e-35 1.0000000180025095e-35 1.0000000180025095e-35 1.0000000180025095e-35 1.0000000180025095e-35 1.0000000180025095e-35 1.0000000180025095e-35 1.0000000180025095e-35 1.5000000000000002 1.0000000180025095e-35 1.0000000180025095e-35 1.0000000180025095e-35 1.0000000180025095e-35 1.0000000180025095e-35
decision_type=2 2 2 2 2 2 2 2 2 2 2 2 2 2
left_child=1 2 3 4 5 6 7 9 -8 10 12 -11 13 -1
right_child=-2 -3 -4 -5 -6 -7 8 -9 -10 11 -12 -13 -14 -15
leaf_value=-0.00053347991690760085 0.040992073972045191 0.062048028535986614 0.057752571151621648 -0.073140569777090395 -0.045783010997097501 -0.075729866326545908 -0.041176249588044882 -0.064720356458023209 0.062157930932539011 0.003913913099671742 -0.058872464162926519 0.037573983512571213 -0.070688116372237528 0.12542766334732636
leaf_weight=162.01920543983579 21.904015515930951 2.8534797132015219 3.1958063244819632 1.8277317658066738 4.4385088775306931 1.5883291549980629 8.0650184880942071 2.5947314407676449 1.0641469620168216 71.980405069887638 5.4780314266681662 14.918783463537691 2.0794537477195254 0.70093071460723777
leaf_count=2764 500 10 14 15 142 15 90 70 5 387 84 65 23 7
internal_value=0.00243751 -0.000548652 -0.00118669 -0.00186728 -0.00139345 -0.000665057 -0.000221668 0.000794296 -0.029131 0.00145529 -0.00274855 0.00969265 -0.000882955 9.10833e-06
internal_weight=304.709 282.805 279.951 276.755 274.928 270.489 268.901 259.772 9.12917 257.177 170.278 86.8992 164.8 162.72
internal_count=4191 3691 3681 3667 3652 3510 3495 3400 95 3330 2878 452 2794 2771
is_linear=0
shrinkage=0.05


Tree=77
num_leaves=15
num_cat=0
split_feature=52 69 148 38 108 37 54 105 233 245 201 239 278 275
split_gain=13.6021 4.81315 4.46092 4.72941 4.52091 3.96849 3.6402 3.417 3.34982 5.00614 4.46638 5.16058 3.24001 3.49924
threshold=1.0000000180025095e-35 1.0000000180025095e-35 1.0000000180025095e-35 1.0000000180025095e-35 1.0000000180025095e-35 1.0000000180025095e-35 1.0000000180025095e-35 1.0000000180025095e-35 1.0000000180025095e-35 1.0000000180025095e-35 1.0000000180025095e-35 1.0000000180025095e-35 1.0000000180025095e-35 2.5000000000000004
decision_type=2 2 2 2 2 2 2 2 2 2 2 2 2 2
left_child=1 2 3 4 5 6 7 8 9 10 11 -1 13 -4
right_child=-2 -3 12 -5 -6 -7 -8 -9 -10 -11 -12 -13 -14 -15
leaf_value=-0.0045894873318321336 0.039250188409563999 0.057079573833949807 -0.049734962131275331 0.066471535227313028 -0.06053741507052092 0.053670831443396877 0.059015955871538239 0.052956384294573625 0.012095917190453824 -0.059207944678096196 0.046640888106505921 -0.06662192770977883 -0.010079741099166987 -0.17241652818326209
leaf_weight=211.78562275692821 21.361515203490853 3.3892583400011054 3.1700828745961176 2.5171618498861781 3.3010228220373383 3.2014920115470877 2.3950475454330435 2.7079013660550109 30.289871700108051 4.275234403088688 4.1753616929054251 3.4066786617040625 4.5612313412129879 0.71173676848411549
leaf_count=3192 508 16 48 9 61 22 12 18 138 76 16 38 28 6
internal_value=0.000792218 -0.00214296 -0.0028689 -0.00174177 -0.0023884 -0.00165642 -0.00234022 -0.00291282 -0.0035086 -0.00562205 -0.00457772 -0.00557151 -0.0386537 -0.0722288
internal_weight=301.249 279.888 276.498 268.055 265.538 262.237 259.036 256.641 253.933 223.643 219.368 215.192 8.44305 3.88182
internal_count=4188 3680 3664 3582 3573 3512 3490 3478 3460 3322 3246 3230 82 54
is_linear=0
shrinkage=0.05


Tree=78
num_leaves=15
num_cat=0
split_feature=52 34 187 275 158 283 145 158 239 283 281 64 127 51
split_gain=12.1027 4.84757 5.03059 6.30519 7.94606 6.54809 5.28961 10.161 5.86973 5.11305 4.9762 6.4304 5.12232 4.47039
threshold=1.0000000180025095e-35 1.0000000180025095e-35 1.0000000180025095e-35 1.0000000180025095e-35 1.0000000180025095e-35 1.0000000180025095e-35 1.0000000180025095e-35 1.0000000180025095e-35 1.0000000180025095e-35 1.0000000180025095e-35 1.0000000180025095e-35 1.0000000180025095e-35 1.0000000180025095e-35 1.0000000180025095e-35
decision_type=2 2 2 2 2 2 2 2 2 2 2 2 2 2
left_child=1 2 3 4 -1 -5 10 8 9 -8 11 12 13 -4
right_child=-2 -3 6 5 -6 -7 7 -9 -10 -11 -12 -13 -14 -15
leaf_value=0.028510032902635596 0.037188392875651226 0.034324964680339201 -0.021053326251528025 -0.011425570624324508 0.17070296785448144 0.053729300227587276 0.037319466980039392 -0.03187466057106169 -0.038370660636479627 0.0050973689341558218 0.004258516908515933 0.051687164821991774 0.068148995276324148 0.068209280713632414
leaf_weight=13.034762229770418 20.456207716837525 8.5897402092814428 114.59329026192427 25.055374036543075 1.0626025423407561 4.5576696917414656 22.651355993002653 14.906342124566434 4.7508123479783526 26.970786567777395 36.665394879877567 3.3360499069094649 1.6733174398541439 1.4200228452682484
leaf_count=147 506 82 2206 280 5 16 253 184 40 155 313 14 5 3
internal_value=6.49947e-05 -0.00265428 -0.00382778 0.0117047 0.039228 -0.00139775 -0.00681911 0.00469679 0.0147228 0.019806 -0.0118785 -0.0167675 -0.018708 -0.0199607
internal_weight=299.724 279.268 270.678 43.7104 14.0974 29.613 226.967 69.2793 54.373 49.6221 157.688 121.023 117.687 116.013
internal_count=4209 3703 3621 448 152 296 3173 632 448 408 2541 2228 2214 2209
is_linear=0
shrinkage=0.05


Tree=79
num_leaves=15
num_cat=0
split_feature=263 288 198 11 278 187 45 275 275 292 176 38 164 104
split_gain=4.66932 6.73587 7.22896 6.70958 5.26471 4.73515 5.95515 6.80467 5.7953 4.81512 4.61921 4.52313 4.2357 4.26558
threshold=1.0000000180025095e-35 1.0000000180025095e-35 1.0000000180025095e-35 1.0000000180025095e-35 1.0000000180025095e-35 1.0000000180025095e-35 1.0000000180025095e-35 2.5000000000000004 1.0000000180025095e-35 1.0000000180025095e-35 1.0000000180025095e-35 1.0000000180025095e-35 1.0000000180025095e-35 1.0000000180025095e-35
decision_type=2 2 2 2 2 2 2 2 2 2 2 2 2 2
left_child=1 2 3 5 -2 8 7 10 -1 -8 -7 12 13 -3
right_child=4 11 -4 -5 -6 6 9 -9 -10 -11 -12 -13 -14 -15
leaf_value=0.06264875737864492 0.0038507778724293194 -0.01842743918979808 0.17641037525136025 0.045388918394687165 0.031641504578066568 -0.012315736118922017 0.05394682265845361 0.072395027568141465 -0.0042486708753420891 -0.050119150174242282 0.11377748040543155 0.11339165354199138 0.020899729131065723 0.094133609981185196
leaf_weight=6.3630543276667577 76.332885159179568 83.798447269015014 0.6140439510345449 9.1034726388752443 21.940013566985726 72.18322915583849 6.7707207035273296 2.5280129685997954 6.5905650611966848 1.3298766668885944 0.7336968258023252 0.70182421058416267 7.9386624060571185 0.85020856186747451
leaf_count=67 717 1479 2 63 176 1444 69 10 94 23 5 3 46 6
internal_value=0.00113427 -0.00326002 0.00535008 0.00435542 0.0100552 0.000484429 -0.0038768 -0.008251 0.0286126 0.0368623 -0.011047 -0.0130633 -0.0140218 -0.0172969
internal_weight=297.779 199.506 106.217 105.603 98.2729 96.4992 83.5455 75.4449 12.9536 8.1006 72.9169 93.2891 92.5873 84.6487
internal_count=4204 3311 1777 1775 893 1712 1551 1459 161 92 1449 1534 1531 1485
is_linear=0
shrinkage=0.05


Tree=80
num_leaves=15
num_cat=0
split_feature=52 164 3 174 196 69 34 285 286 112 57 201 288 241
split_gain=11.6555 5.40462 4.62437 3.94199 3.62572 3.4239 3.54285 3.77222 7.01875 11.5026 6.37234 4.48011 4.42679 7.7249
threshold=1.0000000180025095e-35 1.0000000180025095e-35 1.0000000180025095e-35 1.0000000180025095e-35 1.0000000180025095e-35 1.0000000180025095e-35 1.0000000180025095e-35 4.5000000000000009 2.5000000000000004 1.0000000180025095e-35 1.0000000180025095e-35 1.0000000180025095e-35 1.5000000000000002 1.0000000180025095e-35
decision_type=2 2 2 2 2 2 2 2 2 2 2 2 2 2
left_child=1 2 3 4 5 6 7 8 11 10 -10 -1 13 -9
right_child=-2 -3 -4 -5 -6 -7 -8 12 9 -11 -12 -13 -14 -15
leaf_value=-0.004088883896103737 0.039967646015185057 0.036269119149574494 -0.061493638792731259 0.11050096165426403 0.027539645126416379 0.057102083640811145 0.031612687523663509 0.0080412136736355364 -0.055474376996369125 0.060171473359982235 0.028473984562485205 0.049992959922182556 0.04268816850267719 -0.085818520314495814
leaf_weight=169.11075208708644 20.040494923479855 10.167504481971262 3.1091267932206383 0.8023468442261209 11.051031619310377 2.4500852376222602 7.4747577439993611 35.878641210496426 18.17448362894357 2.9699482321739188 2.5816583316773167 3.918073095381259 8.252298563718794 2.334827482700347
leaf_count=2938 513 50 87 3 36 12 73 167 212 8 27 13 30 18
internal_value=0.0031395 0.000487253 -0.000869709 -0.000158432 -0.000494497 -0.00171832 -0.00229318 -0.00333519 -0.00636121 -0.0318637 -0.0450328 -0.00286425 0.0094782 0.00230642
internal_weight=298.316 278.276 268.108 264.999 264.197 253.146 250.695 243.221 196.755 23.7261 20.7561 173.029 46.4658 38.2135
internal_count=4187 3674 3624 3537 3534 3498 3486 3413 3198 247 239 2951 215 185
is_linear=0
shrinkage=0.05


Tree=81
num_leaves=15
num_cat=0
split_feature=52 51 34 73 276 148 237 287 230 228 136 37 164 43
split_gain=9.77499 4.03685 3.79787 4.3806 3.57682 3.76252 3.45933 3.47462 3.18767 3.13971 3.04464 2.87323 2.8501 3.9439
threshold=1.0000000180025095e-35 1.0000000180025095e-35 1.0000000180025095e-35 1.0000000180025095e-35 1.0000000180025095e-35 1.0000000180025095e-35 1.0000000180025095e-35 2.5000000000000004 1.0000000180025095e-35 1.0000000180025095e-35 1.0000000180025095e-35 1.0000000180025095e-35 1.0000000180025095e-35 1.0000000180025095e-35
decision_type=2 2 2 2 2 2 2 2 2 2 2 2 2 2
left_child=1 2 3 4 5 6 7 8 9 10 11 12 13 -1
right_child=-2 -3 -4 -5 -6 -7 -8 -9 -10 -11 -12 -13 -14 -15
leaf_value=0.0011105748082753642 0.037996055414586276 0.065142519574839561 0.035804983863713551 -0.055755641274610857 0.033097932744119492 -0.034387630319969907 -0.056633459339758212 -0.070388309799332416 -0.06938073530083029 0.06184823556811439 -0.068965833269856211 0.053477743106678736 0.030475902362269405 -0.060992793870184192
leaf_weight=232.38892034441233 19.416776679456234 2.4571083858609191 7.5317027103155842 3.500996369868516 8.1782830841839296 7.9339073654264203 2.6153865512460461 1.6852133721113194 1.5697385892271984 2.1791528314352027 1.5205590743571509 2.6815103515982619 8.1656516119837743 2.5848727133125058
leaf_count=3148 517 7 75 131 42 78 63 15 17 8 21 19 40 76
internal_value=0.00366972 0.00133104 0.000776094 -0.000183263 0.000533335 -0.000478048 0.000575377 0.0011673 0.00164755 0.00209439 0.00156794 0.00200424 0.00143655 0.000427395
internal_weight=304.41 284.993 282.536 275.004 271.503 263.325 255.391 252.776 251.09 249.521 247.342 245.821 243.139 234.974
internal_count=4257 3740 3733 3658 3527 3485 3407 3344 3329 3312 3304 3283 3264 3224
is_linear=0
shrinkage=0.05


Tree=82
num_leaves=15
num_cat=0
split_feature=43 45 241 148 275 205 161 181 267 293 287 112 275 178
split_gain=4.51127 4.0967 4.89921 4.31339 3.74382 3.90978 3.92078 3.47063 3.21961 3.93269 4.86218 4.6576 3.2577 4.51384
threshold=1.0000000180025095e-35 1.0000000180025095e-35 1.0000000180025095e-35 1.0000000180025095e-35 2.5000000000000004 1.0000000180025095e-35 1.0000000180025095e-35 1.0000000180025095e-35 1.0000000180025095e-35 1.0000000180025095e-35 1.0000000180025095e-35 1.0000000180025095e-35 1.0000000180025095e-35 1.0000000180025095e-35
decision_type=2 2 2 2 2 2 2 2 2 2 2 2 2 2
left_child=1 2 3 4 5 6 7 -1 -3 11 -11 12 13 -10
right_child=-2 8 -4 -5 -6 -7 -8 -9 9 10 -12 -13 -14 -15
leaf_value=0.0012548995654890207 -0.060179958123809434 0.017632179058849548 -0.054278116170733526 -0.070605398207223558 0.028134316232016988 -0.056431396003013438 -0.073666783592062676 -0.0633627358260654 -0.024226668388456857 0.11956136123414485 0.0061376498721215401 0.092333347289047407 -0.060131539082395727 0.10902844093950864
leaf_weight=177.48919791728258 2.8994798082858315 62.185226060450077 4.2850647345185271 2.1542624104768029 11.561031896620987 3.1491227112710467 1.7998791560530651 2.102621177211403 4.3842187095433456 1.0303144641220576 11.390793461352585 0.78728488087654191 5.574619903229177 0.74323792755603779
leaf_count=2796 88 582 30 33 84 39 18 30 137 17 131 3 149 4
internal_value=0.00187677 0.00250016 -0.00138354 -0.000240286 0.000532704 -0.00119647 -0.000237541 0.000498371 0.0116366 -0.00395644 0.015546 -0.0250404 -0.0336749 -0.004911
internal_weight=291.536 288.637 202.541 198.256 196.102 184.541 181.392 179.592 86.0957 23.9105 12.4211 11.4894 10.7021 5.12746
internal_count=4141 4053 3030 3000 2967 2883 2844 2826 1023 441 148 293 290 141
is_linear=0
shrinkage=0.05


Tree=83
num_leaves=15
num_cat=0
split_feature=52 51 285 198 11 89 143 234 282 129 237 69 228 276
split_gain=10.6814 4.36285 4.19152 8.18479 3.94202 5.33819 4.30576 3.81336 3.6505 7.41985 3.33585 3.18293 3.26207 3.33089
threshold=1.0000000180025095e-35 1.0000000180025095e-35 1.0000000180025095e-35 1.0000000180025095e-35 1.0000000180025095e-35 1.0000000180025095e-35 1.0000000180025095e-35 1.0000000180025095e-35 1.0000000180025095e-35 1.0000000180025095e-35 1.0000000180025095e-35 1.0000000180025095e-35 1.0000000180025095e-35 1.0000000180025095e-35
decision_type=2 2 2 2 2 2 2 2 2 2 2 2 2 2
left_child=1 2 3 4 5 6 8 -2 -1 -10 11 12 13 -4
right_child=7 -3 10 -5 -6 -7 -8 -9 9 -11 -12 -13 -14 -15
leaf_value=-0.014617925233131155 0.039968327607979401 0.06418263230437854 -0.00077413230307342797 0.19302275776324498 0.0021062736864901643 0.12304402540945676 0.11254624387550738 -0.12709956702782874 -0.064746488296778856 0.050441560652669193 -0.055980576360819705 0.056346537096376881 0.061900760464933806 0.03476515921471008
leaf_weight=87.920951065607369 17.287624218501154 2.3610708266496649 112.29132110625505 0.49484574794769187 42.306479127146304 0.68442537635564704 0.63653302192687888 0.34844027832150359 8.6287821959704125 1.6683506891131408 2.390020076185464 2.8015086427330962 2.2637093067169181 7.0042441897094241
leaf_count=2206 482 7 731 1 493 3 1 10 116 4 62 15 8 38
internal_value=-0.00103878 -0.00348854 -0.0040823 -0.00997097 -0.0106791 -0.0161132 -0.0170767 0.0366675 -0.0179168 -0.0460836 0.00253064 0.00365514 0.00244079 0.0013125
internal_weight=289.088 271.452 269.091 142.34 141.846 99.539 98.8546 17.6361 98.2181 10.2971 126.751 124.361 121.559 119.296
internal_count=4177 3685 3678 2824 2823 2330 2327 492 2326 120 854 792 777 769
is_linear=0
shrinkage=0.05


Tree=84
num_leaves=15
num_cat=0
split_feature=52 73 234 173 165 278 267 104 178 59 235 112 0 168
split_gain=8.8289 4.07343 3.81036 3.43682 4.24833 5.1903 4.31237 6.00865 6.52411 6.56296 5.00051 4.99774 4.14478 3.68278
threshold=1.0000000180025095e-35 1.0000000180025095e-35 1.0000000180025095e-35 1.0000000180025095e-35 1.0000000180025095e-35 1.5000000000000002 1.0000000180025095e-35 1.0000000180025095e-35 1.0000000180025095e-35 1.0000000180025095e-35 1.0000000180025095e-35 1.0000000180025095e-35 1.0000000180025095e-35 1.0000000180025095e-35
decision_type=2 2 2 2 2 2 2 2 2 2 2 2 2 2
left_child=1 3 -2 4 5 6 13 8 9 11 -10 -8 -6 -1
right_child=2 -3 -4 -5 12 -7 7 -9 10 -11 -12 -13 -14 -15
leaf_value=0.0051946040555688154 0.04153679174690756 -0.049803806096913365 -0.12426266215699973 0.053787013383755244 -0.035130373854572565 0.063611401881387128 -0.045040827948172706 0.13803801985712999 0.069733133539487402 0.10830982414417854 -0.0050853964323416875 0.079719684822006059 0.041304810953287092 -0.094692299585953751
leaf_weight=214.11961657367647 16.915505009703342 3.8466362757608286 0.35377616807818313 3.1678161174058905 12.826880950480698 3.4746506083756676 19.415323786437519 0.63904979079961677 2.7628061249852154 0.77573144063353439 11.651137810200453 0.83732974529266258 2.0581830572336903 0.9267747662961473
leaf_count=2648 489 145 9 25 132 11 597 3 13 9 63 3 15 9
internal_value=0.00345613 0.00128989 0.0381402 0.00201072 0.00140209 0.00292003 0.00208029 -0.0139155 -0.0166553 -0.0344159 0.00925551 -0.0398827 -0.0245616 0.00476413
internal_weight=293.771 276.502 17.2693 272.655 269.487 254.602 251.128 36.0814 35.4423 21.0284 14.4139 20.2527 14.8851 215.046
internal_count=4171 3673 498 3528 3503 3356 3345 688 685 609 76 600 147 2657
is_linear=0
shrinkage=0.05


Tree=85
num_leaves=15
num_cat=0
split_feature=52 57 61 51 228 267 104 278 277 146 168 173 91 39
split_gain=9.78403 6.54406 6.57954 3.86565 3.85206 3.95098 10.9211 6.71522 4.66891 4.63552 3.13122 2.84761 3.17941 4.72185
threshold=1.0000000180025095e-35 1.0000000180025095e-35 1.0000000180025095e-35 1.0000000180025095e-35 1.0000000180025095e-35 1.0000000180025095e-35 1.0000000180025095e-35 1.5000000000000002 1.5000000000000002 1.0000000180025095e-35 1.0000000180025095e-35 1.0000000180025095e-35 1.0000000180025095e-35 1.0000000180025095e-35
decision_type=2 2 2 2 2 2 2 2 2 2 2 2 2 2
left_child=1 2 3 4 5 9 7 8 -7 10 11 12 13 -1
right_child=-2 -3 -4 -5 -6 6 -8 -9 -10 -11 -12 -13 -14 -15
leaf_value=-0.00256394710927468 0.034802734498230868 -0.054363509276339678 -0.044540832514703609 0.063774250984452482 0.060256610506877098 -0.037449205173145685 0.12059976178205234 0.043044429614614459 0.016503946044567785 0.026628448469411078 -0.089862571007138417 0.054084815797450607 -0.016605385953275594 0.021731194103084085
leaf_weight=140.58948006853461 17.566933487541974 6.2279084268957368 8.9951086714863759 2.2804948091506949 2.4908669367432585 27.756706095300615 1.3838895559310902 3.5211639907211056 4.6868682801723471 15.606990238651631 1.001456070691346 2.2998450994491568 30.848025353625417 23.316014878451824
leaf_count=2019 525 132 92 7 10 696 6 15 21 94 10 17 394 172
internal_value=-0.00135844 -0.00370246 -0.00251084 -0.00103277 -0.00161577 -0.00222975 -0.0172336 -0.0225373 -0.029655 0.000392961 -0.00167443 -0.00122625 -0.00187941 0.000892105
internal_weight=288.572 271.005 264.777 255.782 253.501 251.01 37.3486 35.9647 32.4436 213.662 198.055 197.053 194.754 163.905
internal_count=4210 3685 3553 3461 3454 3444 738 732 717 2706 2612 2602 2585 2191
is_linear=0
shrinkage=0.05


Tree=86
num_leaves=15
num_cat=0
split_feature=52 277 145 187 158 233 281 158 16 51 4 183 218 208
split_gain=7.65718 5.20192 5.13008 7.57367 5.96325 5.23345 5.34817 4.58887 5.94066 4.46668 4.35117 4.14691 4.12441 3.95214
threshold=1.0000000180025095e-35 2.5000000000000004 1.0000000180025095e-35 1.0000000180025095e-35 1.0000000180025095e-35 1.0000000180025095e-35 1.5000000000000002 1.0000000180025095e-35 1.0000000180025095e-35 1.0000000180025095e-35 1.0000000180025095e-35 1.0000000180025095e-35 1.0000000180025095e-35 1.0000000180025095e-35
decision_type=2 2 2 2 2 2 2 2 2 2 2 2 2 2
left_child=1 2 3 4 -1 6 9 8 12 11 -9 -5 13 -4
right_child=-2 -3 7 5 -6 -7 -8 10 -10 -11 -12 -13 -14 -15
leaf_value=0.0090935715387130533 0.033531814911514739 0.053759557011402018 0.021293553630215567 -0.017178860785535897 0.094747702847854401 0.0071293621492181884 -0.12842283040970595 -0.0038140580268624458 -0.079631657027664698 0.064196497893551335 -0.072920840285583904 0.077075278090787597 -0.069431037068001897 -0.062591170295481946
leaf_weight=30.572388950735331 16.287297144532204 4.1542277485132209 56.52768287062645 122.63611955568194 2.1766861099749795 29.985243089497089 1.050994500517844 14.946278048679234 1.6272972151637066 1.748460255563258 2.6872740406543008 1.1781935654580582 1.3426975458860386 1.4398944005370129
leaf_count=354 504 31 454 2447 12 139 11 164 21 5 34 11 13 15
internal_value=0.000230985 -0.00176252 -0.00262342 -0.0070803 0.0147866 -0.0116533 -0.0161015 0.00811719 0.0146173 -0.0151613 -0.0143456 -0.016282 0.0172032 0.0192099
internal_weight=288.361 272.073 267.919 189.348 32.7491 156.599 126.614 78.5711 60.9376 125.563 17.6336 123.814 59.3103 57.9676
internal_count=4215 3711 3680 2979 366 2613 2474 701 503 2463 198 2458 482 469
is_linear=0
shrinkage=0.05


Tree=87
num_leaves=15
num_cat=0
split_feature=52 34 146 234 112 41 241 265 145 267 39 158 205 287
split_gain=8.49098 5.04424 3.90085 4.09393 3.75381 4.51648 5.04992 4.68068 4.09866 4.72373 5.68021 7.94973 5.55989 7.32029
threshold=1.0000000180025095e-35 1.0000000180025095e-35 1.0000000180025095e-35 1.0000000180025095e-35 1.0000000180025095e-35 1.0000000180025095e-35 1.0000000180025095e-35 1.0000000180025095e-35 1.0000000180025095e-35 1.0000000180025095e-35 1.0000000180025095e-35 1.0000000180025095e-35 1.0000000180025095e-35 1.0000000180025095e-35
decision_type=2 2 2 2 2 2 2 2 2 2 2 2 2 2
left_child=1 2 3 4 5 7 -7 8 -1 10 11 12 13 -10
right_child=-2 -3 -4 -5 -6 6 -8 -9 9 -11 -12 -13 -14 -15
leaf_value=-0.0055310279185002533 0.036937925604575282 0.037466047456942965 0.018805132868017493 -0.061913819957859398 0.042836388705226158 -0.034630205250465625 0.10856767391980589 -0.055512843534988865 0.037905531992553559 0.04653450597697311 0.03881471731623376 -0.043664264636050908 -0.058657390107070786 -0.00786275503616354
leaf_weight=148.53574973996729 15.846004120074211 8.381431030109523 20.86439485475421 2.985753182321786 4.3845780193805686 15.866821721196175 0.64052873849868852 4.0032477285712949 16.108976740390062 7.6082564052194348 10.027515135705469 9.4433987792581302 2.9251054674386969 19.089509088546038
leaf_count=2479 508 84 137 34 16 306 1 54 161 76 67 132 38 114
internal_value=0.00136306 -0.000718121 -0.00193739 -0.00372855 -0.00300055 -0.0038585 -0.0290737 -0.00194689 -0.000943623 0.00950676 0.00461538 -0.00259413 0.00757914 0.0130836
internal_weight=286.711 270.865 262.484 241.619 238.634 234.249 16.5074 217.742 213.739 65.2028 57.5945 47.567 38.1236 35.1985
internal_count=4207 3699 3615 3478 3444 3428 307 3121 3067 588 512 445 313 275
is_linear=0
shrinkage=0.05


Tree=88
num_leaves=15
num_cat=0
split_feature=61 108 136 218 73 241 281 175 41 59 190 91 71 59
split_gain=4.0388 3.14433 3.17595 3.19393 3.02156 2.94781 6.50968 3.16727 7.67141 4.0854 6.41905 7.86217 3.91607 3.89599
threshold=1.0000000180025095e-35 1.0000000180025095e-35 1.0000000180025095e-35 1.0000000180025095e-35 1.0000000180025095e-35 1.0000000180025095e-35 1.0000000180025095e-35 1.0000000180025095e-35 1.0000000180025095e-35 1.0000000180025095e-35 1.0000000180025095e-35 1.0000000180025095e-35 1.0000000180025095e-35 1.0000000180025095e-35
decision_type=2 2 2 2 2 2 2 2 2 2 2 2 2 2
left_child=1 2 3 4 5 7 -7 9 13 12 -11 -12 -1 -9
right_child=-2 -3 -4 -5 -6 6 -8 8 -10 10 11 -13 -14 -15
leaf_value=0.0034838537199683392 -0.029955872496716263 -0.048758887985341962 -0.060602136200075568 -0.064243353040217499 -0.04298947314587425 -0.072707481680745978 0.05160394465040638 0.037467202433060523 -0.053146288201243369 -0.060940335031524399 -0.062196383477846055 0.068682758688353759 0.047260156613231435 0.0098306372359030329
leaf_weight=190.66970668593422 9.5339160375297052 2.88795899786055 1.9077308252453793 1.697090446949004 3.2998230829834929 3.3300672620534888 1.5401996374130247 21.781132878735662 3.705801034346222 6.0793129727244359 1.9089607596397398 2.8765616416931152 5.24936544522643 30.763780172914267
leaf_count=3410 96 65 29 18 131 28 4 105 38 93 22 12 21 133
internal_value=0.00204269 0.00314126 0.00368668 0.00413609 0.00456398 0.00514971 -0.0333946 0.00586338 0.016383 0.00300176 -0.0268422 0.0164746 0.00465678 0.0212867
internal_weight=287.231 277.697 274.81 272.902 271.205 267.905 4.87027 263.035 56.2507 206.784 10.8648 4.78552 195.919 52.5449
internal_count=4205 4109 4044 4015 3997 3866 32 3834 276 3558 127 34 3431 238
is_linear=0
shrinkage=0.05


Tree=89
num_leaves=15
num_cat=0
split_feature=124 98 217 264 69 37 228 136 57 73 59 201 233 272
split_gain=5.08737 3.47147 3.32481 3.23648 3.07997 3.13233 2.96339 2.74331 2.80806 2.76252 2.84142 3.20225 3.09313 2.73645
threshold=1.0000000180025095e-35 1.0000000180025095e-35 1.0000000180025095e-35 1.0000000180025095e-35 1.0000000180025095e-35 1.0000000180025095e-35 1.0000000180025095e-35 1.0000000180025095e-35 1.0000000180025095e-35 1.0000000180025095e-35 1.0000000180025095e-35 1.0000000180025095e-35 1.0000000180025095e-35 1.0000000180025095e-35
decision_type=2 2 2 2 2 2 2 2 2 2 2 2 2 2
left_child=1 2 4 -4 5 6 7 8 9 10 11 12 13 -1
right_child=-2 -3 3 -5 -6 -7 -8 -9 -10 -11 -12 -13 -14 -15
leaf_value=0.0011164889777170702 -0.056321533958879379 0.050362275034322945 -0.082307852836423223 0.022757281231873309 0.056989266174997444 0.053492077757574731 0.059423009920651797 -0.063849743008221424 -0.033521821514115806 -0.045875566756884679 -0.011286355098976431 0.045128656752384061 0.026825104520610529 -0.0925867255590338
leaf_weight=192.14839848689735 3.9893612544983617 3.4537004726007572 2.3283002981916061 1.0697666183114054 2.3947274163365355 2.7118728607892981 2.0457668490707865 1.7242220621556033 6.3089441340416661 3.2051506359130135 40.480773855000734 4.453593745827674 12.072484826669095 0.78231789357960124
leaf_count=3367 103 34 28 6 12 19 10 27 127 125 266 27 67 8
internal_value=-0.000263307 0.000549385 -8.37481e-05 -0.0492316 0.000538653 3.03162e-05 -0.00052048 -0.000990012 -0.000572269 0.000248916 0.000840407 0.00318409 0.00227287 0.00073653
internal_weight=279.169 275.18 271.726 3.39807 268.328 265.934 263.222 261.176 259.452 253.143 249.938 209.457 205.003 192.931
internal_count=4226 4123 4089 34 4055 4043 4024 4014 3987 3860 3735 3469 3442 3375
is_linear=0
shrinkage=0.05


Tree=90
num_leaves=15
num_cat=0
split_feature=4 165 146 267 91 0 265 11 276 216 45 8 151 59
split_gain=4.93621 4.70528 4.06633 3.99181 3.92079 9.47228 4.74156 4.70924 4.40003 4.53334 4.82822 8.10551 6.01343 4.00026
threshold=1.0000000180025095e-35 1.0000000180025095e-35 1.0000000180025095e-35 1.0000000180025095e-35 1.0000000180025095e-35 1.0000000180025095e-35 1.0000000180025095e-35 1.0000000180025095e-35 1.0000000180025095e-35 1.0000000180025095e-35 1.0000000180025095e-35 1.0000000180025095e-35 1.0000000180025095e-35 1.0000000180025095e-35
decision_type=2 2 2 2 2 2 2 2 2 2 2 2 2 2
left_child=2 -2 4 -4 6 8 7 13 9 10 12 -12 -6 -1
right_child=1 -3 3 -5 5 -7 -8 -9 -10 -11 11 -13 -14 -15
leaf_value=0.005902159673254595 -0.021965743678713404 0.051679578953020999 0.033720810598710377 -0.033467422328609435 -0.032505049847637184 0.030487910335282073 -0.053578000045609156 0.031865789366425229 0.028785295302263342 0.092909794445135516 -0.045824471485773927 -0.2001705986268123 0.048310550367226958 -0.015679555501185216
leaf_weight=137.56210877746344 33.737757435999811 2.3178863264620295 16.544837251305584 2.5516010383144012 9.6445899195969158 9.5122062386944872 3.5234502665698519 14.937615925446151 3.2376960068941107 0.70005827210843463 14.047638805583118 0.90543188899755556 3.0234045442193755 25.44235672429204
leaf_count=2535 445 34 106 39 239 95 57 129 21 3 267 8 21 170
internal_value=2.62022e-05 -0.0172314 0.00260132 0.0247433 0.00070125 -0.0132491 0.00385863 0.00499594 -0.026432 -0.0327445 -0.0359292 -0.0551704 -0.0132172 0.0025336
internal_weight=277.689 36.0556 241.633 19.0964 222.537 41.071 181.466 177.942 31.5588 28.3211 27.6211 14.9531 12.668 163.004
internal_count=4169 479 3690 145 3545 654 2891 2834 559 538 535 275 260 2705
is_linear=0
shrinkage=0.05


Tree=91
num_leaves=15
num_cat=0
split_feature=52 234 108 37 250 230 174 277 61 241 288 183 270 275
split_gain=7.09897 3.22696 3.20927 3.06264 3.00376 2.89816 2.8064 2.52329 2.5541 2.50697 6.18282 4.40927 3.23265 3.04106
threshold=1.0000000180025095e-35 1.0000000180025095e-35 1.0000000180025095e-35 1.0000000180025095e-35 1.0000000180025095e-35 1.0000000180025095e-35 1.0000000180025095e-35 2.5000000000000004 1.0000000180025095e-35 1.0000000180025095e-35 1.5000000000000002 1.0000000180025095e-35 1.0000000180025095e-35 1.0000000180025095e-35
decision_type=2 2 2 2 2 2 2 2 2 2 2 2 2 2
left_child=2 -2 3 4 5 6 7 8 9 11 -11 12 -1 -13
right_child=1 -3 -4 -5 -6 -7 -8 -9 -10 10 -12 13 -14 -15
leaf_value=-0.00043131318578695695 0.038150291217122566 -0.1069907654284535 -0.057219030695088137 0.053225833492362679 0.056379241967647591 -0.066854738445173187 0.097746978153094979 0.044204224282076161 -0.029737739061611718 -0.081532182221712962 0.037002935258022111 0.06462355310786283 -0.058067608241669899 -0.0045040754173518186
leaf_weight=233.30377615336329 14.936412939801809 0.3930365629494198 2.4758181534707537 2.6726563572883597 2.2952485978603354 1.6635834611952294 0.72264739125966926 3.0607925578951827 7.7456681467592707 2.9162093177437773 1.7664852514863012 4.3885356709361067 2.4584370572119942 2.4957519695162773
leaf_count=3327 500 11 60 21 13 18 2 23 80 22 6 24 59 18
internal_value=0.00133688 0.034429 -0.000556214 -2.78068e-05 -0.000569357 -0.00107109 -0.000648319 -0.000923775 -0.00146529 -0.000579877 -0.0368164 0.00011943 -0.00103232 0.0395628
internal_weight=283.295 15.3294 267.966 265.49 262.817 260.522 258.858 258.136 255.075 247.329 4.68269 242.647 235.762 6.88429
internal_count=4184 511 3673 3613 3592 3579 3561 3559 3536 3456 28 3428 3386 42
is_linear=0
shrinkage=0.05


Tree=92
num_leaves=15
num_cat=0
split_feature=52 148 276 174 73 231 165 280 108 237 59 198 267 285
split_gain=7.01776 4.17852 3.77763 3.38594 3.24045 3.00753 3.48698 9.56531 3.02142 2.86107 3.05508 4.8057 4.00423 4.43317
threshold=1.0000000180025095e-35 1.0000000180025095e-35 1.0000000180025095e-35 1.0000000180025095e-35 1.0000000180025095e-35 1.0000000180025095e-35 1.0000000180025095e-35 1.0000000180025095e-35 1.0000000180025095e-35 1.0000000180025095e-35 1.0000000180025095e-35 1.0000000180025095e-35 1.0000000180025095e-35 1.5000000000000002
decision_type=2 2 2 2 2 2 2 2 2 2 2 2 2 2
left_child=1 3 -3 4 5 6 8 -8 9 10 11 -1 -12 -14
right_child=-2 2 -4 -5 -6 -7 7 -9 -10 -11 12 -13 13 -15
leaf_value=0.0051149868974316674 0.035728255138119586 -0.050962669679791198 0.056674746033316362 0.10676098102104169 -0.05068486366734315 0.054606935331438844 -0.064875960655859918 0.025360652811222441 -0.056361809081746164 -0.056936771131395815 -0.018818647343034251 0.10585213174998112 0.095995013387384698 0.0026414210878577676
leaf_weight=197.12043106649071 14.593408300075678 6.367890400812029 0.93480455130338658 0.7569907009601583 3.0134136602282515 2.6354004219174376 6.7230723407119495 5.2146947477012873 2.1800743583589783 1.9894583178684104 28.412008117884398 1.1910597681999195 1.5906006544828404 6.3435081951320171
leaf_count=2985 500 76 5 2 138 8 96 32 52 51 184 3 10 39
internal_value=0.00197407 0.000111541 -0.0371842 0.0011706 0.000858875 0.00147183 0.000913408 -0.0254585 0.00223161 0.00277139 0.0032776 0.00572001 -0.0100487 0.0213566
internal_weight=279.067 264.473 7.30269 257.171 256.414 253.4 250.765 11.9378 238.827 236.647 234.658 198.311 36.3461 7.93411
internal_count=4181 3681 81 3600 3598 3460 3452 128 3324 3272 3221 2988 233 49
is_linear=0
shrinkage=0.05


Tree=93
num_leaves=15
num_cat=0
split_feature=52 124 59 277 219 201 34 233 280 187 165 105 16 146
split_gain=7.58543 4.72547 4.53648 5.54133 4.36262 3.96896 3.65595 3.77209 3.87711 4.55551 4.4487 4.43353 3.86122 4.01381
threshold=1.0000000180025095e-35 1.0000000180025095e-35 1.0000000180025095e-35 1.5000000000000002 1.0000000180025095e-35 1.0000000180025095e-35 1.0000000180025095e-35 1.0000000180025095e-35 1.0000000180025095e-35 1.0000000180025095e-35 1.0000000180025095e-35 1.0000000180025095e-35 1.0000000180025095e-35 1.0000000180025095e-35
decision_type=2 2 2 2 2 2 2 2 2 2 2 2 2 2
left_child=1 2 4 -4 5 6 7 8 11 -10 -11 12 -1 -14
right_child=-2 -3 3 -5 -6 -7 -8 -9 9 10 -12 -13 13 -15
leaf_value=0.0027643166812832578 0.035437705080321145 -0.054254675694853732 -0.0402214856048538 -0.0019472010764949627 -0.079239468013013112 0.0527820054890068 0.035715642862579042 0.027439198961013118 -0.07958971735462872 -0.017150483695457571 0.038279199594258566 0.07183452127207017 -0.052024441390945156 0.045298741457430194
leaf_weight=149.47270127385855 14.328201727010308 4.2422831198200575 15.289757866412399 24.788201097398996 1.651618443429469 3.8300307542085639 7.5101943723857394 11.994975201785563 2.5909380419179788 32.540933150798082 4.0729010403156272 2.243081707507371 5.9368539722636333 1.28952045366168
leaf_count=2568 506 102 169 118 12 14 77 64 68 384 17 13 92 7
internal_value=-5.41866e-06 -0.0019042 -0.00106045 -0.0165489 0.00172149 0.00232523 0.00143734 0.000212275 -0.00143593 -0.0155185 -0.0109845 0.00203768 0.00103856 -0.0346575
internal_weight=281.782 267.454 263.212 40.078 223.134 221.482 217.652 210.142 198.147 39.2048 36.6138 158.942 156.699 7.22637
internal_count=4211 3705 3603 287 3316 3304 3290 3213 3149 469 401 2680 2667 99
is_linear=0
shrinkage=0.05


Tree=94
num_leaves=15
num_cat=0
split_feature=52 34 277 37 73 164 39 51 88 127 145 239 4 196
split_gain=6.01096 4.55042 4.05972 3.21788 3.00901 2.91882 2.91778 2.8701 2.72277 2.40751 2.53059 4.93015 5.28517 5.3608
threshold=1.0000000180025095e-35 1.0000000180025095e-35 2.5000000000000004 1.0000000180025095e-35 1.0000000180025095e-35 1.0000000180025095e-35 1.0000000180025095e-35 1.0000000180025095e-35 1.0000000180025095e-35 1.0000000180025095e-35 1.0000000180025095e-35 1.0000000180025095e-35 1.0000000180025095e-35 1.0000000180025095e-35
decision_type=2 2 2 2 2 2 2 2 2 2 2 2 2 2
left_child=1 2 3 4 5 7 8 9 -7 10 -1 12 -12 -14
right_child=-2 -3 -4 -5 -6 6 -8 -9 -10 -11 11 -13 13 -15
leaf_value=-0.0099799097063661794 0.031790509032345732 0.035627405281870757 0.053172311422973108 0.052987294184162287 -0.054483144494836461 -0.061823578393916306 0.048567374369050842 0.062777188983149365 0.025553147399813049 0.049804063926549506 0.012820997751193051 -0.042690925942814026 -0.049214978358548565 0.0057604619537433149
leaf_weight=161.08749930467457 13.215333506464956 7.5018796287477008 3.0812833383679381 2.4057790264487258 3.0491329031065098 1.4999220315366968 5.0505368411540985 1.5275291800498951 2.1982535272836685 1.9187549799680699 52.259978516027331 5.931904934346675 7.9666083753108987 10.001293197274208
leaf_count=2696 486 79 24 20 148 19 22 4 8 7 511 49 93 37
internal_value=-0.00112145 -0.00275978 -0.00387606 -0.00456568 -0.00511405 -0.00451057 0.0238587 -0.00554174 -0.00988548 -0.00597808 -0.00642923 0.00108091 0.00477817 -0.0186145
internal_weight=278.696 265.48 257.978 254.897 252.491 249.442 8.74871 240.694 3.69818 239.166 237.247 76.1598 70.2279 17.9679
internal_count=4203 3717 3638 3614 3594 3446 49 3397 27 3393 3386 690 641 130
is_linear=0
shrinkage=0.05


Tree=95
num_leaves=15
num_cat=0
split_feature=52 285 129 143 278 71 260 4 127 196 230 205 54 69
split_gain=5.597 4.36501 4.73367 3.44523 4.84841 3.52006 3.92587 7.42814 3.84747 3.51376 2.84826 2.75315 2.6747 2.78453
threshold=1.0000000180025095e-35 1.0000000180025095e-35 1.0000000180025095e-35 1.0000000180025095e-35 1.0000000180025095e-35 1.0000000180025095e-35 1.0000000180025095e-35 1.0000000180025095e-35 1.0000000180025095e-35 1.0000000180025095e-35 1.0000000180025095e-35 1.0000000180025095e-35 1.0000000180025095e-35 1.0000000180025095e-35
decision_type=2 2 2 2 2 2 2 2 2 2 2 2 2 2
left_child=1 2 3 4 5 6 8 -8 -1 -6 11 12 13 -3
right_child=-2 10 -4 -5 9 -7 7 -9 -10 -11 -12 -13 -14 -15
leaf_value=-0.013427893168058576 0.030186846804521605 0.0022694823352983956 0.067876357700542136 0.10593871731097788 -0.068097817835749544 0.029264840043199042 0.04244298699825403 -0.072882333229357499 0.062340786082042965 0.048317547022616897 -0.064127064302431355 0.07516816971149097 0.058590473644655333 0.055753845644667767
leaf_weight=116.97949266433716 13.708529519848524 112.11608185991645 2.0007081031799308 0.64251726865768333 5.3114549946039906 6.0105926766991606 7.6272641625255329 1.7091598212718961 1.6998116895556439 0.73826755583286274 1.4950271155685175 1.3942117244005192 2.2406550683081141 2.4875342845916739
leaf_count=2608 520 795 4 1 122 25 61 13 5 2 19 3 13 16
internal_value=-0.000958723 -0.00258553 -0.00849166 -0.00957745 -0.0101073 -0.00813098 -0.00988679 0.0213311 -0.0123427 -0.0538913 0.00445443 0.00532159 0.00448816 0.00343039
internal_weight=276.161 262.453 142.719 140.719 140.076 134.026 128.016 9.33642 118.679 6.04972 119.734 118.238 116.844 114.604
internal_count=4207 3687 2841 2837 2836 2712 2687 74 2613 124 846 827 824 811
is_linear=0
shrinkage=0.05


Tree=96
num_leaves=15
num_cat=0
split_feature=51 69 105 37 286 228 98 291 168 174 217 145 164 43
split_gain=3.4315 2.79888 2.82938 2.81996 2.81143 2.79914 2.60333 4.10134 2.81104 2.32636 2.2717 2.36339 2.26144 2.65134
threshold=1.0000000180025095e-35 1.0000000180025095e-35 1.0000000180025095e-35 1.0000000180025095e-35 1.0000000180025095e-35 1.0000000180025095e-35 1.0000000180025095e-35 1.5000000000000002 1.0000000180025095e-35 1.0000000180025095e-35 1.0000000180025095e-35 1.0000000180025095e-35 1.0000000180025095e-35 1.0000000180025095e-35
decision_type=2 2 2 2 2 2 2 2 2 2 2 2 2 2
left_child=1 2 3 5 -4 6 7 8 9 10 12 -12 13 -1
right_child=-2 -3 4 -5 -6 -7 -8 -9 -10 -11 11 -13 -14 -15
leaf_value=-0.0013264017461819626 0.060207750960811615 0.055730051016841892 0.099833133632028712 0.052902069211741759 -0.0018303130251740034 0.059148241778284372 0.044992557622826695 -0.11373666662785908 -0.077113814106273063 0.079903828548267497 0.0091112025794084124 -0.076985465904429312 0.02296748615749512 -0.056304485931288277
leaf_weight=244.67085585929453 2.4334269091486922 2.2807183340191832 1.4104338213801377 2.4586409181356421 1.3132129833102224 1.9272923804819573 2.9992285352200261 0.81658777594566245 1.2236330285668362 0.88221770152449508 1.3291654940694562 1.9911471703089774 9.5584231074899417 2.2127702357247463
leaf_count=3888 21 15 8 21 14 10 32 6 14 6 7 24 55 86
internal_value=0.00109372 0.000570776 0.000109611 -0.00040176 0.0508159 -0.000891481 -0.00132701 -0.00185587 -0.00150699 -0.00115205 -0.00142733 -0.0425198 -0.000895281 -0.00181916
internal_weight=277.508 275.074 272.794 270.07 2.72365 267.611 265.684 262.685 261.868 260.645 259.762 3.32031 256.442 246.884
internal_count=4207 4186 4171 4149 22 4128 4118 4086 4080 4066 4060 31 4029 3974
is_linear=0
shrinkage=0.05


Tree=97
num_leaves=15
num_cat=0
split_feature=52 268 237 249 234 218 281 89 265 11 105 104 198 187
split_gain=4.7469 2.71567 2.72942 2.6311 2.53945 2.4752 2.44111 3.66532 3.30831 3.76244 4.34463 3.86568 3.63416 3.31123
threshold=1.0000000180025095e-35 1.0000000180025095e-35 1.0000000180025095e-35 1.0000000180025095e-35 1.0000000180025095e-35 1.0000000180025095e-35 1.0000000180025095e-35 1.0000000180025095e-35 1.0000000180025095e-35 1.0000000180025095e-35 1.0000000180025095e-35 1.0000000180025095e-35 1.0000000180025095e-35 1.0000000180025095e-35
decision_type=2 2 2 2 2 2 2 2 2 2 2 2 2 2
left_child=1 2 3 5 -2 6 7 8 9 10 11 12 13 -1
right_child=4 -3 -4 -5 -6 -7 -8 -9 -10 -11 -12 -13 -14 -15
leaf_value=0.0094231561428844007 0.035888903844089874 -0.057709070599892359 -0.055461399043272935 -0.062003115792424485 -0.083576819617540862 -0.067761380245543817 0.012897362201329072 -0.073991864844369537 -0.043497217165111381 0.013343515348495212 0.066987317049356829 0.066395113474789588 0.090056389379240057 -0.0087359930670194898
leaf_weight=32.083521659485996 12.725793737918135 1.9567608907818783 2.0926900701597324 1.6024059895426024 0.46094088442623693 1.2558157294988621 47.093924114480615 1.6469781771302212 4.1150478068739167 52.392635970376432 2.236767813563346 1.9684501625597466 1.017018750309943 115.39282969757915
leaf_count=303 504 46 64 23 12 13 443 13 57 475 12 17 5 2196
internal_value=0.00243404 0.000976284 0.00141308 0.00186944 0.031713 0.0022643 0.00260522 0.000306481 0.000891395 0.00178203 -0.00218485 -0.00321316 -0.0041359 -0.00478547
internal_weight=278.042 264.855 262.898 260.805 13.1867 259.203 257.947 210.853 209.206 205.091 152.699 150.462 148.493 147.476
internal_count=4183 3667 3621 3557 516 3534 3521 3078 3065 3008 2533 2521 2504 2499
is_linear=0
shrinkage=0.05


Tree=98
num_leaves=15
num_cat=0
split_feature=146 91 276 265 174 281 0 1 216 187 164 278 145 237
split_gain=3.77859 4.9669 5.74347 4.412 3.97114 4.67032 6.06414 5.38236 4.46487 3.74645 4.05037 3.82452 3.62328 3.72067
threshold=1.0000000180025095e-35 1.0000000180025095e-35 1.0000000180025095e-35 1.0000000180025095e-35 1.0000000180025095e-35 1.0000000180025095e-35 1.0000000180025095e-35 1.0000000180025095e-35 1.0000000180025095e-35 1.0000000180025095e-35 1.0000000180025095e-35 1.5000000000000002 1.0000000180025095e-35 1.0000000180025095e-35
decision_type=2 2 2 2 2 2 2 2 2 2 2 2 2 2
left_child=1 3 4 9 5 8 7 -7 -3 12 11 -11 13 -1
right_child=-2 2 -4 -5 -6 6 -8 -9 -10 10 -12 -13 -14 -15
leaf_value=0.031221778879483811 0.020080413331238719 -0.03917491320034841 0.033884745837949919 -0.053812697481596242 0.095948693279659478 -0.00062894952884774409 0.054297678210291057 -0.095257255546403102 0.091007597740755911 -0.0024567888098959408 0.047664608738078158 0.062227984908191564 -0.017879980628702177 -0.053362426886129882
leaf_weight=23.894360881764449 21.514650557655841 27.416576595976952 5.0189779400825492 3.5368814636021844 0.6923799104988565 6.5694360500201565 3.7126615373417726 1.9483618587255476 0.67484480142593284 166.37338322168216 4.2836435809731475 2.3169634900987139 5.5855110492557278 1.3749283123761404
leaf_count=236 180 533 31 61 2 117 29 18 2 2869 15 11 64 42
internal_value=-3.69966e-05 -0.00174505 -0.0166025 0.00155315 -0.0227807 -0.0248194 0.000969829 -0.0222742 -0.0360475 0.00251387 -0.000349105 -0.00156834 0.0185639 0.0266195
internal_weight=274.914 253.399 46.0332 207.366 41.0143 40.3219 12.2305 8.5178 28.0914 203.829 172.974 168.69 30.8548 25.2693
internal_count=4210 4030 732 3298 701 699 164 135 535 3237 2895 2880 342 278
is_linear=0
shrinkage=0.05


Tree=99
num_leaves=15
num_cat=0
split_feature=217 52 234 148 127 234 230 164 43 286 278 174 275 205
split_gain=7.62889 5.21595 5.3715 4.55871 3.82817 2.99183 2.86325 2.89863 3.15568 3.00655 2.77578 2.73437 2.56865 2.94306
threshold=1.0000000180025095e-35 1.0000000180025095e-35 1.0000000180025095e-35 1.0000000180025095e-35 1.0000000180025095e-35 1.0000000180025095e-35 1.0000000180025095e-35 1.0000000180025095e-35 1.0000000180025095e-35 3.5000000000000004 1.5000000000000002 1.0000000180025095e-35 2.5000000000000004 1.0000000180025095e-35
decision_type=2 2 2 2 2 2 2 2 2 2 2 2 2 2
left_child=1 2 3 4 6 -3 7 8 11 -9 -5 12 13 -1
right_child=-2 5 -4 10 -6 -7 -8 9 -10 -11 -12 -13 -14 -15
leaf_value=-0.00063649248651130217 -0.086950405011864365 0.037866550749089595 0.054900248365858828 -0.058184269584371832 0.079874025717235203 -0.098864770839025451 -0.064070213798754869 0.0013587052010670759 -0.058833910924559432 0.064092969809031758 0.01590166616047704 0.095650146576448769 0.020822244474739765 -0.049198786889765096
leaf_weight=215.21272882353514 2.4256179165095082 12.278124016243961 4.4716468304395667 5.2626885566860429 1.5189878940582264 0.41354992613196451 1.717967266216873 4.0463585313409558 2.278632352128624 3.6170826330780983 1.6640940289944408 0.74937638640403648 13.906239307485519 3.1657926067709914
leaf_count=3270 31 501 25 73 4 10 21 27 92 10 9 2 98 40
internal_value=0.00132701 0.00211918 0.000577524 -0.000382071 0.000743365 0.0334112 0.000252146 0.000706938 -0.0002786 0.0309688 -0.0403858 0.00029396 -1.367e-05 -0.00134049
internal_weight=272.729 270.303 257.612 253.14 246.213 12.6917 244.694 242.976 235.313 7.66344 6.92678 233.034 232.285 218.379
internal_count=4213 4182 3671 3646 3564 511 3560 3539 3502 37 82 3410 3408 3310
is_linear=0
shrinkage=0.05


Tree=100
num_leaves=15
num_cat=0
split_feature=52 54 164 3 69 112 145 88 158 288 264 217 11 275
split_gain=4.51475 3.04712 3.09262 3.09037 2.82039 2.71694 3.00281 4.22552 3.55614 7.11453 3.76953 4.5964 4.59692 8.18183
threshold=1.0000000180025095e-35 1.0000000180025095e-35 1.0000000180025095e-35 1.0000000180025095e-35 1.0000000180025095e-35 1.0000000180025095e-35 1.0000000180025095e-35 1.0000000180025095e-35 1.0000000180025095e-35 1.0000000180025095e-35 1.0000000180025095e-35 1.0000000180025095e-35 1.0000000180025095e-35 1.0000000180025095e-35
decision_type=2 2 2 2 2 2 2 2 2 2 2 2 2 2
left_child=1 2 3 4 5 6 7 -1 10 -10 11 12 -8 -14
right_child=-2 -3 -4 -5 -6 -7 8 -9 9 -11 -12 -13 13 -15
leaf_value=-0.0062202271212113015 0.030060670613760949 0.058168874320503217 0.026655606506742632 -0.060508456463592111 0.05569403662524517 0.035339582799096263 0.017734149640610819 -0.077551746978709868 -0.052300312304625646 0.01535473105166596 -0.0030170001216044216 -0.05959820653901976 -0.0097472036468945217 0.1199158808468688
leaf_weight=163.51527950726449 12.143809122033415 2.1489962302148333 9.3262742422521097 2.288243619259446 2.0906791351735583 4.623806729912757 25.449326304718856 2.1028421819210044 7.3197124637663338 8.2831804752349854 28.000006889924407 1.6355549655854691 1.9871524460613716 3.1376329846680164
leaf_count=2788 509 14 51 86 14 18 260 20 102 86 192 22 21 21
internal_value=0.000257145 -0.00112474 -0.00161528 -0.0026681 -0.00213473 -0.00262609 -0.0033532 -0.00712592 0.00488858 -0.016384 0.0104012 0.0220657 0.0264343 0.0696386
internal_weight=274.052 261.909 259.76 250.433 248.145 246.054 241.431 165.618 75.8126 15.6029 60.2097 32.2097 30.5741 5.12479
internal_count=4204 3695 3681 3630 3544 3530 3512 2808 704 188 516 324 302 42
is_linear=0
shrinkage=0.05


Tree=101
num_leaves=15
num_cat=0
split_feature=52 58 89 34 37 43 73 108 69 218 11 105 22 275
split_gain=6.03918 3.77275 3.61986 3.48977 3.06497 2.97953 2.80546 2.77791 2.58983 2.52172 2.90186 4.48966 3.24094 3.23488
threshold=1.0000000180025095e-35 1.0000000180025095e-35 1.0000000180025095e-35 1.0000000180025095e-35 1.0000000180025095e-35 1.0000000180025095e-35 1.0000000180025095e-35 1.0000000180025095e-35 1.0000000180025095e-35 1.0000000180025095e-35 1.0000000180025095e-35 1.0000000180025095e-35 1.0000000180025095e-35 2.5000000000000004
decision_type=2 2 2 2 2 2 2 2 2 2 2 2 2 2
left_child=1 2 3 4 5 6 7 8 9 10 11 13 -12 -1
right_child=-2 -3 -4 -5 -6 -7 -8 -9 -10 -11 12 -13 -14 -15
leaf_value=-0.0065366870714046975 0.034967644797495673 -0.047347127636034811 -0.072633350506377939 0.032582285255271237 0.052829012585719773 -0.060015986365249144 -0.054855311771802785 -0.056473239981155055 0.055285770704041171 -0.066691220632114426 -0.068249785677598221 0.067644060364645986 0.010565161113899817 0.01905826507412018
leaf_weight=155.31923675257713 11.987826539203523 4.3785708099603644 1.7295413762330998 7.9367443881928912 2.6069250889122477 2.1689940774813286 2.4078040178865185 2.2053420785814515 2.0922954007983199 1.4340026080608357 1.3321800474077452 2.1842882856726638 62.430966532789171 13.410871304571627
leaf_count=2607 513 29 14 86 23 89 123 57 15 15 21 11 542 70
internal_value=0.000265148 -0.00132487 -0.000541563 -5.36126e-05 -0.00109978 -0.00167364 -0.00115249 -0.000614631 -9.74803e-05 -0.000588257 -0.000184334 -0.00358034 0.00891851 -0.00450237
internal_weight=273.626 261.638 257.259 255.53 247.593 244.986 242.817 240.409 238.204 236.112 234.678 170.914 63.7631 168.73
internal_count=4215 3702 3673 3659 3573 3550 3461 3338 3281 3266 3251 2688 563 2677
is_linear=0
shrinkage=0.05


Tree=102
num_leaves=15
num_cat=0
split_feature=52 285 198 112 22 275 286 70 286 143 286 275 276 146
split_gain=3.79596 4.52084 5.24513 4.27707 3.73538 5.21533 3.34375 3.26068 3.9226 3.22143 3.03363 4.11313 3.16315 3.05574
threshold=1.0000000180025095e-35 1.0000000180025095e-35 1.0000000180025095e-35 1.0000000180025095e-35 1.0000000180025095e-35 1.5000000000000002 1.0000000180025095e-35 1.0000000180025095e-35 2.5000000000000004 1.0000000180025095e-35 1.5000000000000002 1.0000000180025095e-35 1.0000000180025095e-35 1.0000000180025095e-35
decision_type=2 2 2 2 2 2 2 2 2 2 2 2 2 2
left_child=1 2 3 4 5 6 -1 8 -3 -6 11 -9 13 -12
right_child=-2 7 -4 -5 9 -7 -8 10 -10 -11 12 -13 -14 -15
leaf_value=0.0411618466422028 0.026593034294088588 -0.06043245708094195 0.1394103416900038 0.044892134796225738 -0.013352609043092793 0.1788656976321179 -0.058039176743754431 0.034706695774171334 0.017229681235464079 0.098728986118090348 -0.015514309728277317 0.0061795084936831727 0.046008455107479383 0.01895463522207411
leaf_weight=3.0645785368978968 11.683363355230538 4.0730111356824628 0.59303385019302268 3.5030144155025473 123.54519332898781 0.5384149383753537 1.1752078831195829 15.993309780955313 2.7061896063387394 0.64443594217300315 30.832016433123499 60.184331914409995 2.8763845451176158 8.1240676548331958
leaf_count=82 514 43 1 13 2679 4 28 118 14 1 258 382 19 52
internal_value=-0.00128257 -0.00254562 -0.008957 -0.0096212 -0.0111019 0.0322798 0.0136647 0.0042909 -0.0294305 -0.012771 0.00622806 0.0121687 -0.00458999 -0.00832601
internal_weight=269.537 257.853 133.064 132.471 128.968 4.7782 4.23979 124.789 6.7792 124.19 118.01 76.1776 41.8325 38.9561
internal_count=4208 3694 2808 2807 2794 114 110 886 57 2680 829 500 329 310
is_linear=0
shrinkage=0.05


Tree=103
num_leaves=15
num_cat=0
split_feature=233 52 245 34 291 96 231 64 90 196 271 158 178 198
split_gain=4.55074 4.54272 4.22675 4.02998 4.48981 2.54218 2.61352 2.52684 2.40074 2.34226 2.84258 6.19881 3.8355 4.39712
threshold=1.0000000180025095e-35 1.0000000180025095e-35 1.0000000180025095e-35 1.0000000180025095e-35 1.5000000000000002 1.0000000180025095e-35 1.0000000180025095e-35 1.0000000180025095e-35 1.0000000180025095e-35 1.0000000180025095e-35 1.0000000180025095e-35 1.0000000180025095e-35 1.0000000180025095e-35 1.0000000180025095e-35
decision_type=2 2 2 2 2 2 2 2 2 2 2 2 2 2
left_child=1 2 3 4 5 6 7 9 -9 10 12 -12 13 -1
right_child=-2 -3 -4 -5 -6 -7 -8 8 -10 -11 11 -13 -14 -15
leaf_value=-0.0063264545522722943 0.019200210463039449 0.030289895369637193 -0.055647269927904378 0.034807773565493368 -0.12549397825243988 -0.079041332890643093 0.052143504329618041 -0.064503566380348168 0.023846947328894162 0.019812396477422445 -0.030993259566856675 0.065409901042170676 0.011489087568054451 0.12777547308665396
leaf_weight=133.61434358730912 30.095326494425535 10.769300300162284 3.7418435290455809 7.1729022432118645 0.74898486584424873 1.0896005891263474 2.1680787727236739 3.0311316810548297 1.0302292220294473 11.352244436740873 17.440239584073428 1.8437899835407723 42.716497324407101 0.61408627033233543
leaf_count=2755 136 493 80 78 7 9 7 36 6 39 283 16 235 1
internal_value=0.000883943 -0.00143867 -0.00294683 -0.00206184 -0.00328819 -0.00286227 -0.00247405 -0.00303356 -0.042092 -0.00226937 -0.00354685 -0.0217759 -0.00156018 -0.00571295
internal_weight=267.429 237.333 226.564 222.822 215.649 214.9 213.811 211.643 4.06136 207.581 196.229 19.284 176.945 134.228
internal_count=4181 4045 3552 3472 3394 3387 3378 3371 42 3329 3290 299 2991 2756
is_linear=0
shrinkage=0.05


Tree=104
num_leaves=15
num_cat=0
split_feature=73 163 260 4 91 198 275 187 288 183 176 271 70 292
split_gain=2.67151 2.58363 3.02083 5.39766 4.40389 3.52729 3.54353 5.1143 7.38614 5.72402 4.86865 4.12943 8.29599 3.91535
threshold=1.0000000180025095e-35 1.0000000180025095e-35 1.0000000180025095e-35 1.0000000180025095e-35 1.0000000180025095e-35 1.0000000180025095e-35 1.0000000180025095e-35 1.0000000180025095e-35 1.0000000180025095e-35 1.0000000180025095e-35 1.0000000180025095e-35 1.0000000180025095e-35 1.0000000180025095e-35 1.0000000180025095e-35
decision_type=2 2 2 2 2 2 2 2 2 2 2 2 2 2
left_child=1 2 4 -4 5 6 7 8 11 10 -9 12 -1 -8
right_child=-2 -3 3 -5 -6 -7 13 9 -10 -11 -12 -13 -14 -15
leaf_value=0.082218073248328236 -0.044761920748132851 -0.060014951973433789 0.035584811718894209 -0.064686566967950707 -0.011306609501914663 0.065789640430700888 0.017463294656957715 -0.0091449609519059609 -0.018226420979111396 0.14297411865315462 0.12433082930702465 0.12186470729051935 -0.05518271720556725 -0.0028006611982899386
leaf_weight=3.3471217155456543 2.7992875780910245 1.5503508783876885 14.123170636594292 1.4830553010106093 42.333879948593676 2.4706546496599904 80.697709299158305 74.549708626233041 4.949367986060679 0.63376614451408286 0.68951215222477813 2.0204696506261826 1.6353083848953227 33.831105133518577
leaf_count=6 146 40 97 15 714 12 1028 1621 75 4 5 25 35 349
internal_value=0.00382695 0.00434154 0.00472125 0.0260561 0.00337412 0.00640838 0.00568336 -0.00187243 0.0285275 -0.00666132 -0.00792175 0.0615712 0.0371211 0.0114774
internal_weight=267.114 264.315 262.765 15.6062 247.159 204.825 202.354 87.8253 11.9523 75.873 75.2392 7.0029 4.98243 114.529
internal_count=4172 4026 3986 112 3874 3160 3148 1771 141 1630 1626 66 41 1377
is_linear=0
shrinkage=0.05


Tree=105
num_leaves=15
num_cat=0
split_feature=38 52 108 173 233 245 187 58 282 145 285 264 201 146
split_gain=3.7691 2.88804 3.38979 2.77618 2.49733 4.42229 3.14663 5.23189 4.52148 4.99971 3.46079 3.30224 7.773 5.34273
threshold=1.0000000180025095e-35 1.0000000180025095e-35 1.0000000180025095e-35 1.0000000180025095e-35 1.0000000180025095e-35 1.0000000180025095e-35 1.0000000180025095e-35 1.0000000180025095e-35 1.0000000180025095e-35 1.0000000180025095e-35 3.5000000000000004 1.0000000180025095e-35 1.0000000180025095e-35 1.0000000180025095e-35
decision_type=2 2 2 2 2 2 2 2 2 2 2 2 2 2
left_child=1 2 3 4 5 6 8 11 9 -1 -11 12 13 -8
right_child=-2 -3 -4 -5 -6 -7 7 -9 -10 10 -12 -13 -14 -15
leaf_value=0.016689136172576554 0.068402229591092031 0.027101158714817143 -0.05822400210658938 0.053734332715649404 0.013905807701022791 -0.055383285413988695 -0.012113351164916287 -0.082673873508926007 0.057187709720521708 -0.056999653260304296 0.010491812481185456 0.0056437833642228241 0.18783601658179494 0.034358620495855079
leaf_weight=25.63368949573487 2.125412253662943 10.626574223395435 2.4339393321424714 2.4774729665368787 30.738798521459103 3.7164162741973987 94.949637048412114 2.0447099879384032 4.9552881121635428 4.5747252861037841 3.2479274347424507 76.149142179638147 0.50360113382339378 6.615664752200245
leaf_count=289 14 500 65 25 143 79 2184 19 18 70 18 729 1 42
internal_value=0.00208048 0.00155581 0.000503808 0.00106303 0.000547512 -0.00129887 -0.000379692 -0.00314837 0.0126135 0.00601151 -0.0289775 -0.00223597 -0.0081147 -0.0090863
internal_weight=270.793 268.668 258.041 255.607 253.13 222.391 218.674 180.263 38.4116 33.4563 7.82265 178.218 102.069 101.565
internal_count=4196 4182 3682 3617 3592 3449 3370 2975 395 377 88 2956 2227 2226
is_linear=0
shrinkage=0.05


Tree=106
num_leaves=15
num_cat=0
split_feature=52 217 234 148 127 69 54 183 105 34 233 18 1 286
split_gain=4.72393 4.5313 5.64468 3.9038 2.95492 2.59415 2.50899 2.5774 2.50679 2.38739 2.6623 3.80438 4.79194 3.49867
threshold=1.0000000180025095e-35 1.0000000180025095e-35 1.0000000180025095e-35 1.0000000180025095e-35 1.0000000180025095e-35 1.0000000180025095e-35 1.0000000180025095e-35 1.0000000180025095e-35 1.0000000180025095e-35 1.0000000180025095e-35 1.0000000180025095e-35 1.0000000180025095e-35 1.0000000180025095e-35 1.0000000180025095e-35
decision_type=2 2 2 2 2 2 2 2 2 2 2 2 2 2
left_child=1 2 3 4 5 6 7 8 9 10 11 12 13 -1
right_child=-2 -3 -4 -5 -6 -7 -8 -9 -10 -11 -12 -13 -14 -15
leaf_value=-0.0090513755027108629 0.035658983147219242 -0.068801711959834991 0.060250978376791525 -0.038059196272913154 0.070622462780326994 0.054998236731407968 0.058032197693946491 0.021364994875835253 0.048389558110444084 0.028406977745086295 0.012046706717662711 -0.031412946004113408 -0.090994693474368893 0.0053337238067488668
leaf_weight=82.1919588111341 10.49162402236834 2.2766462042927733 4.0989503040909758 6.2073048744350663 1.5631503462791432 2.2574397921562186 1.9224316664040078 14.148995913565157 2.5756288804113856 6.5904298424720755 28.554837714880705 12.14102384354919 1.5143223144114006 87.020133228972554
leaf_count=1868 504 31 22 79 4 16 13 82 17 79 133 165 13 1133
internal_value=0.00278295 0.00141995 0.00205743 0.00109049 0.00210102 0.00165271 0.00114386 0.000677963 -0.000648947 -0.00122829 -0.00215208 -0.00436923 -0.00244604 -0.0016536
internal_weight=263.555 253.063 250.787 246.688 240.48 238.917 236.66 234.737 220.588 218.013 211.422 182.867 170.726 169.212
internal_count=4159 3655 3624 3602 3523 3519 3503 3490 3408 3391 3312 3179 3014 3001
is_linear=0
shrinkage=0.05


Tree=107
num_leaves=15
num_cat=0
split_feature=287 266 89 288 1 275 285 203 145 287 275 61 285 198
split_gain=3.4899 5.80904 8.25839 5.71781 5.10686 4.56646 8.65906 4.03409 3.60627 6.43003 3.42882 3.27807 3.17248 3.69438
threshold=1.0000000180025095e-35 1.0000000180025095e-35 1.0000000180025095e-35 1.0000000180025095e-35 1.0000000180025095e-35 1.0000000180025095e-35 1.5000000000000002 1.0000000180025095e-35 1.0000000180025095e-35 1.5000000000000002 2.5000000000000004 1.0000000180025095e-35 1.0000000180025095e-35 1.0000000180025095e-35
decision_type=2 2 2 2 2 2 2 2 2 2 2 2 2 2
left_child=1 11 7 4 -2 6 8 10 -5 -10 -3 12 13 -1
right_child=3 2 -4 5 -6 -7 -8 -9 9 -11 -12 -13 -14 -15
leaf_value=-0.0059198328099961403 -0.0045060791361141665 -0.043876485659563737 0.15409319727543336 0.06603854763328873 -0.098440449154909029 0.0088900156497881706 -0.089545694695802744 0.089771087231651212 -0.057679244852627744 0.05686303762896841 0.038534720254231318 -0.059839865039190199 0.014147779627658771 0.1154591034179161
leaf_weight=65.137772677931935 44.871073658112437 18.217882755212496 0.59999784640967746 9.8919797409325856 1.4951339587569226 79.253508812282234 1.2330606281757344 0.63617444038391013 1.9350149128586043 3.3402963429689407 1.3561047641560424 2.2173868007957926 33.521464897319674 0.63298791646957298
leaf_count=1743 450 409 3 174 11 1007 9 1 36 22 11 29 261 1
internal_value=0.00154305 -0.00464739 -0.0287126 0.00687478 -0.00753511 0.0138597 0.0378752 -0.0341397 0.0482341 0.0148483 -0.038167 0.000286137 0.00162887 -0.00475166
internal_weight=264.34 122.32 20.8102 142.02 46.3662 95.6539 16.4004 20.2102 15.1673 5.27531 19.574 101.51 99.2922 65.7708
internal_count=4167 2458 424 1709 461 1248 241 421 232 58 420 2034 2005 1744
is_linear=0
shrinkage=0.05


Tree=108
num_leaves=15
num_cat=0
split_feature=61 241 278 148 282 181 218 287 136 71 286 174 175 59
split_gain=3.70335 3.35049 5.64541 3.48798 3.82816 2.81665 2.76147 2.55738 2.49187 3.21543 2.40952 2.40815 2.50045 4.22051
threshold=1.0000000180025095e-35 1.0000000180025095e-35 1.5000000000000002 1.0000000180025095e-35 1.0000000180025095e-35 1.0000000180025095e-35 1.0000000180025095e-35 1.5000000000000002 1.0000000180025095e-35 1.0000000180025095e-35 3.5000000000000004 1.0000000180025095e-35 1.0000000180025095e-35 1.0000000180025095e-35
decision_type=2 2 2 2 2 2 2 2 2 2 2 2 2 2
left_child=1 3 -3 5 7 6 8 -5 9 11 -7 12 -1 -14
right_child=-2 2 -4 4 -6 10 -8 -9 -10 -11 -12 -13 13 -15
leaf_value=0.001383857838525346 -0.031565972519875932 -0.07477078608073108 0.037949743356608133 -0.08002588381322448 0.030911491835009283 -0.060889377931110433 -0.062464614919895571 -0.0059728623047666978 -0.056206307153697323 0.042232384352757196 0.034188236675818037 0.086969755133332188 0.032003876882044098 0.0018158961726230289
leaf_weight=183.93061680812389 8.5202429704368097 3.4318989329040042 1.6423546224832533 3.3418652624823144 1.7796261273324487 2.9105776138603683 1.5341047085821617 1.7905249241739509 1.660501630976795 5.7383197508752337 0.86423143371939648 0.87855055741965671 19.649310480803251 28.186747714877129
leaf_count=3602 92 29 5 59 10 46 18 21 29 21 5 7 115 138
internal_value=0.000865644 0.00193942 -0.0382872 0.00274857 -0.0322799 0.00373538 0.00440505 -0.0541912 0.00483241 0.00525759 -0.0391216 0.00434558 0.00403238 0.014216
internal_weight=265.859 257.339 5.07425 252.265 6.91202 245.353 241.578 5.13239 240.044 238.384 3.77481 232.645 231.767 47.8361
internal_count=4197 4105 34 4071 90 3981 3930 80 3912 3883 51 3862 3855 253
is_linear=0
shrinkage=0.05


Tree=109
num_leaves=15
num_cat=0
split_feature=73 59 275 198 292 96 136 286 18 208 237 252 277 249
split_gain=2.53845 2.65891 3.01186 2.86077 2.75777 2.50272 2.35162 2.29651 6.35171 2.23863 2.18455 2.11841 3.39531 1.99428
threshold=1.0000000180025095e-35 1.0000000180025095e-35 1.5000000000000002 1.0000000180025095e-35 1.5000000000000002 1.0000000180025095e-35 1.0000000180025095e-35 1.0000000180025095e-35 1.0000000180025095e-35 1.0000000180025095e-35 1.0000000180025095e-35 1.0000000180025095e-35 1.5000000000000002 1.0000000180025095e-35
decision_type=2 2 2 2 2 2 2 2 2 2 2 2 2 2
left_child=1 3 7 5 11 6 9 -3 -9 10 13 12 -4 -1
right_child=-2 2 4 -5 -6 -7 -8 8 -10 -11 -12 -13 -14 -15
leaf_value=0.0078671470103497086 -0.045369699991591739 -0.06429560320477741 0.031631832649717743 0.083413873433775487 0.052495746860219128 -0.07449090324277656 -0.054932722373795678 0.057369288183848066 -0.066419694802760817 -0.060477559428818467 -0.0503784622177125 -0.045286483495398426 -0.01091725542985704 -0.059044791738101988
leaf_weight=213.50052926456556 2.6067237546667448 3.6867103353142729 6.2300685569644072 1.1968975700438012 2.2464402336627236 0.96382347494363685 1.5590124465525139 1.8996399492025373 2.2799900770187378 1.2332816999405611 1.6417452841997136 2.933402592316269 18.948870426043868 1.1194138638675202
leaf_count=3602 141 51 36 5 15 10 25 20 24 14 51 39 95 19
internal_value=0.00372519 0.00421847 -0.00795839 0.0063226 -0.000814134 0.00590322 0.00625695 -0.0355304 -0.0101577 0.00669556 0.00707863 -0.00507409 -0.000389261 0.00751815
internal_weight=262.047 259.44 38.2251 221.215 30.3588 220.018 219.054 7.86634 4.17963 217.495 216.262 28.1123 25.1789 214.62
internal_count=4147 4006 280 3726 185 3721 3711 95 44 3686 3672 170 131 3621
is_linear=0
shrinkage=0.05


Tree=110
num_leaves=15
num_cat=0
split_feature=57 124 285 158 237 230 175 245 80 276 183 241 288 145
split_gain=7.67509 2.90178 2.78971 3.56313 2.50338 2.48005 2.42744 4.44873 3.3327 3.27579 3.01767 2.66307 7.25559 2.13399
threshold=1.0000000180025095e-35 1.0000000180025095e-35 1.0000000180025095e-35 1.0000000180025095e-35 1.0000000180025095e-35 1.0000000180025095e-35 1.0000000180025095e-35 1.0000000180025095e-35 1.0000000180025095e-35 1.0000000180025095e-35 1.0000000180025095e-35 1.0000000180025095e-35 1.5000000000000002 1.0000000180025095e-35
decision_type=2 2 2 2 2 2 2 2 2 2 2 2 2 2
left_child=1 4 3 -3 5 6 7 8 9 10 13 -8 -13 -1
right_child=-2 2 -4 -5 -6 -7 11 -9 -10 -11 -12 12 -14 -15
leaf_value=-0.00047048960188008959 -0.054801799279546828 -0.050427979397170669 -0.1075574011778707 0.059787673023648319 -0.05167030715844019 -0.056432837861290178 0.018152584485186665 -0.049704188015006222 -0.082219335381102265 -0.072673673163359528 0.037109831656098158 -0.070716476420346119 0.029725923433971038 0.01064437369783585
leaf_weight=107.0044295261614 5.5882287863641968 2.1963032921776167 1.0398003580048678 1.1008622944355013 1.9281111266463984 1.6055598892271508 55.678416110575199 3.9048493201844385 1.1087445728480805 1.357272796332835 7.1630571298301211 3.1803513001650563 4.1363851204514503 72.404725497588515
leaf_count=2508 137 79 10 18 68 23 307 87 10 10 43 30 17 861
internal_value=0.00318415 0.00441246 -0.0361486 -0.013629 0.00509042 0.00551537 0.00590398 0.00312161 0.0042128 0.00472273 0.00528577 0.0144259 -0.0139332 0.00401517
internal_weight=269.397 263.809 4.33697 3.29717 259.472 257.544 255.938 192.943 189.038 187.929 186.572 62.9952 7.31674 179.409
internal_count=4208 4071 107 97 3964 3896 3873 3519 3432 3422 3412 354 47 3369
is_linear=0
shrinkage=0.05


Tree=111
num_leaves=15
num_cat=0
split_feature=285 52 275 0 205 198 286 205 145 157 271 292 277 105
split_gain=4.0447 5.0127 3.7022 3.93452 3.28123 3.24897 2.93916 2.87806 3.75308 3.71559 3.46852 3.81432 5.80897 3.5608
threshold=1.0000000180025095e-35 1.0000000180025095e-35 1.0000000180025095e-35 1.0000000180025095e-35 1.0000000180025095e-35 1.0000000180025095e-35 2.5000000000000004 1.0000000180025095e-35 1.0000000180025095e-35 1.0000000180025095e-35 1.0000000180025095e-35 1.0000000180025095e-35 1.0000000180025095e-35 1.0000000180025095e-35
decision_type=2 2 2 2 2 2 2 2 2 2 2 2 2 2
left_child=1 5 -2 4 -4 7 -5 8 9 10 11 12 13 -1
right_child=2 -3 3 6 -6 -7 -8 -9 -10 -11 -12 -13 -14 -15
leaf_value=-0.017805111692645651 0.02500852663856408 0.033447368898278533 -0.0030172122540962345 0.0054868418571958257 0.068549066306709247 0.10301232295847261 0.058157074837282323 -0.057750516450191913 0.0036187127983623862 0.075099193976718132 -0.053835382714240189 -0.044060592626321844 0.019224674881805456 0.081261446094600731
leaf_weight=57.129661279730499 20.419990122318268 7.3244152404367915 88.63539356039837 5.5896790344268066 1.6310932915657748 0.64399158954620261 5.0341622848063707 3.0286771990358821 43.198635056614876 1.1451156139373768 5.5407241359353057 8.7862983541563136 14.421085508540271 0.92168724909424682
leaf_count=1754 155 386 763 43 5 1 26 43 481 2 192 205 150 9
internal_value=-0.00111311 -0.00683651 0.00559304 0.00166339 -0.00172403 -0.00902509 0.0304449 -0.00956285 -0.00844998 -0.0143782 -0.0155586 -0.0129487 -0.00917675 -0.0162322
internal_weight=263.451 142.14 121.31 100.89 90.2665 134.816 10.6238 134.172 131.143 87.9446 86.7995 81.2587 72.4724 58.0513
internal_count=4215 3223 992 837 768 2837 69 2836 2793 2312 2310 2118 1913 1763
is_linear=0
shrinkage=0.05


Tree=112
num_leaves=15
num_cat=0
split_feature=66 231 64 34 73 149 136 71 70 285 286 174 172 164
split_gain=2.83889 2.68479 3.6936 2.26359 3.05953 2.23558 2.22015 2.72709 4.14298 2.34887 6.92814 2.11165 2.03116 2.01272
threshold=1.0000000180025095e-35 1.0000000180025095e-35 1.0000000180025095e-35 1.0000000180025095e-35 1.0000000180025095e-35 1.0000000180025095e-35 1.0000000180025095e-35 1.0000000180025095e-35 1.0000000180025095e-35 1.0000000180025095e-35 2.5000000000000004 1.0000000180025095e-35 1.0000000180025095e-35 1.0000000180025095e-35
decision_type=2 2 2 2 2 2 2 2 2 2 2 2 2 2
left_child=1 2 3 4 5 6 7 8 -1 -9 -11 12 -10 -4
right_child=-2 -3 13 -5 -6 -7 -8 9 11 10 -12 -13 -14 -15
leaf_value=-0.072937998887718486 -0.079961348964805182 0.050691309692931744 -0.062013429364443075 0.033586372106636196 -0.052171253141010544 -0.063621562302502141 -0.061081876813030803 0.05420657069699656 0.0041878444704455172 -0.040281672865086549 0.068771728266937754 0.083336512236483029 0.055065625257422084 0.019023120714613664
leaf_weight=1.7219722983427335 0.99075224995612998 3.1539829391986123 3.1623841002583495 6.761086367070674 2.378305710386484 1.1879796534776677 1.2596578747034062 5.1964768096804601 233.72829570854083 3.282327076420188 2.6180309802293777 0.85495907720178266 1.9782801922410715 1.0112577676773069
leaf_count=37 8 22 38 81 147 24 23 18 3741 28 9 7 14 7
internal_value=0.00452003 0.004832 0.00428648 0.00503279 0.00427336 0.00480643 0.00513076 0.00546521 0.00433687 0.0296942 0.0081061 0.00489937 0.00461486 -0.0423786
internal_weight=269.286 268.295 265.141 260.967 254.206 251.828 250.64 249.38 238.284 11.0968 5.90036 236.562 235.707 4.17364
internal_count=4204 4196 4174 4129 4048 3901 3877 3854 3799 55 37 3762 3755 45
is_linear=0
shrinkage=0.05


Tree=113
num_leaves=15
num_cat=0
split_feature=217 234 271 52 51 34 228 37 287 73 277 266 287 146
split_gain=4.3201 4.53432 6.00354 3.51064 2.86182 2.57488 2.54379 2.49116 2.38833 2.23374 2.19758 4.1204 12.0171 6.59046
threshold=1.0000000180025095e-35 1.0000000180025095e-35 1.0000000180025095e-35 1.0000000180025095e-35 1.0000000180025095e-35 1.0000000180025095e-35 1.0000000180025095e-35 1.0000000180025095e-35 1.0000000180025095e-35 1.0000000180025095e-35 1.0000000180025095e-35 1.0000000180025095e-35 1.0000000180025095e-35 1.0000000180025095e-35
decision_type=2 2 2 2 2 2 2 2 2 2 2 2 2 2
left_child=1 3 8 4 5 6 7 9 -3 10 11 13 -13 -1
right_child=-2 2 -4 -5 -6 -7 -8 -9 -10 -11 -12 12 -14 -15
leaf_value=-0.00016007890947472198 -0.068061280774577182 -0.080849576017486185 0.095899999354932333 0.030755978729992396 0.060946112539030588 0.03143947667869771 0.058038625568739281 0.052595849966413283 0.041555299030839987 -0.054228294819638347 -0.0085394538268819594 -0.031260825840613231 0.035363223652671492 -0.055273116022834801
leaf_weight=107.78751070797443 2.2334755249321452 0.87626966461539157 2.8199512027204037 9.4796143653802556 1.8952193334698666 6.0627361293882123 1.776890531182288 2.0700340680778018 0.73090624436736107 2.068283660337328 83.030825125053525 9.3541185036301595 24.483508574776351 5.7117812037467948
leaf_count=2078 31 11 11 503 7 74 9 20 10 139 696 294 287 56
internal_value=0.0011785 0.00177756 0.0519435 0.000902222 -0.000256478 -0.000735102 -0.00156066 -0.00201226 -0.0251827 -0.00249859 -0.00203415 0.00163188 0.0169456 -0.00293361
internal_weight=260.381 258.148 4.42713 253.721 244.241 242.346 236.283 234.506 1.60718 232.436 230.368 147.337 33.8376 113.499
internal_count=4226 4195 32 4163 3660 3653 3579 3570 21 3550 3411 2715 581 2134
is_linear=0
shrinkage=0.05


Tree=114
num_leaves=15
num_cat=0
split_feature=187 57 282 288 286 286 102 34 70 183 71 178 57 89
split_gain=2.69551 3.79575 3.89437 3.40155 5.20843 4.99376 3.3675 2.68043 2.9456 2.69155 2.56494 4.7183 2.45039 2.5053
threshold=1.0000000180025095e-35 1.0000000180025095e-35 1.0000000180025095e-35 1.0000000180025095e-35 1.0000000180025095e-35 2.5000000000000004 1.0000000180025095e-35 1.0000000180025095e-35 1.0000000180025095e-35 1.0000000180025095e-35 1.0000000180025095e-35 1.0000000180025095e-35 1.0000000180025095e-35 1.0000000180025095e-35
decision_type=2 2 2 2 2 2 2 2 2 2 2 2 2 2
left_child=1 2 3 4 -1 6 10 8 -2 12 11 -5 13 -10
right_child=7 -3 -4 5 -6 -7 -8 -9 9 -11 -12 -13 -14 -15
leaf_value=0.030422018535662995 -0.067185385718162724 0.11591729258722611 0.04894047565289162 -0.038492338662915432 -0.072425271564543967 0.033363122065882864 0.06621590131205396 0.027506959353046746 -0.0038277830196003209 0.072968281677534455 -0.067284143603685606 0.032474793479170351 -0.037409554836719851 -0.06715356053167966
leaf_weight=12.784813160076736 1.9116430850699533 0.82204608246683974 4.9436683431267729 8.4703589063137787 1.3621688522398461 4.8474698178470126 0.96307519264519292 6.3755792845040551 198.53158977162093 1.1056998558342446 3.5697852205485114 3.2372576352208844 5.7579749580472699 1.5742308702319849
leaf_count=158 41 5 19 210 19 44 6 81 3387 9 36 16 139 15
internal_value=-0.00219125 0.00955869 0.00738261 0.0015518 0.0205192 -0.0111726 -0.0244656 -0.00442929 -0.00540407 -0.00483343 -0.0301821 -0.0188693 -0.00525131 -0.00432597
internal_weight=256.257 41.0006 40.1786 35.2349 14.147 21.0879 16.2405 215.257 208.881 206.969 15.2774 11.7076 205.864 200.106
internal_count=4185 513 508 489 177 312 268 3672 3591 3550 262 226 3541 3402
is_linear=0
shrinkage=0.05


Tree=115
num_leaves=15
num_cat=0
split_feature=148 282 280 286 231 64 91 155 281 175 276 260 190 260
split_gain=2.83507 3.39299 3.59992 3.12261 2.51118 3.42239 2.8723 3.11903 4.93291 3.39323 3.68369 3.18589 5.83499 3.00547
threshold=1.0000000180025095e-35 1.0000000180025095e-35 1.5000000000000002 3.5000000000000004 1.0000000180025095e-35 1.0000000180025095e-35 1.0000000180025095e-35 1.0000000180025095e-35 1.0000000180025095e-35 1.0000000180025095e-35 1.0000000180025095e-35 1.0000000180025095e-35 1.0000000180025095e-35 1.0000000180025095e-35
decision_type=2 2 2 2 2 2 2 2 2 2 2 2 2 2
left_child=3 2 -2 4 5 6 13 9 -9 10 11 -8 -13 -1
right_child=1 -3 -4 -5 -6 -7 7 8 -10 -11 -12 12 -14 -15
leaf_value=0.0032884223286109879 -0.068661884620898436 0.042595658510255589 0.065232288265921215 0.036933305103911719 0.049472470712661143 -0.061238153039715859 -0.040598710456498981 -0.023074919727545926 0.15506036903579515 0.0034423278108939373 0.067980333874681012 -0.040525710483261326 0.083415582407420238 -0.027911056998518119
leaf_weight=190.92113402253017 4.2566826944239429 1.1531037613749502 0.56912561506032933 5.7091760383918873 2.4904594644904128 2.33457869850099 18.170401339419193 0.87406540103256591 0.69977999292314053 14.271361717954276 0.96651288866996665 2.3817828120663753 1.5792691111564638 8.0441593346185964
leaf_count=3180 79 6 2 69 17 30 536 22 5 96 2 30 5 97
internal_value=-0.000436013 -0.0344593 -0.0528712 0.000382777 -0.000476904 -0.000994701 -0.000403536 -0.0128216 0.0561295 -0.0157255 -0.0275686 -0.0317414 0.00888961 0.00202703
internal_weight=254.422 5.97891 4.82581 248.443 242.734 240.243 237.908 38.9432 1.57385 37.3693 23.098 22.1315 3.96105 198.965
internal_count=4176 87 81 4089 4020 4003 3973 696 27 669 573 571 35 3277
is_linear=0
shrinkage=0.05


Tree=116
num_leaves=15
num_cat=0
split_feature=217 277 280 260 278 91 267 190 39 285 181 58 91 1
split_gain=5.62135 3.17636 3.72324 4.92385 4.26634 3.66548 3.61067 3.94712 3.46452 3.46271 3.01529 2.65632 3.42862 3.16604
threshold=1.0000000180025095e-35 2.5000000000000004 1.0000000180025095e-35 1.0000000180025095e-35 1.0000000180025095e-35 1.0000000180025095e-35 1.0000000180025095e-35 1.0000000180025095e-35 1.0000000180025095e-35 3.5000000000000004 1.0000000180025095e-35 1.0000000180025095e-35 1.0000000180025095e-35 1.0000000180025095e-35
decision_type=2 2 2 2 2 2 2 2 2 2 2 2 2 2
left_child=1 2 3 5 11 10 -5 -8 9 -6 -1 12 -4 -14
right_child=-2 -3 4 6 8 -7 7 -9 -10 -11 -12 -13 13 -15
leaf_value=0.0059948187449710517 -0.082205322626036997 0.052667117805335152 -0.014282583620020656 0.048907508615746137 -0.079043516874882702 -0.015106271676021174 -0.063822817948930258 0.050901373689062904 0.036514405947463455 0.0068797551591715175 -0.064879236878606264 0.05369692092557049 -0.040181180444271526 -0.1443830892516543
leaf_weight=149.88248750614002 2.0115263983607283 3.0217736493796101 37.466548715252429 9.8986184373497945 1.5179432239383439 25.79254931025207 1.7047504587098947 1.3383279070258141 7.7272565122693777 5.1533349920064211 1.5158804953098286 1.2687487602233876 4.6731637199409297 0.8636878915131091
leaf_count=2671 29 36 486 65 20 512 47 6 67 27 25 3 126 9
internal_value=0.00104763 0.00171264 0.00109379 0.00449148 -0.00991705 0.00231694 0.0342642 -0.0133678 0.0137254 -0.0126707 0.00528519 -0.0176062 -0.0197099 -0.0564355
internal_weight=253.837 251.825 248.803 190.133 58.6707 177.191 12.9417 3.04308 14.3985 6.67128 151.398 44.2721 43.0034 5.53685
internal_count=4129 4100 4064 3326 738 3208 118 53 114 47 2696 624 621 135
is_linear=0
shrinkage=0.05


Tree=117
num_leaves=15
num_cat=0
split_feature=124 164 52 234 178 18 217 176 239 275 158 277 11 57
split_gain=3.16476 3.98057 2.66407 3.26881 2.58829 3.87959 2.88093 2.47066 2.3363 2.31179 3.2469 2.82522 4.08277 2.93587
threshold=1.0000000180025095e-35 1.0000000180025095e-35 1.0000000180025095e-35 1.0000000180025095e-35 1.0000000180025095e-35 1.0000000180025095e-35 1.0000000180025095e-35 1.0000000180025095e-35 1.0000000180025095e-35 1.5000000000000002 1.0000000180025095e-35 1.0000000180025095e-35 1.0000000180025095e-35 1.0000000180025095e-35
decision_type=2 2 2 2 2 2 2 2 2 2 2 2 2 2
left_child=2 -2 4 -4 5 6 7 8 9 11 -11 -1 13 -13
right_child=1 -3 3 -5 -6 -7 -8 -9 -10 10 -12 12 -14 -15
leaf_value=-0.0038894289700777589 -0.069206826736293331 0.061503397463282462 0.030613091126346626 -0.12392690762189243 0.0055630157752113501 -0.057714833007364574 -0.065918307598533052 0.079020050612443091 -0.039165884471126559 -0.0092861607177338375 -0.067499539880677861 0.032590659871586783 -0.032677036361962036 -0.053749306996786775
leaf_weight=112.89215856231749 3.2397811524569984 0.71012969315052021 9.4135311883874202 0.35508159920573312 81.923572527244687 3.4654253311455241 1.8689425364136685 0.90254988521337409 4.5678763277828685 10.653162421192972 3.0901213986799112 15.297243349254135 3.4704975169152013 1.0523157157003886
leaf_count=2463 103 2 510 11 481 92 29 7 46 193 48 140 45 31
internal_value=-0.00130259 -0.0457073 -0.00059806 0.0249957 -0.00164334 -0.00539744 -0.00421859 -0.00345958 -0.0039525 -0.00285421 -0.0223752 -0.000832671 0.0165782 0.0270335
internal_weight=252.902 3.94991 248.952 9.76861 239.184 157.26 153.795 151.926 151.023 146.455 13.7433 132.712 19.8201 16.3496
internal_count=4201 105 4096 521 3575 3094 3002 2973 2966 2920 241 2679 216 171
is_linear=0
shrinkage=0.05


Tree=118
num_leaves=15
num_cat=0
split_feature=52 230 178 217 288 198 201 277 252 292 207 275 69 276
split_gain=2.63882 2.21676 2.27914 3.51927 2.76543 2.48999 1.96763 2.17983 5.7231 4.66821 3.51065 3.39975 3.29078 2.77511
threshold=1.0000000180025095e-35 1.0000000180025095e-35 1.0000000180025095e-35 1.0000000180025095e-35 1.5000000000000002 1.0000000180025095e-35 1.0000000180025095e-35 1.0000000180025095e-35 1.0000000180025095e-35 1.0000000180025095e-35 1.0000000180025095e-35 1.5000000000000002 1.0000000180025095e-35 1.0000000180025095e-35
decision_type=2 2 2 2 2 2 2 2 2 2 2 2 2 2
left_child=1 2 3 4 5 6 7 8 13 11 12 -9 -11 -1
right_child=-2 -3 -4 -5 -6 -7 -8 9 -10 10 -12 -13 -14 -15
leaf_value=-0.0056652838150012264 0.027673905468981505 -0.062618187463540059 0.0078332925096025463 -0.07508055316255452 -0.046546340882948914 0.097556494034477581 0.047689101248210408 0.031024670393625532 0.064937659724180349 -0.042538059909462328 0.066710390435366501 -0.015549971559616066 0.057952877652295967 -0.082714218340142073
leaf_weight=116.21440642466769 9.5527020520530623 1.3663110192865122 85.698233993723989 1.6421855855733145 3.3371340003795913 0.6441383957862844 2.0516037046909323 18.979535331949595 2.8771408190950742 7.3000207692384684 1.027405351400376 4.9375443141907445 0.91701579093933094 1.180528201162814
leaf_count=2581 517 19 487 28 123 1 9 178 10 148 3 66 5 9
internal_value=0.00188636 0.000893748 0.00124535 -0.00225897 -0.00150905 -0.000546416 -0.000952833 -0.00160324 -0.0047326 0.0097465 -0.0204281 0.0214096 -0.0313233 -0.00644009
internal_weight=257.726 248.173 246.807 161.109 159.466 156.129 155.485 153.434 120.272 33.1615 9.24444 23.9171 8.21704 117.395
internal_count=4184 3667 3648 3161 3133 3010 3009 3000 2600 400 156 244 153 2590
is_linear=0
shrinkage=0.05


Tree=119
num_leaves=15
num_cat=0
split_feature=245 233 1 151 288 277 230 218 208 163 237 124 278 158
split_gain=2.59781 2.15401 2.886 3.67192 2.39439 3.45283 2.09168 2.05529 2.00654 2.00377 2.00099 2.03069 2.94291 2.13823
threshold=1.0000000180025095e-35 1.0000000180025095e-35 1.0000000180025095e-35 1.0000000180025095e-35 1.0000000180025095e-35 1.5000000000000002 1.0000000180025095e-35 1.0000000180025095e-35 1.0000000180025095e-35 1.0000000180025095e-35 1.0000000180025095e-35 1.0000000180025095e-35 1.0000000180025095e-35 1.0000000180025095e-35
decision_type=2 2 2 2 2 2 2 2 2 2 2 2 2 2
left_child=6 -2 4 -4 5 -3 7 8 9 10 11 -1 13 -13
right_child=1 2 3 -5 -6 -7 -8 -9 -10 -11 -12 12 -14 -15
leaf_value=0.0062836916057063602 -0.049469826898774612 -0.0040923050693281032 -0.0778629577448538 -0.0022782675917828962 -0.014456445407864447 0.056846306970112608 -0.054653944407534495 -0.060962709459770885 -0.059223728564711711 -0.055691154945935267 -0.048709936920838803 -0.045521250677409454 -0.15353547306596702 0.033321465684056854
leaf_weight=214.16744775790721 3.3907687999308136 5.8688281793147361 2.9103595092892638 3.5874545723199844 10.4230019710958 3.8490003198385239 1.5242099463939656 1.2065891623496998 1.2296342700719822 1.3594729136675585 1.7079637092538167 2.208042526151984 0.42752502113580693 1.408498300239444
leaf_count=3740 85 37 17 16 65 10 24 15 15 39 62 79 6 22
internal_value=0.00187855 -0.0119356 -0.00715793 -0.0361325 0.00218982 0.020044 0.00372027 0.00411799 0.0044709 0.00482485 0.00519894 0.00562089 -0.0294802 -0.0148152
internal_weight=255.269 30.0294 26.6386 6.49781 20.1408 9.71783 225.239 223.715 222.509 221.279 219.919 218.212 4.04407 3.61654
internal_count=4232 230 145 33 112 47 4002 3978 3963 3948 3909 3847 107 101
is_linear=0
shrinkage=0.05


Tree=120
num_leaves=15
num_cat=0
split_feature=61 43 176 69 168 249 228 18 280 264 148 196 201 158
split_gain=3.31822 2.84397 2.76039 2.05712 2.07591 2.03097 1.95866 2.08512 4.9696 2.85563 4.93297 4.52727 3.7227 3.00006
threshold=1.0000000180025095e-35 1.0000000180025095e-35 1.0000000180025095e-35 1.0000000180025095e-35 1.0000000180025095e-35 1.0000000180025095e-35 1.0000000180025095e-35 1.0000000180025095e-35 1.0000000180025095e-35 1.0000000180025095e-35 1.0000000180025095e-35 1.0000000180025095e-35 1.0000000180025095e-35 1.0000000180025095e-35
decision_type=2 2 2 2 2 2 2 2 2 2 2 2 2 2
left_child=1 2 3 4 5 6 7 9 -9 10 11 12 13 -1
right_child=-2 -3 -4 -5 -6 -7 -8 8 -10 -11 -12 -13 -14 -15
leaf_value=0.003238101721384304 -0.029537374039534121 -0.056186854233110206 -0.061109613078981363 0.05499988978098317 -0.069390363406215919 -0.058552368530871805 0.057153597895625768 -0.032018368307464164 0.014222636425113625 0.011585564914209664 -0.10351369731280094 0.13485786758866658 -0.12462625219650925 -0.020950152832864156
leaf_weight=117.9054426625371 8.6422256268560869 2.0843911147676399 1.695976499468087 1.8800682388246048 1.0001208260655392 1.3418041579425324 1.6663708584383119 13.022242281585932 10.491733005270362 82.938045220915228 1.1457533370703448 0.62569583207368751 0.59607785940170188 14.383003807161002
leaf_count=2504 94 97 16 15 12 24 12 166 71 1006 20 3 4 202
internal_value=0.000924229 0.00197399 0.00246146 0.00289797 0.00249834 0.00279286 0.00313191 0.00275855 -0.011386 0.00428706 -0.000208267 0.000678276 4.6482e-05 0.000608244
internal_weight=259.419 250.777 248.692 246.996 245.116 244.116 242.774 241.108 23.514 217.594 134.656 133.51 132.885 132.288
internal_count=4246 4152 4055 4039 4024 4012 3988 3976 237 3739 2733 2713 2710 2706
is_linear=0
shrinkage=0.05


Tree=121
num_leaves=15
num_cat=0
split_feature=108 37 112 69 54 96 228 208 267 104 104 59 285 190
split_gain=2.19403 2.06543 2.02688 1.91181 1.87945 3.06606 1.85851 1.79922 1.81002 4.22791 3.99767 3.60562 4.81486 4.19183
threshold=1.0000000180025095e-35 1.0000000180025095e-35 1.0000000180025095e-35 1.0000000180025095e-35 1.0000000180025095e-35 1.0000000180025095e-35 1.0000000180025095e-35 1.0000000180025095e-35 1.0000000180025095e-35 1.0000000180025095e-35 1.0000000180025095e-35 1.0000000180025095e-35 4.5000000000000009 1.0000000180025095e-35
decision_type=2 2 2 2 2 2 2 2 2 2 2 2 2 2
left_child=1 2 3 4 5 6 7 8 9 11 -10 -1 -13 -14
right_child=-2 -3 -4 -5 -6 -7 -8 -9 10 -11 -12 12 13 -15
leaf_value=0.0064693167947109083 -0.045281055941081172 0.052485654727397107 0.034080781327120717 0.054926974959285252 0.057824008464897894 -0.094769190473734471 0.057166514538777968 -0.060408939078683659 -0.012114619352031763 -0.074779973563327037 0.1017884577556796 -0.045272725690108283 0.019787201863647699 -0.023726783012965304
leaf_weight=174.88554158946499 2.3992671016603699 2.0710740238428107 4.9340912569314233 1.6766033954918373 1.4646090567111958 0.83263748046010633 1.4818415287882079 1.1869291365146626 32.89016842469573 1.7302290089428414 0.78880253341048856 8.0761517565697449 12.043132303282619 10.241003565490246
leaf_count=2913 77 22 39 14 9 13 10 14 828 31 6 116 52 55
internal_value=0.00230862 0.00275761 0.0023493 0.00171619 0.00135297 0.00101422 0.00134199 0.000999934 0.00130281 0.00305199 -0.00944687 0.00370811 -0.0121974 -0.000210292
internal_weight=256.702 254.303 252.232 247.298 245.621 244.156 243.324 241.842 240.655 206.976 33.679 205.246 30.3603 22.2841
internal_count=4199 4122 4100 4061 4047 4038 4025 4015 4001 3167 834 3136 223 107
is_linear=0
shrinkage=0.05


Tree=122
num_leaves=15
num_cat=0
split_feature=52 178 18 176 288 187 266 145 58 198 112 286 129 275
split_gain=4.41415 4.4097 3.27863 2.99115 2.74286 2.86504 6.40902 2.84886 4.41151 2.76514 2.79472 3.75698 4.78153 2.68014
threshold=1.0000000180025095e-35 1.0000000180025095e-35 1.0000000180025095e-35 1.0000000180025095e-35 1.5000000000000002 1.0000000180025095e-35 1.0000000180025095e-35 1.0000000180025095e-35 1.0000000180025095e-35 1.0000000180025095e-35 1.0000000180025095e-35 2.5000000000000004 1.0000000180025095e-35 2.5000000000000004
decision_type=2 2 2 2 2 2 2 2 2 2 2 2 2 2
left_child=1 2 3 4 5 6 7 -1 -9 10 11 12 13 -7
right_child=-2 -3 -4 -5 -6 9 -8 8 -10 -11 -12 -13 -14 -15
leaf_value=0.025575033250047043 0.030383721153061222 0.0044604850004104453 -0.056796025828308977 0.084107679898247134 -0.052605097499710124 -0.013562916001668288 -0.059491181055353448 -0.060395400434005077 0.065419848779400588 0.092451863566829079 0.026238051887950198 -0.048257273591313765 0.066810728970727998 0.038367083567660359
leaf_weight=17.679389057680972 9.3007526807486993 84.591055806726217 3.6139180315658441 0.86494887620210548 3.5442069522105148 106.00220032501966 3.0998916914686552 2.4318628804758187 0.97648483142256726 0.64024639129638572 4.6621564626693717 7.1890548537485293 1.9419400691986073 2.5442574867047361
leaf_count=228 521 491 106 6 124 2415 77 44 3 1 18 117 4 19
internal_value=-0.00341271 -0.00472362 -0.00972968 -0.00860752 -0.00913962 -0.00809285 0.00763791 0.0175059 -0.0243496 -0.0111868 -0.0117291 -0.0132333 -0.0109545 -0.0123457
internal_weight=249.082 239.782 155.191 151.577 150.712 147.167 24.1876 21.0877 3.40835 122.98 122.34 117.677 110.488 108.546
internal_count=4174 3653 3162 3056 3050 2926 352 275 47 2574 2573 2555 2438 2434
is_linear=0
shrinkage=0.05


Tree=123
num_leaves=15
num_cat=0
split_feature=61 264 217 241 22 146 275 175 165 277 201 145 158 71
split_gain=2.75359 3.03098 3.69344 3.46632 3.03338 2.86262 5.17949 3.43552 2.82575 2.78624 7.03927 4.41588 7.21573 6.42775
threshold=1.0000000180025095e-35 1.0000000180025095e-35 1.0000000180025095e-35 1.0000000180025095e-35 1.0000000180025095e-35 1.0000000180025095e-35 1.0000000180025095e-35 1.0000000180025095e-35 1.0000000180025095e-35 1.0000000180025095e-35 1.0000000180025095e-35 1.0000000180025095e-35 1.0000000180025095e-35 1.0000000180025095e-35
decision_type=2 2 2 2 2 2 2 2 2 2 2 2 2 2
left_child=1 2 3 4 -1 8 -7 -8 9 10 11 12 13 -6
right_child=-2 -3 -4 -5 5 6 7 -9 -10 -11 -12 -13 -14 -15
leaf_value=-0.045425855716076033 -0.028634324517025557 0.0068451298005136859 -0.092141897288965852 -0.068620106555520283 -0.027212728922428348 0.10181431131370307 -0.029466628545091179 0.0672295816575742 -0.063447763122893158 0.0070990832078612134 0.1739641649434403 0.0074588581471354961 0.047568999816946012 0.045471509026580703
leaf_weight=4.0803870325908056 8.7212036084383708 96.293876252602786 1.1946705891750742 2.0374188087880603 46.99966070568189 1.8438496608287085 2.8787362426519394 1.3490372151136396 1.9195931311696757 48.873826546594501 0.52802962064742942 26.688654883764684 3.9630181323736897 3.2521917615085831
leaf_count=114 95 1204 22 20 1682 10 30 7 24 551 1 357 39 12
internal_value=-0.00103232 -3.72001e-05 -0.00458861 -0.00386432 -0.00293766 -0.00168407 0.0318858 0.0013881 -0.00322556 -0.0023384 -0.00800261 -0.00919025 -0.0173862 -0.0225088
internal_weight=250.624 241.903 145.609 144.414 142.377 138.297 6.07162 4.22777 132.225 130.305 81.4316 80.9035 54.2149 50.2519
internal_count=4168 4073 2869 2847 2827 2713 47 37 2666 2642 2091 2090 1733 1694
is_linear=0
shrinkage=0.05


Tree=124
num_leaves=15
num_cat=0
split_feature=104 203 59 267 278 151 39 61 233 145 235 112 293 178
split_gain=4.76442 3.8882 2.21215 4.01848 4.25053 3.33593 8.31318 3.17354 4.04917 2.8239 7.27948 2.80878 3.26988 2.72046
threshold=1.0000000180025095e-35 1.0000000180025095e-35 1.0000000180025095e-35 1.0000000180025095e-35 1.5000000000000002 1.0000000180025095e-35 1.0000000180025095e-35 1.0000000180025095e-35 1.0000000180025095e-35 1.0000000180025095e-35 1.0000000180025095e-35 1.0000000180025095e-35 1.0000000180025095e-35 1.0000000180025095e-35
decision_type=2 2 2 2 2 2 2 2 2 2 2 2 2 2
left_child=1 2 3 7 5 11 -7 8 -1 -4 -11 12 13 -5
right_child=-2 -3 9 4 -6 6 -8 -9 -10 10 -12 -13 -14 -15
leaf_value=0.0042363891297601437 -0.071787852621854623 -0.070120322163216883 -0.017172132768439249 -0.053414910154784861 0.048656373575803831 0.18134045757523817 -0.022476411967973592 -0.027318370409521245 0.042113980405326552 -0.064680437507139088 0.052742798296383619 0.052637767228450809 -0.0047080641785324975 0.018629267549294642
leaf_weight=166.3804707673844 2.3886848082765928 2.0086895199492565 32.614796062000096 12.767766606062661 2.3193533001467577 0.68310374300926846 1.8694683155044913 7.5274319890886536 7.3681852128356686 1.8512726873159397 4.5981238633394241 1.0242886934429396 7.2201043921522787 1.460199378430844
leaf_count=2923 38 22 235 593 15 6 36 85 29 28 24 6 153 10
internal_value=-0.00150846 -0.000836131 -0.000274245 0.0017705 -0.0160968 -0.0220983 0.0320678 0.00446567 0.00584267 -0.0111941 0.0190369 -0.0282508 -0.0321138 -0.0460211
internal_weight=252.082 249.693 247.685 208.62 27.3443 25.0249 2.55257 181.276 173.749 39.0642 6.4494 22.4724 21.4481 14.228
internal_count=4203 4165 4143 3856 819 804 42 3037 2952 287 52 762 756 603
is_linear=0
shrinkage=0.05


Tree=125
num_leaves=15
num_cat=0
split_feature=239 145 217 281 1 285 201 277 264 187 275 292 57 288
split_gain=3.99281 3.19761 4.19666 2.94592 4.4276 3.40964 5.95071 4.65667 5.61928 5.75301 6.90506 5.3421 5.19296 3.74014
threshold=1.0000000180025095e-35 1.0000000180025095e-35 1.0000000180025095e-35 1.5000000000000002 1.0000000180025095e-35 1.0000000180025095e-35 1.0000000180025095e-35 1.0000000180025095e-35 1.0000000180025095e-35 1.0000000180025095e-35 1.0000000180025095e-35 1.0000000180025095e-35 1.0000000180025095e-35 1.0000000180025095e-35
decision_type=2 2 2 2 2 2 2 2 2 2 2 2 2 2
left_child=1 3 -3 5 -5 6 7 8 9 10 13 -10 -9 -1
right_child=-2 2 -4 4 -6 -7 -8 12 11 -11 -12 -13 -14 -15
leaf_value=0.059129717365805301 -0.038203265969452033 0.012559436082969409 -0.081035672797142994 -0.12179673166208733 0.023093670091636605 0.0060319599411290037 0.15373006515760151 0.020230128287359345 0.018315449533737285 -0.032091120806419515 -0.058599881747619792 -0.064557009747834515 -0.052766039575878804 -0.056889117220440877
leaf_weight=5.0178599245846254 6.4117885045707217 67.711652958299965 1.2192354430444527 1.2340770307928317 0.92059220559895028 86.108596476726234 0.56580758094787498 19.252640142105523 15.956356433220209 40.490235503297299 2.3415065323933959 2.2144880294799796 2.789441740140318 0.80627512931823719
leaf_count=51 72 853 26 15 9 697 1 376 252 1643 76 55 110 26
internal_value=0.000750219 0.00176292 0.0109039 -0.00178298 -0.0598917 -0.00106974 -0.00790732 -0.00893643 -0.0155097 -0.0243702 0.0139149 0.00821575 0.0109924 0.0430684
internal_weight=253.041 246.629 68.9309 177.698 2.15467 175.543 89.4346 88.8688 66.8267 48.6559 8.16564 18.1708 22.0421 5.82414
internal_count=4262 4190 879 3311 24 3287 2590 2589 2103 1796 153 307 486 77
is_linear=0
shrinkage=0.05


Tree=126
num_leaves=15
num_cat=0
split_feature=57 89 276 37 69 168 286 279 142 278 277 231 148 151
split_gain=2.57629 2.28718 2.2143 2.21734 2.12032 2.08575 1.77629 6.20594 2.18359 2.67177 1.82199 1.80945 1.88031 4.81698
threshold=1.0000000180025095e-35 1.0000000180025095e-35 1.0000000180025095e-35 1.0000000180025095e-35 1.0000000180025095e-35 1.0000000180025095e-35 3.5000000000000004 1.0000000180025095e-35 1.0000000180025095e-35 1.5000000000000002 2.5000000000000004 1.0000000180025095e-35 1.0000000180025095e-35 1.0000000180025095e-35
decision_type=2 2 2 2 2 2 2 2 2 2 2 2 2 2
left_child=1 2 3 4 5 6 7 8 9 10 11 12 -1 -14
right_child=-2 -3 -4 -5 -6 -7 -8 -9 -10 -11 -12 -13 13 -15
leaf_value=-0.0024541491764451398 -0.035472673583484722 -0.064353291391895842 0.027057322174881951 0.052200534605409313 0.054627837616847655 -0.074130705545980669 0.024997302410160002 -0.1597449223499553 -0.047060739879845548 0.035276525128484157 0.053083903201900574 0.04594256376096293 -0.071613185077338881 0.054883267335387356
leaf_weight=208.63291262811981 5.4498613942414513 1.4036218523979176 7.1553558474406591 1.9295163974165905 1.6634135227650393 0.99860186874866386 6.0604812288656822 0.6252083582803597 2.6559952078387132 4.8425736390054217 1.4760465696454037 1.8981902729719866 2.8123788130469611 1.0275634694844487
leaf_count=3673 134 15 52 23 15 13 69 15 64 26 15 10 61 5
internal_value=-0.001474 -0.000712073 -0.00034261 -0.00117823 -0.00162085 -0.00202584 -0.00171283 -0.00243558 -0.00199523 -0.00145287 -0.0022769 -0.00265808 -0.00309227 -0.0377629
internal_weight=248.632 243.182 241.778 234.623 232.693 231.03 230.031 223.971 223.346 220.69 215.847 214.371 212.473 3.83994
internal_count=4190 4056 4041 3989 3966 3951 3938 3869 3854 3790 3764 3749 3739 66
is_linear=0
shrinkage=0.05


Tree=127
num_leaves=15
num_cat=0
split_feature=34 145 281 164 217 205 239 201 278 175 22 158 16 176
split_gain=3.85666 2.57932 4.14593 3.75047 3.66008 2.80206 2.67647 2.73437 2.40683 4.40943 2.31184 2.44252 5.34422 3.57438
threshold=1.0000000180025095e-35 1.0000000180025095e-35 1.5000000000000002 1.0000000180025095e-35 1.0000000180025095e-35 1.0000000180025095e-35 1.0000000180025095e-35 1.0000000180025095e-35 1.5000000000000002 1.0000000180025095e-35 1.0000000180025095e-35 1.0000000180025095e-35 1.0000000180025095e-35 1.0000000180025095e-35
decision_type=2 2 2 2 2 2 2 2 2 2 2 2 2 2
left_child=1 2 3 5 6 8 10 -8 -1 -10 -3 12 13 -12
right_child=-2 4 -4 -5 -6 -7 7 -9 9 -11 11 -13 -14 -15
leaf_value=-0.0048729284425728676 0.04166968180547382 0.096694607795301091 -0.076311248131679846 0.033388855540335736 -0.085667599111421133 0.063913793134155517 -0.049381771867711907 0.015413563649439964 -0.056007928823076092 0.052711462052535178 0.017647309437774442 -0.0061339892138437199 -0.073932150564684745 0.11237388166759554
leaf_weight=146.36428286670707 6.1085410285741082 0.81446302402764459 1.8630817877128709 7.4346472714096299 1.0104438178241242 1.5499211363494385 3.6379224034026256 2.9473274536430836 1.1936074839904893 4.2654446829110384 52.849912631791085 14.724242560099809 1.5776072461158026 1.0149818621575821
leaf_count=3027 78 7 21 41 23 5 47 19 22 23 595 230 29 3
internal_value=0.00243439 0.00144093 -0.00215229 -0.0012931 0.00887965 -0.00297428 0.0101113 -0.0203816 -0.00365712 0.0289403 0.0129403 0.0119681 0.0167756 0.0194323
internal_weight=247.356 241.248 162.671 160.808 78.5769 153.373 77.5665 6.58525 151.823 5.45905 70.9812 70.1667 55.4425 53.8649
internal_count=4170 4092 3139 3118 953 3077 930 66 3072 45 864 857 627 598
is_linear=0
shrinkage=0.05


Tree=128
num_leaves=15
num_cat=0
split_feature=43 173 249 218 149 237 37 168 230 45 148 282 267 100
split_gain=2.52899 2.09537 1.95473 1.92303 1.79944 1.80026 1.72141 1.66455 1.76906 1.82911 4.11907 2.55904 4.26256 3.14366
threshold=1.0000000180025095e-35 1.0000000180025095e-35 1.0000000180025095e-35 1.0000000180025095e-35 1.0000000180025095e-35 1.0000000180025095e-35 1.0000000180025095e-35 1.0000000180025095e-35 1.0000000180025095e-35 1.0000000180025095e-35 1.0000000180025095e-35 1.0000000180025095e-35 1.0000000180025095e-35 1.0000000180025095e-35
decision_type=2 2 2 2 2 2 2 2 2 2 2 2 2 2
left_child=1 2 3 4 5 6 7 8 9 10 -1 -11 -13 -14
right_child=-2 -3 -4 -5 -6 -7 -8 -9 -10 11 -12 12 13 -15
leaf_value=0.0026415377135500105 -0.056785637533153903 0.053278585095379229 -0.058555210626051415 -0.060244968700045171 -0.062853662057753501 -0.0487123661925652 0.05219665347734536 -0.061200947942554741 -0.058793097898176355 0.0059272549222922095 -0.0844432269353044 0.039663059768908202 -0.064528418393676096 0.036118794810387891
leaf_weight=171.41398635343648 1.7402226200792927 2.1130773853510609 1.271625231951474 1.1740798950195301 1.0055553400889028 1.59903916530311 1.878222882747649 0.97065098211169143 1.1022333409637202 51.04886118369177 1.3687003077939142 14.397875700145962 1.9238860895857206 1.300146546214819
leaf_count=2923 90 25 23 15 25 60 22 15 17 829 32 84 32 6
internal_value=0.00328334 0.00369722 0.0032789 0.00359445 0.00389667 0.00416841 0.00451298 0.00414521 0.00440671 0.00469522 0.00195169 0.0115982 0.0280264 -0.0239407
internal_weight=254.308 252.568 250.455 249.183 248.009 247.004 245.405 243.526 242.556 241.453 172.783 68.6708 17.6219 3.22403
internal_count=4198 4108 4083 4060 4045 4020 3960 3938 3923 3906 2955 951 122 38
is_linear=0
shrinkage=0.05


Tree=129
num_leaves=15
num_cat=0
split_feature=287 196 176 190 275 104 267 151 266 280 281 63 165 11
split_gain=2.41609 4.13996 3.1124 2.6589 2.39508 2.61928 7.09893 2.08552 2.32087 4.94275 3.66599 3.10214 2.86343 2.51084
threshold=1.0000000180025095e-35 1.0000000180025095e-35 1.0000000180025095e-35 1.0000000180025095e-35 2.5000000000000004 1.0000000180025095e-35 1.0000000180025095e-35 1.0000000180025095e-35 1.0000000180025095e-35 1.0000000180025095e-35 1.0000000180025095e-35 1.0000000180025095e-35 1.0000000180025095e-35 1.0000000180025095e-35
decision_type=2 2 2 2 2 2 2 2 2 2 2 2 2 2
left_child=1 2 3 4 5 7 -7 8 9 11 12 13 -10 -1
right_child=-2 -3 -4 -5 -6 6 -8 -9 10 -11 -12 -13 -14 -15
leaf_value=-0.005013746451940017 0.0060337398077540483 0.12244892127388557 0.073110177244999963 -0.073368546647527497 0.038225212387934498 -0.055754526830662725 0.12070347191028757 0.060864281146152145 -0.036517739108331101 -0.069463353491885746 0.01175504021630492 0.097455899293630993 -0.19325770600067704 0.04186443355475869
leaf_weight=77.000922722974792 138.39204685343429 0.64449311792850394 1.2718455716967572 1.4268298055976618 3.1594015557784578 0.98500129580497664 1.3527059657499194 1.1135366419330228 11.118933684658259 2.8365806913934639 4.7217048108577719 0.77170053124427695 0.29922644793987352 2.9664319064468136
leaf_count=1802 1734 3 6 20 35 19 5 4 373 81 39 3 3 50
internal_value=0.00164101 -0.00390218 -0.0046491 -0.00556692 -0.00465706 -0.0059703 0.0463523 -0.00718339 -0.00794329 -0.00459113 -0.0253015 -0.002312 -0.0406253 -0.00327478
internal_weight=248.061 109.669 109.025 107.753 106.326 103.167 2.33771 100.829 99.7155 83.5756 16.1399 80.7391 11.4182 79.9674
internal_count=4177 2443 2440 2434 2414 2379 24 2355 2351 1936 415 1855 376 1852
is_linear=0
shrinkage=0.05


Tree=130
num_leaves=15
num_cat=0
split_feature=148 216 0 287 129 54 233 201 245 58 59 80 287 278
split_gain=2.50299 3.9889 3.16921 2.09036 1.80846 1.72993 1.76415 2.77253 2.67323 2.63369 2.57905 2.27283 1.92515 1.5694
threshold=1.0000000180025095e-35 1.0000000180025095e-35 1.0000000180025095e-35 2.5000000000000004 1.0000000180025095e-35 1.0000000180025095e-35 1.0000000180025095e-35 1.0000000180025095e-35 1.0000000180025095e-35 1.0000000180025095e-35 1.0000000180025095e-35 1.0000000180025095e-35 1.0000000180025095e-35 1.0000000180025095e-35
decision_type=2 2 2 2 2 2 2 2 2 2 2 2 2 2
left_child=3 2 -2 4 5 6 7 8 9 -1 -8 12 -12 -11
right_child=1 -3 -4 -5 -6 -7 10 -9 -10 13 11 -13 -14 -15
leaf_value=-0.00032877431745639992 -0.05801558411222945 0.088323148819892672 0.05356303181844612 -0.061040265017679035 0.048604833803517447 0.057215510167983701 0.031515510183743156 0.039711451584723841 -0.046392979608721546 -0.018740465176749131 0.0062466367111267329 0.010155334176260321 -0.066499134542020708 -0.089441706658875991
leaf_weight=200.35218757693656 5.0263112597167483 0.63327717781066883 0.72865550499409426 1.3534524664282788 2.0012792022898784 1.3548204228281964 10.800815530121328 4.1041966807097188 3.3055639667436472 2.119115579873323 1.6235133111476909 12.481666743755341 2.067866787314415 1.2466756608337162
leaf_count=3802 90 1 7 17 11 9 62 24 89 15 9 45 15 13
internal_value=0.000111758 -0.0307819 -0.0438882 0.000924555 0.00127189 0.0008763 0.000555724 -0.000982628 -0.00178938 -0.00106563 0.0125966 -3.79865e-05 -0.0345047 -0.0449279
internal_weight=249.199 6.38824 5.75497 242.811 241.458 239.456 238.102 211.128 207.024 203.718 26.9739 16.173 3.69138 3.36579
internal_count=4209 98 97 4111 4094 4083 4074 3943 3919 3830 131 69 24 28
is_linear=0
shrinkage=0.05


Tree=131
num_leaves=15
num_cat=0
split_feature=52 4 260 292 158 105 187 266 278 91 183 285 174 292
split_gain=3.87142 3.69205 3.25628 3.23758 3.1603 2.34485 2.32399 2.64693 5.10669 2.31177 3.56866 4.03791 2.64099 2.47417
threshold=1.0000000180025095e-35 1.0000000180025095e-35 1.0000000180025095e-35 1.0000000180025095e-35 1.0000000180025095e-35 1.0000000180025095e-35 1.0000000180025095e-35 1.0000000180025095e-35 1.0000000180025095e-35 1.0000000180025095e-35 1.0000000180025095e-35 4.5000000000000009 1.0000000180025095e-35 1.0000000180025095e-35
decision_type=2 2 2 2 2 2 2 2 2 2 2 2 2 2
left_child=1 2 5 4 -3 9 7 8 -2 10 11 13 -11 -1
right_child=6 3 -4 -5 -6 -7 -8 -9 -10 12 -12 -13 -14 -15
leaf_value=-0.002826381543249371 -0.020746144030146768 -0.006863244992940447 0.023753719714043928 -0.063433875489674843 -0.070614980039668804 0.048485488201694099 0.042127256112970544 0.050376333623716421 -0.35714390859741446 -0.015290562071503054 0.028129384309456856 0.015555512889220408 0.085030551382047848 -0.025622816624185852
leaf_weight=102.57107599172741 0.43593751778826095 22.302237648982562 13.95800480339676 3.5638588760048142 2.1295709088444701 2.3408425152301779 7.5145654091611487 0.48058150429278612 0.15220610774122179 34.729717866983265 11.064196603372691 28.424282845109701 0.66865844465792079 13.46489968523383
leaf_count=2178 26 254 116 54 34 14 436 27 10 602 64 135 2 229
internal_value=-0.000667757 -0.00187135 0.000431135 -0.0189142 -0.0124201 -0.00125328 0.0323156 -0.0366732 -0.107803 -0.00186311 0.000761743 -0.00133434 -0.0133955 -0.0054717
internal_weight=243.801 235.217 207.222 27.9957 24.4318 193.264 8.58329 1.06873 0.588144 190.923 155.524 144.46 35.3984 116.036
internal_count=4181 3682 3340 342 288 3224 499 63 36 3210 2606 2542 604 2407
is_linear=0
shrinkage=0.05


Tree=132
num_leaves=15
num_cat=0
split_feature=158 22 124 217 278 187 56 239 146 265 187 264 280 275
split_gain=3.83129 3.55242 3.13691 2.71425 2.61541 2.80807 2.40608 2.43593 2.30658 2.61227 2.87197 2.24913 5.29478 3.98738
threshold=1.0000000180025095e-35 1.0000000180025095e-35 1.0000000180025095e-35 1.0000000180025095e-35 1.5000000000000002 1.0000000180025095e-35 1.0000000180025095e-35 1.0000000180025095e-35 1.0000000180025095e-35 1.0000000180025095e-35 1.0000000180025095e-35 1.0000000180025095e-35 1.0000000180025095e-35 1.0000000180025095e-35
decision_type=2 2 2 2 2 2 2 2 2 2 2 2 2 2
left_child=2 -2 3 6 5 -3 7 8 9 -1 -11 13 -13 -10
right_child=1 4 -4 -5 -6 -7 -8 -9 11 10 -12 12 -14 -15
leaf_value=0.0027006137520041683 0.076578577389047872 0.013516316418459965 -0.059738883732108033 -0.078411887731583474 0.049940080183503988 -0.035834009122264407 -0.09604374123425416 -0.030978302980205642 0.11026856986478968 0.063534739781193492 -0.047550643570620423 0.024988601240507457 -0.059795840796487754 0.018717271838517246
leaf_weight=183.6537816869095 0.91313651576638477 3.431935586966584 2.0937442765571168 1.0504486616700877 1.1353155374526966 18.004600263200697 0.62190373986959357 5.3132936730980864 1.7190116401761777 0.66771825775504101 4.5240693865343919 9.3699163794517499 2.2918348209932455 3.8597018187865615
leaf_count=3399 7 33 80 26 5 303 6 65 10 4 83 81 32 33
internal_value=-0.000929242 -0.020105 0.00116376 0.00176222 -0.0240163 -0.0279331 0.00215944 0.00244834 0.00331014 0.00171187 -0.0332639 0.020817 0.00832627 0.0469277
internal_weight=238.65 23.485 215.165 213.072 22.5719 21.4365 212.021 211.399 206.086 188.846 5.19179 17.2405 11.6618 5.57871
internal_count=4167 348 3819 3739 341 336 3713 3707 3642 3486 87 156 113 43
is_linear=0
shrinkage=0.05


Tree=133
num_leaves=15
num_cat=0
split_feature=217 165 280 278 39 34 63 260 4 263 137 22 124 286
split_gain=4.36806 2.64499 5.01798 3.84641 3.64505 2.86094 2.44077 2.15338 3.75319 2.15104 2.02929 2.15022 4.11652 3.56631
threshold=1.0000000180025095e-35 1.0000000180025095e-35 1.0000000180025095e-35 1.5000000000000002 1.0000000180025095e-35 1.0000000180025095e-35 1.0000000180025095e-35 1.0000000180025095e-35 1.0000000180025095e-35 1.0000000180025095e-35 1.0000000180025095e-35 1.0000000180025095e-35 1.0000000180025095e-35 1.0000000180025095e-35
decision_type=2 2 2 2 2 2 2 2 2 2 2 2 2 2
left_child=1 3 9 5 -4 6 7 10 -9 -3 11 12 13 -1
right_child=-2 2 4 -5 -6 -7 -8 8 -10 -11 -12 -13 -14 -15
leaf_value=0.042173391835260129 -0.081149310064444535 -0.06263850448775847 -0.05158332458660591 0.059048459115348478 0.040430753232156752 0.038819896864488043 0.08645100948806754 0.028058806767412622 -0.064998017302833083 -0.0062152080921081994 -0.052674060675157265 -0.0019340156141684319 0.15705444461417778 -0.055303205504458268
leaf_weight=3.3646694440394631 1.6594970813021053 5.749858523719011 1.4698840705677856 2.8689280282706013 4.01960189640522 4.8395447246730319 0.81269487738609214 11.719021519646045 1.1939284056425101 2.3918193811550736 1.9258702602237452 201.06049284059554 0.5724736489355563 1.3012209692969916
leaf_count=100 30 123 20 18 47 65 3 113 12 46 39 3561 2 26
internal_value=-0.000304952 0.000246492 -0.0211526 0.00151661 0.0157927 0.000788825 -4.04284e-05 -0.00035829 0.0194548 -0.0460628 -0.00158699 -0.00111007 0.0305147 0.0149892
internal_weight=244.95 243.29 13.6312 229.659 5.48949 226.79 221.95 221.138 12.9129 8.14168 208.225 206.299 5.23836 4.66589
internal_count=4205 4175 236 3939 67 3921 3856 3853 125 169 3728 3689 128 126
is_linear=0
shrinkage=0.05


Tree=134
num_leaves=15
num_cat=0
split_feature=241 61 278 287 190 218 108 237 215 73 168 102 275 91
split_gain=7.17624 3.02268 2.65533 2.05577 8.46923 2.01031 1.88584 1.83821 1.7261 1.72222 1.49535 1.52922 2.44563 1.84824
threshold=1.0000000180025095e-35 1.0000000180025095e-35 1.5000000000000002 1.5000000000000002 1.0000000180025095e-35 1.0000000180025095e-35 1.0000000180025095e-35 1.0000000180025095e-35 1.0000000180025095e-35 1.0000000180025095e-35 1.0000000180025095e-35 1.0000000180025095e-35 2.5000000000000004 1.0000000180025095e-35
decision_type=2 2 2 2 2 2 2 2 2 2 2 2 2 2
left_child=1 5 -2 4 -3 6 7 8 9 10 11 -1 -13 -14
right_child=2 3 -4 -5 -6 -7 -8 -9 -10 -11 -12 12 13 -15
leaf_value=0.0070429270243081744 -0.07047040541470366 -0.06024931251750737 0.011656542546012503 -0.058992059776786822 0.12593011538314189 -0.06059897949381015 -0.043381178304651574 -0.053196058619727538 -0.059643805178794709 -0.041618136925386233 -0.053719626725083042 -0.07902999922027755 0.037031391129123938 -0.039404649503529648
leaf_weight=221.19218340655789 4.5555147472769013 1.8963172324001782 1.2554466277360914 3.1919968072324991 0.90108179301023472 1.1834786720573891 2.0189771605655542 1.3419610732235003 1.0125700123608101 1.9003844715189178 1.037173744291066 1.3387988591566671 1.7027238495647907 1.4767815116792917
leaf_count=3724 42 26 6 44 6 15 70 51 14 132 14 12 12 14
internal_value=0.00217691 0.00350518 -0.052727 -0.0315693 -0.000278285 0.00440215 0.00473228 0.0051528 0.00549374 0.00578221 0.00617947 0.00645472 -0.0223409 0.00152922
internal_weight=246.005 240.194 5.81096 5.9894 2.7974 234.205 233.022 231.003 229.661 228.648 226.748 225.71 4.5183 3.17951
internal_count=4182 4134 48 76 32 4058 4043 3973 3922 3908 3776 3762 38 26
is_linear=0
shrinkage=0.05


Tree=135
num_leaves=15
num_cat=0
split_feature=89 88 231 278 280 288 201 241 105 260 267 190 178 219
split_gain=2.62362 2.25883 2.27826 2.00864 1.99566 5.5089 3.01464 2.46328 2.3758 2.43351 2.84693 2.91206 2.24332 2.95078
threshold=1.0000000180025095e-35 1.0000000180025095e-35 1.0000000180025095e-35 1.5000000000000002 1.0000000180025095e-35 1.0000000180025095e-35 1.0000000180025095e-35 1.0000000180025095e-35 1.0000000180025095e-35 1.0000000180025095e-35 1.0000000180025095e-35 1.0000000180025095e-35 1.0000000180025095e-35 1.0000000180025095e-35
decision_type=2 2 2 2 2 2 2 2 2 2 2 2 2 2
left_child=1 2 3 4 8 -6 7 12 9 -1 -11 -12 13 -7
right_child=-2 -3 -4 -5 5 6 -8 -9 -10 10 11 -13 -14 -15
leaf_value=0.0010893977454840156 -0.064339386403287846 -0.033243706733528007 0.048276644235751814 0.026889241260617376 -0.02760092904214418 -0.011324957930414523 -0.094718399494542388 -0.071202342278037095 0.061123172248391637 0.03587998426029803 -0.064903548693821714 0.042735585262410218 0.023097571860284952 0.090039851548295038
leaf_weight=162.04884951561689 1.5227895379066456 4.5907108858227721 2.648967256769537 7.6258197706192723 20.94858015794307 11.711717873346068 0.72894751653075118 0.94543960690498252 1.7602061424404372 10.089959948323665 1.5954354004934421 1.0366022810339928 16.198870472609997 0.76485090702772218
leaf_count=3195 16 40 21 62 204 397 7 9 15 64 46 4 89 3
internal_value=0.00108541 0.00149591 0.0021657 0.00164694 0.000802036 -0.00787891 0.00573396 0.00820602 0.00332464 0.00274253 0.0237996 -0.0225109 0.0108241 -0.00511099
internal_weight=244.218 242.695 238.104 235.455 227.829 51.2984 30.3498 29.6209 176.531 174.771 12.722 2.63204 28.6754 12.4766
internal_count=4172 4156 4116 4095 4033 709 505 498 3324 3309 114 50 489 400
is_linear=0
shrinkage=0.05


Tree=136
num_leaves=15
num_cat=0
split_feature=287 0 241 1 105 90 291 267 239 158 17 145 205 217
split_gain=3.06892 5.76264 2.842 2.62369 2.44526 1.93155 1.88832 2.227 1.88025 1.95674 1.90598 2.0306 4.67734 3.68818
threshold=1.5000000000000002 1.0000000180025095e-35 1.0000000180025095e-35 1.0000000180025095e-35 1.0000000180025095e-35 1.0000000180025095e-35 1.0000000180025095e-35 1.0000000180025095e-35 1.0000000180025095e-35 1.0000000180025095e-35 1.0000000180025095e-35 1.0000000180025095e-35 1.0000000180025095e-35 1.0000000180025095e-35
decision_type=2 2 2 2 2 2 2 2 2 2 2 2 2 2
left_child=2 3 4 6 5 8 7 -2 10 -10 11 -1 13 -13
right_child=1 -3 -4 -5 -6 -7 -8 -9 9 -11 -12 12 -14 -15
leaf_value=0.00082127410086142944 -0.014056167920619388 0.042078918486158086 -0.043764837657311283 -0.082140537762157559 0.053461669604222807 -0.053993055509593595 0.022729901889271667 -0.054863078581314832 -0.057968402495901676 0.025560221827061986 -0.059144759329376732 0.018198641511811824 -0.054576102564210117 -0.0943605293552532
leaf_weight=137.78179823677056 36.52142190746963 4.5216994918882838 3.3030876182019702 1.5007604202255596 2.3720483221113673 1.5074048335663963 3.0964414607733479 3.6803547916933885 2.4346189321950074 0.98471929691731919 1.2063203509896983 44.861836784519255 2.447686653584241 0.73976444453000922
leaf_count=2916 388 33 31 15 21 31 20 82 38 7 21 588 39 21
internal_value=-0.000559372 -0.011717 0.002225 -0.0171468 0.00300668 0.00238322 -0.014894 -0.0177919 0.00282942 -0.0339134 0.00350114 0.0039078 0.0127585 0.0163727
internal_weight=246.96 49.3207 197.639 44.799 194.336 191.964 43.2982 40.2018 190.457 3.41934 187.037 185.831 48.0493 45.6016
internal_count=4251 538 3713 505 3682 3661 490 470 3630 45 3585 3564 648 609
is_linear=0
shrinkage=0.05


Tree=137
num_leaves=15
num_cat=0
split_feature=52 43 187 271 280 288 98 163 56 149 237 183 249 168
split_gain=2.90915 2.54634 2.17816 3.01353 5.34933 10.6215 2.11368 2.02896 1.9715 1.81164 1.78553 1.95459 1.6827 1.6509
threshold=1.0000000180025095e-35 1.0000000180025095e-35 1.0000000180025095e-35 1.0000000180025095e-35 1.0000000180025095e-35 1.0000000180025095e-35 1.0000000180025095e-35 1.0000000180025095e-35 1.0000000180025095e-35 1.0000000180025095e-35 1.0000000180025095e-35 1.0000000180025095e-35 1.0000000180025095e-35 1.0000000180025095e-35
decision_type=2 2 2 2 2 2 2 2 2 2 2 2 2 2
left_child=1 6 3 4 5 -2 7 8 9 10 11 12 13 -1
right_child=2 -3 -4 -5 -6 -7 -8 -9 -10 -11 -12 -13 -14 -15
leaf_value=0.0022377179696637362 0.050284495417441039 -0.058323343204977007 0.041703027268598813 0.050426364559287479 0.050492592380369378 -0.54382968766227369 0.046811989116772777 -0.058974467232483077 -0.063284408542545578 -0.068384176372547539 -0.054431627047057909 0.022716164284754481 -0.059860082870843191 -0.065912270364202538
leaf_weight=214.30727586662397 0.14481824636459328 1.7683792337775219 7.163531856145708 0.54258483555167913 0.26219962537288666 0.15655599208548665 2.5908919814974061 1.3832965353503812 1.1591000668704499 0.90834483597427507 1.3753200010396529 11.588611785322426 1.1065838187932957 0.89234555140137573
leaf_count=3343 10 100 434 28 14 10 33 40 9 21 55 70 18 13
internal_value=0.00246779 0.00145094 0.0316194 -0.0336823 -0.114659 -0.258342 0.00190015 0.00140014 0.00176115 0.0020887 0.00236791 0.00271069 0.00163889 0.00195513
internal_weight=245.35 237.08 8.26969 1.10616 0.563574 0.301374 235.312 232.721 231.338 230.178 229.27 227.895 216.306 215.2
internal_count=4198 3702 496 62 34 20 3602 3569 3529 3520 3499 3444 3374 3356
is_linear=0
shrinkage=0.05


Tree=138
num_leaves=15
num_cat=0
split_feature=281 98 218 249 268 168 277 73 95 208 163 37 231 228
split_gain=2.41014 4.05899 1.93813 1.8084 1.74194 1.66438 1.67671 1.63592 1.64601 1.60684 1.61643 1.3799 1.31747 1.31712
threshold=1.5000000000000002 1.0000000180025095e-35 1.0000000180025095e-35 1.0000000180025095e-35 1.0000000180025095e-35 1.0000000180025095e-35 2.5000000000000004 1.0000000180025095e-35 1.0000000180025095e-35 1.0000000180025095e-35 1.0000000180025095e-35 1.0000000180025095e-35 1.0000000180025095e-35 1.0000000180025095e-35
decision_type=2 2 2 2 2 2 2 2 2 2 2 2 2 2
left_child=2 -2 3 4 5 6 7 8 9 10 11 12 13 -1
right_child=1 -3 -4 -5 -6 -7 -8 -9 -10 -11 -12 -13 -14 -15
leaf_value=0.0058622479132451281 -0.1311880113675192 0.037674349006038124 -0.057346672207705812 -0.059006478012962063 -0.047265343976894636 -0.061442048038143564 0.052602605613783771 -0.03801614825468172 -0.061737853941684934 -0.056387215539800889 -0.055633715353678004 0.05198004245144873 0.039656194026035069 0.056402113357203888
leaf_weight=228.2615772318095 0.83952548168599495 0.61771991197019815 1.2448248732835043 1.0917588900774706 1.5548400990664948 0.91603829897940059 1.9215182615444053 2.1201761257834724 0.89083129912614722 1.0160386264324177 1.037895849905907 1.685513038188218 2.9713701549917451 1.2964496631175269
leaf_count=3771 12 11 18 20 50 14 25 149 12 15 31 22 19 10
internal_value=0.00450443 -0.059608 0.00488421 0.0052007 0.00548838 0.00582716 0.00608263 0.00570906 0.00609995 0.00635573 0.00662671 0.00690261 0.00657586 0.00614768
internal_weight=247.466 1.45725 246.009 244.764 243.672 242.117 241.201 239.28 237.16 236.269 235.253 234.215 232.529 229.558
internal_count=4179 23 4156 4138 4118 4068 4054 4029 3880 3868 3853 3822 3800 3781
is_linear=0
shrinkage=0.05


Tree=139
num_leaves=15
num_cat=0
split_feature=145 22 252 52 51 281 278 231 285 220 148 277 282 286
split_gain=2.91497 3.05689 3.01574 2.79879 2.36528 2.27297 2.34265 2.19103 2.12765 2.10728 2.0967 1.98334 4.31628 3.81879
threshold=1.0000000180025095e-35 1.0000000180025095e-35 1.0000000180025095e-35 1.0000000180025095e-35 1.0000000180025095e-35 1.5000000000000002 1.5000000000000002 1.0000000180025095e-35 4.5000000000000009 1.0000000180025095e-35 1.0000000180025095e-35 1.0000000180025095e-35 1.0000000180025095e-35 2.5000000000000004
decision_type=2 2 2 2 2 2 2 2 2 2 2 2 2 2
left_child=1 4 3 5 -1 6 7 9 11 -3 -5 13 -13 -2
right_child=8 2 -4 10 -6 -7 -8 -9 -10 -11 -12 12 -14 -15
leaf_value=-0.055089635012780053 0.011262701541949117 -0.0050213134028282772 -0.037339565879621853 0.042929032499785261 0.064688544388060834 -0.059068199127088827 0.030594117437339186 0.057500488663307828 0.043997581124815409 -0.055987374357506982 -0.13990844849083903 -0.026074808104132555 0.043788690669786509 -0.043291395119588717
leaf_weight=4.6247874973341814 53.695866778027266 137.62373043247499 6.8974816082045427 4.1728003136813632 0.45248669385910023 1.8976217005401839 4.7371821906417599 1.3817466050386418 3.4557723756879559 2.0584815144538871 0.16292179701849807 11.623926370404659 2.7300290921702972 3.4116395553573957
leaf_count=130 536 2670 99 261 1 19 34 5 26 12 8 250 74 51
internal_value=-0.00249098 -0.00622358 -0.00500351 -0.00353649 -0.044415 -0.00469881 -0.00399119 -0.00515263 0.00568046 -0.00577239 0.0360586 0.0038275 -0.0127872 0.0080036
internal_weight=238.926 164.009 158.932 152.034 5.07727 147.699 145.801 141.064 74.9172 139.682 4.33572 71.4615 14.354 57.1075
internal_count=4176 3239 3108 3009 131 2740 2721 2687 937 2682 269 911 324 587
is_linear=0
shrinkage=0.05


Tree=140
num_leaves=15
num_cat=0
split_feature=264 239 61 148 127 22 218 34 217 145 158 187 267 39
split_gain=2.20932 2.84319 2.85474 2.73906 2.06214 1.93516 1.90027 1.84588 2.40189 1.93323 4.81114 5.99407 4.46147 3.91101
threshold=1.0000000180025095e-35 1.0000000180025095e-35 1.0000000180025095e-35 1.0000000180025095e-35 1.0000000180025095e-35 1.0000000180025095e-35 1.0000000180025095e-35 1.0000000180025095e-35 1.0000000180025095e-35 1.0000000180025095e-35 1.0000000180025095e-35 1.0000000180025095e-35 1.0000000180025095e-35 1.0000000180025095e-35
decision_type=2 2 2 2 2 2 2 2 2 2 2 2 2 2
left_child=1 2 3 4 7 -2 -7 8 9 -1 11 -11 -12 -13
right_child=5 -3 -4 -5 -6 6 -8 -9 -10 10 12 13 -14 -15
leaf_value=-0.0046473413550175771 -0.049562728353874 -0.057385477368860044 -0.059056665939122434 -0.068030284556122742 0.081743792727741918 0.0084528391950917971 -0.056673276953857168 0.034604741346633106 -0.096660625777173589 -0.035794833821462355 -0.039289331678601956 0.024443634121894375 0.067681732894058377 0.10638246876852507
leaf_weight=99.578933214535937 1.496227329596876 2.3404215015470973 2.145790357142686 1.5051225554198016 0.76326932013034721 99.643401816487312 1.132805362343787 3.6114622959867111 0.66149728186428447 4.0615603202022639 6.9710584175772947 19.850465591996912 1.133181085810065 1.5715914433822025
leaf_count=2310 27 39 30 26 2 1227 17 51 23 54 123 247 15 24
internal_value=0.00126171 -0.00272509 -0.00182326 -0.00094421 -0.000213598 0.00688272 0.00772077 -0.000668747 -0.00162063 -0.00114853 0.00922452 0.0198961 -0.024332 0.0304549
internal_weight=246.467 144.194 141.854 139.708 138.203 102.272 100.776 137.44 133.828 133.167 33.5879 25.4836 8.10424 21.4221
internal_count=4215 2944 2905 2875 2849 1271 1244 2847 2796 2773 463 325 138 271
is_linear=0
shrinkage=0.05


Tree=141
num_leaves=15
num_cat=0
split_feature=51 287 288 266 11 145 281 196 183 71 104 267 286 145
split_gain=2.80581 2.26321 5.68625 4.24735 4.16045 4.39635 3.93271 3.62282 3.60926 3.37188 3.50714 3.4588 3.98893 7.0043
threshold=1.0000000180025095e-35 1.0000000180025095e-35 1.0000000180025095e-35 1.0000000180025095e-35 1.0000000180025095e-35 1.0000000180025095e-35 1.0000000180025095e-35 1.0000000180025095e-35 1.0000000180025095e-35 1.0000000180025095e-35 1.0000000180025095e-35 1.0000000180025095e-35 1.5000000000000002 1.0000000180025095e-35
decision_type=2 2 2 2 2 2 2 2 2 2 2 2 2 2
left_child=1 3 -3 4 7 -6 -5 8 9 10 11 12 -1 -14
right_child=-2 2 -4 6 5 -7 -8 -9 -10 -11 -12 -13 13 -15
leaf_value=-0.014231085896059099 0.058667573177143155 -0.013439821699537594 0.0087349871449433885 -0.049340210735212768 0.00019520170050949009 0.10582809507971636 -0.0016743112740956877 0.11152914318913472 0.024222870776236929 0.030461704723833884 0.048078667821363795 -0.049605297021826936 -0.046165869679539881 0.12531427953946347
leaf_weight=60.466813817387447 1.8493143739178766 43.52607282763347 86.091732050292194 10.999192469054835 2.2875998299568883 1.7298191823065279 7.133910669013857 0.64644667133688827 8.2068391311913711 4.678063614293932 2.2507945820689192 6.658404287416487 1.0492796855978659 1.3769448716193438
leaf_count=1459 20 455 1254 385 50 10 58 2 55 22 23 314 34 10
internal_value=-0.00268129 -0.00315979 0.00128862 -0.00852423 -0.00404666 0.0456786 -0.0305875 -0.00638767 -0.00728777 -0.0106691 -0.0133488 -0.0153367 -0.0117087 0.0511535
internal_weight=238.951 237.102 129.618 107.484 89.351 4.01742 18.1331 85.3336 84.6871 76.4803 71.8022 69.5514 62.893 2.42622
internal_count=4151 4131 1709 2422 1979 60 443 1919 1917 1862 1840 1817 1503 44
is_linear=0
shrinkage=0.05


Tree=142
num_leaves=15
num_cat=0
split_feature=112 145 239 164 201 98 220 105 239 54 187 175 269 282
split_gain=2.18642 2.2317 2.89807 2.44163 2.33677 2.26272 2.2006 2.12963 2.11256 1.88285 1.83951 3.68624 2.1226 1.84435
threshold=1.0000000180025095e-35 1.0000000180025095e-35 1.0000000180025095e-35 1.0000000180025095e-35 1.0000000180025095e-35 1.0000000180025095e-35 1.0000000180025095e-35 1.0000000180025095e-35 1.0000000180025095e-35 1.0000000180025095e-35 1.0000000180025095e-35 1.0000000180025095e-35 1.0000000180025095e-35 1.0000000180025095e-35
decision_type=2 2 2 2 2 2 2 2 2 2 2 2 2 2
left_child=1 3 10 5 -4 7 -2 8 9 -1 11 12 -3 -12
right_child=6 2 4 -5 -6 -7 -8 -9 -10 -11 13 -13 -14 -15
leaf_value=-0.0072870147211195379 0.080577256840659278 -0.046335102193594407 -0.056165020187316665 0.021983582666613793 0.0085209227740935724 0.046361046713719573 0.0082739651201649764 0.051149620668179491 0.084036030688064242 0.056880578323592605 0.020028654899365159 0.037528234110506667 0.032634466548943343 0.0025549679603434831
leaf_weight=151.46820370503701 1.653526703827082 5.1189054078422469 3.1762743266299358 8.7747947284951788 2.4911894835531712 2.1058990759775034 2.8945735981687903 1.6233284827321757 0.64273626543581386 1.1518980562686909 34.992595321498811 2.6310984352603555 1.020568700507283 26.565981755964458
leaf_count=3155 8 85 49 50 19 29 28 20 2 8 540 22 6 224
internal_value=0.000215001 -0.000431119 0.00666375 -0.0036838 -0.0277317 -0.00511843 0.0345609 -0.00581837 -0.00642176 -0.00680271 0.0094355 -0.0119877 -0.0332079 0.0124878
internal_weight=246.312 241.763 75.9966 165.767 5.66746 156.992 4.5481 154.886 153.263 152.62 70.3291 8.77057 6.13947 61.5586
internal_count=4245 4209 945 3264 68 3214 36 3185 3165 3163 877 113 91 764
is_linear=0
shrinkage=0.05


Tree=143
num_leaves=15
num_cat=0
split_feature=161 163 149 174 91 181 183 263 271 18 275 102 61 285
split_gain=3.51962 1.79055 1.65085 1.59436 1.68397 2.97786 2.04459 2.53173 2.25646 2.14023 3.74761 3.18122 2.8866 3.25685
threshold=1.0000000180025095e-35 1.0000000180025095e-35 1.0000000180025095e-35 1.0000000180025095e-35 1.0000000180025095e-35 1.0000000180025095e-35 1.0000000180025095e-35 1.0000000180025095e-35 1.0000000180025095e-35 1.0000000180025095e-35 2.5000000000000004 1.0000000180025095e-35 1.0000000180025095e-35 4.5000000000000009
decision_type=2 2 2 2 2 2 2 2 2 2 2 2 2 2
left_child=1 2 3 4 5 6 9 8 -8 10 11 12 13 -1
right_child=-2 -3 -4 -5 -6 -7 7 -9 -10 -11 -12 -13 -14 -15
leaf_value=0.0062559060199983991 -0.051553343455725757 -0.055337073659824182 -0.058083184557279038 0.075857847151169611 -0.0035697396151091725 -0.06210845339615393 0.02886379162140313 0.071591954993465726 -0.030272257059690888 -0.011000645826090533 0.05690998706858505 -0.106316767688453 -0.053822592498604209 0.032530141009599486
leaf_weight=151.53105961461551 2.7640543170273295 1.2159949438646425 1.017002991400658 0.80832896009087463 42.097174816066399 1.5276518221944559 7.3524504881352168 2.603817716240882 2.0664863139390945 15.677433708682655 3.8754818746820083 0.61518935859203239 1.8914055954664935 12.789939902722834
leaf_count=2924 33 40 29 7 765 30 41 9 18 185 38 4 27 43
internal_value=0.00455261 0.00518541 0.00548721 0.00575344 0.00551931 0.00743309 0.00796854 0.0279532 0.0158895 0.0066794 0.00830314 0.00717398 0.00759403 0.00830096
internal_weight=247.833 245.069 243.853 242.836 242.028 199.931 198.403 12.0228 9.41894 186.381 170.703 166.828 166.212 164.321
internal_count=4193 4160 4120 4091 4084 3319 3289 68 59 3221 3036 2998 2994 2967
is_linear=0
shrinkage=0.05


Tree=144
num_leaves=15
num_cat=0
split_feature=178 217 59 145 201 41 252 281 267 89 151 112 69 264
split_gain=1.99279 3.48234 3.35528 2.89074 4.8659 3.66212 3.63231 3.49281 5.06543 3.92058 3.31793 3.10047 2.6077 2.57224
threshold=1.0000000180025095e-35 1.0000000180025095e-35 1.0000000180025095e-35 1.0000000180025095e-35 1.0000000180025095e-35 1.0000000180025095e-35 1.0000000180025095e-35 1.0000000180025095e-35 1.0000000180025095e-35 1.0000000180025095e-35 1.0000000180025095e-35 1.0000000180025095e-35 1.0000000180025095e-35 1.0000000180025095e-35
decision_type=2 2 2 2 2 2 2 2 2 2 2 2 2 2
left_child=1 2 3 4 7 6 10 8 -1 11 -5 -9 -4 -2
right_child=13 -3 12 5 -6 -7 -8 9 -10 -11 -12 -13 -14 -15
leaf_value=-0.0057756483468688266 -0.0010226647734876413 -0.086074668201662152 -0.057763243563453331 0.0079614577793049781 0.13673869251119727 -0.047280118367138753 0.092852399040656008 0.0057845895435168502 -0.04901929620152784 0.14510945204797235 0.1056012711976308 0.12005546106751049 0.059449729276933642 0.01638116875030925
leaf_weight=75.349457821808755 42.696178226731718 1.2184396674856532 3.9660103758797041 53.443397124297917 0.59801453351974387 2.7765064295381299 1.3409342616796482 8.3833821327425486 7.4406402718741438 0.60743048787117082 0.8844665065407743 0.63883670233190137 0.53899958729743946 42.228637964697555
leaf_count=1976 304 29 87 674 1 87 3 277 407 2 13 2 2 300
internal_value=0.00145995 -0.00187434 -0.00121655 4.82132e-05 -0.00542715 0.00876244 0.0115576 -0.00634705 -0.00966211 0.0221539 0.00955105 0.0138758 -0.0437394 0.00763134
internal_weight=242.111 157.187 155.968 151.463 93.0178 58.4453 55.6688 92.4197 82.7901 9.62965 54.3279 9.02222 4.50501 84.9248
internal_count=4164 3560 3531 3442 2665 777 690 2664 2383 281 687 279 89 604
is_linear=0
shrinkage=0.05


Tree=145
num_leaves=15
num_cat=0
split_feature=196 137 136 174 173 37 51 56 168 230 127 172 161 267
split_gain=2.38113 1.93072 1.84553 1.79323 1.70848 1.634 1.5579 1.5312 1.53226 1.42819 1.38324 1.36313 1.83171 1.80818
threshold=1.0000000180025095e-35 1.0000000180025095e-35 1.0000000180025095e-35 1.0000000180025095e-35 1.0000000180025095e-35 1.0000000180025095e-35 1.0000000180025095e-35 1.0000000180025095e-35 1.0000000180025095e-35 1.0000000180025095e-35 1.0000000180025095e-35 1.0000000180025095e-35 1.0000000180025095e-35 1.0000000180025095e-35
decision_type=2 2 2 2 2 2 2 2 2 2 2 2 2 2
left_child=1 2 3 4 5 6 7 8 9 10 11 12 -1 -14
right_child=-2 -3 -4 -5 -6 -7 -8 -9 -10 -11 -12 -13 13 -15
leaf_value=0.00045921338768834604 0.023148265928915428 -0.05043115281825588 -0.061143520031929466 0.079446052027046146 0.053160900526821764 0.052012969606240626 0.059346159494701615 -0.065020311487840807 -0.062407850534177703 -0.05596386335174075 0.04225906053946981 0.055567941427772272 -0.065398203706447236 0.01302977879651613
leaf_weight=215.82246541464701 11.926952183246611 1.864644220098852 1.2019507735967625 0.72574028186499973 1.5430585555732239 1.5215156413614739 1.1013422058895219 0.90924813970923324 0.97936893254518409 1.1234190417453636 1.9705872638151039 1.1052887998521317 2.0722844172269097 1.1387786362320187
leaf_count=3894 74 41 27 4 22 20 21 9 15 20 8 10 27 9
internal_value=0.00135814 0.000243114 0.000651778 0.000974694 0.000726317 0.000371052 2.37216e-05 -0.000266496 -3.90019e-06 0.000269879 0.000554307 0.000180984 -9.85104e-05 -0.0375843
internal_weight=245.007 233.08 231.215 230.013 229.287 227.744 226.223 225.121 224.212 223.233 222.109 220.139 219.034 3.21106
internal_count=4201 4127 4086 4059 4055 4033 4013 3992 3983 3968 3948 3940 3930 36
is_linear=0
shrinkage=0.05


Tree=146
num_leaves=15
num_cat=0
split_feature=241 285 59 287 275 11 288 190 18 80 288 148 104 287
split_gain=7.09673 2.86813 3.77334 3.86129 2.33293 4.00095 2.94639 2.71039 1.99508 1.88761 1.78546 4.32052 3.35177 4.83659
threshold=1.0000000180025095e-35 5.5000000000000009 1.0000000180025095e-35 1.5000000000000002 2.5000000000000004 1.0000000180025095e-35 1.0000000180025095e-35 1.0000000180025095e-35 1.0000000180025095e-35 1.0000000180025095e-35 1.0000000180025095e-35 1.0000000180025095e-35 1.0000000180025095e-35 1.0000000180025095e-35
decision_type=2 2 2 2 2 2 2 2 2 2 2 2 2 2
left_child=1 2 9 4 5 6 -4 -7 -6 10 11 -1 13 -12
right_child=-2 -3 3 -5 8 7 -8 -9 -10 -11 12 -13 -14 -15
leaf_value=-0.0026134394614708905 -0.057166223215767357 0.019093493959616389 -0.013800855354089744 -0.070712222238901265 -0.014475957337217371 -0.021368153306249537 -0.072073762869836966 0.065646371154194333 0.05864013587641366 -0.066675592703521067 -0.014273798159426096 -0.13029286153726388 0.074411798015444425 0.012022839903617605
leaf_weight=106.23526325030252 5.5306951645761719 18.38797509111464 4.6502750441432052 3.4206288177520028 1.8484230553731313 1.8039524033665648 4.0656680148094893 1.7759824246168137 1.8838512729853392 1.0372754503041495 24.118134608026594 0.6667326083406796 1.7635363517329086 63.582626503892243
leaf_count=1949 49 71 57 35 17 19 62 7 11 16 812 9 11 1109
internal_value=-0.00118233 0.000133903 -0.00147377 -0.0224865 -0.0121944 -0.022704 -0.040983 0.0217992 0.0224291 0.00059646 0.000951815 -0.00340976 0.00616351 0.00479114
internal_weight=240.771 235.24 216.852 19.4488 16.0282 12.2959 8.71594 3.57993 3.73227 197.404 196.366 106.902 89.4643 87.7008
internal_count=4234 4185 4114 208 173 145 119 26 28 3906 3890 1958 1932 1921
is_linear=0
shrinkage=0.05


Tree=147
num_leaves=15
num_cat=0
split_feature=45 242 187 234 219 59 288 252 288 145 242 272 198 282
split_gain=2.4573 3.78946 3.51736 3.28865 2.53432 2.6359 4.85254 2.82928 2.78669 2.55846 4.44088 2.28971 2.1518 2.08362
threshold=1.0000000180025095e-35 1.0000000180025095e-35 1.0000000180025095e-35 1.0000000180025095e-35 1.0000000180025095e-35 1.0000000180025095e-35 1.5000000000000002 1.0000000180025095e-35 1.0000000180025095e-35 1.0000000180025095e-35 1.0000000180025095e-35 1.0000000180025095e-35 1.0000000180025095e-35 1.0000000180025095e-35
decision_type=2 2 2 2 2 2 2 2 2 2 2 2 2 2
left_child=3 -2 -3 4 5 7 9 12 -9 -7 -11 -4 13 -1
right_child=1 2 11 -5 -6 6 -8 8 -10 10 -12 -13 -14 -15
leaf_value=-6.3561764342794213e-05 0.010785420018371666 0.038380550059961237 -0.033909617557282085 0.041261317965522001 -0.074082297263343658 -0.035686144916747035 0.040429496204906878 0.082666515513999408 0.0065609179534994308 -0.067132499482239899 0.051736781001201042 -0.12172270925237492 0.076129863242905368 -0.015536464659779332
leaf_weight=105.99766110745259 65.57634309749119 1.1790341110900042 2.3431892162188879 4.0183334201574317 1.2990338169038285 17.383215508423753 2.9738890938460818 1.92426805384457 3.2080816440284252 1.1924654170870774 2.3035517409443855 1.0865721963346007 0.8594571128487577 27.377524388022721
leaf_count=2512 1045 10 24 38 14 138 18 6 28 18 14 12 3 281
internal_value=-0.000155615 0.00770538 -0.036119 -0.00342922 -0.00452077 -0.00396715 -0.0193259 -0.00133846 0.0350951 -0.027837 0.0111914 -0.0617294 -0.00273146 -0.00323964
internal_weight=238.723 70.1851 4.6088 168.537 164.519 163.22 23.8531 139.367 5.13235 20.8792 3.49602 3.42976 134.235 133.375
internal_count=4161 1091 46 3070 3032 3018 188 2830 34 170 32 36 2796 2793
is_linear=0
shrinkage=0.05


Tree=148
num_leaves=15
num_cat=0
split_feature=61 96 56 151 203 73 127 263 136 163 260 91 285 3
split_gain=3.37075 2.00444 1.80511 1.34222 1.3193 1.34754 1.34576 1.3335 1.30384 1.29846 1.61967 2.66319 5.35067 1.74746
threshold=1.0000000180025095e-35 1.0000000180025095e-35 1.0000000180025095e-35 1.0000000180025095e-35 1.0000000180025095e-35 1.0000000180025095e-35 1.0000000180025095e-35 1.0000000180025095e-35 1.0000000180025095e-35 1.0000000180025095e-35 1.0000000180025095e-35 1.0000000180025095e-35 1.0000000180025095e-35 1.0000000180025095e-35
decision_type=2 2 2 2 2 2 2 2 2 2 2 2 2 2
left_child=1 2 4 -2 5 6 8 -6 9 10 13 12 -12 -1
right_child=3 -3 -4 -5 7 -7 -8 -9 -10 -11 11 -13 -14 -15
leaf_value=0.0031245390102880998 -0.055853771459840031 -0.065836283483364941 -0.064646553359195918 -0.014415378747309178 0.001442727573806421 -0.03618660767905018 0.045267638836765954 -0.06810401750187102 -0.048881974247031446 -0.053547340457105325 0.035473335661863517 0.046667251139400505 -0.077106448062803021 -0.055944584936787028
leaf_weight=212.26472551492043 3.1782318502664548 1.0795592172071327 0.99806977435946365 5.0737748872488737 1.4507406102493396 2.1564540653489521 1.9146049432456482 1.3131351256743073 1.196639765985309 0.99485125113278527 2.9443224081769568 5.5177926132455468 1.6451465422287581 1.2594940625131119
leaf_count=3684 46 15 9 52 10 150 8 13 24 37 27 35 23 75
internal_value=0.00103356 0.00213772 0.00245178 -0.0303752 0.00273962 0.00315245 0.00352496 -0.0315994 0.00317105 0.00344835 0.0037019 0.0232599 -0.00488215 0.00277611
internal_weight=242.988 234.736 233.656 8.25201 232.658 229.894 227.738 2.76388 225.823 224.626 223.631 10.1073 4.58947 213.524
internal_count=4208 4110 4095 98 4086 4063 3913 23 3905 3881 3844 85 50 3759
is_linear=0
shrinkage=0.05


Tree=149
num_leaves=15
num_cat=0
split_feature=176 66 268 58 285 69 173 37 76 136 215 287 149 237
split_gain=5.18534 2.34814 2.0006 1.85974 1.784 1.62225 1.62128 1.56626 1.38092 1.35546 1.31581 1.32446 1.2809 1.2636
threshold=1.0000000180025095e-35 1.0000000180025095e-35 1.0000000180025095e-35 1.0000000180025095e-35 1.0000000180025095e-35 1.0000000180025095e-35 1.0000000180025095e-35 1.0000000180025095e-35 1.0000000180025095e-35 1.0000000180025095e-35 1.0000000180025095e-35 2.5000000000000004 1.0000000180025095e-35 1.0000000180025095e-35
decision_type=2 2 2 2 2 2 2 2 2 2 2 2 2 2
left_child=1 2 3 5 -5 6 7 8 9 10 11 12 13 -1
right_child=-2 -3 -4 4 -6 -7 -8 -9 -10 -11 -12 -13 -14 -15
leaf_value=0.00017724140431493447 -0.090110983691495394 -0.077456732834340805 -0.056788819659978056 0.0085252461279237256 -0.065962578717101469 0.055023312932199676 0.052702878876138053 0.05188699225002006 0.059827107863953011 -0.051161823753072336 -0.058384850953873801 -0.059198636620570823 -0.060331449294782361 -0.046686691562987631
leaf_weight=220.1406142541673 1.6509435288608063 1.0049734339117993 1.5884887115098525 1.3084310907870524 2.0843358812853694 1.3344133961945761 1.4355923188850273 1.4125794209539879 0.93148602917790313 1.3481969558633853 0.99028006754815479 0.96085468307137389 0.88707549870014091 1.447833741782232
leaf_count=3899 20 9 44 9 21 12 22 20 5 27 15 14 25 70
internal_value=-0.00180616 -0.0011907 -0.000865754 -0.000486581 -0.0372361 5.34299e-05 -0.000266113 -0.000599456 -0.000926493 -0.00117715 -0.000876873 -0.000621995 -0.000369007 -0.000128962
internal_weight=238.526 236.875 235.87 234.282 3.39277 230.889 229.555 228.119 226.706 225.775 224.427 223.436 222.476 221.588
internal_count=4212 4192 4183 4139 30 4109 4097 4075 4055 4050 4023 4008 3994 3969
is_linear=0
shrinkage=0.05


Tree=150
num_leaves=15
num_cat=0
split_feature=233 1 187 145 205 161 18 183 45 22 275 34 158 286
split_gain=2.39213 3.45648 3.09229 3.5452 3.63488 3.35359 3.22183 2.96858 2.95042 3.12522 5.18562 3.20285 2.92735 3.85615
threshold=1.0000000180025095e-35 1.0000000180025095e-35 1.0000000180025095e-35 1.0000000180025095e-35 1.0000000180025095e-35 1.0000000180025095e-35 1.0000000180025095e-35 1.0000000180025095e-35 1.0000000180025095e-35 1.0000000180025095e-35 1.0000000180025095e-35 1.0000000180025095e-35 1.0000000180025095e-35 1.0000000180025095e-35
decision_type=2 2 2 2 2 2 2 2 2 2 2 2 2 2
left_child=2 -2 12 4 5 6 7 8 9 10 -4 -11 -1 -14
right_child=1 -3 3 -5 -6 -7 -8 -9 -10 11 -12 -13 13 -15
leaf_value=0.002255759979884084 0.020045011869122834 -0.019708612344637097 0.072542572525869917 0.00060651097176183137 0.074068538565200306 0.042857221671480483 -0.051339891962476007 0.068554427399198578 -0.003174900560213858 -0.026951491181214194 -0.070648573143361912 0.028891582002764728 0.094072632298383391 0.00051987905301198955
leaf_weight=32.261116889771074 21.139044441282753 7.3757247775793067 2.0467513222247358 65.320740523515269 1.1523403860628594 2.4266364313662043 6.2682324927300206 1.0682253353297699 32.761001557344571 55.161068559158593 0.91491177398711432 2.6930172462016335 2.1295168399810782 2.281697797589004
leaf_count=477 109 34 69 837 3 22 143 9 611 1735 31 35 14 20
internal_value=-0.00381274 0.00976221 -0.00568739 -0.00853086 -0.0142429 -0.0152276 -0.0166244 -0.0143252 -0.0152713 -0.0217876 0.0283082 -0.0243521 0.00747945 0.0456825
internal_weight=235 28.5148 206.485 169.813 104.492 103.34 100.913 94.645 93.5768 60.8157 2.96166 57.8541 36.6723 4.41121
internal_count=4149 143 4006 3495 2658 2655 2633 2490 2481 1870 100 1770 511 34
is_linear=0
shrinkage=0.05


Tree=151
num_leaves=15
num_cat=0
split_feature=124 96 89 263 288 275 285 22 201 260 91 61 102 286
split_gain=4.94432 2.44852 2.41021 2.30343 4.14502 3.86789 3.43366 4.4761 4.43616 3.50798 3.27929 3.06735 2.63405 2.58901
threshold=1.0000000180025095e-35 1.0000000180025095e-35 1.0000000180025095e-35 1.0000000180025095e-35 1.0000000180025095e-35 1.0000000180025095e-35 1.0000000180025095e-35 1.0000000180025095e-35 1.0000000180025095e-35 1.0000000180025095e-35 1.0000000180025095e-35 1.0000000180025095e-35 1.0000000180025095e-35 1.5000000000000002
decision_type=2 2 2 2 2 2 2 2 2 2 2 2 2 2
left_child=1 2 3 6 13 -6 7 -1 9 10 -9 -8 -7 -5
right_child=-2 -3 -4 4 5 12 11 8 -10 -11 -12 -13 -14 -15
leaf_value=0.052419923438173879 -0.061073844161054852 -0.086553543656574403 -0.063640561746557384 0.0016926014598219984 0.052369433597254482 0.016526257120124281 0.01071039892947925 -0.0084559589436262288 0.12499363275994138 0.034837124135738383 -0.042733367411093022 -0.053901381680887574 -0.038972022081150477 -0.041033945653074416
leaf_weight=3.1317023113369933 3.0754572371952227 0.7652150634676208 1.3476152960211027 24.601779928430918 7.5646980963647357 37.791407660581172 62.061316300649196 75.31383918155916 0.61877155303954978 4.2703346181660882 7.6900103434454641 1.8929007276892651 2.2661906182765952 4.1425109356641761
leaf_count=102 97 11 15 217 96 477 563 2080 1 54 355 31 24 36
internal_value=0.00190965 0.00273936 0.003033 0.00342138 0.0105288 0.0195789 -8.08304e-05 -0.00631915 -0.00841207 -0.00935792 -0.0116316 0.00879804 0.0133865 -0.00446498
internal_weight=236.534 233.458 232.693 231.345 76.3666 47.6223 154.979 91.0247 87.893 87.2742 83.0038 63.9542 40.0576 28.7443
internal_count=4159 4062 4051 4036 850 597 3186 2592 2490 2489 2435 594 501 253
is_linear=0
shrinkage=0.05


Tree=152
num_leaves=15
num_cat=0
split_feature=34 51 268 61 70 187 173 228 90 250 190 275 242 285
split_gain=2.01306 1.92521 1.78608 1.81005 2.01474 2.28756 1.64229 1.64995 2.55791 1.60523 1.43326 2.54958 2.01874 2.00508
threshold=1.0000000180025095e-35 1.0000000180025095e-35 1.0000000180025095e-35 1.0000000180025095e-35 1.0000000180025095e-35 1.0000000180025095e-35 1.0000000180025095e-35 1.0000000180025095e-35 1.0000000180025095e-35 1.0000000180025095e-35 1.0000000180025095e-35 1.5000000000000002 1.0000000180025095e-35 4.5000000000000009
decision_type=2 2 2 2 2 2 2 2 2 2 2 2 2 2
left_child=1 2 3 4 5 -1 7 8 9 10 13 12 -12 -6
right_child=-2 -3 -4 -5 6 -7 -8 -9 -10 -11 11 -13 -14 -15
leaf_value=-0.0095068588148437688 0.028924136153092174 0.058870634433394353 -0.056209122074617583 -0.025537692380650567 -0.00082725197679430591 -0.068579485679088253 0.053037803882865622 0.055550799324117273 -0.070063875601640194 0.054490442271508371 -0.065923554106180768 -0.004277371420981879 0.0094883245137595794 0.016782294128454688
leaf_weight=6.3663950748741627 5.4553409097716203 1.2999022910371412 1.517854104284196 7.7507195360958567 163.34230551403016 2.2069794426206482 1.4501854889094818 1.3115335730835784 1.320925669511779 1.3299668058753003 3.3265275573357966 19.94046762958169 1.2103329449892042 17.940406549721956
leaf_count=45 79 18 48 93 3483 49 16 13 33 15 52 128 7 78
internal_value=-0.00109543 -0.00180649 -0.0021509 -0.00179022 -0.000952621 -0.0247135 1.2044e-05 -0.000354618 -0.000706431 -0.000264034 -0.00061795 -0.0119746 -0.0458054 0.000915454
internal_weight=235.77 230.315 229.015 227.497 219.746 8.57337 211.173 209.722 208.411 207.09 205.76 24.4773 4.53686 181.283
internal_count=4157 4078 4060 4012 3919 94 3825 3809 3796 3763 3748 187 59 3561
is_linear=0
shrinkage=0.05


Tree=153
num_leaves=15
num_cat=0
split_feature=137 174 127 173 217 56 288 285 241 241 52 287 158 59
split_gain=1.77068 1.7654 1.72377 1.69913 1.67393 1.67537 1.50924 4.80592 3.98223 3.0686 2.91171 2.37285 3.06532 2.97768
threshold=1.0000000180025095e-35 1.0000000180025095e-35 1.0000000180025095e-35 1.0000000180025095e-35 1.0000000180025095e-35 1.0000000180025095e-35 1.5000000000000002 4.5000000000000009 1.0000000180025095e-35 1.0000000180025095e-35 1.0000000180025095e-35 1.5000000000000002 1.0000000180025095e-35 1.0000000180025095e-35
decision_type=2 2 2 2 2 2 2 2 2 2 2 2 2 2
left_child=1 2 3 4 5 6 8 9 11 10 -8 -1 13 -13
right_child=-2 -3 -4 -5 -6 -7 7 -9 -10 -11 -12 12 -14 -15
leaf_value=0.0015723722468172952 -0.049029661181339688 0.080044417904894527 0.04740859406588778 0.052678017618244026 -0.063493534816012526 -0.065482540185546806 -0.049252142602466568 0.03942841956839762 -0.061673733583796297 0.08494974563726243 0.050454518605039439 -0.0036415070061428367 -0.062771477839733456 -0.0505829791643638
leaf_weight=167.90701325330883 1.8888032604008902 0.67964384332299133 1.8503391090780485 1.4624405838549126 1.0798609144985665 1.0057871155440796 4.3224862248171112 8.3084055455401522 2.7467902563512316 0.624311864376068 0.88154843263328064 35.144730460364372 2.75065320637077 3.737639218568801
leaf_count=3409 43 5 7 23 25 9 139 38 33 1 52 359 48 32
internal_value=-0.000813847 -0.00042215 -0.000658057 -0.0010448 -0.00138862 -0.00109374 -0.00080772 0.0150111 -0.00186114 -0.0197961 -0.0323621 -0.00107708 -0.0117624 -0.00815384
internal_weight=234.39 232.502 231.822 229.972 228.509 227.429 226.424 14.1368 212.287 5.82835 5.20403 209.54 41.633 38.8824
internal_count=4223 4180 4175 4168 4145 4120 4111 230 3881 192 191 3848 439 391
is_linear=0
shrinkage=0.05


Tree=154
num_leaves=15
num_cat=0
split_feature=165 64 38 196 51 281 108 215 218 278 237 230 285 201
split_gain=1.93884 2.96655 3.18058 2.54207 2.79178 2.09503 1.9514 1.71783 1.70326 1.58839 1.49078 1.46622 1.46571 3.24505
threshold=1.0000000180025095e-35 1.0000000180025095e-35 1.0000000180025095e-35 1.0000000180025095e-35 1.0000000180025095e-35 1.0000000180025095e-35 1.0000000180025095e-35 1.0000000180025095e-35 1.0000000180025095e-35 1.5000000000000002 1.0000000180025095e-35 1.0000000180025095e-35 1.0000000180025095e-35 1.0000000180025095e-35
decision_type=2 2 2 2 2 2 2 2 2 2 2 2 2 2
left_child=6 2 3 4 5 -2 7 8 9 10 11 12 13 -1
right_child=1 -3 -4 -5 -6 -7 -8 -9 -10 -11 -12 -13 -14 -15
leaf_value=0.0025546897482508508 -0.069591791177602044 0.038775380532580034 0.036744120319186488 0.067932427004354687 0.058135857765900648 -0.017104930002194717 -0.043698079955039916 -0.060994123654486025 -0.057336575917810398 0.048472375414644692 -0.049810576771719385 -0.055879839461677974 0.01129953692106709 0.11613278248380735
leaf_weight=123.54653556179255 5.2060293396934796 2.2242589555680743 1.7841989202424891 0.55286228237673718 0.63831464014947492 2.994926183950156 1.9897817606106389 0.95196998119354148 1.0462881624698628 2.2430174369364968 1.1822824766859401 0.93854790087789197 98.53707815753296 0.63210445642471214
leaf_count=3010 126 12 9 5 4 72 72 13 16 18 55 18 777 1
internal_value=0.00453141 -0.0139586 -0.0244534 -0.036079 -0.0425845 -0.050424 0.00560372 0.00603196 0.00631166 0.00660492 0.00618724 0.00648326 0.00674606 0.00313283
internal_weight=244.468 13.4006 11.1763 9.39213 8.83927 8.20096 231.068 229.078 228.126 227.08 224.837 223.654 222.716 124.179
internal_count=4208 228 216 207 202 198 3980 3908 3895 3879 3861 3806 3788 3011
is_linear=0
shrinkage=0.05


Tree=155
num_leaves=15
num_cat=0
split_feature=80 266 285 280 278 280 249 208 215 292 230 280 129 164
split_gain=2.16299 2.00427 2.19589 2.70164 1.83476 1.79784 1.7025 1.63828 1.59284 1.58724 1.56433 1.5309 1.42818 1.3756
threshold=1.0000000180025095e-35 1.0000000180025095e-35 5.5000000000000009 1.0000000180025095e-35 1.0000000180025095e-35 1.0000000180025095e-35 1.0000000180025095e-35 1.0000000180025095e-35 1.0000000180025095e-35 1.0000000180025095e-35 1.0000000180025095e-35 1.5000000000000002 1.0000000180025095e-35 1.0000000180025095e-35
decision_type=2 2 2 2 2 2 2 2 2 2 2 2 2 2
left_child=6 4 5 -4 9 -3 7 8 10 -2 11 12 13 -1
right_child=1 2 3 -5 -6 -7 -8 -9 -10 -11 -12 -13 -14 -15
leaf_value=0.0054526982651846188 0.012833508843124992 -0.020581773132751047 -0.053730036791176862 0.0062817692308807047 0.026287243482117358 -0.097197969210778001 -0.05675681777045602 -0.057180600348405476 -0.056927115170885556 -0.04574294900671462 -0.05215188469336194 -0.076861802235178675 0.048776459912810238 0.026301941579532858
leaf_weight=202.34388849209063 2.2496738769114017 1.4322972185909741 2.7249712906777859 6.0152963548898697 5.0561071988195181 1.6451723575592039 1.1022576503455628 1.036097727715968 1.0059266760945309 2.3799029961228371 1.1448668111115683 0.54997079097665746 1.9946398148313154 8.2332819793373329
leaf_count=3914 10 10 15 24 34 13 24 16 16 15 23 14 13 52
internal_value=0.00372945 -0.0113979 -0.0252174 -0.0124282 0.00546358 -0.0615397 0.00522565 0.0055415 0.00584338 -0.0172786 0.00613807 0.0064512 0.00666675 0.00626788
internal_weight=238.914 21.5034 11.8177 8.74027 9.68568 3.07747 217.411 216.309 215.273 4.62958 214.267 213.122 212.572 210.577
internal_count=4193 121 62 39 59 23 4072 4048 4032 25 4016 3993 3979 3966
is_linear=0
shrinkage=0.05


Tree=156
num_leaves=15
num_cat=0
split_feature=281 95 127 4 201 196 197 292 165 280 231 41 196 288
split_gain=2.78134 1.55872 1.48417 1.87534 3.20528 2.51351 2.44809 2.38891 2.27356 4.37379 3.7803 1.72718 1.58626 3.42617
threshold=1.5000000000000002 1.0000000180025095e-35 1.0000000180025095e-35 1.0000000180025095e-35 1.0000000180025095e-35 1.0000000180025095e-35 1.0000000180025095e-35 1.0000000180025095e-35 1.0000000180025095e-35 1.0000000180025095e-35 1.0000000180025095e-35 1.0000000180025095e-35 1.0000000180025095e-35 1.0000000180025095e-35
decision_type=2 2 2 2 2 2 2 2 2 2 2 2 2 2
left_child=1 2 3 5 7 6 8 12 -1 10 11 -10 13 -5
right_child=-2 -3 -4 4 -6 -7 -8 -9 9 -11 -12 -13 -14 -15
leaf_value=0.0056697022670991887 -0.060860532342319945 -0.059897444502989075 0.049397383344793135 -0.050452163049392609 0.041486652561132514 0.10097351617802108 0.043932443570298907 -0.052043827276612435 -0.072219565307593686 0.025362104737748137 0.074075625304732315 -0.013073869832597736 0.0080197678770583935 0.00085074929389562088
leaf_weight=190.62983578373678 1.6688779238611449 0.95318766683339973 1.8001492582261551 5.2075916356407168 2.964093272574245 0.68745205923914809 4.0012654000893226 3.4656875925138584 4.2411416256800276 3.6606326382607222 0.62661415990442026 1.741041539236903 9.6267909011803567 8.6765690674073994
leaf_count=3487 22 14 7 86 16 5 21 75 99 32 4 50 59 205
internal_value=0.00346292 0.00391343 0.00416972 0.00382404 -0.00786705 0.00552667 0.00520644 -0.0132899 0.00443514 -0.0184818 -0.042767 -0.0550059 -0.00757724 -0.0183917
internal_weight=239.951 238.282 237.329 235.529 29.9407 205.588 204.901 26.9766 200.899 10.2694 6.6088 5.98218 23.511 13.8842
internal_count=4182 4160 4146 4139 441 3698 3693 425 3672 185 153 149 350 291
is_linear=0
shrinkage=0.05


Tree=157
num_leaves=15
num_cat=0
split_feature=277 59 275 288 266 280 271 102 175 151 1 264 148 271
split_gain=2.66152 2.79202 6.01626 4.07067 3.22109 3.95879 3.66618 3.17192 3.11791 2.5775 2.31857 5.59124 2.15517 2.18389
threshold=2.5000000000000004 1.0000000180025095e-35 1.5000000000000002 1.5000000000000002 1.0000000180025095e-35 1.0000000180025095e-35 1.0000000180025095e-35 1.0000000180025095e-35 1.0000000180025095e-35 1.0000000180025095e-35 1.0000000180025095e-35 1.0000000180025095e-35 1.0000000180025095e-35 1.0000000180025095e-35
decision_type=2 2 2 2 2 2 2 2 2 2 2 2 2 2
left_child=1 12 -3 4 5 8 -7 10 -4 -10 11 -6 13 -1
right_child=-2 2 3 -5 7 6 -8 -9 9 -11 -12 -13 -14 -15
leaf_value=0.0036490822096101449 0.05246379117552992 -0.062186319906521098 -0.015365444583438515 0.049563869069556281 -0.11661692025357753 0.017066939800488609 -0.065702710679779966 -0.094539028485240581 0.086661841397389944 0.015715025810680017 0.0039297988415592207 -0.0071947485145440323 -0.036238368447844352 -0.0091730614494853081
leaf_weight=156.18701274483465 2.26198352780193 5.6960284272208801 2.8092309106141364 2.965923053212463 1.7565053892321865 2.429701454937458 2.9771842807531357 1.7002797946333892 2.4893175214529037 2.6356088072061539 4.9118307381868362 3.4812042210251093 3.9798813639208666 42.176096191164106
leaf_count=3281 33 90 22 14 17 12 19 11 6 14 18 39 71 592
internal_value=-0.00151471 -0.00203164 -0.0153221 -0.00584163 -0.012365 0.00448547 -0.0285084 -0.0313359 0.0269698 0.0501758 -0.0207479 -0.0438903 0.000191906 0.000922829
internal_weight=238.458 236.196 33.8528 28.1568 25.1909 13.341 5.40689 11.8498 7.93416 5.12493 10.1495 5.23771 202.343 198.363
internal_count=4239 4206 262 172 158 73 31 85 42 20 74 56 3944 3873
is_linear=0
shrinkage=0.05


Tree=158
num_leaves=15
num_cat=0
split_feature=4 288 111 146 129 178 219 240 175 293 9 287 196 241
split_gain=2.61017 2.49421 5.77878 3.99702 2.26457 2.07863 2.47265 1.95952 4.24194 2.55777 2.25503 1.80046 2.51321 2.1594
threshold=1.0000000180025095e-35 1.0000000180025095e-35 1.0000000180025095e-35 1.0000000180025095e-35 1.0000000180025095e-35 1.0000000180025095e-35 1.0000000180025095e-35 1.0000000180025095e-35 1.0000000180025095e-35 1.0000000180025095e-35 1.0000000180025095e-35 1.5000000000000002 1.0000000180025095e-35 1.0000000180025095e-35
decision_type=2 2 2 2 2 2 2 2 2 2 2 2 2 2
left_child=4 2 -2 5 7 6 -3 10 -9 -10 11 12 13 -1
right_child=1 3 -4 -5 -6 -7 -8 8 9 -11 -12 -13 -14 -15
leaf_value=0.0015471085586395939 -0.03482217393787828 -0.014951261470882899 0.043205509450884277 0.11007202213179355 0.062307583962232162 0.062694029180958122 0.077684943758889957 -0.050523373335757474 0.069513630791423767 0.016817718713328746 -0.10360272569599185 0.01723187451671046 0.097617436903816523 -0.042453557871472709
leaf_weight=154.31196645856835 15.066555035300555 9.7574587403796578 2.8164735846221438 0.86783880088478405 1.7172547709196795 1.1496103256940848 0.77776353061199266 2.2029160950332907 2.52694043517113 25.956308465451002 0.49804021418094535 19.601643343921751 0.67249022144824167 2.8397050052881232
leaf_count=3319 170 261 13 18 9 9 2 46 5 129 7 215 4 29
internal_value=0.0031444 -0.0105413 -0.0225333 0.00654304 0.0051248 -0.00114611 -0.00811239 0.00465408 0.0163228 0.0214927 0.0026416 0.00293983 0.00116477 0.000752024
internal_weight=240.763 30.4357 17.883 12.5527 210.327 11.6848 10.5352 208.61 30.6862 28.4832 177.924 177.426 157.824 157.152
internal_count=4236 473 183 290 3763 272 263 3754 180 134 3574 3567 3352 3348
is_linear=0
shrinkage=0.05


Tree=159
num_leaves=15
num_cat=0
split_feature=217 148 285 66 51 164 34 73 127 37 281 265 291 112
split_gain=3.68087 2.53971 2.57871 1.91039 1.83253 1.79132 1.59444 1.629 2.0162 1.61903 1.60389 2.24143 1.81769 1.69902
threshold=1.0000000180025095e-35 1.0000000180025095e-35 5.5000000000000009 1.0000000180025095e-35 1.0000000180025095e-35 1.0000000180025095e-35 1.0000000180025095e-35 1.0000000180025095e-35 1.0000000180025095e-35 1.0000000180025095e-35 1.0000000180025095e-35 1.0000000180025095e-35 1.5000000000000002 1.0000000180025095e-35
decision_type=2 2 2 2 2 2 2 2 2 2 2 2 2 2
left_child=1 3 -3 4 5 6 7 8 9 10 11 -1 13 -12
right_child=-2 2 -4 -5 -6 -7 -8 -9 -10 -11 12 -13 -14 -15
leaf_value=-0.0031772848705311219 -0.079544451021472382 -0.052196550608233611 0.026214095632389203 -0.079359410847999814 0.057648116664401006 0.02349674792115803 0.027010374197337268 -0.051646878438713545 0.053164246587187859 0.051957096507770306 0.0080177294006300234 -0.057834553029336024 -0.064324472801629951 0.083224233300758441
leaf_weight=173.73812074307352 1.4873469732701767 4.3819039356894782 1.3784004934132097 0.75247788429260154 1.3913062056526531 7.892101924866437 5.0553068993613115 1.6008763948921103 1.7030862420797337 1.4093155153095711 33.682285450398922 1.8961970219388593 0.8498784638941278 0.76810215972363849
leaf_count=3249 33 88 8 7 22 48 78 137 5 19 462 41 7 3
internal_value=-0.00113328 -0.000640147 -0.0334334 0.000178524 0.000438759 9.05636e-05 -0.000746416 -0.0013971 -0.00102128 -0.00145587 -0.00181274 -0.00376738 0.00791247 0.00969453
internal_weight=237.987 236.499 5.7603 230.739 229.987 228.595 220.703 215.648 214.047 212.344 210.935 175.634 35.3003 34.4504
internal_count=4207 4174 96 4078 4071 4049 4001 3923 3786 3781 3762 3290 472 465
is_linear=0
shrinkage=0.05


Tree=160
num_leaves=15
num_cat=0
split_feature=239 285 196 34 69 173 216 148 292 112 178 59 201 22
split_gain=2.08712 2.25985 1.93274 1.82932 1.83487 1.76894 1.69034 2.61507 1.7051 1.6248 1.87966 3.85068 3.3413 2.88691
threshold=1.0000000180025095e-35 1.5000000000000002 1.0000000180025095e-35 1.0000000180025095e-35 1.0000000180025095e-35 1.0000000180025095e-35 1.0000000180025095e-35 1.0000000180025095e-35 1.5000000000000002 1.0000000180025095e-35 1.0000000180025095e-35 1.0000000180025095e-35 1.0000000180025095e-35 1.0000000180025095e-35
decision_type=2 2 2 2 2 2 2 2 2 2 2 2 2 2
left_child=2 -2 3 4 5 6 7 9 -9 10 11 12 13 -1
right_child=1 -3 -4 -5 -6 -7 -8 8 -10 -11 -12 -13 -14 -15
leaf_value=0.033684400340097627 -0.059886708290897032 0.0079573245885219621 0.018445786644807723 0.027470024603413523 0.054258100669192559 0.052518568921270652 0.051530632184806774 -0.058875969973211033 0.0033373419542427202 0.025361617224572992 0.0028076180677516112 -0.057914108511911915 0.10811305920408365 -0.0078065312205290328
leaf_weight=4.3453520284965625 3.1078067990019909 2.0286447331309319 12.268220184836535 5.1618270007893434 1.407160561531781 1.4239232223480929 1.3914712630212296 3.4766854434274128 1.6119971415027974 4.9684130530804387 73.167901211418211 3.6423854799941173 0.64091312885284324 119.13868126110174
leaf_count=118 49 19 76 81 15 20 7 80 16 37 502 77 1 3131
internal_value=-0.00156559 -0.0330917 -0.000869542 -0.00194481 -0.00265031 -0.00302485 -0.00339724 -0.00375949 -0.039168 -0.0028844 -0.00358283 -0.00724241 -0.00575548 -0.00634648
internal_weight=237.781 5.13645 232.645 220.377 215.215 213.808 212.384 210.992 5.08868 205.904 200.935 127.767 124.125 123.484
internal_count=4229 68 4161 4085 4004 3989 3969 3962 96 3866 3829 3327 3250 3249
is_linear=0
shrinkage=0.05


Tree=161
num_leaves=15
num_cat=0
split_feature=22 293 158 176 91 271 181 275 124 183 71 286 286 271
split_gain=4.22815 2.88949 3.79275 3.48773 3.31273 4.17385 2.95461 2.94258 2.69592 2.41606 3.42555 3.62033 3.67627 4.66416
threshold=1.0000000180025095e-35 1.0000000180025095e-35 1.0000000180025095e-35 1.0000000180025095e-35 1.0000000180025095e-35 1.0000000180025095e-35 1.0000000180025095e-35 1.0000000180025095e-35 1.0000000180025095e-35 1.0000000180025095e-35 1.0000000180025095e-35 1.0000000180025095e-35 2.5000000000000004 1.0000000180025095e-35
decision_type=2 2 2 2 2 2 2 2 2 2 2 2 2 2
left_child=-1 2 3 6 5 7 9 -4 -3 10 11 -2 13 -13
right_child=1 8 4 -5 -6 -7 -8 -9 -10 -11 -12 12 -14 -15
leaf_value=-0.046616253720077182 -0.0240061020872019 0.0061670311034942721 -0.058587623562463526 0.097731726234493346 -0.06559523620757815 0.096439760377468431 0.053135828360895955 0.023446721642190353 -0.06742015370132412 0.019987223739702725 0.031051131568999413 0.010652113227318656 -0.033865473706125478 -0.027110622960581667
leaf_weight=5.234338615089654 50.041592052206397 98.235195609275252 1.2323071770369942 0.75926853530108829 1.0751738776452846 1.7959745414555079 1.8357018958777178 9.6798889022320509 1.2606106530874956 6.025894394144415 4.3206444019451729 31.90519144339487 9.19474931177683 10.994634601753203
leaf_count=137 1562 1309 32 4 23 7 8 124 20 42 19 648 132 135
internal_value=-0.00218454 -0.00116609 -0.00610823 -0.00907695 0.0186777 0.0258076 -0.00978634 0.0141826 0.00523468 -0.0108132 -0.0125566 -0.0144014 -0.00517517 0.000974044
internal_weight=233.591 228.357 128.861 115.078 13.7833 12.7082 114.318 10.9122 99.4958 112.483 106.457 102.136 52.0946 42.8998
internal_count=4202 4065 2736 2550 186 163 2546 156 1329 2538 2496 2477 915 783
is_linear=0
shrinkage=0.05


Tree=162
num_leaves=15
num_cat=0
split_feature=241 59 217 34 66 228 136 71 70 286 105 275 0 89
split_gain=3.41869 3.54342 3.3694 2.13014 1.82402 1.4755 1.43391 1.81492 2.58713 1.6489 3.92952 2.86357 2.94827 2.65892
threshold=1.0000000180025095e-35 1.0000000180025095e-35 1.0000000180025095e-35 1.0000000180025095e-35 1.0000000180025095e-35 1.0000000180025095e-35 1.0000000180025095e-35 1.0000000180025095e-35 1.0000000180025095e-35 1.0000000180025095e-35 1.0000000180025095e-35 2.5000000000000004 1.0000000180025095e-35 1.0000000180025095e-35
decision_type=2 2 2 2 2 2 2 2 2 2 2 2 2 2
left_child=2 -2 3 4 5 6 7 8 -1 10 11 12 13 -10
right_child=1 -3 -4 -5 -6 -7 -8 -9 9 -11 -12 -13 -14 -15
leaf_value=-0.072423959791196021 -0.068609831873524318 0.011980535255725922 -0.080704231493593126 0.033090007843561219 -0.077810837099874075 0.055217672943927869 -0.057097714980342079 0.028831291407406937 -0.0077338356477191436 0.0040494193251439034 0.073234119167865722 0.039952676013051358 -0.089109148136585423 0.080890225569178756
leaf_weight=1.2324636736884702 3.6221768148243418 2.1877503972500563 1.2681122627109278 5.0642298664897671 0.74495439231395622 1.227858081459998 1.0844741128385056 5.5257695885375133 85.405660706572235 121.62926066061482 1.5848766323178995 3.2431508055888107 1.1033616140484799 0.85480637103319068
leaf_count=42 35 14 32 81 7 13 28 28 2061 1825 8 32 18 4
internal_value=-0.000384364 -0.0382632 0.000572605 0.00102327 0.000297125 0.00055818 0.000255406 0.000537381 -0.000189627 0.000226732 -0.00481656 -0.00618181 -0.00789443 -0.00685561
internal_weight=235.779 5.80993 229.969 228.701 223.637 222.892 221.664 220.579 215.054 213.821 92.1919 90.607 87.3638 86.2605
internal_count=4228 49 4179 4147 4066 4059 4046 4018 3990 3948 2123 2115 2083 2065
is_linear=0
shrinkage=0.05


Tree=163
num_leaves=15
num_cat=0
split_feature=66 58 277 37 174 112 129 249 215 286 220 102 267 218
split_gain=1.80536 1.7792 2.02798 1.46797 1.392 1.38182 1.40809 1.31826 1.15916 1.14895 2.04627 1.08521 2.88682 1.06839
threshold=1.0000000180025095e-35 1.0000000180025095e-35 2.5000000000000004 1.0000000180025095e-35 1.0000000180025095e-35 1.0000000180025095e-35 1.0000000180025095e-35 1.0000000180025095e-35 1.0000000180025095e-35 2.5000000000000004 1.0000000180025095e-35 1.0000000180025095e-35 1.0000000180025095e-35 1.0000000180025095e-35
decision_type=2 2 2 2 2 2 2 2 2 2 2 2 2 2
left_child=1 2 3 4 5 6 7 8 11 10 -7 13 -13 -1
right_child=-2 -3 -4 -5 -6 9 -8 -9 -10 -11 -12 12 -14 -15
leaf_value=3.2099705292389852e-05 -0.075250326537867507 -0.030992481002767254 0.052266824934210303 0.051775334145121879 0.070502627554679675 0.039134104007895437 0.043810683470135024 -0.055845939373652058 -0.055622861473047291 0.045698849684957007 -0.064267877186580183 -0.061355237216580476 0.030461734162456441 -0.057854085587867234
leaf_weight=214.7497779824771 0.79714249074458976 4.506808713078498 1.8930442640557874 1.3768961466848839 0.69784010387956996 1.1584519036114205 1.7548246504738916 1.0963718481361855 0.96287458762526412 2.9543438358232379 0.81511847395449866 2.3260570839047423 1.3546347459778192 0.80008528754115005
leaf_count=4007 8 33 30 21 6 8 11 26 16 11 16 14 14 13
internal_value=-0.000130763 0.00012249 0.000727082 0.000302965 -6.96648e-06 -0.000222801 -0.000801417 -0.00115519 -0.000882878 0.0259662 -0.00357269 -0.000642456 -0.0275631 -0.000182764
internal_weight=237.244 236.447 231.94 230.047 228.67 227.973 223.045 221.29 220.193 4.92791 1.97357 219.231 3.68069 215.55
internal_count=4234 4226 4193 4163 4142 4136 4101 4090 4064 35 24 4048 28 4020
is_linear=0
shrinkage=0.05


Tree=164
num_leaves=15
num_cat=0
split_feature=61 267 59 104 104 285 277 18 45 252 293 178 280 286
split_gain=2.51204 2.31674 3.75249 4.77656 3.10079 3.0538 5.12896 2.43536 11.6374 2.28381 2.35514 2.096 1.85501 3.7426
threshold=1.0000000180025095e-35 1.0000000180025095e-35 1.0000000180025095e-35 1.0000000180025095e-35 1.0000000180025095e-35 1.5000000000000002 1.5000000000000002 1.0000000180025095e-35 1.0000000180025095e-35 1.0000000180025095e-35 1.0000000180025095e-35 1.0000000180025095e-35 1.0000000180025095e-35 1.0000000180025095e-35
decision_type=2 2 2 2 2 2 2 2 2 2 2 2 2 2
left_child=1 4 3 7 12 -4 -7 9 -9 10 11 -3 -1 -14
right_child=-2 2 5 -5 -6 6 -8 8 -10 -11 -12 -13 13 -15
leaf_value=0.007020837463766136 -0.026735885709583976 -0.054111862497359525 0.077821800784775907 0.053385600102150411 -0.070844032644935967 -0.070130287246375683 0.029333419086448289 0.2331208086971385 -0.05173432254886097 0.067446746849005978 -0.0099213745222903951 0.0059745826940180878 -0.042179124662270896 0.00088438442801980341
leaf_weight=147.21513351052999 8.055986403487621 11.869573675328876 1.7099252473562936 1.9998547537252296 1.3839977579191316 1.7654143273830412 4.8755870964378119 0.50054443441331264 1.2638899018056691 0.55988036282360454 6.3856618518475434 1.6535619571805007 5.7514953538775435 41.096404400654137
leaf_count=2661 95 618 15 11 32 18 31 5 36 2 158 12 48 498
internal_value=0.00070414 0.00167355 -0.0106695 -0.0206303 0.00373133 0.0182349 0.00289243 -0.027288 0.0290749 -0.0321466 -0.0349474 -0.0467647 0.00426318 -0.0044025
internal_weight=236.087 228.031 32.5839 24.233 195.447 8.35093 6.641 22.2331 1.76443 20.4687 19.9088 13.5231 194.063 46.8479
internal_count=4240 4145 906 842 3239 64 49 831 41 790 788 630 3207 546
is_linear=0
shrinkage=0.05


Tree=165
num_leaves=15
num_cat=0
split_feature=268 127 288 271 287 275 288 89 63 275 58 104 265 292
split_gain=1.90658 1.87718 1.87223 5.21427 4.99955 5.49455 4.553 3.85174 2.70492 2.62319 3.42217 2.58932 2.56504 2.60899
threshold=1.0000000180025095e-35 1.0000000180025095e-35 1.0000000180025095e-35 1.0000000180025095e-35 1.0000000180025095e-35 1.0000000180025095e-35 1.5000000000000002 1.0000000180025095e-35 1.0000000180025095e-35 2.5000000000000004 1.0000000180025095e-35 1.0000000180025095e-35 1.0000000180025095e-35 1.0000000180025095e-35
decision_type=2 2 2 2 2 2 2 2 2 2 2 2 2 2
left_child=1 2 8 4 7 12 9 -4 11 10 -5 -1 13 -6
right_child=-2 -3 3 6 5 -7 -8 -9 -10 -11 -12 -13 -14 -15
leaf_value=-0.0055075106910442376 -0.05566999733991327 0.052202524847296795 -0.012633349190365843 -0.024457810522963214 0.044422243622072088 0.0099545670863782944 0.025898559873232307 0.099683073549623288 0.084910451881386462 -0.091282685717692436 0.068982565607239685 -0.075662844720802133 -0.014925396928273944 0.10818414568628182
leaf_weight=109.00151424622163 1.587422584183513 1.6656527966260899 23.971930309897292 21.281009898055355 8.7220982676371879 46.909723958233371 5.5847506332211188 0.788431441411375 0.81789541244506736 1.3762450539506961 1.0271740555763234 1.3313004127703596 1.4404530189931399 1.9659226061776287
leaf_count=2018 48 5 750 309 151 782 42 5 3 16 2 28 26 29
internal_value=-0.00106518 -0.000681442 -0.0010743 0.00345572 0.00980149 0.0177106 -0.0147124 -0.00905692 -0.00568246 -0.0242884 -0.0201554 -0.00635402 0.047709 0.0561504
internal_weight=227.472 225.884 224.218 113.068 83.7986 59.0382 29.2692 24.7604 111.151 23.6844 22.3082 110.333 12.1285 10.688
internal_count=4214 4166 4161 2112 1743 988 369 755 2049 327 311 2046 206 180
is_linear=0
shrinkage=0.05


Tree=166
num_leaves=15
num_cat=0
split_feature=146 287 286 265 108 187 287 266 281 288 292 286 59 145
split_gain=3.09613 4.42639 4.84392 3.21261 2.26424 1.87838 1.80363 5.18996 5.15187 3.18764 3.12158 3.49445 10.8967 14.2077
threshold=1.0000000180025095e-35 1.0000000180025095e-35 3.5000000000000004 1.0000000180025095e-35 1.0000000180025095e-35 1.0000000180025095e-35 1.0000000180025095e-35 1.0000000180025095e-35 1.0000000180025095e-35 1.0000000180025095e-35 1.0000000180025095e-35 1.0000000180025095e-35 1.0000000180025095e-35 1.0000000180025095e-35
decision_type=2 2 2 2 2 2 2 2 2 2 2 2 2 2
left_child=3 -2 -3 4 6 -5 7 10 -9 -8 11 -1 13 -13
right_child=1 2 -4 5 -6 -7 9 8 -10 -11 -12 12 -14 -15
leaf_value=0.0020085654579504991 0.043315731037536179 -0.039412046936848862 0.063890928759625765 0.042002355717671247 -0.053514466939600484 -0.047136336478456747 -0.0032528918959882133 -0.050841100105411478 0.0077600875340922571 0.014817835848747535 -0.089709526649780297 -0.045836663347789547 0.26459991160226659 0.10023985517169083
leaf_weight=78.206682585645467 2.3810417223721769 12.944155582226811 1.2438205461949099 0.67745470162481058 1.7200330598279823 4.6313791531138113 37.243760863784701 9.3104089645203185 6.2805189995560786 70.786433294648305 0.87755173165351052 3.601349592790938 0.49583031237125386 3.0952021842822433
leaf_count=1708 17 167 7 7 62 95 399 368 50 1029 18 212 2 31
internal_value=0.00106397 -0.0197688 -0.0303558 0.0026552 0.00361895 -0.0357614 0.00408714 -0.000685892 -0.0272347 0.00858789 0.0041117 0.0050758 0.0384275 0.0216811
internal_weight=233.496 16.569 14.188 216.927 211.618 5.30883 209.898 101.868 15.5909 108.03 86.2766 85.3991 7.19238 6.69655
internal_count=4172 191 174 3981 3879 102 3817 2389 418 1428 1971 1953 245 243
is_linear=0
shrinkage=0.05


Tree=167
num_leaves=15
num_cat=0
split_feature=158 288 271 124 104 124 58 281 264 57 18 75 277 112
split_gain=3.71344 3.59599 6.80098 2.76042 2.26726 3.03478 4.80479 3.28121 2.2541 2.23716 2.16935 3.2776 2.13552 2.04062
threshold=1.0000000180025095e-35 1.0000000180025095e-35 1.0000000180025095e-35 1.0000000180025095e-35 1.0000000180025095e-35 1.0000000180025095e-35 1.0000000180025095e-35 1.5000000000000002 1.0000000180025095e-35 1.0000000180025095e-35 1.0000000180025095e-35 1.0000000180025095e-35 1.0000000180025095e-35 1.0000000180025095e-35
decision_type=2 2 2 2 2 2 2 2 2 2 2 2 2 2
left_child=3 2 -2 9 5 6 7 10 -5 13 11 -3 -10 -1
right_child=1 4 -4 8 -6 -7 -8 -9 12 -11 -12 -13 -14 -15
leaf_value=8.2439172804595585e-05 -0.070711494463004898 -0.054091820067287293 0.016091812672376426 -0.017470876078454455 0.042439186568410579 0.042974119727359268 0.067608106094747419 0.063650911980121724 -0.053863499757866709 -0.034161184922860459 -0.12685944011648922 0.056782406190439519 -0.22495818670744785 0.033510557318615943
leaf_weight=194.93376463616733 7.1544010057114065 5.3975896872580016 3.2961275028064847 1.1998799534048874 2.1905918540433058 1.9593144683167345 1.1918833702802656 0.6907836478203534 0.41897906782105554 4.6652663722634307 0.82240184769034375 0.76046274602413166 0.32295817136764526 4.6748916702345005
leaf_count=3608 140 129 20 46 14 20 3 4 31 118 10 3 7 37
internal_value=-0.00264317 -0.021491 -0.0433335 -0.00049863 -0.00394968 -0.0133393 -0.0257882 -0.0402992 -0.059832 6.53895e-05 -0.0505861 -0.0403999 -0.128339 0.000865335
internal_weight=229.679 23.4636 10.4505 206.216 13.013 10.8224 8.86312 7.67124 1.94182 204.274 6.98045 6.15805 0.741937 199.609
internal_count=4190 343 160 3847 183 169 149 146 84 3763 142 132 38 3645
is_linear=0
shrinkage=0.05


Tree=168
num_leaves=15
num_cat=0
split_feature=104 275 292 98 217 127 158 187 22 143 286 124 264 277
split_gain=3.93511 1.73419 1.89448 1.89183 1.69814 1.80594 1.58923 5.52819 3.98365 3.57393 2.74694 2.27439 2.49394 3.88427
threshold=1.0000000180025095e-35 2.5000000000000004 1.0000000180025095e-35 1.0000000180025095e-35 1.0000000180025095e-35 1.0000000180025095e-35 1.0000000180025095e-35 1.0000000180025095e-35 1.0000000180025095e-35 1.0000000180025095e-35 1.0000000180025095e-35 1.0000000180025095e-35 1.0000000180025095e-35 1.0000000180025095e-35
decision_type=2 2 2 2 2 2 2 2 2 2 2 2 2 2
left_child=1 4 -3 -4 5 6 11 10 -9 -10 -8 -1 -13 -14
right_child=-2 2 3 -5 -6 -7 7 8 9 -11 -12 12 13 -15
leaf_value=0.0011625800419993026 -0.071623084901520098 0.042354052425049422 -0.0035827154041486869 0.056145478115928932 -0.058936121559949484 0.050960060131342161 0.073460914750826486 0.068068167832913973 -0.044981524365113656 0.079892751057936459 -0.019954051689716562 -0.0071006010123821463 -0.053818236116889739 -0.31733923410181342
leaf_weight=192.24104775965679 1.89848550595343 4.9318329198285928 9.268335254862901 1.5470484271645553 1.2369779478758562 1.7122459616512049 2.2346694543957724 0.94457795657217403 11.254948245361446 0.60371625423431474 1.2147613065317271 0.98427022155374178 0.47006791504099965 0.19904916733503342
leaf_count=3598 39 67 90 21 32 6 15 7 239 1 13 38 32 7
internal_value=6.56252e-05 0.000660355 0.016672 0.00496089 -0.000522858 -0.000181802 -0.000598498 -0.0156168 -0.0307529 -0.0386243 0.0405636 0.000660371 -0.0577319 -0.132211
internal_weight=230.742 228.844 15.7472 10.8154 213.096 211.859 210.147 16.2527 12.8032 11.8587 3.44943 193.894 1.65339 0.669117
internal_count=4205 4166 178 111 3988 3956 3950 275 247 240 28 3675 77 39
is_linear=0
shrinkage=0.05


Tree=169
num_leaves=15
num_cat=0
split_feature=61 241 39 288 241 278 136 71 70 249 237 230 59 178
split_gain=1.82873 2.03286 2.29275 3.58659 2.01032 3.57793 1.54903 1.81036 2.94179 1.47592 1.43303 1.43436 1.31172 2.32324
threshold=1.0000000180025095e-35 1.0000000180025095e-35 1.0000000180025095e-35 1.0000000180025095e-35 1.0000000180025095e-35 1.5000000000000002 1.0000000180025095e-35 1.0000000180025095e-35 1.0000000180025095e-35 1.0000000180025095e-35 1.0000000180025095e-35 1.0000000180025095e-35 1.0000000180025095e-35 1.0000000180025095e-35
decision_type=2 2 2 2 2 2 2 2 2 2 2 2 2 2
left_child=4 2 3 -2 6 -6 7 8 -1 10 11 12 -10 -14
right_child=1 -3 -4 -5 5 -7 -8 -9 9 -11 -12 -13 13 -15
leaf_value=-0.060943134870579785 -0.055688190643373985 0.017179932732592103 -0.056211284529510686 0.082651228980610489 -0.061754074990182165 0.031214771773236439 -0.049987888858668145 0.038187571527940049 0.0089153616782350811 -0.057618509887190063 -0.047041259220871504 -0.052678376333007516 -0.040815969319171579 0.0025531294809888394
leaf_weight=1.6398755591362704 0.97439269721507826 2.7830901481211185 3.9788914304226637 0.90245186910033226 2.8325372450053683 1.630684360861778 1.2239855034276832 4.3944713147357097 175.98250830476172 0.89988536108285089 1.2401853124611069 1.0067166499793518 3.416268032975494 32.133368537761271
leaf_count=43 20 17 57 8 33 7 28 23 3584 21 64 21 78 185
internal_value=0.00457575 -0.0180023 -0.0347236 0.0108302 0.00543726 -0.0277869 0.00610541 0.00641648 0.00577106 0.00628067 0.00654965 0.00686236 0.00714572 -0.00161458
internal_weight=235.039 8.63883 5.85574 1.87684 226.4 4.46322 221.937 220.713 216.319 214.679 213.779 212.539 211.532 35.5496
internal_count=4189 102 85 28 4087 40 4047 4019 3996 3953 3932 3868 3847 263
is_linear=0
shrinkage=0.05


Tree=170
num_leaves=15
num_cat=0
split_feature=216 59 235 145 285 275 288 233 61 148 203 52 275 217
split_gain=2.40727 2.49003 5.24313 4.50783 3.51704 3.37722 2.48222 2.13423 2.27759 2.09705 1.87642 1.76136 1.70012 3.14086
threshold=1.0000000180025095e-35 1.0000000180025095e-35 1.0000000180025095e-35 1.0000000180025095e-35 5.5000000000000009 2.5000000000000004 1.5000000000000002 1.0000000180025095e-35 1.0000000180025095e-35 1.0000000180025095e-35 1.0000000180025095e-35 1.0000000180025095e-35 2.5000000000000004 1.0000000180025095e-35
decision_type=2 2 2 2 2 2 2 2 2 2 2 2 2 2
left_child=1 6 -3 4 5 -4 7 8 9 10 12 -8 13 -1
right_child=-2 2 3 -5 -6 -7 11 -9 -10 -11 -12 -13 -14 -15
leaf_value=0.0055651851219751906 -0.10337065643981302 -0.051956463190946406 -0.047883059829987799 0.055977164666212068 0.0076443229905696812 0.015193306050199244 -0.031751011162048842 0.027175219497388509 -0.051363781184428442 -0.041817582908010846 -0.037564900837150278 0.050451292445062683 0.031883954056142881 -0.086004046637752601
leaf_weight=163.58096422394738 0.54179398342966933 6.1808809647336593 7.5660546794533765 3.0798745844513169 14.767720643430948 2.9493170278146863 6.787148402654565 10.67195802554488 1.8284110818058241 2.3866773126646867 2.5076390691101542 0.72087431326508511 6.1180906733497968 0.94185140822082658
leaf_count=3420 11 128 60 21 59 24 149 65 41 57 23 45 87 26
internal_value=0.00189942 0.00214731 -0.0102282 -0.00113472 -0.00809184 -0.0301916 0.0043335 0.00545917 0.00415252 0.00473079 0.00537241 -0.0238584 0.00600339 0.00504097
internal_weight=230.629 230.087 34.5438 28.363 25.2831 10.5154 195.544 188.036 177.364 175.535 173.149 7.50802 170.641 164.523
internal_count=4216 4205 292 164 143 84 3913 3719 3654 3613 3556 194 3533 3446
is_linear=0
shrinkage=0.05


Tree=171
num_leaves=15
num_cat=0
split_feature=239 231 105 280 165 288 219 51 265 286 275 217 205 145
split_gain=3.03127 2.41292 2.42752 1.89541 6.8541 4.90521 2.97549 2.59732 2.48469 2.38059 2.36512 5.35699 4.16245 3.98167
threshold=1.0000000180025095e-35 1.0000000180025095e-35 1.0000000180025095e-35 1.0000000180025095e-35 1.0000000180025095e-35 1.0000000180025095e-35 1.0000000180025095e-35 1.0000000180025095e-35 1.0000000180025095e-35 1.0000000180025095e-35 2.5000000000000004 1.0000000180025095e-35 1.0000000180025095e-35 1.0000000180025095e-35
decision_type=2 2 2 2 2 2 2 2 2 2 2 2 2 2
left_child=1 2 3 4 6 9 8 -6 10 -5 11 12 13 -1
right_child=-2 -3 -4 5 7 -7 -8 -9 -10 -11 -12 -13 -14 -15
leaf_value=0.004053519452210449 -0.036206552918364235 0.061074518474143927 -0.060605086023531443 -0.085256157842990482 -0.052589000540367005 0.0063748949177003722 -0.071140260522611201 0.057654968440301636 -0.045117233096990048 -0.020645388743708894 0.034573695387729635 -0.11965161824293746 -0.054511942342990352 0.023019009133101245
leaf_weight=111.96501032216474 5.1783364126458755 1.7437984030693758 1.5362994614988554 1.550019128248098 6.4319584532640866 30.478625484975055 1.2080512605607499 0.58266174793243397 2.203089182265102 17.769152762368321 8.1581100388430041 0.83113747462630172 2.6472024600952855 36.760356554295868
leaf_count=2520 68 12 23 21 157 525 16 2 60 175 84 25 43 475
internal_value=0.00161345 0.00248829 0.00202835 0.00246457 0.00496728 -0.00611878 0.00704027 -0.0434317 0.00762124 -0.0258293 0.00834578 0.00693996 0.00763504 0.00874121
internal_weight=229.044 223.865 222.122 220.585 170.788 49.7978 163.773 7.01462 162.565 19.3192 160.362 152.204 151.373 148.725
internal_count=4206 4138 4126 4103 3382 721 3223 159 3207 196 3147 3063 3038 2995
is_linear=0
shrinkage=0.05


Tree=172
num_leaves=15
num_cat=0
split_feature=233 52 234 89 146 201 196 158 271 288 287 11 277 288
split_gain=2.31218 2.08117 4.77143 2.22198 2.1899 2.15691 2.10531 2.26184 2.84213 3.96909 2.69691 3.29246 2.67082 5.07097
threshold=1.0000000180025095e-35 1.0000000180025095e-35 1.0000000180025095e-35 1.0000000180025095e-35 1.0000000180025095e-35 1.0000000180025095e-35 1.0000000180025095e-35 1.0000000180025095e-35 1.0000000180025095e-35 1.5000000000000002 1.0000000180025095e-35 1.0000000180025095e-35 1.0000000180025095e-35 1.0000000180025095e-35
decision_type=2 2 2 2 2 2 2 2 2 2 2 2 2 2
left_child=1 3 -3 4 5 6 7 8 -1 10 11 -10 -9 -14
right_child=-2 2 -4 -5 -6 -7 -8 12 9 -11 -12 -13 13 -15
leaf_value=-0.0053820423138648404 0.013783700585642678 0.030514374179384671 -0.18660190844773067 -0.06728820706379024 0.014388410842327474 0.036651271945544253 0.016275995517583273 0.020849663500132259 -0.030069643451507994 0.018235827851052298 -0.064676063926532468 0.078590686199634219 -0.077922479702651246 0.020177683715306451
leaf_weight=122.16719903005287 28.51926888152957 7.8039352837949973 0.2615285925567149 1.3121849298477162 18.440003470517695 3.2470132932066909 11.4085077047348 14.656864506658168 8.5212161384988576 3.9839992965571573 5.7852963223122051 0.75925437454134304 2.2377615971490732 3.2026551309973001
leaf_count=2673 139 497 11 13 142 12 40 195 211 29 142 7 41 38
internal_value=0.000449427 -0.00141665 0.0234742 -0.00244238 -0.00200469 -0.00372254 -0.00448153 -0.00594955 -0.00818306 -0.0261462 -0.0378826 -0.0211799 0.00974465 -0.020173
internal_weight=232.307 203.787 8.06546 195.722 194.41 175.97 172.723 161.314 141.217 19.0498 15.0658 9.28047 20.0973 5.44042
internal_count=4190 4051 508 3543 3530 3388 3376 3336 3062 389 360 218 274 79
is_linear=0
shrinkage=0.05


Tree=173
num_leaves=15
num_cat=0
split_feature=124 234 271 52 187 266 288 287 237 69 168 285 271 80
split_gain=4.40544 1.46472 4.93722 1.81877 2.12476 2.98519 4.14905 1.57894 1.38737 1.34648 1.5406 1.31684 6.04936 3.19339
threshold=1.0000000180025095e-35 1.0000000180025095e-35 1.0000000180025095e-35 1.0000000180025095e-35 1.0000000180025095e-35 1.0000000180025095e-35 1.0000000180025095e-35 1.0000000180025095e-35 1.0000000180025095e-35 1.0000000180025095e-35 1.0000000180025095e-35 4.5000000000000009 1.0000000180025095e-35 1.0000000180025095e-35
decision_type=2 2 2 2 2 2 2 2 2 2 2 2 2 2
left_child=1 3 7 8 5 6 -5 -3 9 10 11 12 13 -1
right_child=-2 2 -4 4 -6 -7 -8 -9 -10 -11 -12 -13 -14 -15
leaf_value=0.0033512620891427633 -0.058715409099593253 -0.087285166415271412 0.06600380307106217 0.050282803931969225 0.036093330603966862 0.050404938144322758 -0.2340570898692963 0.012111579196425337 -0.053231067486563005 0.054921977936683852 -0.066081675933860592 0.0089829233781594207 -0.025291833165638128 -0.076918134535346669
leaf_weight=147.93715604825411 3.0132405236363402 0.87043253146111854 3.1485361033119261 0.21135426498949506 6.5386479094158849 0.46770965401083231 0.32646753173321486 0.73854258470237255 1.185391776729374 1.1519610080867995 0.85962798912078042 41.482543958351016 22.20785073377192 1.2495233044028271
leaf_count=2859 110 10 29 15 446 27 14 12 64 12 16 228 366 12
internal_value=0.00134681 0.00213929 0.029592 0.00155523 0.0256876 -0.0419775 -0.122317 -0.0416606 0.00071265 0.00101022 0.000719655 0.000989409 -0.000945258 0.00267896
internal_weight=231.389 228.376 4.75751 223.618 7.54418 1.00553 0.537822 1.60898 216.074 214.889 213.737 212.877 171.395 149.187
internal_count=4220 4110 51 4059 502 56 29 22 3557 3493 3481 3465 3237 2871
is_linear=0
shrinkage=0.05


Tree=174
num_leaves=15
num_cat=0
split_feature=136 176 237 172 163 149 69 95 73 277 168 104 239 285
split_gain=1.4548 1.44761 1.26755 1.23291 1.21763 1.18339 1.16593 1.14079 1.15004 1.20417 1.14148 1.09725 1.10733 1.16905
threshold=1.0000000180025095e-35 1.0000000180025095e-35 1.0000000180025095e-35 1.0000000180025095e-35 1.0000000180025095e-35 1.0000000180025095e-35 1.0000000180025095e-35 1.0000000180025095e-35 1.0000000180025095e-35 1.0000000180025095e-35 1.0000000180025095e-35 1.0000000180025095e-35 1.0000000180025095e-35 1.5000000000000002
decision_type=2 2 2 2 2 2 2 2 2 2 2 2 2 2
left_child=1 2 3 4 5 6 7 8 10 -10 11 12 -1 -14
right_child=-2 -3 -4 -5 -6 -7 -8 -9 9 -11 -12 -13 13 -15
leaf_value=0.0071748640263659029 -0.049343408811953371 -0.036721051547136334 -0.043797305416094584 0.054795509957631043 -0.049443475711834828 -0.055032344000411897 0.054394258664523715 -0.058996421494314583 -0.055508474439560064 0.043059601949980889 -0.058614514056112281 -0.025380428902691862 -0.03180597797172794 0.010292557901140089
leaf_weight=213.70081680826843 1.2440403280779708 2.0736250514164558 1.3102690388914187 1.262490628287195 1.0131606883369375 0.80478295357897778 1.2229825444519509 0.68474859744310279 1.4194779198151071 0.3963770456612109 0.68228030204772849 2.7242939290590575 3.7837401628494254 2.9229896673932672
leaf_count=3720 29 20 68 13 38 24 13 12 133 7 11 43 51 18
internal_value=0.0045831 0.0048698 0.00524165 0.00552027 0.00524903 0.00549171 0.00570577 0.00544267 0.00563823 -0.0339924 0.00595976 0.00615721 0.00654703 -0.0134582
internal_weight=235.246 234.002 231.928 230.618 229.356 228.342 227.538 226.315 225.63 1.81585 223.814 223.132 220.408 6.70673
internal_count=4200 4171 4151 4083 4070 4032 4008 3995 3983 140 3843 3832 3789 69
is_linear=0
shrinkage=0.05


Tree=175
num_leaves=15
num_cat=0
split_feature=282 137 172 37 164 145 187 52 292 282 205 183 277 22
split_gain=1.91476 1.49464 1.40566 1.31586 1.3141 1.37394 4.01634 2.9206 2.88631 2.9713 2.59227 2.30151 2.17659 2.16514
threshold=1.5000000000000002 1.0000000180025095e-35 1.0000000180025095e-35 1.0000000180025095e-35 1.0000000180025095e-35 1.0000000180025095e-35 1.0000000180025095e-35 1.0000000180025095e-35 1.0000000180025095e-35 1.0000000180025095e-35 1.0000000180025095e-35 1.0000000180025095e-35 1.0000000180025095e-35 1.0000000180025095e-35
decision_type=2 2 2 2 2 2 2 2 2 2 2 2 2 2
left_child=1 2 3 4 5 7 8 10 12 -10 -1 -9 -7 -8
right_child=-2 -3 -4 -5 -6 6 13 11 9 -11 -12 -13 -14 -15
leaf_value=-0.0065167142507939913 0.064831434874711977 -0.046280298836814018 0.054665787857857751 0.051438258267269027 0.018958495440271051 -0.041564106216780847 0.089189138925175659 0.042891394420156791 -0.035582973732590742 0.056887178805238782 0.06685626668661121 -0.15714758095808035 -0.13332358775040296 0.006753807595662434
leaf_weight=141.19563043210655 1.1103670708835114 1.8070002198219288 1.1436713095754374 1.1943061817437399 7.8164276676252475 2.4249685308896001 0.80677096825092931 4.1465389071963719 2.388425032608211 1.3653302900493147 1.2141353785991658 0.14895322453230608 0.88108962913975108 62.708252229262143
leaf_count=2841 9 45 14 22 58 43 5 276 32 7 3 4 20 775
internal_value=-0.000669071 -0.000986333 -0.000626466 -0.000905912 -0.00118364 -0.00190823 0.00382425 -0.00466593 -0.0319526 -0.00194938 -0.00589116 0.0359547 -0.0660187 0.00780091
internal_weight=230.352 229.242 227.434 226.291 225.097 217.28 70.5748 146.705 7.05981 3.75376 142.41 4.29549 3.30606 63.515
internal_count=4154 4145 4100 4086 4064 4006 882 3124 102 39 2844 280 63 780
is_linear=0
shrinkage=0.05


Tree=176
num_leaves=15
num_cat=0
split_feature=57 89 105 286 196 201 233 22 34 137 285 271 282 178
split_gain=6.04847 2.16684 1.59059 1.73064 2.50134 2.2935 2.98063 2.48622 2.65865 2.53878 2.0662 3.9837 2.96598 2.67066
threshold=1.0000000180025095e-35 1.0000000180025095e-35 1.0000000180025095e-35 1.0000000180025095e-35 1.0000000180025095e-35 1.0000000180025095e-35 1.0000000180025095e-35 1.0000000180025095e-35 1.0000000180025095e-35 1.0000000180025095e-35 1.0000000180025095e-35 1.0000000180025095e-35 1.0000000180025095e-35 1.0000000180025095e-35
decision_type=2 2 2 2 2 2 2 2 2 2 2 2 2 2
left_child=1 2 3 4 5 6 7 -1 9 10 11 -9 13 -12
right_child=-2 -3 -4 -5 -6 -7 -8 8 -10 -11 12 -13 -14 -15
leaf_value=0.034331173789013555 -0.058931001817445698 -0.062768257940812741 0.044063927035367871 0.0043607579481880791 0.092863852830218377 -0.11721672240684432 0.017942831704107619 -0.013874549284641489 0.040075953072844922 0.064404999293995888 0.0046077075140663996 -0.062352097086085273 0.032871216062383128 -0.032996043089653551
leaf_weight=3.3188270698301485 4.3908275226131073 1.3521829349920143 2.0964851938188067 119.08941396861337 0.65402920637279649 0.45518705248832603 12.629112218506632 47.937209333991632 2.5855958424508563 1.0879261642694462 12.610747355502104 4.6488201608881345 5.2031245762482277 7.5476482212543479
leaf_count=94 136 16 21 1777 3 3 57 1549 36 21 162 155 45 91
internal_value=-0.000820873 0.00033253 0.000720605 0.000303332 -0.00459336 -0.0052436 -0.00472122 -0.00809097 -0.00981592 -0.0114481 -0.0125068 -0.0181602 -0.000784766 -0.00947178
internal_weight=225.607 221.216 219.864 217.768 98.6782 98.0242 97.569 84.9399 81.6211 79.0355 77.9475 52.586 25.3615 20.1584
internal_count=4166 4030 4014 3993 2216 2213 2210 2153 2059 2023 2002 1704 298 253
is_linear=0
shrinkage=0.05


Tree=177
num_leaves=15
num_cat=0
split_feature=158 124 142 157 286 105 275 282 196 0 1 291 282 267
split_gain=1.80058 2.72867 1.85289 2.35584 2.0824 3.31045 2.89059 3.98468 4.36355 2.38248 1.89848 3.76565 2.93062 2.22566
threshold=1.0000000180025095e-35 1.0000000180025095e-35 1.0000000180025095e-35 1.0000000180025095e-35 1.0000000180025095e-35 1.0000000180025095e-35 2.5000000000000004 1.0000000180025095e-35 1.0000000180025095e-35 1.0000000180025095e-35 1.0000000180025095e-35 1.5000000000000002 1.0000000180025095e-35 1.0000000180025095e-35
decision_type=2 2 2 2 2 2 2 2 2 2 2 2 2 2
left_child=1 2 4 -4 5 6 7 9 -9 -1 11 13 -12 -6
right_child=-2 -3 3 -5 10 -7 -8 8 -10 -11 12 -13 -14 -15
leaf_value=0.00015112884780320868 -0.012649210650576765 -0.062572866696597798 -0.047986346351931337 0.06825133527588885 0.01414450396547353 0.098465917213585788 0.049653009902710821 -0.045605404532816418 0.089122246584732792 -0.086741935157078759 -0.054901278107355039 -0.11131618939999266 0.020601304306540901 -0.0047258907291246512
leaf_weight=75.922481627436355 21.62685475917533 1.5968982428312291 3.183034571819007 0.50507289171218861 83.202785089146346 0.81310126557946105 2.5425286367535582 8.3549164785072172 0.64756989199668247 0.79714242741465469 2.8726652562618247 0.63730380684137244 2.3257387951016426 19.238653146778233
leaf_count=1864 333 78 87 1 1040 6 25 146 3 16 28 5 14 526
internal_value=0.00106464 0.00252826 0.00304536 -0.032068 0.00370155 -0.001961 -0.00288614 -0.00444445 -0.0359141 -0.000751719 0.00836003 0.00984684 -0.0211218 0.0106006
internal_weight=224.267 202.64 201.043 3.68811 197.355 89.0777 88.2646 85.7221 9.00249 76.7196 108.277 103.079 5.1984 102.441
internal_count=4172 3839 3761 88 3673 2060 2054 2029 149 1880 1613 1571 42 1566
is_linear=0
shrinkage=0.05


Tree=178
num_leaves=15
num_cat=0
split_feature=76 127 280 278 277 265 157 158 147 287 178 16 285 129
split_gain=1.3924 1.28397 1.37344 4.28929 2.03524 1.97771 2.26847 1.84349 1.78697 2.5233 2.75247 2.03894 1.60829 1.53537
threshold=1.0000000180025095e-35 1.0000000180025095e-35 1.0000000180025095e-35 1.0000000180025095e-35 1.0000000180025095e-35 1.0000000180025095e-35 1.0000000180025095e-35 1.0000000180025095e-35 1.0000000180025095e-35 1.5000000000000002 1.0000000180025095e-35 1.0000000180025095e-35 2.5000000000000004 1.0000000180025095e-35
decision_type=2 2 2 2 2 2 2 2 2 2 2 2 2 2
left_child=1 2 5 7 -5 8 -7 -4 11 10 -10 13 -6 -1
right_child=-2 -3 3 4 12 6 -8 -9 9 -11 -12 -13 -14 -15
leaf_value=0.0036602030057998184 0.056525543310388615 0.043919081266272877 -0.010585693588535007 0.05019449400235685 -0.042453661352620742 -0.048742638603283296 0.067047214685157383 -0.052293927669216235 0.18418237792242764 4.9834203340254781e-05 0.022366955352313544 -0.05570090191982327 0.014938919120224971 0.060462200798263505
leaf_weight=160.99728085636161 1.1527796853333701 1.7648276388645161 40.77596175740473 3.7209698846563688 1.4153229543007899 3.1398231615312393 0.48884782195091236 2.8334350381046525 0.53705735038965852 1.2575074099004269 0.51461544819176197 1.438988142646848 8.874579356517641 1.198525434359907
leaf_count=3220 14 6 590 18 42 85 1 56 11 14 9 37 67 10
internal_value=0.00171195 0.00143597 0.00110596 -0.00556315 0.0185044 0.00337211 -0.0331436 -0.0132956 0.00417059 0.047848 0.105001 0.00355423 0.00704487 0.00407993
internal_weight=230.111 228.958 227.193 57.6203 14.0109 169.573 3.62867 43.6094 165.944 2.30918 1.05167 163.635 10.2899 162.196
internal_count=4180 4166 4160 773 127 3387 86 646 3301 34 20 3267 109 3230
is_linear=0
shrinkage=0.05


Tree=179
num_leaves=15
num_cat=0
split_feature=96 203 268 66 69 75 172 174 287 215 228 267 104 287
split_gain=2.06219 1.7092 1.54477 1.46524 1.29801 1.2753 1.23745 1.24273 1.19762 1.19672 1.09713 1.08857 3.55973 3.05856
threshold=1.0000000180025095e-35 1.0000000180025095e-35 1.0000000180025095e-35 1.0000000180025095e-35 1.0000000180025095e-35 1.0000000180025095e-35 1.0000000180025095e-35 1.0000000180025095e-35 2.5000000000000004 1.0000000180025095e-35 1.0000000180025095e-35 1.0000000180025095e-35 1.0000000180025095e-35 1.5000000000000002
decision_type=2 2 2 2 2 2 2 2 2 2 2 2 2 2
left_child=1 2 3 4 5 6 7 8 9 10 11 -1 13 -13
right_child=-2 -3 -4 -5 -6 -7 -8 -9 -10 -11 -12 12 -14 -15
leaf_value=0.0030337270437032489 -0.073134731241162973 -0.035882194660845967 -0.052248927637770441 -0.074529909979195272 0.054041757282044904 0.042075538276562484 0.054286476139106359 0.069867682898108671 -0.055247085167542467 -0.058991732600662851 0.055716662859812693 -0.020711956740300699 0.058960266261758591 0.019908999312837336
leaf_weight=187.94440442696214 0.92943675769492884 3.0187171129509798 1.3051644200459112 0.61878952011465926 1.2156685991212715 1.9908429235219944 1.1206329828128208 0.66485197748988767 0.92892896756529708 0.81065894849598308 0.94193098228424688 21.431185824330903 1.8935671309009183 5.9124292908236376
leaf_count=3145 11 27 51 6 15 9 13 6 17 13 9 753 10 95
internal_value=0.00119245 0.00149307 0.00199058 0.00230455 0.00251599 0.00223591 0.00187807 0.00161175 0.00140535 0.00164572 0.00187108 0.00163755 -0.00733744 -0.0119286
internal_weight=230.727 229.798 226.779 225.474 224.855 223.639 221.649 220.528 219.863 218.934 218.124 217.182 29.2372 27.3436
internal_count=4180 4169 4142 4091 4085 4070 4061 4048 4042 4025 4012 4003 858 848
is_linear=0
shrinkage=0.05


Tree=180
num_leaves=15
num_cat=0
split_feature=52 96 187 59 57 64 80 237 108 70 70 183 66 58
split_gain=2.87285 2.29369 2.42139 2.8464 2.46966 2.32571 2.21637 1.97902 1.85133 1.81022 1.772 1.83819 1.70336 1.59417
threshold=1.0000000180025095e-35 1.0000000180025095e-35 1.0000000180025095e-35 1.0000000180025095e-35 1.0000000180025095e-35 1.0000000180025095e-35 1.0000000180025095e-35 1.0000000180025095e-35 1.0000000180025095e-35 1.0000000180025095e-35 1.0000000180025095e-35 1.0000000180025095e-35 1.0000000180025095e-35 1.0000000180025095e-35
decision_type=2 2 2 2 2 2 2 2 2 2 2 2 2 2
left_child=1 2 3 4 5 7 -5 -1 9 -4 -2 -12 13 -11
right_child=10 -3 8 6 -6 -7 -8 -9 -10 12 11 -13 -14 -15
leaf_value=0.020808034239400072 -0.12585082422690722 -0.080129618448852524 -0.053324802245702477 -0.066980532800117537 0.10754803892268849 -0.065839315853537986 0.015547614195984761 -0.05302596621639033 -0.055385145526987617 0.00089996905135547817 0.038402466852384555 -0.12596799799936823 -0.068705746507715812 -0.040955522216325334
leaf_weight=28.295632122783001 0.17543631512671698 0.86698744772002001 1.6033909120596934 1.8424219330772749 0.75653161108493705 0.84215094521641631 1.4568071942776442 0.93764001410454412 1.5452350224368263 180.22625062637962 7.7648825771175307 0.17390127852559079 0.89681759104132552 2.3040284197777501
leaf_count=349 7 12 43 25 5 10 14 57 53 3058 517 3 10 21
internal_value=0.00210759 0.00103749 0.00135634 0.013601 0.0183243 0.0160799 -0.0305394 0.0184399 -0.000883634 -0.000428479 0.0313284 0.0348019 3.39036e-05 0.000371639
internal_weight=229.688 221.574 220.707 34.1312 30.832 30.0754 3.29923 29.2333 186.576 185.03 8.11422 7.93878 183.427 182.53
internal_count=4184 3657 3645 460 421 416 39 406 3185 3132 527 520 3089 3079
is_linear=0
shrinkage=0.05


Tree=181
num_leaves=15
num_cat=0
split_feature=61 4 165 280 196 91 275 277 51 278 267 104 293 178
split_gain=1.73087 1.73712 2.99435 3.93079 2.51592 4.43784 4.11853 2.50324 2.49187 2.14057 2.10233 4.29961 5.90647 3.09029
threshold=1.0000000180025095e-35 1.0000000180025095e-35 1.0000000180025095e-35 1.0000000180025095e-35 1.0000000180025095e-35 1.0000000180025095e-35 1.5000000000000002 1.0000000180025095e-35 1.0000000180025095e-35 1.5000000000000002 1.0000000180025095e-35 1.0000000180025095e-35 1.0000000180025095e-35 1.0000000180025095e-35
decision_type=2 2 2 2 2 2 2 2 2 2 2 2 2 2
left_child=1 2 9 8 5 -3 -7 -5 -4 10 -1 12 13 -12
right_child=-2 4 3 7 -6 6 -8 -9 -10 -11 11 -13 -14 -15
leaf_value=0.0046094912244296592 -0.024493455909264258 -0.031197368935063266 -0.052380066637551619 0.077185155848275885 0.0067307436166683839 0.16132617176261074 -0.019575979136702455 -0.0094937569876419117 0.057065353652197386 0.051427050585011361 -0.053712663376936767 0.063050292818039685 0.007789372167749495 0.020040046855071134
leaf_weight=153.37869321415201 7.6076790615916243 15.709348149364814 7.017992159817366 1.2127210777252915 11.020031613763424 0.59874002449214525 0.66303989989683032 2.6597915906459093 0.56170568801462639 2.2565086367540053 9.5943992937682214 1.8149786219000805 11.836304449476302 1.6671020463109023
leaf_count=2663 96 332 163 3 73 16 32 30 3 22 549 9 187 11
internal_value=-0.00104612 -0.000235269 0.00146118 -0.0233314 -0.0118718 -0.0239511 0.0662657 0.0176507 -0.0442694 0.00303378 0.00242131 -0.0110505 -0.0168732 -0.0427946
internal_weight=227.599 219.991 192 11.4522 27.9912 16.9711 1.26178 3.87251 7.5797 180.548 178.291 24.9128 23.0978 11.2615
internal_count=4189 4093 3640 199 453 380 48 33 166 3441 3419 756 747 560
is_linear=0
shrinkage=0.05


Tree=182
num_leaves=15
num_cat=0
split_feature=271 233 59 190 1 1 286 278 158 286 283 286 96 275
split_gain=3.76574 3.10819 3.63058 2.84496 4.29832 3.34711 3.12101 2.36343 2.11327 5.61211 3.46572 2.54673 1.97942 2.9835
threshold=1.0000000180025095e-35 1.0000000180025095e-35 1.0000000180025095e-35 1.0000000180025095e-35 1.0000000180025095e-35 1.0000000180025095e-35 2.5000000000000004 1.5000000000000002 1.0000000180025095e-35 1.0000000180025095e-35 1.0000000180025095e-35 3.5000000000000004 1.0000000180025095e-35 2.5000000000000004
decision_type=2 2 2 2 2 2 2 2 2 2 2 2 2 2
left_child=12 7 -3 4 -4 6 -5 8 10 -10 11 -2 13 -1
right_child=1 2 3 5 -6 -7 -8 -9 9 -11 -12 -13 -14 -15
leaf_value=0.0016684469998209288 -0.050331810781590519 0.023887345661415742 0.040425813329127161 -0.10647371203778121 -0.03347784565084836 -0.0023614351122394576 -0.012530079485960917 0.037010947540952549 0.14314064300906054 -0.036392366165513633 -0.008945431399490042 0.062158386626188888 -0.074539983584712491 0.030857329633891518
leaf_weight=158.04940350889228 14.250283668516209 10.045292313210666 4.2058855667710304 2.3040498718619347 3.6967712491750717 3.494424469769001 1.4345585107803347 1.5310801630839694 0.6512956079095592 1.3124682353809474 10.653099102433771 0.52156060654670078 0.8210359700024118 9.2678493498824519
leaf_count=3334 369 68 18 18 17 15 8 10 9 20 100 7 11 132
internal_value=-0.000786711 -0.0122607 0.000582743 -0.0148841 0.00585454 -0.0375427 -0.0704262 -0.0234438 -0.0268233 0.023151 -0.0306832 -0.04636 0.00290522 0.00328524
internal_weight=222.239 54.1008 25.181 15.1357 7.90266 7.23303 3.73861 28.9198 27.3887 1.96376 25.4249 14.7718 168.138 167.317
internal_count=4136 659 144 76 35 41 26 515 505 29 476 376 3477 3466
is_linear=0
shrinkage=0.05


Tree=183
num_leaves=15
num_cat=0
split_feature=88 219 252 58 268 275 292 98 0 281 278 233 148 176
split_gain=3.64286 2.97704 2.64799 2.25313 2.0119 1.43051 3.39243 2.11787 2.13782 2.59911 2.23025 1.95474 2.05303 1.97414
threshold=1.0000000180025095e-35 1.0000000180025095e-35 1.0000000180025095e-35 1.0000000180025095e-35 1.0000000180025095e-35 2.5000000000000004 1.0000000180025095e-35 1.0000000180025095e-35 1.0000000180025095e-35 1.0000000180025095e-35 1.0000000180025095e-35 1.0000000180025095e-35 1.0000000180025095e-35 1.0000000180025095e-35
decision_type=2 2 2 2 2 2 2 2 2 2 2 2 2 2
left_child=1 3 -2 4 5 11 -7 8 9 -8 -11 12 13 -1
right_child=2 -3 -4 -5 -6 6 7 -9 -10 10 -12 -13 -14 -15
leaf_value=-0.0010564467381846728 -0.015695766360774497 -0.071792216325362521 -0.10324936668282883 -0.036891236749658315 -0.055977274193580645 0.054465117862046421 0.016973856640150577 0.054824307281238771 0.056867986459120883 -0.094055790499997183 -0.014535941923413948 0.01400933721484616 -0.056652317272237844 0.073377414436954697
leaf_weight=169.11358296265826 2.1678468547761431 1.4296733876690257 1.4354037269949915 3.9337429068982592 1.5218904570210714 4.2427596321795127 2.4250909718684834 1.4398688925430176 0.97513982746750105 1.5958173964172604 1.9705265443772075 24.077207288704813 1.6532931379042555 0.89550874568521877
leaf_count=3647 23 17 12 33 51 61 39 20 10 15 19 116 69 7
internal_value=-0.000715415 0.000119115 -0.0505739 0.000599884 0.00130247 0.00172079 0.018017 -0.000378534 -0.011788 -0.0229621 -0.0501184 0.00066769 -0.0012036 -0.000664373
internal_weight=218.877 215.274 3.60325 213.844 209.911 208.389 12.6492 8.40644 6.96657 5.99143 3.56634 195.74 171.662 170.009
internal_count=4139 4104 35 4087 4054 4003 164 103 83 73 34 3839 3723 3654
is_linear=0
shrinkage=0.05


Tree=184
num_leaves=15
num_cat=0
split_feature=291 218 282 69 61 288 230 168 237 95 208 163 136 57
split_gain=2.17967 1.37275 1.25903 1.22298 1.15812 2.47162 1.18835 1.17658 1.09775 1.10132 1.09925 1.10477 1.08559 1.09793
threshold=1.5000000000000002 1.0000000180025095e-35 1.5000000000000002 1.0000000180025095e-35 1.0000000180025095e-35 1.5000000000000002 1.0000000180025095e-35 1.0000000180025095e-35 1.0000000180025095e-35 1.0000000180025095e-35 1.0000000180025095e-35 1.0000000180025095e-35 1.0000000180025095e-35 1.0000000180025095e-35
decision_type=2 2 2 2 2 2 2 2 2 2 2 2 2 2
left_child=1 2 3 4 6 -6 7 8 9 10 11 12 13 -1
right_child=-2 -3 -4 -5 5 -7 -8 -9 -10 -11 -12 -13 -14 -15
leaf_value=0.0054934882114036033 -0.081848566583670915 -0.056489603550749883 0.057073723534738108 0.053749870157846283 -0.034364056752607612 0.02249319229617245 -0.050605337998575188 -0.06439777655718916 -0.04796850804404286 -0.057976768577489735 -0.053645621277696558 -0.047154096087366246 -0.046473683766871277 -0.017494688807879202
leaf_weight=209.44054107798729 0.76144563965499301 0.9694402264431109 1.0767659684643138 1.1755564790219057 5.7263062344863993 2.8690648265182972 1.0168916406109918 0.63488621637225051 1.0205578395398323 0.71424788236617942 0.81785010918974776 1.032988779246806 1.0323113477788854 5.3261241680011144
leaf_count=3753 8 17 10 16 85 15 21 10 64 13 15 43 29 136
internal_value=0.00260866 0.00288484 0.00313306 0.00288142 0.00262101 -0.0153856 0.00332122 0.00357046 0.00376716 0.00400895 0.00421237 0.0044306 0.00467752 0.00492339
internal_weight=233.615 232.854 231.884 230.807 229.632 8.59537 221.036 220.02 219.385 218.364 217.65 216.832 215.799 214.767
internal_count=4235 4227 4210 4200 4184 100 4084 4063 4053 3989 3976 3961 3918 3889
is_linear=0
shrinkage=0.05


Tree=185
num_leaves=15
num_cat=0
split_feature=241 266 54 267 151 45 104 45 104 278 112 274 51 278
split_gain=2.05484 1.98813 1.23362 1.27095 2.81526 3.69864 3.31153 2.67479 2.67 2.17393 2.10733 2.04515 1.88248 1.75116
threshold=1.0000000180025095e-35 1.0000000180025095e-35 1.0000000180025095e-35 1.0000000180025095e-35 1.0000000180025095e-35 1.0000000180025095e-35 1.0000000180025095e-35 1.0000000180025095e-35 1.0000000180025095e-35 1.5000000000000002 1.0000000180025095e-35 1.5000000000000002 1.0000000180025095e-35 1.0000000180025095e-35
decision_type=2 2 2 2 2 2 2 2 2 2 2 2 2 2
left_child=2 -2 3 8 6 -6 7 12 -1 10 11 -9 -5 -7
right_child=1 -3 -4 4 5 13 -8 9 -10 -11 -12 -13 -14 -15
leaf_value=0.002802357523868251 -0.059329113191952602 0.00054209519840570824 0.055895634633714608 -0.05085909049596319 0.067181479455070844 -0.058604226555366207 0.043188771871339821 -0.029200685285994139 -0.071150740270944215 0.054729908988498069 0.05891276310983156 0.040962619469777944 0.061494989402597192 0.015893845647097893
leaf_weight=192.01035689096898 2.8003246020525685 2.7465631477534771 1.0233508404344309 7.677419649437077 2.554171869531273 1.2827637512236836 2.0869304267689577 9.4701804661890439 1.2283081044442941 1.224350729025901 0.88219070527702648 1.1665276391431696 0.39184191823005665 2.048533602617681
leaf_count=3232 37 14 11 322 19 31 12 444 32 6 4 10 1 17
internal_value=0.000377102 -0.0296837 0.00112467 0.000872224 -0.00892941 0.0219144 -0.0168567 -0.0228776 0.00233228 -0.00861404 -0.0153469 -0.0215059 -0.0454032 -0.0127927
internal_weight=228.594 5.54689 223.047 222.024 28.7849 5.88547 22.8994 20.8125 193.239 12.7432 11.5189 10.6367 8.06926 3.3313
internal_count=4192 51 4141 4130 866 67 799 787 3264 464 458 454 323 48
is_linear=0
shrinkage=0.05


Tree=186
num_leaves=15
num_cat=0
split_feature=112 165 280 278 51 280 127 52 286 285 59 286 91 196
split_gain=2.7907 1.97608 4.14715 3.15014 2.4389 1.72619 2.65273 2.5991 2.06953 2.04006 2.74659 2.56088 2.06914 1.91298
threshold=1.0000000180025095e-35 1.0000000180025095e-35 1.0000000180025095e-35 1.5000000000000002 1.0000000180025095e-35 1.0000000180025095e-35 1.0000000180025095e-35 1.0000000180025095e-35 1.0000000180025095e-35 2.5000000000000004 1.0000000180025095e-35 1.5000000000000002 1.0000000180025095e-35 1.0000000180025095e-35
decision_type=2 2 2 2 2 2 2 2 2 2 2 2 2 2
left_child=1 3 4 5 -3 13 7 8 -7 11 -11 -10 -12 -1
right_child=-2 2 -4 -5 -6 6 -8 -9 9 10 12 -13 -14 -15
leaf_value=-0.0010590146406247644 0.03666968078272758 -0.05426436674281563 0.013973010736821801 0.052679687940134459 0.056617089753005945 -0.042141513116432439 0.089524336631673071 0.050351279331201863 -0.011499211493527142 0.032449993678594011 0.0066848290751713307 -0.053288085811713071 -0.052389558018764375 0.08443205217582786
leaf_weight=160.20639533526264 4.3953416408039621 6.9165644417516869 4.622289028018713 2.5616110377013674 0.53423115611076344 6.2912208964116862 0.63571739196777244 1.5440812460146833 19.547009401023391 5.3574496135115606 3.7969233673065901 4.5124553372152141 2.431534169241786 0.65703296568244596
leaf_count=3252 36 158 60 22 3 52 1 109 265 30 22 176 20 5
internal_value=-0.00277849 -0.003568 -0.0232326 -0.00242407 -0.046314 -0.0031127 -0.0118744 -0.0133569 -0.0157026 -0.0110363 0.00620098 -0.0193369 -0.0163773 -0.000709834
internal_weight=224.01 219.615 12.0731 207.541 7.4508 204.98 44.1164 43.4807 41.9366 35.6454 11.5859 24.0595 6.22846 160.863
internal_count=4211 4175 221 3954 161 3932 675 674 565 513 72 441 42 3257
is_linear=0
shrinkage=0.05


Tree=187
num_leaves=15
num_cat=0
split_feature=127 280 288 201 112 281 287 288 286 59 271 142 157 286
split_gain=2.46891 1.52672 4.57072 3.04674 3.0083 2.55444 1.93108 1.9004 1.49637 2.10679 2.43792 1.39521 2.03473 1.37584
threshold=1.0000000180025095e-35 1.0000000180025095e-35 1.0000000180025095e-35 1.0000000180025095e-35 1.0000000180025095e-35 1.5000000000000002 1.0000000180025095e-35 1.5000000000000002 2.5000000000000004 1.0000000180025095e-35 1.0000000180025095e-35 1.0000000180025095e-35 1.0000000180025095e-35 1.0000000180025095e-35
decision_type=2 2 2 2 2 2 2 2 2 2 2 2 2 2
left_child=1 11 13 4 5 6 7 -4 -8 10 -10 -1 -13 -3
right_child=-2 2 3 -5 -6 -7 8 -9 9 -11 -12 12 -14 -15
leaf_value=0.0051221195831444239 -0.088193827144279591 -0.0589724380294811 -0.035635623201279928 -0.091834553786721035 -0.090535945250558178 -0.056595836298893192 0.030351232250726182 0.042751789775382819 -0.009760649718167114 -0.038140737011613843 0.05256660783838283 -0.048047398290230039 0.065682529886237379 -0.017835480515260505
leaf_weight=167.54787642671727 0.75790530443191428 2.2492522541433599 3.0845185883809014 0.75265438854694267 0.72591141238808532 1.2792760422453273 15.458168803714218 1.0318615729920564 3.416843240382148 2.1807244941592216 2.9009945564903319 2.446744238492101 0.46859556436538685 21.098355335649103
leaf_count=3358 6 24 92 6 11 19 250 19 103 17 30 66 1 208
internal_value=0.00189766 0.00220161 -0.00510987 0.00752807 0.0100144 0.0125011 0.0156499 -0.0159861 0.0210857 0.00423253 0.0188585 0.00452543 -0.0297671 -0.0217985
internal_weight=225.4 224.642 54.1786 30.831 30.0783 29.3524 28.0731 4.11638 23.9567 8.49856 6.31784 170.463 2.91534 23.3476
internal_count=4210 4204 779 547 541 530 511 111 400 150 133 3425 67 232
is_linear=0
shrinkage=0.05


Tree=188
num_leaves=15
num_cat=0
split_feature=127 112 187 57 145 145 275 59 275 88 285 148 286 201
split_gain=2.55556 1.67858 1.81012 4.45891 3.20596 2.9641 3.83583 3.12339 2.8042 2.79218 2.76547 3.33062 2.47204 2.40118
threshold=1.0000000180025095e-35 1.0000000180025095e-35 1.0000000180025095e-35 1.0000000180025095e-35 1.0000000180025095e-35 1.0000000180025095e-35 1.5000000000000002 1.0000000180025095e-35 1.0000000180025095e-35 1.0000000180025095e-35 3.5000000000000004 1.0000000180025095e-35 2.5000000000000004 1.0000000180025095e-35
decision_type=2 2 2 2 2 2 2 2 2 2 2 2 2 2
left_child=1 2 3 4 8 6 7 13 -1 -8 11 -6 -10 -4
right_child=-2 -3 5 -5 10 -7 9 -9 12 -11 -12 -13 -14 -15
leaf_value=0.034210052402615439 -0.08454195850251317 0.029924015392736803 -0.013141102672733267 0.13524392694204712 -0.06322753650626628 0.0057320215954098537 0.0065823219110273216 -0.061006956668320012 -0.0099017327631772886 -0.056976469509613228 0.014593265278285923 0.050191874085144389 0.039195750986730615 0.077267481179164155
leaf_weight=11.337270898744466 0.90399661473929782 4.5002231509424737 71.139223085483536 0.69136492535471816 4.0009286822751147 64.736295260023326 43.075894299778156 3.4357186686247578 11.414709116914308 1.8001652834936965 3.3104807995259762 0.7722061239182948 3.3063766022678456 0.74208168685436149
leaf_count=136 8 33 2185 4 81 836 503 63 241 18 28 6 25 2
internal_value=-0.000643114 -0.000304921 -0.000923938 0.00953174 0.00698611 -0.00289337 -0.00753903 -0.0144338 0.0155197 0.00403271 -0.020523 -0.0448783 0.00112563 -0.0122078
internal_weight=225.167 224.263 219.763 34.8333 34.142 184.929 120.193 75.317 26.0584 44.8761 8.08362 4.77313 14.7211 71.8813
internal_count=4169 4161 4128 521 517 3607 2771 2250 402 521 115 87 266 2187
is_linear=0
shrinkage=0.05


Tree=189
num_leaves=15
num_cat=0
split_feature=57 56 63 61 286 136 41 155 286 34 112 286 173 38
split_gain=2.16184 1.82781 1.80925 1.8423 1.65226 1.31199 1.35171 3.93179 4.74498 2.21455 2.13797 2.14757 1.43144 1.28646
threshold=1.0000000180025095e-35 1.0000000180025095e-35 1.0000000180025095e-35 1.0000000180025095e-35 2.5000000000000004 1.0000000180025095e-35 1.0000000180025095e-35 1.0000000180025095e-35 2.5000000000000004 1.0000000180025095e-35 1.0000000180025095e-35 3.5000000000000004 1.0000000180025095e-35 1.0000000180025095e-35
decision_type=2 2 2 2 2 2 2 2 2 2 2 2 2 2
left_child=1 2 3 5 -2 6 13 8 9 -8 11 12 -10 -1
right_child=4 -3 -4 -5 -6 -7 7 -9 10 -11 -12 -13 -14 -15
leaf_value=0.0028147450359872128 -0.055505872655671584 -0.073088001694238833 -0.068997081414092554 -0.024362099504771525 0.0085056680597073425 -0.050527237400173557 -0.051822026608935173 0.096891959892752386 -0.04424589009436921 0.051527959204829291 0.10196390789279278 0.040139282515888969 0.05375717303230293 0.045534252495776223
leaf_weight=189.37173323123716 3.0594815420918158 0.8436175286769857 0.92831603810191055 6.95034739607945 1.5035002846270797 1.1905131470412005 7.2086805044673348 0.77080403640866357 2.0811387510038917 0.55848493054509152 0.64430361986160267 2.2850762791931629 0.45384632609784592 1.7788690454326559
leaf_count=3471 113 9 9 90 27 27 269 5 64 8 1 45 5 12
internal_value=-0.000357693 0.000364872 0.000654133 0.000957275 -0.0344141 0.00181012 0.00211383 -0.0128817 -0.0192765 -0.0443908 0.0164214 0.00498686 -0.0267001 0.0032123
internal_weight=219.629 215.066 214.222 213.294 4.56298 206.343 205.153 14.0023 13.2315 7.76717 5.46436 4.82006 2.53499 191.151
internal_count=4155 4015 4006 3997 140 3907 3880 397 392 277 115 114 69 3483
is_linear=0
shrinkage=0.05


Tree=190
num_leaves=15
num_cat=0
split_feature=220 112 88 63 165 278 4 281 64 51 275 241 102 168
split_gain=1.81221 2.02073 1.45942 1.3891 1.27629 2.42842 1.76808 2.38589 2.18137 2.87718 1.75975 1.74063 1.51159 1.38499
threshold=1.0000000180025095e-35 1.0000000180025095e-35 1.0000000180025095e-35 1.0000000180025095e-35 1.0000000180025095e-35 1.5000000000000002 1.0000000180025095e-35 1.0000000180025095e-35 1.0000000180025095e-35 1.0000000180025095e-35 1.5000000000000002 1.0000000180025095e-35 1.0000000180025095e-35 1.0000000180025095e-35
decision_type=2 2 2 2 2 2 2 2 2 2 2 2 2 2
left_child=1 2 3 4 5 11 7 8 9 -6 -9 12 13 -1
right_child=-2 -3 -4 -5 6 -7 -8 10 -10 -11 -12 -13 -14 -15
leaf_value=0.0028672940263920347 -0.046310291390090096 0.052097420483336668 -0.029778634872236576 -0.066530296170943595 -0.069787476052421082 0.051130140313628884 0.037118805500334716 0.042353629471904491 0.022236980515874333 0.056313438239639774 -0.023257773658986233 -0.03208269641672911 -0.039965334038622694 -0.075352510621021718
leaf_weight=193.42692836560309 2.0532969268970183 1.9091935651376832 3.925427787937223 0.75913292914628883 4.3784979223273659 2.498941531404852 1.4260098710656173 1.8913262039422987 1.0643588975071905 0.50446228682994831 2.2232911256141961 3.7779793022200456 2.1045663640834382 0.5675794892013063
leaf_count=3786 31 10 38 8 111 23 31 37 8 2 35 37 19 9
internal_value=0.000445427 0.0008809 0.000433484 0.000986059 0.00122572 0.00214599 -0.0149862 -0.0223707 -0.0426223 -0.0567599 0.00690118 0.00153357 0.00218121 0.00263844
internal_weight=222.511 220.458 218.549 214.623 213.864 202.376 11.4879 10.0619 5.94732 4.88296 4.11462 199.877 196.099 193.995
internal_count=4185 4154 4144 4106 4098 3874 224 193 121 113 72 3851 3814 3795
is_linear=0
shrinkage=0.05


Tree=191
num_leaves=15
num_cat=0
split_feature=111 286 205 52 201 276 148 275 205 286 264 266 288 275
split_gain=4.30332 3.52746 2.61212 2.68696 2.46391 2.10039 1.90465 2.05295 2.69611 1.92087 1.76253 3.85167 2.66923 5.91006
threshold=1.0000000180025095e-35 1.5000000000000002 1.0000000180025095e-35 1.0000000180025095e-35 1.0000000180025095e-35 1.0000000180025095e-35 1.0000000180025095e-35 2.5000000000000004 1.0000000180025095e-35 1.0000000180025095e-35 1.0000000180025095e-35 1.0000000180025095e-35 1.0000000180025095e-35 1.0000000180025095e-35
decision_type=2 2 2 2 2 2 2 2 2 2 2 2 2 2
left_child=1 4 3 5 6 10 7 8 -1 -9 11 -3 -12 -14
right_child=-2 2 -4 -5 -6 -7 -8 9 -10 -11 12 -13 13 -15
leaf_value=-0.0046129028760054334 -0.07403170095845403 0.01278417521998973 0.10374142464945753 0.050416201284152952 -0.095196102219430201 0.050384265093570725 -0.078403812517593277 0.052613341861963786 -0.054304744242530706 0.00094338527837722777 -0.016815588509518763 -0.045253975757642693 0.054329625965986873 0.004299177799415934
leaf_weight=140.19750835490413 2.0274797100573769 6.134490045020355 0.71240495145320792 3.4636773210950187 0.75531961023807426 2.4766647573560467 0.87068018666468461 2.9558569961227468 2.783852261491119 4.5947301997803152 9.304108929820357 5.353253529057838 7.109530894085764 34.779243921162561
leaf_count=2827 33 237 2 233 5 20 34 31 47 45 71 129 108 418
internal_value=-0.00151887 -0.000855108 0.00849246 0.00750361 -0.00511449 0.00522243 -0.00466509 -0.00423858 -0.0055804 0.0211708 0.00343798 -0.0142614 0.00740975 0.0127905
internal_weight=223.519 221.491 69.3334 68.621 152.158 65.1573 151.403 150.532 142.981 7.55059 62.6806 11.4877 51.1929 41.8888
internal_count=4240 4207 1218 1216 2989 983 2984 2950 2874 76 963 366 597 526
is_linear=0
shrinkage=0.05


Tree=192
num_leaves=15
num_cat=0
split_feature=275 183 201 18 242 234 287 175 165 178 145 263 41 267
split_gain=1.92331 3.54897 2.43878 1.99986 1.79683 1.56076 3.81929 1.38412 2.11234 4.27407 1.7507 4.92579 4.10905 3.30622
threshold=1.0000000180025095e-35 1.0000000180025095e-35 1.0000000180025095e-35 1.0000000180025095e-35 1.0000000180025095e-35 1.0000000180025095e-35 1.0000000180025095e-35 1.0000000180025095e-35 1.0000000180025095e-35 1.0000000180025095e-35 1.0000000180025095e-35 1.0000000180025095e-35 1.0000000180025095e-35 1.0000000180025095e-35
decision_type=2 2 2 2 2 2 2 2 2 2 2 2 2 2
left_child=1 2 3 4 7 -2 -7 8 10 -10 12 13 -1 -12
right_child=5 -3 -4 -5 -6 6 -8 -9 9 -11 11 -13 -14 -15
leaf_value=-0.016197305008406833 0.0052983179737934732 -0.06616554277347618 0.093992277232227639 -0.10465663028113854 -0.10187517471131442 -0.16641771866014823 0.027742879223729873 0.043468683876784452 0.11633271348269081 -0.024488555561878823 0.026591235830105298 -0.018454350025908561 0.04454911179745194 -0.055151515210991403
leaf_weight=38.670660392614082 136.62910941732116 2.2929918337613335 0.64190953969955344 0.48905845172703166 0.45896783471107383 0.44716604705899843 0.58414803072810173 1.5934320539236058 1.0664049368351689 1.0891197100281715 17.117874581366781 14.246004534885286 2.9997616419568649 1.3333647716790427
leaf_count=1372 2314 22 1 6 3 13 14 6 18 8 166 104 79 35
internal_value=0.00122483 -0.0048372 -0.00307291 -0.00386096 -0.0032336 0.00483577 -0.0564429 -0.00265404 -0.00361445 0.0451801 -0.00502875 0.00363173 -0.0118243 0.0206842
internal_weight=219.66 81.9996 79.7066 79.0646 78.5756 137.66 1.03131 78.1166 76.5232 2.15552 74.3677 32.6972 41.6704 18.4512
internal_count=4161 1820 1798 1797 1791 2341 27 1788 1782 26 1756 305 1451 201
is_linear=0
shrinkage=0.05


Tree=193
num_leaves=15
num_cat=0
split_feature=137 76 37 172 59 275 266 281 201 80 280 277 217 252
split_gain=1.34579 1.26518 1.19534 1.18125 1.14307 6.03891 2.00804 3.04951 1.9299 1.59174 1.4962 1.44023 2.21989 1.74955
threshold=1.0000000180025095e-35 1.0000000180025095e-35 1.0000000180025095e-35 1.0000000180025095e-35 1.0000000180025095e-35 1.5000000000000002 1.0000000180025095e-35 1.0000000180025095e-35 1.0000000180025095e-35 1.0000000180025095e-35 1.0000000180025095e-35 1.5000000000000002 1.0000000180025095e-35 1.0000000180025095e-35
decision_type=2 2 2 2 2 2 2 2 2 2 2 2 2 2
left_child=1 2 3 4 8 -6 -7 -8 9 11 -9 12 13 -1
right_child=-2 -3 -4 -5 5 6 7 10 -10 -11 -12 -13 -14 -15
leaf_value=-0.00085836154643832924 -0.04533782849897959 0.055269867921371056 0.051457172585085947 0.053775862991605944 -0.062342219638462287 0.012577815332820702 -0.064006227956383846 -0.027477158561511533 0.037231544982184846 -0.054717371240787065 0.011381270172968019 0.04018887819854277 -0.083880470078866939 0.026011569043302457
leaf_weight=166.85081628221087 1.6629770938307036 1.0236316886730481 1.1034360490739334 0.98986585345119138 4.6533674020320204 13.896668744273484 2.5302770007401696 3.9228347516618669 3.518599020317196 1.3270959109067906 6.7219726089388132 2.2284082369878879 0.79015750857069988 6.286303946748375
leaf_count=3652 43 13 21 14 87 84 43 21 24 17 30 48 28 47
internal_value=-0.000530529 -0.000185309 -0.000449557 -0.000717556 -0.000971127 -0.00972569 -0.000681431 -0.0146669 0.000563335 -0.000163613 -0.00293888 0.000247376 -0.000264366 0.000117238
internal_weight=217.506 215.843 214.82 213.716 212.727 31.7251 27.0718 13.1751 181.001 177.483 10.6448 176.156 173.927 173.137
internal_count=4172 4129 4116 4095 4081 265 178 94 3816 3792 51 3775 3727 3699
is_linear=0
shrinkage=0.05


Tree=194
num_leaves=15
num_cat=0
split_feature=187 275 285 147 39 183 41 266 205 196 165 59 275 181
split_gain=2.59259 2.46727 4.75295 4.41195 4.54713 3.88699 3.37117 4.56639 7.33871 3.01706 2.5336 2.31682 4.62687 2.4535
threshold=1.0000000180025095e-35 1.0000000180025095e-35 1.5000000000000002 1.0000000180025095e-35 1.0000000180025095e-35 1.0000000180025095e-35 1.0000000180025095e-35 1.0000000180025095e-35 1.0000000180025095e-35 1.0000000180025095e-35 1.0000000180025095e-35 1.0000000180025095e-35 1.5000000000000002 1.0000000180025095e-35
decision_type=2 2 2 2 2 2 2 2 2 2 2 2 2 2
left_child=-1 2 3 4 5 9 7 8 -6 -2 11 13 -13 -3
right_child=1 10 -4 -5 6 -7 -8 -9 -10 -11 -12 12 -14 -15
leaf_value=0.010974234202409828 -0.022772936091177018 0.0080450981806359876 -0.095053347234772601 0.10854195568407397 -0.062897828868715464 0.09245990805045623 0.073235770321337032 0.043966124775045468 0.12467158574631448 0.007564413778599126 -0.027017825933518674 -0.060159028878533284 -0.001828613549714855 -0.054943329147166091
leaf_weight=33.601964455330744 48.105597959831357 77.78626313386485 1.6598889529705037 0.78344471100717683 3.3013469101861106 0.81340810656547446 2.319282865151763 3.7385395197197795 0.61930149793624867 9.8782443255186063 7.8686852885875842 3.9289160240441587 25.237924158107489 1.5773295499384392
leaf_count=522 1376 1550 13 19 109 4 48 50 1 36 190 71 152 41
internal_value=-0.00181605 -0.00410675 -0.011437 -0.00944165 -0.0107856 -0.016082 0.0204225 0.00443008 -0.0332696 -0.0176046 0.000378263 0.00236454 -0.00968601 0.00679322
internal_weight=221.22 187.618 71.2191 69.5592 68.7757 58.7973 9.97847 7.65919 3.92065 57.9838 116.399 108.53 29.1668 79.3636
internal_count=4182 3660 1656 1643 1624 1416 208 160 110 1412 2004 1814 223 1591
is_linear=0
shrinkage=0.05


Tree=195
num_leaves=15
num_cat=0
split_feature=165 280 280 288 201 201 274 260 181 137 275 282 105 277
split_gain=2.16168 3.6628 1.63808 3.06589 3.15177 2.55575 2.25958 2.17799 2.00394 1.89419 1.67469 2.05213 1.96515 1.87797
threshold=1.0000000180025095e-35 1.0000000180025095e-35 1.0000000180025095e-35 1.0000000180025095e-35 1.0000000180025095e-35 1.0000000180025095e-35 1.5000000000000002 1.0000000180025095e-35 1.0000000180025095e-35 1.0000000180025095e-35 2.5000000000000004 1.0000000180025095e-35 1.0000000180025095e-35 1.5000000000000002
decision_type=2 2 2 2 2 2 2 2 2 2 2 2 2 2
left_child=2 -2 7 4 6 -5 -4 8 9 10 12 13 -1 -12
right_child=1 -3 3 5 -6 -7 -8 -9 -10 -11 11 -13 -14 -15
leaf_value=0.00064659415318956857 -0.043974651614905609 0.011231825160989454 -0.02282367687744381 0.0072509053585285621 0.033562588062302265 -0.079468575161892652 -0.09912156235146552 0.025147570817953952 -0.059866157996170989 0.068331841006139787 -0.038168605595003867 0.063271756473475868 0.052301502264758083 0.027880686910775929
leaf_weight=135.55187251325697 6.902109567075966 5.3205511206761003 18.597569538746036 27.954098103800792 2.4299397422000757 0.87625384330749412 1.023799612186848 11.499438516329972 1.2746792845427979 1.1044154055416573 1.5598327186889935 2.4410713645629585 1.8666051663458336 3.4710072358138859
leaf_count=3014 164 73 197 484 16 9 13 117 26 21 40 18 14 30
internal_value=0.000496726 -0.0199432 0.00168837 -0.00611876 -0.0201526 0.0046152 -0.0268047 0.00419037 0.00255395 0.00309893 0.0026017 0.0256545 0.00134824 0.00740183
internal_weight=221.873 12.2227 209.651 50.8817 22.0513 28.8304 19.6214 158.769 147.269 145.995 144.89 7.47191 137.418 5.03084
internal_count=4236 237 3999 719 226 493 210 3280 3163 3137 3116 88 3028 70
is_linear=0
shrinkage=0.05


Tree=196
num_leaves=15
num_cat=0
split_feature=124 164 56 137 268 264 41 277 127 183 233 245 291 285
split_gain=1.87628 2.33448 1.68014 1.57237 1.43871 1.26079 1.64597 2.55927 1.2112 1.25816 1.29784 2.01684 1.57135 1.36209
threshold=1.0000000180025095e-35 1.0000000180025095e-35 1.0000000180025095e-35 1.0000000180025095e-35 1.0000000180025095e-35 1.0000000180025095e-35 1.0000000180025095e-35 1.0000000180025095e-35 1.0000000180025095e-35 1.0000000180025095e-35 1.0000000180025095e-35 1.0000000180025095e-35 1.5000000000000002 5.5000000000000009
decision_type=2 2 2 2 2 2 2 2 2 2 2 2 2 2
left_child=2 5 3 4 8 -2 7 -7 9 10 11 12 13 -1
right_child=1 -3 -4 -5 -6 6 -8 -9 -10 -11 -12 -13 -14 -15
leaf_value=0.0006269222549659775 -0.027874016824181433 0.044146349645451423 -0.073405816998314125 -0.046299294032524058 -0.046387189792331501 -0.052020079455305727 -0.046488036303560208 -0.28620600165345694 0.043176931257203711 0.017704451915449376 0.012000011126546058 -0.043760178465712583 -0.082701382319749328 0.058318196136380278
leaf_weight=164.59968173736706 1.4071435956284399 0.69983109086751927 0.73618706129491229 1.6541203968226899 1.4858503625728179 0.23053523642010987 0.62631478323601186 0.23618735931813717 1.8580736769363273 12.97449804516509 26.102369783446193 2.5902636470273128 0.5628215940669169 1.0295152999460686
leaf_count=3615 53 3 8 42 55 23 17 7 8 89 134 94 8 9
internal_value=0.00142952 -0.0365732 0.00199887 0.00225967 0.00263997 -0.0591676 -0.0994539 -0.170531 0.00298733 0.00262807 0.00162436 1.97542e-05 0.000702107 0.000985519
internal_weight=216.793 3.20001 213.593 212.857 211.203 2.50018 1.09304 0.466723 209.717 207.859 194.885 168.782 166.192 165.629
internal_count=4165 103 4062 4054 4012 100 47 30 3957 3949 3860 3726 3632 3624
is_linear=0
shrinkage=0.05


Tree=197
num_leaves=15
num_cat=0
split_feature=217 234 271 52 104 70 183 124 37 34 165 191 76 281
split_gain=2.30269 1.26693 8.86275 1.66193 2.09465 1.82319 2.04799 2.03227 1.32193 1.20286 1.30542 1.21267 1.1837 2.54086
threshold=1.0000000180025095e-35 1.0000000180025095e-35 1.0000000180025095e-35 1.0000000180025095e-35 1.0000000180025095e-35 1.0000000180025095e-35 1.0000000180025095e-35 1.0000000180025095e-35 1.0000000180025095e-35 1.0000000180025095e-35 1.0000000180025095e-35 1.0000000180025095e-35 1.0000000180025095e-35 1.5000000000000002
decision_type=2 2 2 2 2 2 2 2 2 2 2 2 2 2
left_child=1 3 -3 8 5 -5 7 -7 9 11 -11 12 13 -1
right_child=-2 2 -4 4 -6 6 -8 -9 -10 10 -12 -13 -14 -15
leaf_value=-0.00075801159209793845 -0.069476246938454153 -0.066477595057315153 0.082504664637193637 -0.13557186349344671 -0.16404640440471208 0.040776069035358395 -0.1464846712295583 -0.13763288447909211 0.051505149252241755 0.035700655862809398 -0.039603018177222477 -0.070810111030417386 0.055491593702497635 -0.076773981631082622
leaf_weight=200.90237064869143 1.1621546838432539 1.5748143028467882 2.7265945058315992 0.16589752584695805 0.144620707258582 6.4958228555042288 0.15669380035251368 0.1636417657136916 1.2264602761715639 3.9375983220525077 0.67403083853423584 0.62247914075851341 0.92582695744931598 1.1053330190479744
leaf_count=3497 32 22 11 5 9 480 3 4 22 67 8 9 8 12
internal_value=0.000720359 0.00108979 0.0279599 0.000555991 0.0243006 0.0282019 0.032188 0.0363921 -0.000252152 -0.00055709 0.0246944 -0.00112917 -0.00091543 -0.00117395
internal_weight=221.984 220.822 4.30141 216.521 7.12668 6.98206 6.81616 6.65946 209.394 208.168 4.61163 203.556 202.934 202.008
internal_count=4189 4157 33 4124 501 492 487 484 3623 3601 75 3526 3517 3509
is_linear=0
shrinkage=0.05


Tree=198
num_leaves=15
num_cat=0
split_feature=57 108 268 276 96 158 286 136 71 70 285 266 183 275
split_gain=2.28843 1.52724 1.32182 1.22807 1.4482 1.30992 2.66469 1.19541 1.27866 1.6159 1.21202 4.27796 1.17918 1.48722
threshold=1.0000000180025095e-35 1.0000000180025095e-35 1.0000000180025095e-35 1.0000000180025095e-35 1.0000000180025095e-35 1.0000000180025095e-35 1.5000000000000002 1.0000000180025095e-35 1.0000000180025095e-35 1.0000000180025095e-35 1.0000000180025095e-35 1.0000000180025095e-35 1.0000000180025095e-35 1.0000000180025095e-35
decision_type=2 2 2 2 2 2 2 2 2 2 2 2 2 2
left_child=1 2 3 4 7 6 -5 8 9 -1 -10 -12 -11 -14
right_child=-2 -3 -4 5 -6 -7 -8 -9 10 12 11 -13 13 -15
leaf_value=-0.055940239892096781 -0.034817437194708055 -0.043858605360461676 -0.046460003101461325 -0.038876084804529781 -0.061368208029835572 0.056404514606586166 0.055638558309001211 -0.047817847793141993 0.04157943047487353 0.00043579023270069246 -0.052560432785787516 0.040556944735771899 0.037148445806296941 -0.0071999894711420251
leaf_weight=1.2438077356200654 4.5475815422832957 1.8794119684025634 1.4325490309856821 1.6125797959975892 0.92253679037094016 2.0884655267000198 1.3872999600134788 1.2256690538488317 3.805046543478964 189.34205643634778 2.0150956641882658 3.1797385290265083 4.9048852808773509 3.0759269008412957
leaf_count=44 137 78 52 18 12 10 16 32 16 3685 27 13 27 26
internal_value=0.000287462 0.00101938 0.00140944 0.00172868 0.00113979 0.0259997 0.00483239 0.00141598 0.0017067 0.000871227 0.02014 0.00443636 0.00122933 0.0200559
internal_weight=222.663 218.115 216.236 214.803 209.715 5.08835 2.99988 208.792 207.567 198.567 8.99988 5.19483 197.323 7.98081
internal_count=4193 4056 3978 3926 3882 44 34 3870 3838 3782 56 40 3738 53
is_linear=0
shrinkage=0.05


Tree=199
num_leaves=15
num_cat=0
split_feature=220 73 264 1 39 158 201 285 164 145 288 239 145 205
split_gain=1.63128 1.418 1.33449 2.90576 2.81983 2.7091 2.65031 2.39535 2.35839 2.67506 2.6099 2.3262 2.32296 6.35571
threshold=1.0000000180025095e-35 1.0000000180025095e-35 1.0000000180025095e-35 1.0000000180025095e-35 1.0000000180025095e-35 1.0000000180025095e-35 1.0000000180025095e-35 3.5000000000000004 1.0000000180025095e-35 1.0000000180025095e-35 1.0000000180025095e-35 1.0000000180025095e-35 1.0000000180025095e-35 1.0000000180025095e-35
decision_type=2 2 2 2 2 2 2 2 2 2 2 2 2 2
left_child=1 2 4 -4 5 6 11 -7 9 -6 -11 12 -1 -14
right_child=-2 -3 3 -5 8 7 -8 -9 -10 10 -12 -13 13 -15
leaf_value=0.0022363172690005552 -0.041753391632290707 -0.045369382695505021 0.0094779022260944052 -0.055763842419599911 -0.057946731775098549 -0.03300226412622146 -0.089208771599653153 0.015049162237891317 0.031777323511677717 0.06515894051561133 -0.046777097292992252 -0.055580961479958606 0.028959654320190917 -0.054784723845899844
leaf_weight=80.798750218935311 2.0557163287885478 1.5047653362853441 84.286916139535606 1.7419364508241404 5.2130682788556424 9.272067114710806 0.74577973783016105 3.6007656436413518 1.4124320382252333 1.0395503672771158 1.043430335819721 1.542210523970424 21.225251073949043 2.5363917686045161
leaf_count=1972 32 144 1152 22 249 173 5 20 10 13 37 29 257 43
internal_value=0.00257641 0.00299838 0.00333776 0.00815687 0.000109664 0.00210784 0.0047185 -0.0195614 -0.0273606 -0.0388091 0.00908667 0.0053787 0.00627783 0.0200205
internal_weight=218.019 215.963 214.459 86.0289 128.43 119.721 106.848 12.8728 8.70848 7.29605 2.08298 106.103 104.56 23.7616
internal_count=4158 4126 3982 1174 2808 2499 2306 193 309 299 50 2301 2272 300
is_linear=0
shrinkage=0.05


Tree=200
num_leaves=15
num_cat=0
split_feature=217 63 66 280 286 265 157 272 105 137 108 61 194 183
split_gain=2.07738 1.49427 1.41718 1.27024 2.34711 1.76955 2.02479 1.65659 1.39644 1.33684 1.18442 1.10984 2.26083 1.47593
threshold=1.0000000180025095e-35 1.0000000180025095e-35 1.0000000180025095e-35 1.0000000180025095e-35 1.0000000180025095e-35 1.0000000180025095e-35 1.0000000180025095e-35 1.0000000180025095e-35 1.0000000180025095e-35 1.0000000180025095e-35 1.0000000180025095e-35 1.0000000180025095e-35 1.0000000180025095e-35 1.0000000180025095e-35
decision_type=2 2 2 2 2 2 2 2 2 2 2 2 2 2
left_child=1 2 3 5 7 8 -7 -5 9 10 11 -1 -13 -14
right_child=-2 -3 -4 4 -6 6 -8 -9 -10 -11 -12 12 13 -15
leaf_value=0.0069171508359092797 -0.069406963741792657 -0.065997816049922983 -0.072045943021309095 -0.071568650026748656 0.0011587433091247142 -0.050704790280916734 0.064584204475216067 -0.015942055911353642 0.044908721786415237 0.058658284746852224 -0.04225094025161677 -0.057834031610870286 -0.016470888589734729 0.035415390465228291
leaf_weight=150.3196577434428 0.98883212497457762 0.7768021896481504 0.61948882043361564 1.7637358712963749 45.523954758537002 2.4563184734433885 0.45072519779205311 5.5500884894281626 2.335800281725823 1.1948813311755646 1.2841986385174085 2.0282372105866662 3.5588802443817258 2.2289832830429077
leaf_count=3098 26 7 7 36 726 77 1 29 19 25 64 37 43 9
internal_value=0.00290215 0.00322702 0.00347221 0.00368613 -0.00306518 0.00583691 -0.0328297 -0.0293565 0.00652672 0.00596854 0.00557362 0.005962 -0.0124076 0.00351121
internal_weight=221.081 220.092 219.315 218.695 52.8378 165.858 2.90704 7.31382 162.951 160.615 159.42 158.136 7.8161 5.78786
internal_count=4204 4178 4171 4164 791 3373 78 65 3295 3276 3251 3187 89 52
is_linear=0
shrinkage=0.05


Tree=201
num_leaves=15
num_cat=0
split_feature=61 89 233 91 276 52 198 275 266 216 265 276 187 22
split_gain=2.44791 2.33325 1.93225 2.12656 3.40077 3.21661 2.67056 2.66318 2.48693 2.94594 3.05109 2.34368 2.37406 3.16758
threshold=1.0000000180025095e-35 1.0000000180025095e-35 1.0000000180025095e-35 1.0000000180025095e-35 1.0000000180025095e-35 1.0000000180025095e-35 1.0000000180025095e-35 2.5000000000000004 1.0000000180025095e-35 1.0000000180025095e-35 1.0000000180025095e-35 1.0000000180025095e-35 1.0000000180025095e-35 1.0000000180025095e-35
decision_type=2 2 2 2 2 2 2 2 2 2 2 2 2 2
left_child=1 2 3 7 5 6 8 11 -5 10 -10 12 -1 -14
right_child=-2 -3 -4 4 -6 -7 -8 -9 9 -11 -12 -13 13 -15
leaf_value=0.016261335060088731 -0.027595534671909141 -0.064233946507266701 0.015008003814288498 -0.002784282200303476 0.054860180926986281 0.050397635011744241 -0.11381809086126299 0.041598838974722184 -0.050201874476713718 0.076388243326945535 0.015474930731534532 -0.081486024892898135 0.039873558805510328 -0.0024221918423487573
leaf_weight=24.138716935645789 7.4952723016031078 1.3421382950618852 24.798270567320287 13.738367374055098 1.7986837825737882 1.716442959383129 0.74061530083417793 4.2441346822306505 10.064827250200322 0.58296048641204912 2.1452841027639797 0.84732271358370681 4.5956519823521367 120.36964038736187
leaf_count=327 98 16 107 325 21 109 7 52 280 1 25 8 107 2741
internal_value=0.000484572 0.00148147 0.0019019 0.000144936 -0.0118527 -0.0159921 -0.0201705 0.00254042 -0.0175564 -0.0334199 -0.0386626 0.00143493 0.00190615 -0.000866748
internal_weight=218.618 211.123 209.781 184.983 30.7872 28.9885 27.2721 154.195 26.5314 12.7931 12.2101 149.951 149.104 124.965
internal_count=4224 4126 4110 4003 768 747 638 3235 631 306 305 3183 3175 2848
is_linear=0
shrinkage=0.05


Tree=202
num_leaves=15
num_cat=0
split_feature=11 22 286 22 124 89 275 288 203 278 280 280 275 197
split_gain=2.32859 1.97421 1.87623 1.64018 2.37887 2.25122 1.93966 1.52493 1.43315 1.29519 2.14525 2.11268 2.03389 4.71251
threshold=1.0000000180025095e-35 1.0000000180025095e-35 3.5000000000000004 1.0000000180025095e-35 1.0000000180025095e-35 1.0000000180025095e-35 1.0000000180025095e-35 1.0000000180025095e-35 1.0000000180025095e-35 1.0000000180025095e-35 1.0000000180025095e-35 1.0000000180025095e-35 1.0000000180025095e-35 1.0000000180025095e-35
decision_type=2 2 2 2 2 2 2 2 2 2 2 2 2 2
left_child=2 -2 3 4 6 -5 7 -1 9 11 -11 12 13 -3
right_child=1 8 -4 5 -6 -7 -8 -9 -10 10 -12 -13 -14 -15
leaf_value=0.050637661926252714 -0.06055786406629679 -0.031628956611388669 0.05986778846185728 -0.0039932157861252036 0.11309028824923416 0.072791240279959132 -0.035696472276473247 -0.053630463246249954 -0.020366139409962895 -0.028627152941795155 0.017963492716193675 0.00698898486680238 0.03799561316456742 0.076880525330536756
leaf_weight=2.4509258493781085 0.99290441395714779 3.3846853263676193 1.2113054613582779 152.452095438377 0.67312122881412495 0.96059267781674762 1.4241879014298318 0.40920713171362866 3.5325290570035568 4.6624587886035425 5.2558474140241742 27.185333375469781 14.462390343192963 1.4205367714166639
leaf_count=64 24 72 33 3187 2 9 43 13 27 102 67 423 119 3
internal_value=0.00105065 0.00936884 -0.00212359 -0.00259773 0.0257085 -0.00351243 0.0119797 0.0357197 0.0105279 0.0124639 -0.00393813 0.0159659 0.0286317 0.000449001
internal_weight=220.478 60.8967 159.581 158.37 4.95744 153.413 4.28432 2.86013 59.9038 56.3713 9.91831 46.4529 19.2676 4.80522
internal_count=4188 837 3351 3318 122 3196 120 77 813 786 169 617 194 75
is_linear=0
shrinkage=0.05


Tree=203
num_leaves=15
num_cat=0
split_feature=205 145 17 249 63 243 163 136 173 280 16 197 105 137
split_gain=1.69615 1.9825 1.11451 1.03764 1.09245 1.07072 1.02091 1.00175 0.991009 1.10949 1.53806 1.53097 1.5052 1.51146
threshold=1.0000000180025095e-35 1.0000000180025095e-35 1.0000000180025095e-35 1.0000000180025095e-35 1.0000000180025095e-35 1.0000000180025095e-35 1.0000000180025095e-35 1.0000000180025095e-35 1.0000000180025095e-35 1.0000000180025095e-35 1.0000000180025095e-35 1.0000000180025095e-35 1.0000000180025095e-35 1.0000000180025095e-35
decision_type=2 2 2 2 2 2 2 2 2 2 2 2 2 2
left_child=2 -2 3 4 5 6 7 8 9 11 -11 12 13 -1
right_child=1 -3 -4 -5 -6 -7 -8 -9 -10 10 -12 -13 -14 -15
leaf_value=0.0031415471758387652 0.043280412030363938 -0.054062499418624038 -0.054527057625329216 -0.057134194059950384 0.054204412591168143 0.053783620554348543 -0.050943980497968111 -0.045247161851502092 0.052192315637232589 -0.0059489341959313227 0.027126576779317686 0.037041284403006448 0.044588887531602242 0.060091782012100969
leaf_weight=153.63493907079101 0.65891080629080478 2.5368036120198667 0.84750367887318034 0.71687316615134378 1.0415539443492878 1.02789777657017 0.8855444872751822 1.0770361891482014 1.0228662355802942 47.82962546532508 3.7935763578861943 3.6230291831307104 2.26965841744095 1.1739515243098129
leaf_count=3221 4 45 22 20 6 8 40 30 21 687 46 23 17 22
internal_value=0.00217185 -0.0339918 0.00269969 0.00292207 0.00312012 0.00287418 0.00263114 0.00285239 0.00309521 0.00285869 -0.00351835 0.00490723 0.00416605 0.00357341
internal_weight=222.14 3.19571 218.944 218.097 217.38 216.338 215.31 214.425 213.348 212.325 51.6232 160.702 157.079 154.809
internal_count=4212 49 4163 4141 4121 4115 4107 4067 4037 4016 733 3283 3260 3243
is_linear=0
shrinkage=0.05


Tree=204
num_leaves=15
num_cat=0
split_feature=137 61 178 217 194 275 242 278 242 277 271 216 148 264
split_gain=1.80834 1.4998 1.52591 4.16233 2.67158 3.15329 3.00906 4.1477 1.99965 1.82047 1.63158 1.62801 2.0077 1.73956
threshold=1.0000000180025095e-35 1.0000000180025095e-35 1.0000000180025095e-35 1.0000000180025095e-35 1.0000000180025095e-35 1.5000000000000002 1.0000000180025095e-35 1.0000000180025095e-35 1.0000000180025095e-35 1.5000000000000002 1.0000000180025095e-35 1.0000000180025095e-35 1.0000000180025095e-35 1.0000000180025095e-35
decision_type=2 2 2 2 2 2 2 2 2 2 2 2 2 2
left_child=1 2 3 11 -4 8 9 -8 -6 -7 -5 12 -1 -14
right_child=-2 -3 4 10 5 6 7 -9 -10 -11 -12 -13 13 -15
leaf_value=0.0014578701539769341 -0.048875001403439894 -0.020395300985341022 0.016724504276971742 -0.21877123418013383 -0.07246877737589251 0.028381870981425996 -0.098150758259114124 0.01240544510994787 0.012524738154995522 -0.0054187346017246828 -0.051710678864811115 0.061040426532701003 -0.18571728926819164 -0.034249452962305249
leaf_weight=139.11605801805854 1.6913502570241679 6.6279031680896869 46.470249408157542 0.28223595581948657 2.4506476046517522 8.5908667370677048 1.5861267596483224 1.8238971149548886 0.96433899179100979 7.4279542169533661 0.30311154248192906 1.1329668583348382 0.22691624192520854 1.1513458727858961
leaf_count=3471 43 86 333 7 31 50 14 22 6 40 21 7 12 46
internal_value=0.00262606 0.00302535 0.0037592 0.000794412 0.0098421 -0.00415849 0.00362973 -0.0390183 -0.0484679 0.0127085 -0.132262 0.00134434 0.000862938 -0.059187
internal_weight=219.846 218.155 211.527 142.213 69.3141 22.8438 19.4288 3.41002 3.41499 16.0188 0.585347 141.627 140.494 1.37826
internal_count=4189 4146 4060 3564 496 163 126 36 37 90 28 3536 3529 58
is_linear=0
shrinkage=0.05


Tree=205
num_leaves=15
num_cat=0
split_feature=158 271 127 266 267 38 91 263 105 147 288 18 285 282
split_gain=2.03599 2.87064 4.10106 3.56014 2.0304 2.06362 1.90589 1.74102 2.55238 2.23653 2.56653 3.83532 2.85083 2.56003
threshold=1.0000000180025095e-35 1.0000000180025095e-35 1.0000000180025095e-35 1.0000000180025095e-35 1.0000000180025095e-35 1.0000000180025095e-35 1.0000000180025095e-35 1.0000000180025095e-35 1.0000000180025095e-35 1.0000000180025095e-35 1.0000000180025095e-35 1.0000000180025095e-35 1.5000000000000002 1.0000000180025095e-35
decision_type=2 2 2 2 2 2 2 2 2 2 2 2 2 2
left_child=7 2 4 6 5 -2 -3 8 -1 10 11 12 13 -9
right_child=1 3 -4 -5 -6 -7 -8 9 -10 -11 -12 -13 -14 -15
leaf_value=-0.00052280201515064598 -0.052222568276787965 0.060286893701483768 0.045471910071601625 -0.04499627071205714 0.0060545392602472112 0.035992618915416587 -0.0021610981545326521 -0.043892364985339251 0.082811684137996597 -0.033295345481891232 0.019829742477079887 -0.056841766309791597 0.052362608357896072 0.0069024491310030502
leaf_weight=131.25166717194952 9.2872817325405741 3.0318646598607293 1.758175794035197 1.9074068935588 2.3131714775227019 0.71391561720520336 2.0465311976149678 2.9210490882396796 0.92530786758288641 2.8629197864793232 39.338174841133878 2.7086372543126336 2.9044822324067345 16.448612931184471
leaf_count=3043 222 21 7 20 60 3 16 71 12 57 505 39 15 109
internal_value=0.00183003 -0.0129556 -0.0259624 0.0132458 -0.0361614 -0.0459255 0.0351211 0.00339183 6.05829e-05 0.0099457 0.0118704 -0.000662596 0.00616905 -0.000757682
internal_weight=220.419 21.0583 14.0725 6.9858 12.3144 10.0012 5.0784 199.361 132.177 67.1839 64.321 24.9828 22.2741 19.3697
internal_count=4200 349 292 57 285 225 37 3851 3055 796 739 234 195 180
is_linear=0
shrinkage=0.05


Tree=206
num_leaves=15
num_cat=0
split_feature=64 66 275 201 181 146 242 190 271 288 288 234 158 176
split_gain=1.50994 1.44073 1.49784 2.34821 2.33448 1.84056 2.01237 2.12822 1.74839 6.52361 4.19869 3.57126 3.75558 3.29426
threshold=1.0000000180025095e-35 1.0000000180025095e-35 1.0000000180025095e-35 1.0000000180025095e-35 1.0000000180025095e-35 1.0000000180025095e-35 1.0000000180025095e-35 1.0000000180025095e-35 1.0000000180025095e-35 1.0000000180025095e-35 1.0000000180025095e-35 1.0000000180025095e-35 1.0000000180025095e-35 1.0000000180025095e-35
decision_type=2 2 2 2 2 2 2 2 2 2 2 2 2 2
left_child=1 2 3 8 5 -4 7 -7 10 11 13 12 -10 -1
right_child=-2 -3 4 -5 -6 6 -8 -9 9 -11 -12 -13 -14 -15
leaf_value=-0.01788160413079317 -0.034491087457072793 -0.06910840401748207 0.0090619783720619646 0.093297943303074449 -0.051813945325087651 -0.032609374200736944 0.06427466724963736 0.01873865760856851 0.0067417110267792499 -0.055546932186234604 0.010501620490617765 0.086395937889953547 0.10057556997506419 0.085610729842647115
leaf_weight=41.583984793163836 2.7318149735219768 0.69213356077670951 118.68174215522595 0.64121675491332908 1.6944508724845935 7.3114599795080686 0.79313247278332788 2.7871967945247889 12.596777855418621 3.1067509232088915 23.177532022120431 1.9868129715323455 1.1649624742567546 0.78340594470500846
leaf_count=1036 47 8 2097 1 52 109 5 22 112 65 590 12 4 3
internal_value=0.0024498 0.00291484 0.0031453 -0.00202398 0.00649419 0.0072567 -0.0124144 -0.0184375 -0.00274817 0.0106693 -0.00660797 0.0237319 0.014685 -0.015968
internal_weight=219.733 217.002 216.309 85.0414 131.268 129.574 10.8918 10.0987 84.4002 18.8553 65.5449 15.7486 13.7617 42.3674
internal_count=4163 4116 4108 1823 2285 2233 136 131 1822 193 1629 128 116 1039
is_linear=0
shrinkage=0.05


Tree=207
num_leaves=15
num_cat=0
split_feature=217 52 234 271 233 196 286 263 288 277 292 287 89 260
split_gain=1.70443 1.94968 1.76765 1.96553 5.38412 6.07046 2.30756 2.4 3.30303 5.25387 2.97486 4.02407 2.18158 2.00243
threshold=1.0000000180025095e-35 1.0000000180025095e-35 1.0000000180025095e-35 1.0000000180025095e-35 1.0000000180025095e-35 1.0000000180025095e-35 2.5000000000000004 1.0000000180025095e-35 1.0000000180025095e-35 1.0000000180025095e-35 1.0000000180025095e-35 1.5000000000000002 1.0000000180025095e-35 1.0000000180025095e-35
decision_type=2 2 2 2 2 2 2 2 2 2 2 2 2 2
left_child=1 2 3 6 5 -5 7 12 13 10 -10 -12 -1 -9
right_child=-2 -3 -4 4 -6 -7 -8 8 9 -11 11 -13 -14 -15
leaf_value=0.0019232779584754751 -0.058355317433880817 0.028255900586751884 0.034540831884859367 -0.04427818203106413 0.0076931991569380818 0.0058351997464066172 -0.01223060443938993 -0.013023888790130831 0.040785020601680835 0.0012280419854800663 0.16658590032828566 0.039535869024799428 0.081382599978782 0.041191948785090027
leaf_weight=105.07698131841607 1.1652502263896156 6.990355026908218 3.9515705853700629 15.127601196756586 27.660514015704393 10.06282402575016 19.928871588665061 8.7351352171972412 7.0561005049385148 7.3906953539699307 1.2715918077155948 1.2223446760326624 0.87097848951816459 2.1156060807406893
leaf_count=2490 33 507 22 366 139 38 250 106 116 63 16 13 5 11
internal_value=0.00195462 0.00227779 0.00141498 0.000781147 -0.00753641 -0.0242594 0.00364179 0.00600698 0.0190848 0.0328802 0.0573756 0.104315 0.0025765 -0.00245324
internal_weight=218.626 217.461 210.471 206.519 52.8509 25.1904 153.668 133.739 27.7915 16.9407 9.55004 2.49394 105.948 10.8507
internal_count=4175 4142 3635 3613 543 404 3070 2820 325 208 145 29 2495 117
is_linear=0
shrinkage=0.05


Tree=208
num_leaves=15
num_cat=0
split_feature=282 148 278 52 252 112 58 91 266 275 277 64 63 151
split_gain=2.55129 2.97666 2.89112 1.81531 1.80041 1.76501 1.65148 2.23006 1.61786 3.09699 2.82479 1.60888 1.62754 1.50148
threshold=1.0000000180025095e-35 1.0000000180025095e-35 1.0000000180025095e-35 1.0000000180025095e-35 1.0000000180025095e-35 1.0000000180025095e-35 1.0000000180025095e-35 1.0000000180025095e-35 1.0000000180025095e-35 1.0000000180025095e-35 1.5000000000000002 1.0000000180025095e-35 1.0000000180025095e-35 1.0000000180025095e-35
decision_type=2 2 2 2 2 2 2 2 2 2 2 2 2 2
left_child=1 5 3 4 8 6 11 -8 13 -10 -11 12 -1 -2
right_child=2 -3 -4 -5 -6 -7 7 -9 9 10 -12 -13 -14 -15
leaf_value=0.0043716090272602733 -0.022848888737052143 -0.045888516704870881 0.022436687494394814 0.050241690206143219 0.031469947726114583 0.051565720151973943 4.1771782411242481e-05 -0.084361060241207569 0.038210438316122169 -0.064700319968433367 0.015480579461553604 -0.036407263283590792 -0.06723392888056634 -0.077958684314535093
leaf_weight=159.10254901763983 27.857634679879997 3.1430736854672423 5.6431887443177393 1.0132324537262309 1.7857017293572415 1.8671440426260222 2.0441580191254607 1.2680946253240111 3.1821440858766428 2.3073688698932528 2.0965594202280045 2.5001791501417747 0.79753338545560737 1.2933311667293299
leaf_count=3574 244 80 61 92 7 9 12 15 16 33 9 40 7 19
internal_value=-0.000476237 0.00231982 -0.0110419 -0.0158205 -0.0175581 0.003224 0.00267931 -0.0322718 -0.0199413 0.000627409 -0.0265289 0.00339216 0.00401446 -0.0252939
internal_weight=215.902 170.723 45.1792 39.536 38.5227 167.58 165.713 3.31225 36.737 7.58607 4.40393 162.4 159.9 29.151
internal_count=4218 3737 481 420 328 3657 3648 27 321 58 42 3621 3581 263
is_linear=0
shrinkage=0.05


Tree=209
num_leaves=15
num_cat=0
split_feature=52 70 104 165 280 64 108 146 41 34 218 50 215 237
split_gain=1.29048 1.99647 1.94814 1.75076 4.74401 2.16792 1.44816 1.26872 1.28406 1.93479 1.16582 1.15682 1.16109 1.12499
threshold=1.0000000180025095e-35 1.0000000180025095e-35 1.0000000180025095e-35 1.0000000180025095e-35 1.0000000180025095e-35 1.0000000180025095e-35 1.0000000180025095e-35 1.0000000180025095e-35 1.0000000180025095e-35 1.0000000180025095e-35 1.0000000180025095e-35 1.0000000180025095e-35 1.0000000180025095e-35 1.0000000180025095e-35
decision_type=2 2 2 2 2 2 2 2 2 2 2 2 2 2
left_child=3 -2 -3 5 7 6 10 8 -5 -10 11 12 13 -1
right_child=1 2 -4 4 -6 -7 -8 -9 9 -11 -12 -13 -14 -15
leaf_value=0.0037760571719839039 -0.15908541803129206 0.031337069679731246 -0.14677668185470394 -0.076186661494103844 0.017824942399565592 -0.057450430396972854 -0.053779187781484432 0.0090905848325373122 -0.063009071368471725 0.052556146693118679 -0.05720383029983353 -0.06266859714834784 -0.05743789645474387 -0.053711126957900861
leaf_weight=195.89871141675394 0.14710522955283512 6.5079125808551899 0.15722917253151525 3.3880800460465235 4.8099958226084709 1.5195954092778254 1.1366715906187881 0.7975863330066203 1.009166242321953 0.56491499394178379 0.80572655238211055 0.66711696004494925 0.78412246890365978 0.85474727209657331
leaf_count=3328 4 498 9 77 38 36 55 6 26 5 15 21 15 49
internal_value=0.0016931 0.0231141 0.0271354 0.00100555 -0.0188306 0.0020452 0.00249691 -0.0494419 -0.05885 -0.0215344 0.00281834 0.00306234 0.00328432 0.00352632
internal_weight=219.049 6.81225 6.66514 212.236 10.5697 201.667 200.147 5.75975 4.96216 1.57408 199.01 198.205 197.538 196.753
internal_count=4182 511 507 3671 152 3519 3483 114 108 31 3428 3413 3392 3377
is_linear=0
shrinkage=0.05


Tree=210
num_leaves=15
num_cat=0
split_feature=89 161 275 205 145 196 145 239 4 91 277 281 278 88
split_gain=2.10694 1.55021 1.71653 1.29264 1.6927 1.32865 1.86868 2.59817 1.85581 7.97726 1.96293 4.32857 3.17917 1.86157
threshold=1.0000000180025095e-35 1.0000000180025095e-35 2.5000000000000004 1.0000000180025095e-35 1.0000000180025095e-35 1.0000000180025095e-35 1.0000000180025095e-35 1.0000000180025095e-35 1.0000000180025095e-35 1.0000000180025095e-35 1.0000000180025095e-35 1.0000000180025095e-35 1.0000000180025095e-35 1.0000000180025095e-35
decision_type=2 2 2 2 2 2 2 2 2 2 2 2 2 2
left_child=1 3 -3 5 -5 6 -1 8 10 -10 11 12 -8 -12
right_child=-2 2 -4 4 -6 -7 7 -9 9 -11 13 -13 -14 -15
leaf_value=-0.0011338138699139454 -0.065435831808715816 -0.064450100068181387 0.015480334756623094 0.040828648387283679 -0.052571086998640229 -0.017910198850036932 0.031201542761003648 -0.023684988787421739 -0.02588010762455837 0.16051326402886837 -0.0074458548014738309 -0.059811945592801979 -0.04368150169761225 0.053566996027284902
leaf_weight=141.45408387994394 1.2325379578396667 1.8866763254627579 1.0430168006569145 0.61701775342225973 2.2688836203888059 8.8056362711358798 28.910820827819414 5.3085747156292191 6.7780935647897413 0.62713945377618063 10.604955010116097 1.4879482933320094 1.4904531873762596 1.4172740951180465
leaf_count=3148 15 31 12 4 45 70 316 73 133 16 225 42 19 8
internal_value=-0.000251725 0.000125997 -0.0359936 0.00063045 -0.0326018 0.00109402 0.00193885 0.0096146 0.0130593 -0.0100947 0.016964 0.0234549 0.0275303 -0.000253184
internal_weight=213.933 212.701 2.92969 209.771 2.8859 206.885 198.079 56.6253 51.3167 7.40523 43.9115 31.8892 30.4013 12.0222
internal_count=4157 4142 43 4099 49 4050 3980 832 759 149 610 377 335 233
is_linear=0
shrinkage=0.05


Tree=211
num_leaves=15
num_cat=0
split_feature=178 88 198 89 219 276 288 267 217 216 263 292 207 91
split_gain=1.71299 2.13927 1.60926 1.38144 1.34611 1.32408 1.31568 3.3937 1.21617 1.18869 1.2135 2.16493 2.18169 1.91385
threshold=1.0000000180025095e-35 1.0000000180025095e-35 1.0000000180025095e-35 1.0000000180025095e-35 1.0000000180025095e-35 1.0000000180025095e-35 1.5000000000000002 1.0000000180025095e-35 1.0000000180025095e-35 1.0000000180025095e-35 1.0000000180025095e-35 1.0000000180025095e-35 1.0000000180025095e-35 1.0000000180025095e-35
decision_type=2 2 2 2 2 2 2 2 2 2 2 2 2 2
left_child=2 6 3 4 5 8 -2 -8 9 10 11 13 -13 -1
right_child=1 -3 -4 -5 -6 -7 7 -9 -10 -11 -12 12 -14 -15
leaf_value=0.0016408283074522646 0.0082674053881821846 -0.054240105077923977 0.081246863254604007 0.055894207168675408 -0.068671363735972962 -0.048478118154214329 0.054149989248383171 -0.013470317201311449 -0.055485945668403196 0.051310975777450599 0.0080641135520142238 -0.033857444335327003 0.059907436123303459 -0.025764573284056624
leaf_weight=87.844547354965471 67.136903798207641 1.2957863621413697 0.61020386219024558 1.0923810675740231 0.72147796675562759 1.4064774997532357 5.1268159369938058 2.9079320705495775 0.97117784712463517 1.1488340841606248 36.615493328310549 7.9391495510935766 0.67295822501182545 6.8686513187130904
leaf_count=2325 515 13 1 10 8 11 23 35 28 8 596 262 2 368
internal_value=0.00339602 0.00945776 0.000218828 -0.000121503 -0.000545881 -0.000203287 0.0105558 0.0296769 0.00027466 0.000658483 0.000242655 -0.00252904 -0.0265306 -0.000346626
internal_weight=222.359 76.4674 145.891 145.281 144.189 143.467 75.1717 8.03475 142.061 141.09 139.941 103.325 8.61211 94.7132
internal_count=4205 586 3619 3618 3608 3600 573 58 3589 3561 3553 2957 264 2693
is_linear=0
shrinkage=0.05


Tree=212
num_leaves=15
num_cat=0
split_feature=184 233 59 292 286 264 201 187 266 161 281 127 59 158
split_gain=2.2484 1.46526 2.40746 2.47527 2.09757 1.82357 2.36071 2.19862 3.49204 2.4815 2.52858 2.1789 1.91354 1.98027
threshold=1.0000000180025095e-35 1.0000000180025095e-35 1.0000000180025095e-35 1.0000000180025095e-35 1.0000000180025095e-35 1.0000000180025095e-35 1.0000000180025095e-35 1.0000000180025095e-35 1.0000000180025095e-35 1.0000000180025095e-35 1.0000000180025095e-35 1.0000000180025095e-35 1.0000000180025095e-35 1.0000000180025095e-35
decision_type=2 2 2 2 2 2 2 2 2 2 2 2 2 2
left_child=1 5 4 -4 -3 6 7 8 -1 10 11 12 13 -9
right_child=-2 2 3 -5 -6 -7 -8 9 -10 -11 -12 -13 -14 -15
leaf_value=0.014042103408225651 -0.10666519256030789 -0.0056540235425655318 0.016167622379907268 -0.021694967030426136 0.047984153233033268 0.0041488961646817648 0.090102950773759544 -0.0057206452686339084 -0.048089386647272421 0.046569088398726227 -0.041657198714432429 0.077419039013132129 -0.055568463545438609 -0.033417315706665694
leaf_weight=20.601010655285794 0.49678746890276571 2.5806432254612464 10.245061241090299 7.4595800824463359 6.2055627405643463 77.213375036139041 0.63676619529724021 67.177710713236593 2.5403666773345313 1.8858488434925664 6.3897876397240898 0.72374316304922004 2.2124502137303343 7.1395970494486383
leaf_count=278 9 19 39 41 37 1177 1 2078 95 19 153 2 52 164
internal_value=-0.000418359 -0.000170569 0.0108332 0.000214799 0.0322298 -0.00173339 -0.00588857 -0.00645105 0.00722156 -0.0101504 -0.0114292 -0.00892901 -0.0097456 -0.00838144
internal_weight=213.508 213.012 26.4908 17.7046 8.78621 186.521 109.307 108.671 23.1414 85.5291 83.6433 77.2535 76.5298 74.3173
internal_count=4164 4155 136 80 56 4019 2842 2841 373 2468 2449 2296 2294 2242
is_linear=0
shrinkage=0.05


Tree=213
num_leaves=15
num_cat=0
split_feature=217 22 124 124 277 241 268 196 178 18 277 165 286 275
split_gain=3.60224 2.36234 5.6086 3.18699 1.65997 1.61631 1.46975 1.36986 1.24072 2.63624 1.94084 2.37509 3.25868 3.19156
threshold=1.0000000180025095e-35 1.0000000180025095e-35 1.0000000180025095e-35 1.0000000180025095e-35 1.0000000180025095e-35 1.0000000180025095e-35 1.0000000180025095e-35 1.0000000180025095e-35 1.0000000180025095e-35 1.0000000180025095e-35 1.0000000180025095e-35 1.0000000180025095e-35 2.5000000000000004 1.0000000180025095e-35
decision_type=2 2 2 2 2 2 2 2 2 2 2 2 2 2
left_child=1 2 -1 5 -2 6 7 8 9 10 11 -3 13 -13
right_child=4 3 -4 -5 -6 -7 -8 -9 -10 -11 -12 12 -14 -15
leaf_value=-0.047585297251535673 -0.053127977759191314 -0.0027651049162100375 0.10402312323456604 -0.052259608250486471 -0.21035222065503123 -0.02544306650441849 -0.047195372816363761 0.021347893045377243 0.0090204980080814956 -0.048837518174862538 0.013195319236200318 0.19017529428874547 -0.060325594274828614 0.032094471528991711
leaf_weight=5.0911950685549519 0.47360687423497339 93.67477536550723 0.6930687054991721 2.5818136682501054 0.26006913743913174 4.6766804987564674 1.3776127076707769 11.557640264276413 69.125619912520051 2.6308028050698331 28.489436703268439 0.52904697600752004 0.45386824384331692 0.80530852684751153
leaf_count=143 29 2373 2 104 4 43 53 73 512 110 711 13 7 25
internal_value=0.00174809 0.00211415 -0.0294196 0.00295898 -0.10886 0.00362728 0.00427889 0.00462101 0.0036332 0.000691264 0.00174248 -0.00167544 0.0554057 0.0947706
internal_weight=222.421 221.687 5.78426 215.903 0.733676 213.321 208.644 207.266 195.709 126.583 123.952 95.463 1.78822 1.33436
internal_count=4202 4169 145 4024 33 3920 3877 3824 3751 3239 3129 2418 45 38
is_linear=0
shrinkage=0.05


Tree=214
num_leaves=15
num_cat=0
split_feature=91 260 52 275 187 158 183 57 155 243 80 272 4 264
split_gain=1.71092 2.62345 2.72994 2.0518 2.28266 3.95078 3.2838 2.26402 2.03043 2.03368 2.23615 2.11087 1.89763 3.41735
threshold=1.0000000180025095e-35 1.0000000180025095e-35 1.0000000180025095e-35 2.5000000000000004 1.0000000180025095e-35 1.0000000180025095e-35 1.0000000180025095e-35 1.0000000180025095e-35 1.0000000180025095e-35 1.0000000180025095e-35 1.0000000180025095e-35 1.0000000180025095e-35 1.0000000180025095e-35 1.0000000180025095e-35
decision_type=2 2 2 2 2 2 2 2 2 2 2 2 2 2
left_child=3 2 8 4 5 -1 7 -6 9 10 11 12 -2 -14
right_child=1 -3 -4 -5 6 -7 -8 -9 -10 -11 -12 -13 13 -15
leaf_value=0.008386118257616329 -0.026876534929333791 0.020072514828941165 0.050364203947554677 0.034117856787947341 -0.00084728703368220986 0.072021760948934851 0.098810362948441977 -0.053106264806028647 0.039108349589410965 0.060381487400167036 -0.082451461014022343 0.055388117217363989 0.098383775203640444 -0.052978451864759891
leaf_weight=24.465169852366675 23.036969540291487 6.2268016543239346 1.4952200772240747 4.9310037717223159 144.67357518104836 2.7091461345553389 0.81886163353919883 2.1026395703665903 1.4338977253064502 0.73097550868987937 1.5496624801307906 0.88252552156336506 0.83749189833179005 0.67221048101782799
leaf_count=344 568 46 108 66 2878 16 5 102 18 2 21 8 26 11
internal_value=0.000297533 -0.00951435 -0.0155273 0.00231045 0.00141303 0.0147303 -0.00103887 -0.00159592 -0.0189079 -0.0219101 -0.0241397 -0.0205862 -0.0233177 0.0309882
internal_weight=216.566 36.8658 30.639 179.7 174.769 27.1743 147.595 146.776 29.1437 27.7098 26.9789 25.4292 24.5467 1.5097
internal_count=4219 808 762 3411 3345 360 2985 2980 654 636 634 613 605 37
is_linear=0
shrinkage=0.05


Tree=215
num_leaves=15
num_cat=0
split_feature=56 51 218 286 164 148 90 282 18 88 281 145 267 57
split_gain=1.52093 1.30534 1.17598 1.18504 4.91989 1.71933 1.61031 1.6272 2.81397 2.30627 1.99672 2.68949 2.97228 2.27902
threshold=1.0000000180025095e-35 1.0000000180025095e-35 1.0000000180025095e-35 1.5000000000000002 1.0000000180025095e-35 1.0000000180025095e-35 1.0000000180025095e-35 1.0000000180025095e-35 1.0000000180025095e-35 1.0000000180025095e-35 1.0000000180025095e-35 1.0000000180025095e-35 1.0000000180025095e-35 1.0000000180025095e-35
decision_type=2 2 2 2 2 2 2 2 2 2 2 2 2 2
left_child=1 2 3 4 5 -1 7 9 -9 10 13 -12 -13 -5
right_child=-2 -3 -4 6 -6 -7 -8 8 -10 -11 11 12 -14 -15
leaf_value=0.003283884653652298 -0.068793735867461181 0.05677235861874326 -0.054493455247318551 -0.0046178337286097021 -0.088465255469116211 -0.076477735903457578 0.059055338897568393 0.030099160657651582 -0.030422430887597236 -0.072177467016915672 0.031356086039779976 0.050941946632467733 -0.06884772879905407 0.051252112629351643
leaf_weight=151.8029246062506 0.71019164565950532 1.1876379253808398 0.84977395832538505 30.02746268094052 1.486871258355676 0.67865314334630866 1.6367169042350713 14.62968401424587 2.210852673277258 0.97218386828899284 11.537303642136974 0.7872562035918228 1.5131305810064077 1.9434283236041654
leaf_count=2955 8 23 17 622 15 28 20 133 19 14 252 20 60 21
internal_value=0.00425965 0.00449413 0.00421201 0.00443957 0.0020463 0.00292889 0.0100862 0.00882642 0.0221538 0.00402872 0.00564603 0.0215132 -0.0278524 -0.00122164
internal_weight=221.974 221.264 220.076 219.226 153.968 152.482 65.258 63.6213 16.8405 46.7808 45.8086 13.8377 2.30039 31.9709
internal_count=4207 4199 4176 4159 2998 2983 1161 1141 152 989 975 332 80 643
is_linear=0
shrinkage=0.05


Tree=216
num_leaves=15
num_cat=0
split_feature=61 231 282 39 18 267 104 278 104 277 4 287 39 242
split_gain=2.66169 1.16857 1.17514 1.15968 5.40026 1.13896 2.55828 2.19226 2.52781 2.05514 3.37357 2.60519 8.88726 1.81266
threshold=1.0000000180025095e-35 1.0000000180025095e-35 1.5000000000000002 1.0000000180025095e-35 1.0000000180025095e-35 1.0000000180025095e-35 1.0000000180025095e-35 1.5000000000000002 1.0000000180025095e-35 1.0000000180025095e-35 1.0000000180025095e-35 1.0000000180025095e-35 1.0000000180025095e-35 1.0000000180025095e-35
decision_type=2 2 2 2 2 2 2 2 2 2 2 2 2 2
left_child=1 2 5 4 -2 6 13 8 9 10 -7 12 -11 -1
right_child=3 -3 -4 -5 -6 7 -8 -9 -10 11 -12 -13 -14 -15
leaf_value=0.0057537462493082586 -0.056324300309657543 0.039566281146375615 0.065072340876164911 -0.038289341308032132 0.11425638523762782 -0.042431715129221226 -0.072997386202184572 0.040399177004699943 0.041611024614252957 -0.0047954462207425632 0.023805914748565818 -0.014566898505956632 0.21546117458132669 -0.019650276958281077
leaf_weight=173.08494037052151 1.2688815305009478 2.2167046484537414 0.76145969610661168 5.6123879584483802 0.73142609000205983 9.9738458660431295 1.0650574029423285 2.2568231730256221 2.0826439177617422 2.1243305364623652 2.3812421073671421 7.45715641672723 0.58385703712701786 7.3187694433145216
leaf_count=3111 27 19 8 62 5 576 27 15 11 37 46 168 18 69
internal_value=0.00240767 0.00345412 0.00307128 -0.0266388 0.00604969 0.00284466 0.00426699 -0.00676478 -0.0110911 -0.0159649 -0.0296655 0.000687018 0.0426896 0.00472313
internal_weight=218.92 211.307 209.09 7.6127 2.00031 208.329 181.469 26.8599 24.6031 22.5204 12.3551 10.1653 2.70819 180.404
internal_count=4199 4105 4086 94 32 4078 3207 871 856 845 622 223 55 3180
is_linear=0
shrinkage=0.05


Tree=217
num_leaves=15
num_cat=0
split_feature=71 286 280 277 288 137 285 104 176 41 274 285 288 267
split_gain=1.43621 1.44945 3.53889 3.48012 2.16167 2.08099 2.07584 2.16857 2.2254 2.02635 1.79225 2.13135 2.11014 1.66898
threshold=1.0000000180025095e-35 1.0000000180025095e-35 1.0000000180025095e-35 1.0000000180025095e-35 1.5000000000000002 1.0000000180025095e-35 1.5000000000000002 1.0000000180025095e-35 1.0000000180025095e-35 1.0000000180025095e-35 1.0000000180025095e-35 4.5000000000000009 1.5000000000000002 1.0000000180025095e-35
decision_type=2 2 2 2 2 2 2 2 2 2 2 2 2 2
left_child=1 2 3 5 -4 6 7 8 13 -5 11 12 -3 -1
right_child=-2 10 4 9 -6 -7 -8 -9 -10 -11 -12 -13 -14 -15
leaf_value=-0.013601348911149409 0.019564156623777321 0.0063401478347667566 -0.054737624321359347 0.010455271412642813 0.020455744384398417 0.058941182240123249 0.025300944670620114 0.035959604448836842 0.063857691391203592 0.07753828607579516 -0.0077921845389328243 0.036534623841670465 -0.036111548944449436 -0.052744056118469079
leaf_weight=50.459040539804846 9.369048207998274 78.427210520370863 5.2308760171290478 22.583835069090131 1.1695044185034928 1.1154362596571434 3.8996105976402751 2.2251525335013858 0.89339905232190986 1.1847733152098943 27.675799270160496 5.6414967058226457 3.0407545815687618 2.8786257412284604
leaf_count=1518 62 1474 54 384 8 19 19 22 4 18 262 33 141 195
internal_value=0.000417539 -0.00045147 -0.00514058 -0.00244816 -0.040998 -0.00873036 -0.009981 -0.012418 -0.014403 0.0137991 0.00329214 0.00681377 0.00475566 -0.0157139
internal_weight=215.795 206.426 91.6403 85.2399 6.40038 61.4713 60.3558 56.4562 54.2311 23.7686 114.785 87.1095 81.468 53.3377
internal_count=4213 4151 2241 2179 62 1777 1758 1739 1717 402 1910 1648 1615 1713
is_linear=0
shrinkage=0.05


Tree=218
num_leaves=15
num_cat=0
split_feature=288 271 241 112 241 286 288 288 1 277 292 275 66 11
split_gain=1.62789 2.72498 2.10719 1.89403 1.75752 1.55051 1.95 1.54239 3.447 4.32263 3.56854 4.54468 2.81501 2.47798
threshold=1.5000000000000002 1.0000000180025095e-35 1.0000000180025095e-35 1.0000000180025095e-35 1.0000000180025095e-35 2.5000000000000004 1.0000000180025095e-35 1.0000000180025095e-35 1.0000000180025095e-35 1.5000000000000002 1.0000000180025095e-35 1.5000000000000002 1.0000000180025095e-35 1.0000000180025095e-35
decision_type=2 2 2 2 2 2 2 2 2 2 2 2 2 2
left_child=2 4 3 7 -2 6 -5 8 9 10 -1 -12 -9 -13
right_child=1 -3 -4 5 -6 -7 -8 12 -10 -11 11 13 -14 -15
leaf_value=0.0039500814972760903 -0.013581142453619237 0.04112072625614608 -0.052060150914505901 -0.065865401760961201 0.076969662805513678 0.054510842408461296 0.036892854405327087 -0.0087564895297023351 -0.054067362292061064 0.053620424853307182 -0.049620881840647404 -0.047707705653766849 0.086625290819513562 0.031442395684754793
leaf_weight=89.498980712844059 6.1692687008762714 5.7473260539118201 2.1458208914846173 0.77404563105665025 0.58683782815933216 2.6364739588461816 1.1440561818890274 87.190011802362278 2.770266478881239 3.9696044414304188 7.4075728617608529 1.326145735569298 0.78047472983598609 3.8880411847494543
leaf_count=1792 191 43 33 18 1 12 9 1856 19 25 130 34 4 23
internal_value=-0.00169839 0.015813 -0.00277416 -0.00224901 -0.00571587 0.0296276 -0.00457501 -0.00298662 0.000992194 0.00242993 0.000440067 -0.0244489 -0.00791026 0.0113118
internal_weight=216.035 12.5034 203.531 201.386 6.75611 4.55458 1.9181 196.831 108.861 106.09 102.121 12.6218 87.9705 5.21419
internal_count=4190 235 3955 3922 192 39 27 3883 2023 2004 1979 187 1860 57
is_linear=0
shrinkage=0.05


Tree=219
num_leaves=15
num_cat=0
split_feature=63 96 3 37 231 165 280 278 51 52 285 174 230 149
split_gain=1.468 1.37765 1.36311 1.1331 1.11103 1.49282 3.18815 2.16949 1.93496 1.10308 1.21862 1.09038 1.01717 0.976209
threshold=1.0000000180025095e-35 1.0000000180025095e-35 1.0000000180025095e-35 1.0000000180025095e-35 1.0000000180025095e-35 1.0000000180025095e-35 1.0000000180025095e-35 1.5000000000000002 1.0000000180025095e-35 1.0000000180025095e-35 1.0000000180025095e-35 1.0000000180025095e-35 1.0000000180025095e-35 1.0000000180025095e-35
decision_type=2 2 2 2 2 2 2 2 2 2 2 2 2 2
left_child=1 2 3 4 5 7 8 11 9 -7 -11 12 13 -1
right_child=-2 -3 -4 -5 -6 6 -8 -9 -10 10 -12 -13 -14 -15
leaf_value=0.0022667420196832186 -0.066306048029415796 -0.059019758704361318 -0.055607143094616562 0.051372047816801485 0.042125145047301478 -0.056748036607212726 0.016694909647225552 0.05672547436132086 0.055995100242178734 0.050285564180358136 -0.090470404851773489 0.066714949200540441 -0.055005492482882168 -0.061600003084440191
leaf_weight=197.24783850810491 0.79737399891018768 0.93131138663738866 1.0246908046537999 1.1651617735624302 1.7054287106730033 4.902176137082277 4.1835851636715233 1.8316181488335121 0.48416892904788245 0.52130487607792009 0.21810763701796532 0.64996172301471133 0.78361649345606466 0.60014026379212637
leaf_count=3762 8 14 92 24 17 104 68 14 3 40 8 7 18 18
internal_value=0.00141182 0.00166151 0.00192398 0.00219907 0.00193025 0.00160602 -0.0169508 0.00255726 -0.0399291 -0.0481614 0.00876618 0.0020594 0.00184783 0.00207301
internal_weight=217.046 216.249 215.318 214.293 213.128 211.423 10.3093 201.113 6.12576 5.64159 0.739413 199.282 198.632 197.848
internal_count=4197 4189 4175 4083 4059 4042 223 3819 155 152 48 3805 3798 3780
is_linear=0
shrinkage=0.05


Tree=220
num_leaves=15
num_cat=0
split_feature=127 54 266 287 41 102 292 267 252 219 16 275 75 280
split_gain=1.82766 1.20619 1.14498 3.01403 3.56123 2.7177 2.66633 2.58584 2.51077 2.34447 2.1794 1.95927 1.85738 2.22431
threshold=1.0000000180025095e-35 1.0000000180025095e-35 1.0000000180025095e-35 1.0000000180025095e-35 1.0000000180025095e-35 1.0000000180025095e-35 1.0000000180025095e-35 1.0000000180025095e-35 1.0000000180025095e-35 1.0000000180025095e-35 1.0000000180025095e-35 1.5000000000000002 1.0000000180025095e-35 1.0000000180025095e-35
decision_type=2 2 2 2 2 2 2 2 2 2 2 2 2 2
left_child=1 2 9 4 6 7 -4 8 -5 10 12 -10 13 -1
right_child=-2 -3 3 5 -6 -7 -8 -9 11 -11 -12 -13 -14 -15
leaf_value=0.00056029498755422375 0.051960045184287144 0.055085248438454297 -0.031112336668141862 0.016892324145636444 0.063125192058090959 -0.049726474171458208 0.047373419926664606 -0.043734483589526911 0.0070354405648768272 -0.070033102507998268 -0.045844362233530528 -0.060143898417520561 0.05582478483818433 -0.015304588733239782
leaf_weight=112.04707599407993 1.6608308604918409 0.96498044114559789 11.910233539529139 48.393408035393804 1.2888104633893824 1.8764422088861454 1.1902554088737822 2.0424370705150059 2.4652856374159446 1.311574913561343 2.8922432274557641 1.9389449297450481 1.3752517849206913 27.519654278177768
leaf_count=2474 7 12 393 646 26 14 13 73 20 16 71 41 7 399
internal_value=-0.000291754 -0.00069127 -0.000940162 0.00425788 -0.0161795 0.00944296 -0.0239815 0.0114675 0.013603 -0.00348664 -0.00287983 -0.02254 -0.00199816 -0.00256793
internal_weight=218.877 217.217 216.252 71.1058 14.3893 56.7165 13.1005 54.8401 52.7976 145.146 143.834 4.40423 140.942 139.567
internal_count=4212 4205 4193 1226 432 794 406 780 707 2967 2951 61 2880 2873
is_linear=0
shrinkage=0.05


Tree=221
num_leaves=15
num_cat=0
split_feature=89 51 286 205 266 61 66 146 63 285 18 233 282 164
split_gain=1.90925 1.76493 1.30329 2.24791 2.06929 9.00983 4.14516 4.30454 3.08183 2.22787 2.07147 2.40557 2.28367 2.20763
threshold=1.0000000180025095e-35 1.0000000180025095e-35 1.5000000000000002 1.0000000180025095e-35 1.0000000180025095e-35 1.0000000180025095e-35 1.0000000180025095e-35 1.0000000180025095e-35 1.0000000180025095e-35 1.5000000000000002 1.0000000180025095e-35 1.0000000180025095e-35 1.0000000180025095e-35 1.0000000180025095e-35
decision_type=2 2 2 2 2 2 2 2 2 2 2 2 2 2
left_child=1 2 4 -4 8 6 7 10 9 -1 12 -12 13 -6
right_child=-2 -3 3 -5 5 -7 -8 -9 -10 -11 11 -13 -14 -15
leaf_value=-0.0065951194537663578 -0.066614125013160094 0.056127977078364012 0.0023314541704933882 0.089396538871443776 -0.013821857665612683 0.19356231462687948 0.099413605456558182 0.055607614579316691 0.097267080746541237 0.010471125286978423 -0.009745262854973312 -0.092029676804439242 -0.071883372522723185 -0.087242405952279764
leaf_weight=90.741538924630731 1.1633576387539495 1.2809465082827944 59.870575368171558 0.75065818009897967 19.10236849426294 0.49805915541946788 0.6978142261505117 1.6015576077625144 0.77152373641729255 24.228973658755422 1.382333125919103 2.4849232099950314 2.1570072029717258 1.0818205215036858
leaf_count=2115 13 23 1167 3 548 2 2 18 3 192 17 16 34 12
internal_value=-0.00273993 -0.00238035 -0.00274528 0.00340956 -0.00532296 -0.017265 -0.0209483 -0.0239685 -0.00233021 -0.00299857 -0.0288312 -0.0626175 -0.0229828 -0.017757
internal_weight=207.813 206.65 205.369 60.6212 144.748 29.0059 28.5078 27.81 115.742 114.971 26.2085 3.86726 22.3412 20.1842
internal_count=4165 4152 4129 1170 2959 649 647 645 2310 2307 627 33 594 560
is_linear=0
shrinkage=0.05


Tree=222
num_leaves=15
num_cat=0
split_feature=158 288 271 287 59 124 264 280 277 187 124 280 11 100
split_gain=1.48001 4.12787 2.79535 2.98818 2.33977 1.72029 2.0212 1.62254 2.08181 1.5387 1.50519 1.2818 2.15886 1.67105
threshold=1.0000000180025095e-35 1.0000000180025095e-35 1.0000000180025095e-35 1.5000000000000002 1.0000000180025095e-35 1.0000000180025095e-35 1.0000000180025095e-35 1.0000000180025095e-35 1.0000000180025095e-35 1.0000000180025095e-35 1.0000000180025095e-35 1.0000000180025095e-35 1.0000000180025095e-35 1.0000000180025095e-35
decision_type=2 2 2 2 2 2 2 2 2 2 2 2 2 2
left_child=5 2 3 -2 9 -1 -7 8 -8 -3 11 13 -13 -11
right_child=1 4 -4 -5 -6 6 7 -9 -10 10 -12 12 -14 -15
leaf_value=0.0036291981700516391 -0.069288666965310067 0.060006448155262015 0.0073993587306037945 0.012374872390788789 -0.061710847317719322 -0.0071722605252693833 -0.050830930203903939 0.017158237859366359 -0.27779133975121884 -0.027873307323818139 0.051818290670116299 0.060363291926075424 -0.044484743073204769 0.061996331576791047
leaf_weight=189.46139312849846 5.3800987680442631 1.7099403021857114 2.758059642277658 1.4147527627646921 1.0486367261037237 1.0280682372394938 0.18219865532591928 0.14665028383024037 0.22681718319654465 4.1588496591430157 1.6056949440389869 1.6211802237667146 0.70422265073284496 0.59072550944983948
leaf_count=3748 129 16 21 18 20 43 23 10 8 93 13 12 24 11
internal_value=0.0018107 -0.0107912 -0.0350537 -0.0522855 0.00947038 0.0031954 -0.0486991 -0.12553 -0.17669 0.0166541 0.00811445 -0.00180431 0.0286112 -0.0166958
internal_weight=212.037 20.9922 9.55291 6.79485 11.4393 191.045 1.58373 0.555666 0.409016 10.3906 8.68067 7.07498 2.3254 4.74958
internal_count=4189 357 168 147 189 3832 84 41 31 169 153 140 36 104
is_linear=0
shrinkage=0.05


Tree=223
num_leaves=15
num_cat=0
split_feature=218 54 38 108 237 136 127 116 12 230 249 208 37 215
split_gain=1.08414 1.01731 0.993532 1.16717 0.961584 0.910954 0.879346 0.864323 0.866915 0.869067 0.853569 0.858652 0.809097 0.794565
threshold=1.0000000180025095e-35 1.0000000180025095e-35 1.0000000180025095e-35 1.0000000180025095e-35 1.0000000180025095e-35 1.0000000180025095e-35 1.0000000180025095e-35 1.0000000180025095e-35 1.0000000180025095e-35 1.0000000180025095e-35 1.0000000180025095e-35 1.0000000180025095e-35 1.0000000180025095e-35 1.0000000180025095e-35
decision_type=2 2 2 2 2 2 2 2 2 2 2 2 2 2
left_child=1 2 3 4 5 6 7 8 9 10 11 12 13 -1
right_child=-2 -3 -4 -5 -6 -7 -8 -9 -10 -11 -12 -13 -14 -15
leaf_value=0.003656398831707275 -0.056695459191029057 0.054637409097176293 0.042469339687232731 -0.042913512947665981 -0.052737340137549521 -0.045141003837845764 0.037823269986466776 -0.060480735670605738 -0.054754030900827456 -0.050479991928301028 -0.054571011656750823 -0.053068966773520382 0.051206681111874375 -0.057067509064680638
leaf_weight=205.90801329270471 0.76588824391364951 0.94589671865105529 1.5569665622897435 1.4127537908498187 0.77983950183261086 0.9828099999576797 1.8085824493318785 0.53805934730917115 0.6483873468823721 0.75267331628128786 0.63427143497392435 0.66817217320203681 0.89250517077743907 0.54011677391827007
leaf_count=3907 15 13 17 73 55 27 8 12 21 20 21 14 21 11
internal_value=0.00268842 0.00289699 0.00267158 0.00238413 0.00268296 0.00288551 0.00310775 0.00280959 0.00297172 0.00315046 0.00334393 0.00352053 0.0037029 0.00349753
internal_weight=218.835 218.069 217.123 215.566 214.153 213.374 212.391 210.582 210.044 209.396 208.643 208.009 207.341 206.448
internal_count=4235 4220 4207 4190 4117 4062 4035 4027 4015 3994 3974 3953 3939 3918
is_linear=0
shrinkage=0.05


Tree=224
num_leaves=15
num_cat=0
split_feature=88 288 278 285 61 241 275 292 18 147 108 91 90 137
split_gain=1.30398 1.48495 2.58596 2.00138 1.68609 1.31955 1.27651 1.95083 1.72723 1.36239 1.32623 1.2509 1.1912 1.15226
threshold=1.0000000180025095e-35 1.5000000000000002 1.0000000180025095e-35 3.5000000000000004 1.0000000180025095e-35 1.0000000180025095e-35 2.5000000000000004 1.0000000180025095e-35 1.0000000180025095e-35 1.0000000180025095e-35 1.0000000180025095e-35 1.0000000180025095e-35 1.0000000180025095e-35 1.0000000180025095e-35
decision_type=2 2 2 2 2 2 2 2 2 2 2 2 2 2
left_child=1 2 4 -3 6 -4 9 -8 -9 10 12 -5 13 -1
right_child=-2 3 5 11 -6 -7 7 8 -10 -11 -12 -13 -14 -15
leaf_value=0.0050921452429221158 -0.024776417610841175 -0.013513760780106783 -0.0094783091181866678 0.048721651697255952 -0.026273038258875964 -0.052842761472919803 0.056574496352097048 -0.037089321705533744 0.035993168353482208 0.06005860255350947 -0.053287540326169405 0.0088239546950861242 -0.057463702453425691 -0.045485674228607019
leaf_weight=157.08062569843605 4.2025009319186202 3.0888438249239689 22.679982023080814 5.1820540679618698 4.3367675431072703 1.901336840353905 2.9969061268493524 1.5680132918059826 1.6690191337838769 1.0937841064296652 1.0016496647149313 3.1641102945432067 0.77366840746253629 1.1342177186161269
leaf_count=3261 45 170 337 24 69 28 48 17 15 17 51 27 22 31
internal_value=0.00279772 0.00335572 0.0023351 0.0208707 0.00450713 -0.0128325 0.00530493 0.0275051 0.000592128 0.00444578 0.00406558 0.0335961 0.00442692 0.00472956
internal_weight=211.873 207.671 196.236 11.435 171.655 24.5813 167.318 6.23394 3.23703 161.084 159.99 8.34616 158.989 158.215
internal_count=4162 4117 3896 221 3531 365 3462 80 32 3382 3365 51 3314 3292
is_linear=0
shrinkage=0.05


Tree=225
num_leaves=15
num_cat=0
split_feature=239 127 201 91 275 165 183 1 282 108 4 145 278 264
split_gain=1.93116 1.68502 1.63198 1.5109 2.21294 1.85053 2.07175 1.75589 1.4473 1.22692 1.22167 1.67464 4.68461 2.36358
threshold=1.0000000180025095e-35 1.0000000180025095e-35 1.0000000180025095e-35 1.0000000180025095e-35 2.5000000000000004 1.0000000180025095e-35 1.0000000180025095e-35 1.0000000180025095e-35 1.0000000180025095e-35 1.0000000180025095e-35 1.0000000180025095e-35 1.0000000180025095e-35 1.0000000180025095e-35 1.0000000180025095e-35
decision_type=2 2 2 2 2 2 2 2 2 2 2 2 2 2
left_child=1 2 3 4 7 6 -5 9 -6 10 11 13 -13 -1
right_child=-2 -3 -4 5 8 -7 -8 -9 -10 -11 -12 12 -14 -15
leaf_value=-0.0038325425196186489 -0.027040039544475338 0.054095671246367195 -0.082416457240322927 -0.00017261789230745765 0.016966724005050723 -0.042572777232263409 -0.063264717124923597 0.025487522695052063 0.073821536225406326 -0.053151229438443595 -0.0070832968616291285 0.017580124622872631 -0.069593253417507647 0.012900174801355397
leaf_weight=66.390189649537206 5.4388528056442729 1.6096519008278836 0.56108313798904319 30.916927067446522 2.9524545413441947 3.2209600373171261 1.3583148829638947 8.9563562050461751 1.8028491525910793 0.97589277173392375 24.950166953727603 36.277349417097867 1.6095297760330129 30.940023602452129
leaf_count=1862 75 6 4 688 44 87 20 33 17 53 376 450 31 463
internal_value=0.00237963 0.00313254 0.00274359 0.00297075 0.00488002 -0.00643436 -0.00282787 0.00393953 0.0385217 0.00274189 0.00308245 0.00495822 0.0138768 0.00148657
internal_weight=217.961 212.522 210.912 210.351 174.855 35.4962 32.2752 170.1 4.7553 161.143 160.167 135.217 37.8869 97.3302
internal_count=4209 4134 4128 4124 3329 795 708 3268 61 3235 3182 2806 481 2325
is_linear=0
shrinkage=0.05


Tree=226
num_leaves=15
num_cat=0
split_feature=124 164 241 266 73 3 137 264 71 275 70 145 174 149
split_gain=1.30613 2.55045 1.25266 1.60626 1.04432 0.979142 1.21109 11.9428 1.03534 2.16158 2.03116 1.25575 0.979954 0.963039
threshold=1.0000000180025095e-35 1.0000000180025095e-35 1.0000000180025095e-35 1.0000000180025095e-35 1.0000000180025095e-35 1.0000000180025095e-35 1.0000000180025095e-35 1.0000000180025095e-35 1.0000000180025095e-35 1.0000000180025095e-35 1.0000000180025095e-35 1.0000000180025095e-35 1.0000000180025095e-35 1.0000000180025095e-35
decision_type=2 2 2 2 2 2 2 2 2 2 2 2 2 2
left_child=2 -2 4 -4 5 6 8 -8 10 -10 11 -1 13 -12
right_child=1 -3 3 -5 -6 -7 7 -9 9 -11 12 -13 -14 -15
leaf_value=-0.030771135105716205 -0.051540166511026823 0.069751356894678623 -0.057140037922636888 0.0024377841962000381 -0.039882767575993822 -0.052469425114971519 -0.045498441199779416 0.27686312511452632 0.05274677363531121 -0.014145196459418488 0.0028431776430551869 -0.1467832541475855 0.064049189690267558 -0.061734219853976757
leaf_weight=0.81202127155847736 2.5223612848203625 0.52332723140716542 2.0054032942280164 2.5956023745238781 1.4203316491330031 0.7886324911378314 0.96908318251371273 0.40839942637830973 2.9653180390596381 2.0375659894198179 197.96110713831149 0.32726640021428466 0.65209837560541828 0.57901688339188595
leaf_count=28 107 1 32 13 125 72 30 6 7 25 3674 10 9 18
internal_value=0.00181291 -0.0306992 0.00227666 -0.0235299 0.00284499 0.00313746 0.00334961 0.0500761 0.00303614 0.0255031 0.00247508 -0.0640962 0.00285583 0.00265485
internal_weight=216.568 3.04569 213.522 4.60101 208.921 207.501 206.712 1.37748 205.334 5.00288 200.332 1.13929 199.192 198.54
internal_count=4157 108 4049 45 4004 3879 3807 36 3771 32 3739 38 3701 3692
is_linear=0
shrinkage=0.05


Tree=227
num_leaves=15
num_cat=0
split_feature=63 184 52 183 183 145 263 11 41 282 91 275 266 59
split_gain=1.44957 1.31791 1.59345 3.00279 1.64528 1.62603 2.37535 2.18114 3.02044 2.76145 5.12052 2.11455 2.77798 4.16581
threshold=1.0000000180025095e-35 1.0000000180025095e-35 1.0000000180025095e-35 1.0000000180025095e-35 1.0000000180025095e-35 1.0000000180025095e-35 1.0000000180025095e-35 1.0000000180025095e-35 1.0000000180025095e-35 1.0000000180025095e-35 1.0000000180025095e-35 2.5000000000000004 1.0000000180025095e-35 1.0000000180025095e-35
decision_type=2 2 2 2 2 2 2 2 2 2 2 2 2 2
left_child=1 2 4 -4 5 6 11 8 -7 10 -9 12 13 -1
right_child=-2 -3 3 -5 -6 7 -8 9 -10 -11 -12 -13 -14 -15
leaf_value=-0.013058792495563326 -0.065597705448798505 -0.080067673753268162 0.030567739271014999 -0.11818120501632973 0.016042998746158839 0.013239894690170527 0.0035404519502216167 -0.058690979775421259 -0.061906552385079264 0.00063450850642554862 0.067826456493755877 0.019643728991590781 -0.029405800356876007 0.025468154697805667
leaf_weight=54.310134953353554 0.8950764462351789 0.53690293990075488 6.2613397205714127 0.35871717613190401 11.382810050155966 36.950896773603745 38.463801836478524 4.9585228823125389 1.387397453887387 19.893405365291983 0.953542174771428 5.1750407301587975 20.225790212862194 8.0572503833100182
leaf_count=1718 10 9 493 5 83 465 441 97 43 115 12 50 554 64
internal_value=-0.00210387 -0.00183184 -0.00163026 0.0225076 -0.00242226 -0.00352632 -0.0068203 0.00295608 0.0105205 -0.00828207 -0.0382853 -0.0113608 -0.0133035 -0.00808149
internal_weight=209.811 208.916 208.379 6.62006 201.759 190.376 126.232 64.1438 38.3383 25.8055 5.91207 87.7682 82.5932 62.3674
internal_count=4159 4149 4140 498 3642 3559 2827 732 508 224 109 2386 2336 1782
is_linear=0
shrinkage=0.05


Tree=228
num_leaves=15
num_cat=0
split_feature=57 239 137 136 260 73 277 218 249 271 237 108 174 59
split_gain=2.07678 2.04726 1.38928 1.32803 1.14309 1.06393 1.04292 0.999853 0.930474 0.894019 0.889629 0.942192 0.806144 0.870138
threshold=1.0000000180025095e-35 1.0000000180025095e-35 1.0000000180025095e-35 1.0000000180025095e-35 1.0000000180025095e-35 1.0000000180025095e-35 1.0000000180025095e-35 1.0000000180025095e-35 1.0000000180025095e-35 1.0000000180025095e-35 1.0000000180025095e-35 1.0000000180025095e-35 1.0000000180025095e-35 1.0000000180025095e-35
decision_type=2 2 2 2 2 2 2 2 2 2 2 2 2 2
left_child=1 2 3 5 -2 7 -7 8 10 -3 11 12 13 -1
right_child=4 9 -4 -5 -6 6 -8 -9 -10 -11 -12 -13 -14 -15
leaf_value=0.0070021878045386041 -0.052221095752973172 -0.04439946945535983 -0.048124753811265637 -0.059246149020304166 0.00295463514727331 -0.05648082965832249 0.043327309724681844 -0.054915637389234898 -0.053819541477858834 0.0043871023250122492 -0.045107894445006347 -0.043647624142521241 0.06299658362419594 -0.0017888231272172013
leaf_weight=162.97674824378919 2.6590003725141278 3.2026048456318668 1.27601665444672 0.82117128651589055 1.4509024284780023 1.278419370879418 0.32911445759236801 0.6987121906131496 0.67008989187888701 1.3286099722608922 0.87497515417635341 0.97354259295388956 0.61118176952004333 34.024679604102857
leaf_count=3355 120 48 36 26 8 141 7 15 22 16 54 51 8 287
internal_value=0.0024557 0.00314765 0.00388409 0.00421059 -0.0327426 0.004468 -0.0360469 0.0047923 0.00500075 -0.0300946 0.00519836 0.00542001 0.00566174 0.00548387
internal_weight=213.176 209.066 204.535 203.259 4.1099 202.437 1.60753 200.83 200.131 4.53121 199.461 198.586 197.613 197.001
internal_count=4194 4066 4002 3966 128 3940 148 3792 3777 64 3755 3701 3650 3642
is_linear=0
shrinkage=0.05


Tree=229
num_leaves=15
num_cat=0
split_feature=184 52 183 198 163 237 73 17 176 149 37 168 216 270
split_gain=1.30553 1.61004 2.78009 1.40002 1.08133 1.04056 1.02039 0.978046 0.982294 0.955362 0.946036 0.937657 0.907651 1.30713
threshold=1.0000000180025095e-35 1.0000000180025095e-35 1.0000000180025095e-35 1.0000000180025095e-35 1.0000000180025095e-35 1.0000000180025095e-35 1.0000000180025095e-35 1.0000000180025095e-35 1.0000000180025095e-35 1.0000000180025095e-35 1.0000000180025095e-35 1.0000000180025095e-35 1.0000000180025095e-35 1.0000000180025095e-35
decision_type=2 2 2 2 2 2 2 2 2 2 2 2 2 2
left_child=1 3 -3 4 5 6 7 8 9 10 11 12 13 -1
right_child=-2 2 -4 -5 -6 -7 -8 -9 -10 -11 -12 -13 -14 -15
leaf_value=0.0025290303502633928 -0.074012629681014339 0.034778948555352227 -0.10244401063285252 -0.052356684901770104 -0.055025123082888684 -0.052697793170322242 -0.041804902031001921 -0.056035092411635394 -0.03635574141052824 -0.06241558451330631 0.051294655842789083 -0.058887288331739965 0.047733538309979728 -0.053869193436663257
leaf_weight=197.19188548787497 0.57362734340131183 5.9695857935585073 0.39342735521495331 1.2331129545345891 0.8553048986941566 0.88797247607726504 1.3485571986529965 0.7275970196351399 1.6523308348841954 0.56773576466366549 0.98994204495102067 0.62426932901143928 1.1022396786138404 1.0327498998958606
leaf_count=3284 10 496 5 16 39 66 132 22 19 21 21 11 7 44
internal_value=0.00131761 0.00151899 0.0262944 0.000761853 0.00107831 0.00131111 0.00154478 0.00183151 0.00203875 0.00235358 0.00253657 0.00229518 0.00248679 0.0022352
internal_weight=215.15 214.577 6.36301 208.214 206.981 206.125 205.237 203.889 203.161 201.509 200.941 199.951 199.327 198.225
internal_count=4193 4183 501 3682 3666 3627 3561 3429 3407 3388 3367 3346 3335 3328
is_linear=0
shrinkage=0.05


Tree=230
num_leaves=15
num_cat=0
split_feature=158 1 288 266 145 292 275 278 57 105 124 264 293 127
split_gain=4.09417 2.97194 5.41461 2.83036 3.88132 3.02333 2.33587 2.25561 2.10276 1.72755 1.71948 2.78189 2.32644 1.61559
threshold=1.0000000180025095e-35 1.0000000180025095e-35 1.0000000180025095e-35 1.0000000180025095e-35 1.0000000180025095e-35 1.0000000180025095e-35 1.0000000180025095e-35 1.0000000180025095e-35 1.0000000180025095e-35 1.0000000180025095e-35 1.0000000180025095e-35 1.0000000180025095e-35 1.0000000180025095e-35 1.0000000180025095e-35
decision_type=2 2 2 2 2 2 2 2 2 2 2 2 2 2
left_child=1 8 -3 4 6 9 -2 -4 10 -6 -1 -12 -13 -8
right_child=3 2 7 -5 5 -7 13 -9 -10 -11 11 12 -14 -15
leaf_value=0.0048294501801208912 0.065361468198813208 -0.10452257407673389 -0.028713492257203446 -0.057531084464231552 -0.059797492592895823 0.031059375846732691 -0.02611476900297709 0.026902510198196485 -0.034022319952569241 0.012263225671677648 -0.0016142394766470456 -0.05389891809275843 -0.26459843915245868 0.035208564666561401
leaf_weight=175.05313909985125 1.8270057572517551 1.7526164706796388 4.6956141879782081 4.3844226081855586 5.5942604022566229 1.4334706841036675 2.6990908412262797 2.9801062126643956 3.6447789482772341 0.97695867717266072 1.1447357756551344 0.32467302540317167 0.21963578648865223 1.7838903246447442
leaf_count=3583 21 15 29 115 148 18 43 21 110 4 41 32 5 8
internal_value=-5.95707e-05 0.00213945 -0.0252264 -0.0223819 -0.0116162 -0.0347321 0.0177081 -0.00712052 0.00356979 -0.0490841 0.00434502 -0.0458618 -0.138919 -0.00171268
internal_weight=208.514 189.815 9.42834 18.6991 14.3147 8.00469 6.30999 7.67572 180.387 6.57122 176.742 1.68904 0.544309 4.48298
internal_count=4193 3836 65 357 242 170 72 50 3771 152 3661 78 37 51
is_linear=0
shrinkage=0.05


Tree=231
num_leaves=15
num_cat=0
split_feature=145 52 4 127 183 34 88 89 264 271 266 0 64 275
split_gain=2.03237 3.27292 3.35501 3.79392 2.57272 2.44515 1.69386 1.68149 1.78447 2.1455 3.79694 2.55912 2.17722 2.0098
threshold=1.0000000180025095e-35 1.0000000180025095e-35 1.0000000180025095e-35 1.0000000180025095e-35 1.0000000180025095e-35 1.0000000180025095e-35 1.0000000180025095e-35 1.0000000180025095e-35 1.0000000180025095e-35 1.0000000180025095e-35 1.0000000180025095e-35 1.0000000180025095e-35 1.0000000180025095e-35 1.5000000000000002
decision_type=2 2 2 2 2 2 2 2 2 2 2 2 2 2
left_child=1 2 7 5 6 -4 -2 8 -1 12 -11 -12 13 -10
right_child=4 -3 3 -5 -6 -7 -8 -9 9 10 11 -13 -14 -15
leaf_value=-0.0099144983365923312 0.004572475088246741 0.041803808228097067 -0.057643634736571407 0.080914863598208903 -0.090039194767397329 0.051380408486492016 0.060441462530611473 0.05933139353957731 0.015603054542586373 -0.074618900536027155 -0.015275533997116508 0.046323910064646812 0.065549123165690518 -0.010986800436455099
leaf_weight=82.563424427527934 67.572245217161253 3.5297931784298262 6.5829487456940106 0.60868477821350087 0.70900312997400661 0.55786284059286106 1.384470410645007 1.0066420510411251 20.11686989758164 2.2135176276788089 8.0421111646573973 2.1333451494574556 1.6266517210751761 10.988373548723755
leaf_count=2118 946 290 177 1 8 9 7 7 332 48 79 9 8 157
internal_value=-0.00225838 -0.00573158 -0.00696135 -0.0389122 0.00471988 -0.0491263 0.00569418 -0.00503733 -0.00554481 0.00245098 -0.0152711 -0.00236084 0.00915875 0.00620981
internal_weight=209.636 139.97 136.44 7.7495 69.6657 7.14081 68.9567 128.691 127.684 45.1209 12.389 10.1755 32.7319 31.1052
internal_count=4196 3235 2945 187 961 186 953 2758 2751 633 136 88 497 489
is_linear=0
shrinkage=0.05


Tree=232
num_leaves=15
num_cat=0
split_feature=278 275 220 286 231 137 264 54 18 285 61 241 285 201
split_gain=1.25733 1.1995 1.10875 1.40901 1.06105 0.999485 5.89756 0.907728 0.927877 4.69337 2.19233 1.66464 1.22596 2.03383
threshold=1.5000000000000002 2.5000000000000004 1.0000000180025095e-35 2.5000000000000004 1.0000000180025095e-35 1.0000000180025095e-35 1.0000000180025095e-35 1.0000000180025095e-35 1.0000000180025095e-35 4.5000000000000009 1.0000000180025095e-35 1.0000000180025095e-35 1.0000000180025095e-35 1.0000000180025095e-35
decision_type=2 2 2 2 2 2 2 2 2 2 2 2 2 2
left_child=2 -2 4 -4 5 7 -7 8 10 -10 11 12 13 -1
right_child=1 -3 3 -5 -6 6 -8 -9 9 -11 -12 -13 -14 -15
leaf_value=-0.0022773872786626464 0.036307471929715687 -0.019205429691448006 -0.076038474960326286 -0.0026359444767667167 0.034374823262429348 -0.041240486551735893 0.15753315145228533 0.055012098018851367 -0.050013217924977128 0.0019243856817920107 -0.051753078458709134 -0.049050383060165702 0.006940469687466826 0.087692672401920038
leaf_weight=107.11233307386283 4.2994987519923589 1.2577467630617318 1.0910615334287277 1.6312373694963753 2.2290079444646826 0.91591101465746649 0.62971988413482904 0.73065983504056831 5.6294790001120445 19.133785745128989 1.9883316168561567 1.642537242732941 65.107860021525994 0.63184714317321677
leaf_count=3000 46 21 19 11 15 29 12 10 183 110 38 22 673 1
internal_value=0.000271391 0.0237435 -0.0003543 -0.0320547 6.51286e-05 -0.000310636 0.0397437 -0.000617153 -0.000819125 -0.00988269 0.000452632 0.00104751 0.00152356 -0.00174977
internal_weight=214.031 5.55725 208.474 2.7223 205.751 203.522 1.54563 201.977 201.246 24.7633 176.483 174.495 172.852 107.744
internal_count=4190 67 4123 30 4093 4078 41 4037 4027 293 3734 3696 3674 3001
is_linear=0
shrinkage=0.05


Tree=233
num_leaves=15
num_cat=0
split_feature=57 252 63 288 104 1 148 104 287 145 146 89 291 275
split_gain=2.31466 1.75237 1.40975 1.34688 2.98944 2.50439 2.25916 2.07331 2.04762 2.45124 2.74628 2.40486 1.91474 1.86037
threshold=1.0000000180025095e-35 1.0000000180025095e-35 1.0000000180025095e-35 1.0000000180025095e-35 1.0000000180025095e-35 1.0000000180025095e-35 1.0000000180025095e-35 1.0000000180025095e-35 1.0000000180025095e-35 1.0000000180025095e-35 1.0000000180025095e-35 1.0000000180025095e-35 1.5000000000000002 1.5000000000000002
decision_type=2 2 2 2 2 2 2 2 2 2 2 2 2 2
left_child=1 2 3 5 8 6 7 13 9 11 -11 -5 -10 -1
right_child=-2 -3 -4 4 -6 -7 -8 -9 12 10 -12 -13 -14 -15
leaf_value=-0.0013710397549789282 -0.035427645137562566 -0.021345612017302069 0.062756797127259928 -0.0023383591975545052 0.07460985401805463 -0.049929475226788637 -0.096521158233020876 -0.070614588549053905 0.011114279106541593 -0.052345291342343447 0.06948434201518669 0.083881205979686832 -0.07365098458067823 0.019711933608807256
leaf_weight=86.455894911428913 4.217829829780384 7.7481710694264612 0.97850094735622306 21.260214348672896 1.5997222755104292 2.5910190446302286 0.6043181661516418 1.0159600088372815 67.674129298189655 4.1737276475178069 0.52022784948348988 0.84073782991617818 0.67283634841442008 11.904211810091509
leaf_count=1694 138 126 5 737 6 17 12 31 1117 109 1 5 5 187
internal_value=0.00124237 0.00198582 0.00288838 0.00259447 0.00682674 -0.00139726 -0.000139533 0.000446576 0.00568703 -0.00602798 -0.038843 0.000941502 0.0102798 0.00118057
internal_weight=212.258 208.04 200.292 199.313 96.7416 102.571 99.9804 99.3761 95.1419 26.7949 4.69396 22.101 68.347 98.3601
internal_count=4190 4052 3926 3921 1980 1941 1924 1912 1974 852 110 742 1122 1881
is_linear=0
shrinkage=0.05


Tree=234
num_leaves=15
num_cat=0
split_feature=61 239 11 286 91 198 292 285 286 242 194 292 22 137
split_gain=1.7337 1.73801 1.46349 2.10362 1.86547 2.0689 1.89089 2.3881 2.33776 2.24379 2.2238 1.49891 1.47367 1.3889
threshold=1.0000000180025095e-35 1.0000000180025095e-35 1.0000000180025095e-35 3.5000000000000004 1.0000000180025095e-35 1.0000000180025095e-35 1.0000000180025095e-35 5.5000000000000009 1.0000000180025095e-35 1.0000000180025095e-35 1.0000000180025095e-35 1.5000000000000002 1.0000000180025095e-35 1.0000000180025095e-35
decision_type=2 2 2 2 2 2 2 2 2 2 2 2 2 2
left_child=1 2 3 4 13 6 7 9 -8 -6 -10 -12 -4 -1
right_child=-2 -3 12 -5 5 -7 8 -9 10 -11 11 -13 -14 -15
leaf_value=-0.00065261095173840182 -0.025277199376303097 -0.029953194638498187 -0.061230091167231687 0.06181647127619308 -0.04926478236140145 -0.11180800545358656 -0.080157206891797103 0.045243400186391745 0.024266156856497322 0.029334868780724988 -0.026313292208259117 0.042501725192021299 0.0086743544696532057 0.052748209968337484
leaf_weight=119.40458588558249 7.1371035906486204 4.7940121362917116 0.76504514482803543 1.2773200867231924 7.2146950913593209 0.5440237857401361 0.88864463777281244 0.9275580048561104 6.5612725615501386 1.0387146966531871 5.7158457888290286 0.91846661362797011 51.886525434209034 1.2301701633259643
leaf_count=2603 97 74 22 30 360 6 17 3 105 7 63 9 762 28
internal_value=-0.00105581 -0.000204928 0.000513989 -0.00206749 -0.00263241 -0.0154226 -0.0131688 -0.030824 -0.00166006 -0.0393728 0.00362626 -0.0167864 0.00765862 -0.000108057
internal_weight=210.304 203.167 198.373 145.721 144.444 23.8092 23.2652 9.18097 14.0842 8.25341 13.1956 6.63431 52.6516 120.635
internal_count=4186 4089 4015 3231 3201 570 564 370 194 367 177 72 784 2631
is_linear=0
shrinkage=0.05


Tree=235
num_leaves=15
num_cat=0
split_feature=205 165 278 280 52 285 197 264 105 172 69 267 104 281
split_gain=2.15459 1.51794 2.27562 2.03595 2.3229 1.44017 1.41268 1.26879 1.12136 1.05239 0.986075 0.94634 3.27799 2.76224
threshold=1.0000000180025095e-35 1.0000000180025095e-35 1.5000000000000002 1.0000000180025095e-35 1.0000000180025095e-35 1.0000000180025095e-35 1.0000000180025095e-35 1.0000000180025095e-35 1.0000000180025095e-35 1.0000000180025095e-35 1.0000000180025095e-35 1.0000000180025095e-35 1.0000000180025095e-35 1.0000000180025095e-35
decision_type=2 2 2 2 2 2 2 2 2 2 2 2 2 2
left_child=1 2 6 4 5 -3 8 -7 9 10 11 -1 13 -13
right_child=-2 3 -4 -5 -6 7 -8 -9 -10 -11 -12 12 -14 -15
leaf_value=-6.8731602162347766e-05 -0.047985981780371272 -0.090255743586334244 0.055374325473138086 0.0078378061072767805 0.05043931503943129 0.014048576742539424 0.030336406926347245 -0.051801675357282598 0.034721141479760229 0.053962477316627816 0.053562503796448793 -0.0323160176271889 0.053460852204661319 0.0032255223474010383
leaf_weight=164.5683232289739 2.4002387789078048 1.5517544844187776 1.8785823173820961 3.9747036611661315 0.6475578409153967 1.0359557587653401 3.7836332162842146 2.489020096603781 2.2317972532473496 0.86922732554376025 0.81905792187899251 11.961551762185994 1.8362448858097185 10.068172688712366
leaf_count=2982 47 65 21 65 50 15 31 35 26 13 12 525 10 277
internal_value=-0.000884956 -0.000340685 0.000605281 -0.0196537 -0.0387426 -0.0501182 8.07106e-05 -0.0324489 -0.000514423 -0.000928043 -0.00118015 -0.0014181 -0.0107227 -0.0160726
internal_weight=210.116 207.716 198.017 9.69899 5.72429 5.07673 196.138 3.52498 192.354 190.123 189.253 188.434 23.866 22.0297
internal_count=4174 4127 3897 230 165 115 3876 50 3845 3819 3806 3794 812 802
is_linear=0
shrinkage=0.05


Tree=236
num_leaves=15
num_cat=0
split_feature=220 145 187 158 233 41 16 264 275 235 278 89 264 277
split_gain=4.34116 1.8978 2.29997 3.38323 2.98757 3.06021 3.15325 3.55406 3.04364 3.15609 3.45245 2.58742 2.5157 2.39099
threshold=1.0000000180025095e-35 1.0000000180025095e-35 1.0000000180025095e-35 1.0000000180025095e-35 1.0000000180025095e-35 1.0000000180025095e-35 1.0000000180025095e-35 1.0000000180025095e-35 2.5000000000000004 1.0000000180025095e-35 1.5000000000000002 1.0000000180025095e-35 1.0000000180025095e-35 1.0000000180025095e-35
decision_type=2 2 2 2 2 2 2 2 2 2 2 2 2 2
left_child=1 2 3 -1 5 6 8 -8 9 -4 -11 12 -7 -14
right_child=-2 -3 4 -5 -6 11 7 -9 -10 10 -12 -13 13 -15
leaf_value=0.0041764488458214044 -0.090177037866612061 0.0060312143808959121 -0.017017549741214878 0.069714773590572654 0.00745325900797136 -0.036949262492075981 0.047118256326297285 -0.049756861448204716 0.021024516570671805 -0.074971023942970824 0.028456367795795939 0.10617171175236964 0.044933900619765842 -0.014099216015299738
leaf_weight=21.626189650967721 1.3618562072515477 71.051029470749199 62.206280432874337 2.1664189212024203 27.505862017162144 2.4069830307271296 3.8347289739176622 1.2571347681805489 4.7872548287268719 4.5223302124068132 0.98207527212798584 0.7108747214078911 4.4282786876428872 2.7996696012560278
leaf_count=393 28 962 2187 13 151 102 58 28 58 57 8 2 77 85
internal_value=-0.00119439 -0.000618122 -0.00401127 0.010144 -0.00692869 -0.0114273 -0.0148333 0.0232007 -0.0175046 -0.0202287 -0.0565179 0.0141164 0.00732444 0.022068
internal_weight=211.647 210.285 139.234 23.7926 115.441 87.9356 77.5898 5.09186 72.4979 67.7107 5.50441 10.3458 9.63493 7.22795
internal_count=4209 4181 3219 406 2813 2662 2396 86 2310 2252 65 266 264 162
is_linear=0
shrinkage=0.05


Tree=237
num_leaves=15
num_cat=0
split_feature=89 51 59 266 280 1 233 187 91 281 285 151 286 286
split_gain=2.43632 1.47634 1.15505 3.35946 1.41251 1.60736 4.30155 2.57174 1.40527 2.14791 1.37704 2.01969 3.07772 2.97169
threshold=1.0000000180025095e-35 1.0000000180025095e-35 1.0000000180025095e-35 1.0000000180025095e-35 1.5000000000000002 1.0000000180025095e-35 1.0000000180025095e-35 1.0000000180025095e-35 1.0000000180025095e-35 1.0000000180025095e-35 5.5000000000000009 1.0000000180025095e-35 1.0000000180025095e-35 2.5000000000000004
decision_type=2 2 2 2 2 2 2 2 2 2 2 2 2 2
left_child=1 2 -1 4 5 7 -7 -4 9 -5 11 12 -9 -14
right_child=-2 -3 3 8 -6 6 -8 10 -10 -11 -12 -13 13 -15
leaf_value=0.002416506691308766 -0.064512115785072446 0.056149561353778313 -0.057869911493973226 -0.066789283149794904 0.060541912538831677 0.019875288516536853 -0.088299487791305989 -0.016836604711800745 -0.054909612510207151 -0.0078735659943727759 0.051374588605854157 -0.027988078835887595 0.091805196336254585 -0.00012265374355443232
leaf_weight=174.57632301060949 1.42289289087057 1.2124722120352078 1.1989725681487478 1.8451101335231186 1.1469566244631995 2.1926515288650981 1.582084007561207 2.5754327550530451 3.193942151265218 9.5754238918889314 2.5627876296639451 2.5278354473412037 2.169630516320467 1.478001590818167
leaf_count=3822 18 22 22 34 5 15 12 41 49 49 10 31 15 9
internal_value=0.00069118 0.00113757 0.000814764 -0.00791025 0.00691109 0.00313441 -0.0254634 0.0117616 -0.0255914 -0.017392 0.0191408 0.00970086 0.0250103 0.0545565
internal_weight=209.261 207.838 206.625 32.0488 17.4344 16.2874 3.77474 12.5127 14.6145 11.4205 11.3137 8.7509 6.22306 3.64763
internal_count=4154 4136 4114 292 160 155 27 128 132 83 106 96 65 24
is_linear=0
shrinkage=0.05


Tree=238
num_leaves=15
num_cat=0
split_feature=205 165 61 288 280 51 41 278 146 73 69 197 149 17
split_gain=2.79499 2.32964 2.34284 3.08934 2.06373 1.69527 1.58956 1.51901 1.16428 1.05682 0.951735 0.881611 0.865461 0.850712
threshold=1.0000000180025095e-35 1.0000000180025095e-35 1.0000000180025095e-35 1.5000000000000002 1.0000000180025095e-35 1.0000000180025095e-35 1.0000000180025095e-35 1.5000000000000002 1.0000000180025095e-35 1.0000000180025095e-35 1.0000000180025095e-35 1.0000000180025095e-35 1.0000000180025095e-35 1.0000000180025095e-35
decision_type=2 2 2 2 2 2 2 2 2 2 2 2 2 2
left_child=1 2 7 -4 5 6 -3 9 -6 10 11 12 13 -1
right_child=-2 4 3 -5 8 -7 -8 -9 -10 -11 -12 -13 -14 -15
leaf_value=0.0034055495419023983 -0.052854989632683737 -0.066763421742129278 -0.055308050228224021 0.012434087175230393 0.020244501811074941 0.055264711305513969 -0.0087981203996085732 0.046889806204002307 -0.058043638526038027 -0.042001210976038379 0.053395933604803471 -0.024501275854639334 -0.057613243116271688 -0.053647777077800912
leaf_weight=181.11776350263972 2.4605713486671439 3.8117892458103579 3.9861167864873996 2.9128941968083382 2.8655706127174203 0.42137379338964809 1.7147740453947333 1.9472937374375749 0.56924238894134749 1.3246687649516378 0.92545727919787069 2.9605946994852266 0.58694148599170048 0.65573780611157317
leaf_count=3587 51 111 71 14 58 3 58 23 9 138 13 28 23 19
internal_value=0.000118811 0.000752172 0.00191487 -0.026706 -0.0235876 -0.0414073 -0.048778 0.00295675 0.00727002 0.00250065 0.00281717 0.00256459 0.003004 0.00319973
internal_weight=208.261 205.8 196.417 6.89901 9.38275 5.94794 5.52656 189.518 3.43481 187.571 186.246 185.321 182.36 181.774
internal_count=4206 4155 3916 85 239 172 169 3831 67 3808 3670 3657 3629 3606
is_linear=0
shrinkage=0.05


Tree=239
num_leaves=15
num_cat=0
split_feature=201 63 43 286 16 280 278 127 237 218 208 59 266 1
split_gain=1.92934 1.37059 1.02192 1.03397 2.07441 1.94654 1.56861 0.907976 0.886799 0.892907 0.885708 0.833916 1.41881 2.88508
threshold=1.0000000180025095e-35 1.0000000180025095e-35 1.0000000180025095e-35 3.5000000000000004 1.0000000180025095e-35 1.0000000180025095e-35 1.0000000180025095e-35 1.0000000180025095e-35 1.0000000180025095e-35 1.0000000180025095e-35 1.0000000180025095e-35 1.0000000180025095e-35 1.0000000180025095e-35 1.0000000180025095e-35
decision_type=2 2 2 2 2 2 2 2 2 2 2 2 2 2
left_child=1 2 3 4 7 -6 -7 8 9 10 11 -1 -13 -14
right_child=-2 -3 -4 -5 5 6 -8 -9 -10 -11 -12 12 13 -15
leaf_value=0.0068112140373276708 -0.044247528639753897 -0.066205850447555198 -0.051534221896891233 0.02950332545509823 -0.046516576199829518 -0.058198885465985818 0.031500798215562391 0.042267003970822829 -0.049000311200278542 -0.050543874303877183 -0.05488640381199944 0.0073478297118870738 -0.033418026123228244 0.012027640379687263
leaf_weight=162.3657964754384 2.0753720672801128 0.68900570087134738 0.81255393545143206 4.1018706061877301 3.8240822106599799 0.64674004400149021 1.9780482286587355 1.6260270266793657 0.76439309259876509 0.72194583062082429 0.61210164055228133 17.955349609255791 8.0854070421773923 6.1476468266919246
leaf_count=3478 21 8 90 82 106 18 21 7 53 18 13 160 81 24
internal_value=0.0037252 0.00419855 0.00442994 0.0046477 0.0041497 -0.0237581 0.00939906 0.00505738 0.00474971 0.00495945 0.00516477 0.0053537 -0.00199835 -0.0137888
internal_weight=212.406 210.331 209.642 208.829 204.728 6.44887 2.62479 198.279 196.653 195.888 195.166 194.554 32.1884 14.2331
internal_count=4180 4159 4151 4061 3979 145 39 3834 3827 3774 3756 3743 265 105
is_linear=0
shrinkage=0.05


Tree=240
num_leaves=15
num_cat=0
split_feature=22 275 66 45 39 205 271 234 91 272 158 90 281 241
split_gain=2.42163 3.76588 1.44353 1.20744 2.30391 1.79649 1.69527 2.34553 1.70452 3.99164 1.90778 1.55857 1.40736 1.91441
threshold=1.0000000180025095e-35 1.5000000000000002 1.0000000180025095e-35 1.0000000180025095e-35 1.0000000180025095e-35 1.0000000180025095e-35 1.0000000180025095e-35 1.0000000180025095e-35 1.0000000180025095e-35 1.0000000180025095e-35 1.0000000180025095e-35 1.0000000180025095e-35 1.0000000180025095e-35 1.0000000180025095e-35
decision_type=2 2 2 2 2 2 2 2 2 2 2 2 2 2
left_child=1 -1 3 4 6 11 7 12 10 -10 -8 -5 -2 -14
right_child=2 -3 -4 5 -6 -7 8 -9 9 -11 -12 -13 13 -15
leaf_value=-0.052396336381366385 0.006838129770266866 0.05345840349660546 -0.069393582178149824 0.0070482151544564572 -0.091008697693346519 0.086389493285107311 -0.0069914920854117386 -0.075075603964725207 -0.070185791792231986 0.029522896636452779 0.036382357546734183 0.057939465104126224 -0.025443132098782753 0.072168235535920486
leaf_weight=4.2162021424155673 98.737116989213973 1.0493139494210479 0.68555951118469138 54.375451034284197 0.67868140712380309 0.74937728047370811 33.786250810604542 0.91430447436869045 2.9632350632455191 1.517921023070812 2.7408626172691575 1.5472714287461702 5.9438827397534615 0.54868197441101063
leaf_count=122 2311 13 8 1030 18 2 368 12 91 8 19 18 120 1
internal_value=0.00217966 -0.0313016 0.00303885 0.00328167 0.000902889 0.00948679 0.00132679 0.00466255 -0.00730733 -0.036411 -0.00373688 0.00845628 0.00535537 -0.0171941
internal_weight=210.454 5.26552 205.189 204.503 147.831 56.6721 147.152 106.144 41.0083 4.48116 36.5271 55.9227 105.23 6.49256
internal_count=4141 135 4006 3998 2948 1050 2930 2444 486 99 387 1048 2432 121
is_linear=0
shrinkage=0.05


Tree=241
num_leaves=15
num_cat=0
split_feature=58 136 266 54 37 38 242 266 282 287 275 198 286 281
split_gain=1.5839 1.03622 1.00602 0.889929 0.884157 0.863595 1.00452 1.88546 2.07268 1.78356 1.46125 1.45464 1.30953 1.36467
threshold=1.0000000180025095e-35 1.0000000180025095e-35 1.0000000180025095e-35 1.0000000180025095e-35 1.0000000180025095e-35 1.0000000180025095e-35 1.0000000180025095e-35 1.0000000180025095e-35 1.0000000180025095e-35 1.0000000180025095e-35 2.5000000000000004 1.0000000180025095e-35 1.0000000180025095e-35 1.5000000000000002
decision_type=2 2 2 2 2 2 2 2 2 2 2 2 2 2
left_child=1 3 -2 4 5 6 10 9 -9 -8 11 -1 -12 -14
right_child=2 -3 -4 -5 -6 -7 7 8 -10 -11 12 -13 13 -15
leaf_value=9.3183359322527247e-06 -0.056553155374432208 -0.055280464806833435 0.0039185993993661218 0.053894982437490351 0.051157374725702913 0.037922964380256649 -0.050097497782060657 -0.064139456833709169 0.018015887350466758 0.022904719311038511 0.051089196317883813 0.07830860022916851 -0.00032125983773922468 0.059002213776197812
leaf_weight=183.97236023802543 1.9693529857322565 0.81456763111054797 1.0568637410178781 0.79887918289750715 0.87556284293532272 1.5551205147057761 1.1007910119369606 2.8393014762550597 1.0522297844290731 3.4871164979413152 2.5314568344037962 0.59508800506591697 6.0070089627988636 1.155981972813606
leaf_count=3871 22 28 8 12 21 16 11 33 10 29 26 1 98 8
internal_value=0.000476862 0.00100241 -0.0354342 0.00122499 0.00101991 0.000805034 0.000520322 -0.0163254 -0.0419255 0.00538907 0.00125563 0.000261773 0.0201771 0.00925252
internal_weight=209.812 206.785 3.02622 205.971 205.172 204.296 202.741 8.47944 3.89153 4.58791 194.262 184.567 9.69445 7.16299
internal_count=4194 4164 30 4136 4124 4103 4087 83 43 40 4004 3872 132 106
is_linear=0
shrinkage=0.05


Tree=242
num_leaves=15
num_cat=0
split_feature=104 264 217 285 178 260 201 22 275 275 187 271 70 158
split_gain=3.21875 2.53951 2.99425 2.42192 2.3569 3.44133 2.13299 2.14309 3.20332 2.79118 2.65309 2.78855 3.39159 3.24146
threshold=1.0000000180025095e-35 1.0000000180025095e-35 1.0000000180025095e-35 1.5000000000000002 1.0000000180025095e-35 1.0000000180025095e-35 1.0000000180025095e-35 1.0000000180025095e-35 1.0000000180025095e-35 1.0000000180025095e-35 1.0000000180025095e-35 1.0000000180025095e-35 1.0000000180025095e-35 1.0000000180025095e-35
decision_type=2 2 2 2 2 2 2 2 2 2 2 2 2 2
left_child=1 2 3 4 6 -6 7 8 -1 10 11 12 -9 -13
right_child=-2 -3 -4 -5 5 -7 -8 9 -10 -11 -12 13 -14 -15
leaf_value=0.070383631751116768 -0.069267767007963263 0.0075506995840725032 -0.12070833175478804 0.008680682654317453 -0.065234175671181296 0.039480411780765751 0.086315721673688534 0.051923728345119338 -0.034162435572453693 0.0038444831188059131 -0.020852371813086069 0.023793846801223529 -0.031783795584020724 0.16428719389662114
leaf_weight=2.0942081604152913 1.6338582932949055 89.500670612440445 0.54327435023151238 32.07098629954271 3.5806388491764656 1.004778169095516 0.62834274768829246 1.7080451250076292 1.1270010545849798 31.004793157393578 39.10750039271079 1.6563739050179722 4.1506342987995577 0.54584819078445423
leaf_count=69 37 1258 22 257 43 4 1 4 37 992 1335 42 72 1
internal_value=0.000638091 0.00118531 -0.00359322 -0.0030571 -0.0074036 -0.0422886 -0.00545338 -0.00616182 0.0338062 -0.00780874 -0.0154687 0.0106505 -0.00737962 0.0586169
internal_weight=210.357 208.723 119.222 118.679 86.6082 4.58542 82.0227 81.3944 3.22121 78.1732 47.1684 8.0609 5.85868 2.20222
internal_count=4174 4137 2879 2857 2600 47 2553 2552 106 2446 1454 119 76 43
is_linear=0
shrinkage=0.05


Tree=243
num_leaves=15
num_cat=0
split_feature=61 137 275 175 147 286 11 145 158 286 285 287 266 146
split_gain=5.36745 1.12082 1.15046 3.86072 2.31163 6.75997 2.24402 1.87488 3.94721 3.01275 3.36695 2.2682 2.03493 2.7438
threshold=1.0000000180025095e-35 1.0000000180025095e-35 1.0000000180025095e-35 1.0000000180025095e-35 1.0000000180025095e-35 1.5000000000000002 1.0000000180025095e-35 1.0000000180025095e-35 1.0000000180025095e-35 1.5000000000000002 1.0000000180025095e-35 1.5000000000000002 1.0000000180025095e-35 1.0000000180025095e-35
decision_type=2 2 2 2 2 2 2 2 2 2 2 2 2 2
left_child=1 2 3 4 -1 -6 -4 12 9 10 11 -9 -8 -14
right_child=-2 -3 6 -5 5 -7 7 8 -10 -11 -12 -13 13 -15
leaf_value=-0.0028635308081885686 -0.043719958832388703 -0.042947532398599803 1.3270854566261161e-05 -0.086989693909464538 0.21067159939664368 -0.053823584372417681 0.019954373236560567 0.11648377914277441 -0.038311825855320593 -0.015985545830850319 0.027945792437724316 0.01491626852204056 0.0028445903803435723 -0.065023503623390586
leaf_weight=79.791966835968196 6.9818361802026621 1.4483657418750215 83.475784007343464 1.3564951084554184 0.47064428590237994 0.49633165914565325 13.169740740093403 2.7109465599060028 1.650560520123691 1.6148059796541927 3.9315817854367197 0.6894859573803841 7.6033492132555693 1.8519625733606515
leaf_count=1816 99 44 1664 11 2 18 158 23 47 47 38 32 168 31
internal_value=-0.000624885 0.00087756 0.00119683 -0.00333738 -0.00193229 0.0749109 0.00438736 0.0153778 0.0327333 0.0458401 0.0594567 0.0958895 0.00724866 -0.0104484
internal_weight=207.244 200.262 198.814 82.1154 80.7589 0.966976 116.698 33.2224 10.5974 8.94682 7.33201 3.40043 22.6251 9.45531
internal_count=4198 4099 4055 1847 1836 20 2208 544 187 140 93 55 357 199
is_linear=0
shrinkage=0.05


Tree=244
num_leaves=15
num_cat=0
split_feature=34 217 73 39 191 146 267 58 22 263 178 264 277 147
split_gain=1.50456 1.63687 1.41865 1.12936 1.12839 1.22718 3.58217 1.41824 1.20239 1.64165 1.66072 1.31544 2.07911 1.97989
threshold=1.0000000180025095e-35 1.0000000180025095e-35 1.0000000180025095e-35 1.0000000180025095e-35 1.0000000180025095e-35 1.0000000180025095e-35 1.0000000180025095e-35 1.0000000180025095e-35 1.0000000180025095e-35 1.0000000180025095e-35 1.0000000180025095e-35 1.0000000180025095e-35 1.0000000180025095e-35 1.0000000180025095e-35
decision_type=2 2 2 2 2 2 2 2 2 2 2 2 2 2
left_child=1 2 4 -2 5 7 -7 8 9 10 -1 12 13 -10
right_child=3 -3 -4 -5 -6 6 -8 -9 11 -11 -12 -13 -14 -15
leaf_value=0.046658590893168352 0.044931554217285993 -0.074117892724693671 -0.053541138486149997 -0.0053300042214785822 -0.06385810016464287 0.023848555898450946 -0.056587830984683132 -0.031840860504735551 -0.0086523608478717151 -0.045185373159400403 -0.052470506641778519 0.0067191928682940648 0.007069772669206581 0.047941830567062874
leaf_weight=4.1010286649689069 3.5335299707949153 0.70912687294185062 1.1439709528349329 1.634678515139967 0.64249955490231414 14.106704269535836 1.5347283962182707 3.1597147919237605 67.800389431184158 0.7117796204984187 0.47103475686162699 67.53491878870409 38.971866119420156 1.5814308472909022
leaf_count=111 49 33 139 35 12 121 42 29 1969 16 11 1013 561 29
internal_value=0.00239428 0.00171428 0.00198081 0.0290341 0.00229741 0.00250996 0.0159562 0.00136899 0.00194818 0.0254494 0.0364459 0.00124218 -0.00217154 -0.0073624
internal_weight=207.637 202.469 201.76 5.16821 200.616 199.974 15.6414 184.332 181.172 5.28384 4.57206 175.889 108.354 69.3818
internal_count=4170 4086 4053 84 3914 3902 163 3739 3710 138 122 3572 2559 1998
is_linear=0
shrinkage=0.05


Tree=245
num_leaves=15
num_cat=0
split_feature=241 278 51 34 73 91 275 217 148 175 271 274 59 4
split_gain=3.36943 3.22208 1.29054 1.15675 1.23075 1.06941 2.85828 1.58816 1.59179 1.57511 1.90047 3.01369 3.09433 2.36199
threshold=1.0000000180025095e-35 1.5000000000000002 1.0000000180025095e-35 1.0000000180025095e-35 1.0000000180025095e-35 1.0000000180025095e-35 2.5000000000000004 1.0000000180025095e-35 1.0000000180025095e-35 1.0000000180025095e-35 1.0000000180025095e-35 1.5000000000000002 1.0000000180025095e-35 1.0000000180025095e-35
decision_type=2 2 2 2 2 2 2 2 2 2 2 2 2 2
left_child=2 -2 3 4 5 6 7 8 -1 10 11 13 -13 -7
right_child=1 -3 -4 -5 -6 9 -8 -9 -10 -11 -12 12 -14 -15
leaf_value=0.0032058242156251717 -0.064336063093926407 0.031116259990354764 0.05585710297200093 0.026651142334117868 -0.052913453881373501 -0.026777483129857279 0.045295876932167779 -0.082479043321516773 -0.057295367757435316 0.0070284469733382414 -0.055505347352778844 -0.031360332778585708 0.068529345168481623 0.042931114471450135
leaf_weight=157.65041050664149 3.5170227214694014 1.1809739023447035 1.1265462203882624 4.7207964907865962 1.0297562881023612 12.210621386067945 3.9986454485915592 0.54797616554424067 1.0947170238941897 13.110369718167929 2.563441021135076 1.2045979658141726 2.1754138469696045 1.3494925098493702
leaf_count=3078 43 5 21 78 139 434 43 18 41 115 122 30 6 34
internal_value=0.00152043 -0.0403414 0.00249027 0.00219214 0.00160583 0.0018924 0.00354337 0.00249528 0.0027886 -0.00637367 -0.0153826 -0.00931111 0.0329298 -0.0198401
internal_weight=207.481 4.698 202.783 201.656 196.935 195.906 163.292 159.293 158.745 32.6139 19.5036 16.9401 3.38001 13.5601
internal_count=4207 48 4159 4138 4060 3921 3180 3137 3119 741 626 504 36 468
is_linear=0
shrinkage=0.05


Tree=246
num_leaves=15
num_cat=0
split_feature=201 4 89 239 66 37 174 91 178 287 11 45 263 175
split_gain=1.75001 2.47403 1.49363 1.08749 1.01941 0.974546 0.915747 1.11842 3.20159 3.79625 6.05774 5.16329 2.23961 1.94546
threshold=1.0000000180025095e-35 1.0000000180025095e-35 1.0000000180025095e-35 1.0000000180025095e-35 1.0000000180025095e-35 1.0000000180025095e-35 1.0000000180025095e-35 1.0000000180025095e-35 1.0000000180025095e-35 1.5000000000000002 1.0000000180025095e-35 1.0000000180025095e-35 1.0000000180025095e-35 1.0000000180025095e-35
decision_type=2 2 2 2 2 2 2 2 2 2 2 2 2 2
left_child=2 -2 3 4 5 6 7 -1 9 -9 11 -11 -10 -14
right_child=1 -3 -4 -5 -6 -7 -8 8 12 10 -12 -13 13 -15
leaf_value=0.0014030730581357971 -0.016185500334859604 0.063086560777119646 -0.059243380991203388 -0.031900782884328946 -0.069248699899141342 0.051219937933700249 0.063619753894738618 -0.04556547488988269 0.01440565308297093 0.24785739734602241 -0.042497193875002948 0.029142061018949991 -0.062610212147468841 -0.0051514430398211918
leaf_weight=159.19971872505266 1.6191761349327851 2.5099957603961229 1.0903931036591519 2.7304008761420837 0.5319523923099031 0.9265082823112597 0.56078357761725683 8.9532732616062258 14.360298079904169 0.42095371801406056 1.5724180042743683 0.75169664761051536 1.8968664151616392 6.5951350973919034
leaf_count=3248 10 16 17 51 7 22 6 509 115 3 44 31 32 62
internal_value=-0.000217483 0.0320015 -0.000884037 -0.000563459 -0.000126397 6.19359e-05 -0.000181994 -0.000366659 -0.00852109 -0.0297941 0.0216458 0.107656 0.00236877 -0.0179861
internal_weight=203.72 4.12917 199.59 198.5 195.77 195.238 194.311 193.75 34.5506 11.6983 2.74507 1.17265 22.8523 8.492
internal_count=4173 26 4147 4130 4079 4072 4050 4044 796 587 78 34 209 94
is_linear=0
shrinkage=0.05


Tree=247
num_leaves=15
num_cat=0
split_feature=287 137 286 59 288 201 129 252 293 197 175 145 288 287
split_gain=2.01924 5.07491 6.49407 2.01766 2.65876 2.64308 2.56057 2.12179 2.3914 2.06627 2.0594 2.61336 2.16401 3.86187
threshold=1.0000000180025095e-35 1.0000000180025095e-35 1.0000000180025095e-35 1.0000000180025095e-35 1.0000000180025095e-35 1.0000000180025095e-35 1.0000000180025095e-35 1.0000000180025095e-35 1.0000000180025095e-35 1.0000000180025095e-35 1.0000000180025095e-35 1.0000000180025095e-35 1.5000000000000002 1.5000000000000002
decision_type=2 2 2 2 2 2 2 2 2 2 2 2 2 2
left_child=-1 3 -3 4 5 6 9 -6 -9 -2 -5 12 13 -12
right_child=1 2 -4 10 7 -7 -8 8 -10 -11 11 -13 -14 -15
leaf_value=0.0059448913723514265 -0.017376187324218775 0.2647542229764453 -0.018747156211771126 -0.059282412600312875 0.0067759056017787219 0.033123819975636244 0.047702094596431328 0.016142290836057262 -0.096700808652232531 -0.080803695933282835 -0.013801099807214241 0.04746900422153523 0.035120322998851101 -0.088316678593432951
leaf_weight=96.689639708551113 28.527375961421065 0.39778899028897186 0.41039866209030151 2.8717045062221596 52.736556803691201 2.8615276915952554 1.4546625791117538 0.83983326517045376 1.064762675203383 1.3445360679179419 9.0951134772039897 1.5937628741376109 1.5417700428515679 2.1497598141431817
leaf_count=2487 377 2 18 71 1106 16 11 6 16 12 56 11 8 23
internal_value=0.000709188 -0.0040269 0.120792 -0.00497784 -0.00193893 -0.0128748 -0.0170766 0.00490347 -0.0469425 -0.0202311 -0.0206248 -0.0129051 -0.0204303 -0.0280468
internal_weight=203.579 106.89 0.808188 106.081 88.8293 34.1881 31.3266 54.6412 1.9046 29.8719 17.2521 14.3804 12.7866 11.2449
internal_count=4220 1733 20 1713 1544 416 400 1128 22 389 169 98 87 79
is_linear=0
shrinkage=0.05


Tree=248
num_leaves=15
num_cat=0
split_feature=56 45 90 112 260 205 70 90 266 187 104 267 285 219
split_gain=1.36887 1.26826 1.76907 1.78787 1.81801 1.71925 1.66992 1.55726 1.53118 1.50417 1.33364 5.24514 1.28636 1.27366
threshold=1.0000000180025095e-35 1.0000000180025095e-35 1.0000000180025095e-35 1.0000000180025095e-35 1.0000000180025095e-35 1.0000000180025095e-35 1.0000000180025095e-35 1.0000000180025095e-35 1.0000000180025095e-35 1.0000000180025095e-35 1.0000000180025095e-35 1.0000000180025095e-35 1.0000000180025095e-35 1.0000000180025095e-35
decision_type=2 2 2 2 2 2 2 2 2 2 2 2 2 2
left_child=1 2 3 4 6 7 9 13 12 -1 -8 -12 -6 -3
right_child=-2 5 -4 -5 8 -7 10 -9 -10 -11 11 -13 -14 -15
leaf_value=-0.01278554860116864 -0.075715884135543809 0.0048342063010136356 -0.070985085279590826 -0.067905371858970151 -0.023790824824378137 0.082719653692140127 0.0017147966671012143 0.057402159038082913 0.018956012985957546 -0.080984317042949505 -0.042960417192605904 0.10687592006607183 -0.082069118730647123 0.069236635192572879
leaf_weight=3.5847929148003459 0.57081370521336694 56.461652663885616 0.88843947649001975 0.96923814713954826 3.2740046184044322 0.75986699527129431 134.50982087431476 1.4950223718769837 1.4066855171695349 1.0439633926143859 1.0597231462597838 1.3012552224099636 1.3321245694532988 0.77827885001897712
leaf_count=40 7 1118 23 14 56 3 2843 18 13 38 31 4 17 3
internal_value=0.00160754 0.00181886 -0.000640084 -0.000219175 0.000225561 0.0079924 0.0013698 0.00702563 -0.0267017 -0.028167 0.00236868 0.039622 -0.0406453 0.00570987
internal_weight=209.436 208.865 149.37 148.482 147.512 59.4948 141.5 58.735 6.01281 4.62876 136.871 2.36098 4.60613 57.2399
internal_count=4228 4221 3079 3056 3042 1142 2956 1139 86 78 2878 35 73 1121
is_linear=0
shrinkage=0.05


Tree=249
num_leaves=15
num_cat=0
split_feature=282 69 268 267 165 275 231 112 59 175 18 45 178 275
split_gain=1.13445 1.06637 1.00409 0.953162 1.46514 1.71771 1.49278 1.28978 1.51779 2.93601 2.39894 6.4898 1.79682 5.86285
threshold=1.5000000000000002 1.0000000180025095e-35 1.0000000180025095e-35 1.0000000180025095e-35 1.0000000180025095e-35 1.0000000180025095e-35 1.0000000180025095e-35 1.0000000180025095e-35 1.0000000180025095e-35 1.0000000180025095e-35 1.0000000180025095e-35 1.0000000180025095e-35 1.0000000180025095e-35 1.0000000180025095e-35
decision_type=2 2 2 2 2 2 2 2 2 2 2 2 2 2
left_child=1 2 3 4 -1 -6 -7 8 10 -10 12 -12 -5 -14
right_child=-2 -3 -4 7 5 6 -8 -9 9 -11 11 -13 13 -15
leaf_value=0.00024606595502065502 0.059691518876778787 0.053144846707920392 -0.047338838824850654 -0.03280392249852894 0.067435647472287238 0.0016073784261300035 0.066268319407050344 0.054963819954151422 0.063095598277015982 -0.01302798290981546 0.18344393239246079 -0.042113350469937243 0.083083634842381043 -0.041608937631402013
leaf_weight=168.79871955234557 0.79910079715773363 0.93957909010350604 1.1255653155967582 12.690048037737155 1.6272879708558301 6.353258715942502 1.0384924067184327 0.75935520278289814 1.844327033497392 4.0440654316917062 0.52314038202166446 0.81684426264837384 1.5170969665050495 2.4897661986760795
leaf_count=3050 11 16 48 721 20 162 4 4 17 40 5 35 4 44
internal_value=0.00023279 5.26974e-07 -0.000244691 1.70713e-05 0.00129517 0.02093 0.0106918 -0.00918981 -0.011226 0.010815 -0.0184215 0.045946 -0.0235872 0.00560274
internal_weight=205.367 204.568 203.628 202.502 177.818 9.01904 7.39175 24.6846 23.9253 5.88839 18.0369 1.33998 16.6969 4.00686
internal_count=4181 4170 4154 4106 3236 186 166 870 866 57 809 40 769 48
is_linear=0
shrinkage=0.05


Tree=250
num_leaves=15
num_cat=0
split_feature=161 63 61 39 190 245 73 218 215 127 105 286 208 277
split_gain=2.43368 1.23606 1.17604 1.12218 6.14826 1.48507 0.960291 0.891947 0.831975 0.808352 0.808955 2.91056 0.753569 0.741445
threshold=1.0000000180025095e-35 1.0000000180025095e-35 1.0000000180025095e-35 1.0000000180025095e-35 1.0000000180025095e-35 1.0000000180025095e-35 1.0000000180025095e-35 1.0000000180025095e-35 1.0000000180025095e-35 1.0000000180025095e-35 1.0000000180025095e-35 1.0000000180025095e-35 1.0000000180025095e-35 1.0000000180025095e-35
decision_type=2 2 2 2 2 2 2 2 2 2 2 2 2 2
left_child=1 2 6 4 -4 -5 7 8 9 10 12 -12 -1 -8
right_child=-2 -3 3 5 -6 -7 13 -9 -10 -11 11 -13 -14 -15
leaf_value=0.0035541190167212018 -0.05455102869402894 0.057994635815276835 -0.055605851037025547 -0.0016625264573587541 0.14112076598435969 -0.059105347272993318 -0.056064708134324272 -0.052657320809128966 -0.056119949492379487 0.0393649554431314 0.079642187626919769 -0.027640211046340658 -0.05142998007191673 0.041960652208594261
leaf_weight=194.22783545101993 1.8541227034293104 1.0162636432796706 1.0956979114562262 2.1462765838950872 0.6229695752263068 2.3649919526651502 1.1009698685957108 0.70059617608785529 0.57651417329907317 1.6056746030226339 1.4141935259103768 1.1433264198713002 0.62515000253915687 0.23388391733169545
leaf_count=3870 39 7 27 17 3 37 144 16 13 7 5 20 16 5
internal_value=0.00248027 0.00298652 0.00271758 -0.0186784 0.0157021 -0.0317764 0.00337867 0.00366037 0.00385805 0.00403179 0.00374441 0.0316821 0.00337771 -0.0388894
internal_weight=210.728 208.874 207.858 6.22994 1.71867 4.51127 201.628 200.293 199.593 199.016 197.411 2.55752 194.853 1.33485
internal_count=4226 4187 4180 84 30 54 4096 3947 3931 3918 3911 25 3886 149
is_linear=0
shrinkage=0.05


Tree=251
num_leaves=15
num_cat=0
split_feature=267 293 4 104 287 164 104 220 4 201 239 178 286 282
split_gain=2.62658 2.70576 3.61826 2.02196 1.91448 1.85347 1.82798 1.6037 2.38181 1.54256 2.19379 1.50532 1.24447 1.24062
threshold=1.0000000180025095e-35 1.0000000180025095e-35 1.0000000180025095e-35 1.0000000180025095e-35 1.5000000000000002 1.0000000180025095e-35 1.0000000180025095e-35 1.0000000180025095e-35 1.0000000180025095e-35 1.0000000180025095e-35 1.0000000180025095e-35 1.0000000180025095e-35 3.5000000000000004 1.0000000180025095e-35
decision_type=2 2 2 2 2 2 2 2 2 2 2 2 2 2
left_child=3 2 6 5 -3 7 12 9 -9 10 -1 -4 -2 -6
right_child=1 4 11 -5 13 -7 -8 8 -10 -11 -12 -13 -14 -15
leaf_value=0.0015743302777554435 -0.055082038614407872 0.0094601366181904425 -0.00059056737370075324 -0.068285185761444878 -0.019687528172754366 0.030869671757905743 0.01421568122964105 -0.001453557607519829 -0.12559046189364906 0.033441102020205629 -0.0509547394243157 0.089248266844292781 0.025412506633465982 -0.10798585400416874
leaf_weight=163.44784801977221 9.0338240028358943 10.622947064461185 1.511159995221534 1.0266627985984076 1.4537269491702329 5.4213745777960858 1.2191360294818885 1.0333592183887947 0.61719847656786431 3.7321093287318936 2.0120953274890772 0.67434297688305367 0.50711956433951932 0.54767656140029419
leaf_count=3150 588 212 44 31 42 44 5 19 11 21 43 2 7 7
internal_value=-0.000480745 -0.0154619 -0.0315236 0.00167992 0.0010086 0.00208744 -0.0434368 0.00117409 -0.0478725 0.00165257 0.000935544 0.0271295 -0.0508036 -0.04385
internal_weight=202.861 25.5699 12.9456 177.291 12.6244 176.264 10.7601 170.843 1.65056 169.192 165.46 2.1855 9.54094 2.0014
internal_count=4226 907 646 3319 261 3288 600 3244 30 3214 3193 46 595 49
is_linear=0
shrinkage=0.05


Tree=252
num_leaves=15
num_cat=0
split_feature=18 175 59 266 61 271 240 280 266 80 277 217 278 66
split_gain=1.2607 3.22377 2.92565 3.83947 2.41681 2.11391 1.31567 1.40546 2.3945 1.35234 1.4039 2.91189 1.35926 1.26902
threshold=1.0000000180025095e-35 1.0000000180025095e-35 1.0000000180025095e-35 1.0000000180025095e-35 1.0000000180025095e-35 1.0000000180025095e-35 1.0000000180025095e-35 1.0000000180025095e-35 1.0000000180025095e-35 1.0000000180025095e-35 1.5000000000000002 1.0000000180025095e-35 1.0000000180025095e-35 1.0000000180025095e-35
decision_type=2 2 2 2 2 2 2 2 2 2 2 2 2 2
left_child=4 -2 5 -4 6 -3 9 8 -8 10 11 13 -12 -1
right_child=1 2 3 -5 -6 -7 7 -9 -10 -11 12 -13 -14 -15
leaf_value=0.0049176833491817746 -0.052500517467647015 -0.040857115366971834 0.008571396698931524 -0.050946864414351228 -0.049103991221372989 0.029974130893250635 0.056765211036927034 0.004062268336294232 -0.011669871685405541 -0.026972733201202127 0.073275617476312921 -0.10552241363196807 -0.0030519229434505888 -0.068897802323340002
leaf_weight=165.28784252429614 3.4106895020231631 1.2115829731337715 6.2136460389010608 4.8049813397228718 2.0627994216047219 8.0659766029566526 4.5500176036730391 6.2134371236898005 1.7775410283356903 3.4146423269994548 1.4500399308744811 0.60184156987815995 0.97580913733690966 0.5843134205788364
leaf_count=3697 150 26 46 32 43 53 23 29 18 35 29 29 20 8
internal_value=0.00333956 -0.00752243 3.59548e-05 -0.0173832 0.00471718 0.0207241 0.00531777 0.0209537 0.0375404 0.0041798 0.00480961 0.00425933 0.0425725 0.00465766
internal_weight=210.625 23.7069 20.2962 11.0186 186.918 9.27756 184.855 12.541 6.32756 172.314 168.9 166.474 2.42585 165.872
internal_count=4238 307 157 78 3931 79 3888 70 41 3818 3783 3734 49 3705
is_linear=0
shrinkage=0.05


Tree=253
num_leaves=15
num_cat=0
split_feature=88 57 292 275 217 291 61 233 91 4 286 34 145 175
split_gain=1.91156 1.6387 1.02369 3.21848 2.58175 1.47261 1.48368 3.01012 2.15772 4.02507 3.49374 7.38879 3.10432 2.94209
threshold=1.0000000180025095e-35 1.0000000180025095e-35 1.0000000180025095e-35 2.5000000000000004 1.0000000180025095e-35 1.0000000180025095e-35 1.0000000180025095e-35 1.0000000180025095e-35 1.0000000180025095e-35 1.0000000180025095e-35 1.5000000000000002 1.0000000180025095e-35 1.0000000180025095e-35 1.0000000180025095e-35
decision_type=2 2 2 2 2 2 2 2 2 2 2 2 2 2
left_child=1 2 3 4 5 6 7 8 10 -10 13 -12 -11 -1
right_child=-2 -3 -4 -5 -6 -7 -8 -9 9 12 11 -13 -14 -15
leaf_value=-0.0037266092469892286 -0.036708749080613896 -0.032851742653484603 0.0058515818781561431 0.044975879106096461 -0.11641548724263154 -0.025900903782001668 -0.04912950899839473 0.039301968901566814 -0.043227394079745407 -0.045809410043960233 0.021615053547577832 -0.15774545898288966 0.1229411680289646 -0.064966918480542743
leaf_weight=94.797097575617954 3.6967703476548186 3.8246910076122722 57.076718006166629 3.546627974137663 0.50222246418706973 6.5994350245455271 1.6289006094448257 4.4506439547985783 6.5787634828593573 0.44262303481809773 21.852538638631817 0.58969011809676786 0.70919541362673044 2.0026278225705019
leaf_count=2216 42 130 725 63 20 114 37 19 363 25 433 10 8 25
internal_value=-0.0010748 -0.000430959 0.000186639 -0.00206343 -0.00325378 -0.00284682 -0.00170333 -0.00111551 -0.00253223 -0.0281311 -0.000872624 0.0169022 0.0580934 -0.00499357
internal_weight=208.299 204.602 200.777 143.7 140.154 139.652 133.052 131.423 126.973 7.73058 119.242 22.4422 1.15182 96.7997
internal_count=4230 4188 4058 3333 3270 3250 3136 3099 3080 396 2684 443 33 2241
is_linear=0
shrinkage=0.05


Tree=254
num_leaves=15
num_cat=0
split_feature=231 287 137 286 233 245 280 201 145 22 285 90 124 52
split_gain=1.6555 1.82433 3.45471 5.52673 2.21303 2.02007 1.6423 1.6271 1.59469 2.85418 1.9379 1.76223 1.58034 1.67501
threshold=1.0000000180025095e-35 1.0000000180025095e-35 1.0000000180025095e-35 1.0000000180025095e-35 1.0000000180025095e-35 1.0000000180025095e-35 1.0000000180025095e-35 1.0000000180025095e-35 1.0000000180025095e-35 1.0000000180025095e-35 4.5000000000000009 1.0000000180025095e-35 1.0000000180025095e-35 1.0000000180025095e-35
decision_type=2 2 2 2 2 2 2 2 2 2 2 2 2 2
left_child=1 4 5 -4 7 8 -7 -1 11 -10 -11 12 13 -3
right_child=-2 2 3 -5 -6 6 -8 -9 9 10 -12 -13 -14 -15
leaf_value=-0.00012907199054407891 0.043552686660341615 -0.0011213514853445382 0.20983691133289414 -0.026345657031333833 0.024988350314497986 -0.040322072876750409 -0.0053685100720144308 0.081686081468653859 0.084594837698737907 -0.016968634614689639 0.058891998202588294 0.060592796694612941 -0.067309121920226173 0.050278500154017705
leaf_weight=83.620541925018188 2.0246634003706268 51.262898856657557 0.47388117387890716 0.5189332515001297 10.327980645932255 7.776973744388668 5.9176654793554917 0.61214476823806663 0.73402927676215668 33.330013622995466 0.86367352027445932 1.201480250339954 0.87426859559491177 1.6355826177168626
leaf_count=2378 20 817 2 20 49 97 43 1 4 475 12 13 49 164
internal_value=-0.00143168 -0.00188901 -0.00643934 0.0863869 0.00314391 -0.00732894 -0.0252181 0.000465504 -0.00460391 -0.0129584 -0.0150525 0.00070407 -0.000634064 0.000467895
internal_weight=201.175 199.15 104.589 0.992814 94.5607 103.597 13.6946 84.2327 89.9019 34.9277 34.1937 54.9742 53.7728 52.8985
internal_count=4144 4124 1696 22 2428 1674 140 2379 1534 491 487 1043 1030 981
is_linear=0
shrinkage=0.05


Tree=255
num_leaves=15
num_cat=0
split_feature=285 52 70 105 267 104 275 281 11 165 292 280 22 286
split_gain=2.33737 2.08406 3.26752 1.65886 1.74971 6.19377 2.30909 3.55679 3.42555 3.32113 2.50897 3.02002 1.99508 2.24869
threshold=1.0000000180025095e-35 1.0000000180025095e-35 1.0000000180025095e-35 1.0000000180025095e-35 1.0000000180025095e-35 1.0000000180025095e-35 1.0000000180025095e-35 1.0000000180025095e-35 1.0000000180025095e-35 1.0000000180025095e-35 1.0000000180025095e-35 1.0000000180025095e-35 1.0000000180025095e-35 1.0000000180025095e-35
decision_type=2 2 2 2 2 2 2 2 2 2 2 2 2 2
left_child=1 3 -3 4 6 -6 9 8 -8 12 11 -10 13 -1
right_child=-2 2 -4 -5 5 -7 7 -9 10 -11 -12 -13 -14 -15
leaf_value=0.061555977806014975 0.0051160667349017287 -0.24885159651766797 0.035510360365061458 -0.064812872462576165 -0.038377086346313663 0.066409802894578637 -0.030671602601622123 0.040935064011313617 0.064498041128631292 0.084933059537241271 -0.048620723717511027 -0.0021786898788778357 -0.0017743497568313404 -0.072341327361098037
leaf_weight=2.2491308487951751 92.350963491247967 0.10352587327361096 4.1767463919240972 1.2240549158304919 10.438936097430993 1.6304608508944518 21.173593378975056 2.6808526238892219 2.2988738683052361 1.177839858457445 1.863700499758125 6.4999652514234185 57.770414115395397 0.36436212901025999
leaf_count=62 974 4 390 15 606 5 589 44 18 18 39 124 1301 8
internal_value=-0.000792276 -0.00559324 0.0286326 -0.00693266 -0.00627756 -0.0242214 -0.00402346 -0.0143752 -0.0190328 0.00178068 0.00407942 0.0152419 0.000158719 0.0428886
internal_weight=206.003 113.652 4.28027 109.372 108.148 12.0694 96.0787 34.517 31.8361 61.5617 10.6625 8.79884 60.3839 2.61349
internal_count=4197 3223 394 2829 2814 611 2203 814 770 1389 181 142 1371 70
is_linear=0
shrinkage=0.05


Tree=256
num_leaves=15
num_cat=0
split_feature=203 275 197 235 147 146 198 165 266 285 41 264 181 34
split_gain=2.30705 1.79467 2.24017 1.99559 1.5953 1.62057 1.64931 1.69638 2.25108 2.19555 1.75519 1.61723 1.46162 1.32455
threshold=1.0000000180025095e-35 1.0000000180025095e-35 1.0000000180025095e-35 1.0000000180025095e-35 1.0000000180025095e-35 1.0000000180025095e-35 1.0000000180025095e-35 1.0000000180025095e-35 1.0000000180025095e-35 1.0000000180025095e-35 1.0000000180025095e-35 1.0000000180025095e-35 1.0000000180025095e-35 1.0000000180025095e-35
decision_type=2 2 2 2 2 2 2 2 2 2 2 2 2 2
left_child=1 2 3 4 5 6 7 8 10 -9 -1 -7 -10 -3
right_child=-2 13 -4 -5 -6 11 -8 9 12 -11 -12 -13 -14 -15
leaf_value=-0.0075707955480416554 -0.04879776829999366 0.001571222090489153 -0.080681399974079818 -0.055109953973323814 0.054426899654466954 0.072160829803418744 0.076583606201501675 0.1001381841961367 -0.039578712083243123 -0.018752313334844131 0.033727556725838728 -0.01394171622813045 0.060970092988187841 0.028130166636593065
leaf_weight=56.390838886494748 2.5608878522180012 121.65444803005084 1.0218607261776913 2.0239070653915396 1.1204534200951446 1.3035498447716229 0.58428394794464011 0.81949112657457479 7.2408759554382405 0.7380458191037178 2.6957475231029084 0.93761911150068034 0.38041567802429188 4.882889356231316
leaf_count=1399 25 2298 9 13 23 11 1 17 244 6 69 12 1 78
internal_value=-0.00163878 -0.00104031 -0.00715455 -0.00614244 -0.00477 -0.005703 -0.00706502 -0.00778097 -0.00898534 0.0438014 -0.00568661 0.0361388 -0.0345598 0.00259609
internal_weight=204.355 201.794 75.2571 74.2352 72.2113 71.0909 68.8497 68.2654 66.7079 1.55754 59.0866 2.24117 7.62129 126.537
internal_count=4206 4181 1805 1796 1783 1760 1737 1736 1713 23 1468 23 245 2376
is_linear=0
shrinkage=0.05


Tree=257
num_leaves=15
num_cat=0
split_feature=51 34 155 142 157 4 287 292 196 111 197 137 264 164
split_gain=1.3664 1.13557 1.29521 1.16056 1.30011 1.14263 4.43008 1.68867 1.50157 1.30088 1.25658 1.26584 4.29513 1.17229
threshold=1.0000000180025095e-35 1.0000000180025095e-35 1.0000000180025095e-35 1.0000000180025095e-35 1.0000000180025095e-35 1.0000000180025095e-35 1.5000000000000002 1.0000000180025095e-35 1.0000000180025095e-35 1.0000000180025095e-35 1.0000000180025095e-35 1.0000000180025095e-35 1.0000000180025095e-35 1.0000000180025095e-35
decision_type=2 2 2 2 2 2 2 2 2 2 2 2 2 2
left_child=1 2 3 5 -5 8 -7 -8 9 10 11 13 -13 -1
right_child=-2 -3 -4 4 -6 6 7 -9 -10 -11 -12 12 -14 -15
leaf_value=-0.001021486937783315 0.055858670786542414 0.02256378192161472 -0.058223898984014845 -0.043020785359266782 0.059571017778424523 -0.050235572648012608 0.0046276201460113079 -0.044643766025284914 0.079052715704262852 -0.064318399545667773 0.031083635455870208 -0.043122347870721459 0.14149714417557652 0.023194097400516703
leaf_weight=154.40230067737866 1.0641416758298863 5.0072707845829418 1.0029444298706938 2.7629612199962135 0.34767204523086537 5.5259601670550209 18.964977277442816 1.9145387005992223 0.61036643898114462 0.7708368580788364 3.3528526951558879 0.62410451285540947 0.63615867774933577 5.1650514546781769
leaf_count=3455 19 80 26 88 1 213 187 49 3 13 22 19 6 29
internal_value=-0.000649818 -0.000948857 -0.00154929 -0.00125792 -0.0315542 -0.000766994 -0.0104262 0.0001097 0.000773558 0.000483903 0.000788153 0.000156569 0.0500703 -0.00023765
internal_weight=202.152 201.088 196.081 195.078 3.11063 191.967 26.4055 20.8795 165.562 164.951 164.18 160.828 1.26026 159.567
internal_count=4210 4191 4111 4085 89 3996 449 236 3547 3544 3531 3509 25 3484
is_linear=0
shrinkage=0.05


Tree=258
num_leaves=15
num_cat=0
split_feature=57 158 239 178 137 287 267 280 285 41 91 151 285 187
split_gain=1.5348 1.23196 1.9268 1.57319 1.38476 3.25555 1.6419 2.37222 2.76575 2.07421 1.70416 1.44496 1.70734 1.34442
threshold=1.0000000180025095e-35 1.0000000180025095e-35 1.0000000180025095e-35 1.0000000180025095e-35 1.0000000180025095e-35 1.0000000180025095e-35 1.0000000180025095e-35 1.0000000180025095e-35 1.0000000180025095e-35 1.0000000180025095e-35 1.0000000180025095e-35 1.0000000180025095e-35 1.0000000180025095e-35 1.0000000180025095e-35
decision_type=2 2 2 2 2 2 2 2 2 2 2 2 2 2
left_child=1 2 -1 -4 6 -6 7 8 13 -8 -10 12 -9 -3
right_child=-2 4 3 -5 5 -7 9 11 10 -11 -12 -13 -14 -15
leaf_value=0.00068633391047078743 -0.033493424109843559 -0.15593853155745807 -0.059526968065939656 0.01132869059351204 -0.052432639926287265 0.092057903496725879 0.033881202454159723 0.01787083698395801 0.0048214251942721529 -0.04978050752819449 -0.062378650569741213 0.056095073207650704 -0.057536099272320021 -0.060534859801084744
leaf_weight=176.53888797777472 3.7751498697325578 0.40804598480463106 2.4038932127878061 1.1620774120092394 0.67586603946983703 0.92117019975557923 2.748145247809588 1.8994740927591913 3.3645936578977853 1.014309060177766 1.3110472094267605 1.0389230977743862 1.2411247650161383 3.8858797303400978
leaf_count=3709 136 7 52 7 19 18 42 30 34 26 18 8 14 120
internal_value=-0.00191135 -0.00131105 -4.86774e-05 -0.0364365 -0.0135951 0.0309095 -0.0177978 -0.0261316 -0.0406286 0.0113271 -0.0140214 0.00498004 -0.011929 -0.0696009
internal_weight=202.389 198.613 180.105 3.56597 18.5086 1.59704 16.9115 13.1491 8.96957 3.76245 4.67564 4.17952 3.1406 4.29393
internal_count=4240 4104 3768 59 336 37 299 231 179 68 52 52 44 127
is_linear=0
shrinkage=0.05


Tree=259
num_leaves=15
num_cat=0
split_feature=39 57 205 90 264 283 124 288 275 1 233 22 275 278
split_gain=1.82229 2.29992 2.21311 1.98059 1.7672 3.39229 1.62316 1.48595 2.78547 1.45673 1.71141 1.71428 1.73882 1.92906
threshold=1.0000000180025095e-35 1.0000000180025095e-35 1.0000000180025095e-35 1.0000000180025095e-35 1.0000000180025095e-35 1.0000000180025095e-35 1.0000000180025095e-35 1.0000000180025095e-35 1.0000000180025095e-35 1.0000000180025095e-35 1.0000000180025095e-35 1.0000000180025095e-35 1.0000000180025095e-35 1.0000000180025095e-35
decision_type=2 2 2 2 2 2 2 2 2 2 2 2 2 2
left_child=1 6 3 4 5 -2 -1 8 -6 10 11 -9 13 -13
right_child=2 -3 -4 -5 7 -7 -8 9 -10 -11 -12 12 -14 -15
leaf_value=0.0049532912183180141 -0.048895739884028802 -0.0527432589533674 0.077584551392997192 0.052268102331038395 -0.0804284611372071 0.036577044314439922 -0.046669926833506861 0.058721439726144124 -0.0095113964562775783 -0.062036324806950607 0.022399193695606966 0.032651886423680776 -0.014177267010140505 -0.02731591533009883
leaf_weight=149.18889558175579 5.9527130315545937 1.7800009776838113 0.76523398933932085 1.3279587102588255 1.7909851158037771 1.4420749577693639 1.5383874801918853 1.0098484773188854 6.1028588498011231 0.97586018359288473 6.8500068895518771 4.6093585696071413 22.339790549362078 1.8913415959104893
leaf_count=2901 309 87 3 18 18 24 70 14 78 16 44 87 495 25
internal_value=0.00094422 0.00375914 -0.00685294 -0.00804305 -0.0095552 -0.0322275 0.0044264 -0.00587609 -0.0256013 -0.0017433 -0.000140115 -0.0053124 -0.00755454 0.0152046
internal_weight=207.565 152.507 55.058 54.2928 52.9648 7.39479 150.727 45.5701 7.89384 37.6762 36.7003 29.8503 28.8405 6.5007
internal_count=4189 3058 1131 1128 1110 333 2971 777 96 681 665 621 607 112
is_linear=0
shrinkage=0.05


Tree=260
num_leaves=15
num_cat=0
split_feature=203 234 293 66 59 178 267 104 178 275 242 260 16 184
split_gain=2.32561 1.34268 2.03763 1.16355 1.00861 2.65703 1.10477 2.24448 1.88619 2.70992 1.89124 1.17013 1.43358 2.61453
threshold=1.0000000180025095e-35 1.0000000180025095e-35 1.0000000180025095e-35 1.0000000180025095e-35 1.0000000180025095e-35 1.0000000180025095e-35 1.0000000180025095e-35 1.0000000180025095e-35 1.0000000180025095e-35 1.0000000180025095e-35 1.0000000180025095e-35 1.0000000180025095e-35 1.0000000180025095e-35 1.0000000180025095e-35
decision_type=2 2 2 2 2 2 2 2 2 2 2 2 2 2
left_child=1 3 -3 4 6 -6 7 11 -8 -10 -11 12 -1 -14
right_child=-2 2 -4 -5 5 -7 8 -9 9 10 -12 -13 13 -15
leaf_value=0.0043798030018819484 -0.048458279830038656 -0.070788444938528094 0.020115752897509415 -0.066091535292283718 -0.055647553835735733 -0.0031649464669049904 -0.018718708384203177 -0.073324608955878418 0.070998667734977663 -0.03218483248097756 0.04168467843048726 0.027166231169797991 -0.033790726469124503 0.062828371500701266
leaf_weight=134.9457005567383 2.5097866160795084 1.597854846273548 1.003660973161459 0.65506518818437953 2.6276108282618251 29.335800610715523 13.966281633998735 0.93987561296671529 1.586135085672139 2.5120765659958124 1.322705324739218 5.3390989964827886 5.1549964579753569 0.81022566556930531
leaf_count=2830 23 34 14 10 90 198 746 32 5 50 12 57 117 2
internal_value=-0.000624333 -2.94133e-05 -0.0357177 0.00043668 0.000656184 -0.00747938 0.00221726 0.00369507 -0.00900241 0.0160304 -0.00670552 0.00419004 0.00331947 -0.0206674
internal_weight=204.307 201.797 2.60152 199.196 198.541 31.9634 166.577 147.19 19.3872 5.42092 3.83478 146.25 140.911 5.96522
internal_count=4220 4197 48 4149 4139 288 3851 3038 813 67 62 3006 2949 119
is_linear=0
shrinkage=0.05


Tree=261
num_leaves=15
num_cat=0
split_feature=231 239 201 129 218 37 249 69 136 237 168 56 230 277
split_gain=1.77932 0.8537 1.03936 0.861482 0.862179 0.80068 0.79445 0.754636 0.697006 0.636545 0.635705 0.777422 0.753628 0.727906
threshold=1.0000000180025095e-35 1.0000000180025095e-35 1.0000000180025095e-35 1.0000000180025095e-35 1.0000000180025095e-35 1.0000000180025095e-35 1.0000000180025095e-35 1.0000000180025095e-35 1.0000000180025095e-35 1.0000000180025095e-35 1.0000000180025095e-35 1.0000000180025095e-35 1.0000000180025095e-35 2.5000000000000004
decision_type=2 2 2 2 2 2 2 2 2 2 2 2 2 2
left_child=1 3 -3 4 5 6 7 8 9 10 11 12 13 -1
right_child=-2 2 -4 -5 -6 -7 -8 -9 -10 -11 -12 -13 -14 -15
leaf_value=0.0038625908244083215 0.053909276658477195 -0.050649275534029869 0.0020462975382716194 -0.053654734166300788 -0.053716012482908464 0.051258647359687062 -0.054238081296371921 0.053103373867136754 -0.041433851076047835 -0.04316405554675018 -0.049392662169090058 -0.048489724263359152 -0.046015525881626718 0.051338749599377093
leaf_weight=187.1974096922786 1.6984920813702036 1.6597861209884279 2.1451027155853808 0.66933030728250642 0.66386455111205478 0.86864875163882871 0.60125292185693879 0.7584019866771986 0.87346345058176567 0.73323495482327317 0.56611355021595855 0.71167556941509147 0.75414846348576148 0.81085129431448777
leaf_count=3841 17 42 20 10 16 22 21 14 27 63 13 7 22 25
internal_value=0.00295042 0.00251551 -0.0209408 0.00297271 0.00316754 0.00336232 0.00314675 0.00332608 0.0031291 0.00333313 0.00351253 0.0036706 0.00386726 0.00406735
internal_weight=200.712 199.013 3.80489 195.208 194.539 193.875 193.007 192.405 191.647 190.773 190.04 189.474 188.762 188.008
internal_count=4160 4143 62 4081 4071 4055 4033 4012 3998 3971 3908 3895 3888 3866
is_linear=0
shrinkage=0.05


Tree=262
num_leaves=15
num_cat=0
split_feature=280 286 16 184 285 52 158 277 264 277 285 285 292 111
split_gain=2.09781 2.10835 1.76924 1.72534 1.66857 1.81931 1.6186 1.59448 1.91898 1.49641 2.49041 1.39499 1.34474 1.26533
threshold=1.0000000180025095e-35 1.0000000180025095e-35 1.0000000180025095e-35 1.0000000180025095e-35 1.5000000000000002 1.0000000180025095e-35 1.0000000180025095e-35 1.0000000180025095e-35 1.0000000180025095e-35 1.5000000000000002 4.5000000000000009 5.5000000000000009 1.5000000000000002 1.0000000180025095e-35
decision_type=2 2 2 2 2 2 2 2 2 2 2 2 2 2
left_child=2 -2 11 12 5 6 -3 -6 -9 10 -10 13 -4 -1
right_child=1 4 3 -5 7 -7 -8 8 9 -11 -12 -13 -14 -15
leaf_value=0.0078143332747043388 -0.035469164590339455 -0.0096481854449107576 -0.045095195740311178 0.059257248681044816 0.042711018824357121 0.050256460149259899 -0.060982068513166066 0.02138562064323106 -0.058812767322290176 -0.052744984717554524 0.029442572073721387 -0.020106047315339288 0.038545456214589678 -0.063082835316848815
leaf_weight=144.1169226448983 5.507866052328608 23.509372128348339 3.793684064759872 0.55316866561770428 3.0934196859598151 1.1904303587507445 1.6428873252589244 6.3370826025493425 1.1863932437263431 2.0530079249292612 2.4500779123045504 4.7239074697718015 0.55025704018771637 0.63210336491465469
leaf_count=3269 59 412 111 3 16 129 47 44 27 21 11 26 10 10
internal_value=0.00284799 -0.00640446 0.00566325 -0.0239096 -0.00254353 -0.0101426 -0.0130012 0.0106959 0.00246106 -0.0186176 0.0006494 0.00663213 -0.0345002 0.00750473
internal_weight=201.341 46.9705 154.37 4.89711 41.4627 26.3427 25.1523 15.12 12.0266 5.68948 3.63647 149.473 4.34394 144.749
internal_count=4195 766 3429 124 707 588 459 119 103 59 38 3305 121 3279
is_linear=0
shrinkage=0.05


Tree=263
num_leaves=15
num_cat=0
split_feature=11 127 89 281 275 278 286 197 22 147 137 287 285 80
split_gain=2.04881 2.56477 2.48943 1.761 3.75781 1.82274 1.27224 1.25479 1.17327 1.17194 1.24351 4.67289 1.10989 1.49902
threshold=1.0000000180025095e-35 1.0000000180025095e-35 1.0000000180025095e-35 1.0000000180025095e-35 2.5000000000000004 1.0000000180025095e-35 2.5000000000000004 1.0000000180025095e-35 1.0000000180025095e-35 1.0000000180025095e-35 1.0000000180025095e-35 1.0000000180025095e-35 4.5000000000000009 1.0000000180025095e-35
decision_type=2 2 2 2 2 2 2 2 2 2 2 2 2 2
left_child=1 2 3 4 9 6 -5 8 -2 10 -1 -12 13 -10
right_child=7 -3 -4 5 -6 -7 -8 -9 12 -11 11 -13 -14 -15
leaf_value=-0.0019525830596901703 -0.055646140947705182 -0.09477337435177044 0.085972795279365841 -0.019290515739106673 0.050034820918825808 0.0069506098569665949 -0.078917201212186247 0.052069370830206962 0.0086775218465080916 0.035200629772476094 -0.046727574715166365 0.14975904519495523 0.043341370698763169 -0.058280231731356137
leaf_weight=110.60976040217793 0.70933992508798738 0.7347874715924253 0.81582367420196433 16.547632712987259 3.7727068853564552 7.4988400784786782 0.94572163908742268 1.6826667196582992 52.596043203142472 2.2306295423768452 0.62117500603198894 0.59000108763575554 2.2658738237805656 0.84938484895974298
leaf_count=2783 23 6 6 295 53 109 33 13 775 21 21 2 17 11
internal_value=0.00159366 -0.00159718 -0.00112052 -0.00161803 0.000939056 -0.0136733 -0.022514 0.00952184 0.00825292 -0.000684981 -0.00140084 0.0489871 0.00906651 0.00761339
internal_weight=202.47 144.367 143.632 142.816 117.824 24.9922 17.4934 58.1033 56.4206 114.052 111.821 1.21118 55.7113 53.4454
internal_count=4168 3329 3323 3317 2880 437 328 839 826 2827 2806 23 803 786
is_linear=0
shrinkage=0.05


Tree=264
num_leaves=15
num_cat=0
split_feature=277 148 216 275 147 286 22 285 282 146 266 287 203 41
split_gain=2.0013 1.08011 2.46307 1.1198 2.25868 1.53615 2.30039 1.99973 2.85468 1.71828 6.02324 2.55959 2.41999 2.27795
threshold=1.5000000000000002 1.0000000180025095e-35 1.0000000180025095e-35 1.0000000180025095e-35 1.0000000180025095e-35 1.0000000180025095e-35 1.0000000180025095e-35 1.0000000180025095e-35 1.0000000180025095e-35 1.0000000180025095e-35 1.0000000180025095e-35 1.5000000000000002 1.0000000180025095e-35 1.0000000180025095e-35
decision_type=2 2 2 2 2 2 2 2 2 2 2 2 2 2
left_child=1 3 -3 4 5 6 -1 8 -8 11 12 13 -11 -7
right_child=-2 2 -4 -5 -6 9 7 -9 -10 10 -12 -13 -14 -15
leaf_value=0.045774510535796953 0.014910826171718766 -0.054522297823787085 0.068033514409551132 0.0032634348224095827 0.070815211051905871 -0.047546291063862767 -0.003978352065206912 0.017186635800186055 -0.055030391322931527 -0.071472589469805767 0.10558775712006041 -0.0042862275594608354 0.0086470192059847923 0.00592727450381203
leaf_weight=2.5843786392360917 22.82440737367142 2.2313249891158189 0.50224578380584706 96.740944397111889 0.9755159541964521 9.6555037128273415 31.453677481040359 9.788492192514239 2.9993539080023757 1.4136294685304154 1.2829036079347131 12.479546903632581 2.827864944934845 2.5091752759180972
leaf_count=68 173 78 1 2093 22 299 1108 92 69 24 6 75 17 69
internal_value=0.000974428 -0.000818188 -0.0320048 -0.000330235 -0.00478906 -0.00574696 -7.81513e-05 -0.00275664 -0.00842275 -0.0145457 0.0106574 -0.0201954 -0.0180557 -0.0365164
internal_weight=200.269 177.445 2.73357 174.711 77.97 76.9945 46.8259 44.2415 34.453 30.1686 5.5244 24.6442 4.24149 12.1647
internal_count=4194 4021 79 3942 1849 1827 1337 1269 1177 490 47 443 41 368
is_linear=0
shrinkage=0.05


Tree=265
num_leaves=15
num_cat=0
split_feature=52 234 11 112 278 280 292 267 194 292 260 275 39 285
split_gain=1.21648 2.70264 1.11862 1.51934 1.45236 2.71009 2.89086 2.58429 2.84997 1.80697 3.00916 2.09352 3.03673 1.9932
threshold=1.0000000180025095e-35 1.0000000180025095e-35 1.0000000180025095e-35 1.0000000180025095e-35 1.0000000180025095e-35 1.0000000180025095e-35 1.0000000180025095e-35 1.0000000180025095e-35 1.0000000180025095e-35 1.0000000180025095e-35 1.0000000180025095e-35 1.0000000180025095e-35 1.0000000180025095e-35 1.0000000180025095e-35
decision_type=2 2 2 2 2 2 2 2 2 2 2 2 2 2
left_child=2 -2 3 -1 5 7 -7 9 -9 11 -11 12 -4 -13
right_child=1 -3 4 -5 -6 6 -8 8 -10 10 -12 13 -14 -15
leaf_value=0.00029252635722104434 0.033998851278097375 -0.098045115206927477 -0.05869238800656016 -0.073227642656158984 -0.013886966741735354 0.005351650715201153 -0.056312288140939248 -0.058289770107197075 0.048860259782689958 -0.027198300576376878 0.033196571575343108 0.089063541806790394 0.056662075410249403 0.033068661052282337
leaf_weight=143.69155026774388 5.6612197274807832 0.4159920485690235 1.0006381901912427 0.70617526024579902 6.520784836029633 25.111251002526846 2.0563040182460091 1.7878647521138185 0.95049845054745663 2.8312223178800195 7.5957066733390093 3.3477302258834243 1.327323236502707 3.0255773048847914
leaf_count=3003 499 14 28 6 113 309 52 54 4 42 33 16 6 11
internal_value=0.00292246 0.0249603 0.00225266 -6.70231e-05 0.00828196 0.0112301 0.000684326 0.0243324 -0.0210975 0.0308361 0.0167976 0.0476587 0.00707874 0.0624813
internal_weight=206.03 6.07721 199.953 144.398 55.5549 49.0341 27.1676 21.8666 2.73836 19.1282 10.4269 8.70127 2.32796 6.37331
internal_count=4190 513 3677 3009 668 555 361 194 58 136 75 61 34 27
is_linear=0
shrinkage=0.05


Tree=266
num_leaves=15
num_cat=0
split_feature=267 293 145 178 288 287 280 111 102 286 104 104 142 175
split_gain=3.75706 3.90153 2.16959 2.44244 2.01537 3.79434 3.13355 2.59457 2.36924 1.98857 1.84846 1.59161 1.55972 1.44516
threshold=1.0000000180025095e-35 1.0000000180025095e-35 1.0000000180025095e-35 1.0000000180025095e-35 1.0000000180025095e-35 1.0000000180025095e-35 1.0000000180025095e-35 1.0000000180025095e-35 1.0000000180025095e-35 1.5000000000000002 1.0000000180025095e-35 1.0000000180025095e-35 1.0000000180025095e-35 1.0000000180025095e-35
decision_type=2 2 2 2 2 2 2 2 2 2 2 2 2 2
left_child=4 2 -2 11 6 9 10 -8 12 -6 13 -4 -7 -1
right_child=1 -3 3 -5 5 8 7 -9 -10 -11 -12 -13 -14 -15
leaf_value=0.0014312328869360573 -0.057444190705269738 0.00078055810351758848 -0.05325830349246409 0.064448448578763237 -0.0040826997260031269 0.020543297743385633 -0.025433871877126996 0.032509644664643067 -0.043839439046525069 -0.065657646088703267 -0.084116162981836509 0.019693968771254344 -0.026667169377098454 0.022679681735544143
leaf_weight=77.086387304356322 6.697844295471441 13.052419235929847 2.3946974807186052 0.84129441529512394 19.644392701797191 48.605763511965051 17.55415267159697 2.170867219567298 1.5539115946739901 1.4049927801825095 0.6043182946741571 1.0870354175567629 1.8148093542549748 8.9289050071965885
leaf_count=1755 520 267 99 3 456 678 208 15 13 51 19 4 64 64
internal_value=0.000831611 -0.0177156 -0.0396213 -0.0120076 0.00332086 0.00971673 -0.001071 -0.0190568 0.0169699 -0.00819267 0.00302472 -0.0304818 0.018844 0.00363695
internal_weight=203.442 24.0733 11.0209 4.32303 179.369 73.0239 106.345 19.725 51.9745 21.0494 86.6196 3.48173 50.4206 86.0153
internal_count=4216 893 626 106 3323 1262 2061 223 755 507 1838 103 742 1819
is_linear=0
shrinkage=0.05


Tree=267
num_leaves=15
num_cat=0
split_feature=285 80 245 148 216 151 288 288 287 277 275 266 266 8
split_gain=1.10687 2.10731 1.29988 1.35663 2.42439 1.1505 2.97074 2.99378 1.75018 3.6016 1.41828 2.0926 1.54099 2.15723
threshold=4.5000000000000009 1.0000000180025095e-35 1.0000000180025095e-35 1.0000000180025095e-35 1.0000000180025095e-35 1.0000000180025095e-35 1.0000000180025095e-35 1.5000000000000002 1.0000000180025095e-35 1.5000000000000002 2.5000000000000004 1.0000000180025095e-35 1.0000000180025095e-35 1.0000000180025095e-35
decision_type=2 2 2 2 2 2 2 2 2 2 2 2 2 2
left_child=1 2 3 -1 -5 6 -2 8 -8 -10 12 -12 13 -7
right_child=5 -3 -4 4 -6 10 7 -9 9 -11 11 -13 -14 -15
leaf_value=0.0012056704290563085 0.023318018049927405 -0.064819728172987243 -0.040591117400669306 -0.057671324479245195 0.066500035690261944 -0.045766113265934459 -0.059683709132605081 0.02951416131913745 -0.07026910925627626 0.032427409119848052 0.016967163215693009 -0.055510978262007599 0.032516063946245399 0.024053388012668486
leaf_weight=158.98033789574401 7.2696649469435242 1.2585371639579523 1.9367198221152637 2.1514919674955304 0.48097538948059071 1.7177211297676009 3.6247002142481488 2.3736247322522104 1.4589503826573493 2.0580461584031582 2.8007041960954657 1.5454221758991478 12.366400548256934 3.1082125417888165
leaf_count=3797 42 14 97 80 1 20 39 17 17 16 26 13 58 12
internal_value=0.00141205 -0.000367751 0.000128217 0.000616185 -0.0349841 0.009066 -0.000747565 -0.0191336 -0.0353022 -0.010174 0.0167137 -0.00880506 0.0231648 -0.000797851
internal_weight=203.132 164.808 163.55 161.613 2.63247 38.3234 16.785 9.51532 7.1417 3.517 21.5385 4.34613 17.1923 4.82593
internal_count=4249 3989 3975 3878 81 260 131 89 72 33 129 39 90 32
is_linear=0
shrinkage=0.05


Tree=268
num_leaves=15
num_cat=0
split_feature=155 73 63 58 285 112 286 116 215 174 173 242 148 264
split_gain=1.25065 0.987181 0.937566 0.927582 1.96042 0.886113 1.97145 0.801732 0.78864 0.757122 0.756787 0.872443 1.75577 1.75336
threshold=1.0000000180025095e-35 1.0000000180025095e-35 1.0000000180025095e-35 1.0000000180025095e-35 3.5000000000000004 1.0000000180025095e-35 2.5000000000000004 1.0000000180025095e-35 1.0000000180025095e-35 1.0000000180025095e-35 1.0000000180025095e-35 1.0000000180025095e-35 1.0000000180025095e-35 1.0000000180025095e-35
decision_type=2 2 2 2 2 2 2 2 2 2 2 2 2 2
left_child=1 2 3 5 -5 7 -7 8 9 10 11 12 -1 -14
right_child=-2 -3 -4 4 -6 6 -8 -9 -10 -11 -12 -13 13 -15
leaf_value=0.0047560036380937696 -0.050119662732690154 -0.044359153794442219 -0.06622105794572862 -0.072326581240479221 0.0057242533023317615 -0.010062061810799654 0.059956484602195964 -0.059998561757076109 -0.050453227883221756 0.058289099652047753 0.051511633412276894 -0.012413079607828677 -0.12752765838705535 -0.017143161048195382
leaf_weight=177.89521636225982 1.1089693480171252 1.0885857614921395 0.48260347358882327 1.244923181831836 2.27416932862252 1.8894276713253919 2.1484184758737683 0.49544079322367807 0.67022229172289272 0.63723872951231797 0.82392857572995026 8.2489418755285424 0.45859483885578733 1.6689646113663912
leaf_count=3697 30 149 6 15 17 23 10 12 16 10 24 83 17 59
internal_value=0.00283179 0.00312536 0.0033852 0.00355446 -0.0218872 0.00401375 0.0271927 0.00352347 0.00368876 0.00388002 0.00369666 0.00348741 0.004216 -0.0409365
internal_weight=201.136 200.027 198.938 198.455 3.51909 194.936 4.03785 190.899 190.403 189.733 189.096 188.272 180.023 2.12756
internal_count=4168 4138 3989 3983 32 3951 33 3918 3906 3890 3880 3856 3773 76
is_linear=0
shrinkage=0.05


Tree=269
num_leaves=15
num_cat=0
split_feature=111 145 187 282 277 267 158 285 287 201 4 142 91 41
split_gain=1.86471 2.01917 3.77919 3.05934 2.09388 4.97186 2.44114 2.38066 2.64499 2.39521 2.06791 1.88288 1.82048 5.14693
threshold=1.0000000180025095e-35 1.0000000180025095e-35 1.0000000180025095e-35 1.0000000180025095e-35 1.0000000180025095e-35 1.0000000180025095e-35 1.0000000180025095e-35 1.5000000000000002 1.0000000180025095e-35 1.0000000180025095e-35 1.0000000180025095e-35 1.0000000180025095e-35 1.0000000180025095e-35 1.0000000180025095e-35
decision_type=2 2 2 2 2 2 2 2 2 2 2 2 2 2
left_child=1 4 3 -3 5 6 7 8 9 -1 12 -7 -10 -14
right_child=-2 2 -4 -5 -6 11 -8 -9 10 -11 -12 -13 13 -15
leaf_value=-0.021619076275418012 -0.049793688503949073 -0.049497486411072378 0.010988612466039126 0.029153251679770259 0.0025204959053955964 -0.057219621626944155 0.027530120414159854 0.021851299652222128 0.02573847392731244 0.07916739403425771 -0.023255999517730403 0.052803660902991136 -0.059146584999282138 0.087832554679015018
leaf_weight=33.948132463730872 1.9315628265030671 4.8145407480187705 57.366051804972813 1.6636436837725339 65.656006596167572 6.3899980033747843 5.1283132457174352 5.8224946670234194 9.4233235344290751 0.59991079568862815 4.9577640185598275 0.41405722219496954 2.1799005237407978 0.81956719467416395
leaf_count=1337 30 105 806 16 965 498 40 32 117 1 122 7 66 10
internal_value=-0.000903083 -0.000428971 0.00690064 -0.0292994 -0.0038866 -0.00992339 -0.00553005 -0.00846581 -0.0118651 -0.019869 0.00404447 -0.0505242 0.0149397 -0.0189864
internal_weight=201.115 199.184 63.8442 6.47818 135.339 69.6835 62.8794 57.7511 51.9286 34.548 17.3806 6.80406 12.4228 2.99947
internal_count=4152 4122 927 121 3195 2230 1725 1685 1653 1338 315 505 193 76
is_linear=0
shrinkage=0.05


Tree=270
num_leaves=15
num_cat=0
split_feature=203 89 71 274 61 1 278 178 22 158 293 291 264 145
split_gain=4.46782 2.13187 1.56233 1.04407 2.00599 1.94926 1.89893 1.7739 1.85444 1.554 1.47594 1.49639 1.59873 2.69506
threshold=1.0000000180025095e-35 1.0000000180025095e-35 1.0000000180025095e-35 1.0000000180025095e-35 1.0000000180025095e-35 1.0000000180025095e-35 1.0000000180025095e-35 1.0000000180025095e-35 1.0000000180025095e-35 1.0000000180025095e-35 1.0000000180025095e-35 1.0000000180025095e-35 1.0000000180025095e-35 1.0000000180025095e-35
decision_type=2 2 2 2 2 2 2 2 2 2 2 2 2 2
left_child=1 2 3 4 7 10 -7 8 -1 -9 -5 12 13 -12
right_child=-2 -3 -4 5 -6 6 -8 9 -10 -11 11 -13 -14 -15
leaf_value=0.035629253016268993 -0.07576773229314962 -0.064839425614764606 -0.019245861303298632 -0.073130821916787034 -0.055067139844957938 -0.0014605951048570309 0.056017384604610636 0.018195391341310412 0.001651213108011973 -0.014361531630457931 0.040025474471002728 -0.032952631624204136 -0.013288920063087515 -0.064745009085125704
leaf_weight=4.1551222063135347 1.84015996987 1.1685359231196333 7.6622294748667619 0.97482146439143136 1.3670171303674568 4.082483021542429 2.2174771977588534 36.065293669234961 119.6425360442372 4.0798737662844351 3.7746777785941967 5.1852208985947064 9.3082709242589772 0.73299966193735588
leaf_count=116 24 17 69 26 32 21 18 284 3295 38 47 38 117 12
internal_value=0.00178644 0.00249851 0.00289343 0.00377887 0.00525045 -0.00547928 0.0187707 0.0057534 0.00279165 0.0148867 -0.0131272 -0.0100488 -0.00145279 0.0229886
internal_weight=202.257 200.417 199.248 191.586 165.31 26.276 6.29996 163.943 123.798 40.1452 19.976 19.0012 13.8159 4.50768
internal_count=4154 4130 4113 4044 3765 279 39 3733 3411 322 240 214 176 59
is_linear=0
shrinkage=0.05


Tree=271
num_leaves=15
num_cat=0
split_feature=219 137 172 274 286 1 285 281 201 90 242 61 285 239
split_gain=3.05036 0.957396 0.880282 0.932937 2.60039 2.7003 3.7396 1.87832 1.93018 1.87276 1.77831 1.63699 2.21151 3.00283
threshold=1.0000000180025095e-35 1.0000000180025095e-35 1.0000000180025095e-35 1.0000000180025095e-35 2.5000000000000004 1.0000000180025095e-35 5.5000000000000009 1.0000000180025095e-35 1.0000000180025095e-35 1.0000000180025095e-35 1.0000000180025095e-35 1.0000000180025095e-35 1.5000000000000002 1.0000000180025095e-35
decision_type=2 2 2 2 2 2 2 2 2 2 2 2 2 2
left_child=1 2 3 7 5 6 -5 11 -9 10 -6 12 13 -1
right_child=-2 -3 -4 4 9 -7 -8 8 -10 -11 -12 -13 -14 -15
leaf_value=-0.001300491423352356 -0.072526932099032895 -0.042864346699717892 0.054286105006849106 -0.024492135910705717 0.0081770664250346275 0.0060209269417956304 -0.10806043302112084 0.017263292663481943 -0.066548816011571532 0.07292396905385827 -0.059602745402248983 -0.055817898801705762 0.016770044849433383 -0.060669071915370111
leaf_weight=126.23088253900642 1.4569679698906828 1.2893142434768368 0.75393156777135928 7.8140954086557013 11.178172319428992 5.2177849505096683 1.6154513265937565 22.635077520157214 0.70844758627936144 1.0169502422213561 1.0594271724112339 1.3276132377795864 17.240142620168626 2.166446109302341
leaf_count=3163 18 42 12 121 115 25 12 456 10 3 17 33 142 42
internal_value=-0.000441706 8.27576e-05 0.00036106 0.000155946 -0.00831895 -0.0228393 -0.0388089 0.0015444 0.0147197 0.00772715 0.00230927 -0.000548328 -4.44974e-05 -0.00230222
internal_weight=201.711 200.254 198.964 198.21 27.9019 14.6473 9.42955 170.309 23.3435 13.2545 12.2376 146.965 145.637 128.397
internal_count=4211 4193 4151 4139 293 158 133 3846 466 135 132 3380 3347 3205
is_linear=0
shrinkage=0.05


Tree=272
num_leaves=15
num_cat=0
split_feature=34 73 127 256 136 242 145 278 280 175 245 198 18 266
split_gain=1.52875 1.2486 1.25945 1.06673 0.942483 0.927921 1.49452 2.20929 1.38644 1.18352 1.67534 1.15782 1.09967 1.04429
threshold=1.0000000180025095e-35 1.0000000180025095e-35 1.0000000180025095e-35 1.0000000180025095e-35 1.0000000180025095e-35 1.0000000180025095e-35 1.0000000180025095e-35 1.0000000180025095e-35 1.0000000180025095e-35 1.0000000180025095e-35 1.0000000180025095e-35 1.0000000180025095e-35 1.0000000180025095e-35 1.0000000180025095e-35
decision_type=2 2 2 2 2 2 2 2 2 2 2 2 2 2
left_child=1 2 3 4 5 9 7 -7 -8 10 11 -1 13 -9
right_child=-2 -3 -4 -5 -6 6 8 12 -10 -11 -12 -13 -14 -15
leaf_value=0.0038621774719050229 0.033353246040121631 -0.056272573881604948 0.049394280202560675 -0.066146634489773037 -0.053413101609253028 -0.055785553052612846 -0.011242014699148364 0.047365716525059609 0.045956873748244566 0.013531156119440838 -0.042483151001683907 0.075053018022124995 -0.040211252052304025 -0.012405328771331792
leaf_weight=148.61371516127838 4.6484790083486578 0.84573662906768632 1.5575732574798156 0.53655688185244699 0.70132123003713687 3.0107248746789974 2.3915279323700815 1.4405420881230384 1.9019484231248496 36.81238141306676 1.9523800418246526 0.57333105802535911 1.1759030427783725 1.4831441077403724
leaf_count=3507 78 132 7 10 24 35 20 13 20 253 93 1 8 19
internal_value=0.0050024 0.00435318 0.00460682 0.00425905 0.00444788 0.00465143 -0.0091973 -0.0232628 0.0140963 0.00549169 0.00353356 0.00413577 0.000621741 0.0170447
internal_weight=207.645 202.997 202.151 200.593 200.057 199.356 11.4038 7.11031 4.29348 187.952 151.139 149.187 4.09959 2.92369
internal_count=4220 4142 4010 4003 3993 3969 115 75 40 3854 3601 3508 40 32
is_linear=0
shrinkage=0.05


Tree=273
num_leaves=15
num_cat=0
split_feature=263 112 203 127 52 63 57 187 286 22 285 137 264 178
split_gain=1.95645 2.00404 1.66412 1.62923 1.44557 1.35889 1.36241 1.9611 4.06148 1.06974 2.07086 1.27702 4.54594 1.113
threshold=1.0000000180025095e-35 1.0000000180025095e-35 1.0000000180025095e-35 1.0000000180025095e-35 1.0000000180025095e-35 1.0000000180025095e-35 1.0000000180025095e-35 1.0000000180025095e-35 2.5000000000000004 1.0000000180025095e-35 1.0000000180025095e-35 1.0000000180025095e-35 1.0000000180025095e-35 1.0000000180025095e-35
decision_type=2 2 2 2 2 2 2 2 2 2 2 2 2 2
left_child=3 2 4 5 -2 6 9 -8 -9 10 -1 13 -13 -11
right_child=1 -3 -4 -5 -6 -7 7 8 -10 11 -12 12 -14 -15
leaf_value=0.03326330851763195 0.0058553376003912501 0.043957753414934179 -0.064068261351635042 -0.086291247699680371 0.050459111321301313 0.055456123808324979 0.097105836856685238 -0.053390769552672884 0.061837782034314275 -0.007371887788865706 -0.054265421853440458 -0.045397796106185051 0.14621046414432246 0.003257719424751792
leaf_weight=4.2826254249084732 61.996111088781618 3.7260707709938279 0.83062344416975875 0.57183155044913192 1.8713382405694563 1.0314121302217234 0.79439454898238215 1.4124642163515084 1.6675528134219346 89.598967601108598 0.8023594906553625 0.64514369331300148 0.59508849401026964 33.960518111707643
leaf_count=106 694 18 12 5 189 7 5 84 15 2761 19 19 3 298
internal_value=0.0014106 0.00830127 0.00624775 -0.00207256 0.00716224 -0.00171527 -0.00215612 0.027061 0.00899515 -0.00302765 0.0194522 -0.0039436 0.0465397 -0.00445032
internal_weight=203.787 68.4241 64.6981 135.362 63.8674 134.791 133.759 3.87441 3.08002 129.885 5.08498 124.8 1.24023 123.559
internal_count=4235 913 895 3322 883 3317 3310 104 99 3206 125 3081 22 3059
is_linear=0
shrinkage=0.05


Tree=274
num_leaves=15
num_cat=0
split_feature=61 288 282 273 277 145 205 151 41 285 59 147 285 267
split_gain=1.69335 2.88836 1.44042 0.931194 1.02459 2.68421 3.08577 2.06164 1.79511 1.73106 1.66407 1.59667 2.43753 1.91883
threshold=1.0000000180025095e-35 1.5000000000000002 1.5000000000000002 1.0000000180025095e-35 1.0000000180025095e-35 1.0000000180025095e-35 1.0000000180025095e-35 1.0000000180025095e-35 1.0000000180025095e-35 1.0000000180025095e-35 1.0000000180025095e-35 1.0000000180025095e-35 1.0000000180025095e-35 1.0000000180025095e-35
decision_type=2 2 2 2 2 2 2 2 2 2 2 2 2 2
left_child=2 -2 3 4 5 11 7 8 -7 10 -6 13 -13 -1
right_child=1 -3 -4 -5 9 6 -8 -9 -10 -11 -12 12 -14 -15
leaf_value=-0.0091535773227918709 -0.054263272083651976 0.011721972202204192 0.062657148808895669 -0.056849294504316299 0.013688398529896749 0.0070785552983372892 -0.055317505813279627 0.078696662414778906 -0.058341651475532399 -0.00088126020385502057 0.082651049101030091 -0.05472756116359398 0.053399625270028075 -0.038059159794771785
leaf_weight=60.584074962651357 3.9376920794602475 2.865139496512711 0.88208555139135469 0.75373707292601366 16.444611130864363 48.277864045405295 2.0620593484491101 0.98544064164161582 1.0718750285450358 51.852609935216606 0.92389705311506887 0.69255003728903775 2.1068584509193897 6.3423666241287711
leaf_count=1729 77 15 12 12 638 501 43 8 43 565 17 32 15 509
internal_value=-0.00195491 -0.0264724 -0.00109064 -0.00138336 -0.00116487 -0.00391946 0.00463165 0.00708756 0.00565763 0.00369491 0.0173568 -0.0103454 0.0266499 -0.0118929
internal_weight=199.783 6.80283 192.98 192.098 191.344 122.123 52.3972 50.3352 49.3497 69.2211 17.3685 69.7259 2.79941 66.9264
internal_count=4216 92 4124 4112 4100 2880 595 552 544 1220 655 2285 47 2238
is_linear=0
shrinkage=0.05


Tree=275
num_leaves=15
num_cat=0
split_feature=89 61 39 18 282 245 268 228 174 55 291 137 37 172
split_gain=1.66373 1.28428 2.02717 6.31462 1.31392 1.0464 1.04569 0.850582 0.816173 0.768019 1.35265 0.759474 0.717019 0.717162
threshold=1.0000000180025095e-35 1.0000000180025095e-35 1.0000000180025095e-35 1.0000000180025095e-35 1.5000000000000002 1.0000000180025095e-35 1.0000000180025095e-35 1.0000000180025095e-35 1.0000000180025095e-35 1.0000000180025095e-35 1.5000000000000002 1.0000000180025095e-35 1.0000000180025095e-35 1.0000000180025095e-35
decision_type=2 2 2 2 2 2 2 2 2 2 2 2 2 2
left_child=1 4 3 -3 6 -4 7 8 9 10 11 12 13 -1
right_child=-2 2 5 -5 -6 -7 -8 -9 -10 -11 -12 -13 -14 -15
leaf_value=0.00049464225595351196 -0.062327641620203933 -0.054149668217469249 -0.013879049757881776 0.16409649758604322 0.063396934967083859 -0.059505427137519933 -0.047103846175928721 0.054096209445401326 0.058892942682044952 0.053625210975473736 -0.072289127385578217 -0.039997168683960353 0.051178885688223312 0.054692437490535699
leaf_weight=184.24211338663008 1.069360531400888 0.84288786957040318 2.5265502366237342 0.54620468616485596 0.83850512525532295 2.5001120837405324 1.1385712773771945 0.75007497239857812 0.60155969415791233 0.67938609793782134 0.63839996326714654 1.1440732865594316 0.70544168818741937 0.61240014294162293
leaf_count=3946 16 27 23 1 10 41 49 11 8 7 7 40 19 9
internal_value=-0.000129318 0.000207 -0.0217976 0.0316668 0.000944789 -0.0365723 0.000669917 0.000957147 0.000745836 0.000559799 0.000367361 0.000615796 0.000866196 0.000674193
internal_weight=198.836 197.766 6.41575 1.38909 191.351 5.02666 190.512 189.373 188.623 188.022 187.342 186.704 185.56 184.855
internal_count=4214 4198 92 28 4106 64 4096 4047 4036 4028 4021 4014 3974 3955
is_linear=0
shrinkage=0.05


Tree=276
num_leaves=15
num_cat=0
split_feature=286 146 220 271 234 234 288 58 219 275 63 285 91 288
split_gain=2.74499 3.47275 1.86926 1.98608 5.15481 4.04922 2.21638 2.98684 3.04526 2.41454 2.37412 2.45031 2.23356 2.14959
threshold=2.5000000000000004 1.0000000180025095e-35 1.0000000180025095e-35 1.0000000180025095e-35 1.0000000180025095e-35 1.0000000180025095e-35 1.0000000180025095e-35 1.0000000180025095e-35 1.0000000180025095e-35 1.5000000000000002 1.0000000180025095e-35 1.5000000000000002 1.0000000180025095e-35 1.5000000000000002
decision_type=2 2 2 2 2 2 2 2 2 2 2 2 2 2
left_child=2 -2 3 5 -5 6 7 8 10 13 11 -1 -11 -8
right_child=1 -3 -4 4 -6 -7 9 -9 -10 12 -12 -13 -14 -15
leaf_value=-0.00057135299545502723 -0.0061631463935890064 -0.051271251119788357 -0.064236248656235562 -0.011603322433879021 0.068977747661058963 -0.076649681594567365 0.021956019751095641 -0.090363307075641275 -0.072774166637127921 0.015035735809456633 0.088790203703773482 0.034519839284159852 -0.026486069874642627 -0.030396415001538859
leaf_weight=62.905988896032795 21.591450334875848 5.3176791118457905 1.0550189240602765 37.256303294678219 2.0963351095560929 1.4822567794471968 41.573642710689455 0.89103742688894172 1.3443635990843166 6.6832465140614641 0.80094818025827308 5.4018506142310789 6.2842650990642142 2.0577998850494614
leaf_count=1593 376 88 25 539 24 21 1059 10 16 133 3 51 185 86
internal_value=-0.000240004 -0.0150772 0.00211088 0.00252561 -0.00731073 0.00551641 0.00646833 0.00060683 0.00175735 0.0138569 0.0032072 0.00220369 -0.0050864 0.0194869
internal_weight=196.742 26.9091 169.833 168.778 39.3526 129.425 127.943 71.3442 70.4532 56.599 69.1088 68.3078 12.9675 43.6314
internal_count=4209 464 3745 3720 563 3157 3136 1673 1663 1463 1647 1644 318 1145
is_linear=0
shrinkage=0.05


Tree=277
num_leaves=15
num_cat=0
split_feature=145 178 187 63 205 41 89 267 293 285 59 175 18 57
split_gain=1.56642 2.48022 2.18905 1.53975 1.32123 1.14786 2.10161 1.33929 3.33092 2.97809 10.109 2.66949 1.43668 1.24999
threshold=1.0000000180025095e-35 1.0000000180025095e-35 1.0000000180025095e-35 1.0000000180025095e-35 1.0000000180025095e-35 1.0000000180025095e-35 1.0000000180025095e-35 1.0000000180025095e-35 1.0000000180025095e-35 1.0000000180025095e-35 1.0000000180025095e-35 1.0000000180025095e-35 1.0000000180025095e-35 1.0000000180025095e-35
decision_type=2 2 2 2 2 2 2 2 2 2 2 2 2 2
left_child=3 2 -2 5 -4 7 -7 13 -9 10 -10 -11 -13 -1
right_child=1 -3 4 -5 -6 6 -8 8 9 11 -12 12 -14 -15
leaf_value=0.0011985906054088357 -0.055728952404970125 0.011808294353768333 -0.0089321940469118486 -0.067319691404219714 -0.052780570154159538 0.011685420770500575 0.099767089103257212 -0.056517140879057584 -0.013126484640186294 -0.080569763269139644 0.29415562585080418 0.0262486808198161 -0.031278079780770816 0.031325342891372447
leaf_weight=112.6391441882588 2.8749701016349709 12.241974100703372 42.487373006530106 0.80875902809202571 1.7903484208509315 9.615075086941939 0.72851689159870225 3.4824978050019109 0.99262419645674504 1.1537027654703704 0.36646803468465805 2.866457081399858 1.7466703825630245 3.551612459588795
leaf_count=2367 81 120 698 9 42 313 2 371 39 18 2 31 19 82
internal_value=-0.00145533 -0.00824423 -0.0134503 0.00146761 -0.0107052 0.00187326 0.0178892 0.000566774 -0.0164395 0.00314677 0.0697296 -0.0125451 0.0044673 0.00211948
internal_weight=197.346 59.3947 47.1527 137.952 44.2777 137.143 10.3436 126.799 10.6084 7.12592 1.35909 5.76683 4.61313 116.191
internal_count=4194 941 821 3253 740 3244 315 2929 480 109 41 68 50 2449
is_linear=0
shrinkage=0.05


Tree=278
num_leaves=15
num_cat=0
split_feature=275 145 286 147 285 260 22 71 285 176 205 288 264 287
split_gain=1.98916 2.24072 1.75798 5.68643 4.75508 3.44063 3.0075 2.89237 2.57199 2.46916 2.28544 3.55184 4.38379 2.23119
threshold=1.0000000180025095e-35 1.0000000180025095e-35 1.5000000000000002 1.0000000180025095e-35 1.5000000000000002 1.0000000180025095e-35 1.0000000180025095e-35 1.0000000180025095e-35 1.5000000000000002 1.0000000180025095e-35 1.0000000180025095e-35 1.0000000180025095e-35 1.0000000180025095e-35 1.0000000180025095e-35
decision_type=2 2 2 2 2 2 2 2 2 2 2 2 2 2
left_child=2 -2 3 4 5 6 -1 9 10 -8 11 13 -13 -4
right_child=1 -3 8 -5 -6 -7 7 -9 -10 -11 -12 12 -14 -15
leaf_value=0.028719830492743542 -0.0012335923800792874 0.014403327833414949 0.015709770928015562 0.14206511967948154 0.041285030746431112 0.028115568026653121 -0.026219637485245636 0.029098256194871067 -0.081126700503899293 0.057029802123248929 0.10659358572674203 -0.037234103159495741 0.045052799612965148 -0.076523666416512565
leaf_weight=3.0970337670296422 89.353868346108356 30.809449985914398 1.0850729579105913 0.60169146209955116 3.8763448968529692 4.1371444868855169 48.737204875564203 2.6309542879462233 0.74159450083971101 0.90727256238460441 0.64207655191421587 2.1356711760163307 6.6846596412360668 1.6569677358493207
leaf_count=73 1748 633 15 2 15 40 1385 8 8 4 1 136 116 20
internal_value=-0.00124351 0.00277566 -0.00752109 -0.0109208 -0.012373 -0.0158682 -0.0191544 -0.0219907 0.00928237 -0.0246982 0.014776 0.00967724 0.0251286 -0.0400253
internal_weight=197.097 120.163 76.9337 63.9876 63.386 59.5096 55.3725 52.2754 12.946 49.6445 12.2044 11.5624 8.82033 2.74204
internal_count=4204 2381 1823 1527 1525 1510 1470 1397 296 1389 288 287 252 35
is_linear=0
shrinkage=0.05


Tree=279
num_leaves=15
num_cat=0
split_feature=267 281 104 145 45 274 293 59 104 11 286 205 275 278
split_gain=2.30211 1.68612 4.07076 1.75435 2.53456 1.80277 1.59794 2.11267 1.51294 1.47323 1.58431 1.39657 1.13442 2.12997
threshold=1.0000000180025095e-35 1.0000000180025095e-35 1.0000000180025095e-35 1.0000000180025095e-35 1.0000000180025095e-35 1.0000000180025095e-35 1.0000000180025095e-35 1.0000000180025095e-35 1.0000000180025095e-35 1.0000000180025095e-35 1.5000000000000002 1.0000000180025095e-35 1.5000000000000002 1.0000000180025095e-35
decision_type=2 2 2 2 2 2 2 2 2 2 2 2 2 2
left_child=8 2 6 5 -5 -3 -2 9 11 -8 -11 -1 -6 -14
right_child=1 3 -4 4 12 -7 7 -9 -10 10 -12 -13 13 -15
leaf_value=0.0035288668380869855 -0.055865357297992371 0.020655326437574114 0.093908331111191456 0.037774132561705108 -0.045110019894671033 -0.050609969156014525 0.020649637163682885 -0.061754441015898776 -0.061603087170845033 -0.10293248574098135 0.020230445448754224 -0.036969392021060858 -0.24731514695390888 -0.036751265967712117
leaf_weight=174.31954066292383 4.9563006003736501 6.9453287310898304 0.64974504476413208 0.78843031590804469 1.2335748174227772 1.0174070599023251 3.0043583693914115 1.8433006440754978 0.90996854938566585 0.58531243866309501 0.47139822086319327 2.1550982296466819 0.2262767660431565 0.25595315312966704
leaf_count=3258 421 206 2 10 53 19 75 27 34 18 16 47 16 6
internal_value=0.0008115 -0.014453 -0.0276596 7.01736e-05 -0.0364313 0.0115497 -0.0349324 -0.0173607 0.00270272 0.00278937 -0.0479895 0.0030343 -0.0705295 -0.135554
internal_weight=199.362 21.9774 11.5104 10.467 2.50424 7.96274 10.8607 5.90437 177.385 4.06107 1.05671 176.475 1.7158 0.48223
internal_count=4208 869 559 310 85 225 557 136 3339 109 34 3305 75 22
is_linear=0
shrinkage=0.05


Tree=280
num_leaves=15
num_cat=0
split_feature=145 187 285 280 52 281 52 287 278 234 291 91 283 264
split_gain=1.58706 2.98498 2.74478 2.7175 2.51217 2.04412 2.0517 3.6042 2.57916 2.45055 2.03539 1.99866 3.10319 2.12372
threshold=1.0000000180025095e-35 1.0000000180025095e-35 3.5000000000000004 1.0000000180025095e-35 1.0000000180025095e-35 1.0000000180025095e-35 1.0000000180025095e-35 1.0000000180025095e-35 1.0000000180025095e-35 1.0000000180025095e-35 1.0000000180025095e-35 1.0000000180025095e-35 1.0000000180025095e-35 1.0000000180025095e-35
decision_type=2 2 2 2 2 2 2 2 2 2 2 2 2 2
left_child=4 2 -2 5 -1 6 8 9 -3 -8 11 12 -5 -13
right_child=1 3 -4 10 -6 -7 7 -9 -10 -11 -12 13 -14 -15
leaf_value=-0.0029321840233042023 -0.050654481729616722 0.025857992189054171 0.018717905632205219 -0.05758167254130634 0.041702187891850595 -0.028659089473178453 -0.05797621192727679 0.050851590200067666 -0.061829114775957442 -0.26199546724682499 0.051004928654383677 0.10161728910264534 -0.003233921999228102 -0.010606725838393864
leaf_weight=130.38498226832598 3.9230849940795443 34.968120865756646 2.2399763860739768 3.2897374724270856 3.2305779770249492 2.1541924878256387 0.57139597344212123 0.62850487511605024 0.85919055971316893 0.19825162924826145 1.5430642140563566 0.80618354398757108 13.029016169952229 0.88362865801900625
leaf_count=2971 89 393 24 94 285 71 41 43 16 6 17 12 116 19
internal_value=0.00126588 0.00766784 -0.025441 0.0111304 -0.00185301 0.0186959 0.0214363 -0.0379844 0.0237551 -0.110529 -0.00410757 -0.00882989 -0.01419 0.0429336
internal_weight=198.71 65.0943 6.16306 58.9313 133.616 39.3797 37.2255 1.39815 35.8273 0.769648 19.5516 18.0086 16.3188 1.68981
internal_count=4197 941 113 828 3256 570 499 90 409 47 258 241 210 31
is_linear=0
shrinkage=0.05


Tree=281
num_leaves=15
num_cat=0
split_feature=241 96 266 231 184 69 168 116 228 90 285 151 277 235
split_gain=1.83956 1.35472 1.14609 0.906948 0.854174 0.764638 0.870533 0.732239 0.709124 1.19135 0.712715 1.47187 2.7593 1.47374
threshold=1.0000000180025095e-35 1.0000000180025095e-35 1.0000000180025095e-35 1.0000000180025095e-35 1.0000000180025095e-35 1.0000000180025095e-35 1.0000000180025095e-35 1.0000000180025095e-35 1.0000000180025095e-35 1.0000000180025095e-35 5.5000000000000009 1.0000000180025095e-35 1.0000000180025095e-35 1.0000000180025095e-35
decision_type=2 2 2 2 2 2 2 2 2 2 2 2 2 2
left_child=1 3 -2 4 5 6 7 8 9 10 11 -1 -13 -14
right_child=2 -3 -4 -5 -6 -7 -8 -9 -10 -11 -12 12 13 -15
leaf_value=0.0030221688609486166 -0.056072163404235133 -0.062721535209246768 -0.0067654142266788857 0.03905004857565994 0.050477594374110347 0.052695524969769238 -0.0638285609210925 -0.059341536927969118 0.053625425083500738 -0.064796947178352993 0.013122477486566506 -0.073903557076569579 -0.044246864368943171 0.0015390360294489387
leaf_weight=163.19380827251007 2.1305945152416816 0.78990662703290482 2.6374452654272318 1.7188944693189103 0.92612950457259913 0.75115868402644892 0.49863606388680537 0.48026052583008905 0.67519029742106695 0.65940815547946741 14.657332297414539 1.673533072695135 2.0895983355585459 11.058748989365995
leaf_count=3734 39 13 14 21 8 14 15 14 11 32 63 31 124 99
internal_value=0.00189356 0.0026283 -0.0287981 0.0028885 0.00257244 0.00234578 0.00215181 0.00232098 0.00247362 0.00229498 0.0025246 0.00165199 -0.0134341 -0.00573748
internal_weight=203.941 199.173 4.76804 198.383 196.664 195.738 194.987 194.488 194.008 193.332 192.673 178.016 14.8219 13.1483
internal_count=4232 4179 53 4166 4145 4137 4123 4108 4094 4083 4051 3988 254 223
is_linear=0
shrinkage=0.05


Tree=282
num_leaves=15
num_cat=0
split_feature=61 217 18 285 91 278 288 148 275 271 293 71 275 57
split_gain=6.40121 1.24327 1.08721 1.94573 1.703 1.42245 1.23682 2.51916 2.64227 2.44632 2.85584 2.2846 1.56402 1.72056
threshold=1.0000000180025095e-35 1.0000000180025095e-35 1.0000000180025095e-35 2.5000000000000004 1.0000000180025095e-35 1.0000000180025095e-35 1.0000000180025095e-35 1.0000000180025095e-35 1.0000000180025095e-35 1.0000000180025095e-35 1.0000000180025095e-35 1.0000000180025095e-35 1.5000000000000002 1.0000000180025095e-35
decision_type=2 2 2 2 2 2 2 2 2 2 2 2 2 2
left_child=1 2 6 -4 5 -5 7 8 11 12 -11 -1 13 -8
right_child=-2 -3 3 4 -6 -7 9 -9 -10 10 -12 -13 -14 -15
leaf_value=-0.0093240192203294641 -0.058690529087349078 -0.074081891500488883 -0.049192948703029794 -0.028406519350986811 0.018435178283196296 0.014318450734889946 0.014782342829262203 -0.096789955063471378 0.0096522506726666318 -0.05118790699278819 0.0025513832197105618 0.034717272889429551 -0.0025625920652029691 0.086446915314595363
leaf_weight=52.887246407568455 4.4561418630182734 0.53668982000090082 2.6466564079746631 6.6636951472610217 5.8491756124421945 2.7529027350246906 50.234975947241765 0.67314186599105497 42.589417585288174 3.43091257382184 8.8477008146001026 3.1182395145297042 14.634255178767487 0.85173066728748281
leaf_count=1149 82 31 142 41 52 19 1268 14 750 145 110 9 383 21
internal_value=0.000565526 0.00191469 0.00212366 -0.00961574 -0.00275417 -0.0159161 0.00330989 -0.000392217 0.000265925 0.00802147 -0.0124645 -0.00687191 0.0118489 0.0159772
internal_weight=200.173 195.717 195.18 17.9124 15.2658 9.4166 177.268 99.268 98.5949 77.9996 12.2786 56.0055 65.721 51.0867
internal_count=4216 4134 4103 254 112 60 3849 1922 1908 1927 255 1158 1672 1289
is_linear=0
shrinkage=0.05


Tree=283
num_leaves=15
num_cat=0
split_feature=271 234 158 264 1 267 124 137 280 234 89 18 22 268
split_gain=1.68758 2.22099 1.70452 4.04528 2.08936 2.03958 1.74759 2.79337 2.48173 1.72282 1.49141 1.34478 1.33555 1.34305
threshold=1.0000000180025095e-35 1.0000000180025095e-35 1.0000000180025095e-35 1.0000000180025095e-35 1.0000000180025095e-35 1.0000000180025095e-35 1.0000000180025095e-35 1.0000000180025095e-35 1.0000000180025095e-35 1.0000000180025095e-35 1.0000000180025095e-35 1.0000000180025095e-35 1.0000000180025095e-35 1.0000000180025095e-35
decision_type=2 2 2 2 2 2 2 2 2 2 2 2 2 2
left_child=2 11 9 4 5 -4 7 8 -5 10 12 -2 -1 -14
right_child=1 -3 3 6 -6 -7 -8 -9 -10 -11 -12 -13 13 -15
leaf_value=-0.022524020162213904 -0.018318235438697771 0.046533959225586841 -0.062335867802549266 -0.055943748564865385 0.062742217228881611 0.0069671241453485204 0.060954483199730958 0.07791921612486323 0.0266334668572576 -0.050934907743130586 -0.063368968205856968 -0.0005911441755190246 0.00476226592734026 -0.047655737385662728
leaf_weight=4.8411731625674284 31.18771189765539 1.6638648278312747 5.4477103052195144 2.1325337446760386 0.44734505005180825 1.3186064509209243 1.4687468472402541 0.88955017086118449 1.5869401851668956 1.508368242997675 0.84580900985747476 16.284416760085151 123.37934564423631 1.2342236880795088
leaf_count=138 528 27 164 68 3 28 11 9 19 21 13 132 3017 52
internal_value=-0.00223828 -0.0102472 0.000473798 -0.0165919 -0.0419112 -0.0488302 0.0134595 -0.00167566 -0.0207116 0.00219468 0.00280971 -0.0122373 0.0032421 0.0042431
internal_weight=194.236 49.136 145.1 13.2914 7.21366 6.76632 6.07777 4.60902 3.71947 131.809 130.301 47.4721 129.455 124.614
internal_count=4230 687 3543 302 195 192 107 96 87 3241 3220 660 3207 3069
is_linear=0
shrinkage=0.05


Tree=284
num_leaves=15
num_cat=0
split_feature=22 266 242 70 61 63 75 52 100 90 66 275 285 59
split_gain=1.83188 1.69302 1.79892 1.82959 1.77065 1.60979 1.45744 1.24136 1.49317 1.17279 1.15119 1.46309 3.48361 1.99016
threshold=1.0000000180025095e-35 1.0000000180025095e-35 1.0000000180025095e-35 1.0000000180025095e-35 1.0000000180025095e-35 1.0000000180025095e-35 1.0000000180025095e-35 1.0000000180025095e-35 1.0000000180025095e-35 1.0000000180025095e-35 1.0000000180025095e-35 1.5000000000000002 1.5000000000000002 1.0000000180025095e-35
decision_type=2 2 2 2 2 2 2 2 2 2 2 2 2 2
left_child=-1 5 3 4 -3 6 9 8 10 -2 11 13 -13 -5
right_child=1 2 -4 7 -6 -7 -8 -9 -10 -11 -12 12 -14 -15
leaf_value=-0.030464314928659933 -0.0032844162098893473 0.0036200852306893594 -0.020538958819859406 0.018941979740873742 -0.080761144709627364 0.062050349840285901 0.054556104242214333 0.050631882066909245 -0.051691993873711033 -0.063416092967563481 0.073767418089304163 -0.042490843214659568 0.010806953383021255 -0.05933052622096649
leaf_weight=4.9044219000497824 129.82216110164882 1.4978563387412569 5.3093557928223154 31.733464597142301 1.0628399774432182 0.9526338130235662 1.0840124338865269 1.9874560544267286 0.95146881509572168 0.81597115378826757 0.7322148010134687 3.9230257331510083 14.031503548379987 0.8334277356043448
leaf_count=150 2868 23 58 644 8 4 7 175 18 19 3 145 85 23
internal_value=-0.00028404 0.000476044 0.00729245 0.00989612 -0.0314031 -0.00271253 -0.00318091 0.0118476 0.0103711 -0.00366 0.0115232 0.0106211 -0.0008385 0.0169389
internal_weight=199.642 194.737 62.0626 56.7533 2.5607 132.675 131.722 54.1926 52.2051 130.638 51.2536 50.5214 17.9545 32.5669
internal_count=4230 4080 1182 1124 31 2898 2894 1093 918 2887 900 897 230 667
is_linear=0
shrinkage=0.05


Tree=285
num_leaves=15
num_cat=0
split_feature=286 277 105 196 285 275 282 71 198 88 282 285 4 287
split_gain=3.27198 2.66244 2.56248 2.21062 2.12443 2.26012 3.14431 2.13339 2.25088 2.0748 1.4836 1.43147 1.41133 1.57846
threshold=1.0000000180025095e-35 1.0000000180025095e-35 1.0000000180025095e-35 1.0000000180025095e-35 1.0000000180025095e-35 1.0000000180025095e-35 1.0000000180025095e-35 1.0000000180025095e-35 1.0000000180025095e-35 1.0000000180025095e-35 1.0000000180025095e-35 1.5000000000000002 1.0000000180025095e-35 1.5000000000000002
decision_type=2 2 2 2 2 2 2 2 2 2 2 2 2 2
left_child=1 2 3 4 7 11 -7 8 -1 12 -3 -6 13 -2
right_child=9 10 -4 -5 5 6 -8 -9 -10 -11 -12 -13 -14 -15
leaf_value=-0.027368638336046025 0.0041115447798513805 0.0067523517803806795 0.043943627296574819 0.078847212794443969 -0.0022247767225826408 -0.077216299480389453 0.035340435826276766 0.018457214699497952 0.07349764647881725 -0.037425438154693451 -0.032365501948218939 0.037358786704687834 -0.0047153967701035896 0.019853520581781609
leaf_weight=40.58308961923467 55.273547572403913 27.36613771063276 1.791108552366494 0.59815382957458396 7.2485376070253533 1.886224829941056 0.92463000153657038 2.8887772522866717 0.5607370138168325 2.9288013288751236 2.6593963075429192 3.3347574174404144 26.508240717928857 22.368358222302049
leaf_count=1620 1163 437 8 1 84 46 15 15 1 35 44 14 466 264
internal_value=-0.0018249 -0.00886119 -0.0149595 -0.0167777 -0.0177737 -0.00033704 -0.0401908 -0.0230777 -0.025994 0.00407869 0.00328764 0.0102479 0.00524583 0.00864675
internal_weight=196.92 89.8416 59.816 58.0249 57.4268 13.3941 2.81085 44.0326 41.1438 107.079 30.0255 10.5833 104.15 77.6419
internal_count=4213 2285 1804 1796 1795 159 61 1636 1621 1928 481 98 1893 1427
is_linear=0
shrinkage=0.05


Tree=286
num_leaves=15
num_cat=0
split_feature=145 52 184 260 105 124 282 57 275 102 285 161 155 91
split_gain=2.49971 2.94523 1.88207 1.72384 1.57156 1.51977 1.35553 1.32581 1.12587 1.5673 2.04437 1.29378 1.14751 1.99789
threshold=1.0000000180025095e-35 1.0000000180025095e-35 1.0000000180025095e-35 1.0000000180025095e-35 1.0000000180025095e-35 1.0000000180025095e-35 1.5000000000000002 1.0000000180025095e-35 2.5000000000000004 1.0000000180025095e-35 5.5000000000000009 1.0000000180025095e-35 1.0000000180025095e-35 1.0000000180025095e-35
decision_type=2 2 2 2 2 2 2 2 2 2 2 2 2 2
left_child=1 3 -3 4 6 -2 7 8 11 10 -10 12 13 -1
right_child=5 2 -4 -5 -6 -7 -8 -9 9 -11 -12 -13 -14 -15
leaf_value=-0.0060357071338016325 0.0078074537813341274 0.050627754147511299 -0.11949236688378145 0.016116931062051806 -0.064109531586290472 -0.056741045639013554 0.054468844144810583 -0.052665135846418021 0.013829409096855745 0.053556122292910728 -0.063087546628974048 -0.070009680699443494 0.037904334794109137 -0.027506112945853152
leaf_weight=91.975938290561317 63.489516984322108 3.0943402206758033 0.17159427329897869 7.9560961194802067 1.2318893708288658 0.92518653720617194 0.88041899679228564 1.6240969765931357 4.4582412617164655 1.7215596372261641 1.0715138912200926 0.84717197623103757 1.3456493159756053 12.28191915960633
leaf_count=2152 926 300 2 99 17 25 12 111 52 16 8 22 19 437
internal_value=-0.00116013 -0.00518564 0.0416895 -0.00640652 -0.00793241 0.00688035 -0.00733689 -0.00780872 -0.007168 0.0118952 -0.00107497 -0.00846657 -0.00797286 -0.00856499
internal_weight=193.075 128.66 3.26593 125.394 117.438 64.4147 116.207 115.326 113.702 7.25131 5.52976 106.451 105.604 104.258
internal_count=4198 3247 302 2945 2846 951 2829 2817 2706 76 60 2630 2608 2589
is_linear=0
shrinkage=0.05


Tree=287
num_leaves=15
num_cat=0
split_feature=145 88 41 293 187 275 127 205 89 293 34 272 252 190
split_gain=2.0769 3.90391 2.4735 2.39023 3.27522 4.18863 2.71057 2.23231 1.8591 2.04867 1.82002 1.81059 2.64112 2.10402
threshold=1.0000000180025095e-35 1.0000000180025095e-35 1.0000000180025095e-35 1.0000000180025095e-35 1.0000000180025095e-35 1.0000000180025095e-35 1.0000000180025095e-35 1.0000000180025095e-35 1.0000000180025095e-35 1.0000000180025095e-35 1.0000000180025095e-35 1.0000000180025095e-35 1.0000000180025095e-35 1.0000000180025095e-35
decision_type=2 2 2 2 2 2 2 2 2 2 2 2 2 2
left_child=1 2 3 4 5 -1 -6 -2 9 -4 -11 12 -5 -13
right_child=7 -3 8 11 6 -7 -8 -9 -10 10 -12 13 -14 -15
leaf_value=0.024361663964132876 0.0070447963976835101 -0.065807163215188577 0.029857512823903799 0.0095039450493213315 -0.021083120447205096 -0.055169643467993815 0.045994640841113793 -0.051025648089610215 0.094868836347141522 -0.034077421577224751 0.05167533496966828 0.0025427404003868373 -0.050114975168286363 -0.033711556410931563
leaf_weight=9.5830035128165019 62.591517432010733 2.6264203544706097 6.5255867397063376 38.69154699658975 47.311686687171459 2.0012557534500948 1.5555806085467327 1.699890172574668 0.74130985140800554 3.0012138867750768 0.77945454232394684 9.2902905738446879 1.9513175068423141 7.030375645030289
leaf_count=122 899 32 194 685 1792 116 5 45 2 121 13 51 60 44
internal_value=-0.00185173 -0.00546192 -0.00422816 -0.00635634 -0.0132814 0.0106221 -0.0189478 0.00550939 0.0183905 0.0128895 -0.0163979 0.00099274 0.00664156 -0.0130744
internal_weight=195.38 131.089 128.463 117.415 60.4515 11.5843 48.8673 64.2914 11.0476 10.3063 3.78067 56.9635 40.6429 16.3207
internal_count=4181 3237 3205 2875 2035 238 1797 944 330 328 134 840 745 95
is_linear=0
shrinkage=0.05


Tree=288
num_leaves=15
num_cat=0
split_feature=145 205 187 282 228 88 151 286 187 57 275 161 41 286
split_gain=1.4099 2.1062 1.6832 3.46398 2.62024 1.46861 1.46826 2.66251 1.40088 2.77193 1.79597 2.09853 1.8405 1.79961
threshold=1.0000000180025095e-35 1.0000000180025095e-35 1.0000000180025095e-35 1.0000000180025095e-35 1.0000000180025095e-35 1.0000000180025095e-35 1.0000000180025095e-35 1.5000000000000002 1.0000000180025095e-35 1.0000000180025095e-35 2.5000000000000004 1.0000000180025095e-35 1.0000000180025095e-35 1.5000000000000002
decision_type=2 2 2 2 2 2 2 2 2 2 2 2 2 2
left_child=8 2 3 4 -2 6 -4 -8 9 -1 11 12 -10 -14
right_child=1 -3 5 -5 -6 -7 7 -9 10 -11 -12 -13 13 -15
leaf_value=0.0056836954279947879 -0.057638030842234324 -0.049642754740245036 0.0075076518582066088 0.047568820710160206 0.05367635823626217 0.064364856651616717 0.085026262353675108 -0.017025163367152603 -0.008347208756025069 0.10352245630868151 0.015689510026112862 -0.079367268010699432 -0.03330019871398212 0.026318890183596746
leaf_weight=21.335429673228649 3.587546079652383 1.6292987074702967 55.502446891507134 1.4859516164287923 0.62002968974411476 1.2345801312476385 1.6433779736980789 1.0459032570943234 86.739566329953959 0.7493642084300508 9.6830277917906624 0.9887513485737135 1.5375654872041176 7.1598494027275592
leaf_count=399 88 46 766 14 11 8 13 23 2433 4 118 20 46 191
internal_value=0.000614932 0.00650771 0.0079126 -0.0180579 -0.0412347 0.0104008 0.0092559 0.0453369 -0.00245338 0.00900348 -0.00483794 -0.0068993 -0.00614851 0.0157792
internal_weight=194.943 66.7491 65.1198 5.69353 4.20758 59.4263 58.1917 2.68928 128.194 22.0848 106.109 96.4257 95.437 8.69741
internal_count=4180 969 923 113 99 810 802 36 3211 403 2808 2690 2670 237
is_linear=0
shrinkage=0.05


Tree=289
num_leaves=15
num_cat=0
split_feature=183 51 45 57 148 275 205 145 282 267 146 89 127 151
split_gain=1.46121 1.0517 0.923606 2.09458 1.93181 2.29674 1.64255 1.52059 4.56228 2.24928 2.53103 2.59197 2.25484 1.94952
threshold=1.0000000180025095e-35 1.0000000180025095e-35 1.0000000180025095e-35 1.0000000180025095e-35 1.0000000180025095e-35 2.5000000000000004 1.0000000180025095e-35 1.0000000180025095e-35 1.0000000180025095e-35 1.0000000180025095e-35 1.0000000180025095e-35 1.0000000180025095e-35 1.0000000180025095e-35 1.0000000180025095e-35
decision_type=2 2 2 2 2 2 2 2 2 2 2 2 2 2
left_child=1 2 3 4 5 7 -4 8 9 10 11 12 -1 -9
right_child=-2 -3 6 -5 -6 -7 -8 13 -10 -11 -12 -13 -14 -15
leaf_value=-0.0043373022172339846 0.020476400742420662 0.055312297876334682 0.0065293966640115227 -0.055313735428020275 -0.087193568033426247 0.030925092821828554 0.080848447380136496 0.0041159108299726977 -0.05670339196604305 -0.038905550793275095 0.049851044198611777 0.090352243671833754 0.060997391015455565 0.053200397257690463
leaf_weight=62.748666088678874 11.60675137513317 0.92698273970745404 50.507206748414319 1.7065039947628964 0.62588916276581485 6.0573813376249737 0.75456941872835059 47.257230539340526 4.0487792291678479 3.9304905106546348 2.4540517143905154 0.75290860235690971 1.3489828705787648 2.1133948108181349
leaf_count=1810 87 22 1069 97 27 76 2 606 88 233 22 2 3 23
internal_value=0.00326669 0.00218833 0.00192114 -0.000275926 0.000439193 0.000858806 0.00762337 -0.000602216 -0.00507425 -0.00213981 7.25848e-06 -0.00187891 -0.00296228 0.00621706
internal_weight=196.84 185.233 184.306 133.044 131.338 130.712 51.2618 124.655 75.2839 71.2351 67.3046 64.8506 64.0976 49.3706
internal_count=4167 4080 4058 2987 2890 2863 1071 2787 2158 2070 1837 1815 1813 629
is_linear=0
shrinkage=0.05


Tree=290
num_leaves=15
num_cat=0
split_feature=104 220 268 288 137 277 285 66 237 281 155 89 112 100
split_gain=2.78153 1.59268 1.37642 1.14155 0.964924 0.858323 1.50493 1.06458 0.800651 0.803067 1.65536 1.39458 1.36625 1.13482
threshold=1.0000000180025095e-35 1.0000000180025095e-35 1.0000000180025095e-35 1.0000000180025095e-35 1.0000000180025095e-35 1.5000000000000002 5.5000000000000009 1.0000000180025095e-35 1.0000000180025095e-35 1.0000000180025095e-35 1.0000000180025095e-35 1.0000000180025095e-35 1.0000000180025095e-35 1.0000000180025095e-35
decision_type=2 2 2 2 2 2 2 2 2 2 2 2 2 2
left_child=1 2 4 -3 5 6 7 8 9 13 11 12 -11 -1
right_child=-2 3 -4 -5 -6 -7 -8 -9 -10 10 -12 -13 -14 -15
leaf_value=0.0024425910663711269 -0.070543380079144846 -0.075526781041587845 -0.054564318998013596 0.0118954717354032 -0.042330616201768839 0.012482492774342676 -0.061073086763046826 -0.067934353497382957 -0.044558302023069048 0.0017271920144806639 0.081672144817393433 0.072330417231303165 0.079168359013285519 -0.03327369359905441
leaf_weight=148.416068577033 1.3180537475273002 1.1132530098548148 1.0413353429175902 0.56188842607662071 1.1628248691558827 22.675888062105514 0.93702862691134114 0.53517812304198642 0.89142986625665699 11.248922038648736 0.86179790925234634 0.83964649774134237 0.59991598129272539 2.2578331739641717
leaf_count=3326 34 24 52 7 39 180 8 8 69 394 7 4 1 50
internal_value=0.0018449 0.00233889 0.00276358 -0.046203 0.00307708 0.00335606 0.00211377 0.0024712 0.0026994 0.00295592 0.0146152 0.0100607 0.0056481 0.00190739
internal_weight=194.461 193.143 191.468 1.67514 190.427 189.264 166.588 165.651 165.116 164.224 13.5503 12.6885 11.8488 150.674
internal_count=4203 4169 4138 31 4086 4047 3867 3859 3851 3782 406 399 395 3376
is_linear=0
shrinkage=0.05


Tree=291
num_leaves=15
num_cat=0
split_feature=161 165 280 231 175 278 235 278 283 61 292 190 286 148
split_gain=1.77338 1.43913 1.81224 3.31451 1.14053 1.06306 1.06618 1.24612 1.78046 1.2238 1.86378 1.36171 1.58523 1.06632
threshold=1.0000000180025095e-35 1.0000000180025095e-35 1.0000000180025095e-35 1.0000000180025095e-35 1.0000000180025095e-35 1.5000000000000002 1.0000000180025095e-35 1.0000000180025095e-35 1.0000000180025095e-35 1.0000000180025095e-35 1.0000000180025095e-35 1.0000000180025095e-35 2.5000000000000004 1.0000000180025095e-35
decision_type=2 2 2 2 2 2 2 2 2 2 2 2 2 2
left_child=1 5 3 -3 -2 6 13 8 9 11 -11 -8 -13 -1
right_child=4 2 -4 -5 -6 -7 7 -9 -10 10 -12 12 -14 -15
leaf_value=0.0045184282661309425 -0.074963603511466304 -0.050972484147460001 0.0084538014532277213 0.062805736314917995 -0.0055539199573605034 0.044257532086643084 -0.0011920865654996414 0.0096445914938033811 -0.063218732679596185 -0.040425105504485408 0.041348841749718694 -0.040657352934993958 -7.5715858528428514e-05 -0.044491609607807465
leaf_weight=137.53965697216336 1.248786413576453 4.8302323609823343 3.9289294986519963 0.73786968085914839 1.1250440869480371 1.5059417281299818 13.215425935573883 10.324984179576857 1.5232248599641014 0.94907004386186544 2.621393034234643 6.4262737026438117 3.8470218856818974 1.1188641982153047
leaf_count=3500 23 152 67 5 16 23 88 84 20 21 28 44 26 60
internal_value=0.000878834 0.00141948 -0.0175478 -0.0358949 -0.0420678 0.0024254 0.00207062 -0.00524351 -0.0106216 -0.00766081 0.0196124 -0.0118065 -0.0254608 0.00412296
internal_weight=190.943 188.569 9.49703 5.5681 2.37383 179.072 177.566 38.9074 28.5824 27.0592 3.57046 23.4887 10.2733 138.659
internal_count=4157 4118 224 157 39 3894 3871 311 227 207 49 158 70 3560
is_linear=0
shrinkage=0.05


Tree=292
num_leaves=15
num_cat=0
split_feature=146 263 275 11 286 275 288 58 242 275 145 278 275 190
split_gain=1.30592 2.76141 1.55177 1.0633 0.940848 2.19844 1.04189 0.924567 0.884913 1.20626 1.83432 1.60059 1.86096 1.01117
threshold=1.0000000180025095e-35 1.0000000180025095e-35 1.5000000000000002 1.0000000180025095e-35 2.5000000000000004 1.5000000000000002 1.0000000180025095e-35 1.0000000180025095e-35 1.0000000180025095e-35 1.5000000000000002 1.0000000180025095e-35 1.5000000000000002 2.5000000000000004 1.0000000180025095e-35
decision_type=2 2 2 2 2 2 2 2 2 2 2 2 2 2
left_child=7 4 -3 -4 5 6 -2 8 -1 -10 11 12 13 -11
right_child=1 2 3 -5 -6 -7 -8 -9 9 10 -12 -13 -14 -15
leaf_value=0.005254953577057575 -0.010248121873643691 -0.05772988511026908 0.047316794714535662 -0.033143337111337955 0.023884481132006138 -0.085953487347998792 0.048950922053328488 -0.021335582886072131 -0.054366950215721702 -0.02886482501347426 0.039554330896885481 0.031328537979303593 0.0044975678866235828 -0.094030917466252362
leaf_weight=169.93565738311736 2.6260011037811619 3.7405191590078166 0.69715139968320705 0.99902506172657013 3.920567047316581 0.77976713771931816 1.0366511074826124 3.5444613420404485 1.3559319342020879 1.1823584791272879 1.8844194086268542 1.2913699597120283 1.9186194005887953 1.1988728046417236
leaf_count=3922 26 67 8 32 25 14 19 32 19 14 20 10 21 9
internal_value=0.00282907 -0.0120012 -0.0397417 -7.31379e-05 0.00603259 -0.00972224 0.00650716 0.00395162 0.00445299 -0.0109782 -0.00310835 -0.017487 -0.0321478 -0.0616738
internal_weight=196.111 13.7997 5.4367 1.69618 8.36299 4.44242 3.66265 182.312 178.767 8.83157 7.47564 5.59122 4.29985 2.38123
internal_count=4238 191 107 40 84 59 45 4047 4015 93 74 54 44 23
is_linear=0
shrinkage=0.05


Tree=293
num_leaves=15
num_cat=0
split_feature=57 239 288 1 8 287 286 112 11 127 285 178 286 264
split_gain=4.29646 4.38806 1.16079 2.78592 3.23111 1.69667 1.91823 2.84138 1.87294 1.93302 1.741 2.04742 1.73129 2.10634
threshold=1.0000000180025095e-35 1.0000000180025095e-35 1.0000000180025095e-35 1.0000000180025095e-35 1.0000000180025095e-35 1.0000000180025095e-35 1.0000000180025095e-35 1.0000000180025095e-35 1.0000000180025095e-35 1.0000000180025095e-35 2.5000000000000004 1.0000000180025095e-35 2.5000000000000004 1.0000000180025095e-35
decision_type=2 2 2 2 2 2 2 2 2 2 2 2 2 2
left_child=1 2 3 4 5 8 -7 12 9 10 11 -1 13 -8
right_child=-2 -3 -4 -5 -6 6 7 -9 -10 -11 -12 -13 -14 -15
leaf_value=0.0001438575690495391 -0.060881381599972521 -0.051836864430905676 0.0074808215690837683 -0.052102281221840574 0.063936056600607458 0.014689566686175996 -0.054527688732978058 0.048725616888738464 0.041247990946143981 0.089205689038448291 0.026498758027084176 -0.0607278906983598 -0.06115574342025 -0.0093498407655619054
leaf_weight=49.494710538769141 2.7100591931957743 3.644576027058064 94.662453521188581 2.5286190947517744 2.001100216060876 6.3399911841843304 3.0229887238238105 1.5788853375706811 3.2888611075468352 0.63510525226592918 6.2042589164338997 1.4210456698201586 2.3627142729237667 17.605235961731523
leaf_count=1441 138 66 2066 19 7 68 91 12 29 1 47 31 32 179
internal_value=0.00164102 0.00251088 0.00354712 -0.000312329 0.0010815 -0.000286342 -0.00983094 -0.0161582 0.00454659 0.00245663 0.00149209 -0.00155506 -0.020614 -0.0159705
internal_weight=197.501 194.791 191.146 96.4835 93.9549 91.9538 30.9098 24.5698 61.044 57.7551 57.12 50.9158 22.9909 20.6282
internal_count=4227 4089 4023 1957 1938 1931 382 314 1549 1520 1519 1472 302 270
is_linear=0
shrinkage=0.05


Tree=294
num_leaves=15
num_cat=0
split_feature=239 285 136 57 187 237 287 266 89 292 66 137 241 285
split_gain=1.14621 1.77508 0.972208 0.982299 5.58285 0.818329 0.762316 2.77734 2.53168 1.71617 1.50515 1.65073 1.4674 1.44212
threshold=1.0000000180025095e-35 1.5000000000000002 1.0000000180025095e-35 1.0000000180025095e-35 1.0000000180025095e-35 1.0000000180025095e-35 1.0000000180025095e-35 1.0000000180025095e-35 1.0000000180025095e-35 1.0000000180025095e-35 1.0000000180025095e-35 1.0000000180025095e-35 1.0000000180025095e-35 5.5000000000000009
decision_type=2 2 2 2 2 2 2 2 2 2 2 2 2 2
left_child=2 -2 3 5 -5 6 7 12 9 -9 11 13 -1 -8
right_child=1 -3 -4 4 -6 -7 10 8 -10 -11 -12 -13 -14 -15
leaf_value=0.0095084907099688004 -0.058626549317532077 0.0082440880919979059 -0.056971953741222228 0.085217736787209786 -0.063857350875575189 -0.047435510216336678 -0.0045305488300271925 -0.030416282097715283 0.064627227554387351 0.033993246995216074 0.071565016709046678 0.05936720730863361 -0.059324586683733117 0.01605900980467578
leaf_weight=74.688576251588529 2.0463120783679183 1.9268819252029059 0.72188664681743731 0.84297049045562777 2.4631758253090075 0.84519193429150519 84.449922022002283 9.8824729089974372 0.87613307218998748 1.1550619028275839 0.70532619953155418 1.0922443224117149 0.78238503588363428 9.4567952896468324
leaf_count=1972 48 15 29 5 127 66 1449 385 5 19 3 19 16 45
internal_value=0.00037973 -0.0261963 0.0009415 0.00116478 -0.0258476 0.00165032 0.00187691 0.00525332 -0.0171821 -0.0236759 -0.00120598 -0.00174627 0.00879492 -0.0024571
internal_weight=191.935 3.97319 187.962 187.24 3.30615 183.934 183.089 87.3846 11.9137 11.0375 95.7043 94.999 75.471 93.9067
internal_count=4203 63 4140 4111 132 3979 3913 2397 409 404 1516 1513 1988 1494
is_linear=0
shrinkage=0.05


Tree=295
num_leaves=15
num_cat=0
split_feature=61 278 52 217 239 285 197 184 127 234 149 17 218 205
split_gain=3.17342 1.67981 1.12831 1.44971 1.16093 1.95979 1.19763 1.02566 1.0216 0.920949 0.858052 0.842195 0.831886 0.841264
threshold=1.0000000180025095e-35 1.0000000180025095e-35 1.0000000180025095e-35 1.0000000180025095e-35 1.0000000180025095e-35 1.5000000000000002 1.0000000180025095e-35 1.0000000180025095e-35 1.0000000180025095e-35 1.0000000180025095e-35 1.0000000180025095e-35 1.0000000180025095e-35 1.0000000180025095e-35 1.0000000180025095e-35
decision_type=2 2 2 2 2 2 2 2 2 2 2 2 2 2
left_child=2 -2 4 7 6 -6 8 9 10 -4 11 12 13 -1
right_child=1 -3 3 -5 5 -7 -8 -9 -10 -11 -12 -13 -14 -15
leaf_value=0.0042694834252096255 -0.015634075522311663 -0.073852627628769443 0.038411955946662434 -0.12509154695437538 -0.060889016472263892 0.0075562588243570164 -0.032208859628999026 -0.076855729787881535 0.044421999799812102 -0.051266076824592603 -0.060617992163502443 -0.055028986436067989 -0.055106089306743322 -0.029251679075010736
leaf_weight=168.7135648415715 3.717813510913401 1.8583342070924116 5.1218145461753002 0.15664593689143647 1.9074972486123432 2.3151925597339869 2.3604594245553008 0.21946650370955456 1.5226974450051773 0.30323803145438422 0.52367878274526347 0.61281957384198804 0.59947191551327605 1.8926885165274132
leaf_count=3417 69 24 490 2 44 12 17 3 6 8 21 20 15 41
internal_value=0.002131 -0.0350363 0.00324375 0.0249486 0.00254597 -0.0233622 0.00316678 0.0291125 0.00364706 0.0333993 0.0032868 0.00348157 0.003691 0.0038976
internal_weight=191.825 5.57615 186.249 5.80117 180.448 4.22269 176.225 5.64452 173.865 5.42505 172.342 171.819 171.206 170.606
internal_count=4189 93 4096 503 3593 56 3537 501 3520 498 3514 3493 3473 3458
is_linear=0
shrinkage=0.05


Tree=296
num_leaves=15
num_cat=0
split_feature=112 58 292 70 187 90 63 54 233 59 292 201 266 176
split_gain=1.18363 0.924672 1.52677 0.831303 1.68168 1.10298 0.993077 0.839424 0.699498 1.55412 1.7908 1.33353 1.1894 0.890432
threshold=1.0000000180025095e-35 1.0000000180025095e-35 1.0000000180025095e-35 1.0000000180025095e-35 1.0000000180025095e-35 1.0000000180025095e-35 1.0000000180025095e-35 1.0000000180025095e-35 1.0000000180025095e-35 1.0000000180025095e-35 1.0000000180025095e-35 1.0000000180025095e-35 1.0000000180025095e-35 1.0000000180025095e-35
decision_type=2 2 2 2 2 2 2 2 2 2 2 2 2 2
left_child=1 3 -3 4 -1 6 7 8 11 -10 -11 13 -12 -5
right_child=-2 2 -4 5 -6 -7 -8 -9 9 10 12 -13 -14 -15
leaf_value=0.021576166755285127 0.025954394891599498 -0.078708132196021019 -0.0036938317259515938 -0.0033991581311737721 -0.038953267824719195 -0.050375830636392893 0.047569402417835895 0.053287373076612382 0.025058507917163637 0.01139826939585299 0.0015015777300522247 0.030650608646227397 -0.042835542800812691 0.040884296895491883
leaf_weight=8.8981667477637512 4.3088310675229868 0.99349347501993124 2.1380507503636181 144.51569578869385 1.3173808786086727 1.119416800152975 1.0641179671511043 0.71225160732865234 7.8542590797878811 9.4964801259338838 2.7083893530070791 2.9955234862864009 3.4261198565363884 1.1441485546529282
leaf_count=58 37 15 18 3819 44 38 6 13 58 39 18 21 19 8
internal_value=4.31812e-05 -0.000549477 -0.0274924 -9.40277e-05 0.0137704 -0.000903188 -0.000584758 -0.000881205 -0.00110533 0.00691356 -0.00220392 -0.00237219 -0.0232607 -0.00305131
internal_weight=192.692 188.383 3.13154 185.252 10.2155 175.036 173.917 172.853 172.141 23.4852 15.631 148.655 6.13451 145.66
internal_count=4211 4174 33 4141 102 4039 4001 3995 3982 134 76 3848 37 3827
is_linear=0
shrinkage=0.05


Tree=297
num_leaves=15
num_cat=0
split_feature=286 275 164 196 59 175 264 201 220 90 266 281 240 147
split_gain=1.96776 3.30779 3.34163 1.70591 1.40798 4.67093 1.60705 1.57902 1.45405 1.20096 1.64384 1.78016 1.57783 1.57781
threshold=2.5000000000000004 1.5000000000000002 1.0000000180025095e-35 1.0000000180025095e-35 1.0000000180025095e-35 1.0000000180025095e-35 1.0000000180025095e-35 1.0000000180025095e-35 1.0000000180025095e-35 1.0000000180025095e-35 1.0000000180025095e-35 1.0000000180025095e-35 1.0000000180025095e-35 1.0000000180025095e-35
decision_type=2 2 2 2 2 2 2 2 2 2 2 2 2 2
left_child=4 2 3 -2 7 -6 -7 8 -1 10 -3 -12 13 -13
right_child=1 9 -4 -5 5 6 -8 -9 -10 -11 11 12 -14 -15
leaf_value=0.0044793814190853638 -0.043405458449014167 0.020592039284488002 0.028598353562166959 0.040885788001263926 -0.058720534950494521 0.0057846051296412231 -0.041381647969783657 0.044294988428698931 -0.060349274068175966 0.071194266735097475 -0.041712579850363973 -0.037974987477076366 0.070095740851320712 0.058824257861579479
leaf_weight=140.67495462571969 11.241346479160711 6.3943729256279731 2.1681004281854248 0.63410938566085029 3.8539009989472133 18.702477396233011 1.9989733546972264 2.4838405288755885 0.87029000057373096 0.67828560527414161 3.1633741651894525 1.5065608527511365 0.84321394562721241 0.58421166287735093
leaf_count=3482 243 68 19 8 112 105 17 15 22 4 71 37 2 16
internal_value=0.000873679 -0.0116021 -0.0284832 -0.0389046 0.00288757 -0.00817897 0.00123014 0.00477429 0.00408078 0.00639867 0.00288035 -0.0156941 0.0123586 -0.010927
internal_weight=195.798 27.2136 14.0436 11.8755 168.584 24.5554 20.7015 144.029 141.545 13.17 12.4917 6.09736 2.93399 2.09077
internal_count=4221 468 270 251 3753 234 122 3519 3504 198 194 126 55 53
is_linear=0
shrinkage=0.05


Tree=298
num_leaves=15
num_cat=0
split_feature=187 158 285 282 145 70 64 288 217 136 70 57 275 292
split_gain=1.60799 2.3144 3.05704 2.32151 2.07311 1.87845 1.41844 1.34121 1.21742 1.14657 1.27856 1.13765 1.11028 1.75596
threshold=1.0000000180025095e-35 1.0000000180025095e-35 1.0000000180025095e-35 1.0000000180025095e-35 1.0000000180025095e-35 1.0000000180025095e-35 1.0000000180025095e-35 1.0000000180025095e-35 1.0000000180025095e-35 1.0000000180025095e-35 1.0000000180025095e-35 1.0000000180025095e-35 1.5000000000000002 1.0000000180025095e-35
decision_type=2 2 2 2 2 2 2 2 2 2 2 2 2 2
left_child=1 3 -3 4 6 7 9 -2 11 10 -1 -7 -6 -14
right_child=5 2 -4 -5 12 8 -8 -9 -10 -11 -12 -13 13 -15
leaf_value=0.02760823821790603 -0.10055131619015818 0.10534822367090949 0.0061964712302446951 0.053005213871637862 -0.067973740365481233 0.00066712845598923846 -0.069112957079276865 0.002362637871980139 0.045779395018742321 -0.057674527749444295 0.001180747815429336 -0.02957065605813481 0.046055189055252348 -0.061276737158327349
leaf_weight=8.3677194570191347 0.79200594406574854 1.4884814452379935 1.6272754839155821 2.5598252648487678 1.4282184378243976 158.79007310053566 0.56955769285559554 0.52739563025534153 1.4702326519181941 0.58961805049329896 10.101692779542649 3.1727859978564075 0.77641120296902932 0.74835402891039848
leaf_count=53 18 13 19 19 37 3442 7 25 30 11 318 132 16 15
internal_value=0.00189627 0.0129161 0.0535639 0.00787862 0.00276312 6.23468e-06 0.00863922 -0.0594142 0.000485938 0.0109628 0.0131539 7.47827e-05 -0.0362956 -0.00662327
internal_weight=193.01 28.2572 3.11576 25.1414 22.5816 164.752 19.6286 1.3194 163.433 19.059 18.4694 161.963 2.95298 1.52477
internal_count=4155 508 32 476 457 3647 389 43 3604 382 371 3574 68 31
is_linear=0
shrinkage=0.05


Tree=299
num_leaves=15
num_cat=0
split_feature=165 280 231 205 136 52 252 286 230 104 17 146 57 145
split_gain=1.12514 2.48649 2.81767 1.15561 1.02192 0.827179 1.75628 1.1011 0.792638 0.765114 0.762949 0.786655 1.3007 1.14312
threshold=1.0000000180025095e-35 1.0000000180025095e-35 1.0000000180025095e-35 1.0000000180025095e-35 1.0000000180025095e-35 1.0000000180025095e-35 1.0000000180025095e-35 1.5000000000000002 1.0000000180025095e-35 1.0000000180025095e-35 1.0000000180025095e-35 1.0000000180025095e-35 1.0000000180025095e-35 1.0000000180025095e-35
decision_type=2 2 2 2 2 2 2 2 2 2 2 2 2 2
left_child=3 2 5 4 8 7 -7 -2 9 10 11 13 -13 -1
right_child=1 -3 -4 -5 -6 6 -8 -9 -10 -11 -12 12 -14 -15
leaf_value=0.0018710564867066308 -0.01097187896576321 0.018562282520720976 0.06193436086928298 -0.034395242312112162 -0.053865524186122719 0.050471102367547885 -0.15074560840264903 -0.066200124003473929 -0.048558434365058294 -0.024407559637269344 -0.054730194877277566 0.01118663275294586 0.056238857145811338 0.010704773030635028
leaf_weight=114.49841280968394 1.2102368287742118 3.8509370530955493 0.69624611362814892 1.9058976094238449 0.74102019320707668 0.51316690910607565 0.13750143349170685 3.5491138200741261 0.68909803312271733 2.1617502048611632 0.52406871784478326 13.529949012445282 1.817270819097758 53.844132554891985
leaf_count=2922 32 71 5 46 26 47 1 85 22 39 19 164 12 764
internal_value=0.0034825 -0.0129006 -0.0327428 0.00434239 0.00473551 -0.0449274 0.00794931 -0.0521563 0.00496765 0.00516555 0.00551259 0.00568446 0.0165213 0.00469651
internal_weight=199.669 9.9572 6.10627 189.712 187.806 5.41002 0.650668 4.75935 187.065 186.376 184.214 183.69 15.3472 168.343
internal_count=4255 241 170 4014 3968 165 48 117 3942 3920 3881 3862 176 3686
is_linear=0
shrinkage=0.05


end of trees

feature_importances:
k_BETA-LACTAM=155
k_QUINOLONE=138
blaCMY-2=123
k_STREPTOMYCIN=110
cyaA_S352T=95
k_CEPHALOSPORIN=85
ampC_C-42T=82
k_TETRACYCLINE=79
blaCTX-M-15=75
blaCTX-M-27=70
mdtM=67
k_CHLORAMPHENICOL=66
k_NITROFURAN=64
tet(B)=62
k_SULFONAMIDE=61
ampC_T-32A=59
gyrA_S83L=59
blaCTX-M-1=55
blaTEM-1=53
cirA_G197CfsTer13=53
cirA_R479VfsTer3=53
k_GENTAMICIN=53
emrD=52
blaDHA-1=50
tet(A)=50
blaEC-5=49
sul2=49
k_rule=48
cirA_D258RfsTer5=46
nfsA_H11Y=46
nfsA_W77Ter=45
estX-3=44
blaCMY=42
k_TRIMETHOPRIM=42
nfsA_D210LfsTer46=40
k_KANAMYCIN=40
dfrA1=39
dfrA14=38
nfsA_N134IfsTer94=38
uhpT_E350Q=38
acrF=36
marR_S3N=36
blaSHV-2A=35
parE_D475E=34
blaHER-3=33
cirA_D46MfsTer21=33
parC_E84V=33
parE_L416F=33
sat2=33
k_CARBAPENEM=33
floR=32
aph(3')-Ia=31
parE_I355T=31
parC_S57T=30
qnrS1=30
aadA1=29
aadA5=29
cirA_W370Ter=29
gyrA_D87N=28
aac(3)-VIa=27
cirA_Q56Ter=27
blaCTX-M-55=26
parC_E84G=26
parE_S458A=26
cirA_W243Ter=25
aac(3)-IIe=24
blaEC=23
lnu(F)=23
nfsA_G126R=23
nfsA_Y128PfsTer6=22
aph(6)-Id=21
cirA_R86S=21
gyrA_D87G=21
nfsA_E99Ter=21
blaCTX-M-14=20
blaCTX-M-32=20
ftsI_N337NYRIN=20
aph(3'')-Ib=19
dfrA17=19
fosA3=19
ompF_Y253EfsTer3=19
blaCTX-M-8=18
cirA_E450AfsTer30=18
parC_A56T=18
blaCMY-42=17
gyrA_D87Y=17
blaSHV-12=16
mph(A)=16
blaTEM=15
sul1=15
sul3=15
k_TOBRAMYCIN=15
tet(C)=14
aph(4)-Ia=13
dfrA12=13
ptsI_V25I=13
qnrB19=13
aac(3)-IId=12
blaOXA-1=12
blaTEMp_C32T=12
nfsA_W212Ter=12
nfsB_E72SfsTer23=12
aadA2=11
ant(2'')-Ia=11
catB3=11
dfrA15=11
nfsA_L184WfsTer72=11
nfsA_Y200Ter=11
parC_S80I=11
blaCTX-M=10
cmlA1=10
erm(B)=10
estX=10
ftsI_I336IKYRI=10
nfsA_Q147FfsTer82=10
nfsA_W159Ter=10
ble=9
k_NITROFURANTOIN=9
dfrA8=8
mcr-1.1=8
dfrA5=7
k_AMIKACIN=7
k_AZITHROMYCIN=7
aac(3)-IVa=6
aadA22=6
blaTEM-52=6
cirA_G138AfsTer15=6
aac(6')-Ib-cr5=5
cmlA5=5
qnrB4=5
blaKPC-3=4
blaNDM-1=4
catA1=4
mrx(A)=4
cirA_I160SfsTer34=3
parE_I529L=3
k_COLISTIN=3
mph(B)=2
nfsA_Q113Ter=2
parE_S458T=2
tet(M)=2
aac(6')-Ib3=1
aadA12=1
blaCARB-2=1
blaCMY-6=1
rdmCL=1
tet(D)=1
k_AMOXICILLIN-CLAVULANIC_ACID=1

parameters:
[boosting: gbdt]
[objective: binary]
[metric: binary_logloss]
[tree_learner: serial]
[device_type: cpu]
[data_sample_strategy: bagging]
[data: ]
[valid: ]
[num_iterations: 300]
[learning_rate: 0.05]
[num_leaves: 15]
[num_threads: 12]
[seed: 0]
[deterministic: 0]
[force_col_wise: 0]
[force_row_wise: 0]
[histogram_pool_size: -1]
[max_depth: -1]
[min_data_in_leaf: 10]
[min_sum_hessian_in_leaf: 0.001]
[bagging_fraction: 0.8]
[pos_bagging_fraction: 1]
[neg_bagging_fraction: 1]
[bagging_freq: 1]
[bagging_seed: 3]
[bagging_by_query: 0]
[feature_fraction: 0.8]
[feature_fraction_bynode: 1]
[feature_fraction_seed: 2]
[extra_trees: 0]
[extra_seed: 6]
[early_stopping_round: 0]
[early_stopping_min_delta: 0]
[first_metric_only: 0]
[max_delta_step: 0]
[lambda_l1: 0]
[lambda_l2: 0]
[linear_lambda: 0]
[min_gain_to_split: 0]
[drop_rate: 0.1]
[max_drop: 50]
[skip_drop: 0.5]
[xgboost_dart_mode: 0]
[uniform_drop: 0]
[drop_seed: 4]
[top_rate: 0.2]
[other_rate: 0.1]
[min_data_per_group: 100]
[max_cat_threshold: 32]
[cat_l2: 10]
[cat_smooth: 10]
[max_cat_to_onehot: 4]
[top_k: 20]
[monotone_constraints: ]
[monotone_constraints_method: basic]
[monotone_penalty: 0]
[feature_contri: ]
[forcedsplits_filename: ]
[refit_decay_rate: 0.9]
[cegb_tradeoff: 1]
[cegb_penalty_split: 0]
[cegb_penalty_feature_lazy: ]
[cegb_penalty_feature_coupled: ]
[path_smooth: 0]
[interaction_constraints: ]
[verbosity: -1]
[saved_feature_importance_type: 0]
[use_quantized_grad: 0]
[num_grad_quant_bins: 4]
[quant_train_renew_leaf: 0]
[stochastic_rounding: 1]
[linear_tree: 0]
[max_bin: 255]
[max_bin_by_feature: ]
[min_data_in_bin: 3]
[bin_construct_sample_cnt: 200000]
[data_random_seed: 1]
[is_enable_sparse: 1]
[enable_bundle: 1]
[use_missing: 1]
[zero_as_missing: 0]
[feature_pre_filter: 1]
[pre_partition: 0]
[two_round: 0]
[header: 0]
[label_column: ]
[weight_column: ]
[group_column: ]
[ignore_column: ]
[categorical_feature: ]
[forcedbins_filename: ]
[precise_float_parser: 0]
[parser_config_file: ]
[objective_seed: 5]
[num_class: 1]
[is_unbalance: 0]
[scale_pos_weight: 1]
[sigmoid: 1]
[boost_from_average: 1]
[reg_sqrt: 0]
[alpha: 0.9]
[fair_c: 1]
[poisson_max_delta_step: 0.7]
[tweedie_variance_power: 1.5]
[lambdarank_truncation_level: 30]
[lambdarank_norm: 1]
[label_gain: ]
[lambdarank_position_bias_regularization: 0]
[eval_at: ]
[multi_error_top_k: 1]
[auc_mu_weights: ]
[num_machines: 1]
[local_listen_port: 12400]
[time_out: 120]
[machine_list_filename: ]
[machines: ]
[gpu_platform_id: -1]
[gpu_device_id: -1]
[gpu_device_id_list: ]
[gpu_use_dp: 0]
[num_gpu: 1]

end of parameters

pandas_categorical:[]
