tree
version=v4
num_class=1
num_tree_per_iteration=1
label_index=0
max_feature_idx=177
objective=binary sigmoid:1
feature_names=aac(3)-IId aac(3)-IIe aac(3)-IVa aac(3)-VIa aac(6')-Ib-cr5 aac(6')-Ib4 aadA1 aadA12 aadA13 aadA15 aadA16 aadA2 aadA22 aadA5 aadA6 aadA7 acrF acrR_G28R ampC_C-11T ampC_C-42T ant(2'')-Ia aph(3'')-Ib aph(3')-IIa aph(3')-Ia aph(4)-Ia aph(6)-Ic aph(6)-Id blaCARB-2 blaCMY blaCMY-2 blaCTX-M-1 blaCTX-M-15 blaCTX-M-27 blaCTX-M-3 blaCTX-M-55 blaEC blaHER-3 blaOXA-1 blaSHV-2A blaTEM blaTEM-1 blaTEM-135 blaTEMp_G162T ble catA1 catA2 catB3 cirA_A113PfsTer9 cirA_D258RfsTer5 cirA_D46MfsTer21 cirA_E240Ter cirA_E450AfsTer30 cirA_G138AfsTer15 cirA_G197CfsTer13 cirA_G437AfsTer10 cirA_I160SfsTer34 cirA_N303TfsTer7 cirA_P421TfsTer1 cirA_Q216Ter cirA_Q56Ter cirA_R479VfsTer3 cirA_R61Ter cirA_R86S cirA_S90YfsTer15 cirA_T190PfsTer4 cirA_W164Ter cirA_W243Ter cirA_W370Ter cirA_W621Ter cmlA1 cmlA5 cmlA6 cyaA_S352T dfrA1 dfrA12 dfrA14 dfrA15 dfrA16 dfrA17 dfrA5 dfrA8 emrD ere(A) erm(42) erm(B) estX-3 floR folP_F28L fosA3 fosA7 fosA7.5 gyrA_D87G gyrA_D87N gyrA_D87Y gyrA_S83L lnu(A) lnu(F) lnu(G) marR_S3N mdtM mef(B) mph(A) mph(B) mph(E) mrx(A) msr(E) nfsA_D210LfsTer46 nfsA_E99Ter nfsA_G126R nfsA_H11Y nfsA_K68NfsTer2 nfsA_L184WfsTer72 nfsA_N134IfsTer94 nfsA_Q100Ter nfsA_Q113Ter nfsA_Q147FfsTer82 nfsA_Q195Ter nfsA_Q26Ter nfsA_R203C nfsA_R218Ter nfsA_W159Ter nfsA_W212Ter nfsA_W77Ter nfsA_Y128PfsTer6 nfsA_Y200Ter nfsB_E72SfsTer23 nfsB_W94Ter ompF_A233LfsTer7 parC_A56T parC_E84G parC_E84K parC_E84V parC_S57T parC_S80I parC_S80R parE_D475E parE_I355T parE_I529L parE_L416F parE_S458A parE_S458T ptsI_V25I qnrA1 qnrB19 qnrS1 qnrS2 rdmCL rmtE1 sat2 soxS_A12S sul1 sul2 sul3 tet(A) tet(B) tet(C) tet(D) tet(M) uhpT_E350Q k_AMIKACIN k_AMOXICILLIN-CLAVULANIC_ACID k_AZITHROMYCIN k_BETA-LACTAM k_CEPHALOSPORIN k_CHLORAMPHENICOL k_GENTAMICIN k_KANAMYCIN k_NITROFURAN k_NITROFURANTOIN k_PIPERACILLIN-TAZOBACTAM k_QUINOLONE k_STREPTOMYCIN k_SULFONAMIDE k_TETRACYCLINE k_TICARCILLIN-CLAVULANIC_ACID k_TOBRAMYCIN k_TRIMETHOPRIM k_rule
feature_infos=none none none [0:1] none none [0:1] [0:1] none none none [0:1] none [0:1] [0:1] none [0:1] none none [0:1] none [0:1] [0:1] [0:1] none none [0:1] [0:1] [0:1] [0:1] none none none none none none none none [0:1] none [0:1] none none none none none none none [0:1] [0:1] none [0:1] [0:1] [0:1] none none none none none [0:1] none none [0:1] none none none none [0:1] none [0:1] none none [0:1] [0:1] [0:1] [0:1] [0:1] [0:1] [0:1] none none [0:1] [0:1] none none [0:1] [0:1] [0:1] none none none none [0:1] none [0:1] [0:1] none none none [0:1] none [0:1] none none [0:1] none [0:1] [0:1] none [0:1] none [0:1] [0:1] none none [0:1] none none none none none none [0:1] [0:1] [0:1] [0:1] none none none none none none [0:1] [0:1] none [0:1] [0:1] none none none none none none none none none none [0:1] [0:1] none [0:1] [0:1] [0:1] [0:1] [0:1] [0:1] none [0:1] [0:1] none none [0:3] [0:3] [0:2] [0:4] [0:2] [0:2] [0:2] [0:2] none [0:6] [0:6] [0:3] [0:3] none [0:1] [0:2] [0:1]
tree_sizes=1772 1774 1769 1780 1773 1765 1777 1777 1775 1762 1760 1778 1777 1772 1773 1769 1783 1761 1771 1774 1778 1771 1758 1769 1762 1774 1768 1774 1778 1768 1772 1767 1777 1780 1773 1762 1772 1768 1767 1776 1771 1784 1765 1766 1767 1771 1764 1766 1762 1770 1772 1767 1766 1777 1773 1780 1766 1781 1785 1771 1762 1767 1783 1755 1770 1779 1770 1767 1777 1770 1788 1777 1767 1791 1767 1767 1785 1772 1774 1771 1771 1776 1785 1798 1782 1793 1771 1776 1785 1771 1792 1767 1771 1772 1794 1777 1776 1779 1781 1768 1792 1786 1792 1775 1782 1790 1781 1770 1791 1779 1774 1768 1783 1768 1789 1780 1779 1785 1784 1786 1781 1779 1785 1779 1768 1773 1785 1788 1780 1781 1787 1781 1785 1780 1775 1786 1781 1775 1783 1790 1788 1777 1783 1775 1761 1782 1776 1786 1783 1773 1789 1794 1786 1777 1777 1784 1788 1783 1786 1780 1777 1784 1772 1782 1789 1794 1802 1778 1777 1790 1788 1786 1780 1786 1798 1790 1778 1781 1780 1788 1792 1782 1796 1781 1784 1771 1795 1790 1792 1777 1792 1775 1784 1785 1793 1793 1791 1796 1789 1781 1789 1807 1772 1778 1793 1786 1782 1782 1798 1787 1786 1774 1789 1798 1781 1792 1793 1792 1800 1787 1778 1780 1787 1793 1786 1787 1788 1780 1783 1787 1779 1792 1791 1785 1801 1794 1788 1803 1788 1780 1778 1788 1801 1769 1779 1800 1786 1791 1800 1772 1784 1786 1796 1779 1798 1781 1793 1787 1799 1785 1791 1785 1778 1800 1778 1797 1803 1788 1779 1792 1791 1796 1788 1804 1788 1802 1798 1784 1804 1782 1793 1782 1793 1784 1784 1779 1801 1803 1790 1787 1790 1798 1788 1787 1791 1777 1784 1776 1788 1789

Tree=0
num_leaves=15
num_cat=0
split_feature=177 151 154 40 176 26 3 164 170 72 176 16 158 151
split_gain=637.973 4.47479 4.2286 7.84272 3.81986 4.11265 2.86719 5.69548 2.25056 2.08514 1.98131 1.81925 1.58431 1.51679
threshold=1.0000000180025095e-35 1.0000000180025095e-35 1.0000000180025095e-35 1.0000000180025095e-35 1.0000000180025095e-35 1.0000000180025095e-35 1.0000000180025095e-35 1.0000000180025095e-35 1.0000000180025095e-35 1.0000000180025095e-35 1.0000000180025095e-35 1.0000000180025095e-35 1.0000000180025095e-35 1.0000000180025095e-35
decision_type=2 2 2 2 2 2 2 2 2 2 2 2 2 2
left_child=1 9 3 4 5 12 7 -7 -4 11 -11 -1 -3 -2
right_child=13 2 8 -5 -6 6 -8 -9 -10 10 -12 -13 -14 -15
leaf_value=-0.045110447374887251 0.083122489421488505 -0.061758278719560959 -0.093684246598019841 -0.10000003585241835 -0.076923113507393739 0.050323936891015796 -0.048823566629490264 -0.045110447374887237 -0.040816363877005789 -0.062701001570511367 -0.10000003585241835 -0.087804486937606493 -0.03075614890241549 0.095062575781732231
leaf_weight=2.6337456107139579 43.024767607450485 9.4507433474063891 11.444746404886244 7.0704023241996756 6.2644927501678458 3.846764028072359 2.8248375654220581 2.6337456107139587 2.4426536560058585 23.255059897899631 4.2040230035781851 47.415729701519012 7.3071900904178611 69.665477573871613
leaf_count=12 128 45 59 37 31 13 13 12 11 111 22 241 32 197
internal_value=0.00330986 -0.0718152 -0.0606611 -0.0522986 -0.0418659 -0.0334396 -0.00678575 0.0115384 -0.0843853 -0.0794834 -0.0684115 -0.0855578 -0.04824 0.0905039
internal_weight=243.484 130.794 53.2856 39.3982 32.3278 26.0633 9.30535 6.48051 13.8874 77.5086 27.4591 50.0495 16.7579 112.69
internal_count=964 639 253 183 146 115 38 25 70 386 133 253 77 325
is_linear=0
shrinkage=1


Tree=1
num_leaves=15
num_cat=0
split_feature=29 177 151 6 81 167 154 153 94 72 167 171 153 107
split_gain=556.426 22.5832 6.66143 6.1048 4.7219 3.13417 3.0147 2.07749 1.93837 1.48567 1.87519 1.40208 1.12727 1.23198
threshold=1.0000000180025095e-35 1.0000000180025095e-35 1.0000000180025095e-35 1.0000000180025095e-35 1.0000000180025095e-35 1.0000000180025095e-35 1.0000000180025095e-35 1.0000000180025095e-35 1.0000000180025095e-35 1.0000000180025095e-35 1.0000000180025095e-35 1.0000000180025095e-35 1.0000000180025095e-35 1.0000000180025095e-35
decision_type=2 2 2 2 2 2 2 2 2 2 2 2 2 2
left_child=1 2 9 7 5 8 12 -3 11 -1 -11 -4 13 -7
right_child=-2 3 4 -5 -6 6 -8 -9 -10 10 -12 -13 -14 -15
leaf_value=-0.082751570803570679 0.091448701617602351 0.0040950185284380674 -0.042327480270852091 -0.053275680641609917 -0.00028719108428900932 -0.04868630156548593 -0.096412292050176776 0.05753074038192383 -0.036830847079015523 -0.057618378677551818 -0.083945672634072183 -0.081224623704441223 -0.0079854794020329748 -0.010649333255044829
leaf_weight=49.405964493751526 99.83808396756649 3.3297412842512113 2.6314317733049455 2.8194678872823715 3.7131193727254859 17.700174912810336 2.6711214035749427 4.0088012516498566 3.5652985274791709 16.610217466950417 11.409283697605135 19.372025281190872 2.418974593281745 2.4198115617036811
leaf_count=251 282 13 12 13 15 82 14 13 16 79 58 98 10 10
internal_value=0.000989056 -0.062578 -0.0681097 0.00925925 -0.0547167 -0.0586967 -0.0461867 0.0332852 -0.0710312 -0.0775357 -0.0683386 -0.0765728 -0.0402344 -0.0441116
internal_weight=241.914 142.075 131.917 10.158 54.492 50.7788 25.2101 7.33854 25.5688 77.4255 28.0195 22.0035 22.539 20.12
internal_count=966 684 645 39 257 242 116 26 126 388 137 110 102 92
is_linear=0
shrinkage=0.05


Tree=2
num_leaves=15
num_cat=0
split_feature=177 29 170 171 106 85 23 109 151 176 72 86 170 154
split_gain=486.187 22.0083 8.98549 6.1318 5.59605 5.08107 3.52374 3.7601 2.94797 1.6432 2.53685 1.39078 2.13671 2.65603
threshold=1.0000000180025095e-35 1.0000000180025095e-35 1.5000000000000002 1.0000000180025095e-35 1.0000000180025095e-35 1.0000000180025095e-35 1.0000000180025095e-35 1.0000000180025095e-35 1.0000000180025095e-35 1.0000000180025095e-35 1.0000000180025095e-35 1.0000000180025095e-35 1.0000000180025095e-35 1.0000000180025095e-35
decision_type=2 2 2 2 2 2 2 2 2 2 2 2 2 2
left_child=4 2 3 -2 5 6 7 8 -1 11 -11 12 13 -10
right_child=1 -3 -4 -5 -6 -7 -8 -9 9 10 -12 -13 -14 -15
leaf_value=-0.073842182410678692 0.030889707749507608 0.087511333208538072 0.083755876917901817 -0.053868924401006338 -0.02562531483047999 0.010167701793979309 -0.09255681740549318 -0.0046769473276291737 -0.039980283213816616 -0.093581329988900536 -0.043451907078188676 -0.070016234233910069 -0.0049383708761624396 -0.092027461826083845
leaf_weight=68.754043564200401 4.2128593921661359 91.860227704048157 3.4318789243698111 4.3239044398069382 8.2259947508573514 2.0331897139549246 14.616166621446608 2.413345903158187 12.755432546138769 6.0839008986949903 4.3128482401371002 6.0444935858249655 3.159629061818122 3.0343041121959677
leaf_count=346 15 261 10 20 36 8 77 10 58 32 20 30 13 16
internal_value=-0.00166828 0.0792021 0.0154278 -0.0120409 -0.0655537 -0.0682196 -0.0695348 -0.066377 -0.0678068 -0.0560816 -0.0727863 -0.0491329 -0.0424715 -0.0499822
internal_weight=235.262 103.829 11.9686 8.53676 131.433 123.207 121.174 106.558 104.145 35.3906 10.3967 24.9939 18.9494 15.7897
internal_count=952 306 45 35 646 610 602 525 515 169 52 117 87 74
is_linear=0
shrinkage=0.05


Tree=3
num_leaves=15
num_cat=0
split_feature=163 38 107 106 109 72 171 162 167 151 176 171 16 173
split_gain=440.089 14.5498 6.00234 4.07638 2.29235 2.08428 3.34917 2.13084 4.41874 1.47057 2.36521 6.24258 1.42254 1.33447
threshold=1.0000000180025095e-35 1.0000000180025095e-35 1.0000000180025095e-35 1.0000000180025095e-35 1.0000000180025095e-35 1.0000000180025095e-35 2.5000000000000004 1.0000000180025095e-35 1.0000000180025095e-35 1.0000000180025095e-35 1.0000000180025095e-35 2.5000000000000004 1.0000000180025095e-35 1.0000000180025095e-35
decision_type=2 2 2 2 2 2 2 2 2 2 2 2 2 2
left_child=2 -2 3 4 5 9 7 -7 -9 12 11 13 -1 -11
right_child=1 -3 -4 -5 -6 6 -8 8 -10 10 -12 -13 -14 -15
leaf_value=-0.045228253744028238 0.078748277524185117 -0.024646243690691624 0.00035739043936335458 -0.028814192480497561 -0.024431137568938239 -0.061961028222728913 -0.090459881212333837 -0.015462232667652296 -0.075108490215145901 -0.035185661832651462 -0.088948158272830855 0.0067509063002408158 -0.079824288350286945 -0.076342155807956405
leaf_weight=3.1738786250352851 100.44584493339062 3.5218303203582755 3.7085120826959601 7.6653942167758933 3.1651754528284064 24.583558678627014 7.1761960089206687 8.5266036093234998 4.8834513574838629 2.4329701811075255 6.019064024090766 3.5138319730758658 46.562198430299759 10.340812936425209
leaf_count=15 295 15 15 34 14 121 38 37 25 11 32 14 242 53
internal_value=-0.00166214 0.0752459 -0.0623517 -0.0641679 -0.0664192 -0.067553 -0.0591326 -0.0532156 -0.0371832 -0.0728325 -0.0621656 -0.0522682 -0.0776166 -0.0685032
internal_weight=235.719 103.968 131.752 128.043 120.378 117.213 45.1698 37.9936 13.4101 72.0428 22.3067 16.2876 49.7361 12.7738
internal_count=961 310 651 636 602 588 221 183 62 367 110 78 257 64
is_linear=0
shrinkage=0.05


Tree=4
num_leaves=15
num_cat=0
split_feature=29 163 38 62 176 40 85 81 167 158 170 153 16 21
split_gain=390.021 17.2618 11.2953 8.73712 4.85692 3.29462 3.70701 2.38799 2.31388 5.81597 3.44538 2.81126 1.71596 1.44847
threshold=1.0000000180025095e-35 1.0000000180025095e-35 1.0000000180025095e-35 1.0000000180025095e-35 1.0000000180025095e-35 1.0000000180025095e-35 1.0000000180025095e-35 1.0000000180025095e-35 1.0000000180025095e-35 1.0000000180025095e-35 1.0000000180025095e-35 1.0000000180025095e-35 1.0000000180025095e-35 1.0000000180025095e-35
decision_type=2 2 2 2 2 2 2 2 2 2 2 2 2 2
left_child=1 3 4 5 -3 6 7 8 10 11 12 -10 -1 -12
right_child=-2 2 -4 -5 -6 -7 -8 -9 9 -11 13 -13 -14 -15
leaf_value=-0.028935890367187245 0.080713201605680074 0.0083533733347851413 -0.076887782270706445 0.044574292661109155 0.08886361506230879 -0.077440917461342226 0.010484936248615372 -0.030139499428655264 -0.068201562810084312 -0.01277985752971318 -0.010673942883912919 -0.014575389707964848 -0.072184229746842021 -0.060429982688445461
leaf_weight=2.4055769592523566 91.120121851563454 5.4930863827466947 3.0321361422538748 2.0169065296649924 2.8426820039749146 22.88963395357132 2.0299650579690924 7.2240196019411078 20.562140598893169 8.1564610600471514 3.678882271051406 2.7735744118690482 49.252012342214584 2.4281116724014282
leaf_count=11 265 21 15 7 8 120 8 33 104 35 16 12 255 12
internal_value=0.000809912 -0.0532079 0.00574975 -0.0586384 0.0358092 -0.0603532 -0.0563827 -0.0577896 -0.0600275 -0.0491244 -0.0659717 -0.0618278 -0.0701703 -0.0304567
internal_weight=225.905 134.785 11.3679 123.417 8.33577 121.4 98.5107 96.4808 89.2568 31.4922 57.7646 23.3357 51.6576 6.10699
internal_count=922 657 44 613 29 606 486 478 445 151 294 116 266 28
is_linear=0
shrinkage=0.05


Tree=5
num_leaves=15
num_cat=0
split_feature=29 163 6 153 23 81 151 151 176 72 3 16 6 3
split_gain=399.697 18.0197 9.71568 5.49168 2.96937 4.21979 5.82881 1.92959 1.2662 1.45435 2.3106 1.18663 0.859189 1.82008
threshold=1.0000000180025095e-35 1.0000000180025095e-35 1.0000000180025095e-35 1.0000000180025095e-35 1.0000000180025095e-35 1.0000000180025095e-35 1.0000000180025095e-35 1.0000000180025095e-35 1.0000000180025095e-35 1.0000000180025095e-35 1.0000000180025095e-35 1.0000000180025095e-35 1.0000000180025095e-35 1.0000000180025095e-35
decision_type=2 2 2 2 2 2 2 2 2 2 2 2 2 2
left_child=1 4 3 -3 5 7 -7 11 12 -10 -11 -1 -9 -14
right_child=-2 2 -4 -5 -6 6 -8 8 9 10 -12 -13 13 -15
leaf_value=-0.031498006264043754 0.077599898067998607 -0.0070094351100036993 -0.061047981339467663 0.078491781237017416 -0.0795427131954244 -0.054803576581468928 0.037907161206430277 -0.055425333092101993 -0.084041194167153832 -0.020830226564438618 -0.086664398908337867 -0.066141478524198924 -0.0049995670895637409 -0.046071514961305578
leaf_weight=2.579976260662078 99.417168602347374 3.4844794422388059 3.5664408802986145 4.0735145956277847 15.98942558467388 4.4444420486688605 2.7408644258975983 12.799168497323992 5.3315844684839231 3.2962937951087952 2.2374712526798248 58.953848540782928 3.3119777441024789 14.535201206803322
leaf_count=12 294 14 17 12 86 22 10 63 29 15 12 306 14 69
internal_value=0.00124183 -0.0540301 0.00697466 0.039073 -0.0594067 -0.0564859 -0.0194387 -0.0590692 -0.0507389 -0.0654046 -0.047449 -0.064689 -0.0455394 -0.0384496
internal_weight=236.762 137.345 11.1244 7.55799 126.22 110.231 7.18531 103.046 41.5117 10.8653 5.53377 61.5338 30.6463 17.8472
internal_count=975 681 43 26 638 552 32 520 202 56 27 318 146 83
is_linear=0
shrinkage=0.05


Tree=6
num_leaves=15
num_cat=0
split_feature=177 38 151 94 6 107 81 21 153 162 176 72 166 72
split_gain=341.375 18.9233 4.35701 3.64377 7.40667 3.51432 2.36643 1.71414 1.81111 2.66476 1.04312 0.954823 0.881608 0.810007
threshold=1.0000000180025095e-35 1.0000000180025095e-35 1.0000000180025095e-35 1.0000000180025095e-35 1.0000000180025095e-35 1.0000000180025095e-35 1.0000000180025095e-35 1.0000000180025095e-35 1.0000000180025095e-35 1.0000000180025095e-35 1.0000000180025095e-35 1.0000000180025095e-35 1.0000000180025095e-35 1.0000000180025095e-35
decision_type=2 2 2 2 2 2 2 2 2 2 2 2 2 2
left_child=2 10 12 5 -5 6 7 11 -9 -10 13 -4 -1 -2
right_child=1 -3 3 4 -6 -7 -8 8 9 -11 -12 -13 -14 -15
leaf_value=-0.062318455688125766 0.063412940438880336 -0.043890114163021854 -0.067932437533255494 -0.050797985562161377 0.060703900423496139 0.0026458682422871513 -0.007332238586403095 -0.08231906133811448 -0.011973438102210575 -0.070965438615855317 0.080577784526019575 -0.041821960374744283 -0.08157203921330422 0.073777124609900005
leaf_weight=67.349328070878983 39.962240636348724 3.7125385701656333 4.3974623680114773 4.052936151623725 2.3546229600906372 2.9549235105514517 2.5812418013811103 9.9970617443323135 2.8960267454385757 5.6471013575792313 22.438972681760788 17.181615024805069 6.5212459713220587 35.687526673078537
leaf_count=352 126 17 23 20 8 12 11 55 13 30 66 82 36 108
internal_value=-0.00117065 0.0669165 -0.0562105 -0.0451324 -0.00982374 -0.0500878 -0.053737 -0.0567227 -0.0678727 -0.0509678 0.0711104 -0.0471428 -0.0640181 0.0683022
internal_weight=227.735 101.801 125.934 52.063 6.40756 45.6554 42.7005 40.1193 18.5402 8.54313 98.0887 21.5791 73.8706 75.6498
internal_count=959 317 642 254 28 226 214 203 98 43 300 105 388 234
is_linear=0
shrinkage=0.05


Tree=7
num_leaves=15
num_cat=0
split_feature=29 177 6 106 107 153 170 151 16 148 164 167 162 166
split_gain=339.351 8.99266 10.8645 4.70326 3.61913 3.46448 2.44104 2.47804 2.05773 1.68146 1.38787 1.88229 1.25289 0.98493
threshold=1.0000000180025095e-35 1.0000000180025095e-35 1.0000000180025095e-35 1.0000000180025095e-35 1.0000000180025095e-35 1.0000000180025095e-35 1.0000000180025095e-35 1.0000000180025095e-35 1.0000000180025095e-35 1.0000000180025095e-35 1.0000000180025095e-35 1.0000000180025095e-35 1.0000000180025095e-35 1.0000000180025095e-35
decision_type=2 2 2 2 2 2 2 2 2 2 2 2 2 2
left_child=1 3 5 4 6 -3 8 12 -1 13 11 -9 -8 -10
right_child=-2 2 -4 -5 -6 -7 7 10 9 -11 -12 -13 -14 -15
leaf_value=-0.02740557963990857 0.073429036962864513 -0.0086844363418387503 -0.095612984166262197 -0.019804033360474711 -0.0073698818651049495 0.062016087439522832 -0.041443575898737761 0.018474454589532983 -0.064279634840024177 -0.034665973877060122 -0.05725567514999888 -0.035033744026689205 -0.081035687327578265 -0.079237263505547079
leaf_weight=3.7927125841379157 89.51246652007103 3.4657005667686445 2.4618840664625168 8.3069486171007139 3.3267050087451926 3.4652464538812637 3.5886032581329346 2.6948303878307343 73.034199938178062 4.3486175388097754 2.5607113093137741 4.2131383717060089 4.5087183713912964 12.958521470427511
leaf_count=18 274 14 13 37 14 11 18 11 390 21 13 20 25 73
internal_value=-0.00180626 -0.0525459 -0.00538546 -0.0561375 -0.0587615 0.0266635 -0.060292 -0.0431813 -0.063485 -0.0649997 -0.0258148 -0.0141599 -0.0634891 -0.0665336
internal_weight=222.239 132.727 9.39283 123.334 115.027 6.93095 111.7 17.566 94.1341 90.3413 9.46868 6.90797 8.09732 85.9927
internal_count=952 678 38 640 603 25 589 87 502 484 44 31 43 463
is_linear=0
shrinkage=0.05


Tree=8
num_leaves=15
num_cat=0
split_feature=29 163 6 107 23 72 136 112 171 172 85 150 16 172
split_gain=315.877 9.87461 8.13049 4.41928 3.00916 2.35344 2.22856 1.95943 2.49993 1.86052 1.63651 1.26911 1.60109 1.15843
threshold=1.0000000180025095e-35 1.0000000180025095e-35 1.0000000180025095e-35 1.0000000180025095e-35 1.0000000180025095e-35 1.0000000180025095e-35 1.0000000180025095e-35 1.0000000180025095e-35 2.5000000000000004 1.0000000180025095e-35 1.0000000180025095e-35 1.0000000180025095e-35 1.0000000180025095e-35 1.0000000180025095e-35
decision_type=2 2 2 2 2 2 2 2 2 2 2 2 2 2
left_child=1 3 13 4 5 10 7 8 9 -7 11 12 -1 -3
right_child=-2 2 -4 -5 -6 6 -8 -9 -10 -11 -12 -13 -14 -15
leaf_value=-0.02520293520151954 0.071228065105630498 0.0038225548922819737 -0.07107670096874745 0.0093918594836476712 -0.077358984036925038 -0.013627905506633543 -0.082040756126683503 -0.066715151298535044 -0.066970663244401638 -0.039273253094964378 -0.011713164157696783 -0.046000617786673213 -0.066286967517085404 0.044314866208309267
leaf_weight=2.5151737779378882 93.618043050169945 3.0977137684822065 2.9973800629377365 2.7644886970520011 12.892083778977392 10.781490549445154 3.442561909556388 6.003537029027938 5.5098153948783866 20.556457057595253 1.8169597685337056 12.707264646887777 41.491183891892433 4.1095115691423416
leaf_count=12 293 12 15 11 74 51 19 33 30 100 8 66 229 14
internal_value=0.00112369 -0.0490963 -0.00187075 -0.0530963 -0.0545638 -0.0517603 -0.0433362 -0.0402268 -0.0359111 -0.0304502 -0.0584231 -0.0599196 -0.0639388 0.026911
internal_weight=224.304 130.686 10.2046 120.481 117.717 104.824 46.2939 42.8513 36.8478 31.3379 58.5306 56.7136 44.0064 7.20723
internal_count=967 674 41 633 622 548 233 214 181 151 315 307 241 26
is_linear=0
shrinkage=0.05


Tree=9
num_leaves=15
num_cat=0
split_feature=177 38 151 29 170 154 40 176 94 26 153 158 170 162
split_gain=284.945 11.3441 5.25439 3.10945 3.48185 2.8852 5.529 2.96468 3.30257 4.08197 4.54421 2.01413 1.94987 1.84663
threshold=1.0000000180025095e-35 1.0000000180025095e-35 1.0000000180025095e-35 1.0000000180025095e-35 1.5000000000000002 1.0000000180025095e-35 1.0000000180025095e-35 1.0000000180025095e-35 1.0000000180025095e-35 1.0000000180025095e-35 1.0000000180025095e-35 1.0000000180025095e-35 1.0000000180025095e-35 1.0000000180025095e-35
decision_type=2 2 2 2 2 2 2 2 2 2 2 2 2 2
left_child=2 3 -1 4 -2 6 7 8 9 11 -11 13 -7 -4
right_child=1 -3 5 -5 -6 12 -8 -9 -10 10 -12 -13 -14 -15
leaf_value=-0.059270418732106825 0.015940185958388271 -0.030870213223402023 -0.082509417006417007 0.069482841270449167 0.081905212386896048 -0.068719434373629637 -0.077260884049567879 -0.054808859128381182 -0.061373678926811018 -0.02136509179313005 0.059569973890413963 -0.0039032605491540712 -0.017390055722399916 -0.025711517559153726
leaf_weight=72.42783185839653 5.8594412207603437 3.0785949379205695 2.000230699777612 87.722172975540161 3.0374025404453278 9.76031346619129 5.3916393667459479 5.6702935844659796 3.2724918574094763 3.114149644970893 3.9141137152910233 6.9412282556295395 2.2829323261976233 5.0290753841400146
leaf_count=400 22 14 11 281 9 56 31 30 17 14 14 30 11 24
internal_value=0.00116664 0.0636157 -0.0508016 0.0666263 0.0384608 -0.0378547 -0.030651 -0.0222578 -0.0146532 -0.00737218 0.0237085 -0.0230082 -0.0589894 -0.0418737
internal_weight=219.502 99.6976 119.804 96.619 8.89684 47.3765 35.3332 29.9416 24.2713 20.9988 7.02826 13.9705 12.0432 7.02931
internal_count=964 326 638 312 31 238 171 140 110 93 28 65 67 35
is_linear=0
shrinkage=0.05


Tree=10
num_leaves=15
num_cat=0
split_feature=29 163 38 62 72 171 112 23 171 153 40 153 16 171
split_gain=253.567 11.9098 9.13494 7.28029 3.56578 4.01636 2.55657 2.89206 4.27197 1.4395 1.31345 2.05068 2.95319 1.83714
threshold=1.0000000180025095e-35 1.0000000180025095e-35 1.0000000180025095e-35 1.0000000180025095e-35 1.0000000180025095e-35 2.5000000000000004 1.0000000180025095e-35 1.0000000180025095e-35 1.5000000000000002 1.0000000180025095e-35 1.0000000180025095e-35 1.0000000180025095e-35 1.0000000180025095e-35 2.5000000000000004
decision_type=2 2 2 2 2 2 2 2 2 2 2 2 2 2
left_child=1 3 -3 4 10 6 7 8 9 -6 11 12 -1 -13
right_child=-2 2 -4 -5 5 -7 -8 -9 -10 -11 -12 13 -14 -15
leaf_value=0.0038393315822195548 0.068567283831511561 0.037456675750179406 -0.066471221157244173 0.046251936788089143 -0.026086486992679011 -0.075861049099211153 -0.063798890644349474 -0.074820930713550893 0.040797379579859044 -0.059263357712207622 -0.070078304920699191 -0.045301384382845207 -0.063023085674519391 0.0032370428878662275
leaf_weight=1.7357973158359516 83.097190797328949 7.4260616451501829 2.9560176283121109 2.0145119726657859 28.848661884665489 6.6781370341777793 6.2885736525058737 3.2067914307117453 2.2906941622495642 3.68740290403366 15.481107115745543 11.74613870680332 33.987397596240044 2.3373632431030265
leaf_count=8 272 26 15 7 141 39 36 19 9 20 91 64 194 10
internal_value=0.000483703 -0.0434808 0.007866 -0.0479869 -0.0496194 -0.0397132 -0.0342667 -0.0293838 -0.0252 -0.0298465 -0.0573578 -0.053404 -0.0597742 -0.0372457
internal_weight=211.782 128.685 10.3821 118.303 116.288 51.0003 44.3221 38.0336 34.8268 32.5361 65.2878 49.8067 35.7232 14.0835
internal_count=951 679 41 638 631 264 225 189 170 161 367 276 202 74
is_linear=0
shrinkage=0.05


Tree=11
num_leaves=15
num_cat=0
split_feature=29 163 153 107 81 94 165 40 154 153 16 171 158 72
split_gain=231.844 8.75178 9.15861 4.62964 4.93425 2.77204 5.25183 2.04366 3.33028 1.85463 1.62185 1.53489 2.00253 4.26453
threshold=1.0000000180025095e-35 1.0000000180025095e-35 1.0000000180025095e-35 1.0000000180025095e-35 1.0000000180025095e-35 1.0000000180025095e-35 1.0000000180025095e-35 1.0000000180025095e-35 1.0000000180025095e-35 1.0000000180025095e-35 1.0000000180025095e-35 1.0000000180025095e-35 1.0000000180025095e-35 1.0000000180025095e-35
decision_type=2 2 2 2 2 2 2 2 2 2 2 2 2 2
left_child=1 3 -3 4 5 7 9 8 10 -7 -1 12 -12 -14
right_child=-2 2 -4 -5 -6 6 -8 -9 -10 -11 11 -13 13 -15
leaf_value=0.0018710902860121668 0.065296087351448748 -0.056311914467055448 0.041507446778902293 0.0099640464797837516 -0.0078173708102478295 -0.015582777842490184 0.040466992059403864 -0.069187755070680743 -0.073261424756192572 -0.075245385163694889 -0.060066613098130828 -0.039078381124402546 -0.07309192753725062 0.031434867019432169
leaf_weight=1.7574103921651829 83.977254137396812 4.0072245448827726 5.9397247731685638 3.4729651659727088 6.9101291745901099 2.2692857533693305 2.3081104159355164 17.646983996033669 13.043827533721922 3.0575248301029205 25.694880887866024 31.003402665257454 1.9820712506771079 1.922006830573082
leaf_count=8 284 19 21 14 33 11 9 106 79 18 149 162 12 8
internal_value=0.00146413 -0.0428313 0.00209997 -0.0468552 -0.0486892 -0.0514942 -0.0225312 -0.0538707 -0.050286 -0.0498284 -0.0454802 -0.0468533 -0.0549972 -0.0216326
internal_weight=204.993 121.016 9.94695 111.069 107.596 100.686 7.63492 93.0506 75.4036 5.32681 62.3598 60.6024 29.599 3.90408
internal_count=933 649 40 609 595 562 38 524 418 29 339 331 169 20
is_linear=0
shrinkage=0.05


Tree=12
num_leaves=15
num_cat=0
split_feature=29 163 38 62 153 106 148 23 166 124 109 21 167 170
split_gain=224.235 6.77283 6.98824 6.3975 5.5045 2.91205 1.45689 1.59878 1.68083 1.45105 1.41527 1.63738 1.93048 1.49989
threshold=1.0000000180025095e-35 1.0000000180025095e-35 1.0000000180025095e-35 1.0000000180025095e-35 1.0000000180025095e-35 1.0000000180025095e-35 1.0000000180025095e-35 1.0000000180025095e-35 1.0000000180025095e-35 1.0000000180025095e-35 1.0000000180025095e-35 1.0000000180025095e-35 1.0000000180025095e-35 1.0000000180025095e-35
decision_type=2 2 2 2 2 2 2 2 2 2 2 2 2 2
left_child=1 3 4 5 -3 6 7 8 9 10 11 12 13 -1
right_child=-2 2 -4 -5 -6 -7 -8 -9 -10 -11 -12 -13 -14 -15
leaf_value=-0.044096604879337691 0.066424750008405975 -0.023291866985561873 -0.065987764427672554 0.043402391440421233 0.066834858730101129 -0.016160964334133963 -0.022310404567222504 -0.065910790401833411 0.0013521503664420352 -0.0055445688407542888 -0.007248888146138205 -0.061915656288716064 -0.062628698798940938 -0.01353036010144482
leaf_weight=41.107332289218903 78.387282460927963 3.0871957689523679 2.9417401254177094 2.0162374675273886 3.7544724494218826 7.4132276922464362 5.0265814065933219 13.488998100161551 1.731975883245467 1.9303911626338948 1.9455808401107777 22.385158404707909 13.518300101161001 4.4476502090692511
leaf_count=232 270 13 15 7 12 34 25 84 8 9 9 131 80 22
internal_value=0.000149063 -0.0414806 -0.001543 -0.0448779 0.0261666 -0.0464531 -0.0485801 -0.0498932 -0.0474117 -0.0484014 -0.0493933 -0.0503999 -0.0460361 -0.0411123
internal_weight=203.182 124.795 9.78341 115.011 6.84167 112.995 105.582 100.555 87.0664 85.3344 83.404 81.4584 59.0733 45.555
internal_count=951 681 40 641 25 634 600 575 491 483 474 465 334 254
is_linear=0
shrinkage=0.05


Tree=13
num_leaves=15
num_cat=0
split_feature=29 163 38 62 106 170 40 85 16 109 162 176 170 150
split_gain=193.34 7.94476 7.24172 5.62773 5.6398 2.95423 2.7946 2.76492 2.31218 2.3356 1.12078 2.39153 2.55736 2.05577
threshold=1.0000000180025095e-35 1.0000000180025095e-35 1.0000000180025095e-35 1.0000000180025095e-35 1.0000000180025095e-35 1.5000000000000002 1.0000000180025095e-35 1.0000000180025095e-35 1.0000000180025095e-35 1.0000000180025095e-35 1.0000000180025095e-35 1.0000000180025095e-35 1.0000000180025095e-35 1.0000000180025095e-35
decision_type=2 2 2 2 2 2 2 2 2 2 2 2 2 2
left_child=1 3 5 4 6 -3 7 8 -1 10 -10 12 13 -12
right_child=-2 2 -4 -5 -6 -7 -8 -9 9 -11 11 -13 -14 -15
leaf_value=0.0030104623592454955 0.062362230433134783 0.0035171908774387591 -0.064036552361304733 0.041249691296625451 0.00099933690685562377 0.064633460202031506 -0.063044311397427513 0.014217821371704518 -0.049937507807361781 0.00035963759447695882 -0.0021762434360524554 -0.072408070954444556 -0.074541099727443952 -0.044779942516674914
leaf_weight=2.5914539694786063 79.371282741427422 5.5877334475517255 3.0896432101726523 2.0153998434543601 6.8170764446258536 3.0601663738489151 19.432022750377655 2.1306965202093116 58.958564028143883 2.7430580258369437 7.8174825757741946 3.5723988115787497 2.3506681472063056 4.4395374208688736
leaf_count=12 284 22 16 7 30 10 122 9 344 13 39 22 14 24
internal_value=0.00136958 -0.0374814 0.00166919 -0.0415528 -0.0430583 0.0251439 -0.0459452 -0.0420178 -0.0434707 -0.0449786 -0.0465908 -0.0357373 -0.0267692 -0.0176075
internal_weight=203.977 124.606 11.7375 112.868 110.853 8.6479 104.036 84.6039 82.4732 79.8817 77.1387 18.1801 14.6077 12.257
internal_count=968 684 48 636 629 32 599 477 468 456 443 99 77 63
is_linear=0
shrinkage=0.05


Tree=14
num_leaves=15
num_cat=0
split_feature=29 170 40 151 153 171 3 86 170 107 26 78 16 171
split_gain=194.137 8.96848 4.79417 4.25628 4.61825 3.35613 3.14509 3.16771 1.64699 2.39754 2.28511 0.981577 0.978065 0.750025
threshold=1.0000000180025095e-35 1.5000000000000002 1.0000000180025095e-35 1.0000000180025095e-35 1.0000000180025095e-35 2.5000000000000004 1.0000000180025095e-35 1.0000000180025095e-35 1.0000000180025095e-35 1.0000000180025095e-35 1.0000000180025095e-35 1.0000000180025095e-35 1.0000000180025095e-35 2.5000000000000004
decision_type=2 2 2 2 2 2 2 2 2 2 2 2 2 2
left_child=1 2 3 12 5 8 7 -6 9 10 -5 -4 -1 -14
right_child=-2 -3 11 4 6 -7 -8 -9 -10 -11 -12 -13 13 -15
leaf_value=-0.021120695145344738 0.062855492540373856 0.026399766930746301 -0.069568624614262636 -0.031129138529097225 0.053144516025070136 -0.074212227580837842 -0.035346711735312397 -0.0203980128666502 -0.0009657334923012361 0.0099029740099148781 -0.072725151454681905 -0.031205718051263927 -0.047390750208570566 -0.071814894636897386
leaf_weight=3.358762875199317 74.008206695318222 4.8744925111532202 17.106311529874805 15.048833787441266 3.8740483075380308 4.7070265263319007 3.2471466660499573 2.3538985252380371 4.5354795008897772 2.7183510512113562 4.2297549694776526 1.8474855870008458 49.216904327273369 3.3576761186122885
leaf_count=16 271 20 112 77 14 29 17 12 21 11 27 11 292 21
internal_value=-0.000881592 -0.0400351 -0.0428364 -0.0383273 -0.0260288 -0.035303 0.00454809 0.0253486 -0.0284002 -0.0340569 -0.0402554 -0.0658293 -0.0472794 -0.0489506
internal_weight=194.484 120.476 115.602 96.6479 40.7145 31.2394 9.47509 6.22795 26.5324 21.9969 19.2786 18.9538 55.9333 52.5746
internal_count=951 680 660 537 208 165 43 26 136 115 104 123 329 313
is_linear=0
shrinkage=0.05


Tree=15
num_leaves=15
num_cat=0
split_feature=29 170 106 163 163 171 171 72 107 167 170 162 3 150
split_gain=189.135 7.62194 5.54373 3.52799 1.98748 6.32968 1.69333 1.91247 1.94152 1.43615 2.52586 5.70446 0.847027 0.841616
threshold=1.0000000180025095e-35 1.5000000000000002 1.0000000180025095e-35 1.0000000180025095e-35 1.0000000180025095e-35 1.0000000180025095e-35 2.5000000000000004 1.0000000180025095e-35 1.0000000180025095e-35 1.0000000180025095e-35 1.0000000180025095e-35 1.0000000180025095e-35 1.0000000180025095e-35 1.0000000180025095e-35
decision_type=2 2 2 2 2 2 2 2 2 2 2 2 2 2
left_child=1 2 4 -3 6 -6 7 8 12 10 11 -9 -1 -7
right_child=-2 3 -4 -5 5 13 -8 9 -10 -11 -12 -13 -14 -15
leaf_value=-0.056393520295654864 0.061175154722638542 -0.02303065927285244 -0.0036491202548112806 0.059364763552749646 0.022323944928180239 -0.040867178184521 -0.065282297970293918 -0.063394216776738843 -0.00913328263235136 -0.048408341522001935 0.012760148513830291 -0.0056842418608996585 -0.036774395016250523 -0.085363298984874561
leaf_weight=43.81792825460434 72.687324419617653 2.5700184404849997 8.2159540802240354 2.6272275298833847 4.0211231112480146 1.9571139961481092 12.651144087314604 8.9145699143409765 2.5413776189088813 15.145865783095358 3.192882001399993 8.2401801347732544 6.2913616597652426 2.3253361880779266
leaf_count=279 275 13 37 9 15 9 81 55 11 90 15 42 37 13
internal_value=-0.00272127 -0.0406315 -0.0432565 0.0186205 -0.0462392 -0.0227267 -0.0481762 -0.045721 -0.051768 -0.0367508 -0.0280735 -0.0356736 -0.0539303 -0.0650282
internal_weight=195.199 122.512 117.315 5.19725 109.099 8.30357 100.795 88.1442 52.6507 35.4935 20.3476 17.1548 50.1093 4.28245
internal_count=981 706 684 22 647 37 610 529 327 202 112 97 316 22
is_linear=0
shrinkage=0.05


Tree=16
num_leaves=15
num_cat=0
split_feature=29 92 107 72 154 163 106 81 19 166 112 21 151 170
split_gain=156.253 6.13926 3.61856 4.31732 1.96145 2.07959 1.95115 1.82698 1.73757 1.30996 1.44581 1.33258 1.31866 1.39067
threshold=1.0000000180025095e-35 1.0000000180025095e-35 1.0000000180025095e-35 1.0000000180025095e-35 1.0000000180025095e-35 1.0000000180025095e-35 1.0000000180025095e-35 1.0000000180025095e-35 1.0000000180025095e-35 1.0000000180025095e-35 1.0000000180025095e-35 1.0000000180025095e-35 1.0000000180025095e-35 1.0000000180025095e-35
decision_type=2 2 2 2 2 2 2 2 2 2 2 2 2 2
left_child=1 2 3 4 5 -1 7 9 -7 10 11 12 -5 -14
right_child=-2 -3 -4 6 -6 8 -8 -9 -10 -11 -12 -13 13 -15
leaf_value=-0.046320370961663498 0.058540212715601864 0.035316482858985553 0.014878023301042332 -0.033140461881536437 -0.064345814219662636 0.010888914070348976 -0.0035976005660991774 -0.0011460986816013714 -0.047141054598578862 -0.058838784983267556 -0.054816697998768815 -0.052241225645678437 -0.022320828633999756 0.01613566880982073
leaf_weight=42.986090257763863 72.095310524106026 3.0091061890125266 3.2587906122207633 11.552389726042755 13.317041069269179 3.1116912215948096 7.3136826902627936 4.3870311975479117 2.2033927142620087 5.0856484472751609 5.4845165461301795 4.2306350618600836 6.528387263417244 3.673765629529953
leaf_count=270 283 12 13 68 89 13 33 21 10 33 36 27 35 16
internal_value=0.000720865 -0.0351705 -0.0370453 -0.0385853 -0.0473564 -0.0426722 -0.0273856 -0.0316349 -0.0131677 -0.0352939 -0.031489 -0.0265654 -0.0215721 -0.00847276
internal_weight=188.237 116.142 113.133 109.874 61.6182 48.3012 48.2561 40.9424 5.31508 36.5553 31.4697 25.9852 21.7545 10.2022
internal_count=959 676 664 651 382 293 269 236 23 215 182 146 119 51
is_linear=0
shrinkage=0.05


Tree=17
num_leaves=15
num_cat=0
split_feature=29 92 62 72 85 40 153 167 6 172 23 81 112 21
split_gain=144.16 5.67092 4.64411 4.83174 3.81336 2.02003 3.46297 2.69037 2.53885 2.19562 1.86141 2.02155 1.49324 2.097
threshold=1.0000000180025095e-35 1.0000000180025095e-35 1.0000000180025095e-35 1.0000000180025095e-35 1.0000000180025095e-35 1.0000000180025095e-35 1.0000000180025095e-35 1.0000000180025095e-35 1.0000000180025095e-35 1.0000000180025095e-35 1.0000000180025095e-35 1.0000000180025095e-35 1.0000000180025095e-35 1.0000000180025095e-35
decision_type=2 2 2 2 2 2 2 2 2 2 2 2 2 2
left_child=1 2 3 4 5 6 -1 8 9 -8 11 12 13 -5
right_child=-2 -3 -4 10 -6 -7 7 -9 -10 -11 -12 -13 -14 -15
leaf_value=-0.052435600251718173 0.057417602505316558 0.053479338669744129 0.039865455122386304 -0.01653746502012414 0.020801245236979914 -0.066337247207008926 -0.036165558347805001 0.036228730386628598 -0.05827224223070876 0.01960458159212931 -0.055550728290583322 0.014480934363553688 -0.051546567951040748 -0.053086442076693365
leaf_weight=33.212852507829666 69.819039240479469 1.8213275372982014 2.0085957348346701 30.021068751811981 2.0595301389694205 12.422606378793715 4.0503072589635813 1.6998876929283149 5.0004132390022278 3.12751504778862 4.4625401347875586 3.5562804192304602 4.6326228678226462 4.5147363394498816
leaf_count=211 283 7 7 157 9 89 25 7 31 15 30 16 31 29
internal_value=0.000971634 -0.0340314 -0.0354703 -0.0368616 -0.0460874 -0.0484022 -0.0436709 -0.0226953 -0.0309202 -0.0118654 -0.0248232 -0.0216138 -0.024891 -0.0213154
internal_weight=182.409 112.59 110.769 108.76 61.5731 59.5136 47.091 13.8781 12.1782 7.17782 47.1872 42.7247 39.1684 34.5358
internal_count=947 664 657 650 387 378 289 78 71 40 263 233 217 186
is_linear=0
shrinkage=0.05


Tree=18
num_leaves=15
num_cat=0
split_feature=29 170 62 81 163 151 171 40 3 106 165 153 163 173
split_gain=137.716 6.84795 4.41348 3.3885 3.02723 2.2936 2.22396 1.62616 2.18151 1.4771 1.83533 3.2412 3.62999 2.89736
threshold=1.0000000180025095e-35 1.5000000000000002 1.0000000180025095e-35 1.0000000180025095e-35 1.0000000180025095e-35 1.0000000180025095e-35 1.0000000180025095e-35 1.0000000180025095e-35 1.0000000180025095e-35 1.0000000180025095e-35 1.0000000180025095e-35 1.0000000180025095e-35 1.0000000180025095e-35 1.0000000180025095e-35
decision_type=2 2 2 2 2 2 2 2 2 2 2 2 2 2
left_child=1 2 3 7 -3 6 -5 9 -9 10 11 13 -13 -1
right_child=-2 4 -4 5 -6 -7 -8 8 -10 -11 -12 12 -14 -15
leaf_value=-0.034009845515136576 0.05842974310332591 -0.018349812967116966 0.037942595670098965 0.00098581481603528492 0.058118880005755519 0.028860403037933052 -0.068325710294900352 -0.060493399293537545 -0.0040305526302052462 -0.015468157252121785 -0.055535835069874522 -0.027386450189257967 0.03538742388214567 -0.062120023101891408
leaf_weight=37.409686416387558 64.481845423579216 2.3881525248289099 2.0049567967653266 2.8985927999019614 2.8255455642938614 3.0221731513738632 1.9265464246273039 14.457434132695198 1.9402724057435996 7.5314491838216773 13.318932339549063 9.868901312351225 3.0039596855640402 12.141968533396719
leaf_count=230 268 12 7 15 10 13 13 105 11 35 83 59 11 84
internal_value=-3.64462e-05 -0.0328938 -0.0355589 -0.0369295 0.0230921 -0.00529532 -0.0266884 -0.0394201 -0.0538124 -0.0365861 -0.0386859 -0.0350908 -0.0127378 -0.0408979
internal_weight=179.22 114.739 109.525 107.52 5.2137 7.84731 4.82514 99.6726 16.3977 83.2749 75.7434 62.4245 12.8729 49.5517
internal_count=956 688 666 659 22 41 28 618 116 502 467 384 70 314
is_linear=0
shrinkage=0.05


Tree=19
num_leaves=15
num_cat=0
split_feature=29 163 6 40 81 151 107 136 99 170 154 167 26 176
split_gain=137.055 5.83651 5.55628 3.45962 2.70957 5.05462 1.99038 1.61011 1.49401 2.24216 3.07393 1.89755 1.8623 2.57201
threshold=1.0000000180025095e-35 1.0000000180025095e-35 1.0000000180025095e-35 1.0000000180025095e-35 1.0000000180025095e-35 1.0000000180025095e-35 1.0000000180025095e-35 1.0000000180025095e-35 1.0000000180025095e-35 1.0000000180025095e-35 1.0000000180025095e-35 1.0000000180025095e-35 1.0000000180025095e-35 1.0000000180025095e-35
decision_type=2 2 2 2 2 2 2 2 2 2 2 2 2 2
left_child=1 3 -3 4 6 -6 7 8 -1 10 12 -11 -10 -14
right_child=-2 2 -4 -5 5 -7 -8 -9 9 11 -12 -13 13 -15
leaf_value=-0.065530814224282266 0.056159521457447431 0.027954558143447772 -0.059029716140015953 -0.057782760148296732 -0.037303944029268517 0.05129879648976117 0.0044318205277295306 -0.072115862570625452 -0.037087045872859686 0.014406011216768445 -0.064934524103551536 -0.042637678716017251 0.0025268838819419263 -0.066333386705524827
leaf_weight=4.1181984171271315 67.404243163764477 6.6038277596235258 2.5427636653184891 18.034464210271835 4.2076048254966727 2.6069926172494888 2.88076327741146 3.2911711186170569 41.743342414498329 4.0398563444614402 8.7103786990046483 2.281026154756546 6.7385634332895261 1.6976817250251768
leaf_count=30 291 25 14 131 25 10 12 21 260 20 65 13 37 12
internal_value=6.64711e-05 -0.0344634 0.00377282 -0.0379486 -0.0336031 -0.00340808 -0.0363285 -0.0379454 -0.0363232 -0.0344787 -0.0375162 -0.00617943 -0.0327568 -0.0113303
internal_weight=176.901 109.497 9.14659 100.35 82.3156 6.8146 75.501 72.6202 69.329 65.2108 58.89 6.32088 50.1796 8.43625
internal_count=966 675 39 636 505 35 470 458 437 407 374 33 309 49
is_linear=0
shrinkage=0.05


Tree=20
num_leaves=15
num_cat=0
split_feature=163 38 19 72 23 171 21 158 154 86 94 154 40 172
split_gain=111.41 7.67506 6.40556 2.87024 2.39792 2.14753 4.32692 2.54587 2.1184 1.63205 1.77655 2.64229 1.95556 1.81828
threshold=1.0000000180025095e-35 1.0000000180025095e-35 1.0000000180025095e-35 1.0000000180025095e-35 1.0000000180025095e-35 2.5000000000000004 1.0000000180025095e-35 1.0000000180025095e-35 1.0000000180025095e-35 1.0000000180025095e-35 1.0000000180025095e-35 1.0000000180025095e-35 1.0000000180025095e-35 1.0000000180025095e-35
decision_type=2 2 2 2 2 2 2 2 2 2 2 2 2 2
left_child=3 2 -2 9 5 6 7 8 -5 10 11 12 13 -1
right_child=1 -3 -4 4 -6 -7 -8 -9 -10 -11 -12 -13 -14 -15
leaf_value=-0.039624935022572354 0.05447104147331671 -0.031283376592043853 -0.020549930781671111 -0.036258144322536115 -0.064941581282119701 -0.052169007412163994 0.050503959583275818 -0.00064458438077652069 0.0042049524944388905 -0.067730584822028123 -0.00057216848365407508 -0.064058977251379809 -0.063541263804763423 -0.01474018604163415
leaf_weight=19.201082885265354 65.827812746167183 2.9386980831623069 2.9738673865795127 21.290807858109478 3.4072876498103133 4.9923394471406928 2.2164460718631736 10.353685632348059 3.8141503334045401 5.3635017722845069 2.8789121285080901 9.8219110965728742 5.0911066159605971 11.883890450000761
leaf_count=132 290 15 13 130 26 35 10 51 21 38 16 76 40 67
internal_value=0.000271269 0.0478484 0.0512284 -0.0337535 -0.0245771 -0.0213537 -0.0172703 -0.0215068 -0.0301107 -0.0415485 -0.0386755 -0.0410603 -0.034816 -0.0301114
internal_weight=172.056 71.7404 68.8017 100.315 46.0747 42.6674 37.6751 35.4586 25.105 54.2404 48.8769 45.998 36.1761 31.085
internal_count=960 318 303 642 273 247 212 202 151 369 331 315 239 199
is_linear=0
shrinkage=0.05


Tree=21
num_leaves=15
num_cat=0
split_feature=163 38 109 162 81 154 112 153 171 72 172 172 86 26
split_gain=107.915 6.76717 2.43367 1.31726 2.51768 2.38234 1.66665 1.16269 2.63866 2.10655 2.02337 1.77162 2.08731 3.45066
threshold=1.0000000180025095e-35 1.0000000180025095e-35 1.0000000180025095e-35 1.0000000180025095e-35 1.0000000180025095e-35 1.0000000180025095e-35 1.0000000180025095e-35 1.0000000180025095e-35 1.5000000000000002 1.0000000180025095e-35 1.0000000180025095e-35 1.0000000180025095e-35 1.0000000180025095e-35 1.0000000180025095e-35
decision_type=2 2 2 2 2 2 2 2 2 2 2 2 2 2
left_child=2 -2 3 5 -5 6 7 8 9 -1 -11 -9 13 -13
right_child=1 -3 -4 4 -6 -7 -8 11 -10 10 -12 12 -14 -15
leaf_value=-0.040330422665599705 0.049907272772239768 -0.022998566600807513 0.012575888334243135 -0.051860764744343028 -0.016409845191123387 -0.056322392637774214 -0.064873835141492892 -0.043516378658950645 -0.070879265520404036 0.010950534019948978 -0.025599375648575069 -0.010321560207091808 -0.039263766517883852 0.073358370561404498
leaf_weight=14.446059554815291 65.258595891296864 3.3460995256900778 2.5162239968776694 26.905932672321796 6.1536717265844336 9.1208857893943769 2.9712351113557807 3.1989435255527479 3.6569800376892081 5.3879079222679147 12.740052044391632 3.7545216083526611 2.3221624344587326 1.8336389213800428
leaf_count=102 297 17 13 193 34 70 22 22 24 30 67 23 14 7
internal_value=-0.00143523 0.0463514 -0.0359416 -0.0372615 -0.045262 -0.0328112 -0.0285488 -0.026269 -0.030608 -0.0260868 -0.0147362 -0.0121181 0.00057942 0.0171363
internal_weight=163.613 68.6047 95.0082 92.492 33.0596 59.4324 50.3115 47.3403 36.231 32.574 18.128 11.1093 7.91032 5.58816
internal_count=935 314 621 608 227 381 311 289 223 199 97 66 44 30
is_linear=0
shrinkage=0.05


Tree=22
num_leaves=15
num_cat=0
split_feature=163 62 19 106 81 171 94 172 171 151 166 151 164 99
split_gain=97.6142 7.25023 6.0818 4.23142 2.57705 1.9655 1.98883 3.3127 1.57774 3.2842 1.49435 1.28266 1.18121 0.780241
threshold=1.0000000180025095e-35 1.0000000180025095e-35 1.0000000180025095e-35 1.0000000180025095e-35 1.0000000180025095e-35 3.5000000000000004 1.0000000180025095e-35 1.5000000000000002 1.0000000180025095e-35 1.0000000180025095e-35 1.0000000180025095e-35 1.0000000180025095e-35 1.0000000180025095e-35 1.0000000180025095e-35
decision_type=2 2 2 2 2 2 2 2 2 2 2 2 2 2
left_child=1 3 11 4 5 6 10 12 -6 -10 13 -2 -8 -1
right_child=2 -3 -4 -5 8 -7 7 -9 9 -11 -12 -13 -14 -15
leaf_value=-0.064096232792642691 0.040047698380520864 0.072108826654258468 -0.031522402357795527 0.0030997992163873051 0.017150102506841545 0.016342039837428109 -0.01651437717646919 0.044986852000090713 -0.066104468102975808 0.017252271210654643 -0.062576776600044834 0.054417843445799911 -0.069622436421994005 -0.039441889798434146
leaf_weight=3.392232120037078 25.54931128770113 1.6265152394771565 2.4462876617908469 6.9809325933456412 3.1700286269187918 1.5149309933185566 2.751693867146968 1.7211475968360899 2.6097238212823868 2.1593903452157974 8.9815774932503682 39.591714292764664 1.6900569051504133 59.439739480614662
leaf_count=26 122 5 11 32 16 8 17 7 19 10 75 186 11 416
internal_value=-0.000160119 -0.0325577 0.0458751 -0.0343609 -0.0373519 -0.0400648 -0.0411607 -0.0139024 -0.0101892 -0.0283617 -0.0434999 0.0487817 -0.0367216 -0.040773
internal_weight=163.625 96.038 67.5873 94.4115 87.4305 79.4914 77.9764 6.1629 7.93914 4.76911 71.8135 65.141 4.44175 62.832
internal_count=961 642 319 637 605 560 552 35 45 29 517 308 28 442
is_linear=0
shrinkage=0.05


Tree=23
num_leaves=15
num_cat=0
split_feature=29 92 40 153 26 167 6 172 176 162 94 166 163 16
split_gain=102.437 4.09525 2.83313 2.64096 3.13801 3.02175 2.35388 3.92985 2.34203 2.22301 3.2738 2.80526 3.26297 2.71943
threshold=1.0000000180025095e-35 1.0000000180025095e-35 1.0000000180025095e-35 1.0000000180025095e-35 1.0000000180025095e-35 1.0000000180025095e-35 1.0000000180025095e-35 1.0000000180025095e-35 1.0000000180025095e-35 1.0000000180025095e-35 1.0000000180025095e-35 1.0000000180025095e-35 1.0000000180025095e-35 1.0000000180025095e-35
decision_type=2 2 2 2 2 2 2 2 2 2 2 2 2 2
left_child=1 2 3 8 6 -6 7 -5 9 10 13 12 -11 -1
right_child=-2 -3 -4 4 5 -7 -8 -9 -10 11 -12 -13 -14 -15
leaf_value=0.029501404820130129 0.054133814258108787 0.031242612913906145 -0.0500456554417677 -0.041171255000893831 -0.0065121454389700864 0.057566934762957024 -0.047349445746273595 0.048500967578462381 -0.057450071515650583 0.0074983870571557684 0.026521583593068498 -0.065339951948809663 -0.06123239680377969 -0.039947382855782719
leaf_weight=1.4648497104644764 59.627324260771275 2.8168554902076712 14.846054106950758 2.8112049996852875 7.1193383634090424 2.4808951765298843 6.8816648572683334 2.1610167771577835 7.6411851048469535 11.1539906039834 2.1171518713235846 2.1015512719750395 2.0431496500968924 37.357184052467346
leaf_count=8 292 12 120 20 39 10 46 9 55 59 10 16 10 262
internal_value=0.00197902 -0.0282149 -0.0298867 -0.0263795 -0.0112014 0.0100472 -0.0284103 -0.0021981 -0.0314771 -0.0279481 -0.034025 -0.0116863 -0.00314235 -0.0373269
internal_weight=162.623 102.996 100.179 85.3332 21.4541 9.60023 11.8539 4.97222 63.8791 56.2379 40.9392 15.2987 13.1971 38.822
internal_count=968 676 664 544 124 49 75 29 420 365 280 85 69 270
is_linear=0
shrinkage=0.05


Tree=24
num_leaves=15
num_cat=0
split_feature=29 72 163 6 153 151 171 112 81 3 107 166 171 171
split_gain=93.8803 4.27562 4.7627 3.91029 5.4335 3.16326 2.36696 1.7652 1.31548 1.79259 1.69896 1.68051 1.30465 1.12161
threshold=1.0000000180025095e-35 1.0000000180025095e-35 1.0000000180025095e-35 1.0000000180025095e-35 1.0000000180025095e-35 1.0000000180025095e-35 2.5000000000000004 1.0000000180025095e-35 1.0000000180025095e-35 1.0000000180025095e-35 1.0000000180025095e-35 1.0000000180025095e-35 1.5000000000000002 1.0000000180025095e-35
decision_type=2 2 2 2 2 2 2 2 2 2 2 2 2 2
left_child=1 2 5 4 -4 -1 7 -3 9 10 11 -7 -2 -9
right_child=12 6 3 -5 -6 8 -8 13 -10 -11 -12 -13 -14 -15
leaf_value=-0.054266816634689997 0.043066850006288009 -0.010937347586146069 -0.033577961364651916 -0.059242488088945333 0.061728021770955724 -0.045016137120849072 -0.05034432128885339 -0.062873389408347399 0.018040091865095715 -0.070428232412105121 0.021165653437342904 -0.0016465490823741901 0.05854518916396817 -0.0069808918817494655
leaf_weight=32.952955797314644 27.00921643525362 35.109166666865349 2.8254383504390699 2.3476946353912354 3.177059143781662 7.2167546004056895 5.2473111897706977 2.8623207956552497 1.4573519974946982 2.4902599379420289 1.7868130207061774 3.2348173782229424 27.450309075415134 1.3076401576399801
leaf_count=264 140 202 13 13 12 54 41 23 7 17 7 23 138 10
internal_value=-0.00213801 -0.0304349 -0.0394434 -0.00453189 0.0168665 -0.0453759 -0.0188038 -0.0145903 -0.0272749 -0.0317587 -0.0238902 -0.031593 0.0508687 -0.0453463
internal_weight=156.475 102.016 57.4891 8.35019 6.0025 49.139 44.5264 39.2791 16.186 14.7286 12.2384 10.4516 54.4595 4.16996
internal_count=964 686 410 38 25 372 276 235 108 101 84 77 278 33
is_linear=0
shrinkage=0.05


Tree=25
num_leaves=15
num_cat=0
split_feature=29 92 106 171 109 85 99 170 168 94 154 21 40 112
split_gain=87.1199 4.63241 2.80353 2.56367 3.41622 2.44539 1.28543 1.62712 2.91003 4.02973 1.88823 1.86893 4.44016 1.45956
threshold=1.0000000180025095e-35 1.0000000180025095e-35 1.0000000180025095e-35 2.5000000000000004 1.0000000180025095e-35 1.0000000180025095e-35 1.0000000180025095e-35 1.0000000180025095e-35 1.0000000180025095e-35 1.0000000180025095e-35 1.0000000180025095e-35 1.0000000180025095e-35 1.0000000180025095e-35 1.0000000180025095e-35
decision_type=2 2 2 2 2 2 2 2 2 2 2 2 2 2
left_child=1 2 3 4 6 -5 -1 10 9 -9 11 13 -13 -8
right_child=-2 -3 -4 5 -6 -7 7 8 -10 -11 -12 12 -14 -15
leaf_value=-0.061944900333002477 0.051549001586577242 0.03344648664483521 9.4083134068112637e-05 -0.060935825052940679 0.037263517892969659 0.0030708888307713162 -0.029401945371092898 0.057212580356681281 -0.048105719990310464 -0.022629173673090874 -0.050924425768628913 0.014768744397128709 -0.061050051021827048 -0.061892658615575115
leaf_weight=3.0533147901296607 52.960736818611622 3.0109034180641165 7.3890778124332419 11.289800427854058 1.9263287484645832 1.7195111662149436 38.796891719102859 2.6301990374922735 3.3303943276405334 3.9593213051557541 10.708314031362532 6.5593427047133428 2.736661471426487 3.7946390658617011
leaf_count=26 279 13 35 91 9 9 267 12 22 23 87 34 25 32
internal_value=-0.000383204 -0.0276403 -0.0295191 -0.0319368 -0.0284889 -0.0524757 -0.030165 -0.0288269 -0.0100129 0.00923957 -0.0318085 -0.0278634 -0.00755164 -0.0322967
internal_weight=153.865 100.905 97.8938 90.5047 77.4954 13.0093 75.5691 72.5158 9.91991 6.58952 62.5958 51.8875 9.296 42.5915
internal_count=964 685 672 637 537 100 528 502 57 35 445 358 59 299
is_linear=0
shrinkage=0.05


Tree=26
num_leaves=15
num_cat=0
split_feature=29 101 40 162 151 154 13 3 162 148 172 16 163 21
split_gain=75.5961 3.87699 3.90569 3.31351 2.8993 4.66268 1.98978 1.92655 2.54448 3.84972 1.74843 1.8619 1.46454 1.40322
threshold=1.0000000180025095e-35 1.0000000180025095e-35 1.0000000180025095e-35 1.5000000000000002 1.0000000180025095e-35 1.0000000180025095e-35 1.0000000180025095e-35 1.0000000180025095e-35 1.0000000180025095e-35 1.0000000180025095e-35 1.0000000180025095e-35 1.0000000180025095e-35 1.0000000180025095e-35 1.0000000180025095e-35
decision_type=2 2 2 2 2 2 2 2 2 2 2 2 2 2
left_child=1 2 3 4 10 7 -4 8 9 -6 11 -1 -13 -10
right_child=-2 -3 6 -5 5 -7 -8 -9 13 -11 -12 12 -14 -15
leaf_value=0.016603942306797622 0.049342235245966183 0.043149332201301883 -0.058062955262354304 0.043562924465321742 -0.033412263327535656 -0.051532151189704327 -0.0019794030762408984 -0.017702946437945673 0.0069457043278011513 0.041924515999901463 -0.050989328572366793 -0.033329651891468672 0.0067238110927148572 0.055228445700939599
leaf_weight=2.2532559484243384 51.21081206202507 2.008038029074668 12.616602137684819 1.8380543738603581 5.4570983797311783 6.4760431274771681 1.8081758245825774 13.743312813341618 2.7835652977228165 2.4602031484246254 10.065856754779814 30.795949600636959 2.4649072438478461 3.2756352871656418
leaf_count=11 280 9 111 8 32 56 13 74 15 12 75 235 10 13
internal_value=0.000105739 -0.025611 -0.0270487 -0.0228096 -0.0243389 -0.0133341 -0.0510328 -0.00441007 0.00866103 -0.0100023 -0.0325951 -0.0273816 -0.0303614 0.0330476
internal_weight=149.258 98.0467 96.0387 81.6139 79.7758 34.1959 14.4248 27.7198 13.9765 7.9173 45.58 35.5141 33.2609 6.0592
internal_count=954 674 665 541 533 202 124 146 72 44 331 256 245 28
is_linear=0
shrinkage=0.05


Tree=27
num_leaves=15
num_cat=0
split_feature=163 19 81 151 171 167 26 176 112 86 171 99 3 173
split_gain=66.0231 3.96545 2.76295 1.95435 2.08405 1.94712 2.52053 3.98211 1.811 0.991241 0.930742 0.873428 0.879369 2.2576
threshold=1.0000000180025095e-35 1.0000000180025095e-35 1.0000000180025095e-35 1.0000000180025095e-35 1.0000000180025095e-35 1.0000000180025095e-35 1.0000000180025095e-35 1.0000000180025095e-35 1.0000000180025095e-35 1.0000000180025095e-35 1.5000000000000002 1.0000000180025095e-35 1.0000000180025095e-35 1.0000000180025095e-35
decision_type=2 2 2 2 2 2 2 2 2 2 2 2 2 2
left_child=2 9 5 4 -4 10 8 -8 -7 -2 11 -1 -13 -14
right_child=1 -3 3 -5 -6 6 7 -9 -10 -11 -12 12 13 -15
leaf_value=-0.060949375435333186 0.039761693909950602 -0.025541843995781639 0.0077846723513258142 0.032663975931625414 -0.062058681724457804 -0.021963385098857133 0.021727265341601132 -0.062858688661556583 -0.06083964417222032 0.055788078215786276 -0.044612513141154067 -0.032441308479790786 -0.063980402493534969 0.0097527400413514615
leaf_weight=2.2366724908351889 45.388394847512245 2.1792416274547568 2.7474320977926245 3.015599399805069 1.7473452016711233 15.89602215588093 6.5020087435841578 1.7702428698539732 3.6912680119276038 12.252831429243086 19.273169070482254 25.459093496203426 1.4189124703407276 3.8687018156051636
leaf_count=20 253 10 15 13 15 94 37 15 33 68 164 195 11 27
internal_value=0.00017114 0.0406653 -0.0274733 0.00152474 -0.0193669 -0.0301916 -0.0195161 0.00362607 -0.0292897 0.0431684 -0.0358831 -0.0307822 -0.0285877 -0.0100333
internal_weight=147.447 59.8205 87.6265 7.51038 4.49478 80.1161 27.8595 8.27225 19.5873 57.6412 52.2565 32.9834 30.7467 5.28761
internal_count=970 331 639 43 30 596 179 52 127 321 417 253 233 38
is_linear=0
shrinkage=0.05


Tree=28
num_leaves=15
num_cat=0
split_feature=163 38 62 72 85 23 19 122 173 16 81 168 112 172
split_gain=71.9549 4.25294 4.05819 3.02598 2.96151 2.13742 2.12269 1.5513 1.54725 1.91948 1.99007 1.69074 1.39283 2.13661
threshold=1.0000000180025095e-35 1.0000000180025095e-35 1.0000000180025095e-35 1.0000000180025095e-35 1.0000000180025095e-35 1.0000000180025095e-35 1.0000000180025095e-35 1.0000000180025095e-35 1.0000000180025095e-35 1.0000000180025095e-35 1.0000000180025095e-35 1.0000000180025095e-35 1.0000000180025095e-35 1.0000000180025095e-35
decision_type=2 2 2 2 2 2 2 2 2 2 2 2 2 2
left_child=2 6 3 4 8 7 -2 12 9 -1 -11 -10 13 -5
right_child=1 -3 -4 5 -6 -7 -8 -9 11 10 -12 -13 -14 -15
leaf_value=0.021425198946786322 0.048830030148146221 -0.016568416734605181 0.046866237154962492 0.0077873487748439559 0.019828180702990229 -0.061363989781803865 0.00037789440612186323 -0.06302403621518389 -0.054379226427951871 -0.040761268541421057 0.016642586694005219 -0.0090089380936575029 -0.042124206078905629 -0.019833005867346501
leaf_weight=1.607023879885676 53.302499435842037 2.7823128700256339 1.7733968645334233 10.564099460840227 2.0841278433799735 2.8306208774447432 2.3605914115905753 1.6936915740370739 21.016401909291748 16.676499329507354 1.660123050212859 2.2757500782608977 3.922417886555194 20.763667553663254
leaf_count=9 303 15 6 65 10 26 10 14 190 138 10 15 35 125
internal_value=0.000865233 0.0437597 -0.0279946 -0.0295547 -0.0383877 -0.0194901 0.0467752 -0.0162818 -0.041194 -0.0309721 -0.0355642 -0.0499463 -0.0140359 -0.0105191
internal_weight=145.313 58.4454 86.8678 85.0944 45.3199 39.7745 55.6631 36.9439 43.2358 19.9436 18.3366 23.2922 35.2502 31.3278
internal_count=971 328 643 637 372 265 313 239 362 157 148 205 225 190
is_linear=0
shrinkage=0.05


Tree=29
num_leaves=15
num_cat=0
split_feature=163 38 106 19 40 85 171 21 154 167 170 162 167 81
split_gain=63.9513 7.11218 5.91653 4.87133 1.95585 1.85703 1.75841 1.44442 4.76275 2.21605 1.25235 3.24789 3.66989 1.64576
threshold=1.0000000180025095e-35 1.0000000180025095e-35 1.0000000180025095e-35 1.0000000180025095e-35 1.0000000180025095e-35 1.0000000180025095e-35 2.5000000000000004 1.0000000180025095e-35 1.0000000180025095e-35 1.0000000180025095e-35 1.0000000180025095e-35 1.0000000180025095e-35 1.0000000180025095e-35 1.0000000180025095e-35
decision_type=2 2 2 2 2 2 2 2 2 2 2 2 2 2
left_child=2 3 4 -2 5 6 7 10 9 -9 13 12 -12 -1
right_child=1 -3 -4 -5 -6 -7 -8 8 -10 -11 11 -13 -14 -15
leaf_value=-0.03772742883112043 0.050226372750452643 -0.0324308210464394 0.017290046377081699 -0.016301284465030329 -0.048625708715652166 0.019004055638824152 -0.053990658859024487 -0.0041959898059207336 -0.045653923860430171 0.059669327376244988 0.064646508241900921 -0.047679672705562198 -0.030991121036608112 -0.0046003067709169416
leaf_weight=31.989933103322983 50.052029930055141 3.0109470784664145 6.9243126064538947 2.9116536378860465 13.025850586593149 2.0905185490846625 6.2721775323152533 3.3100346550345403 4.8451332822442055 2.303544782102108 2.1036576703190795 3.3377529308199883 1.9173018336296079 4.246946968138217
leaf_count=259 293 17 32 13 128 10 53 21 46 10 10 23 12 24
internal_value=0.00108138 0.0423195 -0.026943 0.046569 -0.0310028 -0.0273251 -0.0289306 -0.0260227 -0.00933549 0.0220113 -0.030026 -0.0112205 0.0190439 -0.0338449
internal_weight=138.342 55.9746 82.3672 52.9637 75.4429 62.417 60.3265 54.0543 10.4587 5.61358 43.5956 7.35871 4.02096 36.2369
internal_count=951 323 628 306 596 468 458 405 77 31 328 45 22 283
is_linear=0
shrinkage=0.05


Tree=30
num_leaves=15
num_cat=0
split_feature=29 92 81 62 151 148 171 21 168 151 163 94 162 170
split_gain=68.3131 3.73374 2.63071 2.6535 2.17056 2.16244 2.15179 1.87869 1.90202 3.59989 1.52 1.50383 1.61778 3.19116
threshold=1.0000000180025095e-35 1.0000000180025095e-35 1.0000000180025095e-35 1.0000000180025095e-35 1.0000000180025095e-35 1.0000000180025095e-35 1.0000000180025095e-35 1.0000000180025095e-35 1.0000000180025095e-35 1.0000000180025095e-35 1.0000000180025095e-35 1.0000000180025095e-35 1.0000000180025095e-35 1.0000000180025095e-35
decision_type=2 2 2 2 2 2 2 2 2 2 2 2 2 2
left_child=1 2 3 5 6 7 -4 10 -9 -10 11 12 13 -1
right_child=-2 -3 4 -5 -6 -7 -8 8 9 -11 -12 -13 -14 -15
leaf_value=-0.032462419466386207 0.048295447583400292 0.030487877666649371 0.0068873603228789704 0.037046308956242932 0.032805969119326199 0.004503256643059326 -0.061355235839086579 -0.054531614395553943 0.035842699969589026 -0.049468262532137479 -0.0040858850021980387 0.0041706425218666666 -0.050116041680184256 0.03132751630928278
leaf_weight=31.121041171252728 45.651257023215294 2.7756810486316672 2.7703990489244452 1.4047548919916142 2.9908072203397751 3.8044415935873976 1.9811904728412626 16.978602334856991 1.8625610470771778 3.6792723834514618 5.4910283982753745 2.72841852903366 11.624779194593428 2.0923941135406485
leaf_count=240 285 13 15 5 13 23 18 160 11 28 24 14 99 11
internal_value=-0.00164498 -0.0266144 -0.0284048 -0.031073 -0.000563048 -0.0322785 -0.0215666 -0.03413 -0.0462299 -0.020796 -0.0289941 -0.0318695 -0.0340625 -0.0284438
internal_weight=136.957 91.3054 88.5297 80.7873 7.7424 79.3825 4.75159 75.5781 22.5204 5.54183 53.0577 47.5666 44.8382 33.2134
internal_count=959 674 661 615 46 610 33 587 199 39 388 364 350 251
is_linear=0
shrinkage=0.05


Tree=31
num_leaves=15
num_cat=0
split_feature=163 38 109 85 72 162 153 150 16 166 112 136 6 81
split_gain=56.5526 6.89093 2.38496 1.8913 2.46749 2.35744 4.04956 4.80796 3.55072 2.1051 2.1341 1.98083 1.26246 1.22
threshold=1.0000000180025095e-35 1.0000000180025095e-35 1.0000000180025095e-35 1.0000000180025095e-35 1.0000000180025095e-35 1.0000000180025095e-35 1.0000000180025095e-35 1.0000000180025095e-35 1.0000000180025095e-35 1.0000000180025095e-35 1.0000000180025095e-35 1.0000000180025095e-35 1.0000000180025095e-35 1.0000000180025095e-35
decision_type=2 2 2 2 2 2 2 2 2 2 2 2 2 2
left_child=2 -2 3 4 5 6 8 -8 -1 10 11 12 13 -6
right_child=1 -3 -4 -5 9 -7 7 -9 -10 -11 -12 -13 -14 -15
leaf_value=0.034285291940210877 0.042728384664674893 -0.04014961667644687 0.021465128703184198 0.015932115439032925 -0.0060776414103370603 -0.054598233247246934 -0.027184782077188493 0.06453276231883244 -0.0480416559208654 -0.060127432126842795 -0.059140235036304493 -0.063262028380308699 -0.01978842809926859 0.032996704263121367
leaf_weight=1.418736495077616 49.723991684615612 2.6412949711084357 2.3325037211179724 2.1917994916439048 9.5976094603538566 15.848991200327871 4.1084450781345359 2.1908308640122414 17.041253365576267 3.1786529943346968 2.7925008460879317 1.8578001782298077 14.561551608145237 2.5227111876010904
leaf_count=8 310 15 13 12 64 154 33 14 158 32 28 15 94 11
internal_value=-0.00181168 0.038548 -0.0283481 -0.029851 -0.0311868 -0.0395408 -0.0299021 0.00471375 -0.0417144 -0.0213568 -0.0174235 -0.0133417 -0.00986587 0.00205525
internal_weight=132.009 52.3653 79.6434 77.3109 75.1191 40.6083 24.7593 6.29928 18.46 34.5108 31.3322 28.5397 26.6819 12.1203
internal_count=961 325 636 623 611 367 213 47 166 244 212 184 169 75
is_linear=0
shrinkage=0.05


Tree=32
num_leaves=15
num_cat=0
split_feature=29 101 40 153 158 151 3 171 72 109 106 162 170 111
split_gain=49.0873 3.8777 3.97304 2.45597 3.98173 3.73579 3.83851 2.85641 1.74304 1.67746 1.84325 2.29006 2.14536 2.31677
threshold=1.0000000180025095e-35 1.0000000180025095e-35 1.0000000180025095e-35 1.0000000180025095e-35 1.0000000180025095e-35 1.0000000180025095e-35 1.0000000180025095e-35 2.5000000000000004 1.0000000180025095e-35 1.0000000180025095e-35 1.0000000180025095e-35 1.0000000180025095e-35 1.0000000180025095e-35 1.0000000180025095e-35
decision_type=2 2 2 2 2 2 2 2 2 2 2 2 2 2
left_child=1 2 3 7 5 8 -7 9 -5 10 11 12 13 -1
right_child=-2 -3 -4 4 -6 6 -8 -9 -10 -11 -12 -13 -14 -15
leaf_value=-0.041726938301449169 0.044604159569631416 0.061412169253613313 -0.04971143377578971 -0.0058364519301288935 -0.063801244514716415 0.051175306496117373 -0.029986121399072131 -0.062557425422758106 -0.062692965736964174 0.033837939665059151 0.002934350586471767 -0.0083766830864668591 0.00094248941704163009 0.01865998544923313
leaf_weight=25.941374495625503 40.54402206838131 1.3801681175827969 12.057543858885763 6.7193900793790871 2.3497386574745169 5.8206386715173712 1.9431494697928426 4.4168221652507773 1.6862827539443968 1.3732092306017865 6.4082231968641272 13.37550827115774 4.0486545935273162 1.6919043958187092
leaf_count=234 272 7 127 49 19 26 14 42 14 7 31 83 24 10
internal_value=-0.00101418 -0.0217461 -0.0230529 -0.0188109 -0.00298319 0.00585486 0.0308619 -0.0239303 -0.0172426 -0.0207014 -0.0221566 -0.0257252 -0.0330494 -0.0380296
internal_weight=129.757 89.2126 87.8324 75.7749 18.5192 16.1695 7.76379 57.2557 8.40567 52.8389 51.4657 45.0574 31.6819 27.6333
internal_count=959 687 680 553 122 103 40 431 63 389 382 351 268 244
is_linear=0
shrinkage=0.05


Tree=33
num_leaves=15
num_cat=0
split_feature=29 106 62 72 92 85 136 122 170 23 40 16 153 81
split_gain=46.6136 4.59358 2.98221 2.81412 2.46701 2.35031 2.24962 1.75426 2.78106 1.75134 1.69318 2.16296 2.76082 1.59681
threshold=1.0000000180025095e-35 1.0000000180025095e-35 1.0000000180025095e-35 1.0000000180025095e-35 1.0000000180025095e-35 1.0000000180025095e-35 1.0000000180025095e-35 1.0000000180025095e-35 1.0000000180025095e-35 1.0000000180025095e-35 1.0000000180025095e-35 1.0000000180025095e-35 1.0000000180025095e-35 1.0000000180025095e-35
decision_type=2 2 2 2 2 2 2 2 2 2 2 2 2 2
left_child=1 2 3 4 5 10 7 8 9 13 11 -1 -13 -5
right_child=-2 -3 -4 6 -6 -7 -8 -9 -10 -11 -12 12 -14 -15
leaf_value=0.01352467437330372 0.045471132024903493 0.024132518441679036 0.042561349750513205 -0.012983387911182294 0.021438494098556724 0.018837406173908691 -0.047454483470697389 -0.060459394281882378 0.035990149923225606 -0.059302274768890009 -0.058113241105286886 -0.044745245829200836 -0.014194850228674749 0.022712837217439844
leaf_weight=2.4763730391859999 41.409831270575523 5.8033385127782813 1.7561484575271595 18.128756515681758 2.1382582783699027 2.0476014018058768 3.9387562721967688 1.4655511751770962 3.7014952301979056 1.7135118767619122 7.2076142132282248 22.911017306149006 10.919718705117701 3.7874507680535308
leaf_count=14 287 27 6 143 11 10 30 14 17 19 86 209 79 18
internal_value=0.00172608 -0.0188599 -0.0218955 -0.0233027 -0.0310503 -0.0335136 -0.0120134 -0.00716584 -0.00430814 -0.0106207 -0.035977 -0.0315825 -0.0348843 -0.00681454
internal_weight=129.405 87.9956 82.1923 80.4361 47.7006 45.5623 32.7355 28.7968 27.3312 23.6297 43.5147 36.3071 33.8307 21.9162
internal_count=970 683 656 650 409 398 241 211 197 180 388 302 288 161
is_linear=0
shrinkage=0.05


Tree=34
num_leaves=15
num_cat=0
split_feature=29 101 99 112 72 40 136 172 151 165 171 153 165 171
split_gain=51.2247 2.81376 1.56468 1.64021 1.83409 2.48541 1.98281 1.99911 1.69309 2.62986 2.14405 1.49213 2.88496 2.77644
threshold=1.0000000180025095e-35 1.0000000180025095e-35 1.0000000180025095e-35 1.0000000180025095e-35 1.0000000180025095e-35 1.0000000180025095e-35 1.0000000180025095e-35 1.0000000180025095e-35 1.0000000180025095e-35 1.0000000180025095e-35 2.5000000000000004 1.0000000180025095e-35 1.0000000180025095e-35 1.5000000000000002
decision_type=2 2 2 2 2 2 2 2 2 2 2 2 2 2
left_child=1 2 -1 4 5 8 7 -6 -4 10 -10 13 -13 -9
right_child=-2 -3 3 -5 6 -7 -8 11 9 -11 -12 12 -14 -15
leaf_value=-0.058023765063389111 0.046919626559590116 0.043728961356939808 -0.028953363998939975 -0.058138817410894439 0.01286861005150032 -0.053751593256988063 -0.045697912791809549 -0.011838376515681493 -0.007438605475802826 -0.046211946941010884 0.046206351785137316 -0.035871935323573544 0.040472541306782454 -0.060937675725780772
leaf_weight=2.9300903081893912 40.772236861288548 1.6538040116429318 24.659358710050583 2.8483414947986594 9.0156818181276304 6.9537706822156897 3.7116075307130805 14.38197679072619 7.4764076322317106 3.1946069598197928 2.4805665761232376 2.107195906341075 2.9980172663927078 3.5999319851398459
leaf_count=33 291 8 215 31 57 81 29 84 50 23 12 16 17 36
internal_value=0.000589162 -0.0208739 -0.0221111 -0.0208498 -0.0195317 -0.026279 -0.0110982 -0.00709792 -0.0212266 -0.00673874 0.00592589 -0.014895 0.00896107 -0.0216679
internal_weight=128.784 88.0114 86.3576 83.4275 80.5791 44.7647 35.8144 32.1028 37.8109 13.1516 9.95697 23.0871 5.10521 17.9819
internal_count=983 692 684 651 620 381 239 210 300 85 62 153 33 120
is_linear=0
shrinkage=0.05


Tree=35
num_leaves=15
num_cat=0
split_feature=29 40 133 171 62 153 171 170 81 173 168 173 3 162
split_gain=41.2227 2.97234 2.4496 2.122 1.74019 1.29693 2.25527 2.29387 1.46946 3.33468 1.37415 1.28584 1.48035 4.91205
threshold=1.0000000180025095e-35 1.0000000180025095e-35 1.0000000180025095e-35 3.5000000000000004 1.0000000180025095e-35 1.0000000180025095e-35 2.5000000000000004 1.0000000180025095e-35 1.0000000180025095e-35 1.0000000180025095e-35 1.0000000180025095e-35 1.5000000000000002 1.0000000180025095e-35 1.0000000180025095e-35
decision_type=2 2 2 2 2 2 2 2 2 2 2 2 2 2
left_child=1 3 -3 4 5 6 7 8 9 -1 -9 12 -7 -14
right_child=-2 2 -4 -5 -6 11 -8 10 -10 -11 -12 -13 13 -15
leaf_value=-0.020300998886598878 0.044300366769689105 -0.051009574380179695 0.022875399068740556 0.045791235707960586 0.030084978641222133 0.0085321246406390057 -0.05898055691198352 0.025731101984924398 0.0060320437668987129 -0.060558529641235682 -0.015675911057848005 -0.047443328940673511 0.032262398842482998 -0.065912078528487031
leaf_weight=31.739956595003605 36.104562602937222 10.290464185178276 1.2590805888175971 1.3772973045706738 1.9227504730224598 10.828886121511465 3.8292714655399314 4.0677646920084936 3.7385859638452521 6.138906978070735 3.9486927390098572 1.7240731418132771 2.2266217395663253 2.9783731326460838
leaf_count=249 269 123 6 6 7 69 42 22 23 65 24 12 15 24
internal_value=-0.000542469 -0.0193529 -0.042955 -0.015695 -0.0168528 -0.01812 -0.0220086 -0.0191562 -0.0238738 -0.0268254 0.00533511 -0.00641273 -0.00200084 -0.0239145
internal_weight=122.175 86.0707 11.5495 74.5212 73.1439 71.2211 53.4632 49.6339 41.6174 37.8789 8.01646 17.758 16.0339 5.20499
internal_count=956 687 129 558 552 545 425 383 337 314 46 120 108 39
is_linear=0
shrinkage=0.05


Tree=36
num_leaves=15
num_cat=0
split_feature=177 38 19 167 40 158 148 23 81 166 26 3 72 171
split_gain=40.3924 5.31274 2.85269 2.42863 2.12011 2.06376 1.66508 1.884 2.15839 1.66272 2.28637 3.03497 2.57231 1.39828
threshold=1.0000000180025095e-35 1.0000000180025095e-35 1.0000000180025095e-35 1.0000000180025095e-35 1.0000000180025095e-35 1.0000000180025095e-35 1.0000000180025095e-35 1.0000000180025095e-35 1.0000000180025095e-35 1.0000000180025095e-35 1.0000000180025095e-35 1.0000000180025095e-35 1.0000000180025095e-35 1.5000000000000002
decision_type=2 2 2 2 2 2 2 2 2 2 2 2 2 2
left_child=3 2 -2 5 9 6 7 8 13 10 12 -12 -5 -1
right_child=1 -3 -4 4 -6 -7 -8 -9 -10 -11 11 -13 -14 -15
leaf_value=-0.022695559082747556 0.044110644026308966 -0.036024183474042189 -0.0093294115121703765 -0.061706454041689056 -0.058800294996526226 -0.061385598545998281 0.030810128833027223 -0.058301523033153571 0.0060210789344137955 -0.059019436822528096 0.052357109507101776 -0.028290502078022164 -0.0052551902255551257 -0.045709945290510534
leaf_weight=22.54752063006163 39.671771503984928 2.3802374601364127 2.664997771382331 2.3136743158102151 2.1747162267565718 4.7870589792728415 1.2198545560240734 4.6909893825650206 4.9610777869820586 1.4629003778100003 3.4523640498518935 1.7619431167840955 15.78941036760807 9.3312059268355352
leaf_count=203 294 14 12 21 24 47 6 58 27 16 16 13 102 97
internal_value=-0.000904804 0.0366603 0.0407467 -0.0234546 -0.0114654 -0.0302528 -0.0267667 -0.0284579 -0.0246577 -0.00731125 -0.00406715 0.0251058 -0.01247 -0.0294321
internal_weight=119.21 44.717 42.3368 74.4927 26.955 47.5377 42.7506 41.5308 36.8398 24.7803 23.3174 5.21431 18.1031 31.8787
internal_count=950 320 306 630 192 438 391 385 327 168 152 29 123 300
is_linear=0
shrinkage=0.05


Tree=37
num_leaves=15
num_cat=0
split_feature=163 38 19 109 48 62 6 162 176 94 150 73 171 162
split_gain=30.3712 2.98015 3.0792 2.82586 1.93508 1.93517 2.26787 2.42354 2.25833 3.67456 2.82963 1.90616 1.85461 1.67248
threshold=1.0000000180025095e-35 1.0000000180025095e-35 1.0000000180025095e-35 1.0000000180025095e-35 1.0000000180025095e-35 1.0000000180025095e-35 1.0000000180025095e-35 1.5000000000000002 1.0000000180025095e-35 1.0000000180025095e-35 1.0000000180025095e-35 1.0000000180025095e-35 2.5000000000000004 1.0000000180025095e-35
decision_type=2 2 2 2 2 2 2 2 2 2 2 2 2 2
left_child=3 2 -2 4 5 6 7 13 9 10 -8 -10 -13 -1
right_child=1 -3 -4 -5 -6 -7 8 -9 11 -11 -12 12 -14 -15
leaf_value=-0.026851767708389363 0.040045120151117164 -0.017487065596314483 -0.013877250288595242 0.038882702716637685 0.039475950128154774 0.027198203583019706 0.039377023512725165 0.037370328574597177 -0.060256563896586617 0.074993681155330047 -0.017644053083083956 0.011522196447191192 -0.057101597086797864 -0.049093876644485078
leaf_weight=27.312555357813835 37.573862157762051 2.7564444541931143 2.8482159823179236 1.9854948669672001 1.2745396643877018 1.8921276479959477 2.5225473865866705 1.2358149141073216 3.9295439720153826 1.3731855452060688 15.823155727237463 2.8461713567376137 1.5052760392427442 12.239150263369082
leaf_count=255 290 16 13 11 6 7 16 9 40 5 116 19 19 135
internal_value=-0.000503674 0.0328154 0.0362456 -0.0199611 -0.0215848 -0.0226859 -0.024058 -0.0315801 -0.0131006 -0.00389849 -0.00980361 -0.0350128 -0.0122165 -0.0337345
internal_weight=117.118 43.1785 40.4221 73.9396 71.9541 70.6795 68.7874 40.7875 27.9999 19.7189 18.3457 8.28099 4.35145 39.5517
internal_count=957 319 303 638 627 621 614 399 215 137 132 78 38 390
is_linear=0
shrinkage=0.05


Tree=38
num_leaves=15
num_cat=0
split_feature=29 40 81 173 109 62 148 151 173 171 125 19 94 173
split_gain=35.6539 3.43788 3.11808 2.3367 1.58899 1.61944 1.65542 1.32294 1.19623 1.12368 1.11563 1.08945 1.45263 2.14944
threshold=1.0000000180025095e-35 1.0000000180025095e-35 1.0000000180025095e-35 1.5000000000000002 1.0000000180025095e-35 1.0000000180025095e-35 1.0000000180025095e-35 1.0000000180025095e-35 1.0000000180025095e-35 1.0000000180025095e-35 1.0000000180025095e-35 1.0000000180025095e-35 1.0000000180025095e-35 1.0000000180025095e-35
decision_type=2 2 2 2 2 2 2 2 2 2 2 2 2 2
left_child=1 2 4 -3 5 6 10 8 -4 -2 11 12 -1 -14
right_child=9 3 7 -5 -6 -7 -8 -9 -10 -11 -12 -13 13 -15
leaf_value=-0.022519541904831138 0.028752958416793786 -0.056359219294727807 -0.03038188248289881 0.014611459449507414 0.022481992709292874 0.034265744163417891 0.013782501290077062 0.04294072628792759 0.026040977786322236 0.048770943275063643 -0.066711344028637681 -0.057730985941395578 -0.031303789707008083 0.04200080308578346
leaf_weight=50.273867126554251 9.9518448635935766 8.2749063111841661 1.8542817234992972 1.3488616682589043 2.3431039825081816 1.3718130290508259 3.2986485809087744 2.949057549238205 1.9039323627948761 23.718494236469269 1.4008852466940869 2.0053643733263007 1.8339120894670475 2.1991987228393555
leaf_count=436 81 106 12 10 14 5 21 13 13 195 11 10 11 13
internal_value=-0.000393326 -0.0183578 -0.0145783 -0.046412 -0.017941 -0.0194593 -0.0206673 0.0178729 -0.00179774 0.0428543 -0.0226363 -0.0215398 -0.0202034 0.00866818
internal_weight=114.728 81.0578 71.4341 9.62377 64.7268 62.3837 61.0119 6.70727 3.75821 33.6703 57.7132 56.3123 54.307 4.03311
internal_count=951 675 559 116 521 507 502 38 25 276 481 470 460 24
is_linear=0
shrinkage=0.05


Tree=39
num_leaves=15
num_cat=0
split_feature=29 154 94 40 162 3 151 171 168 162 16 112 168 3
split_gain=34.5771 2.97311 4.34726 2.31442 2.90477 1.90391 1.89866 1.25462 3.61761 2.23151 3.28146 1.22428 1.17695 0.950536
threshold=1.0000000180025095e-35 1.0000000180025095e-35 1.0000000180025095e-35 1.0000000180025095e-35 1.5000000000000002 1.0000000180025095e-35 1.0000000180025095e-35 1.0000000180025095e-35 1.0000000180025095e-35 1.0000000180025095e-35 1.0000000180025095e-35 1.0000000180025095e-35 1.0000000180025095e-35 1.0000000180025095e-35
decision_type=2 2 2 2 2 2 2 2 2 2 2 2 2 2
left_child=1 3 -3 4 6 -5 7 9 -9 10 -1 12 -12 -8
right_child=-2 2 -4 5 -6 -7 13 8 -10 -11 11 -13 -14 -15
leaf_value=0.066326646880537909 0.045535588990278042 -0.049055493707161842 0.028794871181350008 -0.050832954887257475 0.055534589871824316 0.010138028939652044 0.0089940284134371606 -0.019654412106701852 0.050654633155739787 -0.058968558590593072 -0.023189168422577809 -0.057220700189845534 0.020948245013187448 -0.0099401522130683588
leaf_weight=1.0921221673488695 32.075918819755316 11.580723524093626 2.1217667907476416 5.8953121080994597 1.7367458194494236 1.6356193125247953 13.64421272277832 8.4617757201194745 2.3342126384377471 4.0116037726402274 11.953147180378433 2.2753783836960801 1.7288155704736716 12.891171209514141
leaf_count=6 272 135 10 80 8 14 79 72 16 28 119 27 14 78
internal_value=0.00157058 -0.0157619 -0.0370007 -0.0114607 -0.00818796 -0.0375909 -0.0100832 -0.0183118 -0.00445282 -0.025416 -0.0175214 -0.0232599 -0.0176121 -0.000204398
internal_weight=113.439 81.3626 13.7025 67.6601 60.1292 7.53093 58.3924 31.8571 10.796 21.0611 17.0495 15.9573 13.682 26.5354
internal_count=958 686 145 541 447 94 439 282 88 194 166 160 133 157
is_linear=0
shrinkage=0.05


Tree=40
num_leaves=15
num_cat=0
split_feature=14 106 28 3 62 164 94 111 153 171 151 16 158 6
split_gain=4.60078 3.04542 2.57686 2.16575 2.82168 2.53334 2.29918 2.10491 1.62504 3.61535 2.35749 2.13488 1.83885 1.5648
threshold=1.0000000180025095e-35 1.0000000180025095e-35 1.0000000180025095e-35 1.0000000180025095e-35 1.0000000180025095e-35 1.0000000180025095e-35 1.0000000180025095e-35 1.0000000180025095e-35 1.0000000180025095e-35 2.5000000000000004 1.0000000180025095e-35 1.0000000180025095e-35 1.0000000180025095e-35 1.0000000180025095e-35
decision_type=2 2 2 2 2 2 2 2 2 2 2 2 2 2
left_child=1 2 3 4 7 6 -5 8 9 11 13 -1 -12 -10
right_child=-2 -3 -4 5 -6 -7 -8 -9 10 -11 12 -13 -14 -15
leaf_value=0.038817814236039125 0.054664021835568004 0.026329625102511911 0.064826221479076893 -0.034285928203808456 0.052757547193076341 0.036232407236224014 0.020711719135512837 0.049293924887932272 0.0028867009523459788 -0.061720336256029233 0.029172260867804712 -0.0087161479968457904 -0.031227099323354664 -0.039250848235816739
leaf_weight=2.4873564653098574 3.695312686264514 8.6631464064121229 1.3185762017965306 14.414133965969091 2.2903796508908263 1.7488977834582318 2.1888900063931933 1.8374659419059742 6.5030664727091789 3.1318905092775813 10.311718139797447 46.921879980713129 1.4355831965804107 3.3321791179478168
leaf_count=16 33 54 9 137 12 14 14 12 57 39 79 435 13 33
internal_value=-0.000183799 -0.00208538 -0.00459925 -0.00554686 -0.00192132 -0.0210059 -0.0270352 -0.00357 -0.00488045 -0.00962533 0.0066706 -0.0063232 0.0217911 -0.0113895
internal_weight=110.28 106.585 97.922 96.6034 78.2515 18.3519 16.603 75.9611 74.1237 52.5411 21.5825 49.4092 11.7473 9.83525
internal_count=957 924 870 861 696 165 151 684 672 490 182 451 92 90
is_linear=0
shrinkage=0.05


Tree=41
num_leaves=15
num_cat=0
split_feature=29 158 106 171 153 171 109 16 72 62 172 166 154 3
split_gain=28.1529 2.01126 2.45786 1.78828 1.52787 4.54545 2.21284 2.24569 2.30914 2.5452 1.62515 1.57511 1.70334 1.93172
threshold=1.0000000180025095e-35 1.0000000180025095e-35 1.0000000180025095e-35 1.5000000000000002 1.0000000180025095e-35 2.5000000000000004 1.0000000180025095e-35 1.0000000180025095e-35 1.0000000180025095e-35 1.0000000180025095e-35 1.0000000180025095e-35 1.0000000180025095e-35 1.0000000180025095e-35 1.0000000180025095e-35
decision_type=2 2 2 2 2 2 2 2 2 2 2 2 2 2
left_child=1 4 -3 -2 5 6 7 -1 9 -9 -6 12 13 -10
right_child=3 2 -4 -5 10 -7 -8 8 11 -11 -12 -13 -14 -15
leaf_value=0.029690614570694995 0.028291128016130852 -0.054549979631697054 -0.012180736615386609 0.052204569434941228 -0.030822103033768269 -0.065277243131733428 0.040851067005335709 -0.034262762299282754 -0.0015116938263996793 0.042544635610516676 0.0058497064583165771 -0.057870190774682431 0.035224586317017859 -0.061549152340669294
leaf_weight=2.6800202243030062 15.708847094327213 6.7734328471124154 6.9198062270879745 15.563584581017492 3.6825408637523678 4.4330690279602996 1.8879697769880284 18.216128017753366 12.753700599074367 1.1464731842279423 16.820346247404814 1.3054040372371662 2.7404171824455252 1.4970645904541022
leaf_count=15 138 73 36 140 37 54 9 187 102 4 131 17 18 13
internal_value=-9.32324e-05 -0.0156743 -0.0331389 0.0401923 -0.0121136 -0.0171126 -0.0120562 -0.0145324 -0.0176795 -0.0297149 -0.000736948 -0.00494282 -0.000876495 -0.00781872
internal_weight=112.129 80.8564 13.6932 31.2724 67.1631 46.6602 42.2272 40.3392 37.6592 19.3626 20.5029 18.2966 16.9912 14.2508
internal_count=974 696 109 278 587 419 365 356 341 191 168 150 133 115
is_linear=0
shrinkage=0.05


Tree=42
num_leaves=15
num_cat=0
split_feature=29 154 21 177 40 16 21 176 168 164 172 6 172 112
split_gain=29.5679 2.50381 3.04609 2.46145 3.94865 2.41593 2.16173 3.41905 2.29784 2.17776 1.60208 1.37729 1.23187 1.16451
threshold=1.0000000180025095e-35 1.0000000180025095e-35 1.0000000180025095e-35 1.0000000180025095e-35 1.0000000180025095e-35 1.0000000180025095e-35 1.0000000180025095e-35 1.0000000180025095e-35 1.0000000180025095e-35 1.0000000180025095e-35 1.5000000000000002 1.0000000180025095e-35 1.0000000180025095e-35 1.0000000180025095e-35
decision_type=2 2 2 2 2 2 2 2 2 2 2 2 2 2
left_child=1 3 10 4 5 -1 13 8 9 11 12 -8 -3 -7
right_child=-2 2 -4 -5 -6 6 7 -9 -10 -11 -12 -13 -14 -15
leaf_value=0.044958217038638469 0.039748186254317641 -0.0032860847486460322 -0.057936206195454046 0.01604845212958907 -0.056047576326630467 -0.018321071877135157 -0.016395024461394979 -0.060690554968240121 0.041707059401224628 -0.062613558329063637 0.038953592919469544 0.051467741857536525 -0.061056315423215358 -0.056745170968444662
leaf_weight=1.7405555248260487 30.723652884364128 2.4901061914861184 7.8373189866542816 6.0924697890877715 5.9216759800910941 37.476648464798927 1.6428400501608813 1.6679781936109073 4.6415674760937691 1.3153714314103124 1.318073123693466 1.3721048086881638 1.4660677015781405 2.0813722014427176
leaf_count=9 282 17 101 29 86 307 15 18 23 11 9 6 17 26
internal_value=-0.00172668 -0.0182617 -0.038166 -0.014181 -0.017364 -0.0129536 -0.0149616 0.0050452 0.0172662 -0.0089313 -0.00878831 0.0144894 -0.0246944 -0.0203428
internal_weight=107.788 77.0641 13.1116 63.9526 57.8601 51.9384 50.1979 10.6399 8.97188 4.33032 5.27425 3.01494 3.95617 39.558
internal_count=956 674 144 530 501 415 406 73 55 32 43 21 34 333
is_linear=0
shrinkage=0.05


Tree=43
num_leaves=15
num_cat=0
split_feature=163 170 154 162 151 26 176 40 172 165 19 158 176 171
split_gain=28.4443 2.59337 2.25676 2.1758 2.58302 2.05652 3.12079 2.72258 2.43051 2.06028 1.71677 1.62863 1.10193 1.39226
threshold=1.0000000180025095e-35 1.0000000180025095e-35 1.0000000180025095e-35 1.0000000180025095e-35 1.0000000180025095e-35 1.0000000180025095e-35 1.0000000180025095e-35 1.0000000180025095e-35 1.5000000000000002 1.0000000180025095e-35 1.0000000180025095e-35 1.0000000180025095e-35 1.0000000180025095e-35 1.5000000000000002
decision_type=2 2 2 2 2 2 2 2 2 2 2 2 2 2
left_child=1 2 5 11 -5 9 7 8 -7 -1 -2 -3 -4 -14
right_child=10 3 12 4 -6 6 -8 -9 -10 -11 -12 -13 13 -15
leaf_value=-0.035144944858939084 0.036327221075825415 0.0070551676245221538 -0.057511136774195254 -0.058036066282807809 0.0091117588793335133 0.036427381355564573 -0.058823796900125472 -0.054586050596137442 -0.029044853329220816 -0.0090019566595584393 -0.0057015125922765314 0.06763293373527926 0.039176238730435152 -0.054877064861249415
leaf_weight=23.075749211013317 36.661150794476271 4.0012452080845815 6.7826586998999101 2.5218393839895725 3.3146665133535862 6.1311922967433894 1.9957692921161658 1.3880008421838281 1.8437683731317518 11.191157951951025 2.6021977663040152 1.5352335423231123 0.73509972542524316 0.84664872661232948
leaf_count=237 320 28 95 32 22 34 25 24 14 81 12 8 7 15
internal_value=-9.54335e-05 -0.0203012 -0.0248722 0.00139863 -0.0199015 -0.0204953 -0.0020577 0.0100423 0.0212905 -0.026607 0.0335417 0.023853 -0.0487472 -0.0111669
internal_weight=104.626 65.363 53.99 11.373 5.83651 45.6256 11.3587 9.36296 7.97496 34.2669 39.2633 5.53648 8.36441 1.58175
internal_count=954 622 532 90 54 415 97 72 48 318 332 36 117 22
is_linear=0
shrinkage=0.05


Tree=44
num_leaves=15
num_cat=0
split_feature=29 72 163 165 85 112 23 153 168 26 162 150 3 6
split_gain=25.4682 3.51959 3.1058 2.57131 1.8835 1.11329 1.16849 1.0632 1.00463 2.79575 2.05933 2.80187 0.881767 0.85207
threshold=1.0000000180025095e-35 1.0000000180025095e-35 1.0000000180025095e-35 1.0000000180025095e-35 1.0000000180025095e-35 1.0000000180025095e-35 1.0000000180025095e-35 1.0000000180025095e-35 1.0000000180025095e-35 1.0000000180025095e-35 1.0000000180025095e-35 1.0000000180025095e-35 1.0000000180025095e-35 1.0000000180025095e-35
decision_type=2 2 2 2 2 2 2 2 2 2 2 2 2 2
left_child=1 2 4 7 8 6 13 -4 10 -10 11 -1 -13 -3
right_child=-2 5 3 -5 -6 -7 -8 -9 9 -11 -12 12 -14 -15
leaf_value=-0.035484772872812452 0.041098572432081024 0.01304588813295029 0.0017615210259854788 -0.043246969532950236 0.019303348164511062 -0.031668796248353337 -0.036839953555089094 0.045477134788598696 -0.059559279287866487 0.010297447726949734 -0.056851402637418738 -0.0085610569882855741 0.048224369501734123 -0.0041750625855533812
leaf_weight=15.4709754511714 28.92081019282341 12.597862489521509 2.8716901838779441 1.9928491488099096 1.846319593489169 2.8954777456820002 1.9401191882789124 2.697214275598526 2.2220906540751448 4.0294832475483418 8.664225175976755 1.3877079375088206 1.3473983705043793 16.711060471832752
leaf_count=174 283 90 14 12 10 38 26 13 24 24 130 14 12 114
internal_value=0.00111631 -0.0139646 -0.0235631 0.00549283 -0.0298463 -0.0020088 0.000739436 0.0229345 -0.0325861 -0.0145328 -0.0367863 -0.0272374 0.0194132 0.00322702
internal_weight=105.595 76.6745 42.53 7.56175 34.9682 34.1445 31.249 5.5689 33.1219 6.25157 26.8703 18.2061 2.73511 29.3089
internal_count=978 695 427 39 388 268 230 27 378 48 330 200 26 204
is_linear=0
shrinkage=0.05


Tree=45
num_leaves=15
num_cat=0
split_feature=29 72 171 81 104 40 164 158 26 154 112 153 171 167
split_gain=21.1203 2.63951 2.61258 2.21294 1.6311 2.23938 1.257 1.25583 1.20873 5.27039 2.98602 1.07516 2.18862 2.4123
threshold=1.0000000180025095e-35 1.0000000180025095e-35 2.5000000000000004 1.0000000180025095e-35 1.0000000180025095e-35 1.0000000180025095e-35 1.0000000180025095e-35 1.0000000180025095e-35 1.0000000180025095e-35 1.0000000180025095e-35 1.0000000180025095e-35 1.0000000180025095e-35 1.0000000180025095e-35 1.0000000180025095e-35
decision_type=2 2 2 2 2 2 2 2 2 2 2 2 2 2
left_child=1 3 8 4 5 7 -4 11 10 -10 -3 12 13 -1
right_child=-2 2 6 -5 -6 -7 -8 -9 9 -11 -12 -13 -14 -15
leaf_value=-0.00015939211687723091 0.039425601432301283 0.0047571292653775903 -0.056728944799823322 0.025769953221962641 0.032175924395257759 -0.055848174781164529 0.010127960294125412 -0.057385861785222696 0.075810202491287559 -0.056118153526004105 -0.055644287948482175 -0.004230275550589158 -0.04250694853078666 -0.071617805994644082
leaf_weight=9.5554261803627014 28.633890852332115 27.298551768064502 2.8647916428744788 2.534525327384471 1.3194174244999874 4.9126533307135096 0.93168842047452916 2.0612383149564257 2.2644524946808806 1.137186046689749 2.2119532749056807 10.621192410588266 8.804602984338997 1.3476023077964789
leaf_count=98 291 177 39 20 8 87 8 27 11 18 32 79 85 12
internal_value=0.00270759 -0.010795 -0.0010474 -0.019489 -0.0224591 -0.0243916 -0.0403217 -0.0196205 0.00348297 0.0317058 0.000229755 -0.0170538 -0.0239649 -0.00899157
internal_weight=106.499 77.8653 36.7086 41.1567 38.6221 37.3027 3.79648 32.3901 32.9121 3.40164 29.5105 30.3288 19.7076 10.903
internal_count=992 701 285 416 396 388 47 301 238 29 209 274 195 110
is_linear=0
shrinkage=0.05


Tree=46
num_leaves=15
num_cat=0
split_feature=29 154 162 170 172 11 85 171 94 172 112 122 167 26
split_gain=25.2862 1.70681 1.63831 1.49005 6.12003 1.47958 2.38716 1.39753 2.27098 1.51228 1.38421 1.13217 1.25187 3.06399
threshold=1.0000000180025095e-35 1.0000000180025095e-35 1.5000000000000002 1.0000000180025095e-35 1.0000000180025095e-35 1.0000000180025095e-35 1.0000000180025095e-35 2.5000000000000004 1.0000000180025095e-35 1.5000000000000002 1.0000000180025095e-35 1.0000000180025095e-35 1.0000000180025095e-35 1.0000000180025095e-35
decision_type=2 2 2 2 2 2 2 2 2 2 2 2 2 2
left_child=1 2 5 -2 -5 6 10 8 9 -3 11 12 -1 -14
right_child=3 7 -4 4 -6 -7 -8 -9 -10 -11 -12 -13 13 -15
leaf_value=-0.020374378155235101 0.044809407942873657 -0.045161850148730372 0.021034798926372621 -0.093868563803418723 0.043600531818057557 -0.06171951274720372 0.051441101450397868 -0.066118609020827057 0.048607977537519803 0.026643852364570331 -0.055440809986772359 -0.062168081583405366 -0.015150764823927871 0.033096433185075567
leaf_weight=33.316376529633999 21.095460612326864 5.6910640224814397 2.9453914463520041 1.0328622013330448 3.7459008805453777 1.807153221219777 1.2913317680358876 2.9867342710494995 0.90488222986459721 0.84170024096965779 2.2841483652591696 1.2790744863450516 14.547444492578508 4.2526153996586791
leaf_count=326 222 85 19 12 40 19 5 44 5 8 34 14 95 26
internal_value=-0.00330749 -0.0185155 -0.015355 0.0390986 0.0138885 -0.0171785 -0.0157656 -0.0372288 -0.0256275 -0.0359102 -0.0173243 -0.0156938 -0.0145532 -0.00423714
internal_weight=98.0221 72.1479 61.7235 25.8742 4.77876 58.7781 56.971 10.4244 7.43765 6.53276 55.6797 53.3955 52.1164 18.8001
internal_count=954 680 538 274 52 519 500 142 98 93 495 461 447 121
is_linear=0
shrinkage=0.05


Tree=47
num_leaves=15
num_cat=0
split_feature=29 101 40 3 173 109 153 151 171 3 72 72 81 172
split_gain=18.7371 2.54049 2.24366 2.76063 2.008 1.84791 2.04143 3.49165 2.62093 2.41815 1.68811 1.47222 2.04143 1.88243
threshold=1.0000000180025095e-35 1.0000000180025095e-35 1.0000000180025095e-35 1.0000000180025095e-35 1.5000000000000002 1.0000000180025095e-35 1.0000000180025095e-35 1.0000000180025095e-35 2.5000000000000004 1.0000000180025095e-35 1.0000000180025095e-35 1.0000000180025095e-35 1.0000000180025095e-35 1.0000000180025095e-35
decision_type=2 2 2 2 2 2 2 2 2 2 2 2 2 2
left_child=1 2 4 -4 5 6 8 10 11 -9 -8 12 -1 -13
right_child=-2 -3 3 -5 -6 -7 7 9 -10 -11 -12 13 -14 -15
leaf_value=-0.026813607312317835 0.037508724629140691 0.061322582529656444 -0.051076622990939173 0.028504303625489766 -0.063111233312114184 0.039636389258368168 -0.0050650866446580638 0.051714684241148778 -0.059585157721171969 -0.0096830382357991768 -0.060701722150669969 0.01210389406695362 0.034748143150588877 -0.016148635008116297
leaf_weight=18.28380306810141 25.74768578261137 1.1667009592056263 6.6763035990297785 1.3023359775543211 1.7345998845994461 1.9264992997050274 6.9347346909344179 4.7885776087641707 3.1220486648380747 2.4111868366599083 1.6970297396183012 10.44627982378006 1.4537108130753029 13.534762069582939
leaf_count=197 280 7 113 15 17 10 59 22 43 17 16 83 11 94
internal_value=0.000677417 -0.0118867 -0.0130361 -0.0380868 -0.010023 -0.00859743 -0.0100801 0.00544196 -0.0153264 0.0311527 -0.0160034 -0.0121657 -0.0222795 -0.00384167
internal_weight=101.226 75.4786 74.3119 7.97864 66.3332 64.5986 62.6721 15.8315 46.8406 7.19976 8.63176 43.7186 19.7375 23.981
internal_count=984 704 697 128 569 552 542 114 428 39 75 385 208 177
is_linear=0
shrinkage=0.05


Tree=48
num_leaves=15
num_cat=0
split_feature=29 72 153 101 40 173 81 164 171 171 171 154 164 6
split_gain=19.8898 2.71229 2.26969 2.54146 2.74758 1.84993 1.95949 1.67948 1.61222 1.47085 1.35407 1.4392 1.33223 1.20303
threshold=1.0000000180025095e-35 1.0000000180025095e-35 1.0000000180025095e-35 1.0000000180025095e-35 1.0000000180025095e-35 1.0000000180025095e-35 1.0000000180025095e-35 1.0000000180025095e-35 2.5000000000000004 2.5000000000000004 1.5000000000000002 1.0000000180025095e-35 1.0000000180025095e-35 1.0000000180025095e-35
decision_type=2 2 2 2 2 2 2 2 2 2 2 2 2 2
left_child=1 2 5 4 7 6 13 8 -4 -3 11 -2 -11 -1
right_child=10 9 3 -5 -6 -7 -8 -9 -10 12 -12 -13 -14 -15
leaf_value=-0.021692825268619837 0.036589686303198331 0.0028403265371530827 -0.0026766371389641583 0.059703612629214767 -0.055755152945704968 -0.053299190425728088 0.026320134419261051 -0.036004024011951775 0.0451934953145866 -0.055759961138050755 0.0534376891163044 -0.012410100252512921 0.01982005395031837 -0.062940910320512702
leaf_weight=13.485972076654436 11.052245989441872 31.599751215428114 7.9797057062387449 1.3732517957687385 2.8402890637516984 6.0383468009531489 1.930131126195193 2.7711300551891318 2.2561714872717857 2.0701989196240898 11.790716581046579 1.7336126342415816 0.81164171174168576 2.0343666598200807
leaf_count=141 119 231 69 8 53 90 13 21 10 32 136 20 7 20
internal_value=0.00216692 -0.0105965 -0.0193363 -0.00554796 -0.0112024 -0.0294451 -0.021191 -0.00147354 0.0078748 -0.00027823 0.0412162 0.0299459 -0.0344736 -0.0270995
internal_weight=99.7675 75.191 40.7094 17.2205 15.8473 23.4888 17.4505 13.007 10.2359 34.4816 24.5766 12.7859 2.88184 15.5203
internal_count=970 695 425 161 153 264 174 100 79 270 275 139 39 161
is_linear=0
shrinkage=0.05


Tree=49
num_leaves=15
num_cat=0
split_feature=29 40 172 154 99 154 16 81 170 171 136 171 158 172
split_gain=15.0122 1.98406 2.43891 3.27038 1.69193 1.48036 1.74671 1.72304 2.02748 1.21761 1.18256 1.04315 1.14824 0.980856
threshold=1.0000000180025095e-35 1.0000000180025095e-35 1.5000000000000002 1.0000000180025095e-35 1.0000000180025095e-35 1.0000000180025095e-35 1.0000000180025095e-35 1.0000000180025095e-35 1.0000000180025095e-35 1.5000000000000002 1.0000000180025095e-35 3.5000000000000004 1.0000000180025095e-35 1.0000000180025095e-35
decision_type=2 2 2 2 2 2 2 2 2 2 2 2 2 2
left_child=1 4 -3 -4 -1 6 -6 8 -7 -2 11 12 -8 -14
right_child=9 2 3 -5 5 7 10 -9 -10 -11 -12 -13 13 -15
leaf_value=-0.055424513141628134 0.02410080628496139 -0.051950714573191149 -0.039427649026381496 0.08048246752762428 0.038680628743764767 -0.051614966950256337 -0.0088177981510765956 0.020008299268746796 0.010598233831944736 0.046547493332576996 -0.03872424104790239 0.042349579578462838 0.040956745885277951 0.0023219621412590395
leaf_weight=1.8178028985857952 12.851618006825449 5.688869856297968 1.4254463389515879 0.94599447399377812 2.3601194396615019 5.3397017605602723 37.314615529030561 1.6772959083318708 1.7351244650781152 11.401094172149895 2.5182475596666327 1.2053160071372975 2.0569762736558905 8.1592006310820562
leaf_count=29 143 104 17 8 12 77 323 14 14 139 19 6 16 47
internal_value=0.000615431 -0.010811 -0.0341931 0.00840585 -0.00787469 -0.00648875 -0.00337636 -0.0255549 -0.036357 0.0346529 -0.00531297 -0.00358658 -0.00475145 0.0101009
internal_weight=96.4974 72.2447 8.06031 2.37144 64.1844 62.3666 53.6145 8.75212 7.07483 24.2527 51.2544 48.7361 47.5308 10.2162
internal_count=968 686 129 25 557 528 423 105 91 282 411 392 386 63
is_linear=0
shrinkage=0.05


Tree=50
num_leaves=15
num_cat=0
split_feature=29 122 72 40 3 162 158 171 150 40 21 112 171 162
split_gain=13.5575 1.99044 1.93373 3.1489 1.61357 1.93226 1.47463 1.92455 1.71659 1.35326 2.2093 1.38048 1.21223 1.23728
threshold=1.0000000180025095e-35 1.0000000180025095e-35 1.0000000180025095e-35 1.0000000180025095e-35 1.0000000180025095e-35 1.0000000180025095e-35 1.0000000180025095e-35 2.5000000000000004 1.0000000180025095e-35 1.0000000180025095e-35 1.0000000180025095e-35 1.0000000180025095e-35 1.5000000000000002 1.5000000000000002
decision_type=2 2 2 2 2 2 2 2 2 2 2 2 2 2
left_child=1 2 3 4 5 -1 7 9 -8 10 11 -4 13 -2
right_child=12 -3 6 -5 -6 -7 8 -9 -10 -11 -12 -13 -14 -15
leaf_value=-0.014796669351598566 0.033388997550485681 -0.062900636610975391 -0.0057379156850107284 -0.052988589144331438 -0.035327431385333591 0.012199955912679335 0.055944570483631051 -0.05557125715981745 0.0058944513731624812 0.039551456151563136 0.048021861134838424 -0.055351115899750863 0.046461953453963138 -0.0017228835537423774
leaf_weight=18.003496613353494 9.4688174761831778 1.649012342095374 16.163544066250338 4.7516269050538531 5.1268041543662539 10.489986963570116 2.3362869657576102 1.7299569286406029 6.4231060594320297 1.8987186774611462 1.8054055385291565 1.535265952348708 11.416160605847834 3.4134690128266802
leaf_count=198 108 19 113 90 48 71 16 28 35 22 16 23 144 38
internal_value=0.002309 -0.00860117 -0.00732683 -0.0148888 -0.00950412 -0.00485776 0.00177158 -0.00484434 0.0192437 -0.000744184 -0.00466693 -0.0100416 0.0345985 0.0240853
internal_weight=96.2117 71.9132 70.2642 38.3719 33.6203 28.4935 31.8923 23.1329 8.75939 21.4029 19.5042 17.6988 24.2984 12.8823
internal_count=969 679 660 407 317 269 253 202 51 174 152 136 290 146
is_linear=0
shrinkage=0.05


Tree=51
num_leaves=15
num_cat=0
split_feature=29 106 158 59 99 171 162 153 6 150 40 162 170 171
split_gain=12.6089 1.64405 3.959 1.4557 1.24497 1.19102 1.85173 3.43113 1.03849 2.35004 3.99015 1.6941 3.56659 1.49391
threshold=1.0000000180025095e-35 1.0000000180025095e-35 1.0000000180025095e-35 1.0000000180025095e-35 1.0000000180025095e-35 1.5000000000000002 1.5000000000000002 1.0000000180025095e-35 1.0000000180025095e-35 1.0000000180025095e-35 1.0000000180025095e-35 1.0000000180025095e-35 1.0000000180025095e-35 3.5000000000000004
decision_type=2 2 2 2 2 2 2 2 2 2 2 2 2 2
left_child=1 2 3 4 -1 6 -2 -8 9 10 11 -6 -13 -10
right_child=5 -3 -4 -5 8 -7 7 -9 13 -11 -12 12 -14 -15
leaf_value=-0.054702109837000017 0.033209322719420668 0.012320612709080112 -0.055593621921905027 -0.063865889430504447 -0.0089079600219837095 0.045582396591510116 -0.057868813858905722 0.053550346860480338 -0.01971408561816403 0.046940847708756395 -0.06107676987823716 0.025965370125805194 -0.049779281984000112 0.036619160489173908
leaf_weight=1.3770118057727803 9.4434815458953398 7.4993672519922248 4.9040756449103347 1.1782137900590886 19.883417353034019 10.277642693370579 1.7035251520574084 1.1624809950590134 17.976285018026832 2.3259425573050967 2.9050312079489222 10.458396032452582 1.8253951519727696 1.2593380473554123
leaf_count=25 111 37 64 11 212 135 20 13 168 21 64 64 13 8
internal_value=0.000445957 -0.0098301 -0.0124219 -0.00884493 -0.00772744 0.0330171 0.0225259 -0.0126761 -0.00658529 -0.00172949 -0.00495724 0.000110938 0.0147096 -0.016026
internal_weight=94.1796 71.5925 64.0931 59.189 58.0108 22.5871 12.3095 2.86601 56.6338 37.3982 35.0722 32.1672 12.2838 19.2356
internal_count=966 687 650 586 575 279 144 33 550 374 353 289 77 176
is_linear=0
shrinkage=0.05


Tree=52
num_leaves=15
num_cat=0
split_feature=163 38 109 62 23 172 94 165 173 176 148 162 111 106
split_gain=11.7016 3.92635 2.94491 2.35372 1.78617 1.32099 1.54818 1.67224 1.53868 1.42928 1.62809 1.18724 0.962017 0.888837
threshold=1.0000000180025095e-35 1.0000000180025095e-35 1.0000000180025095e-35 1.0000000180025095e-35 1.0000000180025095e-35 1.5000000000000002 1.0000000180025095e-35 1.0000000180025095e-35 1.0000000180025095e-35 1.0000000180025095e-35 1.0000000180025095e-35 1.5000000000000002 1.0000000180025095e-35 1.0000000180025095e-35
decision_type=2 2 2 2 2 2 2 2 2 2 2 2 2 2
left_child=2 4 3 5 13 9 7 -7 -9 10 11 -1 -11 -2
right_child=1 -3 -4 -5 -6 6 -8 8 -10 12 -12 -13 -14 -15
leaf_value=-0.024463013951435256 0.017628231696633544 -0.045876728146819021 0.045226154322633078 0.041305412822043683 0.053807442522167404 0.016933724503838076 0.035700299983989478 -0.013097961843723869 -0.060133008732907195 -0.05691684442232578 0.046078775469957971 0.023968410610225161 -0.0076840716213064019 0.053027387071010026
leaf_weight=34.005424194037914 20.541981410235177 2.0003987774252883 1.8646208196878422 1.5955770164728154 4.9696306735277167 3.3662516623735383 1.8208924159407622 7.5726851671934128 2.2570256404578686 4.9319867398589841 0.88293511420488258 1.3142948336899269 1.2421308159828184 1.9408147633075703
leaf_count=403 214 16 11 6 65 32 9 49 29 74 4 12 8 25
internal_value=-0.00411867 0.0217523 -0.01664 -0.0185956 0.0266803 -0.0202609 -0.00751815 -0.0134818 -0.0238978 -0.0247765 -0.0209843 -0.0226608 -0.047012 0.020684
internal_weight=90.3067 29.4528 60.8538 58.9892 27.4524 57.3936 15.0169 13.196 9.82971 42.3768 36.2027 35.3197 6.17412 22.4828
internal_count=957 320 637 626 304 620 119 110 78 501 419 415 82 239
is_linear=0
shrinkage=0.05


Tree=53
num_leaves=15
num_cat=0
split_feature=163 38 112 23 152 154 72 23 72 172 16 158 40 173
split_gain=7.28628 1.75077 1.68976 1.3849 1.37292 1.26502 1.36201 1.08324 0.96983 1.61495 2.68112 1.45009 1.3299 1.54583
threshold=1.0000000180025095e-35 1.0000000180025095e-35 1.0000000180025095e-35 1.0000000180025095e-35 1.0000000180025095e-35 1.0000000180025095e-35 1.0000000180025095e-35 1.0000000180025095e-35 1.0000000180025095e-35 1.0000000180025095e-35 1.0000000180025095e-35 1.0000000180025095e-35 1.0000000180025095e-35 1.0000000180025095e-35
decision_type=2 2 2 2 2 2 2 2 2 2 2 2 2 2
left_child=2 3 4 5 7 -2 -7 8 9 10 -1 12 13 -11
right_child=1 -3 -4 -5 -6 6 -8 -9 -10 11 -12 -13 -14 -15
leaf_value=0.044446797732660553 0.025875935518614786 -0.019800574975883396 -0.054703312615608381 0.049002564546663741 -0.057955047933900196 -0.029921526592118015 0.029730075972174488 -0.029453941777228834 0.0025654995293523022 -0.007379994526281828 -0.03113973866397908 -0.057334536349423773 -0.028911127122404637 0.032214742544054452
leaf_weight=1.306295096874236 17.441224195063125 2.2991149574518195 1.9077900387346733 5.1344388201832762 1.2886942122131575 2.3320837877690783 1.6228066124022009 4.4655728042125693 28.301156546920538 4.5591216720640606 11.513390090316536 0.96897540614008981 2.2035009078681478 5.3668591044843197
leaf_count=8 194 16 32 69 17 20 20 79 204 36 168 13 38 44
internal_value=0.00129424 0.0220555 -0.00837813 0.0256827 -0.0069045 0.0200866 -0.00544474 -0.00578345 -0.00383392 -0.0108217 -0.0234377 0.00152569 0.0062278 0.0140284
internal_weight=90.711 28.8297 61.8814 26.5306 59.9736 21.3961 3.95489 58.6849 54.2193 25.9181 12.8197 13.0985 12.1295 9.92598
internal_count=958 319 639 303 607 234 40 590 511 307 176 131 118 80
is_linear=0
shrinkage=0.05


Tree=54
num_leaves=15
num_cat=0
split_feature=177 176 94 166 150 6 38 16 170 19 168 62 72 13
split_gain=11.3037 3.69658 1.96469 2.83242 2.01426 3.72074 1.89834 1.87448 1.55496 1.5753 1.53933 1.45952 1.55824 1.44278
threshold=1.0000000180025095e-35 1.0000000180025095e-35 1.0000000180025095e-35 1.0000000180025095e-35 1.0000000180025095e-35 1.0000000180025095e-35 1.0000000180025095e-35 1.0000000180025095e-35 3.5000000000000004 1.0000000180025095e-35 1.0000000180025095e-35 1.0000000180025095e-35 1.0000000180025095e-35 1.0000000180025095e-35
decision_type=2 2 2 2 2 2 2 2 2 2 2 2 2 2
left_child=1 2 3 4 5 7 8 -1 9 -2 -6 12 -9 -3
right_child=6 13 -4 -5 10 -7 -8 11 -10 -11 -12 -13 -14 -15
leaf_value=0.051583067033414802 0.037008193368840772 -0.049054031617161174 0.028084493254667404 -0.045981546686974392 -0.043444756180166369 0.08565859213073368 -0.014633847198867157 -0.018716856879766 -0.036904599180704788 -0.0047410672303760627 -0.0082146973492170285 0.045344960595934555 0.0066926258044423597 0.015413740434834001
leaf_weight=1.5973195433616698 23.635973807424318 7.4459806717932207 3.9484053552150717 4.5822352543473235 4.7266290038824055 1.298306219279765 2.5026427805423728 13.197232492268089 0.82007063180208106 2.4982850551605216 9.0129487700760365 1.403183415532111 11.115767262876034 0.98237199336290348
leaf_count=10 290 101 22 79 53 11 17 187 9 12 55 5 94 13
internal_value=0.00170445 -0.0108698 -0.00578946 -0.00863918 -0.0045989 0.00295738 0.0270222 -0.000973698 0.0308899 0.0330172 -0.0203344 -0.00423818 -0.00709978 -0.0415399
internal_weight=88.7674 59.3104 50.882 46.9336 42.3514 28.6118 29.457 27.3135 26.9543 26.1343 13.7396 25.7162 24.313 8.42835
internal_count=958 630 516 494 415 307 328 296 311 302 108 286 281 114
is_linear=0
shrinkage=0.05


Tree=55
num_leaves=15
num_cat=0
split_feature=29 109 81 136 122 99 76 166 170 172 16 154 94 40
split_gain=11.6785 2.98647 1.75587 1.29274 1.1844 1.06404 0.943499 0.932229 1.17902 2.83848 0.878357 1.14376 1.92988 2.14318
threshold=1.0000000180025095e-35 1.0000000180025095e-35 1.0000000180025095e-35 1.0000000180025095e-35 1.0000000180025095e-35 1.0000000180025095e-35 1.0000000180025095e-35 1.0000000180025095e-35 1.0000000180025095e-35 1.0000000180025095e-35 1.0000000180025095e-35 1.0000000180025095e-35 1.0000000180025095e-35 1.0000000180025095e-35
decision_type=2 2 2 2 2 2 2 2 2 2 2 2 2 2
left_child=1 2 3 4 5 -1 10 8 -2 -10 -7 -12 13 -13
right_child=7 -3 -4 -5 -6 6 -8 -9 9 -11 11 12 -14 -15
leaf_value=-0.054191399386167599 0.034397195010069763 0.056018195870867704 0.012709289760008161 -0.058910383660784493 -0.064634436032439888 0.016500382943488111 -0.056799168180452525 0.052594804233129504 -0.075393589698141791 0.032844114135657777 -0.0081235214114922655 -0.057783073443701309 0.016458297828117519 0.028111470367253713
leaf_weight=1.4301252365112294 12.361821398139002 1.7044036537408818 6.9812628105282775 1.5467181243002404 1.0730181448161591 3.045100860297679 1.0793611519038666 5.0381879135966292 0.88809539750218336 1.9049906246364114 44.06029637157917 4.5957091134041539 1.7251418456435201 0.86251338385045517
leaf_count=29 167 10 48 17 13 20 17 77 11 26 423 74 9 19
internal_value=0.000567822 -0.00933384 -0.0110114 -0.0137984 -0.0125927 -0.0116095 -0.0105097 0.0339624 0.0277681 -0.00157137 -0.00958936 -0.0111397 -0.02964 -0.0442099
internal_weight=88.2967 68.1037 66.3992 59.418 57.8713 56.7982 55.3681 20.1931 15.1549 2.79309 54.2888 51.2437 7.18336 5.45822
internal_count=960 679 669 621 604 591 562 281 204 37 545 525 102 93
is_linear=0
shrinkage=0.05


Tree=56
num_leaves=15
num_cat=0
split_feature=29 53 167 170 3 153 162 148 171 171 175 163 154 158
split_gain=13.5768 1.8481 1.73 3.71406 3.01955 2.0596 2.02582 2.08063 1.90011 1.74938 2.33389 1.524 1.42603 1.20972
threshold=1.0000000180025095e-35 1.0000000180025095e-35 1.0000000180025095e-35 1.0000000180025095e-35 1.0000000180025095e-35 1.0000000180025095e-35 1.0000000180025095e-35 1.0000000180025095e-35 1.5000000000000002 1.0000000180025095e-35 1.0000000180025095e-35 1.0000000180025095e-35 1.0000000180025095e-35 1.0000000180025095e-35
decision_type=2 2 2 2 2 2 2 2 2 2 2 2 2 2
left_child=2 -2 6 5 -5 -4 7 8 13 11 -11 12 -8 -1
right_child=1 -3 3 4 -6 -7 9 -9 -10 10 -12 -13 -14 -15
leaf_value=-0.018477201898885111 0.03739371592850628 -0.038563223677172707 0.0037410122102779515 -0.065865379738632657 0.0041400265841829891 0.05836554352028004 -0.020774935774319006 0.047534019404602425 -0.058603969879732466 -0.025476306919302218 0.04738354524175082 0.044701625856489784 0.04144614656914903 -0.060688641962455075
leaf_weight=13.989890899509195 19.611777391284708 0.8349045179784288 16.460223363712437 3.5091086141765109 2.7455105222761631 1.927729196846484 3.4004840441048172 0.85301661491393943 5.1242018621414891 11.088533969596025 1.2200501803308732 2.4619221091270447 1.2628356032073496 1.9316756613552577
leaf_count=158 277 12 129 35 18 12 34 4 76 157 6 11 8 22
internal_value=-0.00130667 0.0342921 -0.0123393 -0.00185335 -0.035136 0.00946766 -0.018591 -0.0290188 -0.0321216 -0.00684054 -0.0182543 0.0128763 -0.00392535 -0.0235985
internal_weight=86.4219 20.4467 65.9752 24.6426 6.25462 18.388 41.3326 21.8988 21.0458 19.4338 12.3086 7.12524 4.66332 15.9216
internal_count=959 289 670 194 53 141 476 260 256 216 163 53 42 180
is_linear=0
shrinkage=0.05


Tree=57
num_leaves=15
num_cat=0
split_feature=29 101 132 40 13 125 162 106 150 11 6 176 163 170
split_gain=8.98689 2.38103 2.08218 1.66129 2.71485 1.5252 1.56055 1.21436 1.58044 1.46294 1.70312 3.02602 1.40514 1.39163
threshold=1.0000000180025095e-35 1.0000000180025095e-35 1.0000000180025095e-35 1.0000000180025095e-35 1.0000000180025095e-35 1.0000000180025095e-35 1.5000000000000002 1.0000000180025095e-35 1.0000000180025095e-35 1.0000000180025095e-35 1.0000000180025095e-35 1.0000000180025095e-35 1.0000000180025095e-35 1.0000000180025095e-35
decision_type=2 2 2 2 2 2 2 2 2 2 2 2 2 2
left_child=1 3 -2 5 -5 6 7 8 9 10 12 -12 -1 -10
right_child=2 -3 -4 4 -6 -7 -8 -9 13 -11 11 -13 -14 -15
leaf_value=-0.010633882117283042 0.033933033579014171 0.058782634065680552 -0.052652787131089722 -0.04890754780945511 0.037759105855822477 -0.063323392904181125 0.045088360405563875 0.01292858652238188 -0.034105720079043632 -0.05766335021505007 0.068757507349244906 -0.020233338783294901 0.02076144306889768 0.0043776961939078511
leaf_weight=27.630847956985239 18.247582241892818 1.2944748438894738 0.72179324179887672 5.2551559247076503 1.0912513956427572 1.1813932061195362 1.4607539921998967 6.5812008380889884 9.8706947043538076 1.2565934397280205 2.1168894097208968 1.7408051118254664 4.0917068719863883 3.0829016119241706
leaf_count=302 268 8 10 108 12 11 8 32 103 18 13 17 18 23
internal_value=0.000273947 -0.00836753 0.0306384 -0.00969745 -0.0340054 -0.00708335 -0.00593449 -0.00725664 -0.00992468 -0.00464218 -0.00276962 0.0285999 -0.00658438 -0.0249468
internal_weight=85.624 66.6547 18.9694 65.3602 6.34641 59.0138 57.8324 56.3716 49.7904 36.8368 35.5802 3.85769 31.7226 12.9536
internal_count=951 673 278 665 120 545 534 526 494 368 350 30 320 126
is_linear=0
shrinkage=0.05


Tree=58
num_leaves=15
num_cat=0
split_feature=29 38 132 53 124 177 136 53 87 76 99 75 21 132
split_gain=9.48464 2.5666 2.4959 2.55199 1.95893 1.63076 1.37375 1.31639 1.18299 1.21266 1.22622 1.17238 0.849445 0.775516
threshold=1.0000000180025095e-35 1.0000000180025095e-35 1.0000000180025095e-35 1.0000000180025095e-35 1.0000000180025095e-35 1.0000000180025095e-35 1.0000000180025095e-35 1.0000000180025095e-35 1.0000000180025095e-35 1.0000000180025095e-35 1.0000000180025095e-35 1.0000000180025095e-35 1.0000000180025095e-35 1.0000000180025095e-35
decision_type=2 2 2 2 2 2 2 2 2 2 2 2 2 2
left_child=1 4 3 12 5 6 7 8 9 10 -1 13 -2 -12
right_child=2 -3 -4 -5 -6 -7 -8 -9 -10 -11 11 -13 -14 -15
leaf_value=-0.053789888484720265 0.03031814765198761 -0.071879244056996111 -0.062827064439007846 -0.058311186501206605 0.059488887013193471 0.018897174988704055 -0.042933135042394148 -0.058029396988006555 -0.060004881315757375 -0.056064914232835994 -0.0029201807335949297 -0.05812607900316076 0.052332226087296846 0.034646763192275665
leaf_weight=1.2130751144140948 10.048411563038835 1.4981605857610691 0.65794287621974845 0.6866854690015306 1.133039355278014 5.5902709066867819 2.9000452607870093 1.2631163485348214 1.0081024430692185 1.1501993685960759 46.231490483507514 0.94222336634993453 7.7707798294723025 1.4158594459295262
leaf_count=27 138 13 9 10 6 27 25 16 13 20 495 14 129 12
internal_value=0.00199426 -0.00720165 0.032871 0.0362733 -0.00565986 -0.00685595 -0.0094211 -0.00759512 -0.00636911 -0.00530793 -0.00413569 -0.00289604 0.0399183 -0.00180386
internal_weight=83.5094 64.3456 19.1638 18.5059 62.8474 61.7144 56.1241 53.2241 51.961 50.9528 49.8026 48.5896 17.8192 47.6473
internal_count=954 668 286 277 655 649 622 597 581 568 548 521 267 507
is_linear=0
shrinkage=0.05


Tree=59
num_leaves=15
num_cat=0
split_feature=29 38 26 148 170 170 172 162 153 74 23 170 16 19
split_gain=6.48827 2.734 2.18134 1.8835 1.39409 1.33263 1.87978 1.84731 3.0716 1.26886 1.40187 1.97973 1.89281 1.29094
threshold=1.0000000180025095e-35 1.0000000180025095e-35 1.0000000180025095e-35 1.0000000180025095e-35 1.5000000000000002 1.0000000180025095e-35 1.0000000180025095e-35 1.5000000000000002 1.0000000180025095e-35 1.0000000180025095e-35 1.0000000180025095e-35 1.0000000180025095e-35 1.0000000180025095e-35 1.0000000180025095e-35
decision_type=2 2 2 2 2 2 2 2 2 2 2 2 2 2
left_child=1 3 5 4 9 7 -7 -2 -9 10 12 -12 -1 -14
right_child=2 -3 -4 -5 -6 6 -8 8 -10 -11 11 -13 13 -15
leaf_value=0.034153801240564996 0.034804379304326054 -0.0698325070505839 0.04700476894548683 -0.046652351422794176 0.028094954985541477 -0.062052743374139886 0.023147632858460315 -0.069480982078152259 0.052612911969934666 0.050138485259941981 -0.055481391361639078 0.033187245053189027 -0.0057336349584594659 -0.053569366745040661
leaf_weight=2.9402396455407134 6.4276301003992575 1.7226389609277237 7.3617588859051457 2.7246020212769499 3.1752326712012282 1.2960576042532914 1.2934926450252531 1.2454406917095187 0.87848077714443196 0.99110263213515182 2.9407452382147308 0.80097574368119229 48.051067501306534 1.4530474990606297
leaf_count=18 95 15 128 25 19 13 19 17 13 11 68 10 507 8
internal_value=-0.000228748 -0.00768531 0.0258852 -0.00598806 -0.00415228 0.0119299 -0.0194948 0.0214458 -0.0189814 -0.00594307 -0.00693233 -0.0365004 -0.00482275 -0.00713771
internal_weight=83.3025 64.7997 18.5029 63.077 60.3524 11.1411 2.58955 8.55155 2.12392 57.1772 56.1861 3.74172 52.4444 49.5041
internal_count=966 681 285 666 641 157 32 125 30 622 611 78 533 515
is_linear=0
shrinkage=0.05


Tree=60
num_leaves=15
num_cat=0
split_feature=163 19 62 170 38 53 112 154 94 40 172 40 3 172
split_gain=5.21476 2.65404 2.10298 2.03596 1.66206 1.65994 1.55192 1.358 4.46011 1.48836 2.81494 1.46 1.81071 1.20235
threshold=1.0000000180025095e-35 1.0000000180025095e-35 1.0000000180025095e-35 3.5000000000000004 1.0000000180025095e-35 1.0000000180025095e-35 1.0000000180025095e-35 1.0000000180025095e-35 1.0000000180025095e-35 1.0000000180025095e-35 1.5000000000000002 1.0000000180025095e-35 1.0000000180025095e-35 1.0000000180025095e-35
decision_type=2 2 2 2 2 2 2 2 2 2 2 2 2 2
left_child=2 3 6 4 5 -2 7 11 9 -9 -11 13 -13 -1
right_child=1 -3 -4 -5 -6 -7 -8 8 -10 10 -12 12 -14 -15
leaf_value=0.008183599205757985 0.033625464068740035 -0.039689892251702497 0.052378871301916929 -0.064365488571103746 -0.015173141890802631 -0.038439125513469757 -0.0543925126197689 -0.056403126896058135 0.071636187005911692 -0.052448333129543716 0.10783675554813106 -0.053877908605023672 0.030470991144170619 -0.0090169953546684039
leaf_weight=16.936129361391068 19.833338405936971 1.7650258317589749 1.4102732688188542 0.63584672287106414 2.1808372698724261 0.8326251320540895 1.8565133772790421 4.8840839285403481 0.96248003840446461 0.7493158448487518 0.43174877762794495 2.8467675577849145 0.81938699632883061 25.392057303339243
leaf_count=184 288 10 5 8 17 11 33 92 5 23 5 66 10 193
internal_value=0.000560172 0.0194406 -0.00790842 0.023885 0.0263411 0.030722 -0.00945769 -0.00788434 -0.0283554 -0.0442231 0.00614532 -0.0047565 -0.0350259 -0.00213478
internal_weight=81.5364 25.2477 56.2888 23.4826 22.8468 20.666 54.8785 53.022 7.02763 6.06515 1.18106 45.9943 3.66615 42.3282
internal_count=950 334 616 324 316 299 611 578 125 120 28 453 76 377
is_linear=0
shrinkage=0.05


Tree=61
num_leaves=15
num_cat=0
split_feature=29 92 112 171 94 125 62 72 40 158 168 26 171 151
split_gain=7.95727 2.5336 1.47392 1.64259 1.45716 1.68783 1.19811 1.16814 1.65547 1.18893 1.24625 1.68722 1.33697 1.6787
threshold=1.0000000180025095e-35 1.0000000180025095e-35 1.0000000180025095e-35 2.5000000000000004 1.0000000180025095e-35 1.0000000180025095e-35 1.0000000180025095e-35 1.0000000180025095e-35 1.0000000180025095e-35 1.0000000180025095e-35 1.0000000180025095e-35 1.0000000180025095e-35 1.5000000000000002 1.0000000180025095e-35
decision_type=2 2 2 2 2 2 2 2 2 2 2 2 2 2
left_child=1 2 3 6 5 -5 7 8 9 10 12 -12 -1 -14
right_child=-2 -3 -4 4 -6 -7 -8 -9 -10 -11 11 -13 13 -15
leaf_value=0.0053650412070331546 0.033423538585259115 0.056682414536655436 -0.05411843824300782 -0.050142390083005528 0.019077888031233507 0.033393243903193703 0.042927793904062213 0.0029290354296667678 -0.05291456570969913 -0.05535155042236526 -0.064901208547897771 0.0044477309511687258 -0.059230021361341638 0.0033358928906132429
leaf_weight=16.717608042061343 15.946176119148729 1.5784009620547284 1.6475759707391251 4.9852473381906739 1.27853680960834 0.68814720213413227 1.3628869205713261 26.829242844134569 2.2380865365266791 1.2653609104454506 1.9143753163516513 1.6186330243945122 2.0109906662255517 2.296340100467205
leaf_count=181 259 9 31 81 11 5 5 199 64 23 21 10 28 22
internal_value=0.00170552 -0.00590806 -0.0074314 -0.00621441 -0.0291431 -0.04001 -0.00338083 -0.00453063 -0.0116628 -0.00808749 -0.00565218 -0.0331293 -0.00103496 -0.0258746
internal_weight=82.3776 66.4314 64.853 63.2055 6.95193 5.67339 56.2535 54.8906 28.0614 25.8233 24.5579 3.53301 21.0249 4.30733
internal_count=949 690 681 650 97 86 553 548 349 285 262 31 231 50
is_linear=0
shrinkage=0.05


Tree=62
num_leaves=15
num_cat=0
split_feature=29 175 48 171 109 112 78 106 136 72 40 153 167 150
split_gain=4.43835 1.88802 1.74231 1.73749 1.62118 1.51837 2.11824 1.28503 1.25423 1.41379 1.67598 2.27257 1.69022 1.67973
threshold=1.0000000180025095e-35 1.0000000180025095e-35 1.0000000180025095e-35 1.5000000000000002 1.0000000180025095e-35 1.0000000180025095e-35 1.0000000180025095e-35 1.0000000180025095e-35 1.0000000180025095e-35 1.0000000180025095e-35 1.0000000180025095e-35 1.0000000180025095e-35 1.0000000180025095e-35 1.0000000180025095e-35
decision_type=2 2 2 2 2 2 2 2 2 2 2 2 2 2
left_child=1 2 4 7 5 6 8 -2 9 10 11 13 -13 -1
right_child=3 -3 -4 -5 -6 -7 -8 -9 -10 -11 -12 12 -14 -15
leaf_value=-0.01628414286183201 0.0010260054945571437 0.056519224869955378 0.054341489835513214 0.041399588452733421 0.036651467468213773 -0.053934229835169878 0.060783346708615585 0.052182236491095185 -0.057902829475479346 0.00073261743897186425 -0.048316098587092168 -0.0004456334546062594 0.059891825618560969 -0.062109220315068436
leaf_weight=16.138357939198617 8.0658974461257458 1.1805386748164881 1.1257277876138676 7.1750282794237128 1.9321403726935376 1.8941553272306908 1.0843731462955464 1.4479774497449405 1.3215510435402382 23.397705622017384 3.4563643131405106 8.9206359870731831 1.3342790231108672 2.2825731243938199
leaf_count=194 118 6 5 136 10 37 8 25 16 192 86 82 6 29
internal_value=-0.000144468 -0.00612696 -0.00730296 0.0228222 -0.00842654 -0.00988229 -0.00844205 0.0088118 -0.00976244 -0.00861675 -0.0154247 -0.0114602 0.00740494 -0.0219624
internal_weight=80.7573 64.0684 62.8879 16.6889 61.7621 59.83 57.9358 9.51387 56.8515 55.5299 32.1322 28.6758 10.2549 18.4209
internal_count=950 671 665 279 660 650 613 143 605 589 397 311 88 223
is_linear=0
shrinkage=0.05


Tree=63
num_leaves=15
num_cat=0
split_feature=122 170 162 106 14 40 170 3 106 162 170 151 3 162
split_gain=4.01583 3.09905 2.16045 1.38318 1.35481 1.62285 1.48924 1.65525 1.63539 1.85768 1.59911 1.49845 1.27219 2.00911
threshold=1.0000000180025095e-35 3.5000000000000004 1.0000000180025095e-35 1.0000000180025095e-35 1.0000000180025095e-35 1.0000000180025095e-35 1.0000000180025095e-35 1.0000000180025095e-35 1.0000000180025095e-35 1.5000000000000002 1.5000000000000002 1.0000000180025095e-35 1.0000000180025095e-35 1.5000000000000002
decision_type=2 2 2 2 2 2 2 2 2 2 2 2 2 2
left_child=1 2 3 -1 5 6 7 -4 9 -9 11 -8 13 -7
right_child=-2 -3 4 -5 -6 12 10 8 -10 -11 -12 -13 -14 -15
leaf_value=-0.010895949083969944 -0.083514708707864482 -0.09618494827460633 0.025268141224192561 0.013193211345159266 0.054058127117052303 -0.052682418370397638 -0.050269416122608171 -0.031791987567926526 0.051981544459543505 0.044164151870403921 0.037329427838433051 0.0018274747072971815 0.029225497655662985 0.015333943098813108
leaf_weight=30.718236923217773 1.4189022071659554 0.80625291541218658 19.9430136512965 7.3932095915079108 1.6973451524972905 2.9529055226594201 2.3443747423589221 3.9974525868892661 1.055788818746805 1.0079528950154779 1.5743285268545149 3.3562630154192448 1.244055390357971 1.717035725712776
leaf_count=353 21 10 217 36 32 89 27 47 20 18 10 39 16 26
internal_value=-0.000136061 0.00134632 0.00234167 -0.00622291 0.0103242 0.00843018 0.0127192 0.0183137 -0.00456841 -0.0164965 -0.00727812 -0.0195973 -0.015705 -0.0276743
internal_weight=81.2271 79.8082 79.002 38.1114 40.8905 39.1932 33.2792 26.0042 6.06119 5.00541 7.27497 5.70064 5.914 4.66994
internal_count=961 940 930 389 541 509 378 302 85 65 76 66 131 115
is_linear=0
shrinkage=0.05


Tree=64
num_leaves=15
num_cat=0
split_feature=163 23 171 112 158 136 53 99 23 38 16 162 151 171
split_gain=4.79272 1.91482 1.7754 1.77206 1.34201 1.51916 1.64592 1.27419 1.21198 1.76954 1.54744 1.11799 1.01995 1.54216
threshold=1.0000000180025095e-35 1.0000000180025095e-35 3.5000000000000004 1.0000000180025095e-35 1.0000000180025095e-35 1.0000000180025095e-35 1.0000000180025095e-35 1.0000000180025095e-35 1.0000000180025095e-35 1.0000000180025095e-35 1.0000000180025095e-35 1.0000000180025095e-35 1.0000000180025095e-35 1.5000000000000002
decision_type=2 2 2 2 2 2 2 2 2 2 2 2 2 2
left_child=1 3 -3 4 5 6 7 -1 9 10 -2 -6 13 -12
right_child=8 2 -4 -5 11 -7 -8 -9 -10 -11 12 -13 -14 -15
leaf_value=-0.054099500251434202 0.077980077492955796 -0.055036873397643515 0.051416770465053732 -0.053683706890425426 -0.011781705729736081 -0.038053394321245326 -0.057772096813072028 0.0071489307402257856 0.043684100751885169 -0.034720683773802198 -0.0075600269953367402 -0.05668593239756077 0.02735817096566991 0.045707839307151027
leaf_weight=0.87041629664599796 1.0410397425294018 3.2295260503888126 0.44571984559297551 1.7892783246934403 9.7551546655595285 2.3005942516028872 1.0531261973083008 34.759285377338529 4.2425011396408072 1.6883087158203114 6.8667414672672749 1.6157156080007542 8.6022485867142677 1.6939341388642786
leaf_count=18 8 79 3 37 70 17 14 377 71 13 85 26 128 23
internal_value=0.000804975 -0.00724461 -0.0421266 -0.00478601 -0.00304849 0.00135996 0.0038318 0.00565266 0.019422 0.0142476 0.0187891 -0.0181623 0.0151988 0.00298029
internal_weight=79.9536 55.8188 3.67525 52.1436 50.3543 38.9834 36.6828 35.6297 24.1348 19.8923 18.204 11.3709 17.1629 8.56068
internal_count=969 641 82 559 522 426 409 395 328 257 244 96 236 108
is_linear=0
shrinkage=0.05


Tree=65
num_leaves=15
num_cat=0
split_feature=163 38 112 151 167 16 124 152 99 85 40 26 176 151
split_gain=2.75586 3.18534 1.53249 1.44982 2.77395 1.56319 1.4395 1.30935 1.37068 1.11995 1.08893 1.01703 1.23297 1.19418
threshold=1.0000000180025095e-35 1.0000000180025095e-35 1.0000000180025095e-35 1.0000000180025095e-35 1.0000000180025095e-35 1.0000000180025095e-35 1.0000000180025095e-35 1.0000000180025095e-35 1.0000000180025095e-35 1.0000000180025095e-35 1.0000000180025095e-35 1.0000000180025095e-35 1.0000000180025095e-35 1.0000000180025095e-35
decision_type=2 2 2 2 2 2 2 2 2 2 2 2 2 2
left_child=2 3 6 4 5 -2 7 8 -1 11 -7 -10 13 -13
right_child=1 -3 -4 -5 -6 10 -8 -9 9 -11 -12 12 -14 -15
leaf_value=-0.053275487660556099 0.0784321259370932 -0.045985063814227733 -0.053482701274160362 0.033544800086702624 -0.06116719003295245 0.0029024313796184292 -0.065309659540857573 -0.056937830321093556 0.0026644653004063959 0.047143896456788764 0.057461033124335419 -0.033901211971832539 -0.053861989226991647 0.0034073204587059661
leaf_weight=1.2546522747725237 0.93414901942014417 1.9475418813526619 1.611372087150811 10.885045103728771 1.2915219068527228 6.9500734657049215 0.93942634761333366 1.0951014775782812 35.778537716716528 1.2106071077287186 1.0531414076685903 3.0520007144659722 1.6821967121213681 7.2159664332866669
leaf_count=32 6 17 35 188 16 88 7 17 346 6 12 57 41 85
internal_value=0.000737601 0.0152 -0.00545714 0.0208437 0.0073278 0.0172259 -0.00397544 -0.00285202 -0.00167201 -0.000349054 0.0100818 -0.00155368 -0.0141827 -0.00768209
internal_weight=76.9013 23.0615 53.8399 21.1139 10.2289 8.93736 52.2285 51.2891 50.194 48.9393 8.00321 47.7287 11.9502 10.268
internal_count=953 327 626 310 122 106 591 584 567 535 100 529 183 142
is_linear=0
shrinkage=0.05


Tree=66
num_leaves=15
num_cat=0
split_feature=29 154 94 171 112 171 3 40 136 109 94 153 6 26
split_gain=6.99823 1.60031 2.53387 1.63612 1.3164 1.06271 0.696132 2.32945 2.22723 1.46999 1.24554 1.82428 1.09565 3.894
threshold=1.0000000180025095e-35 1.0000000180025095e-35 1.0000000180025095e-35 1.0000000180025095e-35 1.0000000180025095e-35 1.5000000000000002 1.0000000180025095e-35 1.0000000180025095e-35 1.0000000180025095e-35 1.0000000180025095e-35 1.0000000180025095e-35 1.0000000180025095e-35 1.0000000180025095e-35 1.0000000180025095e-35
decision_type=2 2 2 2 2 2 2 2 2 2 2 2 2 2
left_child=1 4 3 -3 6 -2 7 8 10 -8 11 -1 -13 -14
right_child=5 2 -4 -5 -6 -7 9 -9 -10 -11 -12 12 13 -15
leaf_value=0.0034295577280141947 0.019798722200813371 -0.001161957973448378 0.035189554185224972 -0.055799653060615517 -0.053325931867913456 0.046045704652379449 -0.016061212939895809 -0.043617850408755286 -0.061365698025787022 0.042072816761381228 -0.019754051019227552 0.046451476584188897 -0.057878102625284804 0.05687528175442233
leaf_weight=21.21438419260085 9.1911862120032293 1.9281242657452802 1.3475253731012342 4.7347230892628431 1.2852944917976845 6.6445011347532263 13.383797924965616 2.6443309001624575 1.2152133285999287 1.183573171496392 3.6999842599034301 4.8200656175613394 1.2865807637572289 1.7378437854349613
leaf_count=208 141 20 7 108 29 143 113 69 13 5 27 36 15 8
internal_value=0.00122164 -0.00652584 -0.0273417 -0.0399884 -0.00334803 0.0308117 -0.00209307 0.00158468 0.00510297 -0.0113379 0.00756867 0.0110476 0.0316496 0.00805955
internal_weight=76.3171 60.4814 8.01037 6.66285 52.4711 15.8357 51.1858 36.6184 33.9741 14.5674 32.7589 29.0589 7.84449 3.02442
internal_count=942 658 135 128 523 284 494 376 307 118 294 267 59 23
is_linear=0
shrinkage=0.05


Tree=67
num_leaves=15
num_cat=0
split_feature=163 72 136 23 172 171 94 162 6 62 16 162 176 40
split_gain=4.3232 2.55485 2.19292 1.92507 1.72541 3.76367 2.42534 2.28662 1.4487 2.91866 2.36226 2.07982 1.25517 1.19937
threshold=1.0000000180025095e-35 1.0000000180025095e-35 1.0000000180025095e-35 1.0000000180025095e-35 1.0000000180025095e-35 1.0000000180025095e-35 1.0000000180025095e-35 1.0000000180025095e-35 1.0000000180025095e-35 1.0000000180025095e-35 1.0000000180025095e-35 1.5000000000000002 1.0000000180025095e-35 1.0000000180025095e-35
decision_type=2 2 2 2 2 2 2 2 2 2 2 2 2 2
left_child=1 8 4 -2 5 7 13 -3 9 10 -1 -12 -10 -6
right_child=3 2 -4 -5 6 -7 -8 -9 12 -11 11 -13 -14 -15
leaf_value=0.019835289860443535 0.0085127495273697052 0.022075408725807551 -0.043031782444985484 0.049181814667908691 -0.016314818501372588 0.080737391063166297 0.053013677944698571 -0.038352497859681561 0.0082321892215489762 0.040798487773531178 -0.04651431846028585 0.046190076025501986 -0.031968439421768448 0.027982395542985011
leaf_weight=1.6851205546408916 18.231507403776053 5.1889249347150379 2.8547860588878384 3.4623713232576838 14.77463306859136 2.0250650178641081 1.5855039060115803 2.2419169023633003 5.6221857983618992 1.3254529237747181 14.348307654261589 0.63164850510656911 2.9660064484924078 1.7043253723531968
leaf_count=14 252 55 27 74 126 20 7 16 54 5 248 7 53 28
internal_value=-0.00399069 -0.0112257 -0.00131965 0.0150036 0.0030073 0.0203114 -0.00605061 0.00384405 -0.0225466 -0.0306119 -0.0362915 -0.0426053 -0.00565145 -0.0117334
internal_weight=78.6478 56.9539 30.3752 21.6939 27.5204 9.45591 18.0645 7.43084 26.5787 17.9905 16.6651 14.98 8.58819 16.479
internal_count=986 660 279 326 252 91 161 71 381 274 269 255 107 154
is_linear=0
shrinkage=0.05


Tree=68
num_leaves=15
num_cat=0
split_feature=29 53 109 122 104 164 136 21 85 167 165 162 112 162
split_gain=4.71656 1.72221 1.48569 1.35612 1.28551 2.62952 1.31139 1.2655 3.03721 1.927 2.39962 2.25943 1.59079 1.07939
threshold=1.0000000180025095e-35 1.0000000180025095e-35 1.0000000180025095e-35 1.0000000180025095e-35 1.0000000180025095e-35 1.0000000180025095e-35 1.0000000180025095e-35 1.0000000180025095e-35 1.0000000180025095e-35 1.0000000180025095e-35 1.0000000180025095e-35 1.5000000000000002 1.0000000180025095e-35 1.0000000180025095e-35
decision_type=2 2 2 2 2 2 2 2 2 2 2 2 2 2
left_child=2 -2 3 4 5 6 7 12 9 11 13 -9 -1 -11
right_child=1 -3 -4 -5 -6 -7 -8 8 -10 10 -12 -13 -14 -15
leaf_value=0.0026877707707832887 0.029816105886288288 -0.047364659589546124 0.037075117634555406 -0.059938494877328434 0.05470439949627183 -0.044826332883926366 -0.05635076796870863 -0.05565831707015554 0.065664936950474692 -0.008474361312063524 -0.063151196241288371 0.036844236087462519 -0.053178946279534262 0.052619761710740481
leaf_weight=40.786590857431293 13.701781092211601 0.76303301006555635 1.9454189613461483 1.2000428959727276 0.85250760242342849 4.2895394992083302 1.1775856856256712 5.2908342014998162 0.98543562740087587 1.348423805087805 1.0749144572764637 0.75423818454146374 1.315322097390889 1.5586663670837877
leaf_count=383 264 12 12 19 6 59 17 125 4 15 14 6 31 8
internal_value=1.28314e-05 0.0257447 -0.00593492 -0.00731488 -0.00625235 -0.00713942 -0.00416182 -0.00300476 -0.0180952 -0.0263269 0.000679931 -0.0441169 0.000942417 0.0242819
internal_weight=77.0443 14.4648 62.5795 60.6341 59.4341 58.5816 54.292 53.1144 11.0125 10.0271 3.982 6.04507 42.1019 2.90709
internal_count=975 276 699 687 668 662 603 586 172 168 37 131 414 23
is_linear=0
shrinkage=0.05


Tree=69
num_leaves=15
num_cat=0
split_feature=122 163 23 16 132 109 170 166 158 150 162 166 173 164
split_gain=3.14224 2.01689 3.29389 2.24345 1.98473 1.95656 1.69948 1.19221 1.3587 1.1376 3.16848 1.00666 1.19241 0.869105
threshold=1.0000000180025095e-35 1.0000000180025095e-35 1.0000000180025095e-35 1.0000000180025095e-35 1.0000000180025095e-35 1.0000000180025095e-35 3.5000000000000004 1.0000000180025095e-35 1.0000000180025095e-35 1.0000000180025095e-35 1.5000000000000002 1.0000000180025095e-35 1.5000000000000002 1.0000000180025095e-35
decision_type=2 2 2 2 2 2 2 2 2 2 2 2 2 2
left_child=1 2 3 -1 5 11 7 8 9 13 -11 12 -5 -3
right_child=-2 6 -4 4 -6 -7 -8 -9 -10 10 -12 -13 -14 -15
leaf_value=-0.064847082070656537 -0.091173922726905138 0.017757286070527577 -0.054736627593766185 -0.0030521510132893287 0.070331695498303398 0.052104253915560228 -0.068205818817405284 0.042188903255593296 0.051982600480048158 -0.044293555125729044 0.05318786062266867 0.047204449307328852 -0.0598236785897781 -0.035654040911020639
leaf_weight=1.3618233762681473 0.94493446685373683 10.548067538067702 3.090911208651959 44.120859144255519 0.98887684941291709 1.6594902127981175 0.61781950667500396 3.5825702883303157 1.7706746198236949 2.9534294418990621 1.1613670811057089 0.97133420780300994 0.9447244368493547 0.82090683467686254
leaf_count=12 18 130 82 498 4 7 8 67 35 42 20 6 14 14
internal_value=-0.000568241 0.000579542 -0.00464469 -0.00155101 0.000219507 -0.00123411 0.0135186 0.0159417 0.010492 0.00574725 -0.0167802 -0.0031568 -0.00424227 0.0139007
internal_weight=75.5378 74.5929 53.138 50.0471 48.6853 47.6964 21.4548 20.837 17.2544 15.4838 4.1148 46.0369 45.0656 11.369
internal_count=957 939 623 541 529 525 316 308 241 206 62 518 512 144
is_linear=0
shrinkage=0.05


Tree=70
num_leaves=15
num_cat=0
split_feature=122 29 132 132 73 53 87 99 48 171 170 163 16 151
split_gain=3.47313 3.63086 1.91848 1.78359 1.60176 1.32117 1.29565 1.13433 0.911392 0.845324 2.2578 1.80293 1.867 1.33834
threshold=1.0000000180025095e-35 1.0000000180025095e-35 1.0000000180025095e-35 1.0000000180025095e-35 1.0000000180025095e-35 1.0000000180025095e-35 1.0000000180025095e-35 1.0000000180025095e-35 1.0000000180025095e-35 1.0000000180025095e-35 1.0000000180025095e-35 1.0000000180025095e-35 1.0000000180025095e-35 1.0000000180025095e-35
decision_type=2 2 2 2 2 2 2 2 2 2 2 2 2 2
left_child=1 3 5 4 6 -3 7 -1 9 10 11 12 -9 -14
right_child=-2 2 -4 -5 -6 -7 -8 8 -10 -11 -12 -13 13 -15
leaf_value=-0.052963921293553422 -0.091698411378237615 0.034004611107734471 -0.054781381801393504 0.061991464823223534 -0.036153184570654959 -0.026948782066074151 -0.059722916781882213 0.048183582481140991 0.042936373943608747 0.0044487033817016781 -0.065007397154534366 0.038069643517668103 -0.010420123296050427 -0.065093080069394044
leaf_weight=1.0112748779356469 0.98075998760759731 12.667842509225006 0.70639946684241373 1.0509343482553948 3.5729810632765284 0.95609715580940324 0.94089692831039329 1.2610408011823899 1.2353553101420391 31.499450562521815 1.640654683113097 2.252894699573516 12.151358038187029 1.232906877994538
leaf_count=29 16 258 10 5 47 14 13 9 6 340 17 9 161 12
internal_value=0.00175999 0.00302988 0.0255613 -0.00255153 -0.00374575 0.029727 -0.00157028 -0.000523791 0.00051049 -0.000536928 -0.00900804 -0.00357103 -0.00997664 -0.0154564
internal_weight=73.1608 72.1801 14.3303 57.8497 56.7988 13.6239 53.2258 52.2849 51.2737 50.0383 18.5389 16.8982 14.6453 13.3843
internal_count=946 930 282 648 643 272 596 583 554 548 208 191 182 173
is_linear=0
shrinkage=0.05


Tree=71
num_leaves=15
num_cat=0
split_feature=29 132 53 154 94 148 171 26 167 72 171 112 16 176
split_gain=3.67414 2.89402 1.99771 1.35913 1.37952 1.1748 1.14623 0.959158 4.04232 1.46663 1.43487 1.14537 0.789342 0.876674
threshold=1.0000000180025095e-35 1.0000000180025095e-35 1.0000000180025095e-35 1.0000000180025095e-35 1.0000000180025095e-35 1.0000000180025095e-35 1.0000000180025095e-35 1.0000000180025095e-35 1.0000000180025095e-35 1.0000000180025095e-35 2.5000000000000004 1.0000000180025095e-35 1.0000000180025095e-35 1.0000000180025095e-35
decision_type=2 2 2 2 2 2 2 2 2 2 2 2 2 2
left_child=3 2 -2 5 6 7 -5 11 9 -9 -10 12 -1 -14
right_child=1 -3 -4 4 -6 -7 -8 8 10 -11 -12 -13 13 -15
leaf_value=0.022733903871404282 0.031199027262864207 -0.093499565223673267 -0.055099656184894985 -0.0029068849759093466 0.0159689239828107 0.02996511567154066 -0.049221286074893497 -0.028771568313634678 0.067043484082069824 0.029743518441763303 0.0081071802006016831 -0.052987598632289468 -0.011220289719256669 0.017256396846066949
leaf_weight=2.0987888388335696 12.737916948273773 0.52053656056523401 0.70786832645535547 1.8867607098072747 1.614619232714176 2.5212686248123637 4.5757639594376087 5.2384128402918559 2.7652615606784821 1.3459840305149553 1.6483253277838228 1.4083880335092533 32.214337055571377 2.9502256028354159
leaf_count=13 263 8 11 18 9 20 111 80 14 13 16 35 314 35
internal_value=-0.000929794 0.0221774 0.0266557 -0.00628458 -0.0253711 -0.00333073 -0.0356996 -0.00502085 0.0080081 -0.0168099 0.0450328 -0.0087262 -0.00705332 -0.00883116
internal_weight=74.2345 13.9663 13.4458 60.2681 8.07714 52.191 6.46252 49.6697 10.998 6.5844 4.41359 38.6717 37.2634 35.1646
internal_count=960 282 274 678 138 540 129 520 123 93 30 397 362 349
is_linear=0
shrinkage=0.05


Tree=72
num_leaves=15
num_cat=0
split_feature=14 99 170 29 87 154 48 94 29 171 162 167 40 26
split_gain=1.60975 1.26672 1.46432 1.10862 1.06612 0.954315 2.23342 2.15061 1.8271 2.09534 1.00423 1.37142 1.86384 1.78178
threshold=1.0000000180025095e-35 1.0000000180025095e-35 1.0000000180025095e-35 1.0000000180025095e-35 1.0000000180025095e-35 1.0000000180025095e-35 1.0000000180025095e-35 1.0000000180025095e-35 1.0000000180025095e-35 1.5000000000000002 1.5000000000000002 1.0000000180025095e-35 1.0000000180025095e-35 1.0000000180025095e-35
decision_type=2 2 2 2 2 2 2 2 2 2 2 2 2 2
left_child=1 2 3 -1 5 10 7 8 -7 -10 11 -3 13 -13
right_child=-2 4 -4 -5 -6 6 -8 -9 9 -11 -12 12 -14 -15
leaf_value=-0.05277430608932257 0.053151066857553754 -0.0055964180581947829 -0.11595306138625439 0.05179272175759056 -0.055337631216296423 -0.048369078161476793 0.054281910191982891 0.022328448746854829 -0.05939594949180358 0.051510511535744111 0.022770583467275281 0.0049791719730897062 -0.055438398508836834 0.037496938449913246
leaf_weight=0.65336511004716047 1.4099398516118515 31.342390902340412 0.49916649982333172 0.41413713991641998 0.85407856106758018 5.4624743852764333 1.1058193296194083 2.2154144458472729 0.68475847505033005 1.1264491416513918 5.9708667900413266 15.612815808504825 1.0197114869952191 5.7692991420626631
leaf_count=21 36 383 12 9 12 118 5 18 13 28 85 150 24 43
internal_value=0.000235895 -0.000789905 -0.0452626 -0.0122076 0.000189156 0.000863658 -0.0129657 -0.0208024 -0.0339392 0.0095804 0.00331732 0.0011561 0.0106035 0.0137531
internal_weight=74.1407 72.7307 1.56667 1.0675 71.1641 70.31 10.5949 9.4891 7.27368 1.81121 59.7151 53.7442 22.4018 21.3821
internal_count=957 921 42 30 879 867 182 177 159 41 685 600 217 193
is_linear=0
shrinkage=0.05


Tree=73
num_leaves=15
num_cat=0
split_feature=29 106 74 176 151 81 153 165 94 111 167 21 171 19
split_gain=3.79721 1.34124 1.11723 1.23372 1.07987 1.11798 1.07376 1.53223 1.17141 1.15928 0.966018 2.63062 2.11503 1.28435
threshold=1.0000000180025095e-35 1.0000000180025095e-35 1.0000000180025095e-35 1.0000000180025095e-35 1.0000000180025095e-35 1.0000000180025095e-35 1.0000000180025095e-35 1.0000000180025095e-35 1.0000000180025095e-35 1.0000000180025095e-35 1.0000000180025095e-35 1.0000000180025095e-35 1.0000000180025095e-35 1.0000000180025095e-35
decision_type=2 2 2 2 2 2 2 2 2 2 2 2 2 2
left_child=1 2 3 4 10 -6 9 8 -8 -5 12 -12 13 -1
right_child=-2 -3 -4 6 5 -7 7 -9 -10 -11 11 -13 -14 -15
leaf_value=-0.0010499349528388267 0.025142899837745338 0.015101046669597365 0.046029178646861291 -0.064388400861463288 -0.00061641905699516314 0.038882166370308904 -0.056151932745455962 0.05534807132988806 0.025502678863888191 -0.0069699106971600425 -0.058809915845394772 0.031187889895464956 -0.029855743630694261 0.060583959688787152
leaf_weight=14.696290224790577 12.729540934786199 7.3097920864820471 0.94734554924070735 2.6543731372803441 15.176878224126996 2.0312450565397731 1.2794028110802176 0.76600998453795899 0.66884213499724854 1.3143666014075281 2.9845795370638362 1.1154091022908685 7.4739502128213635 0.89682552218437273
leaf_count=165 264 37 12 48 156 11 24 10 12 12 54 9 117 3
internal_value=0.000364235 -0.00495346 -0.00777229 -0.00877053 -0.00575432 0.00404599 -0.0287982 -0.0045635 -0.0281195 -0.0453726 -0.011962 -0.0343259 -0.00798703 0.00249489
internal_weight=72.0449 59.3153 52.0055 51.0582 44.3752 17.2081 6.68299 2.71425 1.94824 3.96874 27.1671 4.09999 23.0671 15.5931
internal_count=934 670 633 621 515 167 106 46 36 60 348 63 285 168
is_linear=0
shrinkage=0.05


Tree=74
num_leaves=15
num_cat=0
split_feature=29 124 170 172 171 40 112 72 172 86 166 162 150 16
split_gain=3.15822 2.08138 2.00356 2.39316 1.16239 1.94538 1.37993 1.30698 4.19213 2.83445 1.63931 1.66064 1.26211 1.02753
threshold=1.0000000180025095e-35 1.0000000180025095e-35 1.0000000180025095e-35 1.0000000180025095e-35 1.5000000000000002 1.0000000180025095e-35 1.0000000180025095e-35 1.0000000180025095e-35 1.0000000180025095e-35 1.0000000180025095e-35 1.0000000180025095e-35 1.0000000180025095e-35 1.0000000180025095e-35 1.0000000180025095e-35
decision_type=2 2 2 2 2 2 2 2 2 2 2 2 2 2
left_child=1 4 -2 -4 6 7 13 10 -9 -10 11 -6 -13 -1
right_child=2 -3 3 -5 5 -7 -8 8 9 -11 -12 12 -14 -15
leaf_value=0.035508356005876894 0.03314012161670099 -0.06874596357966184 -0.066039212034432457 0.027014503348496074 -0.049550214917816776 -0.055217388985825948 -0.052641151382164936 0.1202267593623178 -0.03964510529871753 0.067962200978690754 0.030906974528831156 0.018791539383574196 -0.04101618809965453 0.0010069921677615728
leaf_weight=2.2903816290199748 10.221052572131155 1.2296400144696225 1.2507781349122518 1.5437115952372549 3.8626445829868299 2.4826069036498657 1.1465222127735604 0.79034730046987478 2.1594132417812948 0.85397533327341069 1.487188854254782 2.418957956135273 1.3884243834763768 37.350809322670102
leaf_count=13 227 9 12 34 52 79 32 8 41 4 26 15 18 370
internal_value=0.000643125 -0.00439436 0.0228826 -0.0146352 -0.00298715 -0.01467 0.00143635 -0.00690331 0.0177322 -0.00914987 -0.0171365 -0.0264519 -0.00301833 0.00300041
internal_weight=70.4765 57.4609 13.0155 2.79449 56.2313 15.4436 40.7877 12.961 3.80374 3.01339 9.15722 7.67003 3.80738 39.6412
internal_count=940 667 273 46 658 243 415 164 53 45 111 85 33 383
is_linear=0
shrinkage=0.05


Tree=75
num_leaves=15
num_cat=0
split_feature=153 16 53 171 74 172 151 171 29 168 107 29 171 151
split_gain=2.3283 2.24527 1.69102 1.61087 2.34979 1.97828 1.47368 1.4561 2.04967 1.41067 1.21286 2.00061 1.56312 1.08914
threshold=1.0000000180025095e-35 1.0000000180025095e-35 1.0000000180025095e-35 2.5000000000000004 1.0000000180025095e-35 1.5000000000000002 1.0000000180025095e-35 2.5000000000000004 1.0000000180025095e-35 1.0000000180025095e-35 1.0000000180025095e-35 1.0000000180025095e-35 1.5000000000000002 1.0000000180025095e-35
decision_type=2 2 2 2 2 2 2 2 2 2 2 2 2 2
left_child=1 -1 7 4 5 -2 -5 9 -9 13 11 12 -11 -3
right_child=3 2 -4 6 -6 -7 -8 8 -10 10 -12 -13 -14 -15
leaf_value=0.039814818579519254 0.0036288040105905274 -0.018976640129448399 -0.063020474196859286 -0.028379589874669195 0.087760928726940621 -0.065183576855085579 0.039186441598729818 -0.06636422041531434 0.05138948529832104 -0.0029762371735457226 -0.040849469735508133 0.052542861841159083 0.057117047676994319 0.0067120286207397756
leaf_weight=2.4449652303010216 11.408714273944495 18.842253363691274 1.4225959740579117 0.91535438597202201 0.76191244088113386 1.149722550064326 6.8189710061997175 2.0263287415727969 0.45198169350624073 13.205595258623365 1.32701751962304 2.2609584126621476 1.178722986951471 5.2829805929213753
leaf_count=19 154 276 22 20 8 15 99 51 12 112 12 49 10 75
internal_value=-0.000841609 -0.00687497 -0.00935669 0.0130402 0.00250167 -0.00267096 0.03119 -0.00764406 -0.0448889 -0.00545143 0.00515301 0.00882049 0.00194811 -0.0133513
internal_weight=69.4981 48.4434 45.9984 21.0547 13.3203 12.5584 7.73433 44.5758 2.47831 42.0975 17.9723 16.6453 14.3843 24.1252
internal_count=934 638 619 296 177 169 119 597 63 534 183 171 122 351
is_linear=0
shrinkage=0.05


Tree=76
num_leaves=15
num_cat=0
split_feature=122 109 29 53 73 87 151 81 48 154 162 81 166 40
split_gain=3.00972 1.91776 1.70483 1.80977 1.37468 1.24868 1.25786 1.33655 1.20021 2.68054 1.82245 1.99734 1.40089 1.20928
threshold=1.0000000180025095e-35 1.0000000180025095e-35 1.0000000180025095e-35 1.0000000180025095e-35 1.0000000180025095e-35 1.0000000180025095e-35 1.0000000180025095e-35 1.0000000180025095e-35 1.0000000180025095e-35 1.0000000180025095e-35 1.5000000000000002 1.0000000180025095e-35 1.0000000180025095e-35 1.0000000180025095e-35
decision_type=2 2 2 2 2 2 2 2 2 2 2 2 2 2
left_child=1 2 4 -4 5 6 8 -8 9 10 11 12 13 -1
right_child=-2 -3 3 -5 -6 -7 7 -9 -10 -11 -12 -13 -14 -15
leaf_value=0.0025317038472852257 -0.096720562596589191 0.051553108313003637 0.022711580540765525 -0.062406303344593787 -0.031536517031066275 -0.058712472568792799 0.0050912497948915961 0.043740165154863286 0.042475521522380044 -0.058195057472835626 0.056917409996789653 -0.063291117938724009 -0.065681565044024268 -0.052496431034079284
leaf_weight=19.499728191643975 0.76961070671677489 1.9528484381735314 11.661201426759359 0.65981987491250116 3.7716591600328675 0.8988726157695045 21.470311605371538 2.4970822781324378 1.1959047317504872 2.4826437979936591 1.181937813758849 1.4622538872063149 0.85291290376335283 1.0522558167576779
leaf_count=248 16 16 255 9 49 14 199 14 5 67 9 13 15 34
internal_value=0.00162263 0.00269407 0.00130495 0.0181533 -0.00237796 -0.000286917 0.000728986 0.00911795 -0.00652232 -0.00873087 -0.00362457 -0.00675381 -0.00289152 -0.000285721
internal_weight=71.409 70.6394 68.6866 12.321 56.3656 52.5939 51.695 23.9674 27.7276 26.5317 24.0491 22.8672 21.4049 20.552
internal_count=963 947 931 264 667 618 604 213 391 386 319 310 297 282
is_linear=0
shrinkage=0.05


Tree=77
num_leaves=15
num_cat=0
split_feature=29 132 125 153 162 150 170 172 166 173 167 151 165 154
split_gain=1.69377 2.32576 1.22096 1.17417 1.20429 2.24459 2.10519 2.25713 0.963064 1.31908 2.34517 1.75457 1.4778 1.19199
threshold=1.0000000180025095e-35 1.0000000180025095e-35 1.0000000180025095e-35 1.0000000180025095e-35 1.0000000180025095e-35 1.0000000180025095e-35 1.5000000000000002 1.5000000000000002 1.0000000180025095e-35 1.0000000180025095e-35 1.0000000180025095e-35 1.0000000180025095e-35 1.0000000180025095e-35 1.0000000180025095e-35
decision_type=2 2 2 2 2 2 2 2 2 2 2 2 2 2
left_child=2 8 3 -1 5 -5 7 -6 9 -2 11 -11 -13 -14
right_child=1 -3 -4 4 6 -7 -8 -9 -10 10 -12 12 13 -15
leaf_value=-0.0079494345242088621 0.03094876769148033 -0.084424629667695303 -0.061811626206413041 -0.002915681943820385 0.0015264334983559509 0.05151501502154672 0.061162001065889454 -0.06198282418965767 0.051261312784499871 0.051827516975842848 -0.079377723946955123 0.020037624841591467 -0.014720849556819926 -0.124689171174619
leaf_weight=40.708549509756267 5.3429751060903019 0.55296874046325761 0.90955087170004745 4.0647877715528038 5.6616221116855723 3.5466350857168436 1.0579732991755006 1.8581856023520229 2.0949923302978286 1.5793393254280093 0.87196004763245571 1.212700217962265 0.57391996122896671 0.43183307535946369
leaf_count=473 104 8 10 43 85 29 7 26 66 33 20 30 14 9
internal_value=-0.000710842 0.0158531 -0.00433861 -0.00341986 0.00796998 0.022447 -0.00487606 -0.0141671 0.0204329 0.0139826 -0.00542959 0.0115486 -0.0171263 -0.0619372
internal_weight=70.468 12.6607 57.8073 56.8978 16.1892 7.61142 8.57778 7.51981 12.1077 10.0127 4.66975 3.79779 2.21845 1.00575
internal_count=957 284 673 663 190 72 118 111 276 210 106 86 53 23
is_linear=0
shrinkage=0.05


Tree=78
num_leaves=15
num_cat=0
split_feature=29 132 38 152 87 99 52 170 162 170 167 94 72 164
split_gain=3.17571 1.77501 1.57679 1.22849 1.11375 1.08858 0.992246 1.415 1.79843 1.96999 1.62904 2.81641 0.963332 1.4259
threshold=1.0000000180025095e-35 1.0000000180025095e-35 1.0000000180025095e-35 1.0000000180025095e-35 1.0000000180025095e-35 1.0000000180025095e-35 1.0000000180025095e-35 1.0000000180025095e-35 1.0000000180025095e-35 1.5000000000000002 1.0000000180025095e-35 1.0000000180025095e-35 1.0000000180025095e-35 1.0000000180025095e-35
decision_type=2 2 2 2 2 2 2 2 2 2 2 2 2 2
left_child=2 -2 3 4 5 -1 7 12 10 -10 11 -9 13 -7
right_child=1 -3 -4 -5 -6 6 -8 8 9 -11 -12 -13 -14 -15
leaf_value=-0.052695666441316902 0.029383817098663563 -0.051279371631917904 -0.064494896406093877 -0.055545013192312621 -0.058355223320046348 -0.0056019538624310803 -0.034723588853609717 0.10821211936687231 -0.048970897990407616 0.027637209165875615 0.0033096370867638221 0.014905737634266376 0.0063196315574504036 -0.06040870134821396
leaf_weight=0.96246136259287496 11.843132739886638 0.72368542477488595 1.02482759207487 1.0475005749613036 0.83016069885343213 20.710271161980931 1.8789880126714695 1.6003709081560356 1.553885377943516 1.824503034353256 1.9614643082022665 1.6349871382117271 20.540835162624717 1.2588974535465229
leaf_count=30 274 9 13 21 13 297 18 8 23 12 17 12 186 23
internal_value=0.00199313 0.0247387 -0.00303667 -0.00190801 -0.000881933 2.82565e-06 0.000960459 0.00227297 0.0208008 -0.00759859 0.0392628 0.0610598 -0.0014645 -0.00874254
internal_weight=69.396 12.5668 56.8292 55.8043 54.7568 53.9267 52.9642 51.0852 8.57521 3.37839 5.19682 3.23536 42.51 21.9692
internal_count=956 283 673 660 639 626 596 578 72 35 37 20 506 320
is_linear=0
shrinkage=0.05


Tree=79
num_leaves=15
num_cat=0
split_feature=29 38 171 53 175 76 170 164 3 13 11 40 3 85
split_gain=2.15974 2.40918 2.08639 1.80904 1.37493 1.14433 1.09482 0.964736 1.10965 0.986526 0.914052 1.03628 1.95693 1.08724
threshold=1.0000000180025095e-35 1.0000000180025095e-35 1.5000000000000002 1.0000000180025095e-35 1.0000000180025095e-35 1.0000000180025095e-35 1.0000000180025095e-35 1.0000000180025095e-35 1.0000000180025095e-35 1.0000000180025095e-35 1.0000000180025095e-35 1.0000000180025095e-35 1.0000000180025095e-35 1.0000000180025095e-35
decision_type=2 2 2 2 2 2 2 2 2 2 2 2 2 2
left_child=1 4 3 6 5 7 -2 9 -9 10 11 13 -13 -1
right_child=2 -3 -4 -5 -6 -7 -8 8 -10 -11 -12 12 -14 -15
leaf_value=0.0037722530306608278 0.028958116551810315 -0.069198640145291299 0.051347877903932582 -0.074840452812919248 0.066720702459046696 -0.055186529476121196 -0.012990162328980665 -0.031670550415955297 0.032324468078402571 0.054962123726840201 0.046579732518953365 -0.054948821686932096 0.040726507838708563 0.056436747490576061
leaf_weight=46.292109819129109 5.0188624374568445 1.1663026213645924 4.6527585759758949 0.59332802519202221 0.84432154521345992 0.84851840790361066 2.253999637439847 3.5083584263920775 0.83946172893047322 0.97732742503285308 1.2442812267690886 1.8609815947711461 0.74979434348642815 1.0012019276618946
leaf_count=470 108 13 137 7 6 21 29 53 5 13 15 65 13 4
internal_value=0.00593539 0.0019535 0.0248073 0.00910886 0.00338018 0.00244721 0.0159575 0.00331316 -0.0193146 0.00520055 0.00424972 0.00319429 -0.0274716 0.00488716
internal_weight=71.8516 59.3327 12.5189 7.86619 58.1664 57.322 7.27286 56.4735 4.34782 52.1257 51.1484 49.9041 2.61078 47.2933
internal_count=959 678 281 144 665 659 137 638 58 580 567 552 78 474
is_linear=0
shrinkage=0.05


Tree=80
num_leaves=15
num_cat=0
split_feature=49 163 72 150 165 150 94 6 167 6 151 170 154 163
split_gain=1.37459 1.21354 1.2946 2.4013 2.13291 1.36901 1.94504 2.13364 1.95762 1.29318 3.73437 1.17756 1.4286 1.12119
threshold=1.0000000180025095e-35 1.5000000000000002 1.0000000180025095e-35 1.0000000180025095e-35 1.0000000180025095e-35 1.0000000180025095e-35 1.0000000180025095e-35 1.0000000180025095e-35 1.0000000180025095e-35 1.0000000180025095e-35 1.0000000180025095e-35 1.5000000000000002 1.0000000180025095e-35 1.0000000180025095e-35
decision_type=2 2 2 2 2 2 2 2 2 2 2 2 2 2
left_child=1 2 3 4 -1 9 7 -7 -9 -4 -11 12 -5 -10
right_child=-2 -3 5 11 -6 6 -8 8 13 10 -12 -13 -14 -15
leaf_value=-0.012536021652775568 0.066526258667887903 0.055482107333498953 0.010818567894542875 0.016362861383245553 -0.091900736460381008 0.058129519563353542 0.044506433047118633 -0.045399071341929331 -0.0089317066858483427 0.13913510043926897 0.0050573247869534731 0.064419845097050024 -0.045641492092962782 0.045920429153282878
leaf_weight=24.76485109329224 0.78963540866970916 0.97850748896598716 15.092090273275973 7.0043500587344152 0.87652298249304195 1.0829855203628529 1.8655383754521615 3.8044147901237002 9.5165251456201059 0.7902973070740692 1.5146675612777472 1.0502925291657437 1.0710261119529603 1.0326955225318677
leaf_count=378 13 15 178 105 14 22 18 60 71 9 19 7 26 29
internal_value=0.000923487 0.000188127 -0.000590749 -0.00740984 -0.015249 0.00624167 -0.00371699 -0.00954486 -0.0146509 0.016146 0.0510282 0.0146168 0.00813931 -0.00356206
internal_weight=71.2344 70.4448 69.4663 34.767 25.6414 34.6992 17.3022 15.4366 14.3536 17.3971 2.30496 9.12567 8.07538 10.5492
internal_count=964 951 936 530 392 406 200 182 160 206 28 138 131 100
is_linear=0
shrinkage=0.05


Tree=81
num_leaves=15
num_cat=0
split_feature=122 28 26 53 167 153 6 162 73 170 16 106 132 171
split_gain=2.78372 1.13951 1.07855 2.42694 2.26715 2.4079 2.50108 1.75453 2.12534 2.84499 2.0149 2.39315 1.35718 1.26174
threshold=1.0000000180025095e-35 1.0000000180025095e-35 1.0000000180025095e-35 1.0000000180025095e-35 1.0000000180025095e-35 1.0000000180025095e-35 1.0000000180025095e-35 1.0000000180025095e-35 1.0000000180025095e-35 1.0000000180025095e-35 1.0000000180025095e-35 1.0000000180025095e-35 1.0000000180025095e-35 3.5000000000000004
decision_type=2 2 2 2 2 2 2 2 2 2 2 2 2 2
left_child=1 2 3 7 13 6 -6 8 9 10 -1 -12 -9 -4
right_child=-2 -3 4 -5 5 -7 -8 12 -10 -11 11 -13 -14 -15
leaf_value=0.038383919578505524 -0.097230615816216115 0.063744306768567294 -0.0065207595705872607 -0.089001820516148841 0.036522787759642704 0.077096906563782111 -0.052910352537359019 0.011936454040972041 0.036725301904747737 0.036374470670303902 -0.035531452810961796 0.0029034786698568381 -0.051650500477733022 0.040826649516730332
leaf_weight=1.3635454252362347 0.71517780050635238 0.73752130381762881 11.373850660398604 0.80214273184537788 2.919949233531951 2.2691079191863537 1.0675764549523594 20.430802009999756 2.2182940468192092 2.4640378281474105 14.059182597324254 5.6887867897748938 0.8750980868935575 1.6057255491614331
leaf_count=8 17 12 241 11 30 20 21 276 18 13 213 29 8 35
internal_value=0.000898863 0.00193281 0.00125381 -0.00276215 0.0112543 0.0359778 0.0125789 -0.00129343 -0.0100641 -0.0144667 -0.0204006 -0.0244595 0.00932474 -0.000663331
internal_weight=68.5908 67.8756 67.1381 47.9019 19.2362 6.25663 3.98753 47.0997 25.7938 23.5756 21.1115 19.748 21.3059 12.9796
internal_count=952 935 923 576 347 71 51 565 281 263 250 242 284 276
is_linear=0
shrinkage=0.05


Tree=82
num_leaves=15
num_cat=0
split_feature=49 29 81 166 132 132 172 153 3 62 124 101 94 40
split_gain=2.00632 1.73072 1.5278 1.42409 1.30614 1.07214 1.04292 1.96785 1.36137 2.14139 1.3837 1.31517 1.72413 0.920366
threshold=1.0000000180025095e-35 1.0000000180025095e-35 1.0000000180025095e-35 1.0000000180025095e-35 1.0000000180025095e-35 1.0000000180025095e-35 1.0000000180025095e-35 1.0000000180025095e-35 1.0000000180025095e-35 1.0000000180025095e-35 1.0000000180025095e-35 1.0000000180025095e-35 1.0000000180025095e-35 1.0000000180025095e-35
decision_type=2 2 2 2 2 2 2 2 2 2 2 2 2 2
left_child=1 2 5 4 -3 6 13 8 9 10 -8 12 -9 -1
right_child=-2 3 -4 -5 -6 -7 7 11 -10 -11 -12 -13 -14 -15
leaf_value=-0.0044908646343460746 0.073867107510367833 0.0070570814642070961 0.01148608107725369 0.051219507847598468 -0.068266486163635884 0.027539746503864301 -0.062905111347974121 -9.4787508916200454e-05 -0.018824620343086577 0.025525837759787118 -0.0046095506170699277 0.055339621198909665 -0.060505925577557407 -0.052644985751992251
leaf_weight=17.960637751966718 0.75030849501490493 8.4907011147588456 6.168898317962884 1.7482368629425753 0.6173792779445656 1.4427174441516388 6.8192620221525413 7.4217394804582 9.7484311666339636 0.94104291498661119 1.1965218186378477 0.85207647085189897 1.4045917764306066 1.0503048673272122
leaf_count=233 12 194 49 61 6 16 111 96 80 4 8 6 19 43
internal_value=-0.00743296 -0.00835914 -0.0119599 0.00988522 0.00195137 -0.0149215 -0.0162141 -0.0222842 -0.0317543 -0.0458266 -0.0542033 -0.00398165 -0.00970841 -0.00715125
internal_weight=66.6128 65.8625 55.0062 10.8563 9.10808 48.8373 47.3946 28.3837 18.7053 8.95683 8.01578 9.67841 8.82633 19.0109
internal_count=938 926 665 261 200 616 600 324 203 123 119 121 115 276
is_linear=0
shrinkage=0.05


Tree=83
num_leaves=15
num_cat=0
split_feature=163 14 75 106 109 153 53 158 163 164 136 170 163 172
split_gain=1.06579 0.869031 1.51926 0.826289 0.670907 0.766237 1.35333 0.827014 1.34404 0.753293 0.694306 1.33338 2.42267 2.06185
threshold=1.5000000000000002 1.0000000180025095e-35 1.0000000180025095e-35 1.0000000180025095e-35 1.0000000180025095e-35 1.0000000180025095e-35 1.0000000180025095e-35 1.0000000180025095e-35 1.0000000180025095e-35 1.0000000180025095e-35 1.0000000180025095e-35 1.0000000180025095e-35 1.0000000180025095e-35 1.0000000180025095e-35
decision_type=2 2 2 2 2 2 2 2 2 2 2 2 2 2
left_child=1 2 3 4 5 6 9 -7 -9 10 11 13 -13 -1
right_child=-2 -3 -4 -5 -6 7 -8 8 -10 -11 -12 12 -14 -15
leaf_value=0.0045197447160721426 0.054826402589104789 0.052938529048209851 -0.056202315317154132 0.019666016111058914 0.027318288645316866 0.011939888805248579 -0.050440852238764072 -0.056358381424050787 0.040237478031855622 -0.054408702936194459 -0.046447062103196185 0.045855526662103102 -0.023282850893492819 -0.023777606794215974
leaf_weight=19.83688590396196 0.97541850805282493 0.8323949258774509 1.1201307261362661 6.3406551349908105 2.2644759938120833 15.438595341518521 1.5319871176034201 1.1198378447443254 0.53080438263714302 0.68501258362084527 0.83820866420864959 3.6654268596321335 1.9364444743841884 9.5299024861305934
leaf_count=303 18 30 23 51 16 217 23 21 11 14 14 31 25 152
internal_value=0.00294547 0.00217488 0.00152317 0.00253795 0.000645174 -0.000450766 -0.00440313 0.00834333 -0.0252956 -0.0024704 -0.00147678 -0.000398828 0.0219559 -0.00466311
internal_weight=66.6462 65.6708 64.8384 63.7182 57.3776 55.1131 38.0239 17.0892 1.65064 36.4919 35.8069 34.9687 5.60187 29.3668
internal_count=949 931 901 878 827 811 562 249 32 539 525 511 56 455
is_linear=0
shrinkage=0.05


Tree=84
num_leaves=15
num_cat=0
split_feature=29 132 53 136 171 132 48 163 16 72 162 162 38 172
split_gain=3.22673 1.52553 1.60335 1.19103 1.10795 1.33557 1.36605 1.17392 1.1539 1.30799 1.2776 1.18868 0.750256 0.787088
threshold=1.0000000180025095e-35 1.0000000180025095e-35 1.0000000180025095e-35 1.0000000180025095e-35 1.0000000180025095e-35 1.0000000180025095e-35 1.0000000180025095e-35 1.0000000180025095e-35 1.0000000180025095e-35 1.0000000180025095e-35 1.0000000180025095e-35 1.0000000180025095e-35 1.0000000180025095e-35 1.0000000180025095e-35
decision_type=2 2 2 2 2 2 2 2 2 2 2 2 2 2
left_child=3 2 -2 4 5 6 7 8 -1 11 -11 -10 13 -6
right_child=1 -3 -4 -5 12 -7 -8 -9 9 10 -12 -13 -14 -15
leaf_value=0.038918705778994485 0.033411480616047963 -0.045148675950757916 -0.03937807221873265 -0.039270004677417078 0.008780058892957068 0.061049323754454612 0.058208683967264967 0.027016703807498457 -0.032892688431459045 0.018226088191257775 -0.02995624916963224 0.011265146848217812 -0.058882367282547282 -0.011788999870369854
leaf_weight=1.335060948506009 10.355676388368005 0.7592610493302353 0.81616032868623811 2.4438138511031857 5.6163367126137009 1.0135583207011212 1.0403808951377858 3.2545843869447699 6.6063649803400022 5.4591728225350389 1.8393746446818111 1.9810123536735771 0.74848594143986602 27.055296182632446
leaf_count=9 271 8 10 27 92 6 4 16 112 60 13 29 10 323
internal_value=-0.000261177 0.0234329 0.0280938 -0.00510241 -0.00361001 0.00495959 0.00231735 -0.000522531 -0.00572716 -0.00947922 0.00608321 -0.022706 -0.00938703 -0.00825313
internal_weight=70.3245 11.9311 11.1718 58.3934 55.9496 22.5295 21.516 20.4756 17.221 15.8859 7.29855 8.58738 33.4201 32.6716
internal_count=990 289 281 701 674 249 243 239 223 214 73 141 425 415
is_linear=0
shrinkage=0.05


Tree=85
num_leaves=15
num_cat=0
split_feature=122 107 62 29 132 69 99 11 23 167 153 167 26 153
split_gain=2.68742 1.53849 1.63285 1.16372 1.67626 1.08878 0.995008 1.03871 0.972407 1.03742 1.08777 0.746922 2.79846 2.10289
threshold=1.0000000180025095e-35 1.0000000180025095e-35 1.0000000180025095e-35 1.0000000180025095e-35 1.0000000180025095e-35 1.0000000180025095e-35 1.0000000180025095e-35 1.0000000180025095e-35 1.0000000180025095e-35 1.0000000180025095e-35 1.0000000180025095e-35 1.0000000180025095e-35 1.0000000180025095e-35 1.0000000180025095e-35
decision_type=2 2 2 2 2 2 2 2 2 2 2 2 2 2
left_child=1 3 -3 4 5 6 -1 11 9 -5 -11 -8 -13 -14
right_child=-2 2 -4 8 -6 -7 7 -9 -10 10 -12 12 13 -15
leaf_value=-0.052530911162953824 -0.099421358774558183 -0.087937203840557351 -0.00064914988072089738 0.00043771597651480368 0.065147169227055379 -0.059620263785916394 -0.0053075041265371586 0.044128677172365793 0.051071461896783681 0.052616791121205521 -0.032690233146526707 -0.0021363949622850583 0.014725477441771776 0.095854073695309031
leaf_weight=0.90729912370443244 0.66864277236163516 0.97919400781392973 1.1831071376800537 6.6272704005241359 0.96030145138502021 0.79393917135894199 32.756310598924756 1.316615612246095 1.8038780447095639 2.1418552938848738 0.45265971310436715 14.120510639622809 1.879426520317792 1.3891136515885592
leaf_count=31 14 12 12 147 4 11 436 18 71 47 12 124 27 7
internal_value=0.000324305 0.00131513 -0.0401774 0.00269227 -0.000323857 -0.00150648 -0.000625449 0.000289669 0.017498 0.0109307 0.0377334 -0.000861368 0.00751396 0.0492047
internal_weight=67.9801 67.3115 2.1623 65.1492 54.1235 53.1632 52.3693 51.462 11.0257 9.22179 2.59452 50.1454 17.3891 3.26854
internal_count=973 959 24 935 658 654 643 612 277 206 59 594 158 34
is_linear=0
shrinkage=0.05


Tree=86
num_leaves=15
num_cat=0
split_feature=122 38 87 115 53 26 170 78 151 72 162 11 40 72
split_gain=1.2059 1.23836 1.00825 0.982967 0.86403 2.05943 0.811933 1.61637 1.07873 1.31923 1.07176 0.846159 0.487615 3.64141
threshold=1.0000000180025095e-35 1.0000000180025095e-35 1.0000000180025095e-35 1.0000000180025095e-35 1.0000000180025095e-35 1.0000000180025095e-35 3.5000000000000004 1.0000000180025095e-35 1.0000000180025095e-35 1.0000000180025095e-35 1.5000000000000002 1.0000000180025095e-35 1.0000000180025095e-35 1.0000000180025095e-35
decision_type=2 2 2 2 2 2 2 2 2 2 2 2 2 2
left_child=1 2 3 4 6 -6 7 10 -9 -10 11 12 -1 -14
right_child=-2 -3 -4 -5 5 -7 -8 8 9 -11 -12 -13 13 -15
leaf_value=0.0086415783404967441 -0.05624373361855052 -0.038561434168430185 -0.053265120917803888 -0.050306425657814818 -0.076214180548756977 0.0271169566504669 -0.031483669319898204 -0.0027672768829644992 0.048779195593550442 0.16932819744318839 0.031012738807880514 -0.031902419974657516 -0.052143206432588754 0.11153349907940298
leaf_weight=51.77171665430069 0.79131962731480499 1.5347100049257267 0.68973283469676872 0.72709596157073875 0.96923200786113628 0.95960462000221014 1.2046663369983424 0.44001389667391666 0.64406353607773781 0.35043743997812271 4.9446399705484501 1.3830414758995164 1.5622137533500779 0.43427238799631585
leaf_count=615 20 15 13 13 14 10 13 7 22 6 99 36 69 9
internal_value=0.00512158 0.00583975 0.00687096 0.00750526 0.00815531 -0.0248065 0.00916874 0.00996465 0.0624171 0.0912577 0.00871259 0.00671325 0.00770653 -0.0165405
internal_weight=68.4068 67.6154 66.0807 65.391 64.6639 1.92884 62.7351 61.5304 1.43451 0.994501 60.0959 55.1512 53.7682 1.99649
internal_count=961 941 926 913 900 24 876 863 35 28 828 729 693 78
is_linear=0
shrinkage=0.05


Tree=87
num_leaves=15
num_cat=0
split_feature=29 171 19 136 3 124 151 150 40 168 162 170 162 21
split_gain=1.84256 1.57926 1.46183 1.48328 0.988136 2.34573 1.67177 1.50967 2.76632 1.23215 2.68878 1.73175 1.60339 1.41003
threshold=1.0000000180025095e-35 1.5000000000000002 1.0000000180025095e-35 1.0000000180025095e-35 1.0000000180025095e-35 1.0000000180025095e-35 1.0000000180025095e-35 1.0000000180025095e-35 1.0000000180025095e-35 1.0000000180025095e-35 1.0000000180025095e-35 1.0000000180025095e-35 1.0000000180025095e-35 1.0000000180025095e-35
decision_type=2 2 2 2 2 2 2 2 2 2 2 2 2 2
left_child=2 -2 3 4 5 6 9 8 -8 11 13 -1 -13 -11
right_child=1 -3 -4 -5 -6 -7 7 -9 -10 10 -12 12 -14 -15
leaf_value=-0.014276181988485397 0.0034032311222287714 0.041841208914137125 -0.055177620685961826 -0.041557513234600378 -0.013490705224784058 -0.068525988244259581 0.016844719301290164 0.05009598905414353 -0.074453521021593402 0.023382763445589899 -0.056295075926865813 0.061202658476012778 -0.010167759233744064 0.10234897769426315
leaf_weight=17.937795318663127 7.7173490729182941 4.0875867456197739 1.4144024476408947 2.4742511715739957 13.794676930643616 1.1438034549355496 10.382722808979448 2.8819313487038007 0.90175487939268428 1.7382935285568235 0.79165956377983082 1.5922999884933227 1.5558982715010641 0.83774969913065422
leaf_count=263 152 140 9 25 133 8 102 27 28 29 21 11 21 7
internal_value=-0.00127871 0.0167128 -0.00497581 -0.0037086 -0.00196009 0.00204005 0.00412999 0.0177976 0.00954898 -0.00378789 0.0242962 -0.00827328 0.0259301 0.0490632
internal_weight=69.2522 11.8049 57.4472 56.0328 53.5586 39.7639 38.6201 14.1664 11.2845 24.4537 3.3677 21.086 3.1482 2.57604
internal_count=976 292 684 675 650 517 509 157 130 352 57 295 32 36
is_linear=0
shrinkage=0.05


Tree=88
num_leaves=15
num_cat=0
split_feature=29 154 171 172 170 158 166 125 167 171 11 111 73 21
split_gain=1.31657 1.2524 1.2324 1.28097 1.98861 1.20155 1.29533 1.64822 1.07873 1.39709 0.868618 0.774434 1.18958 1.15489
threshold=1.0000000180025095e-35 1.0000000180025095e-35 1.0000000180025095e-35 1.5000000000000002 1.0000000180025095e-35 1.0000000180025095e-35 1.0000000180025095e-35 1.0000000180025095e-35 1.0000000180025095e-35 1.0000000180025095e-35 1.0000000180025095e-35 1.0000000180025095e-35 1.0000000180025095e-35 1.0000000180025095e-35
decision_type=2 2 2 2 2 2 2 2 2 2 2 2 2 2
left_child=1 11 -3 10 -5 6 7 8 -2 -10 -4 12 13 -1
right_child=5 2 3 4 -6 -7 -8 -9 9 -11 -12 -13 -14 -15
leaf_value=-0.0081011537664207895 -0.0033334083192966151 0.0080181318386526156 -0.062008183177814161 -0.058351332595836525 0.051705265125347323 0.051504562520078546 0.050958237234736505 0.055427091343001625 -0.12943765343023259 -0.01092999290534994 0.0079472898717640652 0.030747519317261041 -0.054917314352780258 0.01099428827104232
leaf_weight=34.521146990358829 5.5219136830419266 2.0010708859190336 3.4633837649598722 0.7820071233436463 0.86385564506053925 1.6568800723180181 1.3149445950984953 1.0481785535812376 0.41867417469620682 0.61257925257086754 0.50894373841583718 1.5650848299264897 1.1641340814530838 10.274820425547658
leaf_count=383 130 20 95 19 7 53 57 12 9 17 9 14 26 111
internal_value=-0.00375839 -0.00685725 -0.0256762 -0.0376774 -0.000586484 0.0124038 0.00513782 -0.00278858 -0.0121002 -0.0590424 -0.0530453 -0.00384018 -0.005018 -0.00372125
internal_weight=65.7176 55.1444 7.61926 5.61819 1.64586 10.5732 8.91629 7.60135 6.55317 1.03125 3.97233 47.5252 45.9601 44.796
internal_count=962 684 150 130 26 278 225 168 156 26 104 534 520 494
is_linear=0
shrinkage=0.05


Tree=89
num_leaves=15
num_cat=0
split_feature=122 163 23 170 6 29 167 26 173 164 176 162 132 26
split_gain=2.15365 2.22941 1.99823 1.35867 1.8083 1.62375 1.46205 1.2466 1.20881 1.49149 2.08424 2.8419 1.03334 0.800051
threshold=1.0000000180025095e-35 1.0000000180025095e-35 1.0000000180025095e-35 3.5000000000000004 1.0000000180025095e-35 1.0000000180025095e-35 1.0000000180025095e-35 1.0000000180025095e-35 1.0000000180025095e-35 1.0000000180025095e-35 1.0000000180025095e-35 1.5000000000000002 1.0000000180025095e-35 1.0000000180025095e-35
decision_type=2 2 2 2 2 2 2 2 2 2 2 2 2 2
left_child=1 2 12 4 6 -6 -3 -8 -7 10 11 -10 13 -1
right_child=-2 3 -4 -5 5 8 7 -9 9 -11 -12 -13 -14 -15
leaf_value=-0.013444656431179623 -0.094687790994970586 0.033937134234867515 -0.054461485823114754 -0.061548210830015743 -0.049201765227744665 0.051231938980246874 -0.041850684121320939 0.028797214993634853 -0.15452983072661131 0.051197273876081952 0.051489155443954562 -0.0024553118849629223 0.039317928779671073 0.0026647842919349514
leaf_weight=34.458022031933069 0.68430388905107875 8.6465156171470934 2.5126619329676023 0.64009179547428985 1.840360715985297 1.1349387634545567 1.3586599528789511 1.1554042380303144 0.55541476607322715 0.68370085768401612 0.48842745088040818 0.68745633959770203 1.0953604280948628 9.9277340685948712
leaf_count=398 16 152 82 9 18 35 17 24 13 24 13 15 4 132
internal_value=-0.00644774 -0.00552141 -0.0110555 0.00992878 0.0126931 -0.011088 0.0241788 -0.00938259 0.00867096 -0.0113307 -0.0360235 -0.0704144 -0.00865752 -0.00984147
internal_weight=65.8691 65.1847 47.9938 17.191 16.5509 5.3903 11.1606 2.51406 3.54994 2.415 1.7313 1.24287 45.4811 44.3858
internal_count=952 936 616 320 311 118 193 41 100 65 41 28 534 530
is_linear=0
shrinkage=0.05


Tree=90
num_leaves=15
num_cat=0
split_feature=163 99 19 107 87 75 165 170 151 40 73 6 172 29
split_gain=1.13915 1.14146 0.988047 0.996719 0.820409 0.745581 1.01733 0.728965 0.702613 0.996151 1.08921 1.1179 1.20127 1.05107
threshold=1.5000000000000002 1.0000000180025095e-35 1.0000000180025095e-35 1.0000000180025095e-35 1.0000000180025095e-35 1.0000000180025095e-35 1.0000000180025095e-35 1.0000000180025095e-35 1.0000000180025095e-35 1.0000000180025095e-35 1.0000000180025095e-35 1.0000000180025095e-35 1.0000000180025095e-35 1.0000000180025095e-35
decision_type=2 2 2 2 2 2 2 2 2 2 2 2 2 2
left_child=1 7 3 4 5 8 -7 -1 9 10 11 -3 -13 -11
right_child=-2 2 -4 -5 -6 6 -8 -9 -10 13 -12 12 -14 -15
leaf_value=-0.022067007012888148 0.054858287918087514 0.00079225561875697682 -0.040931650596736938 -0.039717068305515468 -0.053398094991408122 -0.0902969333979773 0.010271416393277123 -0.10079902112329751 0.0061397584668317733 -0.052850126560130772 0.057099064106164735 0.030554783785920116 -0.034484458105990226 0.051431857307942065
leaf_weight=0.79605180304497369 0.83088979311287303 23.096597958356153 1.6832057163119305 1.7135218903422345 0.73930096067488094 0.53481511306017526 0.47463473957031965 0.46616025827825069 27.621409830637276 1.762907701544463 0.74840416759252448 0.83988859131932159 4.5890919724479318 0.2800119537860154
leaf_count=31 17 307 10 19 14 14 10 13 358 73 11 8 71 8
internal_value=-0.00331775 -0.00405747 -0.00313003 -0.00211037 -0.00104853 -0.000402929 -0.0430106 -0.0511443 0.000326821 -0.00480017 -0.00244443 -0.00400663 -0.0244226 -0.0385568
internal_weight=66.1769 65.346 64.0838 62.4006 60.6871 59.9478 1.00945 1.26221 58.9383 31.3169 29.274 28.5256 5.42898 2.04292
internal_count=964 947 903 893 874 860 24 44 836 478 397 386 79 81
is_linear=0
shrinkage=0.05


Tree=91
num_leaves=15
num_cat=0
split_feature=29 3 158 78 176 153 172 171 111 162 154 52 153 72
split_gain=1.94165 1.31812 1.50892 1.09566 0.75679 1.48004 2.37813 1.1541 0.820401 0.728494 0.83177 0.673575 0.630806 0.450802
threshold=1.0000000180025095e-35 1.0000000180025095e-35 1.0000000180025095e-35 1.0000000180025095e-35 1.0000000180025095e-35 1.0000000180025095e-35 1.5000000000000002 1.5000000000000002 1.0000000180025095e-35 1.5000000000000002 1.0000000180025095e-35 1.0000000180025095e-35 1.0000000180025095e-35 1.0000000180025095e-35
decision_type=2 2 2 2 2 2 2 2 2 2 2 2 2 2
left_child=3 13 9 4 11 8 7 -7 -6 10 -3 -1 -11 -2
right_child=1 2 -4 -5 5 6 -8 -9 -10 12 -12 -13 -14 -15
leaf_value=0.0057740343854106625 0.027942194316569309 -0.1018988231970842 0.050970035282961706 0.046328889717316378 -0.055396071347268185 0.080714185860206886 -0.057934193054626396 0.0027122572363929886 -0.0045645286351505701 -0.035154953544504895 -0.013826533201490469 -0.028049340953761 0.051184830155309495 0.052521347090597081
leaf_weight=45.675973008386791 4.7099027261137945 0.49757890403270744 0.90856511145830143 1.4680622331798066 2.0975726163014761 1.0083641670644286 0.81736674346029747 0.89521371386945237 1.2770485579967501 0.42799925804138172 0.58122769743204117 1.5209601186215866 0.41831275913864374 3.0889545409008861
leaf_count=521 121 13 36 17 48 13 17 17 13 8 13 13 15 72
internal_value=0.00751303 0.0270656 -0.00214015 0.00371661 0.00254276 -0.0140369 0.0134012 0.0440315 -0.03616 -0.0272056 -0.0544482 0.00468405 0.00752084 0.0376775
internal_weight=65.3931 10.6325 2.83368 54.7606 53.2925 6.09557 2.72094 1.90358 3.37462 1.92512 1.07881 47.1969 0.846312 7.79886
internal_count=937 278 85 659 642 108 47 30 61 49 26 534 23 193
is_linear=0
shrinkage=0.05


Tree=92
num_leaves=15
num_cat=0
split_feature=122 106 162 73 170 173 3 176 170 40 6 164 40 173
split_gain=2.11726 1.84009 1.84785 1.87103 2.12198 1.78806 1.11521 1.94381 1.96709 2.3602 2.00052 1.77048 1.6593 1.68722
threshold=1.0000000180025095e-35 1.0000000180025095e-35 1.0000000180025095e-35 1.0000000180025095e-35 1.0000000180025095e-35 1.0000000180025095e-35 1.0000000180025095e-35 1.0000000180025095e-35 1.0000000180025095e-35 1.0000000180025095e-35 1.0000000180025095e-35 1.0000000180025095e-35 1.0000000180025095e-35 1.0000000180025095e-35
decision_type=2 2 2 2 2 2 2 2 2 2 2 2 2 2
left_child=1 2 3 4 -1 -6 7 8 9 10 -4 -9 13 -8
right_child=-2 -3 6 -5 5 -7 12 11 -10 -11 -12 -13 -14 -15
leaf_value=-0.028795644546626222 -0.091810072793274813 0.01937851580473561 0.02313696572167968 0.023600772509294807 -0.016595080355677822 0.049208780980775919 0.013018410872374675 -0.044459270540306808 -0.0178453204411794 -0.031193900724367743 0.094045242448066529 0.031617679330175716 0.040168319433344743 -0.042884101198798229
leaf_weight=18.096277932170786 0.68385965377092262 7.8056245632469645 12.557366164401179 2.5865307636559001 2.5162131376564494 1.7505173617973921 1.9658571686595667 2.9614029349759217 3.9860473144799462 1.8666255045682199 1.0802648607641465 1.0310130035504697 1.1417931476607917 4.3065964607521892
leaf_count=285 18 64 157 25 18 17 17 77 47 75 13 36 24 83
internal_value=-0.00430098 -0.00336081 -0.00653907 -0.0166603 -0.0213169 0.0104024 0.00163387 0.00697151 0.0134823 0.0215364 0.0287538 -0.0248129 -0.0152717 -0.0253636
internal_weight=64.336 63.6521 55.8465 24.9495 22.363 4.26673 30.897 23.4827 19.4903 15.5043 13.6376 3.99242 7.41425 6.27245
internal_count=956 938 874 345 320 35 529 405 292 245 170 113 124 100
is_linear=0
shrinkage=0.05


Tree=93
num_leaves=15
num_cat=0
split_feature=99 75 78 172 171 167 172 175 29 153 29 153 73 85
split_gain=1.31768 1.24956 0.891135 1.88798 0.992898 1.23771 2.08227 1.95214 1.8512 1.38927 1.31927 1.31089 1.42832 0.87608
threshold=1.0000000180025095e-35 1.0000000180025095e-35 1.0000000180025095e-35 1.5000000000000002 1.0000000180025095e-35 1.0000000180025095e-35 1.0000000180025095e-35 1.0000000180025095e-35 1.0000000180025095e-35 1.0000000180025095e-35 1.0000000180025095e-35 1.0000000180025095e-35 1.0000000180025095e-35 1.0000000180025095e-35
decision_type=2 2 2 2 2 2 2 2 2 2 2 2 2 2
left_child=-1 2 4 -4 -2 7 -7 10 9 -8 11 -6 13 -13
right_child=1 -3 3 -5 5 6 8 -9 -10 -11 -12 12 -14 -15
leaf_value=-0.045832760321764345 0.01192337290640239 -0.054393083769441533 -0.021360384929742814 0.094783245117164183 -0.037997511616370799 0.059256977620890688 -0.009057266109034871 0.073738804807966268 0.051319205294446141 0.038622278542030847 0.015201261067185301 -0.020349761535740932 0.055215456575645354 0.038215492302131109
leaf_weight=1.347478451207279 24.081006674095988 0.89850241784006257 0.62070676870643982 0.80200329050421715 6.0601948606781715 1.7842596080154205 12.895135031081734 0.66009027697145839 1.7276883600279695 1.7331220880150802 3.1691474253311744 6.2440626490861177 0.82515888568013895 0.71130640804767598
leaf_count=49 298 24 7 25 131 16 103 3 57 15 99 90 17 4
internal_value=0.00308443 0.00414394 0.00500175 0.0441115 0.0040727 -0.00120658 0.00796771 -0.010625 0.0023726 -0.0034083 -0.0138989 -0.020562 -0.00698163 -0.0143605
internal_weight=63.5599 62.2124 61.3139 1.42271 59.8912 35.8102 18.1402 17.67 16.3559 14.6283 17.0099 13.8407 7.78053 6.95537
internal_count=938 889 865 32 833 535 191 344 175 118 341 242 111 94
is_linear=0
shrinkage=0.05


Tree=94
num_leaves=15
num_cat=0
split_feature=122 29 124 53 99 158 167 170 107 167 94 173 173 19
split_gain=2.13131 1.84929 1.59981 1.53416 0.792953 0.674275 0.788162 0.80015 0.640658 0.752325 1.73977 0.689892 0.56671 1.03542
threshold=1.0000000180025095e-35 1.0000000180025095e-35 1.0000000180025095e-35 1.0000000180025095e-35 1.0000000180025095e-35 1.0000000180025095e-35 1.0000000180025095e-35 1.0000000180025095e-35 1.0000000180025095e-35 1.0000000180025095e-35 1.0000000180025095e-35 1.0000000180025095e-35 1.0000000180025095e-35 1.0000000180025095e-35
decision_type=2 2 2 2 2 2 2 2 2 2 2 2 2 2
left_child=1 2 4 8 -1 12 7 -7 9 10 11 -3 -6 -14
right_child=-2 3 -4 -5 5 6 -8 -9 -10 -11 -12 -13 13 -15
leaf_value=-0.052083277379981897 -0.091923595013013906 0.0072098756350608938 -0.065977297712849201 -0.051102063733875415 -0.0045230806595610504 -0.056323335584890624 -0.0048054767305221015 -0.002418088441151147 -0.034460038693788268 0.052310041170503946 -0.055146096196519237 0.041081389346927212 0.01006676866736049 -0.043707662377217044
leaf_weight=0.80618936661630769 0.64147362112998862 2.5195316001772827 1.0244159474968899 0.72597652673721391 22.765647162683308 1.7929127002134904 7.221226753666997 1.1174877099692819 0.44300427101552564 2.2388232015073299 0.7105900216847657 3.7272479142993689 17.359415441285822 0.94383756071329017
leaf_count=33 17 53 8 10 268 36 40 12 12 67 16 126 258 6
internal_value=-0.00124228 -0.000324725 -0.00410012 0.0189913 -0.00288128 -0.00210656 -0.0136589 -0.0356257 0.0242704 0.0270996 0.018987 0.0274199 0.000743371 0.0072938
internal_weight=64.0378 63.3963 53.0311 10.3652 52.0067 51.2005 10.1316 2.9104 9.6392 9.19619 6.95737 6.24678 41.0689 18.3033
internal_count=962 945 661 284 653 620 88 48 274 262 195 179 532 264
is_linear=0
shrinkage=0.05


Tree=95
num_leaves=15
num_cat=0
split_feature=49 153 16 171 164 29 111 62 158 150 167 170 94 6
split_gain=0.939187 1.06687 1.83575 1.4502 1.66507 1.43128 1.0868 0.981511 1.10974 2.05404 2.0067 3.65642 1.87583 2.41715
threshold=1.0000000180025095e-35 1.0000000180025095e-35 1.0000000180025095e-35 2.5000000000000004 1.0000000180025095e-35 1.0000000180025095e-35 1.0000000180025095e-35 1.0000000180025095e-35 1.0000000180025095e-35 1.0000000180025095e-35 1.0000000180025095e-35 1.0000000180025095e-35 1.0000000180025095e-35 1.0000000180025095e-35
decision_type=2 2 2 2 2 2 2 2 2 2 2 2 2 2
left_child=1 2 -1 4 6 -5 7 8 12 10 11 -10 13 -4
right_child=-2 -3 3 5 -6 -7 -8 -9 9 -11 -12 -13 -14 -15
leaf_value=0.037778106015688602 0.051672050773195838 0.008650913926428444 -0.010438921481553265 -0.064200245633317179 -0.078399860663236925 0.051101377520860018 0.038051516786047831 0.036125556979685634 -0.045824946667318817 -0.0094594610876508473 0.10668735599048594 0.087776139191059213 0.021284624338719336 -0.054307498820745807
leaf_weight=2.3396359374746671 0.85468085668980975 19.573778618127108 20.997023783624179 1.858420891221612 0.76980605255812307 0.31473088078200806 1.4687420595437277 1.3478326015174378 1.1112120952457178 5.4455776382237673 0.85962427593767632 0.94991390872746695 3.6760371904820195 3.6922020614147177
leaf_count=18 14 315 347 56 15 11 11 10 30 49 8 6 33 54
internal_value=-0.000397192 -0.00108818 -0.00534041 -0.00771459 -0.00557007 -0.0475015 -0.00415243 -0.00578026 -0.00731795 0.0086845 0.0425129 0.015748 -0.0120379 -0.0169993
internal_weight=65.2592 64.4045 44.8308 42.4911 40.318 2.17315 39.5482 38.0794 36.7316 8.36633 2.92075 2.06113 28.3653 24.6892
internal_count=977 963 648 630 563 67 548 537 527 93 44 36 434 401
is_linear=0
shrinkage=0.05


Tree=96
num_leaves=15
num_cat=0
split_feature=122 75 21 69 74 171 162 72 150 81 173 162 171 165
split_gain=2.18962 0.844924 1.07285 0.694828 1.24922 0.964956 0.811388 0.698241 1.15603 1.64617 1.72367 1.83367 1.77233 1.47898
threshold=1.0000000180025095e-35 1.0000000180025095e-35 1.0000000180025095e-35 1.0000000180025095e-35 1.0000000180025095e-35 3.5000000000000004 1.0000000180025095e-35 1.0000000180025095e-35 1.0000000180025095e-35 1.0000000180025095e-35 1.0000000180025095e-35 1.0000000180025095e-35 1.5000000000000002 1.0000000180025095e-35
decision_type=2 2 2 2 2 2 2 2 2 2 2 2 2 2
left_child=1 3 -3 4 5 7 -6 8 13 10 -10 -12 -13 -1
right_child=-2 2 -4 -5 6 -7 -8 -9 9 -11 11 12 -14 -15
leaf_value=-0.0057860284252594756 -0.087685570203836063 0.01130712569805634 -0.083682344536906067 -0.044956431808383227 0.1220741169748924 0.051684632661280427 0.01896956102450463 0.0078969298530953067 -0.049405501735212728 0.086831730133079876 0.063651417033284766 -0.040246582828420134 0.029558482014013288 -0.07213507076796212
leaf_weight=21.225694500375546 0.67118989676237006 0.56552867591380962 0.62661285139620304 0.72068510809913178 0.36325952969491382 1.0279898047447193 0.40195836964994669 32.379977052100003 1.1271915398538102 0.71269886381924141 1.5875965822488067 1.5997471977025273 2.106863709166646 0.87451280001550813
leaf_count=368 17 9 18 13 2 24 21 374 18 7 17 25 40 13
internal_value=0.00216319 0.00308642 -0.0386212 0.00386176 0.00441663 0.00364095 0.0679147 0.00283938 -0.00276237 0.0147376 0.00673602 0.0186891 -0.000568893 -0.00841148
internal_weight=65.9915 65.3203 1.19214 64.1282 63.4075 62.6423 0.765218 61.6143 29.2343 7.1341 6.4214 5.29421 3.70661 22.1002
internal_count=966 949 27 922 909 886 23 862 488 107 100 82 65 381
is_linear=0
shrinkage=0.05


Tree=97
num_leaves=15
num_cat=0
split_feature=124 40 29 170 38 99 162 170 170 3 29 173 170 94
split_gain=2.39003 1.37713 1.93705 1.07305 0.952933 0.805192 0.787352 3.42739 1.76124 1.7236 1.92009 1.62584 1.33515 1.17938
threshold=1.0000000180025095e-35 1.0000000180025095e-35 1.0000000180025095e-35 1.0000000180025095e-35 1.0000000180025095e-35 1.0000000180025095e-35 1.0000000180025095e-35 1.0000000180025095e-35 1.0000000180025095e-35 1.0000000180025095e-35 1.0000000180025095e-35 1.0000000180025095e-35 1.5000000000000002 1.0000000180025095e-35
decision_type=2 2 2 2 2 2 2 2 2 2 2 2 2 2
left_child=1 4 3 -3 5 -1 7 -7 9 -8 11 -11 -10 -9
right_child=-2 2 -4 -5 -6 6 8 13 12 10 -12 -13 -14 -15
leaf_value=-0.038651625275004112 -0.077846425449981757 -0.055153961650578676 0.051195609486723997 -0.0046162360567600751 -0.043079551117012234 -0.007199120215582628 0.026848952652803355 0.070428223049190969 -0.031792062035920381 0.023388730904804832 0.031118568751800014 -0.060855485554347104 0.025176101083081426 0.01699382028438693
leaf_weight=1.0744232917204488 0.97599584329873224 2.7742248210124663 0.74251891765743483 1.6902950033545492 1.0863437876105297 25.662671856582168 14.766467725858098 1.9249141998589028 3.4706904133781782 0.82379261031746809 1.8325479412451384 1.8790811542421577 1.4616396501660345 2.2277646288275719
leaf_count=37 13 103 30 30 13 320 216 16 50 7 55 26 14 17
internal_value=-0.000217369 0.00101625 -0.0235832 -0.0360201 0.00329502 0.00420893 0.00506094 -0.000379742 0.0117546 0.0185684 -0.00839143 -0.0351792 -0.0149102 0.0417626
internal_weight=62.3934 61.4174 5.20704 4.46452 56.2103 55.124 54.0496 29.8154 24.2342 19.3019 4.53542 2.70287 4.93233 4.15268
internal_count=947 934 163 133 771 758 721 353 368 304 88 33 64 33
is_linear=0
shrinkage=0.05


Tree=98
num_leaves=15
num_cat=0
split_feature=109 72 112 163 176 86 94 148 21 107 151 162 172 167
split_gain=3.2087 1.86993 1.45668 1.20395 2.21855 1.4783 3.92997 1.14345 1.25159 1.26219 1.08968 1.15607 0.970786 1.34361
threshold=1.0000000180025095e-35 1.0000000180025095e-35 1.0000000180025095e-35 1.0000000180025095e-35 1.0000000180025095e-35 1.0000000180025095e-35 1.0000000180025095e-35 1.0000000180025095e-35 1.0000000180025095e-35 1.0000000180025095e-35 1.0000000180025095e-35 1.0000000180025095e-35 1.0000000180025095e-35 1.0000000180025095e-35
decision_type=2 2 2 2 2 2 2 2 2 2 2 2 2 2
left_child=1 3 12 4 5 6 7 8 10 -10 11 -1 13 -3
right_child=-2 2 -4 -5 -6 -7 -8 -9 9 -11 -12 -13 -14 -15
leaf_value=-0.0016737682650611403 0.076621172891182476 0.018383434701445069 -0.041785946217909924 0.0082586978598200283 -0.054838144528929017 -0.05779091357613822 0.096751808450024943 0.057490279246721211 -0.055898532238457033 0.0026626149472905297 0.038504889688338026 -0.053664959121820371 0.0072876846657417395 0.068645355114826487
leaf_weight=7.9535013064742124 1.5033619366586197 7.972301437519496 1.2313744910061348 9.7605747757479566 2.753393694292753 1.3029147898778308 0.94073131680488664 0.62847138941288072 2.5955971130169919 1.4254347495734689 1.4127086922526366 1.2352772736921904 19.298059558030218 1.5957885403186081
leaf_count=131 12 76 38 176 72 26 6 3 77 8 16 38 252 18
internal_value=0.0044708 0.00266619 0.0114722 -0.00616595 -0.0131194 -0.00655344 -0.00243047 -0.00854836 -0.0113867 -0.0351389 -0.00237771 -0.00866311 0.0137441 0.0267662
internal_weight=61.6095 60.1061 30.0975 30.0086 20.248 17.4946 16.1917 15.251 14.6225 4.02103 10.6015 9.18878 28.8661 9.56809
internal_count=949 937 384 553 377 305 279 273 270 85 185 169 346 94
is_linear=0
shrinkage=0.05


Tree=99
num_leaves=15
num_cat=0
split_feature=170 49 29 171 136 154 3 6 86 176 94 162 13 124
split_gain=1.77101 1.50637 1.34725 1.66836 1.62085 1.38417 0.988838 0.982032 0.775886 0.723075 0.722063 1.14794 0.618422 0.634426
threshold=3.5000000000000004 1.0000000180025095e-35 1.0000000180025095e-35 1.5000000000000002 1.0000000180025095e-35 1.0000000180025095e-35 1.0000000180025095e-35 1.0000000180025095e-35 1.0000000180025095e-35 1.0000000180025095e-35 1.0000000180025095e-35 1.5000000000000002 1.0000000180025095e-35 1.0000000180025095e-35
decision_type=2 2 2 2 2 2 2 2 2 2 2 2 2 2
left_child=1 2 4 5 8 7 -7 10 12 -10 11 -4 13 -1
right_child=-2 -3 3 -5 -6 6 -8 -9 9 -11 -12 -13 -14 -15
leaf_value=0.00075949730551971167 -0.070198973938862735 0.079034454764352391 0.016204268231384683 0.051012452321228002 -0.040369984444291948 -0.0037570398186875585 -0.095528499634771058 0.052029886004004357 -0.041997405844162172 0.021619805519807495 0.055753801253033142 -0.046236626759376481 0.043446934776598861 0.034675004761163489
leaf_weight=44.996546587441117 0.83383403532206912 0.64728699624538322 2.0960268285125485 2.9411152368411422 2.4624892044812432 0.68856640718877293 0.51163119450211525 1.426884341984987 1.8265211675316089 0.59123859461396921 0.56048999726772297 1.1344780195504425 0.90877056308090587 1.422462761402129
leaf_count=574 12 11 44 128 29 16 8 41 32 8 6 18 14 9
internal_value=0.00218625 0.0031564 0.00235866 0.0198277 -0.000772973 0.00553716 -0.0428782 0.0166735 0.00118715 -0.0264405 0.00336576 -0.00572352 0.00259852 0.0017988
internal_weight=63.0483 62.2145 61.5672 9.35919 52.208 6.41808 1.2002 5.21788 49.7455 2.41776 3.79099 3.2305 47.3278 46.419
internal_count=950 938 927 261 666 133 24 109 637 40 68 62 597 583
is_linear=0
shrinkage=0.05


Tree=100
num_leaves=15
num_cat=0
split_feature=52 38 53 158 75 49 150 163 170 106 124 29 171 94
split_gain=1.98789 1.49218 1.07696 0.902469 1.14458 1.37302 1.21599 0.988538 1.31557 0.770734 0.727468 0.632585 0.781504 0.704808
threshold=1.0000000180025095e-35 1.0000000180025095e-35 1.0000000180025095e-35 1.0000000180025095e-35 1.0000000180025095e-35 1.0000000180025095e-35 1.0000000180025095e-35 1.0000000180025095e-35 3.5000000000000004 1.0000000180025095e-35 1.0000000180025095e-35 1.0000000180025095e-35 1.0000000180025095e-35 1.0000000180025095e-35
decision_type=2 2 2 2 2 2 2 2 2 2 2 2 2 2
left_child=1 2 3 4 5 10 -6 9 -9 -5 11 -1 -13 -14
right_child=-2 -3 -4 7 6 -7 -8 8 -10 -11 -12 12 13 -15
leaf_value=-0.0029393181286040495 -0.061942614113349087 -0.061667141872908962 -0.042062790732638855 -0.041152886377926717 -0.1124023533937064 0.074825819769541321 -0.0015120936776257389 0.051135401725453139 -0.063941988260101626 -0.010634926773616252 0.032326590952567048 -0.0063764767521257495 0.038605771286333468 -0.026125883655271194
leaf_weight=36.651149574201554 1.5488835461437691 1.1224393155425776 1.7528535509482015 3.2430255543440563 0.4561381172388782 0.63614813797175784 0.53976044524461031 1.0481573017314065 0.32547420077025879 5.7142502591013908 1.7626555673778046 2.6084961313754311 3.0530648175626998 0.48768170922994603
leaf_count=509 20 15 27 67 12 10 12 44 5 31 17 59 123 10
internal_value=-0.00602258 -0.00456447 -0.00346468 -0.00226777 0.000719907 0.00188816 -0.0523017 -0.0156273 0.0238685 -0.0216841 0.000846958 -0.000449472 0.0143907 0.02969
internal_weight=60.9502 59.4013 58.2789 56.526 46.1951 45.1992 0.995899 10.3309 1.37363 8.95728 44.563 42.8004 6.14924 3.54075
internal_count=961 941 926 899 752 728 24 147 49 98 718 701 192 133
is_linear=0
shrinkage=0.05


Tree=101
num_leaves=15
num_cat=0
split_feature=53 109 75 38 162 16 153 3 164 171 171 132 72 132
split_gain=1.15857 1.05993 0.970285 0.994708 1.14751 1.73544 1.77241 3.60982 2.0049 1.88002 1.57076 1.49961 1.23857 1.04288
threshold=1.0000000180025095e-35 1.0000000180025095e-35 1.0000000180025095e-35 1.0000000180025095e-35 1.0000000180025095e-35 1.0000000180025095e-35 1.0000000180025095e-35 1.0000000180025095e-35 1.0000000180025095e-35 1.0000000180025095e-35 2.5000000000000004 1.0000000180025095e-35 1.0000000180025095e-35 1.0000000180025095e-35
decision_type=2 2 2 2 2 2 2 2 2 2 2 2 2 2
left_child=1 2 3 4 5 -1 9 8 10 13 -8 -6 -11 -7
right_child=-2 -3 -4 -5 11 6 7 -9 -10 12 -12 -13 -14 -15
leaf_value=-0.065597452580690704 -0.041908333501057562 0.035211704117644682 -0.054384364742527086 -0.04656630783057325 0.011234858927996682 5.7804405792489811e-05 -0.0044379891271538767 0.076204913321299861 -0.057942744450116428 -0.056597440812780966 0.072367407192320418 -0.052803053359365394 -0.015985537001704353 0.055906192536417348
leaf_weight=1.1705716922879243 1.6921858023852099 2.0684188921004525 0.84567499393597145 1.143925592303275 23.129716524388645 9.9623812846839463 2.6085637807846065 1.9564482392743228 1.2808598801493642 2.3478991538286182 0.89375966787338246 0.95182641223072906 9.3684112704358995 0.91245608031749803
leaf_count=10 26 17 25 15 469 151 34 16 16 57 3 17 86 3
internal_value=-0.00112062 5.63817e-05 -0.00122898 -0.000422324 0.000544742 -0.00589699 -0.00351438 0.0189887 -0.00441427 -0.0102277 0.015162 0.00870375 -0.024124 0.00474378
internal_weight=60.3331 58.6409 56.5725 55.7268 54.5829 30.5014 29.3308 6.73963 4.78318 22.5911 3.50232 24.0815 11.7163 10.8748
internal_count=945 919 902 877 862 376 366 69 53 297 37 486 143 154
is_linear=0
shrinkage=0.05


Tree=102
num_leaves=15
num_cat=0
split_feature=163 87 74 75 49 170 124 6 172 72 172 23 170 163
split_gain=0.963622 0.748038 0.593155 1.01342 0.865897 0.770388 0.534735 0.70088 2.12678 1.49152 1.0597 0.873691 3.17743 1.88009
threshold=1.5000000000000002 1.0000000180025095e-35 1.0000000180025095e-35 1.0000000180025095e-35 1.0000000180025095e-35 1.0000000180025095e-35 1.0000000180025095e-35 1.0000000180025095e-35 1.5000000000000002 1.0000000180025095e-35 1.0000000180025095e-35 1.0000000180025095e-35 1.0000000180025095e-35 1.0000000180025095e-35
decision_type=2 2 2 2 2 2 2 2 2 2 2 2 2 2
left_child=1 2 3 4 6 -4 7 8 11 -10 -9 -1 13 -13
right_child=-2 -3 5 -5 -6 -7 -8 10 9 -11 -12 12 -14 -15
leaf_value=-0.0090200610355639955 0.054674658420334123 -0.053516285513706553 -0.014909427250369832 -0.054368485058033503 0.053393908228529935 0.067800888578121568 -0.028084567900618581 0.050409672985631065 0.020565451834372108 0.15013986150863609 0.0041099919801897492 -0.052627576318456187 0.1497265026992036 0.051240772486747799
leaf_weight=29.892124219797552 0.79374094400554795 0.66493602283298869 0.46685093361884245 0.87284670490771432 0.74704048503190179 0.70923836342990398 1.7396348640322674 1.3098875731229807 0.59135701786726613 0.35566636361181736 21.866669644601643 0.95597295043989949 0.40719391219317902 0.80045685172080994
leaf_count=449 18 14 21 24 11 6 18 13 25 6 284 48 8 17
internal_value=-6.39697e-05 -0.000771829 -0.000194183 -0.00088877 -9.30862e-05 0.0349689 -0.000782963 6.24516e-05 -0.00461762 0.0692287 0.00672675 -0.00679927 0.0238827 -0.00529171
internal_weight=62.1736 61.3799 60.7149 59.5389 58.666 1.17609 57.919 56.1793 33.0028 0.947023 23.1766 32.0557 2.16362 1.75643
internal_count=962 944 930 903 879 27 868 850 553 31 297 522 73 65
is_linear=0
shrinkage=0.05


Tree=103
num_leaves=15
num_cat=0
split_feature=19 75 154 167 166 109 94 163 48 6 171 150 172 164
split_gain=2.34879 0.98764 0.921037 1.33671 1.23738 1.04774 0.809693 1.7721 1.51003 1.39045 1.16166 0.718306 0.592691 0.974475
threshold=1.0000000180025095e-35 1.0000000180025095e-35 1.0000000180025095e-35 1.0000000180025095e-35 1.0000000180025095e-35 1.0000000180025095e-35 1.0000000180025095e-35 1.0000000180025095e-35 1.0000000180025095e-35 1.0000000180025095e-35 1.5000000000000002 1.0000000180025095e-35 1.5000000000000002 1.0000000180025095e-35
decision_type=2 2 2 2 2 2 2 2 2 2 2 2 2 2
left_child=1 2 5 6 -5 12 7 8 -4 -9 -11 -3 -1 -14
right_child=-2 11 3 4 -6 -7 -8 9 -10 10 -12 -13 13 -15
leaf_value=0.010447554951995201 -0.056135303737914713 -0.087450262018777897 -0.053262993435753136 -0.14042509807836254 -0.019305267477856242 0.046191078826954127 0.025234300841740515 0.05068741236999063 0.033342785615684011 -0.091862167648703974 0.02777511362648415 -0.002161522867393793 -0.0065849548271746444 0.03657948593836069
leaf_weight=36.078120571095496 1.6051764152944077 0.48963992018252511 2.5779405655339347 0.35183486249297846 0.5263063283637166 1.7766397893428791 1.9323870334774254 1.4541398705914619 0.62540863454341877 0.39882224053144444 0.41303729359060526 0.49790440499782562 11.948447443544863 1.4682223312556733
leaf_count=531 12 13 97 7 21 10 14 31 3 4 16 10 125 49
internal_value=0.00356107 0.00514391 0.00596631 -0.00950719 -0.067833 0.00846514 -0.00258743 -0.0124172 -0.0363544 0.0214219 -0.0309961 -0.044449 0.00711095 -0.00186135
internal_weight=62.144 60.5389 59.5513 8.27988 0.878141 51.2714 7.40174 5.46935 3.20335 2.266 0.81186 0.987544 49.4948 13.4167
internal_count=943 931 908 193 28 715 165 151 100 51 20 23 705 174
is_linear=0
shrinkage=0.05


Tree=104
num_leaves=15
num_cat=0
split_feature=109 111 78 165 154 163 101 164 3 165 40 153 72 72
split_gain=1.50515 1.0218 0.763268 1.54359 1.2525 0.923412 0.879552 1.16822 2.89714 1.23106 1.2586 2.63671 2.02269 0.981096
threshold=1.0000000180025095e-35 1.0000000180025095e-35 1.0000000180025095e-35 1.0000000180025095e-35 1.0000000180025095e-35 1.0000000180025095e-35 1.0000000180025095e-35 1.0000000180025095e-35 1.0000000180025095e-35 1.0000000180025095e-35 1.0000000180025095e-35 1.0000000180025095e-35 1.0000000180025095e-35 1.0000000180025095e-35
decision_type=2 2 2 2 2 2 2 2 2 2 2 2 2 2
left_child=1 2 6 4 5 -4 7 9 -9 -1 11 -11 -12 -13
right_child=-2 -3 3 -5 -6 -7 -8 8 -10 10 12 13 -14 -15
leaf_value=-0.0024639181334570309 0.038380257750288027 0.032410176525688741 -0.053929823583012397 -0.047365612225082489 0.12959192640637524 0.054205626854284067 0.050563221581462439 -0.059472974730810757 0.037004984384399156 -0.0099835418439642321 -0.034814004269232215 -0.041989950950769662 0.10510382143284509 -0.098235883530395543
leaf_weight=38.146730936598033 1.9619787801057089 1.6703778821974982 0.2800232097506512 0.53717110492289055 0.38133269175887108 0.66929274518042803 0.62692366447299619 3.0344843086786559 1.0464788302779195 8.1279657310806162 0.53888727724552221 2.0905734430998573 0.49608205538243055 1.2323050126433375
leaf_count=603 16 19 8 6 5 26 7 72 24 97 16 31 11 22
internal_value=-0.00470166 -0.00613725 -0.00726277 0.0241737 0.0530534 0.0223085 -0.00832379 -0.00899854 -0.0347332 -0.00692433 -0.0205518 -0.0253244 0.0322515 -0.062849
internal_weight=60.8406 58.8786 57.2083 1.86782 1.33065 0.949316 55.3404 54.7135 4.08096 50.6325 12.4858 11.4508 1.03497 3.32288
internal_count=963 947 928 45 39 34 883 876 96 780 177 150 27 53
is_linear=0
shrinkage=0.05


Tree=105
num_leaves=15
num_cat=0
split_feature=109 163 53 171 136 111 73 163 171 49 124 148 163 163
split_gain=0.934875 0.843004 0.764916 0.811022 0.716498 0.620874 0.682966 0.856698 0.613248 0.632524 0.556509 0.336813 0.704499 0.330682
threshold=1.0000000180025095e-35 1.5000000000000002 1.0000000180025095e-35 1.0000000180025095e-35 1.0000000180025095e-35 1.0000000180025095e-35 1.0000000180025095e-35 1.0000000180025095e-35 3.5000000000000004 1.0000000180025095e-35 1.0000000180025095e-35 1.0000000180025095e-35 1.0000000180025095e-35 1.0000000180025095e-35
decision_type=2 2 2 2 2 2 2 2 2 2 2 2 2 2
left_child=1 2 4 -4 5 6 8 -8 9 10 13 12 -10 -1
right_child=-2 -3 3 -5 -6 -7 7 -9 11 -11 -12 -13 -14 -15
leaf_value=-0.0013135544260044676 0.035176163339736576 0.054646752708980589 0.0124083595949251 -0.058857777702393081 -0.040500412826627044 0.031628582266696452 -0.055319681530683257 0.022440996851542279 -0.053186038243633695 0.041062216603124674 -0.031721108638978604 0.066473330102581149 0.05133509293102187 0.0083608367833831292
leaf_weight=37.5981983137317 2.012811303138732 0.7109796367585649 0.6275017261505117 1.0973339853808282 1.0279306210577477 1.6727473158389319 1.1323713660240162 0.51541920937597741 0.25182537361979374 0.96002477128058572 1.3381552528589953 0.53327281773090363 0.44806999200955033 11.545206263661383
leaf_count=535 15 16 8 19 21 18 27 14 7 16 12 2 29 217
internal_value=0.00166294 0.000528453 -0.000126497 -0.0329309 0.000865769 0.00162515 0.000701254 -0.0309966 0.00169284 0.000857541 9.29555e-05 0.0365372 0.0137279 0.00095924
internal_weight=61.4718 59.459 58.7481 1.72484 57.0232 55.9953 54.3225 1.64779 52.6748 51.4416 50.4816 1.23317 0.699895 49.1434
internal_count=956 941 925 27 898 877 859 41 818 780 764 38 36 752
is_linear=0
shrinkage=0.05


Tree=106
num_leaves=15
num_cat=0
split_feature=99 171 170 78 40 29 75 170 29 26 173 167 167 153
split_gain=1.00157 0.844461 0.768389 1.15501 1.1762 1.38974 0.81193 0.595031 0.631332 0.526342 1.27247 1.6576 1.11352 2.43353
threshold=1.0000000180025095e-35 3.5000000000000004 3.5000000000000004 1.0000000180025095e-35 1.0000000180025095e-35 1.0000000180025095e-35 1.0000000180025095e-35 1.0000000180025095e-35 1.0000000180025095e-35 1.0000000180025095e-35 1.0000000180025095e-35 1.0000000180025095e-35 1.0000000180025095e-35 1.0000000180025095e-35
decision_type=2 2 2 2 2 2 2 2 2 2 2 2 2 2
left_child=7 2 3 4 6 -6 9 8 -1 10 -2 -12 -11 -14
right_child=1 -3 -4 -5 5 -7 -8 -9 -10 12 11 -13 13 -15
leaf_value=-0.051988071706646682 0.0057137787346151431 0.043248426063672296 -0.042702209760031772 0.055055113961024763 -0.046119296812959093 0.051193197327363771 -0.048585367209467406 -0.096747591644779196 0.051234449289355714 -0.0011043339729634707 -0.0062564000596119955 -0.061506818197163741 0.0030587703758442031 0.072187884643336794
leaf_weight=0.46434634365141281 29.802221035584807 1.1992016183212388 0.99492607265710731 0.99371854402124782 2.356775656342506 0.4345350358635186 0.77239164989441533 0.38598932046443224 0.2175253015011549 7.0095213726162893 9.6155268009752 1.5806933678686625 3.383786091580987 2.0409307777881622
leaf_count=22 337 45 9 15 104 18 18 11 8 143 124 23 53 16
internal_value=0.000858987 0.00171065 0.000866158 0.00161365 0.000681914 -0.0309703 0.00231185 -0.0471402 -0.0190588 0.00304759 0.000314678 -0.0140567 0.0120586 0.0290671
internal_weight=61.2521 60.1842 58.985 57.9901 56.9964 2.79131 54.2051 1.06786 0.681872 53.4327 40.9984 11.1962 12.4342 5.42472
internal_count=946 905 860 851 836 122 714 41 30 696 484 147 212 69
is_linear=0
shrinkage=0.05


Tree=107
num_leaves=15
num_cat=0
split_feature=106 170 164 150 171 153 6 26 168 153 172 171 6 162
split_gain=1.50979 0.847325 1.73671 1.98286 1.02321 1.16013 1.06603 1.00274 1.71701 1.98574 3.3535 1.24831 1.23202 0.924265
threshold=1.0000000180025095e-35 1.0000000180025095e-35 1.0000000180025095e-35 1.0000000180025095e-35 2.5000000000000004 1.0000000180025095e-35 1.0000000180025095e-35 1.0000000180025095e-35 1.0000000180025095e-35 1.0000000180025095e-35 1.0000000180025095e-35 3.5000000000000004 1.0000000180025095e-35 1.0000000180025095e-35
decision_type=2 2 2 2 2 2 2 2 2 2 2 2 2 2
left_child=1 7 4 -4 6 -6 -3 -1 11 10 -10 12 -9 -12
right_child=-2 2 3 -5 5 -7 -8 8 9 -11 13 -13 -14 -15
leaf_value=-0.0069278108815792154 0.025757633194475833 0.039347534139762178 -0.059753707753662448 0.029652137901236664 -0.070757283851910685 0.027519472045893251 0.0024823021193143523 0.00052448460542532302 0.1018343516570486 0.088742902515859076 -0.057846036741469292 0.054929755832995225 -0.04894141743707469 0.0067894398621213513
leaf_weight=30.821426955517381 7.0787274064496151 6.1416722135618311 1.5534665612503877 1.0322260018438101 0.59970510564744361 0.60146427340805531 2.8808114789426327 5.423767655156551 0.82351444568485055 1.2255299175158141 0.82411623746156726 0.80039596091955889 1.6392022394575176 1.6817813720554111
leaf_count=449 62 58 25 14 14 12 31 162 6 11 17 30 48 21
internal_value=0.00399933 0.00125136 0.0125464 -0.0240623 0.0218052 -0.0215469 0.0275767 -0.00209469 0.00990078 0.0343288 0.0142994 -0.00424941 -0.0109558 -0.0144673
internal_weight=63.1278 56.0491 12.8093 2.58569 10.2237 1.20117 9.02248 43.2397 12.4183 4.55494 3.32941 7.86337 7.06297 2.5059
internal_count=960 898 154 39 115 26 89 744 295 55 44 240 210 38
is_linear=0
shrinkage=0.05


Tree=108
num_leaves=15
num_cat=0
split_feature=173 16 165 167 176 94 151 132 52 170 171 106 99 171
split_gain=0.960889 1.80925 0.971238 1.6924 1.88298 1.77224 1.57933 1.34328 0.979557 0.934507 1.0323 0.896766 0.752733 0.814094
threshold=1.0000000180025095e-35 1.0000000180025095e-35 1.0000000180025095e-35 1.0000000180025095e-35 1.0000000180025095e-35 1.0000000180025095e-35 1.0000000180025095e-35 1.0000000180025095e-35 1.0000000180025095e-35 1.0000000180025095e-35 1.0000000180025095e-35 1.0000000180025095e-35 1.0000000180025095e-35 1.0000000180025095e-35
decision_type=2 2 2 2 2 2 2 2 2 2 2 2 2 2
left_child=1 -1 3 4 5 6 7 9 11 10 -3 -4 13 -2
right_child=12 2 8 -5 -6 -7 -8 -9 -10 -11 -12 -13 -14 -15
leaf_value=0.045749817680462053 -0.11944630783177985 -0.013099819849368689 -0.051739833602919297 0.015751665446723555 -0.085034178412407985 -0.07784155406770997 0.042384024278322587 -0.074974355201455664 0.018195850166945915 0.053255142291661256 0.036853237798903662 -0.015209254311333787 0.011256009234357642 0.0040937193615180004
leaf_weight=1.8147427234798659 0.23093298263848083 10.067560199648133 2.361888693645593 9.9895626730285585 0.80447037331760007 0.82395640946924764 1.7285872213542468 0.71840779483318407 1.5001615025103099 0.6599499601870783 1.1526578813791264 5.8189450278878212 23.282833509612828 0.31558702513575554
leaf_count=13 4 152 40 131 21 8 11 6 9 8 27 50 460 20
internal_value=0.00204578 -0.00294955 -0.00543023 -0.000387328 -0.0104917 -0.00653378 -0.00243286 -0.00858196 -0.0189452 -0.00456713 -0.00796812 -0.025756 0.0098945 -0.0481083
internal_weight=61.2702 37.4409 35.6261 25.9452 15.9556 15.1511 14.3272 12.5986 9.681 11.8802 11.2202 8.18083 23.8294 0.54652
internal_count=960 476 463 364 233 212 204 193 99 187 179 90 484 24
is_linear=0
shrinkage=0.05


Tree=109
num_leaves=15
num_cat=0
split_feature=38 48 132 99 164 163 154 172 165 163 26 167 3 72
split_gain=1.18948 1.08316 0.738676 0.591881 0.672174 0.819411 0.634049 2.1139 1.83858 1.57956 1.02485 1.46486 1.14549 1.62033
threshold=1.0000000180025095e-35 1.0000000180025095e-35 1.0000000180025095e-35 1.0000000180025095e-35 1.0000000180025095e-35 1.0000000180025095e-35 1.0000000180025095e-35 1.5000000000000002 1.0000000180025095e-35 1.0000000180025095e-35 1.0000000180025095e-35 1.0000000180025095e-35 1.0000000180025095e-35 1.0000000180025095e-35
decision_type=2 2 2 2 2 2 2 2 2 2 2 2 2 2
left_child=1 2 3 4 5 -1 10 8 9 -8 -5 12 13 -12
right_child=-2 -3 -4 6 -6 -7 7 -9 -10 -11 11 -13 -14 -15
leaf_value=-0.051835973589668773 -0.045262320757028601 -0.044592836926695641 -0.02560124645971841 0.0025629946941628742 -0.10379431775669962 0.051298528326901328 -0.053688708123795448 0.028100774852521788 -0.12322341440745888 0.0097592078089085901 -0.0046584855515420477 0.040384875211394639 -0.070375560786658228 0.060013175281757147
leaf_weight=0.48345240671187528 1.381615750491618 1.2387494258582581 2.2235044203698626 36.913345789536834 0.25593546498566866 0.3201108556240797 1.7969470475800329 2.3946953257545829 0.47435422800481308 2.1601360812783241 4.2868033321574313 4.8760426426306367 0.48246621526777733 1.251232865732163
leaf_count=25 18 9 29 467 7 10 77 44 11 37 111 56 20 13
internal_value=0.000598582 0.00166965 0.0026591 0.00378732 -0.0332267 -0.0107509 0.00450509 -0.00974978 -0.0302038 -0.0190531 0.00654036 0.0200141 0.00351576 0.00995307
internal_weight=60.5394 59.1578 57.919 55.6955 1.0595 0.803563 54.636 6.82613 4.43144 3.95708 47.8099 10.8965 6.0205 5.53804
internal_count=934 916 907 878 42 35 836 169 125 114 667 200 144 124
is_linear=0
shrinkage=0.05


Tree=110
num_leaves=15
num_cat=0
split_feature=136 49 6 172 23 94 163 62 153 165 151 171 29 151
split_gain=1.13568 0.842651 0.97605 2.51674 1.85945 1.89327 3.29025 0.742452 0.641832 1.1723 1.32644 1.10855 1.28611 1.2835
threshold=1.0000000180025095e-35 1.0000000180025095e-35 1.0000000180025095e-35 1.0000000180025095e-35 1.0000000180025095e-35 1.0000000180025095e-35 1.0000000180025095e-35 1.0000000180025095e-35 1.0000000180025095e-35 1.0000000180025095e-35 1.0000000180025095e-35 1.5000000000000002 1.0000000180025095e-35 1.0000000180025095e-35
decision_type=2 2 2 2 2 2 2 2 2 2 2 2 2 2
left_child=1 2 4 -4 7 6 -6 -1 11 10 -10 13 -13 -5
right_child=-2 -3 3 8 5 -7 -8 -9 9 -11 -12 12 -14 -15
leaf_value=-0.0075941860516768461 -0.030186247857634563 0.052805567337655838 0.089577826572779337 -0.04820166286739342 -0.052191576247165528 0.13466828548356047 0.073525042306191252 0.031920408807037975 -0.045130185199773305 0.03278480852185444 0.020752561303961525 -0.058203145114223198 0.051159146508019129 0.011240681909779521
leaf_weight=31.782593920826912 2.7185845179483286 0.83299076929688354 0.96203854866326111 1.0013015652075381 0.91971705993637431 0.42424595169723023 1.1988935302942989 1.2349489238113154 1.2891449988819659 5.0112396162003279 1.8753817109391093 1.4072458837181336 0.33231809083372343 9.7583117987960577
leaf_count=482 35 12 8 20 52 8 54 10 30 76 22 39 12 90
internal_value=0.00139903 0.00287873 0.00215162 0.010525 -0.00294325 0.0382561 0.0189498 -0.00611623 0.00684659 0.0177393 -0.00608634 -0.000278366 -0.0373111 0.00570891
internal_weight=60.749 58.0304 57.1974 21.637 35.5604 2.54286 2.11861 33.0175 20.6749 8.17577 3.16453 12.4992 1.73956 10.7596
internal_count=950 915 903 297 606 114 106 492 289 128 52 161 51 110
is_linear=0
shrinkage=0.05


Tree=111
num_leaves=15
num_cat=0
split_feature=136 21 167 162 165 172 173 81 172 72 153 162 164 171
split_gain=1.18644 1.17364 1.80643 1.68505 1.53196 1.38421 1.25304 1.36271 2.22844 1.57933 1.22394 1.30274 1.16531 1.317
threshold=1.0000000180025095e-35 1.0000000180025095e-35 1.0000000180025095e-35 1.0000000180025095e-35 1.0000000180025095e-35 1.0000000180025095e-35 1.5000000000000002 1.0000000180025095e-35 1.0000000180025095e-35 1.0000000180025095e-35 1.0000000180025095e-35 1.0000000180025095e-35 1.0000000180025095e-35 2.5000000000000004
decision_type=2 2 2 2 2 2 2 2 2 2 2 2 2 2
left_child=1 -1 3 -3 5 -4 7 8 9 -5 11 -7 -10 -14
right_child=-2 2 4 6 -6 10 -8 -9 12 -11 -12 -13 13 -15
leaf_value=0.0089754572341151223 -0.029159760321547601 -0.04782263657428118 0.077474717985596048 -0.018425470956153808 -0.045564692241424634 -0.059631154353298382 0.04522323881601259 0.030471305468597248 -0.082306485524152193 0.10694314886852528 0.068300293732554654 0.022035018039361413 -0.064050466166728465 0.029017420753165386
leaf_weight=44.613935738336295 2.6639155931770793 3.4422938828356546 1.1258458485826843 0.59112179232761242 0.79328118823468674 0.75886152312159616 1.060267563909292 1.2864839816465972 1.4663066109642389 0.43686409294605255 0.72088886285200704 1.3697898732498286 0.80080997943878152 0.72360378876328468
leaf_count=557 36 76 8 34 21 13 43 19 53 8 5 20 29 19
internal_value=0.00348198 0.00495105 -0.00736644 -0.0196399 0.0178766 0.0305362 -0.0043994 -0.0143167 -0.0286544 0.0348525 0.0119909 -0.00707887 -0.0504834 -0.0198733
internal_weight=61.8543 59.1904 14.5764 9.80775 4.76867 3.97539 6.36546 5.30519 4.01871 1.02799 2.84954 2.12865 2.99072 1.52441
internal_count=941 905 348 281 67 46 205 162 143 42 38 33 101 48
is_linear=0
shrinkage=0.05


Tree=112
num_leaves=15
num_cat=0
split_feature=6 74 163 162 40 21 173 151 176 166 167 162 162 21
split_gain=0.912992 1.06018 0.794466 2.40389 1.33167 0.975938 1.56697 3.70021 0.855079 0.716179 0.671213 1.46092 0.614724 2.00393
threshold=1.0000000180025095e-35 1.0000000180025095e-35 1.0000000180025095e-35 1.5000000000000002 1.0000000180025095e-35 1.0000000180025095e-35 1.0000000180025095e-35 1.0000000180025095e-35 1.0000000180025095e-35 1.0000000180025095e-35 1.0000000180025095e-35 1.5000000000000002 1.0000000180025095e-35 1.0000000180025095e-35
decision_type=2 2 2 2 2 2 2 2 2 2 2 2 2 2
left_child=1 2 3 4 12 10 7 -7 9 -8 11 -4 -1 -14
right_child=-2 -3 5 -5 -6 6 8 -9 -10 -11 -12 -13 13 -15
leaf_value=0.0051688934132953926 -0.0064432953921474776 0.064952406662220075 0.043872550921741221 0.094728641498881161 -0.052221039370988202 -0.19341213958425674 -0.025736765241954996 0.051181798652181615 0.056320603147891717 0.050839742561947315 -0.002124723614250573 -0.021610679108789405 -0.034229337314603175 0.022633333241148357
leaf_weight=17.419139663688849 24.066072713583708 0.74806071911007066 5.1686113309115154 0.65355869475752015 1.2734579448588181 0.32984104193747077 1.3656839327886703 0.29107244405895472 0.71221845410764206 0.39325118251144875 1.7329271994531152 1.0197913013398645 4.1031208783388129 2.4894882994703948
leaf_count=259 339 19 64 7 73 10 30 11 28 22 23 18 41 29
internal_value=0.00116517 0.00602206 0.00482907 5.18689e-05 -0.00239529 0.0160803 -0.00774258 -0.0787511 0.0100994 -0.00861629 0.0253796 0.0330815 0.000247212 -0.012757
internal_weight=61.7663 37.7002 36.9522 25.9388 25.2852 11.0134 3.09207 0.620913 2.47115 1.75894 7.92133 6.1884 24.0117 6.59261
internal_count=973 634 615 409 402 206 101 21 80 52 105 82 329 70
is_linear=0
shrinkage=0.05


Tree=113
num_leaves=15
num_cat=0
split_feature=6 150 133 99 19 163 153 164 40 167 165 171 153 167
split_gain=2.55002 1.45713 1.51035 1.23971 1.16853 1.52761 1.7022 2.8456 0.854914 1.285 1.10103 0.929058 1.45702 2.8129
threshold=1.0000000180025095e-35 1.0000000180025095e-35 1.0000000180025095e-35 1.0000000180025095e-35 1.0000000180025095e-35 1.0000000180025095e-35 1.0000000180025095e-35 1.0000000180025095e-35 1.0000000180025095e-35 1.0000000180025095e-35 1.0000000180025095e-35 1.5000000000000002 1.0000000180025095e-35 1.0000000180025095e-35
decision_type=2 2 2 2 2 2 2 2 2 2 2 2 2 2
left_child=1 2 3 -1 5 6 -5 -8 11 10 -10 -2 -13 -14
right_child=8 -3 -4 4 -6 -7 7 -9 9 -11 -12 12 13 -15
leaf_value=-0.056556549389526506 -0.021245813707734682 0.049070555871846888 -0.057519363540436269 0.0098154739545854505 -0.039595633495420432 0.030139466693390734 -0.056501917490883985 0.037418268711416958 -0.02840035669662663 -0.06125844392879537 0.071681494592928524 -0.035995722294054538 -0.014795408837805144 0.07826641392135375
leaf_weight=0.74769333377480407 17.151802250184126 2.0235506589524439 0.92732691951095958 21.728974039666358 1.2165852859616268 7.4975485801696768 2.5466462969779964 1.1802528547123072 0.38296805974095949 0.37408788129687298 0.97301668114960194 1.6083938321098674 2.0677180178463459 1.3370465906336906
leaf_count=32 184 61 9 303 7 147 51 22 16 9 19 53 39 17
internal_value=-0.000279572 0.00779073 0.00546037 0.00713296 0.00852658 0.0103032 0.00446077 -0.0267588 -0.0130693 0.0207823 0.0434156 -0.0157116 0.00322308 0.0217498
internal_weight=61.7636 37.8686 35.845 34.9177 34.17 32.9534 25.4559 3.7269 23.895 1.73007 1.35598 22.165 5.01316 3.40476
internal_count=969 632 571 562 530 523 376 73 337 44 35 293 109 56
is_linear=0
shrinkage=0.05


Tree=114
num_leaves=15
num_cat=0
split_feature=132 75 21 29 164 101 48 133 162 53 72 124 78 85
split_gain=1.49969 0.543241 1.50315 0.591667 1.16916 2.35902 0.985458 0.919538 0.878907 0.815929 1.15189 0.711021 0.735306 0.714828
threshold=1.0000000180025095e-35 1.0000000180025095e-35 1.0000000180025095e-35 1.0000000180025095e-35 1.0000000180025095e-35 1.0000000180025095e-35 1.0000000180025095e-35 1.0000000180025095e-35 1.5000000000000002 1.0000000180025095e-35 1.0000000180025095e-35 1.0000000180025095e-35 1.0000000180025095e-35 1.0000000180025095e-35
decision_type=2 2 2 2 2 2 2 2 2 2 2 2 2 2
left_child=1 3 -3 4 6 -6 8 9 11 10 -5 12 13 -1
right_child=-2 2 -4 7 5 -7 -8 -9 -10 -11 -12 -13 -14 -15
leaf_value=-0.0044085170823401701 -0.062066388756033632 0.017898908587229364 -0.11417080116881956 0.040740486971499117 -0.054681845305425719 0.060859202512445289 0.044523832870130446 -0.075325251825957784 -0.040295908130837638 -0.03123455988105164 0.00049088975744631866 0.033834707441926626 0.047409536769460608 0.040266522126707616
leaf_weight=36.556352514773607 1.0493330629542459 0.48427831754088302 0.38810568302869797 3.4502740646712464 2.4284037193283434 0.54001202806830395 1.146447181701659 0.29606385156512249 1.4807482305914152 0.8721792846918105 3.6666122805327177 1.4078505411744107 0.72835693694651027 0.91787082701921363
leaf_count=516 20 8 15 122 49 4 5 5 16 11 128 9 9 5
internal_value=-0.00286091 -0.00171812 -0.0408562 -0.00107982 -0.00333104 -0.0336627 -0.00119937 0.0112035 -0.00247505 0.0144101 0.0200039 -0.0010612 -0.00234719 -0.00331427
internal_weight=55.4129 54.3636 0.872384 53.4912 45.206 2.96842 42.2376 8.28513 41.0912 7.98907 7.11689 39.6104 38.2026 37.4742
internal_count=922 902 23 879 613 53 560 266 555 261 250 539 530 521
is_linear=0
shrinkage=0.05


Tree=115
num_leaves=15
num_cat=0
split_feature=122 81 151 154 72 154 92 112 72 167 176 49 29 94
split_gain=1.56583 1.09974 1.63032 1.46651 1.92864 1.40629 1.12874 0.995776 0.931589 1.80879 1.25191 0.806062 0.602678 1.59143
threshold=1.0000000180025095e-35 1.0000000180025095e-35 1.0000000180025095e-35 1.0000000180025095e-35 1.0000000180025095e-35 1.0000000180025095e-35 1.0000000180025095e-35 1.0000000180025095e-35 1.0000000180025095e-35 1.0000000180025095e-35 1.0000000180025095e-35 1.0000000180025095e-35 1.0000000180025095e-35 1.0000000180025095e-35
decision_type=2 2 2 2 2 2 2 2 2 2 2 2 2 2
left_child=1 5 3 4 -3 7 8 11 9 10 -7 -1 -10 -14
right_child=-2 2 -4 -5 -6 6 -8 -9 12 -11 -12 -13 13 -15
leaf_value=0.00041264747740983062 -0.077357437435944865 0.029612178620265703 0.060531799149065195 0.051470694610199041 -0.051478204437969813 -0.05639179246740688 0.042457093377172184 -0.043225511189496219 -0.028995956085327779 -0.16564943850784072 0.024282149904978748 0.047923611037981845 0.051229506072220037 -0.087325473651706453
leaf_weight=44.271408731583506 0.6728078261949112 1.3139990950003257 1.7382932677865026 1.1210128758102653 1.6590504199266434 2.0665128328837454 0.57109392434358586 1.2873808760195959 1.809434084687382 0.30734687857329834 0.62673445558175434 0.91110402904450793 0.85338877886533737 0.27371533773839474
leaf_count=628 19 15 17 13 16 73 3 40 48 7 19 14 34 7
internal_value=-0.00151247 -0.000644778 0.0199622 0.00273683 -0.0156387 -0.0029134 -0.0246812 0.000135231 -0.0311392 -0.0507325 -0.0376185 0.0013707 -0.0111185 0.0175817
internal_weight=59.4833 58.8105 5.83236 4.09406 2.97305 52.9781 6.50823 46.4699 5.93713 3.00059 2.69325 45.1825 2.93654 1.1271
internal_count=953 934 61 44 31 873 191 682 188 99 92 642 89 41
is_linear=0
shrinkage=0.05


Tree=116
num_leaves=15
num_cat=0
split_feature=124 173 16 6 171 162 78 170 177 151 112 81 111 167
split_gain=0.788582 0.791235 1.11775 1.38422 1.46597 1.40525 1.04818 1.04323 0.854402 2.51084 0.861721 0.847612 0.72826 0.714987
threshold=1.0000000180025095e-35 1.0000000180025095e-35 1.0000000180025095e-35 1.0000000180025095e-35 1.5000000000000002 1.0000000180025095e-35 1.0000000180025095e-35 1.0000000180025095e-35 1.0000000180025095e-35 1.0000000180025095e-35 1.0000000180025095e-35 1.0000000180025095e-35 1.0000000180025095e-35 1.0000000180025095e-35
decision_type=2 2 2 2 2 2 2 2 2 2 2 2 2 2
left_child=1 2 -1 8 5 12 -3 13 10 -10 11 -4 -5 -7
right_child=-2 6 3 4 -6 7 -8 -9 9 -11 -12 -13 -14 -15
leaf_value=0.038522675193580616 -0.028018488208961464 0.010731884205883641 0.0038846864485088863 -0.0027143085724219474 -0.048351805418198196 0.096050709213416782 0.061649073178076275 0.012581574525359544 -0.050435797526852726 0.040215016329102675 -0.052281659797430137 -0.032443406697074122 0.036726178521390977 0.037779339157094631
leaf_weight=1.8838424384593953 1.7502205558121193 23.044869128614668 12.091799633577464 6.4938533715903759 0.94243017723783928 0.98073450475931223 1.0571208004839707 1.7479616459459064 3.2796169910579911 0.99579795170575369 0.8681325092911728 1.8515145545825369 1.4277514144778249 1.1363626662641764
leaf_count=14 19 455 173 49 23 9 30 14 61 17 28 14 9 29
internal_value=0.00504658 0.00604778 0.00110052 -0.00111527 0.0116556 0.0164536 0.0129651 0.0411697 -0.00963218 -0.0293221 -0.00394857 -0.000939274 0.00439425 0.0647733
internal_weight=59.552 57.8018 33.6998 31.816 12.7291 11.7867 24.102 3.86506 19.0869 4.27541 14.8114 13.9433 7.9216 2.1171
internal_count=944 925 440 426 133 110 485 52 293 78 215 187 58 38
is_linear=0
shrinkage=0.05


Tree=117
num_leaves=15
num_cat=0
split_feature=99 38 16 171 170 29 49 26 112 171 153 72 86 165
split_gain=0.783231 0.669733 0.534122 1.39019 0.480817 0.693724 0.454115 0.337994 0.915101 0.652542 1.51193 2.05873 1.71233 1.1552
threshold=1.0000000180025095e-35 1.0000000180025095e-35 1.0000000180025095e-35 1.0000000180025095e-35 1.0000000180025095e-35 1.0000000180025095e-35 1.0000000180025095e-35 1.0000000180025095e-35 1.0000000180025095e-35 2.5000000000000004 1.0000000180025095e-35 1.0000000180025095e-35 1.0000000180025095e-35 1.0000000180025095e-35
decision_type=2 2 2 2 2 2 2 2 2 2 2 2 2 2
left_child=4 2 3 -2 5 -1 7 8 -4 13 -11 -12 -13 -9
right_child=1 -3 6 -5 -6 -7 -8 9 -10 10 11 12 -14 -15
leaf_value=-0.051610577793494816 0.049755791345734851 -0.031926094659386312 0.0021592189091308176 -0.021467856267749393 -0.082800718244076379 0.051228299628648048 0.038040290848792069 0.012862646590828898 -0.042201687123033099 -0.045225859226387055 0.031570051833810779 -0.14629989442296637 0.0044649732969116252 0.077476267245155064
leaf_weight=0.44646887527778634 1.9909298736602061 1.2666386328637589 40.188910502009094 1.0445777350105343 0.39379716292023659 0.25918784085661173 0.94695966225117345 7.358503698371349 1.1971709756180633 1.5478928931988765 3.0796656780876224 0.32840628782287229 0.44155348837375641 0.76352733792737115
leaf_count=26 12 16 501 18 12 9 15 164 40 57 63 12 18 6
internal_value=0.00328227 0.00404664 0.00482039 0.0252463 -0.0385386 -0.0138378 0.00371026 0.00311817 0.000875995 0.00998193 -0.00349306 0.0132872 -0.0598399 0.0189368
internal_weight=61.2542 60.1547 58.8881 3.03551 1.09945 0.705657 55.8526 54.9056 41.3861 13.5195 5.39752 3.84963 0.76996 8.12203
internal_count=969 922 906 30 47 35 876 861 541 320 150 93 30 170
is_linear=0
shrinkage=0.05


Tree=118
num_leaves=15
num_cat=0
split_feature=53 99 167 29 158 163 173 167 173 48 16 111 6 26
split_gain=0.997244 0.654345 0.572294 0.633638 0.544084 0.788849 1.40554 0.754976 0.598242 1.20188 0.978765 1.09894 0.873118 1.24932
threshold=1.0000000180025095e-35 1.0000000180025095e-35 1.0000000180025095e-35 1.0000000180025095e-35 1.0000000180025095e-35 1.0000000180025095e-35 1.0000000180025095e-35 1.0000000180025095e-35 1.0000000180025095e-35 1.0000000180025095e-35 1.0000000180025095e-35 1.0000000180025095e-35 1.0000000180025095e-35 1.0000000180025095e-35
decision_type=2 2 2 2 2 2 2 2 2 2 2 2 2 2
left_child=1 2 3 -1 8 6 -6 -8 10 -10 -3 12 13 -12
right_child=-2 4 -4 -5 5 -7 7 -9 9 -11 11 -13 -14 -15
leaf_value=-0.051501609202975876 -0.035962985378985145 0.028852184029009943 -0.11234758509343659 0.051076653770459224 0.017331094975170248 0.050718037152125063 -0.055146212506386363 0.013953308295198167 0.0041167796558476194 0.058914316428678816 -0.011286146268102882 0.032798767670568302 -0.033049699670479854 0.02587758127727767
leaf_weight=0.46050161356106301 1.7517154049128283 2.0216429047286537 0.20989245129749179 0.22366740740835667 7.8425917760469002 1.233237123582511 1.1781752365641294 0.59489287715405215 20.271376279182736 1.0526056829839934 15.687036221846947 1.5847797859460104 3.5408689370378843 2.6422876529395571
leaf_count=27 28 15 4 9 53 50 29 6 396 6 228 15 55 39
internal_value=0.00121081 0.0023231 -0.040124 -0.0179669 0.0029814 0.0130702 0.00824171 -0.0319622 0.000642709 0.00682172 -0.00452914 -0.00740636 -0.0103197 -0.00592876
internal_weight=60.2953 58.5436 0.894061 0.684169 57.6495 10.8489 9.61566 1.77307 46.8006 21.324 25.4766 23.455 21.8702 18.3293
internal_count=960 932 40 36 892 138 88 35 754 402 352 337 322 267
is_linear=0
shrinkage=0.05


Tree=119
num_leaves=15
num_cat=0
split_feature=122 124 136 6 150 154 29 72 26 72 40 29 86 163
split_gain=1.4883 1.25049 1.15878 0.838285 1.3034 1.04215 1.0729 0.969912 0.740075 0.959966 0.703695 1.06855 0.609104 0.612811
threshold=1.0000000180025095e-35 1.0000000180025095e-35 1.0000000180025095e-35 1.0000000180025095e-35 1.0000000180025095e-35 1.0000000180025095e-35 1.0000000180025095e-35 1.0000000180025095e-35 1.0000000180025095e-35 1.0000000180025095e-35 1.0000000180025095e-35 1.0000000180025095e-35 1.0000000180025095e-35 1.0000000180025095e-35
decision_type=2 2 2 2 2 2 2 2 2 2 2 2 2 2
left_child=1 2 3 4 10 6 -5 -7 -8 -10 -1 -12 -6 -14
right_child=-2 -3 -4 5 12 7 8 -9 9 -11 11 -13 13 -15
leaf_value=0.0082043958543276414 -0.074952575397865623 0.05222048407182342 -0.030712575283417601 -0.0036062896176820556 0.06254549044060638 -0.071667705050807093 0.052125312095769677 -0.0073118520612258896 0.050951511942180873 -0.076615916454333521 -0.051722531454763354 0.051172236338990297 -0.057981771744230762 0.050861738446431874
leaf_weight=32.192500670440495 0.60314050735905667 1.3143454892560829 2.4564492506906381 17.467520936392255 1.5909840930253261 1.011338426731526 1.5454688481986516 1.3902904642745852 0.29098678939044464 0.29901948198676109 1.0863021723926056 0.32865737751126278 0.24192016199231137 0.27783694537356496
leaf_count=470 17 11 34 180 28 24 49 35 13 14 70 14 3 24
internal_value=0.00320767 0.00397428 0.00292056 0.00435185 0.00908123 -0.00332495 0.000483685 -0.0344124 0.0339384 -0.0137006 0.00668756 -0.0278228 0.0471935 0.000200691
internal_weight=62.0968 61.4936 60.1793 57.7228 35.7182 22.0046 19.603 2.40163 2.13548 0.590006 33.6075 1.41496 2.11074 0.519757
internal_count=986 969 958 924 609 315 256 59 76 27 554 84 55 27
is_linear=0
shrinkage=0.05


Tree=120
num_leaves=15
num_cat=0
split_feature=75 49 173 173 29 26 16 176 173 111 168 19 151 173
split_gain=0.983729 1.13408 0.998221 0.760246 1.25538 0.826731 1.63292 1.56497 1.82349 1.63816 1.12926 1.10513 0.933762 1.50379
threshold=1.0000000180025095e-35 1.0000000180025095e-35 1.0000000180025095e-35 1.5000000000000002 1.0000000180025095e-35 1.0000000180025095e-35 1.0000000180025095e-35 1.0000000180025095e-35 1.0000000180025095e-35 1.0000000180025095e-35 1.0000000180025095e-35 1.0000000180025095e-35 1.0000000180025095e-35 1.0000000180025095e-35
decision_type=2 2 2 2 2 2 2 2 2 2 2 2 2 2
left_child=1 3 -2 5 -5 6 -1 -8 9 -9 11 -7 -12 -14
right_child=2 -3 -4 4 -6 10 7 8 -10 -11 12 -13 13 -15
leaf_value=0.041200887658855004 -0.11528929765347734 0.069468904047318092 0.0058178966258153825 -0.057336467906454025 0.050565986314196378 0.005088358966397805 -0.0071910355224339964 -0.056939758345649454 0.059009034343091488 0.025444618952037597 0.069594645629274504 -0.079359993805691018 -0.0079324012613313701 0.051215760033818059
leaf_weight=2.1321298414841285 0.36364421481266518 0.61114403698593278 0.31976491864770651 1.2156587354838837 0.34635911602526892 7.8187803886830789 36.249873672612011 0.93860117159783762 2.0417865333147347 1.6895976588129997 1.1796504370868195 0.40760847181081761 2.3249279502779245 1.9981458024121819
leaf_count=16 9 8 12 26 35 214 488 21 32 14 12 3 33 36
internal_value=0.00102008 0.00171148 -0.0586236 0.00100173 -0.0334104 0.00194838 -0.00145864 -0.00368141 0.0235614 -0.00397708 0.0126322 0.000904036 0.0301654 0.0194062
internal_weight=59.6377 58.9543 0.683409 58.3431 1.56202 56.7811 43.052 40.9199 4.66999 2.6282 13.7291 8.22639 5.50272 4.32307
internal_count=959 938 21 930 61 869 571 555 67 35 298 217 81 69
is_linear=0
shrinkage=0.05


Tree=121
num_leaves=15
num_cat=0
split_feature=122 29 26 53 133 72 112 165 162 153 94 40 94 151
split_gain=1.28823 1.22577 1.51544 1.38132 1.04252 1.27 1.29885 0.982984 1.3711 1.34573 1.4395 1.13621 1.3467 1.04115
threshold=1.0000000180025095e-35 1.0000000180025095e-35 1.0000000180025095e-35 1.0000000180025095e-35 1.0000000180025095e-35 1.0000000180025095e-35 1.0000000180025095e-35 1.0000000180025095e-35 1.0000000180025095e-35 1.0000000180025095e-35 1.0000000180025095e-35 1.0000000180025095e-35 1.0000000180025095e-35 1.0000000180025095e-35
decision_type=2 2 2 2 2 2 2 2 2 2 2 2 2 2
left_child=1 4 3 -3 5 7 -7 9 -9 10 -1 12 13 -11
right_child=-2 2 -4 -5 -6 6 -8 8 -10 11 -12 -13 -14 -15
leaf_value=-0.021642265224807743 -0.073623855286169534 0.012415050473547972 0.050952415061782733 -0.066846033485841477 0.043848874905277384 0.0061548507744909331 -0.052130200058299839 0.0086620868925628269 -0.058975087801786841 0.010997770240311034 0.056509015141403142 -0.051494259204768647 -0.030819964085987944 0.058934579790782829
leaf_weight=11.70290271751583 0.59084541816264291 5.7256064536049944 2.4740172771271318 0.60806156694889058 1.1857098210602988 24.985126289073381 0.99385983962565561 1.1097658462822431 2.3065856923349202 3.0971767734736195 0.62046143785119134 0.67446358036249865 1.1884765364229677 1.7858012542128561
leaf_count=221 17 143 134 5 11 218 35 18 44 35 7 43 13 14
internal_value=-0.000164787 0.000577676 0.0177679 0.00480562 -0.00247178 -0.00360503 0.00392508 -0.012305 -0.0370039 -0.00788011 -0.0177075 0.0100724 0.0169117 0.0285292
internal_weight=59.0489 58.458 8.80769 6.33367 49.6503 48.4646 25.979 22.4856 3.41635 19.0693 12.3234 6.74592 6.07145 4.88298
internal_count=958 941 282 148 659 648 253 395 62 333 228 105 62 49
is_linear=0
shrinkage=0.05


Tree=122
num_leaves=15
num_cat=0
split_feature=62 109 23 94 163 148 171 99 170 38 76 6 154 172
split_gain=1.35103 0.593867 0.686725 1.71645 2.1641 1.15627 0.724261 0.590845 0.567961 0.52712 0.533201 0.394287 1.24269 1.742
threshold=1.0000000180025095e-35 1.0000000180025095e-35 1.0000000180025095e-35 1.0000000180025095e-35 1.0000000180025095e-35 1.0000000180025095e-35 1.0000000180025095e-35 1.0000000180025095e-35 3.5000000000000004 1.0000000180025095e-35 1.0000000180025095e-35 1.0000000180025095e-35 1.0000000180025095e-35 1.0000000180025095e-35
decision_type=2 2 2 2 2 2 2 2 2 2 2 2 2 2
left_child=1 2 7 4 5 -4 -6 -1 9 10 11 -9 13 -13
right_child=-2 -3 3 -5 6 -7 -8 8 -10 -11 -12 12 -14 -15
leaf_value=-0.046110870672034079 0.056043496594630607 0.025650151686998603 -0.053784962253711148 0.10971923027518522 0.10937924998083184 0.064147583463107435 0.02886718896266452 -0.0035018231165301946 -0.038151833599791213 -0.040001907650528024 -0.042818816406061763 0.072905798400195385 -0.039341646612985254 0.0053039052364090896
leaf_weight=0.76508523244410653 1.0889152344316233 2.1485200077295294 1.2698298995383082 0.46770666167139996 0.39666850864887215 0.24851661920547474 0.94425708916969597 30.081284089479595 1.056474346667527 0.85742288082837959 0.73272368451580305 1.0060871811583698 1.4371669027023006 18.042221660725772
leaf_count=31 11 17 68 9 3 1 63 455 11 11 20 8 32 218
internal_value=0.000853083 -0.000157744 -0.00112534 0.0209216 0.0063965 -0.0344823 0.052684 -0.00248422 -0.00185696 -0.00112179 -0.000471942 0.000141674 0.00549186 0.00887448
internal_weight=60.5429 59.454 57.3054 3.32698 2.85927 1.51835 1.34093 53.9785 53.2134 52.1569 51.2995 50.5668 20.4855 19.0483
internal_count=958 947 930 144 135 69 66 786 755 744 733 713 258 226
is_linear=0
shrinkage=0.05


Tree=123
num_leaves=15
num_cat=0
split_feature=62 107 49 132 75 150 163 23 170 3 164 158 162 153
split_gain=0.893242 1.98529 0.718352 0.655645 0.45703 0.66972 0.5107 1.69319 1.08616 1.30432 1.82442 1.61124 1.43399 1.05299
threshold=1.0000000180025095e-35 1.0000000180025095e-35 1.0000000180025095e-35 1.0000000180025095e-35 1.0000000180025095e-35 1.0000000180025095e-35 1.0000000180025095e-35 1.0000000180025095e-35 3.5000000000000004 1.0000000180025095e-35 1.0000000180025095e-35 1.0000000180025095e-35 1.5000000000000002 1.0000000180025095e-35
decision_type=2 2 2 2 2 2 2 2 2 2 2 2 2 2
left_child=1 2 3 4 6 -6 -1 8 9 10 -8 12 13 -11
right_child=-2 -3 -4 -5 5 -7 7 -9 -10 11 -12 -13 -14 -15
leaf_value=-0.0041763943283791146 0.040887081139277852 -0.081956799269875147 0.043779120797511201 -0.03267142341119262 -0.090302920290788471 0.011011977174793313 0.024947424878241448 0.070385430123178661 -0.064127302680675929 -0.039934493416422356 -0.042293492417541066 0.050709584114275653 0.003870006780301269 -0.1412704125424121
leaf_weight=41.674516894621775 1.1571531854569901 0.79481855779886146 0.83041108399629493 1.8099782411009062 0.35346428654156525 0.30288318917155266 6.8657729476690239 0.98418504931032735 0.5891112647950657 0.53294788673520022 1.1825340408831833 0.50275351293385018 0.70653474517166603 0.4939440656453371
leaf_count=599 10 11 12 19 11 10 122 64 6 9 26 28 13 11
internal_value=-0.00260817 -0.0034816 -0.00238404 -0.0030686 -0.00207982 -0.0435494 -0.00157137 0.00758405 0.00189981 0.00568194 0.0150677 -0.0280988 -0.0509559 -0.088678
internal_weight=58.781 57.6239 56.829 55.9986 54.1886 0.656347 53.5323 11.8578 10.8736 10.2845 8.04831 2.23618 1.73343 1.02689
internal_count=951 941 930 918 899 21 878 279 215 209 148 61 33 20
is_linear=0
shrinkage=0.05


Tree=124
num_leaves=15
num_cat=0
split_feature=124 21 26 112 164 109 29 59 162 153 170 166 94 175
split_gain=0.944324 1.12906 5.22599 3.08171 1.49028 1.09782 1.11644 1.06995 1.0117 1.18555 1.50751 0.918752 1.63031 1.28063
threshold=1.0000000180025095e-35 1.0000000180025095e-35 1.0000000180025095e-35 1.0000000180025095e-35 1.0000000180025095e-35 1.0000000180025095e-35 1.0000000180025095e-35 1.0000000180025095e-35 1.5000000000000002 1.0000000180025095e-35 1.0000000180025095e-35 1.0000000180025095e-35 1.0000000180025095e-35 1.0000000180025095e-35
decision_type=2 2 2 2 2 2 2 2 2 2 2 2 2 2
left_child=1 4 -3 5 -1 6 7 11 9 -8 -11 -4 13 -13
right_child=-2 2 3 -5 -6 -7 8 -9 -10 10 -12 12 -14 -15
leaf_value=0.0059604131862631311 -0.03565827716289463 -0.20498913343777289 -0.034717354235966051 0.13810885182842522 -0.047408084324415747 0.067436881346822283 0.050824761629330355 0.048055031823256718 0.050907696168981442 -0.10368338918950518 0.051561051019303 -0.056029321785763267 0.053985138468188767 0.062034035183157754
leaf_weight=44.328838077839464 1.8442448480054725 0.34258444514125308 6.8251697630621422 0.35521853342652399 1.3478652695193876 0.42782001756131727 0.42244978295639268 0.52299765683710653 1.1329704674426464 0.49457080545835197 0.22867951495572925 1.1236993025522681 0.90774112194776524 0.28869443433359254
leaf_count=565 19 6 146 3 25 4 22 5 65 35 9 62 5 3
internal_value=-0.000428534 0.00067739 -0.0122793 -0.00709317 0.00438557 -0.0112612 -0.0140794 -0.0214997 0.0174049 -0.0157257 -0.0545977 -0.0254774 0.00170391 -0.0318971
internal_weight=60.5935 58.7493 13.0726 12.73 45.6767 12.3748 11.947 9.6683 2.27867 1.1457 0.72325 9.1453 2.32013 1.41239
internal_count=974 955 365 359 590 356 352 221 131 66 44 216 70 65
is_linear=0
shrinkage=0.05


Tree=125
num_leaves=15
num_cat=0
split_feature=52 72 151 19 172 176 29 162 171 171 173 170 29 162
split_gain=2.5964 1.70423 2.75981 1.45273 1.32355 1.3038 1.45477 1.14939 1.64136 1.3171 1.68527 1.0515 0.91181 0.821409
threshold=1.0000000180025095e-35 1.0000000180025095e-35 1.0000000180025095e-35 1.0000000180025095e-35 1.5000000000000002 1.0000000180025095e-35 1.0000000180025095e-35 1.0000000180025095e-35 1.0000000180025095e-35 1.5000000000000002 1.0000000180025095e-35 1.0000000180025095e-35 1.0000000180025095e-35 1.0000000180025095e-35
decision_type=2 2 2 2 2 2 2 2 2 2 2 2 2 2
left_child=1 2 7 5 13 -4 -7 11 -9 10 -10 -1 -11 -3
right_child=-2 4 3 -5 -6 6 -8 8 9 12 -12 -13 -14 -15
leaf_value=-0.03484071219911939 -0.064145206732311652 0.0090285748935138334 0.024272282466856164 -0.07012973999870252 -0.0030844606905164212 -0.043770756978538272 0.051500066055166938 0.014814724221664905 -0.15598805449000766 -0.027996892387121605 -0.033207382001838363 0.030077704230505816 0.051325144999503129 0.030392163290690135
leaf_weight=9.1464536457788199 1.5184919992461789 9.6838730070740002 9.0800741505809111 0.51132538635283786 10.927924836054446 1.5665450540836912 0.53841002914123226 4.4774028249084941 0.39968756027519725 1.1853008607868103 0.92926419852301478 0.66940637025982219 0.52177100488916028 8.4041282748803479
leaf_count=171 20 112 143 5 140 40 32 60 11 50 23 9 20 132
internal_value=0.000396605 0.00208516 -0.00648112 0.0122854 0.0106543 0.016053 -0.0194022 -0.0191475 -0.00442916 -0.0328093 -0.0701342 -0.0304135 -0.0037519 0.0189546
internal_weight=59.5601 58.0416 29.0256 11.6964 29.0159 11.185 2.10496 17.3293 7.51343 3.03602 1.32895 9.81586 1.70707 18.088
internal_count=968 948 564 220 384 215 72 344 164 104 34 180 70 244
is_linear=0
shrinkage=0.05


Tree=126
num_leaves=15
num_cat=0
split_feature=76 86 165 99 94 6 40 124 164 29 21 3 176 11
split_gain=0.776553 0.657267 0.616578 0.608577 0.586067 0.901188 0.550303 0.544911 0.404723 0.534967 0.39393 2.04264 1.40434 1.50203
threshold=1.0000000180025095e-35 1.0000000180025095e-35 1.0000000180025095e-35 1.0000000180025095e-35 1.0000000180025095e-35 1.0000000180025095e-35 1.0000000180025095e-35 1.0000000180025095e-35 1.0000000180025095e-35 1.0000000180025095e-35 1.0000000180025095e-35 1.0000000180025095e-35 1.0000000180025095e-35 1.0000000180025095e-35
decision_type=2 2 2 2 2 2 2 2 2 2 2 2 2 2
left_child=1 3 4 8 5 6 -3 10 9 -1 -5 12 -12 -14
right_child=-2 2 -4 7 -6 -7 -8 -9 -10 -11 11 -13 13 -15
leaf_value=-0.051422447994942638 -0.049262323453634918 0.070484760388639947 0.053321862661090472 0.0060848401540291976 -0.022511726717517059 -0.051262158323349329 -0.014682067936992017 -0.026768493070418675 -0.10102430052472454 0.051015237896942262 0.011019285556865011 -0.057976019301358275 -0.080498640682768213 0.027942773307733926
leaf_weight=0.41308491444215079 0.69779502996243437 0.8192832702770827 1.2336271121166644 44.513351915869862 0.87841372657567252 0.27154535241425026 0.24680935312062502 1.4846089058555652 0.20644752774387598 0.18432292900979519 9.0376344241667486 1.5354841952212162 0.91597656509839065 0.49021985661238432
leaf_count=27 23 31 30 549 16 5 22 16 3 8 165 52 30 11
internal_value=0.00319067 0.00377883 0.0249902 0.002534 0.00921851 0.0300555 0.0507679 0.00313306 -0.0406725 -0.0198165 0.00391886 -0.0041296 0.00378707 -0.0426944
internal_weight=62.9286 62.2308 3.44968 58.7811 2.21605 1.33764 1.06609 57.9773 0.803855 0.597408 56.4927 11.9793 10.4438 1.4062
internal_count=988 965 104 861 74 58 53 823 38 35 807 258 206 41
is_linear=0
shrinkage=0.05


Tree=127
num_leaves=15
num_cat=0
split_feature=112 76 170 13 154 162 153 150 170 173 167 16 167 172
split_gain=0.791013 0.568644 0.365331 0.964243 0.487235 0.313767 1.08452 1.9511 0.965865 1.68241 1.44828 0.835849 0.821764 2.94326
threshold=1.0000000180025095e-35 1.0000000180025095e-35 3.5000000000000004 1.0000000180025095e-35 1.0000000180025095e-35 1.0000000180025095e-35 1.0000000180025095e-35 1.0000000180025095e-35 1.0000000180025095e-35 1.0000000180025095e-35 1.0000000180025095e-35 1.0000000180025095e-35 1.0000000180025095e-35 1.0000000180025095e-35
decision_type=2 2 2 2 2 2 2 2 2 2 2 2 2 2
left_child=1 2 3 5 -5 6 8 -8 9 11 -10 -1 -13 -14
right_child=-2 -3 -4 4 -6 -7 7 -9 10 -11 -12 12 13 -15
leaf_value=0.040703637715378937 -0.040423364749227558 -0.043003187436470192 -0.026266374448194879 0.018944011881926348 0.09495261930163984 -0.00019561650216542672 -0.0015834209174073804 0.054668624040294392 0.046644958626814267 -0.053172577583313146 -0.015822539790516676 -0.014029424294737533 0.076893197369728147 -0.0024127836510721696
leaf_weight=1.2998503595590722 1.0407195240259159 0.64869071636348863 0.9757340420037498 0.41406786232255299 0.42957672197371721 26.289154998026788 3.1466385535895816 3.0218854136765003 2.6352690886706105 1.491076529957353 1.4320915630087254 7.0064718639478096 1.3524845391511924 8.6671821400523168
leaf_count=7 37 21 10 21 5 506 43 22 16 62 13 124 9 62
internal_value=0.00278679 0.00355144 0.00407068 0.00458831 0.057647 0.00379383 0.00728364 0.0259738 0.00245662 -0.00209858 0.0246506 0.00205701 -0.000893446 0.00829217
internal_weight=59.8509 58.8102 58.1615 57.1857 0.843645 56.3421 30.053 6.16852 23.8844 19.8171 4.06736 18.326 17.0261 10.0197
internal_count=958 921 900 890 26 864 358 65 293 264 29 202 195 71
is_linear=0
shrinkage=0.05


Tree=128
num_leaves=15
num_cat=0
split_feature=49 76 170 150 13 154 172 164 162 74 6 136 162 125
split_gain=0.493175 0.443667 0.35253 0.961337 0.424088 1.91686 0.684258 1.10053 1.00234 0.749724 0.679102 0.676069 0.669679 0.610727
threshold=1.0000000180025095e-35 1.0000000180025095e-35 1.5000000000000002 1.0000000180025095e-35 1.0000000180025095e-35 1.0000000180025095e-35 1.5000000000000002 1.0000000180025095e-35 1.0000000180025095e-35 1.0000000180025095e-35 1.0000000180025095e-35 1.0000000180025095e-35 1.5000000000000002 1.0000000180025095e-35
decision_type=2 2 2 2 2 2 2 2 2 2 2 2 2 2
left_child=1 2 4 -4 6 -6 7 9 -9 11 12 13 -10 -1
right_child=-2 -3 3 -5 5 -7 -8 8 10 -11 -12 -13 -14 -15
leaf_value=0.0083395101400277876 0.041469143179218633 -0.040350932847164865 -0.010974648511754743 0.044372999393255806 -0.0366929875300845 0.12460297153511897 -0.0077391086713738122 0.0045699905035047695 -0.14229909252437969 0.061719376649000936 0.0038263057081067628 -0.034848217136625365 -0.050934657955446765 -0.031565445108301768
leaf_weight=35.261116055073217 0.82918356778100033 0.59412655513733525 1.4342186208814374 1.7319542961195111 0.38853032048791547 0.3502436364069581 14.343289753887801 1.1829513963311904 0.30681979074142851 0.61696538282558222 0.30595842050388455 0.97924165707081456 0.57913666591048241 0.98561216145753761
leaf_count=559 13 21 18 19 27 2 203 19 21 8 9 20 11 11
internal_value=0.00317629 0.00263868 0.00307553 0.0193015 0.00214652 0.0397754 0.00163701 0.00498092 -0.0280359 0.00705292 -0.0603966 0.0061469 -0.0825755 0.00725442
internal_weight=59.8893 59.0602 58.466 3.16617 55.2999 0.738774 54.5611 40.2178 2.37487 37.8429 1.19191 37.226 0.885956 36.2467
internal_count=961 948 927 37 890 29 861 658 60 598 41 590 32 570
is_linear=0
shrinkage=0.05


Tree=129
num_leaves=15
num_cat=0
split_feature=122 6 170 150 38 163 86 132 132 171 26 176 167 148
split_gain=1.10686 1.16942 1.08423 0.977407 0.814822 0.803834 1.78338 2.0907 1.58073 1.14951 4.96897 0.730063 0.690587 0.56512
threshold=1.0000000180025095e-35 1.0000000180025095e-35 3.5000000000000004 1.0000000180025095e-35 1.0000000180025095e-35 1.0000000180025095e-35 1.0000000180025095e-35 1.0000000180025095e-35 1.0000000180025095e-35 1.0000000180025095e-35 1.0000000180025095e-35 1.0000000180025095e-35 1.0000000180025095e-35 1.0000000180025095e-35
decision_type=2 2 2 2 2 2 2 2 2 2 2 2 2 2
left_child=1 2 3 4 5 8 7 9 11 12 -11 -1 -7 -3
right_child=-2 13 -4 -5 -6 6 -8 -9 -10 10 -12 -13 -14 -15
leaf_value=0.0021794345472404063 -0.067798944583229034 -0.010460996147656819 -0.050037013150805824 0.044231278412149889 -0.044754298152715227 0.06272456467324343 -0.065006340147951341 -0.052889741665147955 0.070168906271361298 -0.16747798987062595 0.046304748396710525 -0.053608108892040478 0.01594957311170956 0.013073048930857208
leaf_weight=23.348430316196762 0.58807016513310273 20.508349283598367 0.81805357802659173 1.7853273751679797 0.76498064026236434 3.3788520507514468 0.54538828134536732 0.69982675835490216 0.84984545409679313 0.34021064452826943 1.3518604603596032 0.60155246406793494 1.0295356437563894 2.9132177764549843
leaf_count=371 19 291 11 56 7 57 12 8 3 5 52 22 20 33
internal_value=0.000457897 0.00113898 0.00685871 0.00820019 0.00624558 0.00745924 0.0219871 0.028964 0.00315611 0.0383541 0.00332123 0.000778217 0.0518007 -0.00753379
internal_weight=59.5235 58.9354 35.5139 34.6958 32.9105 32.1455 7.34567 6.80029 24.7998 6.10046 1.69207 23.95 4.40839 23.4216
internal_count=967 948 624 613 557 550 154 142 396 134 57 393 77 324
is_linear=0
shrinkage=0.05


Tree=130
num_leaves=15
num_cat=0
split_feature=154 48 167 177 165 101 23 109 99 162 94 151 21 29
split_gain=1.261 1.39981 0.827247 0.940366 1.66431 1.32104 0.892505 0.810382 0.638633 0.890277 0.573756 1.20101 0.556815 2.10989
threshold=1.0000000180025095e-35 1.0000000180025095e-35 1.0000000180025095e-35 1.0000000180025095e-35 1.0000000180025095e-35 1.0000000180025095e-35 1.0000000180025095e-35 1.0000000180025095e-35 1.0000000180025095e-35 1.5000000000000002 1.0000000180025095e-35 1.0000000180025095e-35 1.0000000180025095e-35 1.0000000180025095e-35
decision_type=2 2 2 2 2 2 2 2 2 2 2 2 2 2
left_child=7 2 3 5 -5 -2 -4 8 -1 10 12 -12 -10 -14
right_child=1 -3 6 4 -6 -7 -8 -9 9 -11 11 -13 13 -15
leaf_value=-0.043211864400668681 -0.053756200988721053 0.03112976374071226 -0.13364819614144857 0.028985937716814625 -0.052228350046365474 0.065233786039166006 -0.015316727770676736 0.037762803254215091 0.0070673485108561293 0.026320310756256318 -0.071511391644577135 -0.0012624412255373375 0.0015045549101196604 -0.082140282381115953
leaf_weight=0.70614887238480051 2.366690860362723 1.2476728763431308 0.35546433134004463 1.7577163511887195 0.98395942570641626 0.25875964760780323 0.28882530378177762 1.8438505679368962 32.433414793107659 4.3250503654126069 0.78074127342551891 2.7567138783633709 6.5381874325685194 0.85217926441691805
leaf_count=30 110 7 9 41 19 1 19 11 412 98 15 32 98 44
internal_value=0.00241444 -0.0170651 -0.027068 -0.0206416 -0.00016104 -0.0420288 -0.080602 0.00522922 0.00398962 0.00468859 0.00253095 -0.0167669 0.00424513 -0.00814049
internal_weight=57.4954 7.25909 6.01142 5.36713 2.74168 2.62545 0.64429 50.2363 48.3924 47.6863 43.3612 3.53746 39.8238 7.39037
internal_count=946 206 199 171 60 111 28 740 729 699 601 47 554 142
is_linear=0
shrinkage=0.05


Tree=131
num_leaves=15
num_cat=0
split_feature=111 3 170 40 49 172 132 172 136 99 106 172 78 171
split_gain=1.75298 0.610445 1.89658 1.44782 1.26821 0.629623 0.608763 0.621782 0.545841 0.628859 0.495955 0.373515 1.08999 1.37562
threshold=1.0000000180025095e-35 1.0000000180025095e-35 1.0000000180025095e-35 1.0000000180025095e-35 1.0000000180025095e-35 1.5000000000000002 1.0000000180025095e-35 1.0000000180025095e-35 1.0000000180025095e-35 1.0000000180025095e-35 1.0000000180025095e-35 1.5000000000000002 1.0000000180025095e-35 2.5000000000000004
decision_type=2 2 2 2 2 2 2 2 2 2 2 2 2 2
left_child=1 4 3 5 6 -3 8 -8 9 -1 11 -11 13 -13
right_child=-2 2 -4 -5 -6 -7 7 -9 -10 10 -12 12 -14 -15
leaf_value=-0.047132597451130472 -0.056019982237329027 -0.04717560260073602 0.021686031367934198 0.047647583188162396 0.072843816238428852 -0.018850253646250856 -0.050204160393089919 0.0061844823023315893 -0.035176420793828274 0.00022042031690604295 0.048539177336450801 -0.049174136006120965 0.082159453698533225 0.032762517303226775
leaf_weight=0.65113334427587588 1.6023187087848771 2.5330947786569551 3.3627530224621287 0.72535602096468288 0.59238947927951713 8.6998651884496212 1.214795307721942 0.81810184149071563 1.0388284595683206 33.059998980490491 0.57429072866216202 0.79309665365144599 0.55253926082514215 1.4465823655482379
leaf_count=34 19 41 42 16 9 118 11 14 19 568 5 13 24 26
internal_value=-0.00445375 -0.00297994 -0.011488 -0.0208168 0.000219545 -0.0252378 -0.000852 -0.0275116 0.000569858 0.00157139 0.00244198 0.00170358 0.0192643 0.00374779
internal_weight=57.6651 56.0628 15.3211 11.9583 40.7418 11.233 40.1494 2.0329 38.1165 37.0776 36.4265 35.8522 2.79222 2.23968
internal_count=959 940 217 175 723 159 714 25 689 670 636 631 63 39
is_linear=0
shrinkage=0.05


Tree=132
num_leaves=15
num_cat=0
split_feature=29 40 164 101 170 173 167 162 171 162 176 170 167 170
split_gain=1.13096 1.84576 0.754844 0.918926 0.618206 0.628522 1.26624 0.572195 0.540071 0.650054 0.723974 1.2964 0.535143 0.908397
threshold=1.0000000180025095e-35 1.0000000180025095e-35 1.0000000180025095e-35 1.0000000180025095e-35 3.5000000000000004 1.0000000180025095e-35 1.0000000180025095e-35 1.5000000000000002 1.5000000000000002 1.5000000000000002 1.0000000180025095e-35 1.0000000180025095e-35 1.0000000180025095e-35 1.0000000180025095e-35
decision_type=2 2 2 2 2 2 2 2 2 2 2 2 2 2
left_child=1 12 -3 -4 5 -2 8 -8 -7 10 11 -10 13 -1
right_child=4 2 3 -5 -6 6 7 -9 9 -11 -12 -13 -14 -15
leaf_value=-0.00066294869498779042 0.03365384165056004 -0.053808283886854394 -0.052624481492594001 0.060926004347516209 -0.045543315326870344 0.051709430234296243 -0.071713614545250631 0.00016589318602911466 -0.081216968510007648 0.050658915281853283 0.051410184743607625 0.051560343421810012 -0.0078487636489322134 0.023076777203441104
leaf_weight=24.482124100904915 3.968655370641498 2.4228453238029029 0.35276184487156559 0.3600052148103714 0.381076787598431 1.0530289923772223 0.61772526195272781 0.50176124274730682 0.57762444391846635 0.55333878519013513 0.30013543576933444 0.26965917646884918 17.283134813653305 4.8235534220002583
leaf_count=343 110 97 23 2 6 29 22 11 27 41 23 8 171 42
internal_value=-0.000529378 -0.00336995 -0.0405023 0.00472773 0.0166475 0.0196697 0.00534118 -0.0394967 0.023569 0.00614572 -0.0153206 -0.0389588 -0.000870801 0.00324448
internal_weight=57.9474 49.7244 3.13561 0.712767 8.22301 7.84193 3.87327 1.11949 2.75379 1.70076 1.14742 0.847284 46.5888 29.3057
internal_count=955 678 122 25 277 271 161 33 128 99 58 35 556 385
is_linear=0
shrinkage=0.05


Tree=133
num_leaves=15
num_cat=0
split_feature=72 107 29 6 167 154 21 173 48 81 112 167 170 62
split_gain=1.69465 1.04067 1.17639 0.947575 1.48825 0.984367 0.839874 2.03786 1.19202 1.33557 0.859004 0.814788 1.54813 0.788399
threshold=1.0000000180025095e-35 1.0000000180025095e-35 1.0000000180025095e-35 1.0000000180025095e-35 1.0000000180025095e-35 1.0000000180025095e-35 1.0000000180025095e-35 1.0000000180025095e-35 1.0000000180025095e-35 1.0000000180025095e-35 1.0000000180025095e-35 1.0000000180025095e-35 1.0000000180025095e-35 1.0000000180025095e-35
decision_type=2 2 2 2 2 2 2 2 2 2 2 2 2 2
left_child=1 2 -1 6 5 -5 8 -8 9 10 11 -2 -13 -3
right_child=3 13 -4 4 -6 -7 7 -9 -10 -11 -12 12 -14 -15
leaf_value=-0.013090361379975613 0.0065833445523144091 -0.088123919169258005 0.015990746709795164 -0.046681726616634979 0.0074457306076508543 0.0047413555080391455 0.10647834087149673 0.0071621836438334127 0.062853000718329194 -0.057571876595215982 -0.032591460018037692 0.088126667451730881 0.0061991842197290821 -0.016094094467728439
leaf_weight=21.612296918174259 6.4866725392639566 0.73653000220656284 4.144360454985871 2.5736953979358068 10.952620692551136 1.4577574362047014 0.8252169080078614 1.3806685830932108 1.0003368183970458 0.77195890247821886 1.0259829722344882 0.99992520548403274 1.3620719418395311 0.78455900773406029
leaf_count=407 65 12 134 45 124 33 8 49 5 6 37 11 19 9
internal_value=-0.00185049 -0.0107844 -0.00841108 0.00660037 -0.00211441 -0.0280873 0.0160268 0.0443161 0.0106689 0.00576582 0.0107173 0.0157388 0.0408823 -0.0509718
internal_weight=56.1147 27.2777 25.7567 28.8369 14.9841 4.03145 13.8528 2.20589 11.6469 10.6466 9.87465 8.84867 2.362 1.52109
internal_count=964 562 541 402 202 78 200 57 143 138 132 95 30 21
is_linear=0
shrinkage=0.05


Tree=134
num_leaves=15
num_cat=0
split_feature=153 16 16 109 49 53 29 112 173 29 73 172 94 162
split_gain=0.754191 1.72456 1.56531 1.45179 1.29671 1.26893 0.981288 0.750387 0.748699 0.704711 0.686749 0.942879 0.588413 1.33189
threshold=1.0000000180025095e-35 1.0000000180025095e-35 1.0000000180025095e-35 1.0000000180025095e-35 1.0000000180025095e-35 1.0000000180025095e-35 1.0000000180025095e-35 1.0000000180025095e-35 1.5000000000000002 1.0000000180025095e-35 1.0000000180025095e-35 1.5000000000000002 1.0000000180025095e-35 1.5000000000000002
decision_type=2 2 2 2 2 2 2 2 2 2 2 2 2 2
left_child=1 -1 -2 5 8 6 7 10 -4 -10 -3 -12 13 -8
right_child=2 3 4 -5 -6 -7 12 -9 9 -11 11 -13 -14 -15
leaf_value=0.047142584719012233 -0.060288432768555326 -0.0010734565169522254 0.024246405979925931 0.044181546943870317 -0.058380284735862965 -0.055156357284758407 0.041307310080520812 -0.052056488841488925 -0.040650574106647373 0.050722542748339997 -0.063152201066513175 0.0010144618549062388 -0.012929663852834989 -0.030691118315393048
leaf_weight=1.9817247283644963 0.66778494045138259 28.266469469293959 13.058727973606432 1.7264764290302981 0.5357619374990471 1.118927948642521 3.3601770340465 0.8069844301789989 0.8547281050123281 0.28018838260322809 1.0919813942164174 1.2034396454691887 1.1456461013294754 0.79414592497050751
leaf_count=20 12 383 226 13 6 20 104 30 23 36 12 19 21 28
internal_value=0.00513356 0.00162686 0.0145842 -0.000655853 0.0179787 -0.00270442 -0.00110388 -0.00446595 0.020861 -0.0180924 -0.00320932 -0.029511 0.0187952 0.027544
internal_weight=56.8932 41.496 15.3972 39.5142 14.7294 37.7878 36.6688 31.3689 14.1936 1.13492 30.5619 2.29542 5.29997 4.15432
internal_count=953 650 303 630 291 617 597 444 285 59 414 31 153 132
is_linear=0
shrinkage=0.05


Tree=135
num_leaves=15
num_cat=0
split_feature=132 73 163 75 48 109 163 76 49 67 21 99 59 81
split_gain=2.27092 2.32114 1.3095 0.900176 0.852823 0.693546 0.642905 0.502486 0.567461 0.528894 0.46652 0.436378 0.446992 1.13013
threshold=1.0000000180025095e-35 1.0000000180025095e-35 1.0000000180025095e-35 1.0000000180025095e-35 1.0000000180025095e-35 1.0000000180025095e-35 1.5000000000000002 1.0000000180025095e-35 1.0000000180025095e-35 1.0000000180025095e-35 1.0000000180025095e-35 1.0000000180025095e-35 1.0000000180025095e-35 1.0000000180025095e-35
decision_type=2 2 2 2 2 2 2 2 2 2 2 2 2 2
left_child=1 3 -3 4 5 6 7 8 9 11 -5 -1 13 -13
right_child=-2 2 -4 10 -6 -7 -8 -9 -10 -11 -12 12 -14 -15
leaf_value=-0.034497444799009847 -0.061876998242452609 -0.060181218274506225 0.024395184155997309 -0.011433570848204046 -0.039046846395535524 0.033842553480075359 0.054685294813602549 -0.042390190829866614 0.047649490848120181 -0.039449183884130469 -0.090100211096903124 0.0024154632935264272 -0.031537377200306381 0.042217248031686153
leaf_weight=0.77323207212611933 1.5378267215564836 2.3472187230363484 0.56851419061422337 0.36492070555686851 1.1813062014989544 1.8661961909383524 0.5892928522080173 0.62524185632355411 0.69274559244513412 0.75492902472615142 0.38975274423137307 42.192693485412747 0.89793068170547385 1.862181239761411
leaf_count=39 23 40 21 9 11 13 15 21 8 9 15 691 8 24
internal_value=-0.00194755 -0.000275119 -0.0436904 0.00215037 0.00294577 0.00393287 0.00277934 0.00213941 0.00272961 0.00206013 -0.0520611 0.00274544 0.00338606 0.00409787
internal_weight=56.644 55.1062 2.91573 52.1904 51.4357 50.2544 48.3882 47.799 47.1737 46.481 0.754673 45.726 44.9528 44.0549
internal_count=947 924 61 863 839 828 815 800 779 771 24 762 723 715
is_linear=0
shrinkage=0.05


Tree=136
num_leaves=15
num_cat=0
split_feature=153 72 23 94 49 166 29 29 154 151 171 94 172 172
split_gain=1.23441 2.37186 1.29128 1.38045 1.00813 0.6742 0.857543 0.658286 1.66076 1.17684 1.50149 0.69535 0.648803 0.626639
threshold=1.0000000180025095e-35 1.0000000180025095e-35 1.0000000180025095e-35 1.0000000180025095e-35 1.0000000180025095e-35 1.0000000180025095e-35 1.0000000180025095e-35 1.0000000180025095e-35 1.0000000180025095e-35 1.0000000180025095e-35 1.0000000180025095e-35 1.0000000180025095e-35 1.5000000000000002 1.0000000180025095e-35
decision_type=2 2 2 2 2 2 2 2 2 2 2 2 2 2
left_child=1 2 7 -4 13 -3 -7 12 9 10 11 -9 -1 -2
right_child=4 5 3 -5 -6 6 -8 8 -10 -11 -12 -13 -14 -15
leaf_value=-0.031968252576344627 -0.0064520462368834273 0.0052593805274996352 -0.032735521025674799 0.093620701595446901 -0.058109866702072348 -0.054971912386539784 0.050607698861495444 0.051066911173114217 -0.083660994269955172 0.054279757118321864 -0.080386431954224374 -0.028805284677080309 0.0092511369187463412 0.017623536176741388
leaf_weight=11.877154245506976 3.4440046160016271 25.273893348872665 0.38269100361503561 0.49671546369791031 0.52288797497749229 0.94022830482572206 0.24178199237212539 0.69123008288443022 0.54041756968945254 1.0355263822712004 0.55995366722345363 0.44981247931718826 1.0381026146933443 12.557185289217157
leaf_count=206 62 281 37 4 6 31 17 24 13 20 13 4 20 248
internal_value=-0.00142571 -0.00584257 -0.0203723 0.0386343 0.0102091 0.00353323 -0.0333754 -0.023577 -0.0035626 0.0122555 -0.0133279 0.0195803 -0.0286551 0.0124416
internal_weight=60.0516 43.5275 17.0716 0.879406 16.5241 26.4559 1.18201 16.1922 3.27694 2.73652 1.701 1.14104 12.9153 16.0012
internal_count=986 670 341 41 316 329 48 300 74 61 41 28 226 310
is_linear=0
shrinkage=0.05


Tree=137
num_leaves=15
num_cat=0
split_feature=38 73 151 6 150 166 164 165 163 40 151 173 19 164
split_gain=0.748669 0.788951 1.18349 0.992358 1.45312 0.877409 1.14216 0.871434 0.816254 1.0801 0.79949 1.51039 2.10989 1.01643
threshold=1.0000000180025095e-35 1.0000000180025095e-35 1.0000000180025095e-35 1.0000000180025095e-35 1.0000000180025095e-35 1.0000000180025095e-35 1.5000000000000002 1.0000000180025095e-35 1.0000000180025095e-35 1.0000000180025095e-35 1.0000000180025095e-35 1.0000000180025095e-35 1.0000000180025095e-35 1.0000000180025095e-35
decision_type=2 2 2 2 2 2 2 2 2 2 2 2 2 2
left_child=1 3 -3 4 5 8 -7 -4 9 -1 11 12 -10 -12
right_child=-2 2 7 -5 -6 6 -8 -9 10 -11 13 -13 -14 -15
leaf_value=0.011325966386600607 -0.045740801136324727 0.089633726086195811 0.033511776346149706 -0.0091023576282202832 0.048754586482207408 -0.045053878278514405 0.065028825888890543 -0.026839172880875714 -0.062105243106367669 -0.051910871716598507 0.030016703320662225 0.025816465262573963 0.020370379439742112 -0.039881230409524376
leaf_weight=22.835197158623494 0.84613884054124255 0.59222649503499214 1.6196757359430196 18.660464207176119 1.8136076775845129 1.685436189174651 0.27392316609621037 0.9483802756294607 2.5903438664972773 0.69582681590691109 2.0558889876119797 1.268399193882942 1.106756675988436 0.69623883254826058
leaf_count=285 14 13 23 274 60 88 2 20 55 46 40 25 5 14
internal_value=0.000945082 0.00164003 0.0259179 0.000210787 0.00517308 0.00279294 -0.0296641 0.0112242 0.00482807 0.00945601 -0.00928254 -0.0212634 -0.0374155 0.0123338
internal_weight=57.6885 56.8424 3.16028 53.6821 35.0216 33.208 1.95936 2.56806 31.2487 23.531 7.71763 4.9655 3.6971 2.75213
internal_count=964 950 56 894 620 560 90 43 470 331 139 85 60 54
is_linear=0
shrinkage=0.05


Tree=138
num_leaves=15
num_cat=0
split_feature=16 153 73 3 136 170 49 62 107 172 153 167 152 171
split_gain=0.741657 1.95289 0.552339 0.573301 1.01677 1.00137 0.946058 0.866955 0.84441 0.593045 1.62144 0.756892 0.395622 0.468966
threshold=1.0000000180025095e-35 1.0000000180025095e-35 1.0000000180025095e-35 1.0000000180025095e-35 1.0000000180025095e-35 1.0000000180025095e-35 1.0000000180025095e-35 1.0000000180025095e-35 1.0000000180025095e-35 1.5000000000000002 1.0000000180025095e-35 1.0000000180025095e-35 1.0000000180025095e-35 3.5000000000000004
decision_type=2 2 2 2 2 2 2 2 2 2 2 2 2 2
left_child=1 -1 3 4 6 9 7 8 12 10 -5 -11 13 -2
right_child=2 -3 -4 5 -6 -7 -8 -9 -10 11 -12 -13 -14 -15
leaf_value=0.062353004158018512 0.0068065745496387322 -0.027204598765369827 0.024615578532200248 -0.043512953964086505 -0.039999400253477563 0.021205716987228 0.071439278335091963 0.061036634184762954 -0.051903418191396371 -0.047765767969635074 0.037522907328091382 -0.010888917169252131 -0.032776787249635335 0.051497257281423493
leaf_weight=1.7669607913121574 34.777352911420166 0.92862300481647242 3.2637722147628656 0.96390198171138508 1.1400324013084162 2.8369939643889657 0.57736408710479636 0.72629145253449579 0.62173035927116771 1.7613694039173422 1.7166071776300669 6.6252914448268712 0.61848007515072723 0.59709085035137732
leaf_count=16 586 15 57 18 18 30 9 7 6 47 26 73 22 21
internal_value=0.00588075 0.0315006 0.00465249 0.00342228 0.00652608 -0.00529662 0.00792489 0.00694283 0.00586982 -0.0120903 0.00838269 -0.0186338 0.00686778 0.00756092
internal_weight=58.9219 2.69558 56.2263 52.9625 39.0583 13.9042 37.9183 37.3409 36.6147 11.0672 2.68051 8.38666 35.9929 35.3744
internal_count=951 31 920 863 669 194 651 642 635 164 44 120 629 607
is_linear=0
shrinkage=0.05


Tree=139
num_leaves=15
num_cat=0
split_feature=106 163 49 109 153 165 13 6 72 172 16 166 29 26
split_gain=1.0837 0.725872 0.665501 0.652008 0.590094 0.955149 0.977963 0.81548 1.49244 1.84834 0.676313 0.929571 0.563595 1.48434
threshold=1.0000000180025095e-35 1.5000000000000002 1.0000000180025095e-35 1.0000000180025095e-35 1.0000000180025095e-35 1.0000000180025095e-35 1.0000000180025095e-35 1.0000000180025095e-35 1.0000000180025095e-35 1.0000000180025095e-35 1.0000000180025095e-35 1.0000000180025095e-35 1.0000000180025095e-35 1.0000000180025095e-35
decision_type=2 2 2 2 2 2 2 2 2 2 2 2 2 2
left_child=1 2 3 4 5 6 7 12 -9 -10 -6 -12 -1 -14
right_child=-2 -3 -4 -5 10 -7 -8 8 9 -11 11 -13 13 -15
leaf_value=-0.0057773464215266071 0.019738758124838107 0.054679933373901972 0.041434476893529783 0.02521228880025175 -0.034462526760086619 -0.03141265829014709 0.052255121771122015 -0.047401188601826606 0.093085653875760316 0.0071572957038658113 0.0027563918313856868 0.042660794075962571 -0.037517325863355017 0.050766164939129999
leaf_weight=20.550475447438668 7.1344486149027935 0.57774092815816303 0.87960146879777212 2.0454446123912922 1.0331865521147836 3.6666893651708952 0.74377686157822509 0.76344890100881402 0.85902950074523721 2.3051872132346034 12.405512503348287 1.6540034248027957 3.6268919855356208 0.54806386586278666
leaf_count=315 59 16 14 16 14 75 11 22 5 34 224 58 72 32
internal_value=0.00147237 -0.00105034 -0.00168066 -0.0024361 -0.00361047 -0.00734996 -0.00434861 -0.00581792 0.015346 0.0304853 0.00458164 0.00745086 -0.00917984 -0.025928
internal_weight=58.7935 51.6591 51.0813 50.2017 48.1563 33.0636 29.3969 28.6531 3.92767 3.16422 15.0927 14.0595 24.7254 4.17496
internal_count=967 908 892 878 862 566 491 480 61 39 296 282 419 104
is_linear=0
shrinkage=0.05


Tree=140
num_leaves=15
num_cat=0
split_feature=171 112 19 73 162 151 153 170 106 167 26 165 19 75
split_gain=1.50984 1.21437 1.20115 1.12706 0.900783 1.2377 3.02517 1.45633 0.79415 0.766607 1.17275 0.946139 0.82783 0.65926
threshold=1.0000000180025095e-35 1.0000000180025095e-35 1.0000000180025095e-35 1.0000000180025095e-35 1.0000000180025095e-35 1.0000000180025095e-35 1.0000000180025095e-35 1.0000000180025095e-35 1.0000000180025095e-35 1.0000000180025095e-35 1.0000000180025095e-35 1.0000000180025095e-35 1.0000000180025095e-35 1.0000000180025095e-35
decision_type=2 2 2 2 2 2 2 2 2 2 2 2 2 2
left_child=2 3 -1 4 5 7 8 -2 -7 12 11 -11 13 -6
right_child=1 -3 -4 -5 9 6 -8 -9 -10 10 -12 -13 -14 -15
leaf_value=0.0071347179613363704 -0.056606678547766458 0.066205567161399734 0.070007168911974879 0.018546658671429895 0.010535285838844794 -0.057145417122871592 0.037260875272621299 0.026214064498861062 -0.018091090532391298 -0.090511810207447696 0.0057038077530773643 -0.024261092551189696 -0.058035060033970499 -0.045465445058942587
leaf_weight=23.422796151600782 3.4836888685822496 0.55414611054584284 0.78512145578861137 3.4665560368448487 9.5071734080556762 1.7260434250347314 2.4072439540177584 0.62620099447667588 5.2944218069314957 0.71326669119298403 2.6039670396130532 2.20455033890903 0.50708940299227911 0.55629531899467188
leaf_count=340 70 12 4 66 253 49 19 9 29 14 50 39 6 17
internal_value=-0.000349094 -0.00719978 0.00917382 -0.00842883 -0.0115848 -0.0210899 -0.0111078 -0.0439877 -0.0276929 -0.00358877 -0.018688 -0.0404562 0.0042987 0.00743964
internal_weight=57.8586 33.6506 24.2079 33.0965 29.6299 13.5376 9.42771 4.10989 7.02047 16.0923 5.52178 2.91782 10.5706 10.0635
internal_count=977 633 344 621 555 176 97 79 78 379 103 53 276 270
is_linear=0
shrinkage=0.05


Tree=141
num_leaves=15
num_cat=0
split_feature=19 75 3 49 176 166 94 38 170 164 29 164 172 29
split_gain=0.535698 0.516362 0.605346 0.542084 0.505 0.744969 1.64584 1.53516 0.889036 0.729667 0.925129 0.714062 0.850282 0.501691
threshold=1.0000000180025095e-35 1.0000000180025095e-35 1.0000000180025095e-35 1.0000000180025095e-35 1.0000000180025095e-35 1.0000000180025095e-35 1.0000000180025095e-35 1.0000000180025095e-35 1.5000000000000002 1.5000000000000002 1.0000000180025095e-35 1.0000000180025095e-35 1.5000000000000002 1.0000000180025095e-35
decision_type=2 2 2 2 2 2 2 2 2 2 2 2 2 2
left_child=1 3 -3 4 5 8 7 9 11 10 -7 -1 -13 -6
right_child=-2 2 -4 -5 13 6 -8 -9 -10 -11 -12 12 -14 -15
leaf_value=-0.0048444624891985739 -0.03347403386572656 -0.083429117260055932 0.006592402403384834 0.038850477889398854 0.004471132027310489 -0.040906815633056731 0.08501076464726269 0.089832470784087973 -0.04664916158146673 0.063291182419263778 0.050579284628041205 -0.062545789344043742 0.012635979392827373 0.05081956733607336
leaf_weight=41.159489342942834 1.570872567128389 0.43458483985159446 0.32745824288576841 0.75223037879913945 6.1324260169640175 1.7328912704251713 0.70238774269819249 0.39819388091564167 1.3998996792361129 0.25530595984309901 0.32875719247385848 1.1454576249234367 0.55990741821005929 0.64529331866651762
leaf_count=564 12 16 9 9 108 67 7 2 15 2 25 31 21 53
internal_value=-0.00467688 -0.00386872 -0.0447459 -0.00330453 -0.00388679 -0.00570206 0.0167902 -0.000857929 -0.00743861 -0.0164441 -0.0263181 -0.00615806 -0.037862 0.00888388
internal_weight=57.5452 55.9743 0.762043 55.2122 54.46 47.6823 3.41754 2.71515 44.2648 2.31695 2.06165 42.8649 1.70537 6.77772
internal_count=941 929 25 904 895 734 103 96 631 94 92 616 52 161
is_linear=0
shrinkage=0.05


Tree=142
num_leaves=15
num_cat=0
split_feature=151 73 3 74 172 162 162 173 132 29 173 81 162 112
split_gain=2.4309 1.35154 1.87771 0.808087 0.952508 1.67358 1.44944 1.1467 1.02885 1.17264 1.13806 1.83501 1.14721 0.814983
threshold=1.0000000180025095e-35 1.0000000180025095e-35 1.0000000180025095e-35 1.0000000180025095e-35 1.0000000180025095e-35 1.5000000000000002 1.5000000000000002 1.0000000180025095e-35 1.0000000180025095e-35 1.0000000180025095e-35 1.0000000180025095e-35 1.0000000180025095e-35 1.0000000180025095e-35 1.0000000180025095e-35
decision_type=2 2 2 2 2 2 2 2 2 2 2 2 2 2
left_child=1 3 -3 4 5 8 -6 -7 9 10 11 13 -12 -1
right_child=-2 2 -4 -5 6 7 -8 -9 -10 -11 12 -13 -14 -15
leaf_value=0.0030136132020951172 0.004350842963001228 -0.029427933235524669 0.11969966154988534 0.032463281932317643 -0.053296751572218352 -0.11578127202745253 0.035154870786695464 -0.018081827539902326 -0.058798492458509856 0.029919446895552516 -0.056185646173404782 -0.067666284275800556 -0.0079178803231680066 -0.052062990683526073
leaf_weight=11.543577207252403 29.675649774959311 0.41667184699326654 0.42780368495732546 0.76760167442262073 3.5546106901019803 0.67839718423783668 0.53254700591787685 0.53892645938321948 1.1234395336359728 1.714154940098523 2.6550227878615251 1.0978568047285087 2.2952481703832746 0.7131632789969452
leaf_count=164 453 16 5 14 87 12 13 16 11 54 53 10 50 26
internal_value=-0.00562549 -0.0161766 0.0461188 -0.0181097 -0.0195775 -0.0155206 -0.0417717 -0.0725283 -0.0122383 -0.00962537 -0.0133285 -0.00573806 -0.0338058 -0.000191041
internal_weight=57.7347 28.059 0.844476 27.2145 26.4469 22.3598 4.08716 1.21732 21.1425 20.019 18.3049 13.3546 4.95027 12.2567
internal_count=984 531 21 510 496 396 100 28 368 357 303 200 103 190
is_linear=0
shrinkage=0.05


Tree=143
num_leaves=15
num_cat=0
split_feature=111 153 49 16 165 73 40 26 151 151 124 40 171 164
split_gain=2.05592 1.26315 1.88195 1.47666 1.34967 1.44194 0.891877 1.26749 1.17604 0.898648 0.695523 0.685727 0.68849 1.06988
threshold=1.0000000180025095e-35 1.0000000180025095e-35 1.0000000180025095e-35 1.0000000180025095e-35 1.0000000180025095e-35 1.0000000180025095e-35 1.0000000180025095e-35 1.0000000180025095e-35 1.0000000180025095e-35 1.0000000180025095e-35 1.0000000180025095e-35 1.0000000180025095e-35 2.5000000000000004 1.0000000180025095e-35
decision_type=2 2 2 2 2 2 2 2 2 2 2 2 2 2
left_child=1 2 3 -1 11 6 7 9 -8 -6 -5 12 -3 -14
right_child=-2 4 -4 10 5 -7 8 -9 -10 -11 -12 -13 13 -15
leaf_value=0.03475515718355561 -0.05958641544811355 -0.0024862142584231562 0.080935451006775516 -0.0077836501201270268 0.015181827693251796 0.10753572445037535 0.12131329664017039 0.043671891096119436 0.012610349521527203 -0.04746757056099931 -0.049961446792964097 -0.034025753122831078 0.060598019144413165 -0.014847544742195386
leaf_weight=2.0411592670716336 1.5088185835629691 6.3939741058275068 0.62374316994100709 35.160932850674726 1.3252678364515296 0.55519958212971676 0.48231392423622299 1.8344127899035809 0.5139562520198524 1.0075754197314382 1.0053739040158678 1.2637152948882437 1.2088606739416716 0.76870875584427256
leaf_count=18 19 87 12 590 24 9 10 40 16 11 12 69 7 32
internal_value=-0.00201718 -0.000414135 -0.00521453 -0.00662094 0.0117264 0.0309686 0.0227359 0.0125754 0.0652356 -0.011877 -0.00895614 0.000305697 0.00548816 0.0312713
internal_weight=55.694 54.1852 38.8312 38.2075 15.354 5.71873 5.16353 4.16726 0.99627 2.33284 36.1663 9.63526 8.37154 1.97757
internal_count=956 937 632 620 305 110 101 75 26 35 602 195 126 39
is_linear=0
shrinkage=0.05


Tree=144
num_leaves=15
num_cat=0
split_feature=72 171 153 49 168 162 162 176 172 86 40 26 171 172
split_gain=0.748849 1.76688 1.04102 2.21646 1.37769 1.22497 1.15505 1.96517 1.3494 1.0196 1.00769 0.995548 0.964714 0.935392
threshold=1.0000000180025095e-35 2.5000000000000004 1.0000000180025095e-35 1.0000000180025095e-35 1.0000000180025095e-35 1.5000000000000002 1.5000000000000002 1.0000000180025095e-35 1.5000000000000002 1.0000000180025095e-35 1.0000000180025095e-35 1.0000000180025095e-35 1.0000000180025095e-35 1.5000000000000002
decision_type=2 2 2 2 2 2 2 2 2 2 2 2 2 2
left_child=2 11 3 4 6 12 7 8 -1 10 -4 -2 -6 -11
right_child=1 -3 9 -5 5 -7 -8 -9 -10 13 -12 -13 -14 -15
leaf_value=0.00035274216944253842 0.0085512880937849839 -0.042736423996926239 0.024811845630744029 0.088836806728301507 -0.1057656124573661 0.0026551923173033713 -0.05003580468488017 -0.08778898206053426 0.086185199366973872 -0.041300632774815743 -0.024380427576804434 0.040510529472127563 -0.038762959601103167 0.04480855181705664
leaf_weight=9.4701537650544143 25.533963078632958 1.5797794153913844 6.9088192051276547 0.53818717459216792 0.83351274579763401 1.0382391093298791 1.3454237641999487 0.61226963787339705 0.48117370717227537 1.5045496840029962 1.2257615108974276 2.6938155982643357 1.511299966368824 0.39902246522251505
leaf_count=211 281 81 91 9 13 18 21 25 6 36 50 44 24 34
internal_value=0.00331934 0.00872135 -0.00290526 -0.0108925 -0.0144024 -0.04256 -0.00640349 -0.000846298 0.00450297 0.0096907 0.0173993 0.0116012 -0.0625805 -0.0232506
internal_weight=55.676 29.8076 25.8684 15.8303 15.2921 3.38305 11.909 10.5636 9.95133 10.0382 8.13458 28.2278 2.34481 1.90357
internal_count=944 406 538 327 318 55 263 242 217 211 141 325 37 70
is_linear=0
shrinkage=0.05


Tree=145
num_leaves=15
num_cat=0
split_feature=29 26 162 172 94 153 81 153 40 162 3 166 151 72
split_gain=1.01648 0.96041 1.26607 2.25114 1.89179 1.27257 0.842492 0.770361 1.24415 0.859987 1.78968 1.09259 0.959588 0.768387
threshold=1.0000000180025095e-35 1.0000000180025095e-35 1.5000000000000002 1.0000000180025095e-35 1.0000000180025095e-35 1.0000000180025095e-35 1.0000000180025095e-35 1.0000000180025095e-35 1.0000000180025095e-35 1.0000000180025095e-35 1.0000000180025095e-35 1.0000000180025095e-35 1.0000000180025095e-35 1.0000000180025095e-35
decision_type=2 2 2 2 2 2 2 2 2 2 2 2 2 2
left_child=6 2 4 -4 5 -2 7 8 13 10 12 -11 -9 -1
right_child=1 -3 3 -5 -6 -7 -8 9 -10 11 -12 -13 -14 -15
leaf_value=-0.013932742796028056 0.053078344665683799 0.050927860812515206 -0.087980161210445898 0.022754336339851411 -0.045237444674496891 -0.040718469713666085 0.020423626996040695 -0.013285065764320071 -0.05887697586319849 -0.013818720495747295 0.060742998830953999 0.055091668336283484 0.038317095622307368 0.0025736658434097059
leaf_weight=11.660953514510771 2.9701970666646953 1.8968975793104617 0.79271559603512276 1.0901001102756707 0.76870826259255398 0.4117430243641137 4.7826480721123508 2.8113283254206163 1.0684128545690317 4.6868033183272928 2.0119600370526314 0.65568486088886846 1.3257937990128992 17.831875873263925
leaf_count=201 86 121 13 20 13 11 37 37 57 100 17 9 14 178
internal_value=0.00334149 0.0198956 0.0101392 -0.0238678 0.0255655 0.0416588 0.000538478 -0.00172305 -0.00587282 0.00931305 0.0220625 -0.00536133 0.00325151 -0.00395268
internal_weight=54.7658 7.93036 6.03346 1.88282 4.15065 3.38194 46.8355 42.0528 30.5612 11.4916 6.14908 5.34249 4.13712 29.4928
internal_count=914 264 143 33 110 97 650 613 436 177 68 109 51 379
is_linear=0
shrinkage=0.05


Tree=146
num_leaves=15
num_cat=0
split_feature=170 48 75 29 72 173 172 112 168 171 158 173 3 132
split_gain=1.33564 1.07199 0.901659 0.919345 1.1764 1.02314 1.24818 0.930199 0.735935 0.594173 0.466982 1.41341 0.467722 0.453494
threshold=3.5000000000000004 1.0000000180025095e-35 1.0000000180025095e-35 1.0000000180025095e-35 1.0000000180025095e-35 1.0000000180025095e-35 1.5000000000000002 1.0000000180025095e-35 1.0000000180025095e-35 1.5000000000000002 1.0000000180025095e-35 1.0000000180025095e-35 1.0000000180025095e-35 1.0000000180025095e-35
decision_type=2 2 2 2 2 2 2 2 2 2 2 2 2 2
left_child=1 2 3 7 -5 13 8 10 -7 -8 -1 12 -12 -6
right_child=-2 -3 -4 4 5 6 9 -9 -10 -11 11 -13 -14 -15
leaf_value=0.0054600789129140596 -0.071022704630697639 -0.04041044241810586 -0.052384805859808342 0.041764551978391552 0.051131072380353061 0.050852987327848299 -0.1012992775656376 -0.051863635326282791 -0.054559333734346141 -0.024279575146812022 -0.022856880935345662 -0.058285832566482024 0.0077855152485977255 -0.0036081610833583635
leaf_weight=37.171057229861617 0.61909039504825969 1.3972008028067637 0.70103106752503563 3.5528287068009368 0.97528162039816402 0.5837552202865478 0.49553079903125763 0.78384968265890975 0.23113467218354344 0.50621729390695691 1.6144959148950855 1.1825040569528935 5.4461582377552986 0.61820435523986816
leaf_count=533 9 12 23 133 43 28 8 32 7 32 29 36 29 4
internal_value=0.00201028 0.0028285 0.00395013 0.00469302 0.0216297 0.000652206 -0.0249981 0.00214033 0.0209539 -0.0623786 0.00307244 -0.00769419 0.000778796 0.0298946
internal_weight=55.8783 55.2592 53.862 53.161 6.96295 3.41012 1.81664 46.1981 0.81489 1.00175 45.4142 8.24316 7.06065 1.59349
internal_count=958 949 937 914 255 122 75 659 35 40 627 94 58 47
is_linear=0
shrinkage=0.05


Tree=147
num_leaves=15
num_cat=0
split_feature=124 73 150 165 148 85 94 154 177 109 86 162 165 150
split_gain=0.602239 0.479134 0.527873 1.29753 2.79784 0.398551 0.499584 1.48581 2.17029 0.521929 0.3789 1.81139 1.16462 0.847614
threshold=1.0000000180025095e-35 1.0000000180025095e-35 1.0000000180025095e-35 1.0000000180025095e-35 1.0000000180025095e-35 1.0000000180025095e-35 1.0000000180025095e-35 1.0000000180025095e-35 1.0000000180025095e-35 1.0000000180025095e-35 1.0000000180025095e-35 1.0000000180025095e-35 1.0000000180025095e-35 1.0000000180025095e-35
decision_type=2 2 2 2 2 2 2 2 2 2 2 2 2 2
left_child=1 5 -3 4 -4 6 9 8 -8 10 -1 -12 13 -13
right_child=-2 2 3 -5 -6 -7 7 -9 -10 -11 11 12 -14 -15
leaf_value=-0.00076032708195046192 0.030004128094808909 -0.050957225286992786 -0.03966099295138556 -0.042280707190226197 0.14868002559081006 0.029594922232538096 -0.071231156938703827 0.020692662366802991 0.0081592255985945775 0.032055503717548416 0.11236172519325538 -0.1070476371717374 0.039956900095746331 0.012945421527901397
leaf_weight=42.628004727652296 1.6065430496819306 0.972181096673011 0.45276618748903286 1.0395523579791186 0.3493160605430603 1.1156420889310528 1.8611657549627116 1.8810190651565788 1.6016425786074251 1.3204873586073507 0.42706891056150098 0.35116330767050363 0.64165874803438783 0.25335174519568682
leaf_count=708 15 17 20 21 4 17 22 15 22 11 7 22 23 30
internal_value=-0.00017068 -0.00105377 -0.0211505 -0.00541576 0.0423637 3.20059e-05 -0.00061513 -0.0150794 -0.034511 0.00107911 0.000155802 0.0234954 -0.00695951 -0.0567586
internal_weight=56.5016 54.895 2.81382 1.84163 0.802082 52.0812 50.9656 5.34383 3.46281 45.6217 44.3012 1.67324 1.24617 0.604515
internal_count=954 939 62 45 24 877 860 59 44 801 790 82 75 52
is_linear=0
shrinkage=0.05


Tree=148
num_leaves=15
num_cat=0
split_feature=48 106 125 167 154 21 173 172 73 109 29 172 172 6
split_gain=4.53727 1.43943 0.515358 0.665493 1.66632 1.3993 1.50064 1.3838 1.08763 0.722186 0.544724 0.446759 0.42306 1.99312
threshold=1.0000000180025095e-35 1.0000000180025095e-35 1.0000000180025095e-35 1.0000000180025095e-35 1.0000000180025095e-35 1.0000000180025095e-35 1.0000000180025095e-35 1.0000000180025095e-35 1.0000000180025095e-35 1.0000000180025095e-35 1.0000000180025095e-35 1.0000000180025095e-35 1.5000000000000002 1.0000000180025095e-35
decision_type=2 2 2 2 2 2 2 2 2 2 2 2 2 2
left_child=1 2 3 12 5 6 8 -7 9 11 -4 -5 -1 -14
right_child=-2 -3 10 4 -6 7 -8 -9 -10 -11 -12 -13 13 -15
leaf_value=0.0073034138298427413 -0.10691173465561771 0.028542486638934546 -0.0018401475051446885 -0.014135102404916828 -0.088764734641941817 0.069491785298223835 -0.068489546723910708 0.00054978017795912024 0.028866680333392104 0.0081155486599924602 0.055058261063630057 -0.05086817288961594 0.069023568964914753 -0.023905276082245634
leaf_weight=30.799069580156356 0.91013715649023552 6.1016601994633666 0.75667982921004184 1.7324213911779192 0.61298452434130091 1.0850470811128619 1.1445951489731667 2.2110431492328644 1.6383529109880326 1.7361010350286958 0.94720576447434723 1.5851150762755422 0.68431168748065729 3.6792051286902279
leaf_count=561 9 56 9 40 28 7 18 34 17 11 13 28 39 82
internal_value=0.00380965 0.00565144 0.00277822 0.00179704 -0.00850726 -0.00408815 -0.0155845 0.0232449 -0.00653567 -0.0180129 0.0297902 -0.0316861 0.00523908 -0.00933164
internal_weight=55.6239 54.7138 48.6121 46.9082 11.7457 11.1327 7.83659 3.29609 6.69199 5.05364 1.70389 3.31754 35.1626 4.36352
internal_count=952 943 887 865 183 155 114 41 96 79 22 68 682 121
is_linear=0
shrinkage=0.05


Tree=149
num_leaves=15
num_cat=0
split_feature=170 158 132 168 99 29 153 171 171 153 171 26 151 176
split_gain=1.44658 1.11419 1.18631 0.873593 0.517261 0.536415 0.904959 0.780655 1.74083 0.66155 1.52746 1.26155 1.4303 1.39437
threshold=3.5000000000000004 1.0000000180025095e-35 1.0000000180025095e-35 1.0000000180025095e-35 1.0000000180025095e-35 1.0000000180025095e-35 1.0000000180025095e-35 1.0000000180025095e-35 1.5000000000000002 1.0000000180025095e-35 2.5000000000000004 1.0000000180025095e-35 1.0000000180025095e-35 1.0000000180025095e-35
decision_type=2 2 2 2 2 2 2 2 2 2 2 2 2 2
left_child=1 4 3 -3 -1 9 7 -7 -9 10 -6 13 -13 -11
right_child=-2 2 -4 -5 5 6 -8 8 -10 11 -12 12 -14 -15
leaf_value=-0.03660536465461172 -0.068855302528118292 -0.045475600079520478 0.039822926500905645 -0.0079899675332481528 0.01247280576547388 0.027777636285120762 0.051966793108094871 -0.042233312053441205 0.050765810050502236 -0.030701320262253043 -0.053319954269033243 -0.046698359117206184 0.029197495848875949 0.021969588134343895
leaf_weight=0.64391472702845831 0.67676162719726463 2.0025427148211712 1.048935416853056 6.9427880547009408 27.260085707064722 2.929631393402814 1.7883770348271353 1.512870002537966 0.75398063077591349 5.0770580195821804 0.91167496016714622 0.74466275284066785 3.7311531126033515 1.6698019932955501
leaf_count=36 10 66 15 65 347 60 78 27 47 65 47 26 50 20
internal_value=0.00381559 0.00467815 -0.0104828 -0.0163817 0.00790044 0.00851835 0.0212885 0.0107306 -0.0113007 0.00625412 0.0103437 -0.00401167 0.0165703 -0.0176656
internal_weight=57.6942 57.0175 9.99427 8.94533 47.0232 46.3793 6.98486 5.19648 2.26685 39.3944 28.1718 11.2227 4.47582 6.74686
internal_count=959 949 146 131 803 767 212 134 74 555 394 161 76 85
is_linear=0
shrinkage=0.05


Tree=150
num_leaves=15
num_cat=0
split_feature=48 26 112 171 153 40 168 165 73 150 158 94 16 151
split_gain=1.18406 1.29015 1.81423 1.26454 1.35819 0.680738 1.41519 0.996849 0.945828 1.96293 1.30252 1.91249 0.662454 0.513302
threshold=1.0000000180025095e-35 1.0000000180025095e-35 1.0000000180025095e-35 1.0000000180025095e-35 1.0000000180025095e-35 1.0000000180025095e-35 1.0000000180025095e-35 1.0000000180025095e-35 1.0000000180025095e-35 1.0000000180025095e-35 1.0000000180025095e-35 1.0000000180025095e-35 1.0000000180025095e-35 1.0000000180025095e-35
decision_type=2 2 2 2 2 2 2 2 2 2 2 2 2 2
left_child=1 3 -3 4 12 8 7 -7 10 -10 11 -5 -1 -14
right_child=-2 2 -4 5 -6 6 -8 -9 9 -11 -12 -13 13 -15
leaf_value=0.032242728283224463 0.040905594386663496 0.0045585470117539585 0.11447756302539874 -0.052174603396470211 0.032825583622911152 -0.0078921736950291112 -0.058476774381040722 0.087470440762483934 -0.051549265552264412 0.040685117019573176 -0.010257852145594061 0.0061895288269790232 -0.013791540356370501 0.0056704428880622951
leaf_weight=1.0381204672157824 1.3802367970347393 12.278628595871847 0.38723238557577211 6.7885490786284262 2.4717435673810533 0.51264312909915932 0.49812185182236124 0.58877701312303543 0.92302004434168261 1.5380598912015557 6.3788558412343255 1.7694677859544752 13.323631912237035 4.5432268101721993
leaf_count=7 10 350 3 108 40 20 18 10 15 18 58 14 217 48
internal_value=-0.00481385 -0.00600359 0.00791909 -0.0103713 -0.00202945 -0.0197579 0.0114571 0.043085 -0.0226277 0.00609291 -0.0273599 -0.0401072 -0.0065866 -0.0088427
internal_weight=54.4203 53.0401 12.6659 40.3742 21.3767 18.9975 1.59954 1.10142 17.398 2.46108 14.9369 8.55802 18.905 17.8669
internal_count=936 926 353 573 312 261 48 30 213 33 180 122 272 265
is_linear=0
shrinkage=0.05


Tree=151
num_leaves=15
num_cat=0
split_feature=109 94 3 59 21 162 6 26 40 3 164 164 154 29
split_gain=1.25276 0.563711 1.21795 0.838963 0.881489 1.34576 0.868894 0.700006 0.745887 0.952653 1.02379 0.921488 0.790098 0.704491
threshold=1.0000000180025095e-35 1.0000000180025095e-35 1.0000000180025095e-35 1.0000000180025095e-35 1.0000000180025095e-35 1.0000000180025095e-35 1.0000000180025095e-35 1.0000000180025095e-35 1.0000000180025095e-35 1.0000000180025095e-35 1.0000000180025095e-35 1.0000000180025095e-35 1.0000000180025095e-35 1.0000000180025095e-35
decision_type=2 2 2 2 2 2 2 2 2 2 2 2 2 2
left_child=1 3 -3 4 -1 6 -6 -7 9 10 12 -11 -9 -10
right_child=-2 2 -4 -5 5 7 -8 8 13 11 -12 -13 -14 -15
leaf_value=0.00046578846521203358 0.040393182797926371 0.0011293995746473598 0.056903292492673618 -0.056021194301511583 -0.057689348798288714 -0.082350505850352265 -0.0027279469686105175 0.046368231511190766 -0.053889733043409216 -0.064617967425984246 -0.046713849600033705 0.028757062257349305 -0.0094580086040494289 0.050506721202490869
leaf_weight=38.456573130330071 1.8021534429863084 4.8446832480840376 1.2266705902293322 0.75592304766178031 2.4331755451858026 0.26344047486782063 1.0207881124224516 2.3984988052397975 0.93047665758058407 0.72533239331096389 0.4783618744695558 0.41562357218936086 0.86141090071760107 0.1955658468650654
leaf_count=536 15 61 12 10 64 3 29 38 64 22 35 23 34 22
internal_value=-0.00062802 -0.00197198 0.0123981 -0.00375486 -0.00293481 -0.0163854 -0.041446 -0.00257737 0.000922132 0.00938743 0.0215931 -0.0306036 0.0316165 -0.0357586
internal_weight=56.8087 55.0065 6.07135 48.9352 48.1792 9.72267 3.45396 6.26871 6.00527 4.87923 3.73827 1.14096 3.25991 1.12604
internal_count=968 953 73 880 870 334 93 241 238 152 107 45 72 86
is_linear=0
shrinkage=0.05


Tree=152
num_leaves=15
num_cat=0
split_feature=176 177 48 154 13 109 153 132 154 94 170 23 112 21
split_gain=1.24431 1.42499 1.0924 0.883207 1.40172 0.847231 0.616309 0.551345 0.525634 2.63095 0.75227 0.76967 0.597159 0.583904
threshold=1.0000000180025095e-35 1.0000000180025095e-35 1.0000000180025095e-35 1.0000000180025095e-35 1.0000000180025095e-35 1.0000000180025095e-35 1.0000000180025095e-35 1.0000000180025095e-35 1.0000000180025095e-35 1.0000000180025095e-35 1.5000000000000002 1.0000000180025095e-35 1.0000000180025095e-35 1.0000000180025095e-35
decision_type=2 2 2 2 2 2 2 2 2 2 2 2 2 2
left_child=2 3 5 -2 -5 7 -3 8 10 -10 11 12 13 -1
right_child=1 6 -4 4 -6 -7 -8 -9 9 -11 -12 -13 -14 -15
leaf_value=0.013943946576939077 -0.041441713361534079 -0.012287194333249211 -0.039701187572520259 -0.052844934407023494 0.075855723906779027 0.03987313613639943 0.042226368628181334 -0.022234050687603434 -0.038210842484383743 0.037445703977907169 -0.041356934089066398 -0.036675308765934049 -0.03182216677020068 -0.0029200454927020419
leaf_weight=30.118059824919328 4.1399461346445596 0.95618963986635219 1.3269690475426603 0.40392908151261497 0.44424037449061871 1.8069987623020995 1.1326214737491682 1.7901323908008624 3.0175148055423042 1.8558184802532194 0.75627774652093549 0.90034160809591313 0.83002906292676826 6.1873593195341519
leaf_count=372 90 19 11 23 4 15 50 20 133 14 10 20 31 120
internal_value=0.00218816 -0.0173997 0.00504108 -0.0319186 0.0145638 0.00629729 0.0172718 0.00496254 0.00607751 -0.0094 0.00802191 0.00900372 0.0101112 0.0110699
internal_weight=55.6664 7.07693 48.5895 4.98812 0.848169 47.2625 2.08881 45.4555 43.6654 4.87333 38.7921 38.0358 37.1354 36.3054
internal_count=932 186 746 117 27 735 69 720 700 147 553 543 523 492
is_linear=0
shrinkage=0.05


Tree=153
num_leaves=15
num_cat=0
split_feature=136 38 173 170 162 158 29 164 171 13 172 168 168 73
split_gain=0.890154 0.858216 0.690186 0.674025 1.58274 0.906571 0.914303 0.650157 1.05376 0.442574 0.650138 1.50565 1.20334 0.778601
threshold=1.0000000180025095e-35 1.0000000180025095e-35 1.0000000180025095e-35 1.0000000180025095e-35 1.5000000000000002 1.0000000180025095e-35 1.0000000180025095e-35 1.0000000180025095e-35 2.5000000000000004 1.0000000180025095e-35 1.5000000000000002 1.0000000180025095e-35 1.0000000180025095e-35 1.0000000180025095e-35
decision_type=2 2 2 2 2 2 2 2 2 2 2 2 2 2
left_child=1 2 -1 5 7 9 -7 -5 -9 10 12 -12 13 -4
right_child=-2 -3 3 4 -6 6 -8 8 -10 -11 11 -13 -14 -15
leaf_value=0.00035562379312708615 -0.025514939912139663 -0.045377763859802814 0.015732125211348032 0.061023174447409546 -0.030963841709598275 -0.059169866995343816 0.050673545003788428 -0.028299689441048787 0.060924223881705299 0.054493397249174624 -0.041922839862945045 0.024933145196916796 -0.047705409909949176 0.077183600140911413
leaf_weight=33.700641739997081 2.6815197160467497 0.86676159501075645 9.9879724476486427 2.1912573329173024 0.87148084305226792 0.89280241820961304 0.24047001916915178 0.65696878638118483 0.66676750592887402 0.55085724010132331 1.7856187038123599 1.5938273542560637 0.72471550409682173 0.54350367188453752
leaf_count=447 37 12 223 31 15 27 20 14 9 20 54 20 18 6
internal_value=0.00261864 0.0039835 0.00476988 0.0119543 0.0293546 0.00727745 -0.0358621 0.0443095 0.0166425 0.0104967 0.00884073 -0.010392 0.014615 0.0189035
internal_weight=57.9552 55.2736 54.4069 20.7062 4.38647 16.3198 1.13327 3.51499 1.32374 15.1865 14.6356 3.37945 11.2562 10.5315
internal_count=953 916 904 457 69 388 47 54 23 341 321 74 247 229
is_linear=0
shrinkage=0.05


Tree=154
num_leaves=15
num_cat=0
split_feature=48 40 29 81 151 167 23 21 72 172 73 170 162 16
split_gain=2.85491 1.20298 1.46296 1.0779 2.08369 0.981316 1.9644 0.990604 0.891808 0.762215 0.806897 1.03339 1.18066 1.02086
threshold=1.0000000180025095e-35 1.0000000180025095e-35 1.0000000180025095e-35 1.0000000180025095e-35 1.0000000180025095e-35 1.0000000180025095e-35 1.0000000180025095e-35 1.0000000180025095e-35 1.0000000180025095e-35 1.5000000000000002 1.0000000180025095e-35 1.0000000180025095e-35 1.0000000180025095e-35 1.0000000180025095e-35
decision_type=2 2 2 2 2 2 2 2 2 2 2 2 2 2
left_child=1 3 -3 5 8 6 7 9 -5 10 11 13 -13 -1
right_child=-2 2 -4 4 -6 -7 -8 -9 -10 -11 -12 12 -14 -15
leaf_value=0.025562945813933063 -0.090330582965190809 -0.043554868847811741 0.051299049162843315 0.023244900642314062 0.070302960983971693 0.0092439262018318927 0.046613110460649247 -0.029767674244364509 -0.045968571523189755 -0.037720671655696314 0.049266916973913749 0.046809257052020645 -0.013091784578196337 -0.013916675331511958
leaf_weight=1.8699312116950899 0.86412846995517512 2.63315860601142 0.48071237176191051 1.094295298680662 1.6719542806968093 20.92488834192045 1.7144531846279267 4.5683084742631754 0.80982040241360675 1.5543735539540637 0.75727095175534387 1.9551393538713449 1.4201130419969556 13.168422465678304
leaf_count=12 9 122 37 18 13 261 69 107 9 26 12 9 15 232
internal_value=-0.000159145 0.00126736 -0.0289115 0.00309176 0.0295726 0.00111614 -0.005181 -0.00869172 -0.00619159 -0.0040461 -0.00131577 -0.00339602 0.0216063 -0.00900762
internal_weight=55.487 54.6228 3.11387 51.509 3.57607 47.9329 27.008 25.2936 1.90412 20.7253 19.1709 18.4136 3.37525 15.0384
internal_count=951 942 159 783 40 743 482 413 27 306 280 268 24 244
is_linear=0
shrinkage=0.05


Tree=155
num_leaves=15
num_cat=0
split_feature=38 81 151 154 72 72 150 162 21 136 172 171 40 167
split_gain=0.889111 0.54582 1.41232 2.11112 2.66957 0.883717 1.06824 0.988713 0.884258 0.880457 0.768895 2.10225 1.35574 2.87496
threshold=1.0000000180025095e-35 1.0000000180025095e-35 1.0000000180025095e-35 1.0000000180025095e-35 1.0000000180025095e-35 1.0000000180025095e-35 1.0000000180025095e-35 1.0000000180025095e-35 1.0000000180025095e-35 1.0000000180025095e-35 1.0000000180025095e-35 1.0000000180025095e-35 1.0000000180025095e-35 1.0000000180025095e-35
decision_type=2 2 2 2 2 2 2 2 2 2 2 2 2 2
left_child=1 5 3 4 -3 6 -1 -8 -9 10 11 -7 -12 -14
right_child=-2 2 -4 -5 -6 9 7 8 -10 -11 12 -13 13 -15
leaf_value=-0.013508083384507985 -0.047466926775978524 0.038789492805600186 0.055223828592532581 0.05761236589154916 -0.06441225764527235 0.0053044855464847648 0.035825383757631606 -0.029792834511664104 0.020856962332018471 -0.02405579067867215 -0.0020159868697226576 0.062920519304688713 0.10487395839084555 -0.054883940537327459
leaf_weight=18.56817173562013 0.9693786408752193 1.0151570383459321 1.6073418562300501 1.0948155890218916 1.6372432354837656 5.7958131639752599 2.3788531667087218 1.8381163144949824 1.6222142290789634 2.3006594851613036 15.202748319832608 2.1782117318361998 0.84729508543387122 0.42180045251734555
leaf_count=391 12 12 16 12 18 76 33 41 62 30 211 23 18 16
internal_value=1.27537e-05 0.000827248 0.0160158 -0.000802246 -0.0249137 -0.000762619 -0.00764218 0.011011 -0.00604804 0.00551527 0.00829828 0.0210431 0.00212852 0.0517763
internal_weight=57.4778 56.5084 5.35456 3.74722 2.6524 51.1539 24.4074 5.83918 3.46033 26.7465 24.4459 7.97402 16.4718 1.2691
internal_count=971 959 58 42 30 901 527 136 103 374 344 99 245 34
is_linear=0
shrinkage=0.05


Tree=156
num_leaves=15
num_cat=0
split_feature=48 163 170 164 165 62 107 171 165 154 154 26 167 94
split_gain=0.755563 0.669728 0.569573 0.588064 1.87421 0.498674 0.687198 0.626242 0.897394 0.719588 0.650861 0.556413 0.915016 1.05324
threshold=1.0000000180025095e-35 1.5000000000000002 3.5000000000000004 1.0000000180025095e-35 1.0000000180025095e-35 1.0000000180025095e-35 1.0000000180025095e-35 2.5000000000000004 1.0000000180025095e-35 1.0000000180025095e-35 1.0000000180025095e-35 1.0000000180025095e-35 1.0000000180025095e-35 1.0000000180025095e-35
decision_type=2 2 2 2 2 2 2 2 2 2 2 2 2 2
left_child=1 2 3 5 -5 6 7 11 9 -9 -10 -1 13 -13
right_child=-2 -3 -4 4 -6 -7 -8 8 10 -11 -12 12 -14 -15
leaf_value=0.0010072861969390649 0.040991945957657677 0.054845916323044211 -0.042799200204102307 -0.04200512889761529 0.038883882459273322 0.039117389063057222 -0.044431316338995629 0.029921659178652735 -0.081090316565310683 -0.04896702398403173 -0.0042311107964470912 -0.010926583708866969 0.04543652511307749 0.065257682823592497
leaf_weight=39.944575066678226 1.1507153208367515 0.55193326668813725 0.78473330568522115 2.5734750913688909 0.99220831366255868 0.86689590290188689 0.8233805363997807 0.93412609666120172 0.77689780411310494 0.41859968239441514 0.42674797191284597 2.6658078113105144 1.9529500612989066 0.54670247994363297
leaf_count=549 6 16 9 90 28 12 10 25 26 24 23 111 24 4
internal_value=0.000899332 4.90549e-05 -0.000514078 0.000112927 -0.0194965 0.00152957 0.00085758 0.00163989 -0.0224347 0.00550963 -0.0538402 0.00300419 0.0184463 0.00203839
internal_weight=55.4097 54.259 53.7071 52.9224 3.56568 49.3567 48.4898 47.6664 2.55637 1.35273 1.20365 45.11 5.16546 3.21251
internal_count=957 951 935 926 118 808 796 786 98 49 49 688 139 115
is_linear=0
shrinkage=0.05


Tree=157
num_leaves=15
num_cat=0
split_feature=52 19 124 62 107 21 112 26 164 162 106 3 162 40
split_gain=1.05588 0.856046 0.709955 0.606486 1.35096 0.706132 2.03579 1.6485 1.05374 0.704575 0.799348 0.771272 0.849618 0.961442
threshold=1.0000000180025095e-35 1.0000000180025095e-35 1.0000000180025095e-35 1.0000000180025095e-35 1.0000000180025095e-35 1.0000000180025095e-35 1.0000000180025095e-35 1.0000000180025095e-35 1.0000000180025095e-35 1.5000000000000002 1.0000000180025095e-35 1.0000000180025095e-35 1.0000000180025095e-35 1.0000000180025095e-35
decision_type=2 2 2 2 2 2 2 2 2 2 2 2 2 2
left_child=1 2 3 4 5 8 7 -7 -1 10 11 12 -9 -14
right_child=-2 -3 -4 -5 -6 6 -8 9 -10 -11 -12 -13 13 -15
leaf_value=0.0088484209100147034 -0.035146988109265864 -0.033752868752345497 -0.031936761669316735 0.042179483229141633 -0.066266310943732962 -0.10582995791401245 0.10332885632359118 -0.029577675772982738 -0.049030818989298848 0.019148088209403332 0.054867550302289993 -0.05806733720597114 0.020744746229119405 -0.050994874856768325
leaf_weight=38.435867651598528 1.9427336892113078 1.5924618928693224 1.3800097061321128 1.0410193521529425 0.68208072986453672 0.4413094012997999 0.40257788589224297 3.1174979174975306 0.8027954048011442 2.0325628855498508 0.39949306612834323 1.0205997785087673 2.5150179308839147 0.57353323174174864
leaf_count=525 23 13 15 11 12 4 3 78 22 76 9 41 76 62
internal_value=0.00107359 0.00236623 0.00345467 0.00440369 0.00362379 0.00458216 -0.00693283 -0.0113278 0.00766425 -0.00700993 -0.0139817 -0.0177877 -0.0111637 0.00742295
internal_weight=56.3796 54.4368 52.8444 51.4644 50.4233 49.7413 10.5026 10.1 39.2387 9.6587 7.62614 7.22665 6.20605 3.08855
internal_count=970 947 934 919 908 896 349 346 547 342 266 257 216 138
is_linear=0
shrinkage=0.05


Tree=158
num_leaves=15
num_cat=0
split_feature=72 163 11 176 162 158 172 81 16 163 173 172 172 167
split_gain=0.444606 0.587636 0.536428 0.709905 1.55798 0.762689 0.602193 1.19957 0.636907 0.530389 1.17752 1.31962 1.15625 0.897766
threshold=1.0000000180025095e-35 1.5000000000000002 1.0000000180025095e-35 1.0000000180025095e-35 1.5000000000000002 1.0000000180025095e-35 1.5000000000000002 1.0000000180025095e-35 1.0000000180025095e-35 1.0000000180025095e-35 1.0000000180025095e-35 1.0000000180025095e-35 1.0000000180025095e-35 1.0000000180025095e-35
decision_type=2 2 2 2 2 2 2 2 2 2 2 2 2 2
left_child=1 2 3 5 -5 6 7 8 -1 12 -11 -12 -10 -14
right_child=-2 -3 -4 4 -6 -7 -8 -9 9 10 11 -13 13 -15
leaf_value=0.027030674655099608 0.0085992672214039029 0.055004061392855234 0.029134842403707423 -0.051708740901164563 0.048746123140578419 -0.040330140194590164 0.02495206673781096 -0.053085930282732334 -0.010354007166308181 0.010270614986320068 0.0081542416016474745 -0.066930605870795065 0.03661455564600221 -0.0098239403971207024
leaf_weight=2.2022116766311433 30.149159783730283 0.47243423736654122 1.3753433356760059 1.7610609412658953 0.49431732017546881 1.1287569599226106 2.4905262216925612 1.0521015496924508 5.9606553701451066 2.3114483465906224 0.92818531300872575 1.5834625703282654 3.4056594758294523 1.4987658932805059
leaf_count=21 405 12 36 70 17 40 34 17 144 49 16 28 56 15
internal_value=0.00443956 -0.000263675 -0.00126054 -0.00294502 -0.0296918 -0.000271294 0.00183838 -0.00120057 0.00185072 -0.00168389 -0.0154825 -0.0391828 0.00444141 0.0224232
internal_weight=56.8141 26.6649 26.1925 24.8172 2.25538 22.5618 21.433 18.9425 17.8904 15.6882 4.8231 2.51165 10.8651 4.90443
internal_count=960 555 543 507 87 420 380 346 329 308 93 44 215 71
is_linear=0
shrinkage=0.05


Tree=159
num_leaves=15
num_cat=0
split_feature=62 109 153 170 72 171 168 162 158 72 21 168 53 26
split_gain=0.843521 0.764731 0.754318 1.52788 1.13649 1.80283 1.26844 1.36044 1.13232 1.12686 1.73531 1.20389 2.12278 1.18226
threshold=1.0000000180025095e-35 1.0000000180025095e-35 1.0000000180025095e-35 1.0000000180025095e-35 1.0000000180025095e-35 1.5000000000000002 1.0000000180025095e-35 1.5000000000000002 1.0000000180025095e-35 1.0000000180025095e-35 1.0000000180025095e-35 1.0000000180025095e-35 1.0000000180025095e-35 1.0000000180025095e-35
decision_type=2 2 2 2 2 2 2 2 2 2 2 2 2 2
left_child=1 2 3 9 -4 -6 7 -7 -5 10 11 -1 -13 -12
right_child=-2 -3 4 8 5 6 -8 -9 -10 -11 13 12 -14 -15
leaf_value=-0.0013477000107837609 0.040993438056512892 0.02614103892633245 0.01209492615840297 -0.047322429570788152 -0.053251098651850348 -0.053913940312781773 0.059254374651650787 0.051480595413517828 0.0010361484033847167 0.0027043532921068054 -0.13385152691448574 -0.098828959270720843 0.026913442591079417 -0.039285681386690911
leaf_weight=9.3501128123607486 1.0259152930229891 1.9295834079384793 10.84576528414618 4.1408054733183226 1.9794658862519998 0.89644056791439675 0.87453400623053301 0.46501419553533196 1.7105419063009319 18.213912600884214 0.39446274051442687 0.87766059301793642 0.54349717497825623 2.0386429340578616
leaf_count=177 11 15 222 60 33 16 14 20 21 248 4 18 8 97
internal_value=-0.00392193 -0.00477115 -0.00591097 -0.00972708 0.00353215 -0.0184986 0.0122668 -0.0179157 -0.0331856 -0.00535816 -0.0164795 -0.00786463 -0.050741 -0.054617
internal_weight=55.2864 54.2604 52.3309 37.2696 15.0612 4.21545 2.23599 1.36145 5.85135 31.4183 13.2044 10.7713 1.42116 2.43311
internal_count=964 953 938 633 305 83 50 36 81 552 304 203 26 101
is_linear=0
shrinkage=0.05


Tree=160
num_leaves=15
num_cat=0
split_feature=52 112 21 171 167 162 171 172 165 162 172 153 167 170
split_gain=0.81297 0.675309 0.527598 2.4538 1.34899 1.64332 1.50705 0.499789 0.464414 0.459139 0.453528 0.971025 0.814425 0.47709
threshold=1.0000000180025095e-35 1.0000000180025095e-35 1.0000000180025095e-35 1.5000000000000002 1.0000000180025095e-35 1.0000000180025095e-35 3.5000000000000004 1.0000000180025095e-35 1.0000000180025095e-35 1.0000000180025095e-35 1.5000000000000002 1.0000000180025095e-35 1.0000000180025095e-35 1.5000000000000002
decision_type=2 2 2 2 2 2 2 2 2 2 2 2 2 2
left_child=1 2 10 -4 5 6 -5 -7 -6 -10 13 12 -12 -1
right_child=-2 -3 3 4 8 7 -8 -9 9 -11 11 -13 -14 -15
leaf_value=0.010782050192842693 -0.030259516451743657 -0.03640468374261481 -0.12465873134863521 -0.056717760085439863 0.036329029179408175 0.038579678879338983 0.050192026003118173 -0.0015884626608912431 0.0412219561522442 -0.031160225041164946 0.032870485555503544 -0.035321958349240741 -0.0022643735435070619 0.049881527773724933
leaf_weight=30.723886958090592 1.6426221225410689 0.94732096395455201 0.40215952438302238 2.3684538454981507 2.7237963846419011 0.98468925093766291 0.38293053675442923 3.6260787083301693 0.34742662054486562 0.59310472849756479 2.1845401162281597 1.6584614962339408 6.7324410052970052 0.80051515810191531
leaf_count=424 17 40 4 73 46 54 4 150 7 19 25 19 60 8
internal_value=0.0043972 0.00544221 0.0061828 -0.00334456 0.00108003 -0.0112582 -0.0418383 0.00698996 0.0258692 -0.00442268 0.00876914 -0.000190817 0.00634319 0.0117749
internal_weight=56.1184 54.4758 53.5285 11.4286 11.0265 7.36215 2.75138 4.61077 3.66433 0.940531 42.0998 10.5754 8.91698 31.5244
internal_count=950 933 893 357 353 281 77 204 72 26 536 104 85 432
is_linear=0
shrinkage=0.05


Tree=161
num_leaves=15
num_cat=0
split_feature=16 153 21 171 29 163 48 172 158 167 170 170 23 94
split_gain=1.1106 0.858808 1.08432 1.58874 1.49453 0.838066 0.666808 0.785912 1.34609 1.75697 1.06955 0.699613 0.637921 2.34797
threshold=1.0000000180025095e-35 1.0000000180025095e-35 1.0000000180025095e-35 1.5000000000000002 1.0000000180025095e-35 1.0000000180025095e-35 1.0000000180025095e-35 1.0000000180025095e-35 1.0000000180025095e-35 1.0000000180025095e-35 1.0000000180025095e-35 1.0000000180025095e-35 1.0000000180025095e-35 1.0000000180025095e-35
decision_type=2 2 2 2 2 2 2 2 2 2 2 2 2 2
left_child=5 2 6 -4 12 -1 7 8 -2 11 -9 -10 -5 -14
right_child=1 -3 3 4 -6 -7 -8 10 9 -11 -12 -13 13 -15
leaf_value=-0.072461225808652552 -0.015233380654057225 0.012505792789303508 -0.12371519924187538 -0.041663464014415126 0.050861716022823703 -0.0078546179811039962 0.035078485461656331 0.00082767161501885386 -0.043744006342396911 0.083575291997752363 0.032317247697683522 0.025439983843257297 -0.05278759872806113 0.093095146456135813
leaf_weight=0.87519912887364548 12.176347463158892 14.312973023625089 0.36813576519489188 2.6514829664956778 0.71088115265592922 1.1770016038790345 1.4074010327458371 12.881013317499312 0.68370716366916828 0.84942391701042641 3.410517018986865 0.78493119031190872 0.72580267605371795 0.44488506019115448
leaf_count=11 207 300 2 72 49 15 8 150 19 8 33 5 55 2
internal_value=0.000662028 0.00210193 -0.00191242 -0.0238216 -0.0157091 -0.0354073 0.00142308 -0.0001155 -0.00858507 0.0263373 0.00741979 -0.0067678 -0.0280905 0.0026508
internal_weight=53.4597 51.4075 37.0945 4.90119 4.53305 2.0522 32.1933 30.7859 14.4944 2.31806 16.2915 1.46864 3.82217 1.17069
internal_count=936 910 610 180 178 26 430 422 239 32 183 24 129 57
is_linear=0
shrinkage=0.05


Tree=162
num_leaves=15
num_cat=0
split_feature=72 81 153 16 48 23 19 94 171 94 171 26 40 153
split_gain=1.33494 1.59597 1.60689 1.35133 1.24681 1.18404 1.33271 1.1118 1.07713 0.993391 1.17399 1.3538 0.991486 1.00289
threshold=1.0000000180025095e-35 1.0000000180025095e-35 1.0000000180025095e-35 1.0000000180025095e-35 1.0000000180025095e-35 1.0000000180025095e-35 1.0000000180025095e-35 1.0000000180025095e-35 2.5000000000000004 1.0000000180025095e-35 2.5000000000000004 1.0000000180025095e-35 1.0000000180025095e-35 1.0000000180025095e-35
decision_type=2 2 2 2 2 2 2 2 2 2 2 2 2 2
left_child=1 2 5 -4 9 6 -1 -7 -5 10 11 12 13 -2
right_child=4 -3 3 8 -6 7 -8 -9 -10 -11 -12 -13 -14 -15
leaf_value=-0.028982030565675689 0.0062336377962725897 0.035683376694864759 -0.064817335587546973 -2.6827830969474805e-05 -0.039101905597244163 -0.036667556137768571 0.029683588195671341 0.080996634198731488 0.039711457868076061 0.039673495955553778 -0.041844855127378566 0.045956848079634904 0.048090486465304137 -0.03701689546150639
leaf_weight=12.966885578003712 18.527299442328534 1.9943914348259557 0.64393378980457683 6.6394914711127058 1.3263175254687656 0.32445701083634126 1.0461773127317435 0.52659855037927628 2.2945940089412034 2.6430282089859238 1.1527289536315937 2.336723083164542 1.3048571106046427 1.4448464568704356
leaf_count=282 200 28 12 125 11 38 6 3 65 26 72 41 25 24
internal_value=0.000784535 -0.00732413 -0.0108334 0.00513733 0.00824439 -0.0211245 -0.0246022 0.0361383 0.0101794 0.0105354 0.00742588 0.00983108 0.00586361 0.00310476
internal_weight=55.1723 26.4365 24.4421 9.57802 28.7358 14.8641 14.0131 0.851056 8.93409 27.4095 24.7665 23.6137 21.277 19.9721
internal_count=958 559 531 202 399 329 288 41 190 388 362 290 249 224
is_linear=0
shrinkage=0.05


Tree=163
num_leaves=15
num_cat=0
split_feature=163 16 124 86 136 86 94 154 81 170 21 171 150 162
split_gain=0.796641 1.12259 1.10217 0.943085 0.720054 0.671537 0.61914 2.39184 0.611481 0.479563 0.675622 1.73868 1.45908 0.934408
threshold=1.0000000180025095e-35 1.0000000180025095e-35 1.0000000180025095e-35 1.0000000180025095e-35 1.0000000180025095e-35 1.0000000180025095e-35 1.0000000180025095e-35 1.0000000180025095e-35 1.0000000180025095e-35 1.0000000180025095e-35 1.0000000180025095e-35 1.5000000000000002 1.0000000180025095e-35 1.5000000000000002
decision_type=2 2 2 2 2 2 2 2 2 2 2 2 2 2
left_child=1 -1 4 8 5 6 -3 -8 9 10 -2 -12 -13 -14
right_child=3 2 -4 -5 -6 -7 7 -9 -10 -11 11 12 13 -15
leaf_value=0.035941900900261246 0.016679693793999594 -0.0072296333406998668 0.038705359137629985 0.051947247845916027 -0.036540034541609132 -0.040810098816097137 -0.037558296229364539 0.074047566327193406 0.053262376617672275 -0.013191447468357542 -0.11327671026632771 0.036608652527152792 -0.1290056750116024 0.0011579384671965068
leaf_weight=1.5739150727167714 6.3893076342064834 31.342521173297428 1.2669997252523888 1.1449752870248637 2.1883896160870782 1.4064324120990921 0.90022841747850058 1.0285583734512329 0.61363459797576148 3.6011779722757629 0.3769282549619678 1.1800211570225654 0.26733317784965027 0.28472995106130838
leaf_count=16 125 517 8 67 27 36 17 4 14 52 2 46 9 13
internal_value=-0.00183743 -0.00543972 -0.00714771 0.00848405 -0.00872357 -0.00696817 -0.00553762 0.0219574 0.00456965 0.00210016 0.00858001 -0.0159582 0.00521983 -0.061873
internal_weight=53.5652 39.707 38.1331 13.8581 36.8661 34.6777 33.2713 1.92879 12.7131 12.0995 8.49832 2.10901 1.73208 0.552063
internal_count=953 625 609 328 601 574 538 21 261 247 195 70 68 22
is_linear=0
shrinkage=0.05


Tree=164
num_leaves=15
num_cat=0
split_feature=16 162 59 87 19 99 170 74 162 75 49 26 112 53
split_gain=1.06243 1.34713 0.754538 0.748857 0.549777 0.409354 0.402096 0.325555 0.419809 0.347191 0.536724 0.326972 1.73383 0.537994
threshold=1.0000000180025095e-35 1.0000000180025095e-35 1.0000000180025095e-35 1.0000000180025095e-35 1.0000000180025095e-35 1.0000000180025095e-35 3.5000000000000004 1.0000000180025095e-35 1.0000000180025095e-35 1.0000000180025095e-35 1.0000000180025095e-35 1.0000000180025095e-35 1.0000000180025095e-35 1.0000000180025095e-35
decision_type=2 2 2 2 2 2 2 2 2 2 2 2 2 2
left_child=1 -1 3 4 5 -2 7 9 -9 10 11 13 -13 -7
right_child=2 -3 -4 -5 -6 6 -8 8 -10 -11 -12 12 -14 -15
leaf_value=-0.068462125709827557 -0.033480952773407485 0.0042360651425399727 -0.051908895038193098 -0.053322641269985344 -0.035677182591058537 0.0049991580370437952 -0.027132997659729576 0.080149033242092799 -0.0010942812160256575 -0.026636435913221387 0.052328502112168773 0.010103700612586815 0.1230139138711913 -0.028854141965376785
leaf_weight=1.1841107048094266 0.66503530042245884 1.3797774552367625 0.60518551059067149 0.55911157559603353 0.82373312301933665 36.576550537487492 0.89949196670204301 0.33924275636672874 0.29928646690677851 0.79508131218608369 0.63532983558252354 10.002389651490372 0.35196544742211777 1.2124902373179782
leaf_count=11 40 23 11 15 9 494 12 1 22 24 9 288 2 16
internal_value=0.00210628 -0.029339 0.00360582 0.00423781 0.00484964 0.0054944 0.00600152 0.00659508 0.0420693 0.00613816 0.00667238 0.00606987 0.0139417 0.00391295
internal_weight=56.3288 2.56389 53.7649 53.1597 52.6006 51.7769 51.1118 50.2123 0.638529 49.5738 48.7787 48.1434 10.3544 37.789
internal_count=977 34 943 932 917 908 868 856 23 833 809 800 290 510
is_linear=0
shrinkage=0.05


Tree=165
num_leaves=15
num_cat=0
split_feature=175 151 78 162 153 94 150 171 163 154 72 168 72 81
split_gain=0.434918 0.411648 0.705729 0.668565 0.770532 0.807082 1.00993 0.637618 0.647987 0.63291 0.936884 0.666882 0.934584 1.49804
threshold=1.0000000180025095e-35 1.0000000180025095e-35 1.0000000180025095e-35 1.0000000180025095e-35 1.0000000180025095e-35 1.0000000180025095e-35 1.0000000180025095e-35 1.5000000000000002 1.0000000180025095e-35 1.0000000180025095e-35 1.0000000180025095e-35 1.0000000180025095e-35 1.0000000180025095e-35 1.0000000180025095e-35
decision_type=2 2 2 2 2 2 2 2 2 2 2 2 2 2
left_child=1 -1 3 4 5 6 -3 -4 -9 11 -11 12 -5 -14
right_child=-2 2 7 9 -6 -7 -8 8 -10 10 -12 -13 13 -15
leaf_value=0.0047518243927584872 0.042731889979687132 -0.040816096939326002 0.091504123072244661 -0.041550112423016934 0.029362594061986571 0.025553539316596399 -5.807129565147608e-05 -0.061238540418823165 0.053571655929902054 -0.078113945196735979 -0.011238292309232239 0.0033148142287570781 -0.033762540212077044 0.056396831340834702
leaf_weight=28.984944993280806 0.62184030003845592 2.0149460574612057 0.3582974374294271 2.6852442441740987 2.2173156561329952 1.9719957970082767 6.1856549649965018 0.21574680879712105 0.28557063557673246 0.87952096923254353 1.2945378185249865 5.4326727318111807 1.0896150129847226 0.79825533926486958
leaf_count=523 13 43 1 84 22 12 54 3 26 27 42 96 25 6
internal_value=0.00115357 0.000678414 -0.00396455 -0.00552256 0.00265508 -0.00316635 -0.0100726 0.0405672 0.00416198 -0.0138412 -0.038293 -0.00852836 -0.0225976 0.00435989
internal_weight=55.0362 54.4143 25.4294 24.5698 12.3899 10.1726 8.2006 0.859615 0.501317 12.1798 2.17406 10.0058 4.57311 1.88787
internal_count=977 964 441 411 131 109 97 30 29 280 69 211 115 31
is_linear=0
shrinkage=0.05


Tree=166
num_leaves=15
num_cat=0
split_feature=52 132 124 165 150 170 162 158 164 171 86 40 153 170
split_gain=1.62848 0.676816 0.594675 0.251219 0.923527 2.04979 0.805714 0.841334 0.716306 2.18573 0.679498 0.745375 0.60895 0.597087
threshold=1.0000000180025095e-35 1.0000000180025095e-35 1.0000000180025095e-35 1.0000000180025095e-35 1.0000000180025095e-35 1.0000000180025095e-35 1.0000000180025095e-35 1.0000000180025095e-35 1.0000000180025095e-35 1.5000000000000002 1.0000000180025095e-35 1.0000000180025095e-35 1.0000000180025095e-35 1.0000000180025095e-35
decision_type=2 2 2 2 2 2 2 2 2 2 2 2 2 2
left_child=1 2 3 4 6 -6 7 -1 9 13 11 12 -8 -5
right_child=-2 -3 -4 8 5 -7 10 -9 -10 -11 -12 -13 -14 -15
leaf_value=-0.0037262018576622574 -0.062193550737689091 -0.029743984747260751 -0.03141560562662242 0.014141151700705812 -0.051141046283470076 0.037589581320847353 0.010269420090876563 -0.055470511294839486 0.042553469837413559 -0.049736816891888261 -0.032464889860088671 -0.037093481706868485 0.039386918067128136 -0.024154734952967008
leaf_weight=14.620116917649284 1.0950411660596717 1.9204704130534072 1.4206109796650697 11.355349422432479 2.3345273364102463 0.90250740770716209 12.297902568243442 0.83017399394884783 1.2774149227188889 1.6993380163330574 0.91030914802104312 0.73518864286597896 2.1026181979104868 1.1180408634245402
leaf_count=238 20 25 16 119 81 21 175 26 33 63 32 64 26 17
internal_value=-0.00183367 -0.000598792 0.00048586 0.00138894 -0.000970502 -0.0264023 0.00164326 -0.00650652 0.00669317 0.00346102 0.00949047 0.0120138 0.0145209 0.0107085
internal_weight=54.6196 53.5246 51.6041 50.1835 34.7333 3.23703 31.4963 15.4503 15.4501 14.1727 16.046 15.1357 14.4005 12.4734
internal_count=956 936 911 895 663 102 561 264 232 199 297 265 201 136
is_linear=0
shrinkage=0.05


Tree=167
num_leaves=15
num_cat=0
split_feature=136 170 49 124 148 81 165 162 154 171 40 16 38 73
split_gain=0.430567 1.47061 0.391825 0.30993 0.318619 0.331622 0.439728 0.249698 0.399394 0.229742 0.711424 0.643287 0.843517 0.6709
threshold=1.0000000180025095e-35 1.5000000000000002 1.0000000180025095e-35 1.0000000180025095e-35 1.0000000180025095e-35 1.0000000180025095e-35 1.0000000180025095e-35 1.5000000000000002 1.0000000180025095e-35 1.5000000000000002 1.0000000180025095e-35 1.0000000180025095e-35 1.0000000180025095e-35 1.0000000180025095e-35
decision_type=2 2 2 2 2 2 2 2 2 2 2 2 2 2
left_child=2 -2 3 4 5 9 7 8 -7 10 11 -1 13 -13
right_child=1 -3 -4 -5 -6 6 -8 -9 -10 -11 -12 12 -14 -15
leaf_value=0.026385095029291917 -0.048370605106761645 0.040542893107066991 -0.03652596507274089 0.023110488833829931 0.018788818429384693 -0.017853585552745955 0.042010532823258055 0.024681423972260863 0.017990229151991489 -0.0072103422044920863 0.033550766476492279 -0.0049833493049243104 0.046655569147494025 0.042244627473740942
leaf_weight=2.0858834143728009 1.5124806035310023 0.67153474874794472 0.66558965714648266 1.6958307567983855 2.5073862439021459 1.7603647094219914 1.009086860110983 1.2111762408167122 1.3914715196006 10.862970230053177 1.613036137074231 28.655794841703035 0.85429484024643798 0.77223230618983407
leaf_count=14 29 6 15 16 36 14 14 16 12 351 48 391 6 11
internal_value=0.000741321 -0.0210317 0.00160458 0.00207094 0.00139422 0.000525675 0.0122652 0.00538564 -0.00202927 -0.000880659 0.00114279 -0.000472233 -0.0023222 -0.00374402
internal_weight=57.2691 2.18402 55.0851 54.4195 52.7237 50.2163 5.3721 4.36301 3.15184 44.8442 33.9812 32.3682 30.2823 29.428
internal_count=979 35 944 929 913 877 56 42 26 821 470 422 408 402
is_linear=0
shrinkage=0.05


Tree=168
num_leaves=15
num_cat=0
split_feature=86 162 173 26 94 170 167 23 173 81 72 173 49 163
split_gain=1.38634 1.10206 0.756069 0.697604 1.5051 0.883076 0.829498 1.92387 0.602506 0.538468 0.93171 1.20652 0.533295 0.608458
threshold=1.0000000180025095e-35 1.0000000180025095e-35 1.5000000000000002 1.0000000180025095e-35 1.0000000180025095e-35 1.0000000180025095e-35 1.0000000180025095e-35 1.0000000180025095e-35 1.0000000180025095e-35 1.0000000180025095e-35 1.0000000180025095e-35 1.0000000180025095e-35 1.0000000180025095e-35 1.5000000000000002
decision_type=2 2 2 2 2 2 2 2 2 2 2 2 2 2
left_child=1 3 -2 4 5 -1 7 -5 -8 12 -11 -12 13 -3
right_child=2 9 -4 6 -6 -7 8 -9 -10 10 11 -13 -14 -15
leaf_value=-0.016479268738131405 0.043575475460072371 -0.0046168738559427235 -0.025482521448116413 -0.055344252385136676 -0.070496151145811259 0.021243990550477671 0.0094103537648565563 0.04142976202709274 0.065564653571654988 0.046641928857793336 -0.03469233588936118 0.027946364054831464 0.036853237804696078 0.054480938889624866
leaf_weight=18.472625084221374 2.2174000479280944 19.862662053434189 0.48260775359813113 1.2967811385169619 1.2202704362571228 1.6936214994639147 1.5842378772795203 0.85032473225146521 0.68388229119591404 1.6977637605741609 1.3632572554051876 1.7628356372006238 0.86108715808950265 0.44530451484024425
leaf_count=248 68 423 36 42 10 10 22 23 10 23 11 15 14 13
internal_value=-0.00369724 -0.00551806 0.0312318 -0.0128384 -0.016574 -0.0133112 0.00525593 -0.0170186 0.026342 0.00174849 0.0168241 0.000630265 -0.00168685 -0.003321
internal_weight=54.4947 51.7947 2.70001 25.8017 21.3865 20.1662 4.41523 2.14711 2.26812 25.9929 4.82386 3.12609 21.1691 20.308
internal_count=968 864 104 365 268 258 97 65 32 499 49 26 450 436
is_linear=0
shrinkage=0.05


Tree=169
num_leaves=15
num_cat=0
split_feature=136 176 163 170 86 166 67 171 162 158 124 153 94 162
split_gain=0.791934 0.794939 1.5016 0.754117 0.834256 0.725118 0.711456 0.714129 1.47432 0.673351 0.767335 0.755885 0.739613 0.596788
threshold=1.0000000180025095e-35 1.0000000180025095e-35 1.0000000180025095e-35 1.0000000180025095e-35 1.0000000180025095e-35 1.0000000180025095e-35 1.0000000180025095e-35 2.5000000000000004 1.0000000180025095e-35 1.0000000180025095e-35 1.0000000180025095e-35 1.0000000180025095e-35 1.0000000180025095e-35 1.0000000180025095e-35
decision_type=2 2 2 2 2 2 2 2 2 2 2 2 2 2
left_child=1 3 -3 4 6 9 7 13 -9 10 11 -5 -11 -1
right_child=-2 2 -4 5 -6 -7 -8 8 -10 12 -12 -13 -14 -15
leaf_value=0.0023623459958646113 -0.026997840714263279 -0.031306222605533555 0.018979908455251958 -0.055974509954038736 0.046564126393036809 0.034744531539146632 -0.043959635211860422 0.041744793843538963 -0.067509696089566321 0.037851887452659438 0.0063314543838511664 3.8888904582311167e-05 -0.02207795566623199 0.015609076477450632
leaf_weight=20.474618816981092 2.510389832314103 4.4136429930804288 2.2369868495734408 2.2515517782885577 1.2805228438228358 0.77647929918020953 0.71266446448862453 0.47598707093857118 0.87902100069914013 1.0003061173483729 1.187608480453491 0.82225478999316681 1.0607600114308298 14.540678440243935
leaf_count=286 37 120 79 26 47 17 9 9 28 12 10 11 14 268
internal_value=0.00043228 0.00175364 -0.0143921 0.00411558 0.00688572 -0.0108545 0.00551557 0.00648502 -0.0291308 -0.0164546 -0.0278026 -0.0409907 0.00700805 0.00786327
internal_weight=54.6235 52.1131 6.65063 45.4625 38.3635 7.09896 37.083 36.3703 1.35501 6.32248 4.26142 3.07381 2.06107 35.0153
internal_count=973 936 199 737 647 90 600 591 37 73 47 37 26 554
is_linear=0
shrinkage=0.05


Tree=170
num_leaves=15
num_cat=0
split_feature=23 107 6 171 72 163 99 170 94 162 72 153 162 172
split_gain=0.860964 0.757003 1.60499 0.68402 0.496267 0.822928 0.398287 0.339107 0.791234 0.623174 1.70228 0.645201 0.492603 2.43798
threshold=1.0000000180025095e-35 1.0000000180025095e-35 1.0000000180025095e-35 3.5000000000000004 1.0000000180025095e-35 1.0000000180025095e-35 1.0000000180025095e-35 1.0000000180025095e-35 1.0000000180025095e-35 1.0000000180025095e-35 1.0000000180025095e-35 1.0000000180025095e-35 1.5000000000000002 1.0000000180025095e-35
decision_type=2 2 2 2 2 2 2 2 2 2 2 2 2 2
left_child=1 6 -3 4 -2 -6 -1 12 -9 -10 11 -11 -8 -14
right_child=3 2 -4 -5 5 -7 7 8 9 10 -12 -13 13 -15
leaf_value=-0.039383658406299857 -0.060273318428418335 -0.090796554085711689 0.01704832937981032 0.039821700393421901 -0.053937492758119925 0.041099765248271254 0.00088046944631458256 0.026509887524600768 0.020437451519733325 -0.013633138103020061 -0.06421224743128856 0.041536520879365255 -0.099324800752779913 0.0091057666609363434
leaf_weight=0.60502665385138144 1.2670264994958413 0.68670137599110492 0.69331205263733864 0.30628423602320243 0.51731288316659618 0.40697504999116063 36.688433387316763 4.0796733484603447 1.8356491737067697 1.2070067650638523 1.1764062670990827 0.94475375209003676 0.72591647971421425 1.813437260687351
leaf_count=32 63 14 11 36 23 30 584 50 15 12 16 21 18 44
internal_value=-0.0015122 -9.37389e-05 -0.0366158 -0.0301678 -0.0399504 -0.0120914 0.000933253 0.0014365 0.0100519 -0.00295076 -0.0158505 0.0105897 -0.000593603 -0.0218909
internal_weight=52.9539 50.4563 1.38001 2.4976 2.19131 0.924288 49.0763 48.4713 9.24349 5.16382 3.32817 2.15176 39.2278 2.53935
internal_count=969 817 25 152 116 53 792 760 114 64 49 33 646 62
is_linear=0
shrinkage=0.05


Tree=171
num_leaves=15
num_cat=0
split_feature=166 29 164 3 158 132 168 6 163 21 26 165 112 162
split_gain=0.829478 1.61378 0.77039 1.07911 0.793282 0.92145 0.757638 0.632229 0.505449 0.475218 1.62986 1.36809 1.03691 1.56142
threshold=1.0000000180025095e-35 1.0000000180025095e-35 1.0000000180025095e-35 1.0000000180025095e-35 1.0000000180025095e-35 1.0000000180025095e-35 1.0000000180025095e-35 1.0000000180025095e-35 1.0000000180025095e-35 1.0000000180025095e-35 1.0000000180025095e-35 1.0000000180025095e-35 1.0000000180025095e-35 1.0000000180025095e-35
decision_type=2 2 2 2 2 2 2 2 2 2 2 2 2 2
left_child=2 7 4 8 5 9 -6 -2 -4 -1 -11 12 13 -12
right_child=1 -3 3 -5 6 -7 -8 -9 -10 10 11 -13 -14 -15
leaf_value=0.011381854047755473 -0.061398066156677533 0.05062647733488751 -0.055059223304356399 0.031321765378709683 -0.03696034746869372 -0.034638124632517635 -0.0015306933899639002 -0.0092676762146715608 -0.010204423838481349 -0.10010769892993694 -0.031003689142082558 -0.048977288744459439 0.088899875855311894 0.028621941891502994
leaf_weight=29.989428252913058 1.5539043914759529 0.58183301088865835 1.4939518005121495 0.76796993287280191 1.9512030435726027 1.2687122970819462 6.6569569413550198 0.92952019989024837 1.0836039474233985 0.40892904065549274 1.7280877477023748 1.0534721445292232 0.41945292800664891 3.0112307623494416
leaf_count=422 69 74 47 23 41 8 63 26 24 3 37 38 2 80
internal_value=0.000919211 -0.0243259 0.00247205 -0.020702 0.0041398 0.00725345 -0.0095615 -0.0418862 -0.0362023 0.00870517 -0.00341838 0.00294632 0.0135496 0.00688077
internal_weight=52.8983 3.06526 49.833 3.34553 46.4875 37.8793 8.60816 2.48342 2.57756 36.6106 6.62117 6.21224 5.15877 4.73932
internal_count=957 169 788 94 694 590 104 95 71 582 160 157 119 117
is_linear=0
shrinkage=0.05


Tree=172
num_leaves=15
num_cat=0
split_feature=132 29 162 172 173 167 170 170 72 73 151 172 40 162
split_gain=1.37037 0.850084 0.499978 1.41341 1.01493 0.834189 2.97825 2.293 1.2338 1.06996 1.29486 0.80441 0.78562 2.39694
threshold=1.0000000180025095e-35 1.0000000180025095e-35 1.0000000180025095e-35 1.0000000180025095e-35 1.0000000180025095e-35 1.0000000180025095e-35 1.0000000180025095e-35 1.0000000180025095e-35 1.0000000180025095e-35 1.0000000180025095e-35 1.0000000180025095e-35 1.0000000180025095e-35 1.0000000180025095e-35 1.5000000000000002
decision_type=2 2 2 2 2 2 2 2 2 2 2 2 2 2
left_child=2 -2 5 -4 -5 7 11 8 9 10 -1 -7 13 -6
right_child=1 -3 3 4 12 6 -8 -9 -10 -11 -12 -13 -14 -15
leaf_value=-0.017499111349752999 -0.082050051177675346 -0.011738667927450788 0.025375235415370113 0.015464930011107931 -0.031586220372714136 0.044580365560585228 -0.067879432206236837 0.039201886348343179 -0.03909269659605466 0.061291147118710504 0.040775581293467998 0.011033958461483686 0.013860504051686547 0.049660021619002841
leaf_weight=7.384840535349209 0.71211106795817491 1.0846735239028931 9.2859464029315877 6.9008694620570195 5.7196176426950824 2.2756882142275563 1.1090404205024249 2.2263410734012732 3.9348028681706628 0.56151864677667696 1.0945266247726975 8.3216740703210217 2.5483353583840653 1.0790653156000187
leaf_count=159 15 10 174 104 146 32 11 21 64 4 23 66 88 33
internal_value=0.00333161 -0.0396048 0.0048027 0.00981447 0.000921226 4.69605e-05 0.0100792 -0.00767841 -0.015722 -0.00555057 -0.00997695 0.0182377 -0.00981634 -0.0186911
internal_weight=54.2391 1.79678 52.4423 25.5338 16.2479 26.9084 11.7064 15.202 12.9757 9.04089 8.47937 10.5974 9.34702 6.79868
internal_count=950 25 925 545 371 380 109 271 250 186 182 98 267 179
is_linear=0
shrinkage=0.05


Tree=173
num_leaves=15
num_cat=0
split_feature=86 94 150 29 162 72 154 40 172 81 162 133 16 19
split_gain=0.79937 0.76115 0.450119 0.655898 0.446908 0.396365 1.04721 0.778383 0.813968 0.77075 0.875657 0.73695 0.991107 0.736772
threshold=1.0000000180025095e-35 1.0000000180025095e-35 1.0000000180025095e-35 1.0000000180025095e-35 1.0000000180025095e-35 1.0000000180025095e-35 1.0000000180025095e-35 1.0000000180025095e-35 1.0000000180025095e-35 1.0000000180025095e-35 1.5000000000000002 1.0000000180025095e-35 1.0000000180025095e-35 1.0000000180025095e-35
decision_type=2 2 2 2 2 2 2 2 2 2 2 2 2 2
left_child=5 2 4 -4 -2 6 7 8 9 10 13 12 -8 -1
right_child=1 -3 3 -5 -6 -7 11 -9 -10 -11 -12 -13 -14 -15
leaf_value=-0.0079534551584126822 0.10205814159024953 -0.0063988677095200763 -0.054480537903895322 0.050854674134772883 0.035760771850505912 -0.0087138908692003768 0.046422065142827859 -0.042697041290133256 0.017160548877544226 0.04484651685592804 -0.067753312634537433 0.021113279516726993 -0.053450451041689197 0.03549717447455835
leaf_weight=8.8890756135806477 0.4517952101305116 1.320604553213343 0.23734906828030955 0.39163443818688393 0.58119049132801592 28.064654361456633 0.28347031050361771 0.85967554006492619 8.9361198912374658 0.78268992807716209 0.55422976519912559 0.60083312168717373 2.0084350289544082 1.0959005281329162
leaf_count=166 6 23 6 45 27 384 7 50 124 9 9 4 98 6
internal_value=-0.00323725 0.0219369 0.0444525 0.0111061 0.0647571 -0.00467908 3.70139e-05 0.00390174 0.00587922 -0.00302489 -0.00658004 -0.0281764 -0.0410979 -0.00318453
internal_weight=55.0577 2.98257 1.66197 0.628984 1.03299 52.0751 24.0104 21.1177 20.258 11.3219 10.5392 2.89274 2.29191 9.98498
internal_count=964 107 84 51 33 857 473 364 314 190 181 109 105 172
is_linear=0
shrinkage=0.05


Tree=174
num_leaves=15
num_cat=0
split_feature=78 38 19 67 107 150 163 132 21 171 176 153 170 94
split_gain=0.902216 0.769597 0.494033 0.396608 0.394946 0.763789 0.284793 1.11776 0.521399 1.57778 0.664572 0.848227 1.02335 0.57376
threshold=1.0000000180025095e-35 1.0000000180025095e-35 1.0000000180025095e-35 1.0000000180025095e-35 1.0000000180025095e-35 1.0000000180025095e-35 1.0000000180025095e-35 1.0000000180025095e-35 1.0000000180025095e-35 1.5000000000000002 1.0000000180025095e-35 1.0000000180025095e-35 1.0000000180025095e-35 1.0000000180025095e-35
decision_type=2 2 2 2 2 2 2 2 2 2 2 2 2 2
left_child=1 2 3 4 6 -6 -1 8 13 -10 11 -11 -13 -8
right_child=-2 -3 -4 -5 5 -7 7 -9 9 10 -12 12 -14 -15
leaf_value=-0.00090435714967960254 0.046334269291588973 -0.047155667458789394 -0.030586281748029156 -0.038667089717785923 -0.05366931840043674 0.016203211142904114 0.030984063730467994 -0.052108393585751749 -0.098348610362198496 0.050569746646962559 0.054001687257424297 -0.059194697365931463 0.052052560020601685 -0.0080075253038348389
leaf_weight=39.346276210388169 0.98263107548700546 0.92781608644872804 1.3930627144873131 0.6682345625013103 0.93016400467604288 0.674883047118783 4.4274646621197427 0.69017416704446155 0.38141581416130099 0.4619058391544969 0.65522994904313225 0.79902772884815931 0.27887065010145307 1.1989643666893242
leaf_count=620 39 15 10 10 15 10 120 7 2 38 19 39 8 19
internal_value=-0.00113673 -0.00201963 -0.00121282 -0.000402742 0.000110246 -0.0242896 0.000922093 0.00900301 0.0141448 -0.00448369 0.0118266 -0.00612014 -0.0304131 0.0226751
internal_weight=53.8161 52.8335 51.9057 50.5126 49.8444 1.60505 48.2393 8.89305 8.20288 2.57645 2.19503 1.5398 1.0779 5.62643
internal_count=971 932 917 907 897 25 872 252 245 106 104 85 47 139
is_linear=0
shrinkage=0.05


Tree=175
num_leaves=15
num_cat=0
split_feature=16 19 48 163 59 109 3 151 162 111 40 73 173 163
split_gain=1.49526 0.873574 0.901374 0.710858 0.402832 0.323285 0.45955 0.930193 0.992909 0.783147 0.761624 0.827214 0.596505 0.589955
threshold=1.0000000180025095e-35 1.0000000180025095e-35 1.0000000180025095e-35 1.0000000180025095e-35 1.0000000180025095e-35 1.0000000180025095e-35 1.0000000180025095e-35 1.0000000180025095e-35 1.0000000180025095e-35 1.0000000180025095e-35 1.0000000180025095e-35 1.0000000180025095e-35 1.0000000180025095e-35 1.0000000180025095e-35
decision_type=2 2 2 2 2 2 2 2 2 2 2 2 2 2
left_child=3 2 4 -1 5 6 9 10 12 -2 11 -8 -9 -10
right_child=1 -3 -4 -5 -6 -7 7 8 13 -11 -12 -13 -14 -15
leaf_value=-0.066808112728007893 0.0061822030980664472 -0.045870283134688904 -0.036517640523523388 -0.010304508956160172 -0.033333112746442906 0.024553333323446239 -0.006501413425558847 -0.0060180694972042639 -0.057850991578534065 0.044691469771805763 0.072060696141683575 0.062005761470064702 0.029832758690592705 -0.015502604705633756
leaf_weight=1.1294416277669361 31.045027640415356 0.90311076072975893 1.3537846701219667 1.097553928848356 0.68192682508379121 2.1005661366507402 1.9103005276992897 6.6085580848157388 1.3318714415654551 1.3788786502555002 0.60027612280100573 0.57275754958391178 1.4073484874097628 2.1499652410857379
leaf_count=16 650 9 12 16 10 18 41 45 24 13 9 5 17 72
internal_value=0.00115996 0.00287674 0.00373757 -0.0389608 0.00483216 0.00536216 0.00450454 -0.00286775 -0.00940757 0.00781987 0.0215192 0.00930088 0.000276241 -0.0317017
internal_weight=54.2714 52.0444 51.1413 2.227 49.7875 49.1055 47.005 14.5811 11.4977 32.4239 3.08333 2.48306 8.01591 3.48184
internal_count=957 925 916 32 904 894 876 213 158 663 55 46 62 96
is_linear=0
shrinkage=0.05


Tree=176
num_leaves=15
num_cat=0
split_feature=124 29 38 112 21 171 162 154 151 86 171 154 94 158
split_gain=0.920495 1.16932 1.24385 0.96749 0.788339 1.50151 0.83594 0.857476 0.833827 0.993593 1.92961 0.595637 1.77445 0.557958
threshold=1.0000000180025095e-35 1.0000000180025095e-35 1.0000000180025095e-35 1.0000000180025095e-35 1.0000000180025095e-35 1.5000000000000002 1.5000000000000002 1.0000000180025095e-35 1.0000000180025095e-35 1.0000000180025095e-35 2.5000000000000004 1.0000000180025095e-35 1.0000000180025095e-35 1.0000000180025095e-35
decision_type=2 2 2 2 2 2 2 2 2 2 2 2 2 2
left_child=1 2 3 11 -3 -6 7 8 -7 -10 -11 13 -13 -1
right_child=-2 4 -4 -5 5 6 -8 -9 9 10 -12 12 -14 -15
leaf_value=0.0082669403621145436 -0.03636960299585764 0.031054754071684738 -0.06888873712983791 -0.051931996363169287 -0.094105197240118843 0.052436914933492722 0.050945009848447145 0.051039672991487144 -0.17377983717865714 -0.15806294778158889 0.050903651489917635 -0.035053133378000131 0.032482912930623033 -0.0059609319935127261
leaf_weight=28.472093601361848 1.4552540816366661 5.8737122856546176 0.63326839916407962 0.82473284844308992 0.37996578216552768 0.18138977233320497 0.879199206130579 0.35632357001304626 0.16698095202445984 0.18238829635083675 0.28017447597812861 3.1645423657027996 1.4041509851813314 9.0907869769725931
leaf_count=389 14 139 13 36 2 7 72 24 4 5 29 126 8 89
internal_value=0.00285019 0.00395011 0.000674846 0.00170036 0.0211507 -0.00282417 0.014124 -0.0136103 -0.0420174 -0.0692324 -0.0314918 0.00275023 -0.0142965 0.00482358
internal_weight=53.345 51.8897 43.5896 42.9563 8.30013 2.42642 2.04646 1.16726 0.810933 0.629544 0.462563 42.1316 4.56869 37.5629
internal_count=957 943 661 648 282 143 141 69 45 38 34 612 134 478
is_linear=0
shrinkage=0.05


Tree=177
num_leaves=15
num_cat=0
split_feature=67 59 165 49 171 164 48 136 78 40 29 170 151 107
split_gain=0.832177 0.748116 0.639715 1.04495 0.737925 1.57282 0.566895 0.548993 0.47856 0.76808 0.9212 0.415331 0.407567 0.394198
threshold=1.0000000180025095e-35 1.0000000180025095e-35 1.0000000180025095e-35 1.0000000180025095e-35 2.5000000000000004 1.0000000180025095e-35 1.0000000180025095e-35 1.0000000180025095e-35 1.0000000180025095e-35 1.0000000180025095e-35 1.0000000180025095e-35 1.5000000000000002 1.0000000180025095e-35 1.0000000180025095e-35
decision_type=2 2 2 2 2 2 2 2 2 2 2 2 2 2
left_child=1 2 3 6 -4 -6 7 8 9 11 -11 13 -10 -1
right_child=-2 -3 4 -5 5 -7 -8 -9 12 10 -12 -13 -14 -15
leaf_value=0.0055492227653917633 0.063118757911136192 -0.052785825189836558 0.018064663901844448 0.068009223814955486 -0.049899462415923641 0.047689124125360291 -0.034543786234475668 -0.033802803499719612 -0.0086211599811733056 -0.052418925241476094 0.051312794173146048 -0.030416877989857288 0.062511049751821618 -0.025844476059991246
leaf_weight=29.425535601330928 0.61575890704989333 0.56084516923874517 13.212711590807883 0.58452523220330377 1.1852398574119423 0.63358493079431344 1.1110208895988751 1.0535763828083862 0.3025553897023191 1.1879289087373752 0.26106357318349172 0.8770607765763988 0.60216604796005413 1.0351037615910161
leaf_count=495 8 7 147 8 52 27 9 20 8 97 14 10 27 13
internal_value=0.0053334 0.00464957 0.00527539 0.00169536 0.0139544 -0.0159046 0.000614307 0.00173854 0.00284996 0.00186007 -0.0337297 0.00350567 0.0387231 0.00448241
internal_weight=52.6487 52.0329 51.4721 36.4405 15.0315 1.81882 35.856 34.745 33.6914 32.7867 1.44899 31.3377 0.904721 30.4606
internal_count=942 934 927 701 226 79 693 684 664 629 111 518 35 508
is_linear=0
shrinkage=0.05


Tree=178
num_leaves=15
num_cat=0
split_feature=16 153 19 170 73 124 162 38 163 86 173 6 170 162
split_gain=0.737033 2.01179 1.01442 0.705735 0.794718 0.607878 0.520969 0.425402 0.394223 0.321505 0.672285 0.657369 0.595309 0.54502
threshold=1.0000000180025095e-35 1.0000000180025095e-35 1.0000000180025095e-35 2.5000000000000004 1.0000000180025095e-35 1.0000000180025095e-35 1.0000000180025095e-35 1.0000000180025095e-35 1.0000000180025095e-35 1.0000000180025095e-35 1.5000000000000002 1.0000000180025095e-35 1.0000000180025095e-35 1.0000000180025095e-35
decision_type=2 2 2 2 2 2 2 2 2 2 2 2 2 2
left_child=1 -1 3 4 5 7 -6 9 -8 -2 11 12 13 -11
right_child=2 -3 -4 -5 6 -7 8 -9 -10 10 -12 -13 -14 -15
leaf_value=0.062129163368514775 4.6435742971741657e-05 -0.033532911528499763 -0.046417540100678445 0.043615768794421875 0.04130879006907525 -0.032689111831333516 -0.052516560905100373 0.037128699886883214 0.020918328572267993 0.11293849782494986 -0.043475105027740463 -0.017634723542133818 -0.0055243148783553943 0.038084229154651733
leaf_weight=1.6441086262930178 41.057248699129559 0.82556627131998528 1.0516177532263089 1.057558394037186 2.0456263842061158 1.3214946733787645 0.29328492190688837 0.83253934280946751 0.4849538397975266 0.41969503369182282 0.35412990918848652 0.49450204172171641 0.35885383700951934 0.57817545114085078
leaf_count=20 733 14 11 16 20 14 15 10 21 6 28 19 6 25
internal_value=0.00348282 0.0301511 0.00217473 0.00321129 0.00232552 0.000725275 0.0280624 0.00172668 -0.00675614 0.00104541 0.0196433 0.0317175 0.0497055 0.0695672
internal_weight=52.8194 2.46967 50.3497 49.2981 48.2405 45.4166 2.82387 44.0951 0.778239 43.2626 2.20536 1.85123 1.35672 0.99787
internal_count=958 34 924 913 897 841 56 827 36 817 84 56 37 31
is_linear=0
shrinkage=0.05


Tree=179
num_leaves=15
num_cat=0
split_feature=48 26 40 164 168 162 59 166 94 165 165 94 171 153
split_gain=2.14033 0.425655 0.529669 0.836873 0.403146 0.754472 0.326064 0.472895 0.605603 0.378264 0.378134 0.37089 0.354571 0.320663
threshold=1.0000000180025095e-35 1.0000000180025095e-35 1.0000000180025095e-35 1.0000000180025095e-35 1.0000000180025095e-35 1.0000000180025095e-35 1.0000000180025095e-35 1.0000000180025095e-35 1.0000000180025095e-35 1.0000000180025095e-35 1.0000000180025095e-35 1.0000000180025095e-35 3.5000000000000004 1.0000000180025095e-35
decision_type=2 2 2 2 2 2 2 2 2 2 2 2 2 2
left_child=1 -1 4 -4 6 13 7 9 10 11 12 -3 -9 -6
right_child=-2 2 3 -5 5 -7 -8 8 -10 -11 -12 -13 -14 -15
leaf_value=-0.00019171967595884668 -0.084380657334285764 0.0098505119108131464 -0.047050651681972373 0.029397319216557024 0.031619088397100106 0.0049569728135614808 0.049351784391683085 -0.034715163836124011 0.070342070803843401 -0.041635474074010762 0.051996016186403073 -0.028444589282090184 0.04601413957448152 0.071970637106109001
leaf_weight=40.710448345635086 0.72335618967190285 2.7621582183055549 0.91253958438756011 0.58908371813595295 1.1699788800906397 1.9426299966871736 0.41898596752434958 0.54876856179907896 0.53392406878992904 0.60579805087763805 0.29977301845792681 0.81995241995900858 0.18083304015453905 0.8500605123117565
leaf_count=562 9 77 73 33 22 46 6 41 5 21 14 12 13 4
internal_value=0.00103823 0.00221864 0.0106528 -0.0170603 0.0147597 0.0272045 0.00676723 0.00366486 0.0271315 -0.00509496 0.00471868 0.00108469 -0.0147063 0.0485996
internal_weight=53.0683 52.3449 11.6345 1.50162 10.1329 3.96267 6.17019 5.75121 1.5633 4.18791 1.02937 3.58211 0.729602 2.02004
internal_count=938 929 367 106 261 72 189 183 73 110 68 89 54 26
is_linear=0
shrinkage=0.05


Tree=180
num_leaves=15
num_cat=0
split_feature=19 62 106 167 173 73 21 150 170 6 165 16 21 170
split_gain=1.05656 0.809886 0.692088 0.56439 1.07808 0.63509 0.632714 0.583147 1.00439 0.960022 0.917243 0.589976 0.56754 0.999105
threshold=1.0000000180025095e-35 1.0000000180025095e-35 1.0000000180025095e-35 1.0000000180025095e-35 1.0000000180025095e-35 1.0000000180025095e-35 1.0000000180025095e-35 1.0000000180025095e-35 1.5000000000000002 1.0000000180025095e-35 1.0000000180025095e-35 1.0000000180025095e-35 1.0000000180025095e-35 1.0000000180025095e-35
decision_type=2 2 2 2 2 2 2 2 2 2 2 2 2 2
left_child=1 2 3 5 -5 7 -6 8 11 -9 -11 -1 -12 -14
right_child=-2 -3 -4 4 6 -7 -8 9 -10 10 12 -13 13 -15
leaf_value=0.026535326352769034 -0.047506935279133786 0.045144227492970396 0.015313791745513491 -0.0032959773725199032 -0.059969469593956173 -0.036819694430202166 -0.0052533565285270527 0.054765102239097335 -0.061167297361177944 -0.033393348825007052 0.026311198915478996 -0.0014627300438209978 -0.053351460212253336 0.055431447352179003
leaf_weight=2.0555083798244693 1.1242162063717831 1.0410345587879408 6.8947011607233426 8.4611862401943636 1.5649739989312359 1.0452541569247831 0.79762785974889983 1.2794670419534657 0.66962816147133608 1.1340570537140591 3.4929950428195298 22.234432880533859 0.63587033958174277 0.31594787165522575
leaf_count=18 9 12 65 149 30 35 34 52 10 30 53 433 31 4
internal_value=0.000445773 0.00149007 0.000591608 -0.00173186 -0.0116344 0.00152965 -0.041497 0.00278947 -0.000758776 0.0157026 0.00674397 0.000906573 0.0169847 -0.0172419
internal_weight=52.7469 51.6227 50.5817 43.6869 10.8238 32.8632 2.3626 31.8179 24.9596 6.85834 5.57887 24.2899 4.44481 0.951818
internal_count=965 956 944 879 213 666 64 631 461 170 118 451 88 35
is_linear=0
shrinkage=0.05


Tree=181
num_leaves=15
num_cat=0
split_feature=176 29 6 150 173 150 158 132 172 167 3 109 166 38
split_gain=0.794782 0.803661 0.824342 1.73669 0.682027 0.643337 0.500013 0.911903 0.708419 0.695055 0.540684 0.445596 0.390356 0.995889
threshold=1.0000000180025095e-35 1.0000000180025095e-35 1.0000000180025095e-35 1.0000000180025095e-35 1.0000000180025095e-35 1.0000000180025095e-35 1.0000000180025095e-35 1.0000000180025095e-35 1.0000000180025095e-35 1.0000000180025095e-35 1.0000000180025095e-35 1.0000000180025095e-35 1.0000000180025095e-35 1.0000000180025095e-35
decision_type=2 2 2 2 2 2 2 2 2 2 2 2 2 2
left_child=6 2 3 -2 -3 -4 7 11 9 -8 -10 12 -1 -14
right_child=1 4 5 -5 -6 -7 8 -9 10 -11 -12 -13 13 -15
leaf_value=0.0022751958488508917 -0.05883652573287132 -0.034876377243094954 -0.010209630546735342 0.039453740259929676 0.051769571302489728 -0.054485933893533955 0.01784226484591668 -0.039419687221624589 -0.020772474449345629 0.073357159587470924 0.014773819113936102 0.028303576489104754 0.0094965942012248047 0.097122544400367883
leaf_weight=31.167599449283443 0.68936924770241481 0.32017590291798093 1.4388146713608876 1.2910879370756447 0.78138570027658716 1.9088618853129447 1.388161542010492 1.1852118261158455 1.2738206433132289 0.94945166073739518 6.6786815209779888 1.965328506194054 2.1587847409537058 0.38156630285084236
leaf_count=511 22 8 26 21 54 59 30 10 26 10 67 16 88 2
internal_value=0.00419893 -0.0122918 -0.0203294 0.00524028 0.0265854 -0.0354562 0.00644777 0.00372716 0.0161928 0.0403904 0.00908006 0.00516067 0.00381133 0.0226582
internal_weight=53.5783 6.4297 5.32813 1.98046 1.10156 3.34768 47.1486 36.8585 10.2901 2.33761 7.9525 35.6733 33.708 2.54035
internal_count=950 190 128 43 62 85 760 627 133 40 93 617 601 90
is_linear=0
shrinkage=0.05


Tree=182
num_leaves=15
num_cat=0
split_feature=132 162 136 19 112 53 173 170 170 59 162 72 173 162
split_gain=0.645945 1.05477 0.633889 0.664123 0.598513 0.584974 0.850291 0.462433 0.392749 0.6046 0.600637 0.683335 0.554681 0.463346
threshold=1.0000000180025095e-35 1.0000000180025095e-35 1.0000000180025095e-35 1.0000000180025095e-35 1.0000000180025095e-35 1.0000000180025095e-35 1.0000000180025095e-35 3.5000000000000004 1.0000000180025095e-35 1.0000000180025095e-35 1.0000000180025095e-35 1.0000000180025095e-35 1.0000000180025095e-35 1.0000000180025095e-35
decision_type=2 2 2 2 2 2 2 2 2 2 2 2 2 2
left_child=2 -2 3 4 5 7 -7 8 9 13 12 -12 -10 -1
right_child=1 -3 -4 -5 -6 6 -8 -9 10 -11 11 -13 -14 -15
leaf_value=-7.0190047587003786e-05 0.0087998749735390038 -0.078602207229266099 -0.023997266884417365 -0.031848217425974594 -0.039971345809877393 0.007609490083647823 -0.081992938195729906 -0.032833997656157868 0.012400482653366685 -0.049949023782073623 0.024312396482756946 -0.027639258765957509 0.053591401775768113 0.011284152841176657
leaf_weight=22.325194941251539 0.71098654903471359 0.67092004080768675 2.4106733892112961 1.3840186852030445 0.78554948582313855 0.59193665906786808 0.4790423798840493 0.79631536081433196 1.7315420620143407 0.51689543016254802 1.3221195836085826 1.214295897167176 1.5479272922966627 15.036859254643785
leaf_count=317 8 15 37 12 36 13 10 11 14 10 31 24 12 391
internal_value=8.8798e-05 -0.0336341 0.00101819 0.00228159 0.00330076 0.00404683 -0.0324691 0.00492583 0.00561398 0.00375651 0.0177117 -0.000559192 0.0318428 0.00449952
internal_weight=51.5243 1.38191 50.1424 47.7317 46.3477 45.5621 1.07098 44.4911 43.6948 37.8789 5.81588 2.53642 3.27947 37.3621
internal_count=941 23 918 881 869 833 23 810 799 718 81 55 26 708
is_linear=0
shrinkage=0.05


Tree=183
num_leaves=15
num_cat=0
split_feature=38 99 150 158 167 163 170 172 165 148 171 171 124 23
split_gain=0.467353 0.232429 0.248554 0.233043 1.47736 0.791367 0.415654 0.622352 1.08588 1.16035 1.40666 0.57918 1.70916 0.553314
threshold=1.0000000180025095e-35 1.0000000180025095e-35 1.0000000180025095e-35 1.0000000180025095e-35 1.0000000180025095e-35 1.0000000180025095e-35 1.0000000180025095e-35 1.5000000000000002 1.0000000180025095e-35 1.0000000180025095e-35 2.5000000000000004 1.5000000000000002 1.0000000180025095e-35 1.0000000180025095e-35
decision_type=2 2 2 2 2 2 2 2 2 2 2 2 2 2
left_child=1 2 -1 6 5 -5 7 13 9 10 -9 -10 -13 -3
right_child=-2 3 -4 4 -6 -7 -8 8 11 -11 -12 12 -14 -15
leaf_value=-0.046627092678276319 -0.032000272852670562 0.0064124968407930838 0.029329744065113912 -0.06280778312040633 0.0075342581228308135 0.0023288843108563956 0.014550442768736578 -0.057666511464843029 -0.048339640138501394 0.080708367787918178 0.036554987667612733 -0.041354047896591022 0.087999804730463094 -0.029955194213784161
leaf_weight=0.45109325635712494 0.99268082110211153 27.21828632988036 0.14148359489627182 1.3918765754206091 6.2636959298979491 0.7012222425546496 8.2949134537484479 0.72753220563754373 2.0003527868539099 0.50314009562134732 0.86959344940260053 0.91191402904223628 0.35469228029251099 1.0876695713959623
leaf_count=30 15 469 10 40 71 21 102 11 30 5 39 42 1 66
internal_value=0.0019775 0.00263992 -0.0284916 0.0030065 -0.00461844 -0.0409859 0.00452479 0.00205512 -0.0135551 0.014494 -0.00636535 -0.0315874 -0.00513063 0.00501505
internal_weight=51.9101 50.9175 0.592577 50.3249 8.35679 2.0931 41.9681 33.6732 5.36722 2.10027 1.59713 3.26696 1.26661 28.306
internal_count=952 937 40 897 132 61 765 663 128 55 50 73 43 535
is_linear=0
shrinkage=0.05


Tree=184
num_leaves=15
num_cat=0
split_feature=132 170 163 38 16 59 73 150 72 81 153 23 81 151
split_gain=0.897499 0.583606 0.427333 0.287511 0.429638 0.3592 0.374078 0.45745 0.31858 1.17335 0.722578 0.899926 0.666711 0.887883
threshold=1.0000000180025095e-35 3.5000000000000004 1.0000000180025095e-35 1.0000000180025095e-35 1.0000000180025095e-35 1.0000000180025095e-35 1.0000000180025095e-35 1.0000000180025095e-35 1.0000000180025095e-35 1.0000000180025095e-35 1.0000000180025095e-35 1.0000000180025095e-35 1.0000000180025095e-35 1.0000000180025095e-35
decision_type=2 2 2 2 2 2 2 2 2 2 2 2 2 2
left_child=1 3 -2 4 -1 6 8 -8 9 10 11 -6 13 -10
right_child=2 -3 -4 -5 5 -7 7 -9 12 -11 -12 -13 -14 -15
leaf_value=0.023741235154113902 0.015880905218783079 -0.042097056131697827 0.059607944376289738 -0.025714570942812487 -0.018816005447121299 -0.030461484330421985 -0.0022336740754992706 0.036827159668839447 0.021730582601839219 0.039371611904673476 0.0052285278532752492 0.039818945074635584 -0.018706463307483292 0.00079491769292451954
leaf_weight=2.540562857175245 1.3026712698629119 0.72048202063888211 0.97837386094033707 0.84433365194126864 9.6851725040469354 0.80576818762347002 1.3106469335034481 1.75084985839203 8.1512309829704499 1.5312856216914941 7.8744629194843574 0.7018037380184986 2.4694637176580718 13.372835524613038
leaf_count=28 16 12 9 15 247 13 17 36 130 22 174 39 23 184
internal_value=0.00394196 0.00258925 0.0346361 0.00322007 0.00370679 0.00263868 0.003208 0.020105 0.00202658 -0.00266917 -0.00619444 -0.0148543 0.00590019 0.00872332
internal_weight=54.0399 51.7589 2.28105 51.0384 50.1941 47.6535 46.8478 3.0615 43.7863 19.7927 18.2614 10.387 23.9935 21.5241
internal_count=965 940 25 928 913 885 872 53 819 482 460 286 337 314
is_linear=0
shrinkage=0.05


Tree=185
num_leaves=15
num_cat=0
split_feature=40 154 163 172 23 163 94 94 173 172 158 150 163 176
split_gain=0.405393 0.878428 1.59299 0.810961 0.35942 0.98498 1.2195 0.780087 1.32817 0.890492 0.502411 0.945343 0.472244 1.22804
threshold=1.0000000180025095e-35 1.0000000180025095e-35 1.0000000180025095e-35 1.5000000000000002 1.0000000180025095e-35 1.0000000180025095e-35 1.0000000180025095e-35 1.0000000180025095e-35 1.0000000180025095e-35 1.5000000000000002 1.0000000180025095e-35 1.0000000180025095e-35 1.0000000180025095e-35 1.0000000180025095e-35
decision_type=2 2 2 2 2 2 2 2 2 2 2 2 2 2
left_child=4 2 -2 -3 7 6 -6 10 9 -9 12 -12 -1 -14
right_child=1 3 -4 -5 5 -7 -8 8 -10 -11 11 -13 13 -15
leaf_value=0.0033563523195759733 -0.05460738537592167 -0.036588779889637928 0.051892034145921299 0.053252188845757026 -0.037080598531727467 0.071202786498947748 0.059171118580448705 -0.073764862904862435 0.007995369196851055 -0.011925072666252777 0.04547927301523149 0.0051400990886735151 -0.017961370000602956 0.03936072335694784
leaf_weight=26.12281196936965 1.8253524014144198 0.39460119139403127 0.43475138465873886 0.69111052295193076 0.90014133427757703 0.68262710113776837 0.5187252014875412 1.2633371255360535 2.3384565198794007 1.0796587187796831 1.8258208092302064 7.1005513705313206 7.0970972124487144 1.076002648565918
leaf_count=362 92 29 28 9 45 51 2 14 28 9 27 72 139 30
internal_value=0.000485291 -0.0163644 -0.0341213 0.0205995 0.0016127 0.0218515 -0.00189181 0.000724839 -0.0186626 -0.0452689 0.00282471 0.0133912 7.45282e-05 -0.0104148
internal_weight=53.351 3.34582 2.2601 1.08571 50.0052 2.10149 1.41887 47.9037 4.68145 2.343 43.2223 8.92637 34.2959 8.1731
internal_count=937 158 120 38 779 98 47 681 51 23 630 99 531 169
is_linear=0
shrinkage=0.05


Tree=186
num_leaves=15
num_cat=0
split_feature=171 112 170 26 162 167 173 72 171 153 150 153 163 124
split_gain=0.563689 0.842822 0.687408 0.553772 0.878264 1.25021 0.883807 1.34805 1.26261 0.627268 0.599692 0.539348 0.688718 0.686494
threshold=1.0000000180025095e-35 1.0000000180025095e-35 1.0000000180025095e-35 1.0000000180025095e-35 1.5000000000000002 1.0000000180025095e-35 1.0000000180025095e-35 1.0000000180025095e-35 3.5000000000000004 1.0000000180025095e-35 1.0000000180025095e-35 1.0000000180025095e-35 1.0000000180025095e-35 1.0000000180025095e-35
decision_type=2 2 2 2 2 2 2 2 2 2 2 2 2 2
left_child=11 2 3 10 5 6 7 -5 -8 -7 -2 13 -13 -1
right_child=1 -3 -4 4 -6 9 8 -9 -10 -11 -12 12 -14 -15
leaf_value=-0.0023368887164676834 -0.040982960174644444 0.053344837537709459 0.004749709922631986 -0.041137217562157616 0.039811252971808431 -0.0012938887242410402 -0.054602076877418484 0.075893878818375379 0.049033931963010841 0.046497548839293995 -0.014444587868178566 -0.00027474420170204699 0.052938737795962691 0.04292553661416823
leaf_weight=18.409637241158642 2.5768810828449267 0.54912062943912943 6.8269002373563117 0.53845668374560807 1.0531036271131595 2.103375073056668 2.5115814156597485 0.45313274394720793 0.33284004312008608 1.0193046722561123 12.240080759627745 1.2973781153559678 1.1443982291966674 0.87766139954328437
leaf_count=277 55 13 118 17 64 32 145 8 19 13 150 26 16 9
internal_value=-0.00361598 -0.0080342 -0.00917073 -0.0133336 -0.00274329 -0.00918335 -0.0283049 0.0123432 -0.0424751 0.0143062 -0.01906 0.00252562 0.0246651 -0.000277239
internal_weight=51.9339 30.2048 29.6557 22.8288 8.01179 6.95869 3.83601 0.991589 2.84442 3.12268 14.817 21.7291 2.44178 19.2873
internal_count=962 634 621 503 298 234 189 25 164 45 205 328 42 286
is_linear=0
shrinkage=0.05


Tree=187
num_leaves=15
num_cat=0
split_feature=132 158 52 112 94 173 163 163 170 86 81 154 176 29
split_gain=0.759193 0.805938 0.638487 0.497084 0.275285 0.96147 0.954436 0.529369 1.02711 0.870315 0.488657 0.519134 1.22668 0.724513
threshold=1.0000000180025095e-35 1.0000000180025095e-35 1.0000000180025095e-35 1.0000000180025095e-35 1.0000000180025095e-35 1.0000000180025095e-35 1.0000000180025095e-35 1.0000000180025095e-35 1.5000000000000002 1.0000000180025095e-35 1.0000000180025095e-35 1.0000000180025095e-35 1.0000000180025095e-35 1.0000000180025095e-35
decision_type=2 2 2 2 2 2 2 2 2 2 2 2 2 2
left_child=2 -2 3 4 10 6 -6 9 -9 -7 11 -1 13 -13
right_child=1 -3 -4 -5 5 7 -8 8 -10 -11 -12 12 -14 -15
leaf_value=0.0057449809138605595 0.0033576766725819276 0.065610166519740873 -0.031028851240341406 -0.036780599224589865 -0.066371718994982912 0.047490363052234641 0.0023258104951572583 -0.057948720684902956 0.026451931283969637 -0.020338451333677607 -0.013096297759181828 -0.054231953969558849 0.030057436235948344 0.004513244839647
leaf_weight=36.194902296527289 1.2315811580047005 0.89972992427647103 1.6910039130598296 0.89258949947543342 1.1709868982434266 1.2970604728907353 0.88977503264322866 0.73950322973541893 0.70327533548697829 0.74429880036041129 4.6819474466610691 1.5763942089397454 1.0602901440579446 0.78683239314705122
leaf_count=587 9 15 18 40 14 14 14 13 11 13 59 97 37 37
internal_value=0.000384497 0.0296375 -0.00080468 0.000202639 0.000864905 -0.00963791 -0.0367102 0.00637452 -0.016808 0.0227593 0.0021795 0.00398473 -0.0146254 -0.0346728
internal_weight=54.5602 2.13131 52.4289 50.7379 49.8453 5.5449 2.06076 3.48414 1.44278 2.04136 44.3004 39.6184 3.42352 2.36323
internal_count=978 24 954 936 896 79 28 51 24 27 817 758 171 134
is_linear=0
shrinkage=0.05


Tree=188
num_leaves=15
num_cat=0
split_feature=109 73 162 165 81 40 151 40 29 162 170 167 72 151
split_gain=0.611345 0.445008 0.694345 0.522275 0.841972 0.757967 1.51447 0.575372 0.898841 0.662502 1.04105 0.965653 2.14422 1.34182
threshold=1.0000000180025095e-35 1.0000000180025095e-35 1.0000000180025095e-35 1.0000000180025095e-35 1.0000000180025095e-35 1.0000000180025095e-35 1.0000000180025095e-35 1.0000000180025095e-35 1.0000000180025095e-35 1.0000000180025095e-35 1.0000000180025095e-35 1.0000000180025095e-35 1.0000000180025095e-35 1.0000000180025095e-35
decision_type=2 2 2 2 2 2 2 2 2 2 2 2 2 2
left_child=1 3 -3 7 5 -5 -7 9 -9 10 11 12 -1 -13
right_child=-2 2 -4 4 -6 6 -8 8 -10 -11 -12 13 -14 -15
leaf_value=-0.0071209559437754328 0.024472117690104198 0.028352344672512665 -0.024299357337570632 -0.020632689781875237 0.028903066726602741 0.082632007782303396 -0.028001509469792376 -0.052288695520635434 0.051162772005599017 0.0068217613408013272 0.01725169818288521 0.035273903986377628 -0.058413175625509198 -0.03578054543945168
leaf_weight=7.6084485284518468 1.9730277834460128 2.3312936462461944 0.85611278703436244 11.793285722727882 1.0974115980789072 0.54809701396152444 0.71009137434884906 1.1376219465746533 0.25749035261105735 16.139329864294268 3.4201171370223156 1.9799865104723713 2.7827590676024556 1.0000138957984746
leaf_count=164 14 22 41 163 15 11 18 97 20 264 31 38 44 15
internal_value=-0.0028433 -0.00388651 0.0142105 -0.00507646 -0.0131602 -0.016697 0.0201931 -0.0017444 -0.0331951 -0.000411985 -0.00736485 -0.0136613 -0.020857 0.0114298
internal_weight=53.6351 51.6621 3.18741 48.4747 14.1489 13.0515 1.25819 34.3258 1.39511 32.9307 16.7913 13.3712 10.3912 2.98
internal_count=957 943 63 880 207 192 29 673 117 556 292 261 208 53
is_linear=0
shrinkage=0.05


Tree=189
num_leaves=15
num_cat=0
split_feature=52 94 132 107 150 170 124 173 94 164 171 26 172 165
split_gain=0.748783 0.717928 0.524808 0.485914 0.81489 0.452793 0.489194 0.512067 1.24387 0.716633 1.11526 0.413776 0.412137 1.03547
threshold=1.0000000180025095e-35 1.0000000180025095e-35 1.0000000180025095e-35 1.0000000180025095e-35 1.0000000180025095e-35 1.0000000180025095e-35 1.0000000180025095e-35 1.0000000180025095e-35 1.0000000180025095e-35 1.0000000180025095e-35 2.5000000000000004 1.0000000180025095e-35 1.5000000000000002 1.0000000180025095e-35
decision_type=2 2 2 2 2 2 2 2 2 2 2 2 2 2
left_child=2 -2 3 5 -5 12 7 8 -7 11 -11 -9 -1 -14
right_child=1 -3 -4 4 -6 6 -8 9 -10 10 -12 -13 13 -15
leaf_value=0.0060309882567149871 -0.061146749467707207 0.0047777864133969894 -0.022582375171857263 -0.054017827800886459 0.019469308166693775 0.04183287515369552 0.055063198337575316 0.057551466263503354 -0.03687401062938353 -0.030905834449307657 0.054649667482520495 0.016801777211076164 0.027144506960276416 -0.013190322744022744
leaf_weight=28.579925460449886 0.9032857622951258 0.76082214340567589 1.9136790718184773 0.90529958670958766 0.64673300087451935 0.79771736823022288 0.74187394231557835 1.3870615297928452 1.3540673924144357 1.1518689820077268 0.56910598173271854 1.1308341999538243 1.9605596977053181 8.4452683344716206
leaf_count=572 18 4 24 14 10 13 8 14 16 22 14 21 55 127
internal_value=0.00198415 -0.0310064 0.00309136 0.004122 -0.0233957 0.00504807 0.0166309 0.0121694 -0.00769551 0.0222534 -0.00261365 0.03925 0.00292896 -0.00559085
internal_weight=51.2481 1.66411 49.584 47.6703 1.55203 46.1183 7.13253 6.39066 2.15178 4.23887 1.72097 2.5179 38.9858 10.4058
internal_count=932 22 910 886 24 862 108 100 29 71 36 35 754 182
is_linear=0
shrinkage=0.05


Tree=190
num_leaves=15
num_cat=0
split_feature=171 112 81 81 151 94 52 78 6 150 162 167 162 151
split_gain=0.970288 0.827899 0.65571 0.586986 1.74465 0.49639 0.666637 0.58341 0.448339 1.00972 0.725616 0.477138 0.8514 0.455496
threshold=1.0000000180025095e-35 1.0000000180025095e-35 1.0000000180025095e-35 1.0000000180025095e-35 1.0000000180025095e-35 1.0000000180025095e-35 1.0000000180025095e-35 1.0000000180025095e-35 1.0000000180025095e-35 1.0000000180025095e-35 1.5000000000000002 1.0000000180025095e-35 1.0000000180025095e-35 1.0000000180025095e-35
decision_type=2 2 2 2 2 2 2 2 2 2 2 2 2 2
left_child=2 3 -1 5 -5 6 7 8 9 10 11 -2 -13 -12
right_child=1 -3 -4 4 -6 -7 -8 -9 -10 -11 13 12 -14 -15
leaf_value=0.0081070210088229414 -0.053535253568229774 0.052306030364195212 -0.018137900293494689 -0.028517589043537211 0.069784783919070045 0.0044151442412893437 -0.055423915978178244 0.039419006282532497 -0.0099143096385584124 0.039262368532026942 -0.028842194294280657 -0.058003573056721963 0.029216482435710352 0.046434787569115975
leaf_weight=20.273929595830854 2.8539562098449283 0.54541931441053648 2.6964424755424252 0.96083595789968856 0.85122135560959578 4.0360491513274601 0.95843034889548917 0.5217374941566949 15.96092468185816 0.52295249351300288 0.39556581946089853 0.56772345630452059 0.55168898636475205 0.40846294478978962
leaf_count=315 135 13 22 25 13 56 16 22 272 23 10 13 7 23
internal_value=-0.00265808 -0.00871646 0.00502619 -0.00988062 0.0176604 -0.0117443 -0.0146123 -0.0128166 -0.0140984 -0.026698 -0.0339182 -0.0426839 -0.0150182 0.00940004
internal_weight=52.1053 29.135 22.9704 28.5895 1.81206 26.7775 22.7414 21.783 21.2613 5.30035 4.7774 3.97337 1.11941 0.804029
internal_count=965 628 337 615 38 577 521 505 483 211 188 155 20 33
is_linear=0
shrinkage=0.05


Tree=191
num_leaves=15
num_cat=0
split_feature=106 109 173 48 165 81 172 6 163 167 167 21 62 94
split_gain=0.924318 0.629032 0.771683 1.30076 1.11442 1.22597 0.689596 2.98886 1.26564 1.13501 0.670362 1.353 0.499085 0.665502
threshold=1.0000000180025095e-35 1.0000000180025095e-35 1.0000000180025095e-35 1.0000000180025095e-35 1.0000000180025095e-35 1.0000000180025095e-35 1.0000000180025095e-35 1.0000000180025095e-35 1.0000000180025095e-35 1.0000000180025095e-35 1.0000000180025095e-35 1.0000000180025095e-35 1.0000000180025095e-35 1.0000000180025095e-35
decision_type=2 2 2 2 2 2 2 2 2 2 2 2 2 2
left_child=1 2 4 -4 5 6 7 10 9 -8 -1 -12 13 -11
right_child=-2 -3 3 -5 -6 -7 8 -9 -10 12 11 -13 -14 -15
leaf_value=0.0061020281032244921 0.022602524217089338 0.02935275822699536 0.0046930154768296609 0.062660460812895877 -0.046833946306790095 -0.039092736597077439 -0.070178649493631381 0.10320311212476629 0.038488253636265034 -0.033621491732534446 -0.041410601220080862 0.04649717454552476 0.02041174162448153 0.016142578035295476
leaf_weight=12.551271258620551 5.7518020484130821 1.925772433169185 18.114293264283337 1.022387173026799 1.530438920482992 2.1299058804288498 1.0222866050899018 0.75644852407276708 1.0004542527021838 2.5504408113192771 1.9855570625513803 0.56148514989763487 0.94920970499515522 0.91208507493138302
leaf_count=196 50 17 471 5 39 21 19 5 33 40 52 4 5 7
internal_value=0.00368278 0.001368 0.000172687 0.00778996 -0.00544471 -0.0028507 0.000612505 0.00621519 -0.0131927 -0.0227077 0.00135595 -0.0220317 -0.0117077 -0.0205128
internal_weight=52.7638 47.012 45.0863 19.1367 25.9496 24.4191 22.2892 15.8548 6.43448 5.43402 15.0983 2.54704 4.41174 3.46253
internal_count=964 914 897 476 421 382 361 257 104 71 252 56 52 47
is_linear=0
shrinkage=0.05


Tree=192
num_leaves=15
num_cat=0
split_feature=111 6 62 48 29 21 154 167 153 177 72 173 162 81
split_gain=0.765822 0.974015 1.02261 0.63165 0.597256 0.763929 0.878409 0.706534 1.51739 0.578259 0.740431 1.05532 0.961725 0.823603
threshold=1.0000000180025095e-35 1.0000000180025095e-35 1.0000000180025095e-35 1.0000000180025095e-35 1.0000000180025095e-35 1.0000000180025095e-35 1.0000000180025095e-35 1.0000000180025095e-35 1.0000000180025095e-35 1.0000000180025095e-35 1.0000000180025095e-35 1.0000000180025095e-35 1.0000000180025095e-35 1.0000000180025095e-35
decision_type=2 2 2 2 2 2 2 2 2 2 2 2 2 2
left_child=1 2 3 -1 9 6 7 -6 -9 10 13 12 -12 -3
right_child=-2 4 -4 -5 5 -7 -8 8 -10 -11 11 -13 -14 -15
leaf_value=0.0065869579555526969 0.037174967658543459 -0.0015675745793555761 0.05987027474606807 -0.031015433308969911 0.054156048466963327 0.051540595963172058 -0.049820800549138622 0.050569631289226341 -0.12488143525137037 -0.051295232253293632 -0.019727621437343631 -0.059441633910775983 0.018511822280567167 0.057253777036789633
leaf_weight=28.728863576834563 1.5280943000689138 3.8014006790472186 0.87808050587773223 1.1619993727654208 0.69031828967854314 0.89647054579108942 0.68243650346994389 0.2912222733721137 0.21363162621855736 0.86665248731151301 6.9581255055963975 1.2641507537337027 2.1530242291046306 0.70554874395020295
leaf_count=588 19 88 11 9 19 41 9 21 4 18 50 36 16 11
internal_value=0.00231482 0.00123412 0.00668748 0.00512517 -0.00782457 0.0135679 -0.00456232 0.02128 -0.0236734 -0.0115927 -0.0092807 -0.0166312 -0.0106914 0.00764072
internal_weight=50.82 49.2919 30.7689 29.8909 18.523 2.77408 1.87761 1.19517 0.504854 15.7489 14.8822 10.3753 9.11115 4.50695
internal_count=940 921 608 597 313 94 53 44 25 219 201 102 66 99
is_linear=0
shrinkage=0.05


Tree=193
num_leaves=15
num_cat=0
split_feature=26 29 112 21 40 6 86 94 162 49 176 150 151 3
split_gain=0.708912 0.989815 0.812072 0.684416 0.457771 0.423708 0.859864 0.424459 1.2142 0.358468 0.339294 0.675579 0.361066 0.341836
threshold=1.0000000180025095e-35 1.0000000180025095e-35 1.0000000180025095e-35 1.0000000180025095e-35 1.0000000180025095e-35 1.0000000180025095e-35 1.0000000180025095e-35 1.0000000180025095e-35 1.0000000180025095e-35 1.0000000180025095e-35 1.0000000180025095e-35 1.0000000180025095e-35 1.0000000180025095e-35 1.0000000180025095e-35
decision_type=2 2 2 2 2 2 2 2 2 2 2 2 2 2
left_child=9 2 3 -2 5 6 7 8 -5 10 -1 12 -12 -13
right_child=1 -3 -4 4 -6 -7 -8 -9 -10 -11 11 13 -14 -15
leaf_value=-0.00097878058185032189 0.069862218403253795 0.051062408695124288 0.076810970785392743 -0.031619248910727399 -0.030638994136814819 -0.01280083605111638 0.065545043196326827 0.042706422177594287 0.024276004380869444 0.034382866468853551 -0.041435635021153411 0.041983724102882897 0.0049911113130486724 0.0075421963497909464
leaf_weight=35.907206327421591 0.39921871200203263 1.6760296177235439 0.42383420467376787 1.7091572829522195 0.9090783858555368 1.9780351071385665 0.70955081377178419 0.68785026296973217 2.2514362055808306 0.80563414003699918 0.62298390455543873 1.7641091712284833 1.2776489984244108 1.2177350036799908
leaf_count=499 2 132 2 53 64 61 11 6 29 12 17 29 16 16
internal_value=0.00431255 0.0157621 0.00923764 0.0059245 0.00282871 0.00697602 0.0142771 0.00645146 0.000154928 0.00135511 0.000702779 0.0130695 -0.0102265 0.0279184
internal_weight=52.3395 10.7442 9.06816 8.64433 8.24511 7.33603 5.35799 4.64844 3.96059 41.5953 40.7897 4.88248 1.90063 2.98184
internal_count=949 360 228 226 224 160 99 88 82 589 577 78 33 45
is_linear=0
shrinkage=0.05


Tree=194
num_leaves=15
num_cat=0
split_feature=106 124 107 6 19 49 21 3 154 86 72 73 164 73
split_gain=2.11899 0.945404 0.423225 0.900821 0.314076 0.228411 0.207665 0.672064 0.530628 0.832118 0.613682 0.472939 0.471547 0.431526
threshold=1.0000000180025095e-35 1.0000000180025095e-35 1.0000000180025095e-35 1.0000000180025095e-35 1.0000000180025095e-35 1.0000000180025095e-35 1.0000000180025095e-35 1.0000000180025095e-35 1.0000000180025095e-35 1.0000000180025095e-35 1.0000000180025095e-35 1.0000000180025095e-35 1.0000000180025095e-35 1.0000000180025095e-35
decision_type=2 2 2 2 2 2 2 2 2 2 2 2 2 2
left_child=1 2 4 -4 5 6 12 11 9 10 -9 -8 13 -1
right_child=-2 -3 3 -5 -6 -7 7 8 -10 -11 -12 -13 -14 -15
leaf_value=0.00029820247905019585 -0.030300072961228872 -0.037394225580432774 -0.05885522540810792 0.018543295215937883 -0.023624524056495087 0.028433651064748319 0.018192499866438894 -0.030962572877188749 0.022041362990793269 0.026191264823137158 -0.14141753081193098 -0.047422111230405718 -0.03812425601911193 0.021167688530947054
leaf_weight=28.320565750007525 6.3365782116306937 1.5823440621606994 0.83442559093236812 0.68418029975146055 1.0886632788460691 0.90444298414513369 6.9646314696001337 0.24753602873533942 0.38057442847639322 0.23926288675284013 0.25559894205071032 0.28590093739330757 0.74522399355191637 2.7143915672786525
leaf_count=448 65 17 12 11 10 15 246 9 27 16 17 18 22 33
internal_value=-0.00322023 0.000572086 0.00194791 -0.0239847 0.0028823 0.00358513 0.00302543 0.0100305 -0.0259628 -0.0505712 -0.0870751 0.0156052 0.00117971 0.0021235
internal_weight=51.5843 45.2477 43.6654 1.51861 42.1468 41.0581 40.1537 8.3735 1.12297 0.742398 0.503135 7.25053 31.7802 31.035
internal_count=966 901 884 23 861 851 836 333 69 42 26 264 503 481
is_linear=0
shrinkage=0.05


Tree=195
num_leaves=15
num_cat=0
split_feature=16 62 99 148 150 72 158 173 163 38 150 171 167 171
split_gain=0.422227 0.391374 0.24323 0.2548 0.647709 0.277477 0.964997 0.916121 0.561713 0.410777 0.499052 0.912139 1.0022 0.523284
threshold=1.0000000180025095e-35 1.0000000180025095e-35 1.0000000180025095e-35 1.0000000180025095e-35 1.0000000180025095e-35 1.0000000180025095e-35 1.0000000180025095e-35 1.0000000180025095e-35 1.0000000180025095e-35 1.0000000180025095e-35 1.0000000180025095e-35 1.0000000180025095e-35 1.0000000180025095e-35 1.5000000000000002
decision_type=2 2 2 2 2 2 2 2 2 2 2 2 2 2
left_child=-1 2 -2 5 -5 6 9 -8 -9 10 11 12 -4 -13
right_child=1 -3 3 4 -6 -7 7 8 -10 -11 -12 13 -14 -15
leaf_value=-0.018569001348295235 -0.025439215695623137 0.040201200975145179 0.0124741112318652 0.0075663789612929848 -0.052048604595300411 0.0090420706407069174 -0.11492086280671809 -0.052153670770397759 0.051823493044946378 0.039700144762238966 0.014956724590882365 -0.045130291063995784 -0.04568653741144843 -0.0097013497527522145
leaf_weight=1.9604583915788669 0.66809780395124008 0.78074108017608423 8.2279805126600039 1.3637085775844746 0.68423583265393961 27.00187783956062 0.33522511553019185 0.31727266847155988 0.21992970257997513 0.75977080408483644 5.5951813751016735 1.3818256922531862 0.81396079435944635 4.2407621112070046
leaf_count=29 46 11 144 17 16 367 9 20 6 8 126 28 15 134
internal_value=0.00421273 0.00506522 0.00453369 0.00492678 -0.0123515 0.0056505 0.00146726 -0.0500601 -0.0095856 0.00360594 0.00225235 -0.00259494 0.00723846 -0.0184085
internal_weight=54.351 52.3906 51.6098 50.9417 2.04794 48.8938 21.8919 0.872427 0.537202 21.0195 20.2597 14.6645 9.04194 5.62259
internal_count=976 947 936 890 33 857 490 35 26 455 447 321 159 162
is_linear=0
shrinkage=0.05


Tree=196
num_leaves=15
num_cat=0
split_feature=52 67 124 163 11 163 170 132 11 162 172 29 154 16
split_gain=1.48023 0.872374 0.823738 0.44851 0.885062 0.629838 0.590656 0.559931 0.551801 0.696034 1.66336 0.756244 0.784832 0.223865
threshold=1.0000000180025095e-35 1.0000000180025095e-35 1.0000000180025095e-35 1.0000000180025095e-35 1.0000000180025095e-35 1.5000000000000002 1.5000000000000002 1.0000000180025095e-35 1.0000000180025095e-35 1.5000000000000002 1.0000000180025095e-35 1.0000000180025095e-35 1.0000000180025095e-35 1.0000000180025095e-35
decision_type=2 2 2 2 2 2 2 2 2 2 2 2 2 2
left_child=1 2 3 4 7 6 8 -1 9 13 -11 -12 -13 -5
right_child=-2 -3 -4 5 -6 -7 -8 -9 -10 10 11 12 -14 -15
leaf_value=0.0075035576485855951 -0.061056178802668427 -0.051658411007976558 -0.03252761636750575 -0.032239668288626434 -0.052973586273939159 0.054745354046008068 0.033635829303601553 0.044660092779610992 0.038922093869978441 -0.099496897597776343 -0.064367449093488321 0.051598575887752435 -0.044460176507087106 -0.0024806433490940903
leaf_weight=35.269854365324136 0.91877213586121698 0.71999009512364764 1.5148238041438151 0.69843642320483379 0.59369991719722648 0.44095198222203258 0.85589873360004354 1.0439312087837596 0.55219989316538054 0.71974253980442915 0.38349217362701871 0.62397320533636957 0.32256275764666498 6.6394642378436384
leaf_count=564 19 10 17 9 28 18 14 14 24 15 4 37 12 179
internal_value=0.00183731 0.00298431 0.00377655 0.00491884 0.00758169 -0.0038274 -0.0062198 0.00857172 -0.00965167 -0.0125089 -0.0382685 -0.00513484 0.0188634 -0.00531317
internal_weight=51.2978 50.379 49.659 48.1442 36.9075 11.2367 10.7958 36.3138 9.93987 9.38767 2.04977 1.33003 0.946536 7.3379
internal_count=964 945 935 918 606 312 294 578 280 256 68 53 49 188
is_linear=0
shrinkage=0.05


Tree=197
num_leaves=15
num_cat=0
split_feature=38 151 3 167 26 158 170 19 94 73 170 162 158 172
split_gain=0.953239 0.411611 0.726788 0.642263 1.28379 1.56061 0.693119 0.726917 0.526679 0.556272 0.565348 1.27097 0.721984 0.684951
threshold=1.0000000180025095e-35 1.0000000180025095e-35 1.0000000180025095e-35 1.0000000180025095e-35 1.0000000180025095e-35 1.0000000180025095e-35 1.5000000000000002 1.0000000180025095e-35 1.0000000180025095e-35 1.0000000180025095e-35 1.0000000180025095e-35 1.0000000180025095e-35 1.0000000180025095e-35 1.0000000180025095e-35
decision_type=2 2 2 2 2 2 2 2 2 2 2 2 2 2
left_child=1 3 -3 6 5 -5 7 8 9 10 12 -12 13 -1
right_child=-2 2 -4 4 -6 -7 -8 -9 -10 -11 11 -13 -14 -15
leaf_value=0.0040397751665357329 -0.051073978848128955 0.017396838628881663 -0.00013585239261734326 -0.052393932805458947 0.036331654326488445 0.033936612571719184 0.059316021212085679 0.046407162671678576 -0.042552148832405143 0.04838206933500902 0.058173750324277788 -0.01327420573474411 -0.041386485719879858 -0.022322068386956495
leaf_weight=14.209157933481064 0.79718294879421492 12.139731576957274 11.519946115731727 2.4200144383357838 0.82979111769236613 0.66797993658110488 0.53362372703850169 0.87374278903007407 0.70694317063316603 0.60978889372199674 1.2393139060586684 1.2504923213273285 1.153981590818147 2.980978269246406
leaf_count=263 13 258 174 71 13 14 6 4 17 7 6 15 39 64
internal_value=0.00318015 0.00402595 0.00886014 -0.000136809 -0.0188825 -0.0337193 0.00298066 0.00167501 -8.94735e-05 0.00131041 -6.73322e-05 0.0222894 -0.00310176 -0.000531688
internal_weight=51.9327 51.1355 23.6597 27.4758 3.91779 3.08799 23.558 23.0244 22.1507 21.4437 20.8339 2.48981 18.3441 17.1901
internal_count=964 951 432 519 98 85 421 415 411 394 387 21 366 327
is_linear=0
shrinkage=0.05


Tree=198
num_leaves=15
num_cat=0
split_feature=73 109 124 170 173 163 99 49 170 176 163 158 23 86
split_gain=0.572502 0.505702 0.445898 0.441152 0.326891 0.470449 0.351464 0.303546 0.266854 0.246805 0.213232 0.602109 0.403776 0.248574
threshold=1.0000000180025095e-35 1.0000000180025095e-35 1.0000000180025095e-35 3.5000000000000004 1.5000000000000002 1.0000000180025095e-35 1.0000000180025095e-35 1.0000000180025095e-35 1.5000000000000002 1.0000000180025095e-35 1.0000000180025095e-35 1.0000000180025095e-35 1.0000000180025095e-35 1.0000000180025095e-35
decision_type=2 2 2 2 2 2 2 2 2 2 2 2 2 2
left_child=1 2 3 4 6 -6 -1 8 10 -7 13 12 -12 -8
right_child=-2 -3 -4 -5 5 9 7 -9 -10 -11 11 -13 -14 -15
leaf_value=-0.035594153782244481 0.025371799311074042 0.027451486458238684 -0.025181230823817392 -0.037308283036624632 -0.055578723008471803 -0.019151391989406436 0.0042184611554680158 0.035836825386570452 0.038644608314369389 0.055050646538150852 -0.0093854782969880132 0.049591103382500314 0.029889185912415683 0.02948003319472859
leaf_weight=0.56627929233945806 2.8783809915184966 1.9406966362148512 1.5256539173424233 0.69263200974091788 0.56485426914878079 0.26166973891668022 31.746990034240298 0.73841348476707835 0.53357865498401125 0.1960040956037119 8.500774436513888 0.50728648086078543 0.70900007686577815 1.0046296208165575
leaf_count=37 62 17 15 12 20 12 464 11 9 33 172 38 20 27
internal_value=0.00369435 0.00243353 0.00141241 0.002294 0.00289912 -0.0250507 0.00354415 0.00405085 0.00350503 0.0126265 0.00306354 -0.00344091 -0.00636198 0.00499334
internal_weight=52.3668 49.4885 47.5478 46.0221 45.3295 1.02253 44.307 43.7407 43.0023 0.457674 42.4687 9.71706 9.20977 32.7516
internal_count=949 887 870 855 843 65 778 741 730 45 721 230 192 491
is_linear=0
shrinkage=0.05


Tree=199
num_leaves=15
num_cat=0
split_feature=38 26 112 154 48 6 172 162 29 67 170 167 19 29
split_gain=0.689688 0.434053 0.720219 0.714699 1.38854 0.694224 1.52113 1.20145 1.8082 0.920231 0.870877 0.704896 1.4589 1.31045
threshold=1.0000000180025095e-35 1.0000000180025095e-35 1.0000000180025095e-35 1.0000000180025095e-35 1.0000000180025095e-35 1.0000000180025095e-35 1.0000000180025095e-35 1.0000000180025095e-35 1.0000000180025095e-35 1.0000000180025095e-35 1.5000000000000002 1.0000000180025095e-35 1.0000000180025095e-35 1.0000000180025095e-35
decision_type=2 2 2 2 2 2 2 2 2 2 2 2 2 2
left_child=1 3 -3 5 -5 9 -7 -8 10 11 -9 12 -1 -13
right_child=-2 2 -4 4 -6 6 7 8 -10 -11 -12 13 -14 -15
leaf_value=-0.01602759903929506 -0.049878488458356816 0.0022199927345891678 0.068122374986320122 -0.0025619761791807081 0.06818238032327012 0.058592999369185751 0.0041866185336591338 -0.059531620276549874 0.023803928344193755 0.044933631674932063 0.0019372096834575584 -0.059127312231588181 0.053014641760969185 0.010647830835526329
leaf_weight=15.203475727117628 0.83356834948062797 10.434031732147556 0.43172807339578945 2.9604277028702195 0.90584552288055409 1.0048948964104063 10.875540091656147 2.5797927407547845 1.2974682957865296 0.62241674587130447 0.74193596839904774 2.2471351088024671 0.80567523837089616 0.96055567543953646
leaf_count=242 15 364 3 53 3 10 88 43 50 4 3 66 3 17
internal_value=-0.00476462 -0.00402828 0.00483849 -0.00642459 0.014013 -0.00859905 -0.00102097 -0.00488717 -0.0262507 -0.0149015 -0.045802 -0.0168395 -0.012553 -0.0382329
internal_weight=51.9045 51.0709 10.8658 40.2052 3.86627 36.3389 16.4996 15.4947 4.6192 19.8393 3.32173 19.2168 16.0092 3.20769
internal_count=964 949 367 582 56 526 194 184 96 332 46 328 245 83
is_linear=0
shrinkage=0.05


Tree=200
num_leaves=15
num_cat=0
split_feature=29 48 150 176 62 81 167 16 153 170 151 94 163 173
split_gain=1.07914 0.936584 0.809646 1.67436 0.997716 0.79652 0.805178 0.754545 1.1803 1.72973 1.06557 1.05688 1.06938 0.813761
threshold=1.0000000180025095e-35 1.0000000180025095e-35 1.0000000180025095e-35 1.0000000180025095e-35 1.0000000180025095e-35 1.0000000180025095e-35 1.0000000180025095e-35 1.0000000180025095e-35 1.0000000180025095e-35 1.0000000180025095e-35 1.0000000180025095e-35 1.0000000180025095e-35 1.0000000180025095e-35 1.0000000180025095e-35
decision_type=2 2 2 2 2 2 2 2 2 2 2 2 2 2
left_child=2 -2 3 4 5 6 7 -1 9 10 -9 12 -10 -12
right_child=1 -3 -4 -5 -6 -7 -8 8 11 -11 13 -13 -14 -15
leaf_value=0.016982331059418189 0.020216201819484345 -0.067525047458683651 0.0052158728511157463 -0.053920105089956566 0.059494120836144672 0.014432121082376093 0.0088333812922763572 -0.048064513607546849 0.0016486488044398749 0.0095515020464023784 0.043709110539821017 -0.060952315215665201 0.079181799338366346 -0.052492526715431559
leaf_weight=1.5312759464141095 7.7695260681211931 0.31653507193550456 17.206953446031548 1.9050622342620034 0.58164994418620963 3.6927505172789088 4.0542440325953057 6.5116792697808688 2.7399310903856549 2.2054114113561809 0.60312851285561908 0.54533606115728606 0.5309057980775832 0.34588856040500104
leaf_count=13 274 6 222 47 3 31 81 149 61 20 5 9 3 28
internal_value=4.04902e-05 0.0167815 -0.00314809 -0.00884845 -0.00516995 -0.00682245 -0.0109387 -0.0162779 -0.0200555 -0.029351 -0.0408508 0.0034893 0.0142334 0.00864647
internal_weight=50.5403 8.08606 42.4542 25.2473 23.3422 22.7606 19.0678 15.0136 13.4823 9.66611 7.4607 3.81617 3.27084 0.949017
internal_count=952 280 672 450 403 400 369 288 275 202 182 73 64 33
is_linear=0
shrinkage=0.05


Tree=201
num_leaves=15
num_cat=0
split_feature=124 38 40 29 150 6 49 21 67 111 153 176 176 167
split_gain=2.52371 0.483942 0.42222 0.709723 0.365498 0.542618 0.36014 0.277455 0.24095 0.233804 0.342843 0.668162 0.613711 0.547049
threshold=1.0000000180025095e-35 1.0000000180025095e-35 1.0000000180025095e-35 1.0000000180025095e-35 1.0000000180025095e-35 1.0000000180025095e-35 1.0000000180025095e-35 1.0000000180025095e-35 1.0000000180025095e-35 1.0000000180025095e-35 1.0000000180025095e-35 1.0000000180025095e-35 1.0000000180025095e-35 1.0000000180025095e-35
decision_type=2 2 2 2 2 2 2 2 2 2 2 2 2 2
left_child=1 2 6 4 -4 -6 8 -7 9 10 12 13 -1 -12
right_child=-2 -3 3 -5 5 7 -8 -9 -10 -11 11 -13 -14 -15
leaf_value=-0.0018385539151869097 -0.072258621069379081 -0.040045209111506566 -0.055323770778744008 0.050884021479567922 0.021211145290129553 -0.057414360950786537 0.034102473396830195 -0.0075384793228229253 0.027332706283375831 0.017300504940472149 -0.0049316524287523929 0.035308154080993727 -0.037073847816138719 0.028613599552833702
leaf_weight=32.571562417550012 1.2642889022827137 0.77134934905916352 0.80346774950157818 0.32682511501479883 0.66220338409766544 0.64176791487261653 0.80794030358083446 0.49306822568178177 0.81761329993605514 1.8615111177787174 6.5206586499698442 1.7644092048867595 1.2845371690345917 1.4937766022048888
leaf_count=500 15 14 79 35 19 14 13 20 9 20 111 51 48 22
internal_value=-0.00247868 -0.000742734 -0.000137013 -0.0185624 -0.0272902 -0.0147563 0.00100762 -0.0357441 0.000430282 -5.31798e-05 -0.000793506 0.0074531 -0.00317542 0.0013207
internal_weight=52.085 50.8207 50.0493 2.92733 2.60051 1.79704 47.122 1.13484 46.3141 45.4965 43.6349 9.77884 33.8561 8.01444
internal_count=970 955 941 167 132 53 774 34 761 752 732 184 548 133
is_linear=0
shrinkage=0.05


Tree=202
num_leaves=15
num_cat=0
split_feature=171 162 154 177 109 40 72 3 26 173 162 176 172 167
split_gain=1.67882 0.995444 1.18322 1.13158 0.894641 0.975846 1.86259 2.01256 1.35214 1.92813 0.985557 1.41291 1.19842 1.15534
threshold=1.0000000180025095e-35 1.0000000180025095e-35 1.0000000180025095e-35 1.0000000180025095e-35 1.0000000180025095e-35 1.0000000180025095e-35 1.0000000180025095e-35 1.0000000180025095e-35 1.0000000180025095e-35 1.0000000180025095e-35 1.0000000180025095e-35 1.0000000180025095e-35 1.5000000000000002 1.0000000180025095e-35
decision_type=2 2 2 2 2 2 2 2 2 2 2 2 2 2
left_child=1 -1 3 -3 5 8 -7 -8 9 10 12 13 -2 -12
right_child=4 2 -4 -5 -6 6 7 -9 -10 -11 11 -13 -14 -15
leaf_value=0.020824735457028259 -0.0602591073061476 -0.038335930977543502 0.034458062071331119 0.00347067977498745 0.025600764661244581 -0.016054834466193654 0.022395839364624609 0.17495928405648731 0.0025959901308694332 -0.047735969224871853 0.064302023276185311 -0.053685994595547085 -0.0094283127150740689 -0.024783285188159559
leaf_weight=11.579354243353011 1.3912945464253477 2.4057113049784657 1.8572042193263767 4.946972182020545 1.8985001584514964 1.398878917738329 0.63538404076825816 0.32763141486793756 8.9772881961253006 4.899909792933614 1.3146468158811324 0.52201426308602084 6.9618996754288673 0.50327410921454419
leaf_count=172 25 39 24 76 15 95 26 8 267 91 14 12 44 23
internal_value=0.000236516 0.0110671 -0.0012009 -0.010208 -0.0075732 -0.0099117 0.0207856 0.0743001 -0.0128626 -0.0217624 -0.00986057 0.0188197 -0.0178946 0.0396396
internal_weight=49.62 20.7892 9.20989 7.35268 28.8307 26.9322 2.36189 0.963015 24.5703 15.593 10.6931 2.33994 8.35319 1.81792
internal_count=931 311 139 115 620 605 129 34 476 209 118 49 69 37
is_linear=0
shrinkage=0.05


Tree=203
num_leaves=15
num_cat=0
split_feature=162 48 81 40 154 171 171 171 154 29 125 75 49 170
split_gain=0.5044 0.980837 1.56201 0.633014 0.89623 0.548419 0.459419 0.557271 0.386552 0.405527 0.607186 0.266778 0.31951 0.268789
threshold=1.5000000000000002 1.0000000180025095e-35 1.0000000180025095e-35 1.0000000180025095e-35 1.0000000180025095e-35 1.5000000000000002 1.0000000180025095e-35 2.5000000000000004 1.0000000180025095e-35 1.0000000180025095e-35 1.0000000180025095e-35 1.0000000180025095e-35 1.0000000180025095e-35 1.0000000180025095e-35
decision_type=2 2 2 2 2 2 2 2 2 2 2 2 2 2
left_child=3 2 6 11 -5 -6 -2 8 9 -8 -11 12 13 -1
right_child=1 -3 -4 4 5 -7 7 -9 -10 10 -12 -13 -14 -15
leaf_value=0.0028385781763535021 0.038287179021002357 -0.060921189005477029 0.088750664907952928 -0.053599362332496903 0.056328127852116078 -0.05097087984419546 -0.038372126375707472 0.044409537815156018 -0.061198007913065636 0.051568641155351716 -0.043779866263084395 -0.027207012098211289 0.040772081856337378 0.012642680013058705
leaf_weight=34.856187117751688 1.1162711558863514 0.33403700217604626 0.84421262179967005 1.0744658344192419 0.39658348471857596 0.17019116587471217 0.48220267170108877 0.50512958122999396 0.36298228031955648 0.50894095259718597 0.24849081470165402 0.63972156355157395 0.62633506022393604 8.7448658982175385
leaf_count=584 18 5 17 77 5 29 12 37 11 28 7 19 5 109
internal_value=0.00526612 0.0214425 0.0282052 0.00373494 -0.0267643 0.0241084 0.0123514 -0.00138435 -0.0158182 -0.0025303 0.0202876 0.0048506 0.0053143 0.00480494
internal_weight=50.9106 4.40227 4.06823 46.5084 1.64124 0.566775 3.22402 2.10775 1.60262 1.23963 0.757432 44.8671 44.2274 43.6011
internal_count=963 135 130 828 111 34 113 95 58 47 35 717 698 693
is_linear=0
shrinkage=0.05


Tree=204
num_leaves=15
num_cat=0
split_feature=19 158 167 26 40 124 72 40 112 94 162 173 136 173
split_gain=1.01026 1.07296 0.961628 0.806332 1.20727 1.09428 0.937363 0.75122 1.02829 0.598055 0.821729 1.00399 0.849577 0.737565
threshold=1.0000000180025095e-35 1.0000000180025095e-35 1.0000000180025095e-35 1.0000000180025095e-35 1.0000000180025095e-35 1.0000000180025095e-35 1.0000000180025095e-35 1.0000000180025095e-35 1.0000000180025095e-35 1.0000000180025095e-35 1.5000000000000002 1.0000000180025095e-35 1.0000000180025095e-35 1.0000000180025095e-35
decision_type=2 2 2 2 2 2 2 2 2 2 2 2 2 2
left_child=1 3 -3 4 5 9 -6 8 -5 10 12 -12 13 -1
right_child=-2 2 -4 7 6 -7 -8 -9 -10 -11 11 -13 -14 -15
leaf_value=-0.0074477049024586628 0.039513839303770774 -0.019357164472571058 0.016752240355629947 0.0025107444205371612 -0.020877076735199937 -0.07394049074726132 0.054128746251420695 -0.043945274537917516 0.089278492611684385 0.0091600490166911935 -0.084797128367144273 -0.0026026068970222069 -0.055747912979532355 -0.026780732165531618
leaf_weight=15.89972182130443 1.172485090792178 2.4787243579048646 7.1976555164437741 8.2502099185367062 0.67746066302060959 0.83183133602142234 1.0815219040960073 0.82136330893263299 0.35620081424713212 2.2192220874130717 0.96009340090677031 0.60603668121621013 1.2513733394443978 7.152648509014397
leaf_count=244 10 78 80 236 37 10 17 76 1 21 14 11 18 106
internal_value=-0.00636142 -0.00744185 0.00750237 -0.0110473 -0.0149773 -0.0174233 0.0252407 0.00174168 0.00610187 -0.0157496 -0.0178865 -0.0529908 -0.0156244 -0.0134463
internal_weight=50.9565 49.7841 9.67638 40.1077 30.6799 28.9209 1.75898 9.42777 8.60641 28.0891 25.8699 1.56613 24.3037 23.0524
internal_count=959 949 158 791 478 424 54 313 237 414 393 25 368 350
is_linear=0
shrinkage=0.05


Tree=205
num_leaves=15
num_cat=0
split_feature=171 112 173 162 163 29 67 81 165 109 81 112 111 16
split_gain=0.858173 0.565597 0.560292 0.546652 0.482255 0.524068 0.455757 1.09437 0.762708 0.454367 0.400955 0.38895 0.304854 0.267052
threshold=1.0000000180025095e-35 1.0000000180025095e-35 1.0000000180025095e-35 1.5000000000000002 1.0000000180025095e-35 1.0000000180025095e-35 1.0000000180025095e-35 1.0000000180025095e-35 1.0000000180025095e-35 1.0000000180025095e-35 1.0000000180025095e-35 1.0000000180025095e-35 1.0000000180025095e-35 1.0000000180025095e-35
decision_type=2 2 2 2 2 2 2 2 2 2 2 2 2 2
left_child=1 2 3 10 -4 -6 7 9 -9 11 13 12 -2 -1
right_child=6 -3 4 -5 5 -7 -8 8 -10 -11 -12 -13 -14 -15
leaf_value=0.037757533272658524 -0.0056652691625199087 -0.032857548169062722 -0.014752430637761889 0.051205627685458194 0.034721756135238729 -0.016025032917838262 -0.048816132487531812 0.0033315800045608866 0.086261640458089817 0.024656242692141728 -0.010769569613689864 0.038989746794448124 0.015228811861682968 0.015620211219546393
leaf_weight=1.5137049686163742 23.788052240473935 0.67343037761747737 2.8254945978987953 1.147872726432978 1.4121090844273569 0.79528415482491244 0.481069709174334 0.50644514942541607 0.612639399478212 1.5441856821998943 1.3330728355795152 0.53380258800461788 1.8840297148562957 13.624048916157337
leaf_count=9 549 29 48 12 10 22 8 16 8 16 12 11 19 201
internal_value=0.0051395 0.0122984 0.0136409 0.0178438 -0.00107224 0.0164386 -0.000549807 0.000254493 0.0487314 -0.00170045 0.0155188 -0.00325352 -0.00413189 0.0178338
internal_weight=52.6752 23.325 22.6516 17.6187 5.03289 2.20739 29.3502 28.8692 1.11908 27.7501 16.4708 26.2059 25.6721 15.1378
internal_count=970 343 314 234 80 32 627 619 24 595 222 579 568 210
is_linear=0
shrinkage=0.05


Tree=206
num_leaves=15
num_cat=0
split_feature=109 163 124 16 163 48 176 154 21 72 172 72 172 94
split_gain=0.474878 0.28796 1.13222 0.732836 0.56046 0.466748 0.45629 0.513594 0.664128 0.468807 0.527188 0.31201 0.56833 0.338876
threshold=1.0000000180025095e-35 1.0000000180025095e-35 1.0000000180025095e-35 1.0000000180025095e-35 1.5000000000000002 1.0000000180025095e-35 1.0000000180025095e-35 1.0000000180025095e-35 1.0000000180025095e-35 1.0000000180025095e-35 1.0000000180025095e-35 1.0000000180025095e-35 1.0000000180025095e-35 1.0000000180025095e-35
decision_type=2 2 2 2 2 2 2 2 2 2 2 2 2 2
left_child=1 2 3 -1 6 -5 7 8 9 10 -3 12 -9 -13
right_child=-2 4 -4 5 -6 -7 -8 11 -10 -11 -12 13 -14 -15
leaf_value=0.037842646416883875 0.027451202738897191 -0.00090115284867161205 0.054022422153063659 3.4832668846265287e-05 0.055315736165515772 0.031393873148635419 0.016666270909135191 -0.010618595937535474 -0.03593039750179132 -0.015918778475437913 0.036164450155585774 0.038643128556132972 -0.079905234330523323 -0.034113811713666738
leaf_weight=1.4109841347672034 1.8738502813503135 3.0085221091285277 1.0974907428026188 34.685470195719972 0.37653100505122061 1.228610724210738 1.7926294671488001 0.52630941802635856 1.4710058970376847 2.576653566211462 1.4084197143092749 0.25304804719053198 0.6762501010671258 0.4354335751850158
leaf_count=12 16 42 7 600 15 6 78 12 61 55 21 24 10 7
internal_value=0.0027311 0.00182189 0.00396807 0.0024963 -0.00476201 0.00110762 -0.00662409 -0.0106558 -0.00539274 0.00103043 0.0109179 -0.0342141 -0.0495814 -0.00737235
internal_weight=52.8212 50.9474 38.4226 37.3251 12.5248 35.9141 12.1483 10.3556 8.4646 6.9936 4.41694 1.89104 1.20256 0.688482
internal_count=966 950 625 618 325 606 310 232 179 118 63 53 22 31
is_linear=0
shrinkage=0.05


Tree=207
num_leaves=15
num_cat=0
split_feature=40 29 133 173 26 151 168 73 162 72 164 163 6 3
split_gain=0.90401 0.851873 0.604011 0.304206 0.6799 1.38736 1.24292 0.611857 0.585551 0.537206 0.536021 0.505347 1.20019 0.698012
threshold=1.0000000180025095e-35 1.0000000180025095e-35 1.0000000180025095e-35 1.0000000180025095e-35 1.0000000180025095e-35 1.0000000180025095e-35 1.0000000180025095e-35 1.0000000180025095e-35 1.0000000180025095e-35 1.0000000180025095e-35 1.0000000180025095e-35 1.0000000180025095e-35 1.0000000180025095e-35 1.0000000180025095e-35
decision_type=2 2 2 2 2 2 2 2 2 2 2 2 2 2
left_child=3 2 -2 -1 6 -6 7 11 10 -10 -7 13 -13 -5
right_child=1 -3 -4 4 5 8 -8 -9 9 -11 -12 12 -14 -15
leaf_value=0.0060986241074643963 -0.054496985520051056 0.050947176254471128 0.0074680628101840216 -0.029875701548716223 -0.040889219830302199 0.065236676213863948 -0.0510105454294583 0.041723231652671035 0.025371669070071358 -0.02030248299113608 0.017816032548008807 0.039337079401698748 -0.021515131788347922 0.0098173825255737281
leaf_weight=32.645537032280117 1.5934382684645241 0.29909187788143743 0.5221370207145809 3.3083578352816385 1.0602411190047849 1.1171063604997471 1.566280487226323 0.71259853383526284 1.4990543082822114 1.1283750843140297 1.277280923910439 1.6139497491531074 1.6272352002561092 1.6649773390963671
leaf_count=427 120 35 6 54 53 32 27 9 57 48 15 23 20 27
internal_value=0.00183238 -0.0280371 -0.0392036 0.00329771 -0.00221871 0.0110825 -0.00992822 -0.00272025 0.0220552 0.00575646 0.0399402 -0.00657566 0.00878626 -0.0165872
internal_weight=51.6357 2.41467 2.11558 49.221 16.5755 6.08206 10.4934 8.92712 5.02182 2.62743 2.39439 8.21452 3.24118 4.97334
internal_count=953 161 126 792 365 205 160 133 152 105 47 124 43 81
is_linear=0
shrinkage=0.05


Tree=208
num_leaves=15
num_cat=0
split_feature=132 162 167 40 158 172 170 164 167 171 176 171 16 172
split_gain=0.827704 0.508523 0.606665 0.723939 0.959126 0.429961 0.402671 0.51821 0.529343 0.714675 0.842462 0.89349 0.424807 0.362303
threshold=1.0000000180025095e-35 1.0000000180025095e-35 1.0000000180025095e-35 1.0000000180025095e-35 1.0000000180025095e-35 1.0000000180025095e-35 1.0000000180025095e-35 1.0000000180025095e-35 1.0000000180025095e-35 1.0000000180025095e-35 1.0000000180025095e-35 2.5000000000000004 1.0000000180025095e-35 1.0000000180025095e-35
decision_type=2 2 2 2 2 2 2 2 2 2 2 2 2 2
left_child=1 6 -3 4 -4 -2 7 8 9 12 11 -11 -1 -10
right_child=5 2 3 -5 -6 -7 -8 -9 13 10 -12 -13 -14 -15
leaf_value=0.023553962137397345 -0.044945691665425218 0.016485193088214996 -0.0032580611326420567 -0.05201930682863775 0.053766818026029062 0.0030539722390974878 0.016649075682963085 0.040335393956600768 0.025258823575115302 -0.054857289224469474 0.012426733653425809 0.034949489987678876 -0.0067294099440687568 0.0013136262830130141
leaf_weight=1.3736352026462615 1.2420839392580081 16.747003743570534 5.7562489092815659 0.63076902832835902 0.84570749779231835 0.74720581877045322 3.6712636926677069 0.7287678811699142 1.9411329636350281 2.2207471025176364 0.90967413980979461 0.31641794298775483 7.3782177497632793 8.4841073693241906
leaf_count=6 11 404 93 27 35 14 32 13 36 72 20 8 129 70
internal_value=0.00472466 0.00595875 0.0112588 -0.00084275 0.0040468 -0.0269163 0.00125578 -0.00116419 -0.00250098 -0.00957133 -0.0288558 -0.0436572 -0.00197632 0.00577211
internal_weight=52.993 51.0037 23.9797 7.23273 6.60196 1.98929 27.024 23.3527 22.6239 12.1987 3.44684 2.53717 8.75185 10.4252
internal_count=970 945 559 155 128 25 386 354 341 235 100 80 135 106
is_linear=0
shrinkage=0.05


Tree=209
num_leaves=15
num_cat=0
split_feature=106 21 112 6 109 162 72 26 6 153 162 94 73 150
split_gain=1.07161 0.798146 1.02298 0.676208 0.940718 1.11577 0.77164 0.681211 0.476463 0.860075 1.35408 3.63733 1.00452 0.72706
threshold=1.0000000180025095e-35 1.0000000180025095e-35 1.0000000180025095e-35 1.0000000180025095e-35 1.0000000180025095e-35 1.0000000180025095e-35 1.0000000180025095e-35 1.0000000180025095e-35 1.0000000180025095e-35 1.0000000180025095e-35 1.0000000180025095e-35 1.0000000180025095e-35 1.0000000180025095e-35 1.0000000180025095e-35
decision_type=2 2 2 2 2 2 2 2 2 2 2 2 2 2
left_child=1 8 3 4 5 -3 -5 -7 -1 10 13 -12 -11 -10
right_child=-2 2 -4 6 -6 7 -8 -9 9 12 11 -13 -14 -15
leaf_value=0.0047351662863703656 0.0188245621531666 -0.059324555212910038 0.061861201255537082 0.015791453496028916 0.050823442535888975 -0.080305815809186054 -0.037968722733041693 -0.0075016664352936845 -0.063078992413942048 -0.036043073197587205 0.053672352734977169 -0.052986876383508547 0.023878865399786193 -0.0068386289846495921
leaf_weight=24.871950323926285 6.7052594199776641 2.3812325815670157 0.41295506199821908 2.2804429020034154 0.35559121891856182 0.35792697896249626 0.94368316687177856 3.1397301893739495 0.79534880071878289 3.6485641213366762 2.7657412418629974 1.1242486257106068 0.86526593239977945 2.0710952375084162
leaf_count=373 58 69 3 64 2 3 46 184 8 69 42 13 11 34
internal_value=0.000150412 -0.00257084 -0.0151712 -0.0185343 -0.0281483 -0.032925 5.61589e-05 -0.014952 0.000870702 -0.00765765 0.00363212 0.0228467 -0.0245565 -0.0224436
internal_weight=52.719 46.0138 9.87156 9.45861 6.23448 5.87889 3.22413 3.49766 36.1422 11.2703 6.75643 3.88999 4.51383 2.86644
internal_count=979 921 371 368 258 256 110 187 550 177 97 55 80 42
is_linear=0
shrinkage=0.05


Tree=210
num_leaves=15
num_cat=0
split_feature=86 170 16 172 153 153 72 19 72 112 81 3 163 72
split_gain=0.586247 0.602781 0.539634 0.510126 1.5783 1.06458 0.931432 0.822002 0.817398 0.624817 0.649516 0.507619 1.53491 0.600625
threshold=1.0000000180025095e-35 3.5000000000000004 1.0000000180025095e-35 1.5000000000000002 1.0000000180025095e-35 1.0000000180025095e-35 1.0000000180025095e-35 1.0000000180025095e-35 1.0000000180025095e-35 1.0000000180025095e-35 1.0000000180025095e-35 1.0000000180025095e-35 1.0000000180025095e-35 1.0000000180025095e-35
decision_type=2 2 2 2 2 2 2 2 2 2 2 2 2 2
left_child=1 2 -1 5 -5 7 -6 8 -4 10 -10 12 -7 -13
right_child=-2 -3 3 4 6 11 -8 -9 9 -11 -12 13 -14 -15
leaf_value=-0.02413543795764601 0.025046098241130566 -0.053009128034898323 -0.012050078219019364 0.00026925554867628185 -0.0097520977530915383 -0.0080264309965687852 -0.07650623366941478 0.062352824312302595 0.014447786846882447 -0.03589612930446668 -0.014301418817439286 0.025848266344730638 0.053383547523426403 0.084152548686393658
leaf_weight=2.2636225186288348 2.2770771693321867 0.54905867576599021 10.938636751088783 10.662647231714798 0.93697794340550822 3.1416499713668591 1.1814743118593469 0.50857093930244346 10.391327352030201 0.82435286813415665 2.4226541691459706 1.7817983259446921 1.5049491291865704 0.58731262851506461
leaf_count=26 113 6 287 128 24 73 26 4 146 38 19 28 31 11
internal_value=0.0002608 -0.00092251 -0.000315913 0.000885415 -0.00756247 0.00424894 -0.0469813 -0.000566357 -0.00186834 0.00629793 0.00901237 0.0214666 0.0118631 0.0403021
internal_weight=49.9721 47.695 47.146 44.8824 12.7811 32.1013 2.11845 25.0855 24.577 13.6383 12.814 7.01571 4.6466 2.36911
internal_count=960 847 841 815 178 637 50 494 490 203 165 143 104 39
is_linear=0
shrinkage=0.05


Tree=211
num_leaves=15
num_cat=0
split_feature=111 124 81 154 151 162 29 162 6 94 171 86 170 171
split_gain=0.468 0.469303 0.423756 1.12077 1.94269 1.39212 0.459148 0.356355 0.339971 0.513097 0.388234 0.344092 0.805553 0.411561
threshold=1.0000000180025095e-35 1.0000000180025095e-35 1.0000000180025095e-35 1.0000000180025095e-35 1.0000000180025095e-35 1.5000000000000002 1.0000000180025095e-35 2.5000000000000004 1.0000000180025095e-35 1.0000000180025095e-35 2.5000000000000004 1.0000000180025095e-35 1.0000000180025095e-35 1.5000000000000002
decision_type=2 2 2 2 2 2 2 2 2 2 2 2 2 2
left_child=1 2 6 4 5 -4 -1 8 11 10 -10 13 -13 -8
right_child=-2 -3 3 -5 -6 -7 7 -9 9 -11 -12 12 -14 -15
leaf_value=-0.0050683214815244113 0.026524142683142373 0.02567083115880452 -0.052995716808871524 0.056676596108904034 0.050786046708269986 0.024924751323588987 -0.0035398923056737907 0.054906064232686291 0.053330159472356808 -0.023866204282718871 0.007523102100044865 -0.099914652540649851 0.051445886873355211 0.05047239497887477
leaf_weight=36.451050404459238 1.6738083381205786 1.6741206217557181 1.6317878570407622 1.1176148508675394 1.242864962667227 0.88359839748591174 3.3429077600594606 0.39831005665473629 1.0533931710524487 0.49808930233120907 0.82469896844122548 0.25301311415387306 0.13470408425200731 0.39428489620331664
leaf_count=628 20 17 22 17 12 11 72 11 39 12 36 32 8 41
internal_value=0.000518021 -0.000354301 -0.00125773 0.0127174 -0.000354979 -0.025624 -0.0028296 0.00899807 0.00618537 0.0212502 0.0332156 -0.00249285 -0.0473277 0.00215856
internal_weight=51.5742 49.9004 48.2263 4.87587 3.75825 2.51539 43.3505 6.8994 6.50109 2.37618 1.87809 4.12491 0.387717 3.73719
internal_count=978 958 941 62 45 33 879 251 240 87 75 153 40 113
is_linear=0
shrinkage=0.05


Tree=212
num_leaves=15
num_cat=0
split_feature=124 72 154 167 177 6 154 21 29 162 16 38 21 167
split_gain=1.88216 0.418319 0.806451 1.28468 0.867201 0.539491 0.47 0.834306 0.669892 0.485279 0.385327 0.663276 0.349235 0.257847
threshold=1.0000000180025095e-35 1.0000000180025095e-35 1.0000000180025095e-35 1.0000000180025095e-35 1.0000000180025095e-35 1.0000000180025095e-35 1.0000000180025095e-35 1.0000000180025095e-35 1.0000000180025095e-35 1.0000000180025095e-35 1.0000000180025095e-35 1.0000000180025095e-35 1.0000000180025095e-35 1.0000000180025095e-35
decision_type=2 2 2 2 2 2 2 2 2 2 2 2 2 2
left_child=1 2 10 4 -4 12 13 9 -9 -8 -1 -12 -6 -3
right_child=-2 6 3 -5 5 -7 7 8 -10 -11 11 -13 -14 -15
leaf_value=-0.022582423637974525 -0.063306637758101109 -0.0046710808435571644 -0.060657483137457273 -0.14243245592649453 0.043893018499463511 -0.041082712684404145 -0.0036167096943697146 -0.053123543042140287 0.050649178890898552 0.042514648304068044 -0.001085935221842158 0.053993222644544037 -0.012236944170981007 0.0058735393224953513
leaf_weight=1.9857306028716326 1.2069061826914538 10.132070773397576 0.86470494087552618 0.2344001184683292 0.66150961630046345 0.52018165681511175 0.74743834882974614 0.58728064852766682 0.21153321303427219 2.4025633633136749 17.863236659264661 0.5638404143974175 0.47690679866354913 13.551676260773093
leaf_count=23 15 132 79 7 9 11 14 40 25 26 404 7 14 174
internal_value=-0.00159556 -0.000129521 -0.00508427 -0.0304629 -0.0200616 0.00110292 0.00402514 0.019995 -0.0256436 0.0315685 -0.00165569 0.000599403 0.020379 0.00136248
internal_weight=52.01 50.8031 23.1705 2.7577 2.5233 1.6586 27.6326 3.94882 0.798814 3.15 20.4128 18.4271 1.13842 23.6837
internal_count=980 965 554 120 113 34 411 105 65 40 434 411 23 306
is_linear=0
shrinkage=0.05


Tree=213
num_leaves=15
num_cat=0
split_feature=124 165 94 177 136 167 16 163 40 151 73 173 162 21
split_gain=0.696595 0.588573 0.653209 1.04484 0.702449 0.63287 0.512167 0.951482 0.45121 1.14778 0.329871 0.312011 0.953327 0.653695
threshold=1.0000000180025095e-35 1.0000000180025095e-35 1.0000000180025095e-35 1.0000000180025095e-35 1.0000000180025095e-35 1.0000000180025095e-35 1.0000000180025095e-35 1.0000000180025095e-35 1.0000000180025095e-35 1.0000000180025095e-35 1.0000000180025095e-35 1.0000000180025095e-35 1.0000000180025095e-35 1.0000000180025095e-35
decision_type=2 2 2 2 2 2 2 2 2 2 2 2 2 2
left_child=1 2 4 -4 6 8 7 -1 10 -10 11 -3 -13 -14
right_child=-2 5 3 -5 -6 -7 -8 -9 9 -11 -12 12 13 -15
leaf_value=-0.069002412148750553 -0.035710166368441605 0.037157701620712288 -0.062627774300686598 0.0011089014181878884 -0.057080173149203932 -0.0020724990519693739 -0.00096878652115931657 0.0083654975911211203 0.11005564198478163 0.0047700787109165484 0.042563145959262562 0.039314592694524003 -0.028749619093209569 0.031135978897116175
leaf_weight=0.7910475768148959 1.5667888820171345 0.72548103611916026 1.2492956442292771 1.3249325158540159 0.60178318177349766 9.5067043917952105 28.31771388935158 0.79855551011860371 0.43866327102296032 0.63151969155296683 0.76938288914971042 1.1491826265119018 2.030909923370928 0.58751680376008142
leaf_count=13 15 13 26 20 14 111 621 12 9 22 10 20 32 31
internal_value=-0.00289234 -0.00184133 -0.00563604 -0.0298231 -0.00359524 0.00608461 -0.00251904 -0.0301357 0.0183302 0.0479262 0.0123116 0.00713137 0.00134957 -0.0153126
internal_weight=50.4895 48.9227 33.0833 2.57423 30.5091 15.8394 29.9073 1.5896 6.33266 1.07018 5.26247 4.49309 3.76761 2.61843
internal_count=969 954 706 46 660 248 646 25 137 31 106 96 83 63
is_linear=0
shrinkage=0.05


Tree=214
num_leaves=15
num_cat=0
split_feature=173 52 111 176 62 81 167 171 6 40 72 29 170 172
split_gain=0.986196 1.08269 0.87158 1.15056 0.824133 0.714605 0.577118 2.27805 0.645692 0.61681 1.05866 0.557327 0.679008 0.547265
threshold=1.0000000180025095e-35 1.0000000180025095e-35 1.0000000180025095e-35 1.0000000180025095e-35 1.0000000180025095e-35 1.0000000180025095e-35 1.0000000180025095e-35 2.5000000000000004 1.0000000180025095e-35 1.0000000180025095e-35 1.0000000180025095e-35 1.0000000180025095e-35 3.5000000000000004 1.0000000180025095e-35
decision_type=2 2 2 2 2 2 2 2 2 2 2 2 2 2
left_child=1 2 3 4 5 11 8 -8 -2 -10 -11 13 -13 -1
right_child=6 -3 -4 -5 -6 -7 7 -9 9 10 -12 12 -14 -15
leaf_value=0.013668783109752409 0.0075005920906676023 0.057973139206189878 0.048526384701178454 -0.046962685140290596 0.058855100003665832 -0.019007347674131599 -0.060947244528105807 0.033365655164774174 -0.019708721990668428 -0.028580023837917495 0.072100925579603986 0.035674153445913369 -0.034714820836761702 -0.0020741297180047187
leaf_weight=11.932537174783667 9.4258118802099506 1.1316017080098379 1.2838140032254148 0.97521432914072548 0.78290841402485867 2.4408050240017465 1.7141385038848957 1.0220112212700769 5.4623982773628077 0.51739322498906382 0.5270860088057816 3.099497744813561 0.38519337773323048 10.272941460832952
leaf_count=184 270 13 16 37 9 21 45 31 127 32 6 84 2 90
internal_value=0.00464302 0.00992999 0.00818598 0.00645326 0.00825489 0.00684664 -0.00450555 -0.0257193 -0.000862468 -0.0129771 0.0222276 0.00930301 0.0278934 0.00638562
internal_weight=50.9734 32.3045 31.1729 29.8891 28.9139 28.131 18.6688 2.73615 15.9327 6.50688 1.04448 25.6902 3.48469 22.2055
internal_count=967 456 443 427 390 381 511 76 435 165 38 360 86 274
is_linear=0
shrinkage=0.05


Tree=215
num_leaves=15
num_cat=0
split_feature=72 162 94 158 168 171 173 132 171 21 162 40 158 171
split_gain=1.47828 1.6985 0.93623 0.403928 0.411767 1.05138 0.393642 0.364054 0.448021 0.957563 0.555778 1.05749 0.969697 0.455814
threshold=1.0000000180025095e-35 1.0000000180025095e-35 1.0000000180025095e-35 1.0000000180025095e-35 1.0000000180025095e-35 1.0000000180025095e-35 1.0000000180025095e-35 1.0000000180025095e-35 2.5000000000000004 1.0000000180025095e-35 1.5000000000000002 1.0000000180025095e-35 1.0000000180025095e-35 1.0000000180025095e-35
decision_type=2 2 2 2 2 2 2 2 2 2 2 2 2 2
left_child=3 2 -2 4 -1 -6 -7 8 9 10 11 12 13 -3
right_child=1 7 -4 -5 5 6 -8 -9 -10 -11 -12 -13 -14 -15
leaf_value=0.0080302473307132943 -0.028644262962095275 0.0079719673305172125 0.01899864906273294 -0.025545705722946024 -0.052591010819277501 -0.0070705653641088516 0.035123728131192571 -0.027348702867793839 -0.029542702024052066 0.05913375952141621 -0.032548328971306169 0.054729579253129372 0.054392496134685775 -0.019766351387333417
leaf_weight=18.178817631647696 13.746495616389439 2.6983237594831664 1.1147821545600898 1.1392615647055198 1.0491181705147021 1.6416648172307762 0.83334894583094854 1.0645219282014302 0.94233812787570137 0.79495597654022354 1.0369747257791457 0.98825286980718363 0.71409347932785738 3.282993211876601
leaf_count=434 163 41 7 46 17 32 21 19 59 23 20 18 25 38
internal_value=-0.00583762 -0.0138998 -0.0250704 0.00347452 0.00499789 -0.0106441 0.00713645 0.000507754 0.00334329 0.00660002 0.00181115 0.00644824 -0.000678154 -0.00725289
internal_weight=49.2259 26.3837 14.8613 22.8422 21.7029 3.52413 2.47501 11.5225 10.4579 9.51559 8.72064 7.68366 6.69541 5.98132
internal_count=963 413 170 550 504 70 53 243 224 165 142 122 104 79
is_linear=0
shrinkage=0.05


Tree=216
num_leaves=15
num_cat=0
split_feature=153 172 163 29 111 3 62 173 40 11 151 165 163 150
split_gain=1.12792 1.14741 0.975845 0.957878 0.943633 0.988752 0.720826 1.04658 0.665682 0.917503 0.995326 0.770736 0.630488 0.586636
threshold=1.0000000180025095e-35 1.0000000180025095e-35 1.0000000180025095e-35 1.0000000180025095e-35 1.0000000180025095e-35 1.0000000180025095e-35 1.0000000180025095e-35 1.0000000180025095e-35 1.0000000180025095e-35 1.0000000180025095e-35 1.0000000180025095e-35 1.0000000180025095e-35 1.0000000180025095e-35 1.0000000180025095e-35
decision_type=2 2 2 2 2 2 2 2 2 2 2 2 2 2
left_child=1 2 -1 4 5 6 7 -3 9 10 12 -10 -2 -5
right_child=8 3 -4 13 -6 -7 -8 -9 11 -11 -12 -13 -14 -15
leaf_value=0.014542059679426879 -0.056966402836414493 -0.0521069571114278 -0.011285281397326147 0.0019656118707487074 0.022927223450525086 -0.0060951336532861292 0.012436369131120461 -0.0083690324154705557 -0.02577303064101294 0.033064080665304446 -0.013911870700524588 0.046419603319971081 -0.0018698967304479402 0.051853541427118968
leaf_weight=14.173362652130892 3.0938239479437422 4.0463574943132725 4.9292560617905101 1.7476932981517159 1.6059886962175376 8.7040667301043868 0.82618878781795491 2.0660733904223889 0.70186298346379838 0.66223827830981541 5.2534389532520436 0.781218231189996 0.62396069429814804 0.88903285656124342
leaf_count=247 58 60 81 52 14 84 5 74 69 18 112 28 16 42
internal_value=-0.00487979 -0.000873976 0.00787755 -0.009281 -0.0135715 -0.0173188 -0.0313981 -0.037323 -0.018929 -0.0237297 -0.0279222 0.0122547 -0.0477195 0.0187865
internal_weight=50.1046 38.988 19.1026 19.8854 17.2487 15.6427 6.93862 6.11243 11.1165 9.63346 8.97122 1.48308 3.71778 2.63673
internal_count=960 659 328 331 237 223 139 134 301 204 186 97 74 94
is_linear=0
shrinkage=0.05


Tree=217
num_leaves=15
num_cat=0
split_feature=29 132 48 158 124 16 167 21 151 13 81 94 72 150
split_gain=0.715124 0.662574 0.452381 0.413293 0.411738 0.349311 0.336006 0.408035 0.404718 0.333507 0.315733 0.378853 0.703529 0.348018
threshold=1.0000000180025095e-35 1.0000000180025095e-35 1.0000000180025095e-35 1.0000000180025095e-35 1.0000000180025095e-35 1.0000000180025095e-35 1.0000000180025095e-35 1.0000000180025095e-35 1.0000000180025095e-35 1.0000000180025095e-35 1.0000000180025095e-35 1.0000000180025095e-35 1.0000000180025095e-35 1.0000000180025095e-35
decision_type=2 2 2 2 2 2 2 2 2 2 2 2 2 2
left_child=2 3 4 6 5 -1 10 -8 -9 -7 11 12 13 -2
right_child=1 -3 -4 -5 -6 9 7 8 -10 -11 -12 -13 -14 -15
leaf_value=-0.020397342583725536 -0.008166418256442735 -0.021128974139418166 0.032164550039418982 0.055419436855092388 0.026161507814871345 0.0011600082420032503 0.053134750050033402 -0.057555301277956966 0.050374364648571847 -0.033862200490978211 0.052710573444855996 -0.038173574288595136 0.051706638438974085 0.050978830761685204
leaf_weight=2.1050546404439947 2.1453999935183679 0.94339107628911723 1.1508439779281605 0.88738951750565309 1.4940576329827298 37.471156343235634 1.1603480945341287 0.19086978235281993 0.1593919787555933 0.69232205394655366 0.4133755974471568 0.41832835157401849 0.84317020629532624 0.28132967333658587
leaf_count=26 68 9 5 53 11 629 24 4 21 17 12 11 38 37
internal_value=0.00372093 0.0180282 0.00123945 0.0237117 0.00038725 -0.000569035 0.0186981 0.0388575 -0.00844025 0.000524672 0.0112735 0.00662921 0.012361 -0.00130974
internal_weight=50.3564 7.44299 42.9134 6.4996 41.7626 40.2685 5.61221 1.51061 0.350262 38.1635 4.1016 3.68823 3.2699 2.42673
internal_count=965 277 688 268 683 672 215 49 25 646 166 154 143 105
is_linear=0
shrinkage=0.05


Tree=218
num_leaves=15
num_cat=0
split_feature=40 163 48 49 16 167 151 153 162 94 132 162 158 176
split_gain=0.676273 1.29727 0.464681 0.37122 0.346998 0.196781 1.02807 0.664028 0.817363 0.596111 0.350462 0.487333 0.640434 0.450979
threshold=1.0000000180025095e-35 1.0000000180025095e-35 1.0000000180025095e-35 1.0000000180025095e-35 1.0000000180025095e-35 1.0000000180025095e-35 1.0000000180025095e-35 1.0000000180025095e-35 1.0000000180025095e-35 1.0000000180025095e-35 1.0000000180025095e-35 1.0000000180025095e-35 1.0000000180025095e-35 1.0000000180025095e-35
decision_type=2 2 2 2 2 2 2 2 2 2 2 2 2 2
left_child=2 -2 3 4 -1 10 -7 9 -9 -8 11 12 13 -6
right_child=1 -3 -4 -5 5 6 7 8 -10 -11 -12 -13 -14 -15
leaf_value=0.01475971768415439 -0.054933436553893912 0.035365516320759217 -0.031846921720791344 0.030789790588686656 -0.015941837946444142 0.02529149267845332 -0.015061432064227926 0.057111453480599463 -0.011594823110764992 0.015861158153631951 0.012336915196816397 -0.0011107062445704422 -0.054538250223525001 0.014954358892369303
leaf_weight=2.5639666658826163 1.5839439957635471 0.53111377975437779 1.3888182113878418 0.82291328487917681 9.9093873708043265 3.2449893681332478 10.019841606263068 0.86918613314628668 0.86233910685405135 1.845603656955064 2.1513949343934646 10.975404765806159 0.97319037851411927 1.3409220456378541
leaf_count=25 120 39 11 12 192 71 130 4 18 19 12 241 33 25
internal_value=-0.0046014 -0.0322584 -0.00335595 -0.00248782 -0.00309968 -0.00418497 4.31581e-06 -0.0060306 0.0228942 -0.0102516 -0.00696821 -0.00875851 -0.0156254 -0.0122593
internal_weight=49.083 2.11506 46.968 45.5791 44.7562 42.1923 16.842 13.597 1.73153 11.8654 25.3503 23.1989 12.2235 11.2503
internal_count=952 159 793 782 770 745 242 171 22 149 503 491 250 217
is_linear=0
shrinkage=0.05


Tree=219
num_leaves=15
num_cat=0
split_feature=72 86 173 172 73 109 40 162 86 170 112 167 21 167
split_gain=0.963572 1.07301 1.01966 0.982615 0.708514 0.697274 0.636051 1.21456 0.762402 0.634301 0.645408 1.05427 0.886029 0.465888
threshold=1.0000000180025095e-35 1.0000000180025095e-35 1.0000000180025095e-35 1.0000000180025095e-35 1.0000000180025095e-35 1.0000000180025095e-35 1.0000000180025095e-35 1.5000000000000002 1.0000000180025095e-35 1.0000000180025095e-35 1.0000000180025095e-35 1.0000000180025095e-35 1.0000000180025095e-35 1.0000000180025095e-35
decision_type=2 2 2 2 2 2 2 2 2 2 2 2 2 2
left_child=1 4 3 9 -1 13 8 -8 -4 10 11 -2 -12 -5
right_child=2 -3 6 5 -6 -7 7 -9 -10 -11 12 -13 -14 -15
leaf_value=0.00035133313482726904 0.033098039363622656 -0.045049900458956384 -0.019207031874069334 -0.023959076963163461 -0.058258584915074178 0.042917319217212924 0.085949571911632244 -0.036858471998589784 0.038372178649953542 0.010469827554240691 -0.037163284844306116 0.09016808837313843 0.059346797454266645 0.0067901889065139567
leaf_weight=20.641781595069922 2.9516896707937166 1.4871859776030749 5.1923550576902917 1.4048779588192672 0.52885015169158478 1.2102568708360202 0.47654337796848256 0.34860600100364536 0.6464793465565889 2.8495398154482245 0.56496824137866486 1.1149023137986658 0.41069351881742477 10.000800064881332
leaf_count=444 31 77 118 17 26 9 11 20 27 26 25 7 2 107
internal_value=0.00361744 -0.00399666 0.00996664 0.015488 -0.00111276 0.00683173 -0.00702482 0.0340661 -0.0128318 0.0293261 0.0399823 0.0487444 0.00346152 0.00300269
internal_weight=49.8295 22.6578 27.1717 20.5077 21.1706 12.6159 6.66398 0.825149 5.83883 7.89179 5.04225 4.06659 0.975662 11.4057
internal_count=947 547 400 224 470 133 176 31 145 91 65 38 27 124
is_linear=0
shrinkage=0.05


Tree=220
num_leaves=15
num_cat=0
split_feature=173 48 81 16 109 165 81 162 167 162 19 167 171 171
split_gain=1.01168 0.595918 0.496937 0.589615 0.460751 0.625645 1.39902 0.879374 0.644766 0.529189 0.382625 0.591505 2.93939 1.03699
threshold=1.0000000180025095e-35 1.0000000180025095e-35 1.0000000180025095e-35 1.0000000180025095e-35 1.0000000180025095e-35 1.0000000180025095e-35 1.0000000180025095e-35 1.0000000180025095e-35 1.0000000180025095e-35 1.5000000000000002 1.0000000180025095e-35 1.0000000180025095e-35 1.5000000000000002 2.5000000000000004
decision_type=2 2 2 2 2 2 2 2 2 2 2 2 2 2
left_child=4 2 3 -2 5 6 9 -7 -9 -1 11 13 -13 -5
right_child=1 -3 -4 10 -6 7 -8 8 -10 -11 -12 12 -14 -15
leaf_value=0.0020141847072898834 -0.032476163778339076 0.049637278122967685 -0.023235738681078911 0.026700825481767006 0.021969520903665409 -0.023837200970803475 -0.038038303663752236 0.060259157670862512 -0.018861762509996417 0.041922569210602854 -0.025666804985158886 -0.061632398462283182 0.042650190603334782 -0.012098335412017439
leaf_weight=21.2193946435582 0.71538706286810949 0.9893095011357208 1.0718810968101014 10.218994854600167 1.7900798711925734 6.3490147050470105 2.2229078887030473 0.58840185310691573 0.45784671977162361 0.86450032412540068 0.58666908752638924 1.2579168566735472 1.460037891520187 2.0712025484535834
leaf_count=326 17 5 22 265 10 56 21 6 29 24 7 23 45 116
internal_value=0.00246187 0.0118907 0.00974239 0.0119097 -0.00271014 -0.0041037 -0.00022931 -0.0168381 0.0256352 0.00357645 0.0139458 0.0154942 -0.00561361 0.0201622
internal_weight=51.8635 18.3714 17.3821 16.3102 33.4921 31.7021 24.3068 7.39526 1.04625 22.0839 15.5948 15.0082 2.71795 12.2902
internal_count=972 500 495 473 472 462 371 91 35 350 456 449 68 381
is_linear=0
shrinkage=0.05


Tree=221
num_leaves=15
num_cat=0
split_feature=52 172 81 158 163 163 176 172 3 165 94 154 124 154
split_gain=2.74169 0.52593 1.0063 0.71687 1.00273 0.644373 1.07878 0.60303 2.01478 1.19087 0.588185 1.06254 0.570673 0.500254
threshold=1.0000000180025095e-35 1.0000000180025095e-35 1.0000000180025095e-35 1.0000000180025095e-35 1.0000000180025095e-35 1.0000000180025095e-35 1.0000000180025095e-35 1.5000000000000002 1.0000000180025095e-35 1.0000000180025095e-35 1.0000000180025095e-35 1.0000000180025095e-35 1.0000000180025095e-35 1.0000000180025095e-35
decision_type=2 2 2 2 2 2 2 2 2 2 2 2 2 2
left_child=1 2 -1 5 -5 6 10 8 -8 -9 11 -3 13 -7
right_child=-2 3 -4 4 -6 12 7 9 -10 -11 -12 -13 -14 -15
leaf_value=0.010244049604868841 -0.07115859857668215 0.014311822583262435 -0.026441694391923676 -0.022987090319937793 0.045448180301516719 0.0020618126272843955 -0.059309713355091179 0.036838783853906973 0.048029375527580881 -0.05616168494924359 0.038851437590926317 -0.05273863234957487 -0.071605138622145764 -0.030853607288006159
leaf_weight=20.163956341682937 1.3470708951354016 7.860595443635253 2.0602636463008812 6.4324357720324761 0.58384355291491363 3.5083699102688106 1.718180034309625 1.1066243835957723 0.58636682247742999 0.49963057320564974 2.0948425438255063 0.63887579040601838 0.38814543327316631 1.7203794408123938
leaf_count=361 22 104 28 65 51 115 54 17 6 19 15 44 8 48
internal_value=-0.000780553 0.00114002 0.00684315 -0.00353042 -0.0172924 0.0012682 0.00683609 -0.0156069 -0.0319985 0.0079107 0.0151207 0.00927187 -0.0131104 -0.00876812
internal_weight=50.7096 49.3625 22.2242 27.1383 7.01628 20.122 14.5051 3.9108 2.30455 1.60625 10.5943 8.49947 5.61689 5.22875
internal_count=957 935 389 546 116 430 259 96 60 36 163 148 171 163
is_linear=0
shrinkage=0.05


Tree=222
num_leaves=15
num_cat=0
split_feature=172 81 173 16 19 38 62 40 171 106 166 94 124 176
split_gain=0.56645 0.809429 0.688362 0.622286 0.822843 0.518924 0.469707 0.444955 0.818098 0.760701 0.844428 1.56746 0.835354 0.780315
threshold=1.0000000180025095e-35 1.0000000180025095e-35 1.0000000180025095e-35 1.0000000180025095e-35 1.0000000180025095e-35 1.0000000180025095e-35 1.0000000180025095e-35 1.0000000180025095e-35 1.5000000000000002 1.0000000180025095e-35 1.0000000180025095e-35 1.0000000180025095e-35 1.0000000180025095e-35 1.0000000180025095e-35
decision_type=2 2 2 2 2 2 2 2 2 2 2 2 2 2
left_child=3 6 -3 -1 5 -5 7 9 -9 10 12 -12 13 -2
right_child=1 2 -4 4 -6 -7 -8 8 -10 -11 11 -13 -14 -15
leaf_value=-0.014743171200676704 -0.026669790832044279 0.061754659495252807 -0.0021160442044189528 0.010432455925819796 0.070383849391978101 0.054816050474569888 0.038897036611973149 0.048048546220515631 -0.013258469864703798 0.0098375774848365495 -0.017721440234996673 0.10764245407509182 0.01995854750720126 -0.00033396245109881372
leaf_weight=2.1089499229565289 8.9930687523447066 0.95304717682301887 0.75684807449579239 18.704686768294785 0.62277441471815009 0.68259797245263953 0.67933725658804078 1.1203435562783846 1.0580677261459639 5.9208241860615081 0.62414133123820537 0.41521722520701587 1.5889434199780232 4.0926631606416786
leaf_count=16 165 5 22 366 4 5 10 27 78 58 83 6 15 83
internal_value=0.00519764 0.000223801 0.0334837 0.0110897 0.0138124 0.0119951 -0.00209816 -0.00326766 0.0182714 -0.00543642 -0.0111914 0.0323606 -0.0142761 -0.0184331
internal_weight=48.3215 26.2025 1.7099 22.119 20.0101 19.3873 24.4926 23.8133 2.17841 21.6349 15.714 1.03936 14.6747 13.0857
internal_count=943 552 27 391 375 371 525 515 105 410 352 89 263 248
is_linear=0
shrinkage=0.05


Tree=223
num_leaves=15
num_cat=0
split_feature=40 29 67 48 107 6 109 172 81 49 171 162 73 172
split_gain=0.77676 0.822553 0.771648 0.524329 0.380865 0.79449 0.346431 0.402334 0.836088 0.542581 0.411753 0.33154 0.707856 0.564647
threshold=1.0000000180025095e-35 1.0000000180025095e-35 1.0000000180025095e-35 1.0000000180025095e-35 1.0000000180025095e-35 1.0000000180025095e-35 1.0000000180025095e-35 1.5000000000000002 1.0000000180025095e-35 1.0000000180025095e-35 1.0000000180025095e-35 1.0000000180025095e-35 1.0000000180025095e-35 1.0000000180025095e-35
decision_type=2 2 2 2 2 2 2 2 2 2 2 2 2 2
left_child=2 -2 3 4 6 -6 7 8 9 11 -10 12 -1 -13
right_child=1 -3 -4 -5 5 -7 -8 -9 10 -11 -12 13 -14 -15
leaf_value=0.006896561370875175 -0.043160158235782405 0.05073528745756082 0.05952030264702779 -0.029250765669425208 -0.059476731022652565 0.016474576246515629 0.023136062581779471 -0.0065042456406568033 -0.052351871923790295 0.052849664441049493 0.0016991157996776966 0.0074294670223497812 0.045988497103680748 -0.015859792482816805
leaf_weight=16.603012824256453 1.7152383686625388 0.26995625998824824 0.56682328693568607 1.4052457567304362 0.73866455629467853 0.64494937099516392 1.9564708801917721 11.209536206006304 0.93095595575868972 0.61551001993939181 0.56690902123227715 6.8691203764174116 1.2448278386145819 4.1901724166236818
leaf_count=294 132 36 6 11 12 11 19 178 10 10 17 118 8 111
internal_value=0.000251018 -0.0303918 0.00153055 0.000830827 0.00175845 -0.0240733 0.00256732 0.0016144 0.00454814 0.00639711 -0.0318948 0.00540801 0.00962309 -0.00139443
internal_weight=49.5274 1.98519 47.5422 46.9754 45.5701 1.38361 44.1865 42.23 31.0205 29.5226 1.49786 28.9071 17.8478 11.0593
internal_count=973 168 805 799 788 23 765 746 568 541 27 531 302 229
is_linear=0
shrinkage=0.05


Tree=224
num_leaves=15
num_cat=0
split_feature=19 124 107 170 171 170 172 29 6 106 29 164 154 109
split_gain=0.892649 0.56907 0.427101 0.356492 0.345733 0.517891 1.01118 0.752749 0.615502 0.406364 0.511769 0.399355 0.931427 0.311521
threshold=1.0000000180025095e-35 1.0000000180025095e-35 1.0000000180025095e-35 1.5000000000000002 2.5000000000000004 1.0000000180025095e-35 1.0000000180025095e-35 1.0000000180025095e-35 1.0000000180025095e-35 1.0000000180025095e-35 1.0000000180025095e-35 1.0000000180025095e-35 1.0000000180025095e-35 1.0000000180025095e-35
decision_type=2 2 2 2 2 2 2 2 2 2 2 2 2 2
left_child=1 2 3 4 5 -1 7 -7 -8 10 -6 12 -12 -10
right_child=-2 -3 -4 -5 9 6 8 -9 13 -11 11 -13 -14 -15
leaf_value=0.0076252345999412597 -0.034384630536807008 0.037941986382251214 0.034897528112549495 0.026043859816853223 -0.036342576288191597 -0.064183198035464739 0.031282813750268944 -0.0083773442473691548 -0.028696981536154093 0.04617999347879808 -0.080952136749309234 0.051547839484360605 0.051379305491137651 0.010304653543090547
leaf_weight=34.124953717808239 1.3568156622350205 1.4182099560275663 1.2264855680987228 1.9248289910610754 1.5923153890762476 1.0831276357639572 1.6346969421720134 1.3667945340275764 1.0594479365972804 0.26146347215399135 0.27338029025122512 0.36088023587944917 0.25890472065657377 0.99080821126699437
leaf_count=616 12 13 20 30 92 24 19 9 20 8 12 38 11 8
internal_value=0.00560467 0.00674512 0.00578659 0.00499196 0.00404975 0.00522076 -0.00815401 -0.0330495 0.00839764 -0.0131128 -0.0193502 0.0109434 -0.0165858 -0.00984902
internal_weight=48.9331 47.5763 46.1581 44.9316 43.0068 40.2598 6.13488 2.44992 3.68495 2.74694 2.48548 0.893165 0.532285 2.05026
internal_count=932 920 907 887 857 696 80 33 47 161 153 61 23 28
is_linear=0
shrinkage=0.05


Tree=225
num_leaves=15
num_cat=0
split_feature=109 173 19 162 162 151 176 171 151 176 166 125 164 94
split_gain=0.244791 0.225147 0.517299 0.560127 0.499061 1.17306 1.03497 0.863533 0.731372 0.498507 0.544121 0.633917 0.489215 0.643846
threshold=1.0000000180025095e-35 1.0000000180025095e-35 1.0000000180025095e-35 1.5000000000000002 1.0000000180025095e-35 1.0000000180025095e-35 1.0000000180025095e-35 1.0000000180025095e-35 1.0000000180025095e-35 1.0000000180025095e-35 1.0000000180025095e-35 1.0000000180025095e-35 1.0000000180025095e-35 1.0000000180025095e-35
decision_type=2 2 2 2 2 2 2 2 2 2 2 2 2 2
left_child=1 2 3 -1 5 6 7 -3 -6 10 11 -10 13 -7
right_child=-2 4 -4 -5 8 12 -8 -9 9 -11 -12 -13 -14 -15
leaf_value=-0.0078684590445069948 0.015419735590624789 0.0052295907227400554 0.032544138483254284 0.019308900434484622 0.0098267463895268786 0.029638194526447909 0.035194028049349207 -0.054583536890452158 -0.036824642081701248 0.009903520554869448 0.014893395125528687 0.027076467256386755 0.011710024941630096 0.091232564266261529
leaf_weight=28.255337007343776 2.0156656722538164 1.192075959406796 0.89410461485385795 2.032244636444374 5.1848868812085112 1.1946357984561471 1.0117886365624147 1.2220112080685792 3.7465490563772619 1.499006289464887 0.79624402034096409 0.43296203017234791 1.3234980097040534 0.65792673826217662
leaf_count=395 18 22 5 39 136 42 11 41 94 81 39 4 18 2
internal_value=-0.00166003 -0.00235633 -0.0049384 -0.0060449 0.00205257 0.0130372 -0.00725616 -0.0250478 -0.00416715 -0.0153732 -0.0229882 -0.030205 0.0349267 0.0515131
internal_weight=51.4589 49.4433 31.1817 30.2876 18.2616 6.60194 3.42588 2.41409 11.6596 6.47476 4.97576 4.17951 3.17606 1.85256
internal_count=947 929 439 434 490 136 74 63 354 218 137 98 62 44
is_linear=0
shrinkage=0.05


Tree=226
num_leaves=15
num_cat=0
split_feature=3 107 124 67 111 167 172 72 162 170 112 26 40 162
split_gain=0.900238 0.714245 0.632428 0.632754 0.457458 0.447844 0.832445 1.00707 0.823391 0.821473 0.994774 0.948079 0.430555 0.582483
threshold=1.0000000180025095e-35 1.0000000180025095e-35 1.0000000180025095e-35 1.0000000180025095e-35 1.0000000180025095e-35 1.0000000180025095e-35 1.5000000000000002 1.0000000180025095e-35 1.5000000000000002 1.0000000180025095e-35 1.0000000180025095e-35 1.0000000180025095e-35 1.0000000180025095e-35 1.5000000000000002
decision_type=2 2 2 2 2 2 2 2 2 2 2 2 2 2
left_child=1 2 3 4 5 -1 7 8 -7 10 -9 -12 -2 -14
right_child=12 -3 -4 -5 -6 6 -8 9 -10 -11 11 -13 13 -15
leaf_value=0.0044594247722391555 -0.01337224372224155 -0.038603107911022665 0.048293035525954507 0.057181878131342637 0.030040441403025944 -0.064000987218978247 -0.061424122513826923 0.067403148226848772 0.007708178503612894 -0.040981078137582144 -0.042330146289085879 0.05606894081830343 0.049792494411173088 -0.031340574007440773
leaf_weight=25.868371007760292 13.206158662447702 0.95874163322150607 0.82902963785454531 0.55141950538381834 1.5092133306898166 0.95002250804100075 0.72705634450539935 0.96623904909938585 0.69182406144682318 0.49465021339710791 0.61775623844005167 0.40546715259552002 0.62689656647853631 0.34185778058599681
leaf_count=555 204 12 10 6 14 26 14 12 14 23 34 2 12 16
internal_value=-0.000400668 0.00395041 0.00516423 0.00407354 0.00316493 0.00184465 -0.0120931 -0.00340018 -0.0337849 0.0166823 0.0310194 -0.00333808 -0.0110121 0.0211619
internal_weight=48.7447 34.5698 33.611 32.782 32.2306 30.7214 4.85302 4.12596 1.64185 2.48411 1.98946 1.02322 14.1749 0.968754
internal_count=954 722 710 700 694 680 125 111 40 71 48 36 232 28
is_linear=0
shrinkage=0.05


Tree=227
num_leaves=15
num_cat=0
split_feature=72 150 170 167 163 16 162 49 171 172 167 40 151 162
split_gain=0.783294 1.19446 0.944851 0.962439 0.920109 1.54447 1.2904 0.884581 0.807912 1.80315 1.34935 0.772656 0.68601 0.592665
threshold=1.0000000180025095e-35 1.0000000180025095e-35 1.0000000180025095e-35 1.0000000180025095e-35 1.0000000180025095e-35 1.0000000180025095e-35 1.5000000000000002 1.0000000180025095e-35 1.0000000180025095e-35 1.0000000180025095e-35 1.0000000180025095e-35 1.0000000180025095e-35 1.0000000180025095e-35 1.0000000180025095e-35
decision_type=2 2 2 2 2 2 2 2 2 2 2 2 2 2
left_child=1 4 8 13 5 -1 -7 -3 10 -10 -2 12 -11 -4
right_child=2 7 3 -5 -6 6 -8 -9 9 11 -12 -13 -14 -15
leaf_value=0.028597375031671719 -0.024909996175095716 0.020671658307017868 0.063738317067065162 0.0038321418880675161 0.0025563836413524206 -0.032069434137691089 0.047332551075932587 -0.051039129428188848 0.053389863832499912 -0.04562295660401957 0.027102510565096022 0.040740627423998671 0.00045111504329154107 0.021566558246798956
leaf_weight=1.3828420308418614 5.353603827301419 4.95097447145963 1.5910593196749681 3.3876601771917194 6.5771713056601575 9.4652390638366324 0.5409243863832679 0.4709460288286208 1.8940754160284967 0.88271632790565213 1.6255805687978861 1.0927463000407449 9.5318657166208141 1.7488618467468766
leaf_count=13 60 146 6 60 126 262 6 7 22 24 35 30 141 23
internal_value=0.000578398 -0.00612593 0.00636269 0.02261 -0.0123333 -0.0209321 -0.027777 0.0144429 0.000999505 0.00818358 -0.0127953 0.000742745 -0.00345402 0.0416562
internal_weight=50.4963 23.3881 27.1082 6.72758 17.9662 11.389 10.0062 5.42192 20.3806 13.4014 6.97918 11.5073 10.4146 3.33992
internal_count=961 560 401 89 407 281 268 153 312 217 95 195 165 29
is_linear=0
shrinkage=0.05


Tree=228
num_leaves=15
num_cat=0
split_feature=151 81 176 74 40 162 107 67 162 94 148 153 158 94
split_gain=1.30325 1.14641 0.588468 0.71233 0.509225 0.533059 0.455176 0.480618 0.497446 0.789235 0.391109 0.517901 1.66757 0.362827
threshold=1.0000000180025095e-35 1.0000000180025095e-35 1.0000000180025095e-35 1.0000000180025095e-35 1.0000000180025095e-35 1.5000000000000002 1.0000000180025095e-35 1.0000000180025095e-35 1.0000000180025095e-35 1.0000000180025095e-35 1.0000000180025095e-35 1.0000000180025095e-35 1.0000000180025095e-35 1.0000000180025095e-35
decision_type=2 2 2 2 2 2 2 2 2 2 2 2 2 2
left_child=1 2 4 -4 5 13 7 8 9 10 11 12 -2 -1
right_child=6 -3 3 -5 -6 -7 -8 -9 -10 -11 -12 -13 -14 -15
leaf_value=0.0065019715874062248 -0.054865399583808955 -0.03510837329974674 -0.047933304144881998 0.022822655029050055 -0.043113681969443846 -0.03352814420221658 0.043305370518979029 0.058430081615538788 0.0022597635068358989 0.048183734904651492 0.032871816973798103 0.036118215663050235 0.012347603148811072 -0.030770126846058916
leaf_weight=19.308479818282667 1.0994948418811015 2.5921567804180077 1.2569593262742262 0.49610211653634895 0.60221445531351392 0.92776484414935012 1.1478366320952762 0.52299468079581757 10.885137116274562 1.7399640828371055 1.7842605300247676 1.2871339772827921 5.7429902671137825 0.6757905650883903
leaf_count=344 45 40 51 14 65 15 20 4 294 13 16 13 35 5
internal_value=0.00423764 -0.00356756 -5.36691e-05 -0.0279099 0.00221616 0.00352155 0.0125747 0.0110452 0.00994564 0.0171245 0.0116734 0.00702086 0.00154738 0.00524157
internal_weight=50.0693 25.8595 23.2673 1.75306 21.5142 20.912 24.2098 23.062 22.539 11.6538 9.91388 8.12962 6.84249 19.9843
internal_count=974 534 494 65 429 364 440 420 416 122 109 93 80 349
is_linear=0
shrinkage=0.05


Tree=229
num_leaves=15
num_cat=0
split_feature=92 162 172 173 177 171 170 163 112 81 153 72 168 171
split_gain=0.713383 0.475905 1.28589 1.4385 1.23187 0.702525 0.512192 0.588753 0.408174 0.362704 0.340475 0.847184 0.791772 0.866948
threshold=1.0000000180025095e-35 1.5000000000000002 1.0000000180025095e-35 1.0000000180025095e-35 1.0000000180025095e-35 1.0000000180025095e-35 1.5000000000000002 1.0000000180025095e-35 1.0000000180025095e-35 1.0000000180025095e-35 1.0000000180025095e-35 1.0000000180025095e-35 1.0000000180025095e-35 2.5000000000000004
decision_type=2 2 2 2 2 2 2 2 2 2 2 2 2 2
left_child=1 5 3 -3 -4 8 7 -7 9 -1 -9 12 13 -12
right_child=-2 2 4 -5 -6 6 -8 10 -10 -11 11 -13 -14 -15
leaf_value=0.01348107166302813 0.045760753358502243 -0.11343771241211419 -0.052953181566934751 0.0022723368012678878 0.024531425887912826 0.0016032072093970435 -0.048044895898862412 -0.0062227813004042875 -0.02965859138247506 -0.0083768705311693809 -0.079452179493184227 -0.091335752193641553 0.056429193195690376 0.033784058352903129
leaf_weight=17.437156048719778 0.92912992439232667 0.59772967407479816 0.70528902451042097 0.48780650086700916 1.8809270913188811 19.808857887808706 0.61107430001720686 1.7845900426618746 0.63409632910042901 2.129704311490058 0.48565497295930959 0.50617335626157012 0.29769190773367882 0.25926499045453966
leaf_count=261 18 11 15 13 85 383 10 68 28 16 10 16 4 25
internal_value=0.00236996 0.00152345 -0.0157696 -0.0614412 0.00340054 0.00296804 -0.00286137 -0.00166829 0.00982255 0.011102 -0.0211094 -0.0382626 -0.0124963 -0.040041
internal_weight=48.5551 47.626 3.67175 1.08554 2.58622 43.9543 23.7533 23.1422 20.201 19.5669 3.33338 1.54879 1.04261 0.74492
internal_count=963 945 124 24 100 821 516 506 305 277 123 55 39 35
is_linear=0
shrinkage=0.05


Tree=230
num_leaves=15
num_cat=0
split_feature=173 52 48 172 29 162 167 26 72 170 72 171 164 171
split_gain=0.632668 0.868493 0.513705 1.39889 1.08895 0.948091 0.937172 0.724623 1.54485 0.763136 0.501637 0.671906 0.70502 0.656857
threshold=1.0000000180025095e-35 1.0000000180025095e-35 1.0000000180025095e-35 1.0000000180025095e-35 1.0000000180025095e-35 1.0000000180025095e-35 1.0000000180025095e-35 1.0000000180025095e-35 1.0000000180025095e-35 1.0000000180025095e-35 1.0000000180025095e-35 2.5000000000000004 1.0000000180025095e-35 2.5000000000000004
decision_type=2 2 2 2 2 2 2 2 2 2 2 2 2 2
left_child=1 -1 3 4 -2 7 10 8 -5 -9 13 -12 -13 -7
right_child=2 -3 -4 5 -6 6 -8 9 -10 -11 11 12 -14 -15
leaf_value=0.0058076409688734747 -0.050302254109565014 0.049886913576436591 0.02735562372994509 0.027653058717345493 0.025981565393424236 -0.028569381768102822 -0.049499611878801864 0.063778584034163047 -0.057406861915451614 0.0070431058409671623 0.023868692547652757 -0.08889538117160678 0.024974658319501134 0.015655423612553451
leaf_weight=29.552726975642148 2.6008382919826611 1.1613899674266566 1.1797091998159874 1.5660765729844563 0.57043358520604659 2.6419060938642347 1.2613909269566645 1.2879638221347707 0.80982343107461918 1.0979553814977405 2.4585755947045986 0.30016623041592527 0.24843996134586632 1.2307531531550919
leaf_count=433 93 14 6 22 27 90 47 38 19 13 42 15 14 73
internal_value=0.00317055 0.00747441 -0.0044908 -0.00682804 -0.0365807 0.000484473 -0.00988103 0.0182063 -0.00133954 0.03767 -0.00261712 0.0127044 -0.0373286 -0.0145145
internal_weight=47.9681 30.7141 17.254 16.0743 3.17127 12.9031 8.14123 4.76182 2.3759 2.38592 6.87984 3.00718 0.548606 3.87266
internal_count=946 447 499 493 120 373 281 92 41 51 234 71 29 163
is_linear=0
shrinkage=0.05


Tree=231
num_leaves=15
num_cat=0
split_feature=176 150 29 177 124 6 73 109 164 177 62 164 6 154
split_gain=0.888483 1.88745 0.665282 0.656913 0.532832 0.329585 0.52897 0.296515 0.228935 0.261528 0.202287 0.184877 0.509059 0.184698
threshold=1.0000000180025095e-35 1.0000000180025095e-35 1.0000000180025095e-35 1.0000000180025095e-35 1.0000000180025095e-35 1.0000000180025095e-35 1.0000000180025095e-35 1.0000000180025095e-35 1.0000000180025095e-35 1.0000000180025095e-35 1.0000000180025095e-35 1.0000000180025095e-35 1.0000000180025095e-35 1.0000000180025095e-35
decision_type=2 2 2 2 2 2 2 2 2 2 2 2 2 2
left_child=3 2 -2 7 13 8 -7 10 -3 -10 11 -1 -13 -5
right_child=1 5 -4 4 -6 6 -8 -9 9 -11 -12 12 -14 -15
leaf_value=0.0082583493532617912 -0.060547461607012645 0.043472167684981224 0.00455874468517963 0.0022994322822527079 -0.058326190111551102 -0.038043516755954292 0.011895912226352244 0.031173820266614274 -0.056293577395995935 0.050689483989036443 0.036870312275132072 0.055642133554998453 -0.003342665668048788 -0.013977059150173035
leaf_weight=31.724585426505655 1.9302174845943221 0.8783606957877057 0.4924872969277202 7.9809526684693957 0.42604109924286682 0.70172032748814706 2.1700455455575138 1.6725825890898693 0.13810145296156406 0.0974245784454979 0.66701152920722862 0.73874538810923585 0.72453954920638353 2.2299187513999641
leaf_count=468 46 23 16 173 8 30 49 10 5 31 4 27 12 65
internal_value=0.00493767 -0.0125083 -0.0473127 0.00735945 -0.00354101 0.00864781 -0.000306863 0.010623 0.0317343 -0.0120404 0.00960775 0.00905982 0.0264361 -0.00125514
internal_weight=52.5727 6.40836 2.4227 46.1644 10.6369 3.98565 2.87177 35.5275 1.11389 0.235526 33.8549 33.1879 1.46328 10.2109
internal_count=967 200 62 767 246 138 79 521 59 36 511 507 39 238
is_linear=0
shrinkage=0.05


Tree=232
num_leaves=15
num_cat=0
split_feature=29 109 124 170 86 150 53 162 173 81 23 154 19 106
split_gain=1.21094 1.13835 1.08819 0.762508 0.739962 1.10908 0.783495 0.442672 0.346442 1.4194 0.52335 0.61627 0.448879 0.546066
threshold=1.0000000180025095e-35 1.0000000180025095e-35 1.0000000180025095e-35 1.0000000180025095e-35 1.0000000180025095e-35 1.0000000180025095e-35 1.0000000180025095e-35 1.5000000000000002 1.0000000180025095e-35 1.0000000180025095e-35 1.0000000180025095e-35 1.0000000180025095e-35 1.0000000180025095e-35 1.0000000180025095e-35
decision_type=2 2 2 2 2 2 2 2 2 2 2 2 2 2
left_child=1 8 3 4 6 -6 -2 -5 9 12 -10 -12 13 -1
right_child=2 -3 -4 7 5 -7 -8 -9 10 -11 11 -13 -14 -15
leaf_value=-0.014990341240458827 0.051600845202943516 0.034472286889396651 -0.082677748095534534 -0.019305635920645128 -0.098202729590210938 0.050818526947253709 -0.0027609680518007676 0.030099561885012005 0.0016919431144697501 -0.063322323830343114 -0.0044101894149025942 -0.066606907251845066 0.024419974122427367 0.0019220563894838682
leaf_weight=18.164552106027269 2.9853497908334243 1.6007893178611983 0.26866427203640331 1.4976972956210377 0.25472209020517755 0.24489085160894319 0.85196151211857785 0.65024113736581046 11.889777185511772 1.2737734320107836 1.0483205397613353 0.64227711327839632 0.95334917306899924 6.4738424420356742
leaf_count=294 156 10 6 24 9 41 12 17 251 16 18 58 6 34
internal_value=-0.00372459 -0.00688118 0.015928 0.0200132 0.0320792 -0.0251583 0.0395314 -0.0043493 -0.00851789 -0.011808 -0.00200926 -0.0280394 -0.00924396 -0.0105465
internal_weight=48.8002 42.0467 6.75353 6.48486 4.33692 0.499613 3.83731 2.14794 40.4459 26.8655 13.5804 1.6906 25.5917 24.6384
internal_count=952 687 265 259 218 50 168 41 677 350 327 76 334 328
is_linear=0
shrinkage=0.05


Tree=233
num_leaves=15
num_cat=0
split_feature=86 3 52 165 49 172 176 107 67 19 173 48 163 170
split_gain=0.872936 1.00718 0.553599 0.410831 0.567121 0.432891 0.969189 0.615088 0.347083 0.353088 0.33556 0.876832 1.05658 1.00135
threshold=1.0000000180025095e-35 1.0000000180025095e-35 1.0000000180025095e-35 1.0000000180025095e-35 1.0000000180025095e-35 1.5000000000000002 1.0000000180025095e-35 1.0000000180025095e-35 1.0000000180025095e-35 1.0000000180025095e-35 1.0000000180025095e-35 1.0000000180025095e-35 1.0000000180025095e-35 1.0000000180025095e-35
decision_type=2 2 2 2 2 2 2 2 2 2 2 2 2 2
left_child=2 -2 3 4 5 7 -7 8 9 10 -1 12 13 -12
right_child=1 -3 -4 -5 -6 6 -8 -9 -10 -11 11 -13 -14 -15
leaf_value=-7.0698860086124208e-05 -0.04399317692921579 0.041024139300451762 -0.02649365622546981 -0.0039682883504193623 0.055072848758687391 -0.004955630889039702 0.066993540466460236 -0.03469507587664334 0.042915811741251655 0.032589892027361476 -0.022685250480371864 0.058101529681327625 0.032195871550114184 0.032977717758093744
leaf_weight=19.876674622064471 1.9537377424421714 0.42395947250770394 1.6247438834980119 14.011722182447555 0.58450358884874631 1.0019832954276342 0.87836381176020939 0.99680521339177985 0.59893623366951843 1.0735674425959576 3.2514941704575895 0.91738334042020131 2.4582199861761183 1.0751281611155716
leaf_count=324 86 21 22 205 9 15 18 17 5 6 143 4 70 19
internal_value=0.00074329 -0.028834 0.00219782 0.0031955 0.00626391 0.00537594 0.0286539 0.00392889 0.00524509 0.00445764 0.00336253 0.0122225 0.00601913 -0.00885349
internal_weight=50.7272 2.3777 48.3495 46.7248 32.7131 32.1286 1.88035 30.2482 29.2514 28.6525 27.5789 7.70223 6.78484 4.32662
internal_count=964 107 857 835 630 621 33 588 571 566 560 236 232 162
is_linear=0
shrinkage=0.05


Tree=234
num_leaves=15
num_cat=0
split_feature=19 132 124 112 158 162 6 172 72 153 150 67 29 170
split_gain=0.657398 0.466036 0.419457 0.374664 0.222104 0.209485 0.199821 1.4722 0.952123 0.959804 0.473919 0.42329 0.395527 0.384313
threshold=1.0000000180025095e-35 1.0000000180025095e-35 1.0000000180025095e-35 1.0000000180025095e-35 1.0000000180025095e-35 1.0000000180025095e-35 1.0000000180025095e-35 1.0000000180025095e-35 1.0000000180025095e-35 1.0000000180025095e-35 1.0000000180025095e-35 1.0000000180025095e-35 1.0000000180025095e-35 1.0000000180025095e-35
decision_type=2 2 2 2 2 2 2 2 2 2 2 2 2 2
left_child=1 2 3 6 -3 -5 10 -8 12 -10 11 -1 -9 -11
right_child=-2 4 -4 5 -6 -7 7 8 9 13 -12 -13 -14 -15
leaf_value=-0.0028090597632689017 -0.034484785592382272 -0.036265414573576453 0.02892212667458385 -0.051398203152797764 -0.00099476557566833992 -0.0006358744792685873 0.072193286511036431 0.016011133201327681 0.0018766833979420355 -0.048722067648310004 0.033917833224331194 0.039838716229443918 0.053809937563600779 0.0097470927984588656
leaf_weight=23.427544213074732 1.2769712064182375 1.1489320639520872 1.4916141647845496 0.50569362938403983 0.72989915736252431 0.33981294569093734 0.8142797145992543 4.1180507728131497 12.1357136873994 1.4424007374327636 0.96886484263813955 0.59663259238004585 0.83189572591800232 0.34905262920074154
leaf_count=495 12 11 14 25 16 17 7 96 141 42 52 4 29 8
internal_value=0.000930908 0.00185574 0.00283145 0.00197669 -0.0225633 -0.0309966 0.0026006 0.00636749 0.00352805 -0.00316644 -0.000367242 -0.00174992 0.0223637 -0.0373297
internal_weight=50.1774 48.9004 47.0216 45.5299 1.87883 0.845507 44.6844 19.6914 18.8771 13.9272 24.993 24.0242 4.94995 1.79145
internal_count=969 957 930 916 27 42 874 323 316 191 551 499 125 50
is_linear=0
shrinkage=0.05


Tree=235
num_leaves=15
num_cat=0
split_feature=124 172 6 165 148 49 78 170 163 162 167 81 107 162
split_gain=1.48087 0.454798 0.708537 0.419872 0.978121 1.11814 0.912141 0.6707 1.12076 0.725296 0.674629 0.572931 0.567438 0.329458
threshold=1.0000000180025095e-35 1.0000000180025095e-35 1.0000000180025095e-35 1.0000000180025095e-35 1.0000000180025095e-35 1.0000000180025095e-35 1.0000000180025095e-35 1.0000000180025095e-35 1.0000000180025095e-35 1.5000000000000002 1.0000000180025095e-35 1.0000000180025095e-35 1.0000000180025095e-35 1.5000000000000002
decision_type=2 2 2 2 2 2 2 2 2 2 2 2 2 2
left_child=1 2 -1 4 5 6 7 8 12 -10 -9 13 -3 -5
right_child=-2 3 -4 11 -6 -7 -8 10 9 -11 -12 -13 -14 -15
leaf_value=0.0035344319674569026 -0.057950759347383689 -0.061448944568057162 0.048464149717143259 -0.0027972244838101253 0.020350890693388159 0.051552686130800857 0.032108613693414438 0.0037830453966215243 -0.021627903589179657 0.051380341816862823 -0.059522685337053342 0.043673136253025872 -0.013255393562969901 0.030708102639176661
leaf_weight=21.414317356946416 1.1233046394772817 3.0539581392367787 0.91496771527454157 12.980283587821756 2.044230950064958 0.55262405658140856 0.7296281313174412 2.4943132216576491 1.518595114466734 0.43838520441204298 0.50625841732835386 0.76068000879604447 0.76346273254603136 0.77764394838595841
leaf_count=395 14 119 10 185 19 7 32 43 40 30 15 11 8 35
internal_value=-0.00118937 0.000113212 0.00537548 -0.00430085 -0.0111789 -0.0175877 -0.0216077 -0.0260741 -0.0360387 -0.00527325 -0.00689794 0.00143213 -0.0518105 -0.000903392
internal_weight=50.0727 48.9493 22.3293 26.6201 12.1015 10.0572 9.5046 8.77497 5.7744 1.95698 3.00057 14.5186 3.81742 13.7579
internal_count=963 949 405 544 313 294 287 255 197 70 58 231 127 220
is_linear=0
shrinkage=0.05


Tree=236
num_leaves=15
num_cat=0
split_feature=166 29 164 26 124 124 86 173 165 94 162 170 6 162
split_gain=0.823713 0.969652 0.625037 0.428295 1.28637 0.451787 0.455523 1.03494 0.731867 0.458019 0.571527 0.400538 0.423732 0.424189
threshold=1.0000000180025095e-35 1.0000000180025095e-35 1.0000000180025095e-35 1.0000000180025095e-35 1.0000000180025095e-35 1.0000000180025095e-35 1.0000000180025095e-35 1.5000000000000002 1.0000000180025095e-35 1.0000000180025095e-35 1.0000000180025095e-35 1.0000000180025095e-35 1.0000000180025095e-35 1.5000000000000002
decision_type=2 2 2 2 2 2 2 2 2 2 2 2 2 2
left_child=3 2 -2 4 -1 6 8 9 11 10 -8 12 13 -5
right_child=1 -3 -4 5 -6 -7 7 -9 -10 -11 -12 -13 -14 -15
leaf_value=-0.0012361108699271706 -0.055463288044393169 0.050408185244608231 0.009818667886988177 -0.0011500682289785505 -0.064917986352599918 0.060146896477267169 0.1064792732974713 -0.048497720988179928 -0.043239480668851457 0.0036424809411824189 0.034713094897771794 -0.040814298615110926 0.048957108342423152 0.052162949696886174
leaf_weight=37.023930427036248 1.7349345190741585 0.32865818723803375 0.4649089736631139 3.1240475794766094 0.81035995855927367 0.42779835313558567 0.43069650139659665 0.37151948979590077 0.83923901233356435 0.50696224416606117 0.77952773973811418 0.39179848204366852 0.65609756705816824 0.42371055437251914
leaf_count=545 84 69 11 80 9 2 4 7 38 12 43 18 16 21
internal_value=-0.00191736 -0.0296987 -0.0416668 -0.000383144 -0.00260009 0.0101655 0.00732354 0.0271694 -0.000303497 0.0435402 0.0602534 0.00753729 0.0120436 0.00521713
internal_weight=48.3142 2.5285 2.19984 45.7857 37.8343 7.9514 7.5236 2.08871 5.43489 1.71719 1.21022 4.59565 4.20386 3.54776
internal_count=959 164 95 795 554 241 239 66 173 59 47 135 117 101
is_linear=0
shrinkage=0.05


Tree=237
num_leaves=15
num_cat=0
split_feature=111 67 92 170 38 112 26 40 162 158 170 154 3 163
split_gain=1.46503 0.466076 0.451518 0.644987 0.410419 0.349982 0.313887 0.425342 0.322972 0.344781 0.527673 0.305922 0.549877 0.493629
threshold=1.0000000180025095e-35 1.0000000180025095e-35 1.0000000180025095e-35 1.5000000000000002 1.0000000180025095e-35 1.0000000180025095e-35 1.0000000180025095e-35 1.0000000180025095e-35 1.0000000180025095e-35 1.0000000180025095e-35 1.0000000180025095e-35 1.0000000180025095e-35 1.0000000180025095e-35 1.0000000180025095e-35
decision_type=2 2 2 2 2 2 2 2 2 2 2 2 2 2
left_child=1 2 3 4 5 6 8 -8 9 10 -1 13 -13 -10
right_child=-2 -3 -4 -5 -6 -7 7 -9 11 -11 -12 12 -14 -15
leaf_value=0.0022096789480352389 -0.055209527673717257 -0.050618032971929398 0.031000434645724353 -0.046055537153032518 -0.034461867611229068 -0.032596704510147644 0.011641538946982966 -0.0353190088830663 -0.023287373886479237 -0.0070658077591166796 0.029141816702231055 0.026132352647177132 -0.023477048690579427 -0.0015896177321660253
leaf_weight=11.542514025699349 1.3206733437255014 0.48384215123951335 1.0578532542567689 0.81744122225791116 0.9098746832460155 0.83427295205183227 7.8724325011135061 0.51364408701192577 5.011762567854019 7.1915959701873353 2.1588725298643103 1.515370833454653 0.88465603720396746 5.4955677242251113
leaf_count=186 19 9 19 12 18 42 241 85 93 55 16 30 10 116
internal_value=-0.00328321 -0.00180172 -0.00128607 -0.00204934 -0.00123049 -0.000527653 0.000106541 0.00876522 -0.00204173 0.00179985 0.00645327 -0.00826006 0.0078462 -0.011939
internal_weight=47.6104 46.2897 45.8059 44.748 43.9306 43.0207 42.1864 8.38608 33.8003 20.893 13.7014 12.9074 2.40003 10.5073
internal_count=951 932 923 904 892 874 832 326 506 257 202 249 40 209
is_linear=0
shrinkage=0.05


Tree=238
num_leaves=15
num_cat=0
split_feature=136 72 154 26 124 162 170 158 173 162 86 3 81 62
split_gain=0.569365 0.675933 0.741219 0.723579 1.34236 0.709305 1.04878 0.705559 0.728177 0.669599 0.616965 0.694916 2.30631 0.751249
threshold=1.0000000180025095e-35 1.0000000180025095e-35 1.0000000180025095e-35 1.0000000180025095e-35 1.0000000180025095e-35 1.0000000180025095e-35 1.0000000180025095e-35 1.0000000180025095e-35 1.0000000180025095e-35 1.5000000000000002 1.0000000180025095e-35 1.0000000180025095e-35 1.0000000180025095e-35 1.0000000180025095e-35
decision_type=2 2 2 2 2 2 2 2 2 2 2 2 2 2
left_child=1 7 3 4 9 6 -4 10 -9 -3 11 13 -13 -1
right_child=-2 2 5 -5 -6 -7 -8 8 -10 -11 -12 12 -14 -15
leaf_value=0.00050426700160186185 -0.026102127429069616 0.0051742858782841128 -0.052615300020216943 0.029698945687040252 -0.058665117049394644 0.04282998479338989 0.06742461378430846 -0.10271609467143901 -0.0080089720063665094 -0.040083912426117058 -0.034000217209439472 -0.045019363098048056 0.083132508568755911 0.058456804245869458
leaf_weight=15.872763267718266 2.036384401144459 17.252184620825588 0.53013683843892012 2.3031810002867124 0.92677984014153381 2.3783965329639614 0.27705118060112 0.37231205962598224 0.44620027858763933 0.85789969225879659 1.5590434691985127 2.2461391715332861 0.41612386982887972 0.57963646948337633
leaf_count=366 35 199 31 55 10 51 1 15 31 15 64 57 5 8
internal_value=-0.000229964 0.000914932 0.00658762 0.00322924 2.6796e-05 0.0290852 -0.011414 -0.0055584 -0.0510879 0.00303034 -0.0037558 -0.00128899 -0.0249886 0.002546
internal_weight=48.0542 46.0178 24.5256 21.34 19.0369 3.18558 0.807188 21.4922 0.818512 18.1101 20.6737 19.1147 2.66226 16.4524
internal_count=943 908 362 279 224 83 32 546 46 214 500 436 62 374
is_linear=0
shrinkage=0.05


Tree=239
num_leaves=15
num_cat=0
split_feature=86 165 177 170 94 154 177 124 109 170 73 151 3 136
split_gain=0.633594 0.616712 0.386896 0.450358 0.334551 1.21853 0.758943 0.77486 0.575547 0.559104 0.386901 0.425528 0.36895 0.315811
threshold=1.0000000180025095e-35 1.0000000180025095e-35 1.0000000180025095e-35 1.5000000000000002 1.0000000180025095e-35 1.0000000180025095e-35 1.0000000180025095e-35 1.0000000180025095e-35 1.0000000180025095e-35 1.5000000000000002 1.0000000180025095e-35 1.0000000180025095e-35 1.0000000180025095e-35 1.0000000180025095e-35
decision_type=2 2 2 2 2 2 2 2 2 2 2 2 2 2
left_child=4 2 -2 -4 8 6 7 9 10 -6 13 -12 -13 -1
right_child=1 -3 3 -5 5 -7 -8 -9 -10 -11 11 12 -14 -15
leaf_value=0.001309192456506619 -0.056807372339390309 0.029382528391436954 -0.03114474116307327 0.05345377764374213 -0.067476201217571391 0.050585194227451571 0.037328686846918695 0.022938154192515717 0.039316291376635504 -0.0079996802357300903 0.05807207723056456 0.022357547134210082 -0.022332650466542262 -0.038678643135571011
leaf_weight=38.55742012229166 0.97978279262315415 0.46061683382140461 0.65802372217876837 0.20674225594848394 0.75487957615405299 1.7365592608693985 0.93345713359303761 0.84538777172565449 1.0656272219493974 0.82912698574364185 0.57879527518525664 1.6929864883422854 0.6350732531864195 0.50015944335609575
leaf_count=730 31 31 36 7 18 17 17 6 12 5 12 24 18 16
internal_value=0.00323694 -0.0223705 -0.0352941 -0.0109195 0.00446341 0.0165728 -0.000991062 -0.0157148 0.00302835 -0.036344 0.00210687 0.0197051 0.0101665 0.00079712
internal_weight=50.4346 2.30517 1.84455 0.864766 48.1295 5.09941 3.36285 2.42939 43.0301 1.58401 41.9644 2.90686 2.32806 39.0576
internal_count=980 105 74 43 875 63 46 29 812 23 800 54 42 746
is_linear=0
shrinkage=0.05


Tree=240
num_leaves=15
num_cat=0
split_feature=109 124 67 86 172 153 72 49 162 38 81 72 72 162
split_gain=2.10987 0.921435 0.560752 0.540445 1.20176 0.438773 1.33581 1.21572 0.724944 0.723383 0.492152 2.15687 1.32637 1.22272
threshold=1.0000000180025095e-35 1.0000000180025095e-35 1.0000000180025095e-35 1.0000000180025095e-35 1.5000000000000002 1.0000000180025095e-35 1.0000000180025095e-35 1.0000000180025095e-35 1.5000000000000002 1.0000000180025095e-35 1.0000000180025095e-35 1.0000000180025095e-35 1.0000000180025095e-35 1.5000000000000002
decision_type=2 2 2 2 2 2 2 2 2 2 2 2 2 2
left_child=1 2 3 5 -5 7 9 10 -8 -7 12 13 -1 -12
right_child=-2 -3 -4 4 -6 6 8 -9 -10 -11 11 -13 -14 -15
leaf_value=-0.022984873623233634 0.056945723192027543 0.03325231160453334 -0.053495026112228852 -0.052508145041816959 0.030869864883448596 0.020837567070662553 -0.05493476840087811 0.066996014580615063 0.026000778805456676 -0.047269564737115487 0.021281673223364009 -0.026634347771729561 -0.0013412713329264663 0.12155806622138934
leaf_weight=11.69140120726661 1.4266498954966653 1.5363138131797303 0.61643102485686441 1.5827798778191202 0.59449019274325099 5.9863276031101114 1.1621086897794155 0.55014688370283593 0.36312416952569027 0.4170334544032811 0.78304130164906294 1.6195312719792128 17.940867749857716 0.49691429827362299
leaf_count=291 14 14 10 47 62 142 30 12 18 6 18 15 272 8
internal_value=-0.00292459 -0.00480842 -0.0061433 -0.00546743 -0.0297423 -0.00417867 0.0063856 -0.00671056 -0.0356658 0.0164019 -0.00795702 0.0117032 -0.00988075 0.0602118
internal_weight=46.7672 45.3405 43.8042 43.1878 2.17727 41.0105 7.92859 33.0819 1.52523 6.40336 32.5318 2.89949 29.6323 1.27996
internal_count=959 945 931 921 109 812 196 616 48 148 604 41 563 26
is_linear=0
shrinkage=0.05


Tree=241
num_leaves=15
num_cat=0
split_feature=92 107 176 150 163 173 171 163 162 172 171 170 86 40
split_gain=0.468156 0.428044 0.395243 1.10731 0.716727 0.440117 0.433758 0.454034 0.39751 1.20673 0.614876 0.503862 1.41303 0.46249
threshold=1.0000000180025095e-35 1.0000000180025095e-35 1.0000000180025095e-35 1.0000000180025095e-35 1.0000000180025095e-35 1.0000000180025095e-35 1.5000000000000002 1.0000000180025095e-35 1.0000000180025095e-35 1.0000000180025095e-35 1.0000000180025095e-35 1.0000000180025095e-35 1.0000000180025095e-35 1.0000000180025095e-35
decision_type=2 2 2 2 2 2 2 2 2 2 2 2 2 2
left_child=1 2 5 4 -4 -1 -5 -8 9 -7 -10 12 -11 -12
right_child=-2 -3 3 6 -6 8 7 -9 10 11 13 -13 -14 -15
leaf_value=0.011408359000941205 0.044804493078079745 -0.021543765445867891 -0.058830931076222871 0.021064763490959607 0.0097412562895022366 -0.018634118612118025 -0.053847649202595216 0.026807164938563208 0.014261025927656277 0.025985509987152683 -0.020517452993229403 0.0043714113740381455 0.13391526713601135 0.016033055293403844
leaf_weight=27.75874151440803 0.76384750008582969 1.435275136725976 1.2705986108048808 2.4062113176332791 0.54430654179304827 2.0009293967159456 0.45299917605007056 0.28380733015364967 2.6648232665611413 1.6129342517815533 5.1985644755186513 1.1226700698025522 0.37347454810515035 1.0383444215694906
leaf_count=390 16 25 40 38 14 49 32 40 46 47 132 12 5 61
internal_value=0.00596752 0.00535159 0.00617769 -0.00716971 -0.0382655 0.00776195 0.0107863 -0.0227806 0.000538021 0.0116534 -0.00584272 0.0311457 0.0462779 -0.0144324
internal_weight=48.9275 48.1637 46.7284 4.95792 1.81491 41.7705 3.14302 0.736807 14.0117 5.11001 8.90173 3.10908 1.98641 6.23691
internal_count=947 931 906 164 54 742 110 72 352 113 239 64 52 193
is_linear=0
shrinkage=0.05


Tree=242
num_leaves=15
num_cat=0
split_feature=62 109 170 171 49 67 81 165 16 173 72 150 106 151
split_gain=0.839845 0.73355 0.594665 0.523911 0.382789 0.316784 0.274183 0.608451 0.339243 0.292808 0.928484 0.769903 1.40591 0.768785
threshold=1.0000000180025095e-35 1.0000000180025095e-35 3.5000000000000004 1.0000000180025095e-35 1.0000000180025095e-35 1.0000000180025095e-35 1.0000000180025095e-35 1.0000000180025095e-35 1.0000000180025095e-35 1.0000000180025095e-35 1.0000000180025095e-35 1.0000000180025095e-35 1.0000000180025095e-35 1.0000000180025095e-35
decision_type=2 2 2 2 2 2 2 2 2 2 2 2 2 2
left_child=1 2 3 -1 5 6 8 -8 -5 10 -10 13 -13 -12
right_child=-2 -3 -4 4 -6 -7 7 -9 9 -11 11 12 -14 -15
leaf_value=0.0081938029796872862 0.055342675681525802 0.037046437840238519 -0.04460353766665482 -0.040330748911565628 -0.043730580835312012 -0.043969766935984256 -0.011920227519458671 0.055741532182812636 -0.040125157804925683 0.0051130573915155958 0.048038527709197004 -0.058152930264687909 0.00075668776142525415 -0.0053131866207780445
leaf_weight=22.723995789769106 0.78130100597627361 1.5427530952729274 0.67423880333080788 0.55960277188570628 0.54455238149966945 0.428494808729737 0.67313161143101641 0.65612930856877938 1.7340455993544299 10.615250270871911 1.4001855843234807 1.2102405257755888 6.2082803542725742 1.304124116897583
leaf_count=331 11 12 14 21 15 8 20 11 58 356 17 35 53 14
internal_value=0.00390141 0.00310198 0.00202738 0.00268159 -0.00226272 -0.00135179 -0.000602168 0.0214779 -0.00187651 -0.000918915 -0.00631923 -0.000528262 -0.00885369 0.0223102
internal_weight=51.0563 50.275 48.7323 48.058 25.334 24.7895 24.361 1.32926 23.0317 22.4721 11.8569 10.1228 7.41852 2.70431
internal_count=976 965 953 939 608 593 585 31 554 533 177 119 88 31
is_linear=0
shrinkage=0.05


Tree=243
num_leaves=15
num_cat=0
split_feature=132 53 171 162 172 177 158 170 73 162 172 3 67 62
split_gain=1.10099 0.604604 0.59293 0.551116 1.21756 0.990671 0.543618 0.438978 0.236832 0.321421 0.368907 0.304195 0.242847 0.244154
threshold=1.0000000180025095e-35 1.0000000180025095e-35 1.0000000180025095e-35 1.5000000000000002 1.0000000180025095e-35 1.0000000180025095e-35 1.0000000180025095e-35 4.5000000000000009 1.0000000180025095e-35 1.0000000180025095e-35 1.5000000000000002 1.0000000180025095e-35 1.0000000180025095e-35 1.0000000180025095e-35
decision_type=2 2 2 2 2 2 2 2 2 2 2 2 2 2
left_child=1 3 -3 8 -5 -6 -2 -7 12 10 -10 -11 13 -1
right_child=6 2 -4 4 5 7 -8 -9 9 11 -12 -13 -14 -15
leaf_value=0.0027896797319537777 -0.057577461369865773 0.015846413959235511 -0.057657658373558796 0.06467028194874537 -0.050610961847379454 0.037886140267637002 -0.0012549969512280126 -0.046083990998165264 0.044714108619989562 -0.042565860153847293 0.0041446005478380883 0.040014160994942552 0.035199249357390917 0.03328799179638247
leaf_weight=39.098266927496297 1.0568770607933391 0.4385327398776997 0.73286024399567395 1.2535476456396275 0.62126863840967383 1.1160366071271708 0.72047686879523087 0.18086861167103063 1.2779551632702348 0.35602416098117817 0.99789664242416609 0.16237892094068229 0.60578734800219436 0.66742658987641235
leaf_count=737 11 9 19 23 10 83 14 3 10 23 16 8 4 5
internal_value=0.0038904 0.00533583 -0.03014 0.00623265 0.0263489 0.0013055 -0.0347463 0.0261755 0.00475455 0.018832 0.0269255 -0.0166994 0.0037802 0.00330156
internal_weight=49.2862 47.5089 1.17139 46.3375 3.17172 1.91817 1.77735 1.29691 43.1657 2.79425 2.27585 0.518403 40.3715 39.7657
internal_count=975 950 28 922 119 96 25 86 803 57 26 31 746 742
is_linear=0
shrinkage=0.05


Tree=244
num_leaves=15
num_cat=0
split_feature=48 19 40 29 154 162 154 163 3 6 72 171 153 167
split_gain=0.79352 0.568713 0.421341 0.422451 0.520517 0.548615 0.387451 0.811951 0.747254 0.74414 0.278431 0.248623 0.651522 0.302012
threshold=1.0000000180025095e-35 1.0000000180025095e-35 1.0000000180025095e-35 1.0000000180025095e-35 1.0000000180025095e-35 1.5000000000000002 1.0000000180025095e-35 1.0000000180025095e-35 1.0000000180025095e-35 1.0000000180025095e-35 1.0000000180025095e-35 2.5000000000000004 1.0000000180025095e-35 1.0000000180025095e-35
decision_type=2 2 2 2 2 2 2 2 2 2 2 2 2 2
left_child=1 2 6 4 -4 -6 11 8 -8 -9 -11 -1 -13 -14
right_child=-2 -3 3 -5 5 -7 7 9 -10 10 -12 12 13 -15
leaf_value=0.0044117165550249639 -0.038054257849057659 -0.031843280411041029 -0.049495722738591076 0.050660254602838184 0.029073289741289733 -0.062304662869267474 -0.059827339596581798 0.040498269352879881 0.016243048726434166 -0.045256417277162314 0.0018195118830884546 -0.043651478799085625 0.017680216900933965 0.060404999102310931
leaf_weight=39.842116221087053 1.266492842696606 1.2085987603059027 1.0630554540257429 0.19624315996770736 0.58886982541298483 0.22779894061386585 1.1528934643138193 0.99228202342055749 0.44838983367662866 0.52122354414314032 0.79039265704341233 0.31752887507900518 1.0684681471611837 0.6748819275526331
leaf_count=527 11 11 92 34 31 4 80 41 17 11 20 23 47 16
internal_value=0.00102233 0.00203042 0.0028854 -0.0191465 -0.0264343 0.00358462 0.00388385 -0.011179 -0.0385262 0.00782809 -0.016888 0.00528765 0.0222218 0.0342197
internal_weight=50.3592 49.0927 47.8841 2.07597 1.87972 0.816669 45.8082 3.90518 1.60128 2.3039 1.31162 41.903 2.06088 1.74335
internal_count=965 954 943 161 127 35 782 169 97 72 31 613 86 63
is_linear=0
shrinkage=0.05


Tree=245
num_leaves=15
num_cat=0
split_feature=23 132 162 153 107 94 3 164 111 172 72 167 165 151
split_gain=0.692585 0.669197 0.708636 1.15135 0.951853 0.904344 0.711855 0.642242 0.610781 0.833459 0.949104 0.744683 0.519339 0.50476
threshold=1.0000000180025095e-35 1.0000000180025095e-35 1.0000000180025095e-35 1.0000000180025095e-35 1.0000000180025095e-35 1.0000000180025095e-35 1.0000000180025095e-35 1.0000000180025095e-35 1.0000000180025095e-35 1.0000000180025095e-35 1.0000000180025095e-35 1.0000000180025095e-35 1.0000000180025095e-35 1.0000000180025095e-35
decision_type=2 2 2 2 2 2 2 2 2 2 2 2 2 2
left_child=1 2 3 5 7 8 13 -4 9 10 -1 -12 -9 -5
right_child=-2 -3 4 6 -6 -7 -8 12 -10 -11 11 -13 -14 -15
leaf_value=-0.019691789660676827 -0.037387217743231768 -0.039356383366980968 0.0083153862338386075 -0.01818147918990937 -0.055047877552831692 -0.066500030937759885 0.034742284478621981 -0.048711007701907505 0.015773933101076016 -0.030360407335863055 -0.0053516128667279242 0.039138840819136038 0.015804774528055721 0.024675473776036915
leaf_weight=5.5720604781527125 1.6051091003173485 1.2966313152573992 18.410184635897174 1.9842964150011531 0.66341640707105298 0.81022501923143764 2.0594424000009894 0.92221513600088545 1.7249244097620255 5.899560329504312 2.3549877014011145 1.5659584086388352 0.47136761312140152 1.0509057100862265
leaf_count=122 149 17 351 40 12 10 17 43 16 79 21 24 23 12
internal_value=-0.00511654 -0.00395997 -0.00290464 -0.00892251 0.00386453 -0.0148832 0.0120526 0.00583806 -0.01244 -0.0156017 -0.00642968 0.0124171 -0.0268891 -0.00334273
internal_weight=46.3913 44.7862 43.4895 23.0224 20.4672 17.9277 5.09464 19.8038 17.1175 15.3926 9.49301 3.92095 1.39358 3.0352
internal_count=936 787 770 341 429 272 69 417 262 246 167 45 66 52
is_linear=0
shrinkage=0.05


Tree=246
num_leaves=15
num_cat=0
split_feature=52 86 23 94 163 173 94 171 148 172 171 3 176 107
split_gain=0.783143 0.52466 0.618142 0.940373 0.985752 0.543937 0.426251 0.360822 0.348202 0.541921 0.285784 0.441139 0.590708 0.320932
threshold=1.0000000180025095e-35 1.0000000180025095e-35 1.0000000180025095e-35 1.0000000180025095e-35 1.0000000180025095e-35 1.5000000000000002 1.0000000180025095e-35 3.5000000000000004 1.0000000180025095e-35 1.5000000000000002 2.5000000000000004 1.0000000180025095e-35 1.0000000180025095e-35 1.0000000180025095e-35
decision_type=2 2 2 2 2 2 2 2 2 2 2 2 2 2
left_child=1 2 8 4 7 -3 -2 -4 10 -10 13 12 -12 -1
right_child=6 5 3 -5 -6 -7 -8 -9 9 -11 11 -13 -14 -15
leaf_value=0.0016930232763879849 -0.059890425006474228 0.033141827574744064 -0.052063586493208872 0.095128593230253342 0.055165410681057771 -0.032512944271333798 -0.0075276283778403759 0.034685195309698422 -0.046426392336625481 0.0056767243002083878 0.039069982132056424 -0.047760130631327766 -0.037171593875331137 -0.026026673058698737
leaf_weight=38.599452309776098 0.80353624047711381 2.1696760719642039 0.5295421995979257 0.4160161199979483 0.60519172216299921 0.36914149037329469 0.75272692926228046 0.15494170691817999 1.0351169672794629 0.96365814888849843 0.52586135745514073 0.77906826086109493 0.49152154178591445 1.0732146948575962
leaf_count=607 18 74 63 6 31 36 4 3 16 15 15 30 35 16
internal_value=0.000340528 0.00147902 0.000236036 0.0297621 0.00867657 0.0235957 -0.0345638 -0.0324269 -0.000922575 -0.0213062 5.9898e-05 -0.0194459 0.00223589 0.000943157
internal_weight=49.2687 47.7124 45.1736 1.70569 1.28968 2.53882 1.55626 0.684484 43.4679 1.99878 41.4691 1.79645 1.01738 39.6727
internal_count=969 947 837 103 97 110 22 66 734 31 703 80 50 623
is_linear=0
shrinkage=0.05


Tree=247
num_leaves=15
num_cat=0
split_feature=67 171 19 94 151 163 49 171 62 173 3 163 151 151
split_gain=0.586701 0.584932 0.67146 0.530613 0.527765 0.669292 0.444438 0.339392 0.545659 0.465341 0.87367 1.20086 0.831275 0.546951
threshold=1.0000000180025095e-35 1.0000000180025095e-35 1.0000000180025095e-35 1.0000000180025095e-35 1.0000000180025095e-35 1.0000000180025095e-35 1.0000000180025095e-35 2.5000000000000004 1.0000000180025095e-35 1.0000000180025095e-35 1.0000000180025095e-35 1.0000000180025095e-35 1.0000000180025095e-35 1.0000000180025095e-35
decision_type=2 2 2 2 2 2 2 2 2 2 2 2 2 2
left_child=1 2 3 4 -1 -6 7 8 9 -3 13 12 -12 -11
right_child=-2 6 -4 -5 5 -7 -8 -9 -10 10 11 -13 -14 -15
leaf_value=-0.0047995861493079382 -0.046055475045948487 0.0032137462767646446 0.041213459935956841 0.019947960841857779 -0.045954046507530689 0.0090453266927662014 -0.041157767824285804 -0.007468854700518392 0.058134723122396592 -0.018267337083744437 0.081269416613896195 0.0039891637706884059 0.021681850602232079 0.016029779345632374
leaf_weight=15.417385732172997 0.63111168472096224 14.361153700621809 0.79274731874465842 1.8289556335657824 1.8083893265575164 0.79690019623376418 0.46721148997312312 3.1307613303360986 0.57538407575338979 1.8467117559048345 1.4517076052725317 1.8740613338304681 0.98067965637892474 3.1372440436389297
leaf_count=272 11 182 3 19 20 16 14 183 10 86 20 25 9 103
internal_value=0.00184238 0.00246605 -0.00391079 -0.00571277 -0.00831684 -0.029131 0.00719727 0.00802307 0.010025 0.00885465 0.0175744 0.0340694 0.0572452 0.00332162
internal_weight=49.1004 48.4693 20.6444 19.8516 18.0227 2.60529 27.8249 27.3577 24.2269 23.6516 9.2904 4.30645 2.43239 4.98396
internal_count=973 962 330 327 308 36 632 618 435 425 243 54 29 189
is_linear=0
shrinkage=0.05


Tree=248
num_leaves=15
num_cat=0
split_feature=40 29 92 38 16 26 112 73 162 151 165 86 170 154
split_gain=0.559487 0.697129 0.513746 0.409422 0.586793 0.422514 0.560052 0.495332 0.271309 0.694106 0.571075 1.14935 1.00101 0.476658
threshold=1.0000000180025095e-35 1.0000000180025095e-35 1.0000000180025095e-35 1.0000000180025095e-35 1.0000000180025095e-35 1.0000000180025095e-35 1.0000000180025095e-35 1.0000000180025095e-35 1.0000000180025095e-35 1.0000000180025095e-35 1.0000000180025095e-35 1.0000000180025095e-35 1.0000000180025095e-35 1.0000000180025095e-35
decision_type=2 2 2 2 2 2 2 2 2 2 2 2 2 2
left_child=3 2 -2 4 -1 7 8 -6 9 -7 11 13 -13 -10
right_child=1 -3 -4 -5 5 6 -8 -9 10 -11 -12 12 -14 -15
leaf_value=0.025078041079656638 -0.051971014882873368 0.050758040304366328 0.012657905650625197 -0.03512858552420469 -0.005253065346571436 -0.052813345892941545 0.074414744539881686 0.017162469508525218 0.059514464818585668 0.0067046969664043797 -0.012597417172880265 -0.10014086241498231 0.048303899685618559 -0.0085652244771608262
leaf_weight=2.2177408686839035 1.4252866075839841 0.25170896505005647 0.39208073541522015 0.84500571293756266 32.764614641433582 0.58467254240531419 0.31868964433670033 2.6650166171602896 1.5611526385182517 3.0206286443280987 1.1266526076942684 0.27671266178367648 0.19262061611516401 0.30779667809838418
leaf_count=21 122 38 4 14 481 38 1 31 37 67 49 25 6 33
internal_value=-0.00179379 -0.0272268 -0.0380279 -0.000646855 1.17279e-07 -0.00129877 0.00957718 -0.00356697 0.00665464 -0.00294736 0.0166456 0.0307358 -0.0392172 0.0483024
internal_weight=47.9504 2.06908 1.81737 45.8813 45.0363 42.8186 7.38893 35.4296 7.07024 3.6053 3.46494 2.33828 0.469333 1.86895
internal_count=967 164 126 803 789 768 256 512 255 105 150 101 31 70
is_linear=0
shrinkage=0.05


Tree=249
num_leaves=15
num_cat=0
split_feature=151 81 162 19 81 165 172 176 40 11 162 29 6 162
split_gain=0.689138 0.845668 1.06059 0.520705 0.476793 0.448161 0.842286 0.744488 1.00873 0.699401 0.585222 0.589982 0.56447 0.951048
threshold=1.0000000180025095e-35 1.0000000180025095e-35 1.5000000000000002 1.0000000180025095e-35 1.0000000180025095e-35 1.0000000180025095e-35 1.0000000180025095e-35 1.0000000180025095e-35 1.0000000180025095e-35 1.0000000180025095e-35 1.5000000000000002 1.0000000180025095e-35 1.0000000180025095e-35 1.0000000180025095e-35
decision_type=2 2 2 2 2 2 2 2 2 2 2 2 2 2
left_child=1 3 -3 5 -2 6 10 8 -7 -8 11 12 13 -1
right_child=4 2 -4 -5 -6 7 9 -9 -10 -11 -12 -13 -14 -15
leaf_value=0.015125956092042947 -0.0030478321257732528 -0.034435966910473952 0.026674585066792319 0.049828698068405369 0.023986854356561924 -0.00044145468799005217 -0.049564711739656452 0.089896390705516832 0.082456470427589482 0.022660652826616397 -0.032685649473711921 0.039381577424537358 0.051013030692046206 -0.017708806730475903
leaf_weight=11.647061615949513 22.202158384927319 2.0805329710710789 1.0777949793264268 0.971827682107686 1.7601979233440932 1.5346641715150324 1.0209811020176847 0.45960295503027726 0.4822935452684759 0.4990112434606998 0.67739774263463814 2.1225782447727388 0.84271976072341281 2.7204428971163006
leaf_count=189 420 26 16 7 20 35 53 8 8 15 17 56 6 73
internal_value=0.00506254 0.0106775 -0.0135817 0.0140118 -0.00106195 0.0124301 0.00988927 0.0324674 0.019381 -0.0258532 0.0129058 0.0146876 0.0112416 0.00890879
internal_weight=50.0993 26.1369 3.15833 22.9786 23.9624 22.0068 19.5302 2.47656 2.01696 1.51999 18.0102 17.3328 15.2102 14.3675
internal_count=949 509 42 467 440 460 409 51 43 68 341 324 268 262
is_linear=0
shrinkage=0.05


Tree=250
num_leaves=15
num_cat=0
split_feature=170 163 48 21 16 26 166 172 48 38 167 170 106 172
split_gain=0.788316 1.01009 0.873869 0.845026 0.664312 0.414698 0.351112 0.295884 0.256227 0.255879 0.33035 0.461511 0.225477 0.325568
threshold=3.5000000000000004 1.0000000180025095e-35 1.0000000180025095e-35 1.0000000180025095e-35 1.0000000180025095e-35 1.0000000180025095e-35 1.0000000180025095e-35 1.0000000180025095e-35 1.0000000180025095e-35 1.0000000180025095e-35 1.0000000180025095e-35 1.0000000180025095e-35 1.0000000180025095e-35 1.5000000000000002
decision_type=2 2 2 2 2 2 2 2 2 2 2 2 2 2
left_child=1 8 3 4 -3 -5 7 -6 12 10 11 -7 13 -1
right_child=-2 2 -4 5 6 9 -8 -9 -10 -11 -12 -13 -14 -15
leaf_value=-0.00045353641070710883 -0.057016543591360914 -0.013103424635612988 -0.063742535121245156 -0.050982490714620035 0.020694018427239547 -0.012025418850282953 0.079114012072777504 0.042681576574667451 0.022565934751364255 -0.0478491234013073 0.053580238487405021 0.052433379069489763 0.0074905534814894981 -0.014125642732752056
leaf_weight=23.777143268787771 0.54295876622199912 0.8435284234583359 0.32240620302036482 0.39921763539314303 3.2437176427338255 1.4174296029086697 0.40531118208309624 2.8961740839295089 1.1815378889441479 0.21463195281103242 0.35322349134366948 0.345345182227902 6.2778442278504363 5.3303443358745417
leaf_count=500 9 10 5 3 67 88 6 83 5 12 34 15 34 99
internal_value=0.00288569 0.00357758 0.0172939 0.019876 0.0286587 -0.00389576 0.0340409 0.0310655 -0.000338867 0.00416981 0.00944624 0.000602703 -0.00110367 -0.00295726
internal_weight=47.5508 47.0079 10.441 10.1186 7.38873 2.72985 6.5452 6.13989 36.5669 2.33063 2.116 1.76277 35.3853 29.1075
internal_count=970 961 323 318 166 152 156 150 638 149 137 103 633 599
is_linear=0
shrinkage=0.05


Tree=251
num_leaves=15
num_cat=0
split_feature=23 29 48 162 172 167 29 154 92 73 173 3 172 153
split_gain=0.797252 1.08319 0.381512 0.348823 0.714444 1.38802 0.815278 0.84201 0.513459 0.295163 0.376552 0.465212 0.6536 1.01131
threshold=1.0000000180025095e-35 1.0000000180025095e-35 1.0000000180025095e-35 1.5000000000000002 1.0000000180025095e-35 1.0000000180025095e-35 1.0000000180025095e-35 1.0000000180025095e-35 1.0000000180025095e-35 1.0000000180025095e-35 1.0000000180025095e-35 1.0000000180025095e-35 1.5000000000000002 1.0000000180025095e-35
decision_type=2 2 2 2 2 2 2 2 2 2 2 2 2 2
left_child=2 -2 3 8 5 -5 -6 -8 9 10 -1 12 13 -12
right_child=1 -3 -4 4 6 -7 7 -9 -10 -11 11 -13 -14 -15
leaf_value=0.0012308548325682561 -0.05935324604486656 0.050309611763898449 -0.025829485650956524 0.09215172763245115 -0.028134476403319966 -0.01135401535208517 0.05289268226719062 -0.047186311520024844 0.044289959828423431 0.014668922165621543 -0.045002753692286269 -0.022811093960783874 0.040905979322958155 0.0038886494914855312
leaf_weight=28.678242451918777 1.1327972191502329 0.28104315060772922 1.3340526204556216 0.72187847085297041 1.2556540647055954 0.58750028070062399 0.90806910890387371 0.2734623986762017 0.64513703319243987 2.9271789703052482 1.3697056453092935 4.1695669681648724 0.79819997557206068 4.64321639057016
leaf_count=389 77 70 10 16 21 7 51 5 10 56 66 78 13 102
internal_value=-0.000545758 -0.0375545 0.000537297 0.00128605 0.0159216 0.0457101 -8.23248e-05 0.0297297 1.76837e-05 -0.000652997 -0.00178389 -0.00965749 -0.00160525 -0.0072485
internal_weight=49.7257 1.41384 48.3119 46.9778 3.74656 1.30938 2.43719 1.18153 43.2312 42.5861 39.6589 10.9807 6.81112 6.01292
internal_count=971 147 824 814 100 23 77 56 714 704 648 259 181 168
is_linear=0
shrinkage=0.05


Tree=252
num_leaves=15
num_cat=0
split_feature=52 48 111 162 67 153 16 81 72 72 86 40 162 173
split_gain=2.1498 0.525421 0.366384 0.387318 0.495348 0.516137 0.95006 0.704184 0.659973 0.511414 0.470225 0.497931 0.460749 0.423193
threshold=1.0000000180025095e-35 1.0000000180025095e-35 1.0000000180025095e-35 1.5000000000000002 1.0000000180025095e-35 1.0000000180025095e-35 1.0000000180025095e-35 1.0000000180025095e-35 1.0000000180025095e-35 1.0000000180025095e-35 1.0000000180025095e-35 1.0000000180025095e-35 1.0000000180025095e-35 1.0000000180025095e-35
decision_type=2 2 2 2 2 2 2 2 2 2 2 2 2 2
left_child=1 2 3 4 5 7 -7 9 10 13 11 -8 -12 -1
right_child=-2 -3 -4 -5 -6 6 8 -9 -10 -11 12 -13 -14 -15
leaf_value=-0.01035305346096852 -0.076028039111012677 -0.034006928728643707 0.021934906638665871 0.014730666503703178 0.043095088491446901 -0.063730844071798326 0.027119764507234936 -0.0493637037074659 -0.015130559695635502 -0.00067485150102736594 0.0081513494386395626 -0.022701337336552475 -0.054607626484883709 -0.037350154462350946
leaf_weight=9.4318055380135828 1.0105453636497248 1.2694446686655272 1.6230554210487742 3.1050412342883638 0.5595916323363771 0.47215137584134836 5.3253202359192056 0.97891241451725264 2.1937657484668307 16.677311750070658 1.0512985680252311 0.55365332576911885 0.40515800460707385 1.7156351491285011
leaf_count=194 18 10 17 121 4 11 79 22 48 249 11 41 38 94
internal_value=-0.00389958 -0.00229275 -0.00137969 -0.0022707 -0.00361175 -0.00428529 0.00550066 -0.00768321 0.00893094 -0.00621684 0.0161269 0.0224279 -0.00930698 -0.014508
internal_weight=46.3727 45.3621 44.0927 42.4696 39.3646 38.805 10.0013 28.8037 9.5292 27.8248 7.33543 5.87897 1.45646 11.1474
internal_count=957 939 929 912 791 787 228 559 217 537 169 120 49 288
is_linear=0
shrinkage=0.05


Tree=253
num_leaves=15
num_cat=0
split_feature=81 154 151 72 172 107 133 53 170 49 3 167 165 148
split_gain=0.761782 1.12791 1.46433 1.93372 0.448319 0.64063 0.629341 0.549934 0.479862 0.447359 0.5687 0.438133 0.383589 0.493998
threshold=1.0000000180025095e-35 1.0000000180025095e-35 1.0000000180025095e-35 1.0000000180025095e-35 1.5000000000000002 1.0000000180025095e-35 1.0000000180025095e-35 1.0000000180025095e-35 1.0000000180025095e-35 1.0000000180025095e-35 1.0000000180025095e-35 1.0000000180025095e-35 1.0000000180025095e-35 1.0000000180025095e-35
decision_type=2 2 2 2 2 2 2 2 2 2 2 2 2 2
left_child=4 2 3 -2 5 6 7 9 12 10 11 -1 13 -6
right_child=1 -3 -4 -5 8 -7 -8 -9 -10 -11 -12 -13 -14 -15
leaf_value=0.00099957081161081173 0.04740963960540287 0.071244072005887046 0.052564928683980522 -0.047845741656124534 -0.0070740267021860903 -0.038141670570969462 -0.042015171185257327 -0.039995826786446712 0.011877535341498244 0.05094582959279273 0.029877585966051712 0.016186065208810385 -0.016531390297664709 0.0462685682331615
leaf_weight=20.782304441760079 0.82727742544375282 0.93981354893185187 1.2857249620719815 1.4966955306008458 1.6857618658686964 0.86935682641342182 0.68524461425840755 0.62464768486097355 2.753884734469465 0.57855064928298716 2.3985155420377842 6.156170885951723 8.3076028882933315 0.58452158980071534
leaf_count=454 14 18 10 19 52 12 8 13 43 10 49 121 138 5
internal_value=0.00294671 0.0224531 0.00974997 -0.0139372 0.00099313 0.0041945 0.00537319 0.00643647 -0.00671381 0.00740599 0.00654735 0.0044701 -0.011554 0.0066599
internal_weight=49.9761 4.54951 3.6097 2.32397 45.4266 32.0948 31.2254 30.5402 13.3318 29.9155 29.337 26.9385 10.5779 2.27028
internal_count=966 61 43 33 905 667 655 647 238 634 624 575 195 57
is_linear=0
shrinkage=0.05


Tree=254
num_leaves=15
num_cat=0
split_feature=107 154 94 162 48 94 6 167 176 150 162 171 163 163
split_gain=0.377076 0.417836 1.3617 0.749493 0.667414 0.560548 1.19204 0.645887 0.597261 1.35982 0.647609 0.554104 0.478197 0.427561
threshold=1.0000000180025095e-35 1.0000000180025095e-35 1.0000000180025095e-35 1.0000000180025095e-35 1.0000000180025095e-35 1.0000000180025095e-35 1.0000000180025095e-35 1.0000000180025095e-35 1.0000000180025095e-35 1.0000000180025095e-35 1.0000000180025095e-35 1.0000000180025095e-35 1.0000000180025095e-35 1.0000000180025095e-35
decision_type=2 2 2 2 2 2 2 2 2 2 2 2 2 2
left_child=1 4 3 -3 5 8 7 12 -1 -10 -11 -5 -7 -13
right_child=-2 2 -4 11 -6 6 -8 -9 9 10 -12 13 -14 -15
leaf_value=0.0065201900661027408 -0.023100645563657127 -0.051735600918847574 0.057079181659894132 0.028669275951286311 -0.052505876804499564 -0.059274530762142591 -0.068899727485553786 0.025019451244855787 -0.055287285902474448 0.024802336037113942 -0.03004735911146211 -0.052010659101187996 -0.0010373404428066324 0.0073966163870288317
leaf_weight=34.115916020818986 1.3667956325225521 0.57819521601777468 1.5004091372247783 1.756608594558202 0.55632408708333869 0.56610045058187053 0.82676051394082595 1.3119665355188772 1.3238702559610822 1.6999837029725315 0.78741906583309162 0.47762980515835785 0.93414736341219395 0.82777579640969634
leaf_count=546 23 61 14 23 6 13 20 13 38 21 61 49 16 41
internal_value=0.00278997 0.00353869 0.0169961 0.000474785 0.00189636 0.00262448 -0.0161208 -0.000604394 0.00442302 -0.0143494 0.00743897 0.0103336 -0.0230124 -0.0143397
internal_weight=48.6299 47.2631 5.14062 3.64021 42.1225 41.5662 3.63897 2.81221 37.9272 3.81127 2.4874 3.06201 1.50025 1.30541
internal_count=945 922 188 174 734 728 62 42 666 120 82 113 29 90
is_linear=0
shrinkage=0.05


Tree=255
num_leaves=15
num_cat=0
split_feature=19 94 52 170 86 173 26 16 173 176 49 6 172 67
split_gain=1.50194 1.03242 1.12691 0.86299 0.845953 0.838645 0.591677 0.373176 0.783149 0.44454 0.335487 0.468909 1.01336 0.805147
threshold=1.0000000180025095e-35 1.0000000180025095e-35 1.0000000180025095e-35 3.5000000000000004 1.0000000180025095e-35 1.5000000000000002 1.0000000180025095e-35 1.0000000180025095e-35 1.0000000180025095e-35 1.0000000180025095e-35 1.0000000180025095e-35 1.0000000180025095e-35 1.0000000180025095e-35 1.0000000180025095e-35
decision_type=2 2 2 2 2 2 2 2 2 2 2 2 2 2
left_child=1 2 4 6 7 -6 -3 8 -1 10 11 13 -13 -9
right_child=-2 3 -4 -5 5 -7 -8 9 -10 -11 -12 12 -14 -15
leaf_value=0.046619809090419462 -0.059438759856889338 0.050073318621307761 -0.062671230771572703 -0.02516919163241986 0.052544884978536238 -0.044991898623173099 0.008103137962734857 -0.010398367000995596 -0.016458101504909377 0.013404489643459874 0.03208005928336119 0.057285933656328981 -0.00023554143619672569 0.052605836386233173
leaf_weight=1.1933850562199944 0.99999445350840588 2.3836456779390565 0.70314993057399888 0.70304109528660763 1.3514950169483189 0.26332433582865622 1.2964712999528276 19.745427692891102 0.83733446319820348 4.4796148011664618 0.65450167376547952 0.81893858313560208 11.772406199888792 0.52044529467821021
leaf_count=11 11 26 16 13 47 30 30 444 15 121 6 5 169 3
internal_value=0.00119283 0.0024905 9.91094e-05 0.0255906 0.00115915 0.0366398 0.0352876 -0.000272428 0.0206106 -0.00138867 -0.00336612 -0.00407219 0.00350564 -0.00878036
internal_weight=47.7232 46.7232 42.34 4.38316 41.6369 1.61482 3.68012 40.0221 2.03072 37.9913 33.5117 32.8572 12.5913 20.2659
internal_count=947 936 867 69 851 77 56 774 26 748 627 621 174 447
is_linear=0
shrinkage=0.05


Tree=256
num_leaves=15
num_cat=0
split_feature=162 153 171 124 29 112 154 125 170 48 62 162 176 29
split_gain=0.600618 0.700699 0.715817 0.579869 0.547266 0.459457 0.456245 0.605695 0.395786 0.416507 0.300806 0.224896 0.383476 0.710108
threshold=1.5000000000000002 1.0000000180025095e-35 1.0000000180025095e-35 1.0000000180025095e-35 1.0000000180025095e-35 1.0000000180025095e-35 1.0000000180025095e-35 1.0000000180025095e-35 1.5000000000000002 1.0000000180025095e-35 1.0000000180025095e-35 1.0000000180025095e-35 1.0000000180025095e-35 1.0000000180025095e-35
decision_type=2 2 2 2 2 2 2 2 2 2 2 2 2 2
left_child=3 2 -2 5 -3 8 7 -4 9 10 11 -1 -13 -14
right_child=1 4 6 -5 -6 -7 -8 -9 -10 -11 -12 12 13 -15
leaf_value=0.005064019425197297 -0.065477894687293314 -0.014382365381656085 0.047674394301926458 -0.028155383189215094 0.051230580489503123 -0.035170419782334941 -0.046101460576668252 -0.045626026082081932 0.029565761615716765 0.033972970696516135 0.036401649866473054 3.7522609511149693e-05 -0.053551260351803347 0.016124837405123788
leaf_weight=24.96779030514881 1.0488214343786233 0.84170515183359407 0.49398484965786316 1.4648071252740908 0.51058756644488312 0.74226069543510576 0.51483858178835362 0.26850021723657846 1.5197759554721404 1.0973893702030171 0.65324707143008609 12.891014205000825 0.93780713452724807 0.59939804661553353
leaf_count=350 14 17 20 15 55 38 22 8 17 5 5 303 58 32
internal_value=0.00119366 -0.0182299 -0.0348687 0.00278587 0.0103912 0.00382997 -0.00973518 0.0148197 0.00450846 0.00358295 0.00275023 0.00219224 -0.00277732 -0.0263827
internal_weight=48.5519 3.67844 2.32615 44.8735 1.35229 43.4087 1.27732 0.762485 42.6664 41.1466 40.0493 39.396 14.4282 1.53721
internal_count=959 136 64 823 72 808 50 28 770 753 748 743 393 90
is_linear=0
shrinkage=0.05


Tree=257
num_leaves=15
num_cat=0
split_feature=73 163 172 170 158 177 94 52 49 150 163 29 163 170
split_gain=2.2439 1.03687 0.732185 0.804979 0.659625 0.795526 0.542299 0.803068 0.469261 0.465394 0.601805 0.459145 0.422775 0.55829
threshold=1.0000000180025095e-35 1.0000000180025095e-35 1.0000000180025095e-35 1.0000000180025095e-35 1.0000000180025095e-35 1.0000000180025095e-35 1.0000000180025095e-35 1.0000000180025095e-35 1.0000000180025095e-35 1.0000000180025095e-35 1.0000000180025095e-35 1.0000000180025095e-35 1.0000000180025095e-35 1.5000000000000002
decision_type=2 2 2 2 2 2 2 2 2 2 2 2 2 2
left_child=2 -2 3 -1 5 -5 7 8 9 10 -4 -12 13 -8
right_child=1 -3 6 4 -6 -7 12 -9 -10 -11 11 -13 -14 -15
leaf_value=0.011889068519056733 -0.065574705439255768 0.02349277775008957 -0.030940624234731262 -0.064430822469712823 0.02272298164593814 -0.0054005636908946338 0.037601793674070946 -0.062268631307344384 0.033075305050500596 -0.0027796847840323804 0.044975561283690693 -0.010166378872123058 -0.011541916961257665 -0.0068604353798686251
leaf_weight=17.218965794541877 1.8923169283661985 0.3949583249632268 4.041983962320967 0.94379016454331544 0.8426167785655706 1.4439860247075558 1.9212763318791979 0.67202619882300396 0.71493956912308831 13.146839799417648 0.4710727632045747 1.9006458056392148 1.451439283962827 1.1161940896417943
leaf_count=340 45 23 112 21 8 11 15 11 12 261 7 59 33 11
internal_value=-0.00186121 -0.0501949 0.000548086 0.00759225 -0.0153111 -0.0287328 -0.005115 -0.00849461 -0.00671228 -0.00816652 -0.0192085 0.00078596 0.0106559 0.021263
internal_weight=48.1731 2.28728 45.8858 20.4494 3.23039 2.38778 25.4364 20.9475 20.2755 19.5605 6.4137 2.37172 4.48891 3.03747
internal_count=969 68 901 380 40 32 521 462 451 439 178 66 59 26
is_linear=0
shrinkage=0.05


Tree=258
num_leaves=15
num_cat=0
split_feature=132 162 124 153 172 6 124 165 168 26 112 150 106 133
split_gain=1.60041 1.14172 0.971649 1.2797 0.787381 0.799718 0.682107 0.532888 0.450242 0.662869 0.914443 0.320665 0.383894 0.308508
threshold=1.0000000180025095e-35 1.0000000180025095e-35 1.0000000180025095e-35 1.0000000180025095e-35 1.0000000180025095e-35 1.0000000180025095e-35 1.0000000180025095e-35 1.0000000180025095e-35 1.0000000180025095e-35 1.0000000180025095e-35 1.0000000180025095e-35 1.0000000180025095e-35 1.0000000180025095e-35 1.0000000180025095e-35
decision_type=2 2 2 2 2 2 2 2 2 2 2 2 2 2
left_child=1 2 3 4 8 -6 13 -5 -1 10 -10 -7 -13 -3
right_child=-2 6 -4 7 5 11 -8 -9 9 -11 -12 12 -14 -15
leaf_value=-0.0022872678915819592 0.043894753178123094 0.0066483773562355936 0.033498789898110504 -0.050277659068468775 -0.064291136036783256 0.015486957367306804 -0.056522257472339035 -0.012524265501559082 0.030440238473222494 0.069366285981914369 -0.051377779645269787 -0.038108441743159104 -0.010006078096457663 0.037621008050890914
leaf_weight=8.5363315364811658 1.9785002095159132 19.613303675796494 1.2666775342077006 2.6408711071126154 0.81452458549756279 0.91847278305795033 0.41907065198756654 1.4467201288789509 1.1912568183615797 0.57161113619804371 0.47875419259071339 1.5335661000863181 5.8547787666320801 0.83835555682890017
leaf_count=146 24 530 9 52 40 12 7 14 14 2 24 48 32 17
internal_value=-0.00014023 -0.00202911 -0.00918052 -0.0114343 -0.00620007 -0.0170115 0.00662409 -0.0369156 0.00294958 0.0228921 0.00698487 -0.0123755 -0.0158392 0.00791801
internal_weight=48.1028 46.1243 25.2536 23.9869 19.8993 9.12134 20.8707 4.08759 10.778 2.24162 1.67001 8.30682 7.38834 20.4517
internal_count=971 947 393 384 318 132 554 66 186 40 38 92 80 547
is_linear=0
shrinkage=0.05


Tree=259
num_leaves=15
num_cat=0
split_feature=132 109 29 171 86 154 53 81 133 170 81 172 176 171
split_gain=1.51544 0.445171 0.307835 1.19403 0.712953 0.426488 0.376883 0.367754 0.294696 0.752305 0.6024 0.292978 1.13789 0.453078
threshold=1.0000000180025095e-35 1.0000000180025095e-35 1.0000000180025095e-35 1.5000000000000002 1.0000000180025095e-35 1.0000000180025095e-35 1.0000000180025095e-35 1.0000000180025095e-35 1.0000000180025095e-35 1.0000000180025095e-35 1.0000000180025095e-35 1.5000000000000002 1.0000000180025095e-35 1.5000000000000002
decision_type=2 2 2 2 2 2 2 2 2 2 2 2 2 2
left_child=1 2 4 5 7 6 8 11 9 10 -4 -1 13 -13
right_child=-2 -3 3 -5 -6 -7 -8 -9 -10 -11 -12 12 -14 -15
leaf_value=0.0028420620706530002 -0.056761736512568432 0.027490800302174507 0.0044675454966202387 0.051548279595507653 -0.031594711304409558 -0.024922616763883684 0.055375265600818707 0.015600709730051046 -0.038547216164573794 0.052932398120678487 -0.071304230436926339 -0.0064240717728648996 -0.057240332837024226 0.025368840751079771
leaf_weight=23.129515005013673 1.095307673967908 1.7480611843056966 1.9983466924168176 1.4664529254951046 1.6980924829840649 1.2586711030453441 0.38775299489498127 4.1304502920247606 0.37365077435970295 0.7249873699620365 0.30194029305130232 7.4444292709231341 1.0280998583184562 1.3191805941751225
leaf_count=459 23 15 85 128 48 22 4 46 2 15 6 58 31 25
internal_value=0.00137754 0.00273216 0.00177595 0.0118348 8.55873e-05 0.000291903 0.00867307 0.00153751 0.00334524 0.00851936 -0.00547841 -0.000226927 -0.00747635 -0.0016383
internal_weight=48.1049 47.0096 45.2616 6.5118 38.7498 5.04535 3.78668 37.0517 3.39893 3.02527 2.30029 32.9212 9.79171 8.76361
internal_count=967 944 929 262 667 134 112 619 108 106 91 573 114 83
is_linear=0
shrinkage=0.05


Tree=260
num_leaves=15
num_cat=0
split_feature=171 124 148 153 151 163 172 72 109 72 73 166 173 150
split_gain=0.83432 1.35758 1.10441 0.962532 0.794001 0.731504 0.659988 0.828514 0.80996 0.59841 0.970445 0.855675 1.13454 0.900038
threshold=1.5000000000000002 1.0000000180025095e-35 1.0000000180025095e-35 1.0000000180025095e-35 1.0000000180025095e-35 1.0000000180025095e-35 1.0000000180025095e-35 1.0000000180025095e-35 1.0000000180025095e-35 1.0000000180025095e-35 1.0000000180025095e-35 1.0000000180025095e-35 1.0000000180025095e-35 1.0000000180025095e-35
decision_type=2 2 2 2 2 2 2 2 2 2 2 2 2 2
left_child=1 2 9 6 5 -5 7 8 -2 10 11 12 13 -1
right_child=3 -3 -4 4 -6 -7 -8 -9 -10 -11 -12 -13 -14 -15
leaf_value=-0.012046240399987498 -0.03955455034646807 -0.060569576693245676 -0.055322582330608563 -0.05282749624939323 0.032291527185576249 0.03408240963675787 -0.022913111089357122 0.053270765176915882 0.064140862843694191 0.00035244318856850914 0.051902993323017059 0.049862091356469185 -0.038722024996602683 0.049548823273375037
leaf_weight=8.093601114116602 0.77802132803480872 1.1963773388415564 1.1205524383112777 0.59079358808230586 4.2457921099266969 0.41022895157220773 2.9311475377471652 0.8062558437231927 0.2484506368637085 21.466199646994937 0.55518036568537432 0.48237577953841615 4.3770139906555405 0.63996916962787587
leaf_count=157 58 13 17 32 150 13 133 14 1 260 8 10 95 14
internal_value=-0.00476561 -0.00815415 -0.00644709 0.0080738 0.0228471 -0.017211 -0.00819717 0.0153386 -0.0144558 -0.00490929 -0.0128926 -0.0155391 -0.0179454 -0.00753274
internal_weight=47.942 37.9313 36.7349 10.0107 5.24681 1.00102 4.76388 1.83273 1.02647 35.6143 14.1481 13.593 13.1106 8.73357
internal_count=975 574 561 401 195 45 206 73 59 544 284 276 266 171
is_linear=0
shrinkage=0.05


Tree=261
num_leaves=15
num_cat=0
split_feature=19 176 163 150 111 173 153 72 16 172 166 23 158 163
split_gain=0.486353 0.43447 1.54946 0.744533 0.56403 0.470781 0.357101 0.915861 1.00651 0.814981 0.709442 0.582904 0.43643 0.528324
threshold=1.0000000180025095e-35 1.0000000180025095e-35 1.0000000180025095e-35 1.0000000180025095e-35 1.0000000180025095e-35 1.0000000180025095e-35 1.0000000180025095e-35 1.0000000180025095e-35 1.0000000180025095e-35 1.5000000000000002 1.0000000180025095e-35 1.0000000180025095e-35 1.0000000180025095e-35 1.0000000180025095e-35
decision_type=2 2 2 2 2 2 2 2 2 2 2 2 2 2
left_child=1 6 3 4 -3 -4 7 8 -1 11 12 -10 13 -8
right_child=-2 2 5 -5 -6 -7 10 -9 9 -11 -12 -13 -14 -15
leaf_value=0.0196491966819996 -0.03489109457573393 -0.052494343625016496 -0.032779891391151492 -0.062793734537103921 0.0095071820442205988 0.043179898560779584 0.014742382397174156 0.0026420507319643177 -0.028876971352909092 0.03706329751205225 0.051347970381741527 0.016830231591580522 -0.032080220987697014 -0.015097835827282739
leaf_weight=1.7653600090416155 1.2107444542925794 0.58106956980191082 0.254188245628029 1.473744630406145 0.99476049840450287 1.0327352575259281 5.5652329876320401 20.388678146933671 8.3060166040086152 0.56098327273503024 0.83763902075588781 0.76148794993059787 0.79814531607553352 2.0223525978508405
leaf_count=14 12 37 9 69 7 71 95 275 217 10 25 41 32 56
internal_value=-0.00361611 -0.002781 -0.0178315 -0.037247 -0.0133552 0.0281766 -0.00118936 -0.00370294 -0.015057 -0.0214203 0.00747211 -0.0250385 0.00308941 0.00678894
internal_weight=46.5531 45.3424 4.3365 3.04957 1.57583 1.28692 41.0059 31.7825 11.3938 9.62849 9.22337 9.0675 8.38573 7.58759
internal_count=970 958 193 113 44 80 765 557 282 268 208 258 183 151
is_linear=0
shrinkage=0.05


Tree=262
num_leaves=15
num_cat=0
split_feature=132 49 124 168 171 172 162 163 162 170 86 171 171 81
split_gain=0.730289 0.447954 0.460554 0.202186 1.14082 0.574797 0.450494 0.447272 0.301743 0.648419 0.50324 0.533133 0.771718 0.36213
threshold=1.0000000180025095e-35 1.0000000180025095e-35 1.0000000180025095e-35 1.0000000180025095e-35 1.0000000180025095e-35 1.0000000180025095e-35 1.5000000000000002 1.0000000180025095e-35 1.0000000180025095e-35 1.0000000180025095e-35 1.0000000180025095e-35 1.5000000000000002 3.5000000000000004 1.0000000180025095e-35
decision_type=2 2 2 2 2 2 2 2 2 2 2 2 2 2
left_child=1 2 3 8 6 -6 -5 -7 9 10 11 -1 -13 -10
right_child=-2 -3 -4 4 5 7 -8 -9 13 -11 -12 12 -14 -15
leaf_value=0.009291302669431829 -0.031307697514209636 -0.042023444532844026 -0.024016108777158256 -0.040279111709772338 0.037254937403065284 -0.00051792637619398399 0.016361505935861838 0.03907510232971656 -0.00324566555752866 0.044026976908135333 0.051569149029717536 -0.053391448310277624 0.048608057475616404 0.013573487538080143
leaf_weight=10.224927632836623 1.638391705462708 0.55409545783186231 1.5024645121302445 2.1373867241782132 1.288521272246723 10.924646328610832 0.42004268802702416 0.7631305713439368 10.617377697170012 1.423399248975328 0.63639154052361924 0.76762644707923822 0.24450644105672836 4.5812421013833946
leaf_count=173 19 17 16 56 17 117 5 60 349 13 8 53 4 52
internal_value=0.001496 0.0026622 0.003206 0.00413493 -0.00045414 0.00556129 -0.0309762 0.00206722 0.00663657 0.0121374 0.00831446 0.00586481 -0.0287509 0.00182405
internal_weight=47.7242 46.0858 45.5317 44.0292 15.5337 12.9763 2.55743 11.6878 28.4955 13.2969 11.8735 11.2371 1.01213 15.1986
internal_count=959 940 923 907 255 194 61 177 652 251 238 230 57 401
is_linear=0
shrinkage=0.05


Tree=263
num_leaves=15
num_cat=0
split_feature=48 109 94 29 154 124 153 26 112 167 173 40 29 167
split_gain=0.522862 0.352739 0.306589 0.848816 0.347754 0.352274 0.513527 0.260938 0.514081 0.442909 1.09146 0.686624 0.397945 0.250245
threshold=1.0000000180025095e-35 1.0000000180025095e-35 1.0000000180025095e-35 1.0000000180025095e-35 1.0000000180025095e-35 1.0000000180025095e-35 1.0000000180025095e-35 1.0000000180025095e-35 1.0000000180025095e-35 1.0000000180025095e-35 1.0000000180025095e-35 1.0000000180025095e-35 1.0000000180025095e-35 1.0000000180025095e-35
decision_type=2 2 2 2 2 2 2 2 2 2 2 2 2 2
left_child=1 2 7 4 5 6 -4 9 13 11 12 -1 -11 -9
right_child=-2 -3 3 -5 -6 -7 -8 8 -10 10 -12 -13 -14 -15
leaf_value=-0.004860804162304307 -0.03481488869627615 0.019235192985110242 -0.05823895425164282 0.052891204418851638 0.0187516178312917 0.011258678688960704 -0.00095959801610964778 -0.0067210090631383435 0.069127766513069275 -0.012473867146652551 -0.061808019731584722 0.033269807554324973 0.026380197859810613 0.013200886276580956
leaf_weight=20.243941153166819 1.2945763152092684 1.7789209312759329 0.71763178845867448 0.87808005698025215 1.3779888078570368 0.97186280041933049 0.86048878449946642 4.0460672948393031 0.28932973742485035 9.1328940003877452 1.1177831671666361 1.2537408139905881 0.71025852463208217 2.5824070904636756
leaf_count=323 11 16 13 28 10 7 23 245 1 106 24 44 36 68
internal_value=-0.00347713 -0.00259445 -0.00347338 0.00844857 -0.00148637 -0.0124228 -0.0270067 -0.0049285 0.0038881 -0.00680756 -0.0149872 -0.00263703 -0.00967025 0.00104042
internal_weight=47.256 45.9614 44.1825 4.80605 3.92797 2.54998 1.57812 39.3764 6.9178 32.4586 10.9609 21.4977 9.84315 6.62847
internal_count=955 944 928 81 53 43 36 847 314 533 166 367 142 313
is_linear=0
shrinkage=0.05


Tree=264
num_leaves=15
num_cat=0
split_feature=111 23 163 16 48 29 124 167 173 164 165 163 16 3
split_gain=1.3312 0.515674 1.15254 1.47594 0.438701 0.302626 0.561149 0.652762 0.59578 0.528285 0.849465 0.440537 0.460593 0.3975
threshold=1.0000000180025095e-35 1.0000000180025095e-35 1.0000000180025095e-35 1.0000000180025095e-35 1.0000000180025095e-35 1.0000000180025095e-35 1.0000000180025095e-35 1.0000000180025095e-35 1.0000000180025095e-35 1.0000000180025095e-35 1.0000000180025095e-35 1.0000000180025095e-35 1.0000000180025095e-35 1.0000000180025095e-35
decision_type=2 2 2 2 2 2 2 2 2 2 2 2 2 2
left_child=1 4 -3 -4 5 9 7 8 -7 11 -11 12 -1 -10
right_child=-2 2 3 -5 -6 6 -8 -9 13 10 -12 -13 -14 -15
leaf_value=0.034086233109991704 -0.054220843515202538 -0.064361532086623582 -0.082326766161006204 0.062585930601164116 -0.027259178040012318 -0.004782201855213458 -0.047182494199087148 0.052462137129234088 0.05155974105832524 -0.044693693785564023 0.029784434164889236 -0.01380458965919326 0.0053917285830206762 0.011269294034932072
leaf_weight=1.4685532748699213 1.0179340764880169 0.85308769525727146 0.25274454546160996 0.57648258222616278 1.0506450943648804 2.8102657645940772 0.34327001869678486 1.1562221797648815 1.0839041757863015 1.2875417405157339 0.54486449668183912 2.8447294700890771 29.31346303288592 1.4065903384471312
leaf_count=14 15 76 3 65 7 59 5 62 57 45 10 33 468 26
internal_value=0.00232151 0.00360076 -0.0235592 0.0184172 0.00465574 0.00544921 0.0151111 0.0184228 0.010998 0.00359627 -0.0225477 0.00502092 0.00676069 0.0288044
internal_weight=46.0103 44.9924 1.68231 0.829227 43.31 42.2594 6.80025 6.45698 5.30076 35.4592 1.83241 33.6267 30.782 2.49049
internal_count=945 930 144 68 786 779 209 204 142 570 55 515 482 83
is_linear=0
shrinkage=0.05


Tree=265
num_leaves=15
num_cat=0
split_feature=172 111 171 162 173 173 167 162 173 124 49 153 176 150
split_gain=2.4574 1.25739 0.748915 1.06442 0.972517 0.507862 0.420386 0.307297 0.742168 1.23404 0.500892 0.44896 0.599182 0.464082
threshold=1.0000000180025095e-35 1.0000000180025095e-35 1.0000000180025095e-35 1.5000000000000002 1.0000000180025095e-35 1.0000000180025095e-35 1.0000000180025095e-35 1.0000000180025095e-35 1.0000000180025095e-35 1.0000000180025095e-35 1.0000000180025095e-35 1.0000000180025095e-35 1.0000000180025095e-35 1.0000000180025095e-35
decision_type=2 2 2 2 2 2 2 2 2 2 2 2 2 2
left_child=2 7 3 4 -1 -4 -7 -2 -9 10 11 12 -10 -13
right_child=1 -3 5 -5 -6 6 -8 8 9 -11 -12 13 -14 -15
leaf_value=-0.022396234206126325 0.017189924065007647 -0.049513897932481205 0.019949302180830124 -0.079408354322243857 0.008994292381766961 -0.039237721858994337 0.047265490697755097 0.020148021304305468 -0.033927028233792463 -0.11006925333860332 -0.055833987983583244 0.040554990589075135 0.020316378524417839 0.0032435575156979225
leaf_weight=11.655482155038042 12.662465641536988 0.86923883249983092 2.3716893967939536 0.68720404524356205 3.1300077273626821 0.76973689175792959 0.17179783352185041 5.5802616428118181 1.4845783501514236 0.26395448623225082 0.38141615176573385 1.0803025810164397 0.77480206522159267 3.6463688192015979
leaf_count=206 161 15 50 10 54 62 5 94 48 3 7 44 28 155
internal_value=-9.89123e-05 0.00963685 -0.0139586 -0.0185783 -0.015751 0.00761522 -0.0234538 0.011624 0.00628948 -0.00384418 -3.84496e-05 0.00300781 -0.0153255 0.0117713
internal_weight=45.5293 26.7434 18.7859 15.4727 14.7855 3.31322 0.941535 25.8741 13.2117 7.63142 7.36747 6.98605 2.25938 4.72667
internal_count=942 555 387 270 260 117 67 540 379 285 282 275 76 199
is_linear=0
shrinkage=0.05


Tree=266
num_leaves=15
num_cat=0
split_feature=111 153 162 29 49 19 125 171 154 154 132 171 107 6
split_gain=1.19195 0.475976 0.787569 0.606885 0.543491 0.387819 0.349054 0.905082 0.517858 0.340345 0.610961 0.349394 0.333981 0.409648
threshold=1.0000000180025095e-35 1.0000000180025095e-35 1.5000000000000002 1.0000000180025095e-35 1.0000000180025095e-35 1.0000000180025095e-35 1.0000000180025095e-35 1.0000000180025095e-35 1.0000000180025095e-35 1.0000000180025095e-35 1.0000000180025095e-35 1.0000000180025095e-35 1.0000000180025095e-35 1.0000000180025095e-35
decision_type=2 2 2 2 2 2 2 2 2 2 2 2 2 2
left_child=1 2 3 5 12 -1 7 -4 -9 10 11 -5 13 -3
right_child=-2 4 6 9 -6 -7 -8 8 -10 -11 -12 -13 -14 -15
leaf_value=-0.0065707903901845366 0.042788122450884723 0.015637547769474316 -0.080885937484257708 0.0537807523004879 -0.055588501113561929 -0.040637067766676895 0.00045660985749882614 0.043577378964751147 -0.038308445347518573 -0.0099904305225083645 -0.0063499950334119717 0.0017874742942209838 0.054698961056544773 -0.0041444227289795738
leaf_weight=27.145862119825328 1.3965309581253667 4.9757371741288754 0.90622134553268485 1.3101571691222478 0.36019387096166688 0.86197720095515151 0.51890896615805093 0.30195119460404385 0.53548779536504298 1.1323927893536168 1.1233053207397461 0.42889413121156406 0.35269673424772996 5.5207545356242917
leaf_count=457 21 161 10 43 6 8 11 19 21 37 6 31 5 138
internal_value=-0.00271133 -0.00410862 -0.00703441 -0.00501885 0.00483501 -0.00761922 -0.0355433 -0.0462567 -0.00878328 0.0132128 0.0223924 0.0409579 0.00684108 0.00523299
internal_weight=46.8711 45.4745 34.2652 32.0026 11.2094 28.0078 2.26257 1.74366 0.837439 3.99475 2.86236 1.73905 10.8492 10.4965
internal_count=974 953 643 582 310 465 61 50 40 117 80 74 304 299
is_linear=0
shrinkage=0.05


Tree=267
num_leaves=15
num_cat=0
split_feature=94 124 153 154 166 150 132 29 16 167 26 153 85 40
split_gain=1.12548 1.22476 0.715724 0.725689 0.694718 0.682491 0.626913 0.55548 0.472037 0.819119 0.690108 0.615197 0.422188 0.411982
threshold=1.0000000180025095e-35 1.0000000180025095e-35 1.0000000180025095e-35 1.0000000180025095e-35 1.0000000180025095e-35 1.0000000180025095e-35 1.0000000180025095e-35 1.0000000180025095e-35 1.0000000180025095e-35 1.0000000180025095e-35 1.0000000180025095e-35 1.0000000180025095e-35 1.0000000180025095e-35 1.0000000180025095e-35
decision_type=2 2 2 2 2 2 2 2 2 2 2 2 2 2
left_child=4 2 3 -2 6 -4 8 12 -1 13 11 -11 -6 -10
right_child=1 -3 5 -5 7 -7 -8 -9 9 10 -12 -13 -14 -15
leaf_value=0.028589050640125013 -0.068790201169518603 0.032874441670157371 -0.026302388220298761 -0.017594879566968018 -0.052841852211238473 0.049971529011329653 0.033272824737607794 0.050297636982369047 -0.0043172579526871589 0.010786255026388032 0.034759918243955093 -0.03101919548202417 0.03663321661174327 0.024189100226690297
leaf_weight=2.0063575040549031 1.5364178141462608 0.90442212880589057 0.88857324537821092 1.2597482167184353 1.0647527355758928 0.43777234363369644 2.0626131972530848 0.18939225873327803 20.256694135896399 11.018642536830153 2.8663745543453834 0.95639508101157922 0.15046974085271347 1.3520608687831543
leaf_count=22 24 9 17 12 90 21 14 57 401 154 56 15 2 71
internal_value=0.00253915 -0.019817 -0.0313768 -0.0457253 0.0052198 -0.00112749 0.00641817 -0.0293499 0.00497782 0.00367817 0.0127224 0.00744743 -0.041763 -0.00253361
internal_weight=46.9507 5.02693 4.12251 2.79617 41.9238 1.32635 40.5191 1.40461 38.4565 36.4502 14.8414 11.975 1.21522 21.6088
internal_count=965 83 74 36 882 38 733 149 719 697 225 169 92 472
is_linear=0
shrinkage=0.05


Tree=268
num_leaves=15
num_cat=0
split_feature=162 177 172 107 173 94 16 173 16 94 158 29 148 40
split_gain=0.43868 0.541803 0.864855 0.44337 0.36959 1.20894 0.53324 0.530393 0.434085 0.424314 0.46583 0.594593 0.407913 0.391944
threshold=1.5000000000000002 1.0000000180025095e-35 1.0000000180025095e-35 1.0000000180025095e-35 1.0000000180025095e-35 1.0000000180025095e-35 1.0000000180025095e-35 1.5000000000000002 1.0000000180025095e-35 1.0000000180025095e-35 1.0000000180025095e-35 1.0000000180025095e-35 1.0000000180025095e-35 1.0000000180025095e-35
decision_type=2 2 2 2 2 2 2 2 2 2 2 2 2 2
left_child=3 -2 -3 4 5 8 -6 9 -1 10 13 -12 -10 -8
right_child=1 2 -4 -5 6 -7 7 -9 12 -11 11 -13 -14 -15
leaf_value=0.034144017620313279 -0.050745363120622861 -0.031142560793839737 0.021927870426003752 -0.021195282515742174 -0.027925395498799188 -0.02987938858064848 0.015834283184423925 -0.023813716493964743 0.0054722877733963636 0.042107296002481767 -0.056611021063398749 0.051264663433886352 0.0322923309648755 0.049728966810224651
leaf_weight=1.5811212342232526 0.65904596593463738 1.345779163297266 1.787093051621923 1.2471264847554255 0.66870006831595574 2.1952660251408807 9.3048983511107419 0.72391668357886452 23.111338891147174 1.8811778572853661 0.444027014338645 0.17932245170231909 1.5103627536445845 0.93897355839726593
leaf_count=13 17 23 94 14 16 21 206 43 354 32 29 11 21 49
internal_value=0.00677669 -0.00953802 -0.000869446 0.00818955 0.00905103 0.00576228 0.0156555 0.0178187 0.00874833 0.0201828 0.0163875 -0.0255778 0.0071175 0.0189411
internal_weight=47.5781 3.79192 3.13287 43.7862 42.5391 28.3981 14.141 13.4723 26.2028 12.7484 10.8672 0.623349 24.6217 10.2439
internal_count=943 134 117 809 795 409 386 370 388 327 295 40 375 255
is_linear=0
shrinkage=0.05


Tree=269
num_leaves=15
num_cat=0
split_feature=94 109 86 23 166 163 6 40 154 150 29 148 171 16
split_gain=1.02269 0.976886 0.713754 0.619531 0.595116 0.440381 0.610941 0.42699 0.858109 0.425248 0.380657 0.325785 0.228655 0.206298
threshold=1.0000000180025095e-35 1.0000000180025095e-35 1.0000000180025095e-35 1.0000000180025095e-35 1.0000000180025095e-35 1.0000000180025095e-35 1.0000000180025095e-35 1.0000000180025095e-35 1.0000000180025095e-35 1.0000000180025095e-35 1.0000000180025095e-35 1.0000000180025095e-35 1.0000000180025095e-35 1.0000000180025095e-35
decision_type=2 2 2 2 2 2 2 2 2 2 2 2 2 2
left_child=1 2 7 9 5 6 -2 11 -9 -4 -11 13 -7 -1
right_child=4 -3 3 -5 -6 12 -8 8 -10 10 -12 -13 -14 -15
leaf_value=-0.0090683463703986923 -0.061399436951524146 0.062576019007883385 0.073748166376570862 -0.046508375318049265 0.023340035202944975 0.01222855146918532 -0.013124387372592142 -0.046201543838264261 0.038432997077089415 -0.054694229260347338 0.050958928118904935 0.026515915260653052 -0.021691121299280251 0.0067900824932585167
leaf_weight=2.1828948366455725 1.2081260211998588 0.81089766323566337 0.86572988133411743 0.17202538886340324 0.86570464848773543 1.0342824608087537 1.4324577073566616 1.0023471824824799 0.42711057441192668 0.14186238497495651 0.21364184655249119 2.0094517229590556 0.95614835392916564 33.878708849661052
leaf_count=20 18 11 24 29 13 11 17 84 34 4 20 29 22 606
internal_value=0.00556091 0.00823283 0.00715524 0.0423276 -0.0147115 -0.0218247 -0.0352113 0.00591465 -0.0209134 0.0548412 0.0087985 0.00692196 -0.00406553 0.00583013
internal_weight=47.2014 41.7047 40.8938 1.39326 5.49672 4.63101 2.64058 39.5005 1.42946 1.22123 0.355504 38.0711 1.99043 36.0616
internal_count=942 861 850 77 81 68 35 773 118 48 24 655 33 626
is_linear=0
shrinkage=0.05


Tree=270
num_leaves=15
num_cat=0
split_feature=124 151 162 29 166 16 167 81 165 173 72 176 109 167
split_gain=1.63772 0.756311 0.958213 1.30648 0.586524 0.566738 0.6314 0.564954 0.364546 0.597242 0.623075 0.899407 0.559217 0.533326
threshold=1.0000000180025095e-35 1.0000000180025095e-35 1.5000000000000002 1.0000000180025095e-35 1.0000000180025095e-35 1.0000000180025095e-35 1.0000000180025095e-35 1.0000000180025095e-35 1.0000000180025095e-35 1.5000000000000002 1.0000000180025095e-35 1.0000000180025095e-35 1.0000000180025095e-35 1.0000000180025095e-35
decision_type=2 2 2 2 2 2 2 2 2 2 2 2 2 2
left_child=1 2 4 -4 5 -1 -7 8 9 10 -3 13 -10 -12
right_child=-2 7 3 -5 -6 6 -8 -9 12 -11 11 -13 -14 -15
leaf_value=0.017694273450247412 0.06249436451436291 0.02695370647683832 0.093601348870185189 0.001174304125870449 -0.060529722547640975 -0.014685833889541278 0.010466266302652001 0.036162164961881758 -0.0066261193685432556 -0.043020488004010149 -0.0048517341290454201 0.022705238699354577 0.02869684805104801 -0.059688578467310155
leaf_weight=1.9182975436560905 1.0590314667206246 4.6448202340398002 0.53722813399508473 1.3261022847727872 0.54977134661748905 16.199025996378627 2.9494551205425514 1.4900715051044233 9.0157226577866805 0.47643299431365527 1.2291048172628505 2.0984124199603684 1.2795034972950823 0.69360669224988658
leaf_count=22 11 121 13 28 39 340 75 20 156 37 36 28 11 16
internal_value=0.00104489 -0.000420555 -0.00658089 0.0278225 -0.00954644 -0.00821595 -0.0108116 0.00649105 0.00421649 0.0114828 0.0144793 6.99475e-05 -0.00223614 -0.0246338
internal_weight=45.4666 44.4076 23.4799 1.86333 21.6166 21.0668 19.1485 20.9277 19.4376 9.14238 8.66594 4.02112 10.2952 1.92271
internal_count=953 942 517 41 476 437 415 425 405 238 201 80 167 52
is_linear=0
shrinkage=0.05


Tree=271
num_leaves=15
num_cat=0
split_feature=72 109 81 153 49 23 107 94 171 170 163 172 176 48
split_gain=0.985815 1.28471 0.821116 0.560072 1.29723 1.24732 0.670939 0.630322 0.468987 1.21882 1.26411 0.956409 0.552937 0.534801
threshold=1.0000000180025095e-35 1.0000000180025095e-35 1.0000000180025095e-35 1.0000000180025095e-35 1.0000000180025095e-35 1.0000000180025095e-35 1.0000000180025095e-35 1.0000000180025095e-35 1.0000000180025095e-35 1.0000000180025095e-35 1.0000000180025095e-35 1.0000000180025095e-35 1.0000000180025095e-35 1.0000000180025095e-35
decision_type=2 2 2 2 2 2 2 2 2 2 2 2 2 2
left_child=2 8 3 4 5 6 -1 -7 9 10 -2 -10 -13 -12
right_child=1 -3 -4 -5 -6 7 -8 -9 11 -11 13 12 -14 -15
leaf_value=-0.010592304278707707 -0.04378777670200798 -0.074869350482600835 0.039965444410145726 0.0097328794400438918 0.071770427345876034 -0.025141458998916788 -0.055436902826616147 0.09880014563118697 0.027860910520605426 0.0022049134586875421 0.051238163665875205 -0.015260198839616488 0.010550634164962713 -0.021331431509561918
leaf_weight=9.8242727810866182 4.861396825872367 0.79461222095414896 1.3562242089537893 8.2698662872135174 0.49737154284957874 0.14095727416861414 0.9114523655734964 0.37678767181932926 1.9772351083811344 4.1556477745180018 0.54494537075515814 9.5163765073521045 2.6535542029887447 0.47531430423259735
leaf_count=238 67 12 26 220 10 41 18 2 31 37 29 162 62 3
internal_value=-0.00556718 -0.0123124 0.00231471 -0.000235796 -0.00725143 -0.010744 -0.0143996 0.0650568 -0.0102571 -0.0185233 -0.0331687 -0.00439223 -0.00963236 0.0174297
internal_weight=46.356 24.9791 21.3769 20.0207 11.7508 11.2535 10.7357 0.517745 24.1845 10.0373 5.88166 14.1472 12.1699 1.02026
internal_count=958 403 555 529 309 299 256 43 391 136 99 255 224 32
is_linear=0
shrinkage=0.05


Tree=272
num_leaves=15
num_cat=0
split_feature=171 162 16 158 163 124 158 19 167 162 154 125 171 153
split_gain=0.738574 0.628731 0.892616 0.934174 0.423518 0.98141 0.41844 0.38069 0.315499 0.602853 0.805685 0.576304 0.310165 0.364073
threshold=1.0000000180025095e-35 1.0000000180025095e-35 1.0000000180025095e-35 1.0000000180025095e-35 1.0000000180025095e-35 1.0000000180025095e-35 1.0000000180025095e-35 1.0000000180025095e-35 1.0000000180025095e-35 1.5000000000000002 1.0000000180025095e-35 1.0000000180025095e-35 2.5000000000000004 1.0000000180025095e-35
decision_type=2 2 2 2 2 2 2 2 2 2 2 2 2 2
left_child=1 2 -1 -4 12 6 8 -3 9 -6 -11 -10 -2 -14
right_child=4 7 3 -5 5 -7 -8 -9 11 10 -12 -13 13 -15
leaf_value=0.016731349638297886 0.0052873223898897989 0.00028204572871085579 -0.032563279360798239 0.01262860591051705 -0.034169586655126073 -0.12588753595144078 0.043006035938940979 -0.037864966626005372 0.053389105619729385 0.051587562431698854 -0.051517934730544161 -0.037759617325445 -0.053100672831956644 -0.0022657585508191343
leaf_weight=1.3931319788098324 18.906071467761656 8.2970442521036567 8.0648846793919802 1.3324584970250732 2.2280040232581086 0.18675596150569607 0.35735036348341953 0.70998302847147066 0.4253675949294119 0.54367049693246361 0.29082312050741166 0.2927779434248805 0.49462892010342208 1.223275605821982
leaf_count=6 314 136 150 19 77 3 48 5 28 43 16 10 53 40
internal_value=-0.00526645 -0.0124777 -0.0206185 -0.0261555 0.000455837 -0.0137703 -0.00871024 -0.00272491 -0.0135985 -0.020593 0.015655 0.016229 0.00343899 -0.0169024
internal_weight=44.7462 19.7975 10.7905 9.39734 24.9487 4.32475 4.13799 9.00703 3.78064 3.0625 0.834494 0.718146 20.624 1.7179
internal_count=948 316 175 169 632 225 222 141 174 136 59 38 407 93
is_linear=0
shrinkage=0.05


Tree=273
num_leaves=15
num_cat=0
split_feature=29 150 125 132 21 72 158 167 153 23 16 151 81 21
split_gain=0.450679 0.682011 0.536438 0.533243 0.516899 0.393262 0.347581 0.579898 0.312006 0.66979 0.422307 0.36845 0.652017 0.433553
threshold=1.0000000180025095e-35 1.0000000180025095e-35 1.0000000180025095e-35 1.0000000180025095e-35 1.0000000180025095e-35 1.0000000180025095e-35 1.0000000180025095e-35 1.0000000180025095e-35 1.0000000180025095e-35 1.0000000180025095e-35 1.0000000180025095e-35 1.0000000180025095e-35 1.0000000180025095e-35 1.0000000180025095e-35
decision_type=2 2 2 2 2 2 2 2 2 2 2 2 2 2
left_child=3 2 -2 6 -3 -6 8 -8 10 -10 -1 13 -13 -12
right_child=1 4 -4 -5 5 -7 7 -9 9 -11 11 12 -14 -15
leaf_value=0.017934838302884344 -0.0035538028637122363 0.053235813200641274 0.053391838061834819 0.030262896163988029 0.050913815691953482 -0.030333808925123371 -0.048960425576561925 -0.0088622146009770843 0.0092681678481515532 -0.042910664089911649 -0.01658945374044915 -0.0049458260161319234 0.037488582935802865 0.016691391316320529
leaf_weight=1.7397459223866487 5.4149171753088003 1.2943566962494513 0.44775724736973632 1.113609701686072 0.23122195416362945 0.41851110689458437 1.0539634727756482 6.2394908210262656 8.2425120585248806 0.66461128910305056 10.6145853625203 7.6384365251869895 1.026941377436742 1.0779521370131995
leaf_count=14 152 44 12 15 38 30 51 39 153 21 207 131 7 47
internal_value=-0.00166993 0.00930559 0.000795377 -0.00384398 0.0349693 -0.00142004 -0.00483572 -0.0146567 -0.00252546 0.00537481 -0.0057099 -0.00773053 8.31122e-05 -0.0135212
internal_weight=47.2186 7.80676 5.86267 39.4118 1.94409 0.649733 38.2982 7.29345 31.0048 8.90712 22.0977 20.3579 8.66538 11.6925
internal_count=961 276 164 685 112 68 670 90 580 174 406 392 138 254
is_linear=0
shrinkage=0.05


Tree=274
num_leaves=15
num_cat=0
split_feature=164 170 172 53 171 72 162 170 168 176 171 72 154 176
split_gain=1.05311 1.06209 0.764177 0.316426 0.36399 0.510363 0.476641 0.887956 0.679723 0.734353 0.584016 0.512272 0.380704 0.354523
threshold=1.0000000180025095e-35 1.5000000000000002 1.5000000000000002 1.0000000180025095e-35 2.5000000000000004 1.0000000180025095e-35 1.0000000180025095e-35 1.0000000180025095e-35 1.0000000180025095e-35 1.0000000180025095e-35 1.5000000000000002 1.0000000180025095e-35 1.0000000180025095e-35 1.0000000180025095e-35
decision_type=2 2 2 2 2 2 2 2 2 2 2 2 2 2
left_child=1 3 -2 4 6 -6 7 8 9 10 11 -1 -7 -8
right_child=2 -3 -4 -5 5 12 13 -9 -10 -11 -12 -13 -14 -15
leaf_value=0.0026671574997415791 -0.04549720281358937 -0.054459811975857808 0.02062194787114267 -0.019867599770992922 0.0073158177518606055 -0.074772586099314739 0.01587751887188147 0.026974015544897631 0.0084666518901988386 -0.072046788045911123 -0.053866261200169456 -0.024993855688019949 0.005524348916829242 -0.011401583115666206
leaf_weight=6.7866988577879965 1.8057204274518874 0.74637613911181588 0.57651991792954493 1.1751432100427326 0.9297371365391871 0.47003629431128502 15.490993116778554 3.2119959839619687 9.1226175052579492 0.46048880834132511 0.6322852974408314 2.2217524237930775 0.21519732015440241 1.2902334437239922
leaf_count=128 63 11 67 25 58 29 297 23 93 15 43 37 23 48
internal_value=0.00285905 0.00466188 -0.0294959 0.00571234 0.00644853 -0.0168147 0.00740651 0.00263926 -0.00142669 -0.0103616 -0.00741518 -0.00415487 -0.0495554 0.0137802
internal_weight=45.1358 42.7536 2.38224 42.0072 40.832 1.61497 39.2171 22.4358 19.2238 10.1012 9.64074 9.00845 0.685234 16.7812
internal_count=960 830 130 819 794 110 684 339 316 223 208 165 52 345
is_linear=0
shrinkage=0.05


Tree=275
num_leaves=15
num_cat=0
split_feature=62 124 94 72 162 153 111 167 171 172 165 170 162 158
split_gain=0.706682 0.473249 0.730573 0.650255 0.588393 0.424821 0.297322 0.529128 1.09786 0.711366 0.714819 0.646074 0.579705 0.432701
threshold=1.0000000180025095e-35 1.0000000180025095e-35 1.0000000180025095e-35 1.0000000180025095e-35 1.0000000180025095e-35 1.0000000180025095e-35 1.0000000180025095e-35 1.0000000180025095e-35 1.0000000180025095e-35 1.0000000180025095e-35 1.0000000180025095e-35 1.0000000180025095e-35 1.5000000000000002 1.0000000180025095e-35
decision_type=2 2 2 2 2 2 2 2 2 2 2 2 2 2
left_child=1 2 6 4 -4 -6 7 11 12 -10 -11 13 -9 -1
right_child=-2 -3 3 -5 5 -7 -8 8 9 10 -12 -13 -14 -15
leaf_value=0.0010453073675345426 0.054877120512236033 0.026530911195826429 -0.05391896733274603 -0.050782187141200141 -0.012885581318611578 0.039994351601307404 0.019438458908073664 -0.053879128824816352 0.033912954682801429 -0.044192566769695296 -0.0020608487284305699 0.02613554179683213 0.015249993609912461 -0.036394666720320511
leaf_weight=23.738349804931211 0.56237482652068038 1.4553819084539998 0.5015087323263282 1.3993577187648045 0.95132332865614422 0.6322156828828156 1.7778441116679449 1.821299206465482 1.1457240866729979 1.1776249706745128 6.9378013120149262 2.5791402886970891 0.36385210789740074 0.79764565936056797
leaf_count=551 9 14 13 17 15 23 19 59 13 50 88 35 6 53
internal_value=-0.000827183 -0.00151904 -0.00245058 -0.0244164 -0.00672125 0.00822632 -0.000553228 -0.00147493 -0.0104895 -0.00296779 -0.00817456 0.00233047 -0.0423684 -0.000171836
internal_weight=45.8414 45.2791 43.8237 3.48441 2.08505 1.58354 40.3393 38.5614 11.4463 9.26115 8.11543 27.1151 2.18515 24.536
internal_count=965 956 942 68 51 38 874 855 216 151 138 639 65 604
is_linear=0
shrinkage=0.05


Tree=276
num_leaves=15
num_cat=0
split_feature=172 166 158 150 124 72 162 162 81 72 94 72 173 29
split_gain=0.604304 0.904271 0.350803 0.313046 0.961 0.940133 0.961959 0.716879 0.556285 0.463656 0.445634 0.641276 0.485942 0.55779
threshold=1.0000000180025095e-35 1.0000000180025095e-35 1.0000000180025095e-35 1.0000000180025095e-35 1.0000000180025095e-35 1.0000000180025095e-35 1.0000000180025095e-35 1.0000000180025095e-35 1.0000000180025095e-35 1.0000000180025095e-35 1.0000000180025095e-35 1.0000000180025095e-35 1.0000000180025095e-35 1.0000000180025095e-35
decision_type=2 2 2 2 2 2 2 2 2 2 2 2 2 2
left_child=1 -1 3 5 7 6 -2 9 -7 -5 12 -12 -9 -14
right_child=2 -3 -4 4 -6 8 -8 10 -10 -11 11 -13 13 -15
leaf_value=0.0071343107720009367 0.011103636334357202 -0.058539417417740408 0.0031752513785937376 -0.015969098735099153 -0.087456043581575493 0.0074446027774519551 -0.032010524404468089 0.02641159609301821 0.058166101422876065 -0.057451332661717647 0.018654610915082526 -0.070123280066375596 -0.020145941668915368 0.022252752490988195
leaf_weight=19.989691591472369 2.0619904685881956 0.53826327921706152 7.2677852846099986 1.5675404763896932 0.45105873048305589 2.7839903283165772 3.4726145830791211 1.5106436801142988 0.67082660761661816 1.181214879383333 0.32874042261391867 0.53355220035882667 2.556566258717794 1.1136194584250918
leaf_count=357 41 31 116 28 4 69 85 25 8 37 15 10 69 61
internal_value=-0.00097307 0.00541228 -0.00611336 -0.00981599 -0.0162772 -0.00317257 -0.0159478 -0.0126254 0.0172933 -0.0337951 -0.00299625 -0.0362776 0.00254306 -0.00728119
internal_weight=46.0281 20.528 25.5001 18.2324 9.24294 8.98942 5.53461 8.79188 3.45482 2.74876 6.04312 0.862293 5.18083 3.67019
internal_count=956 388 568 452 249 203 126 245 77 65 180 25 155 130
is_linear=0
shrinkage=0.05


Tree=277
num_leaves=15
num_cat=0
split_feature=72 162 171 165 49 172 163 167 21 94 81 172 176 3
split_gain=0.848779 1.5686 2.16892 1.06473 0.767233 0.676677 0.642175 0.606424 0.831384 0.568601 0.62836 0.566286 1.06488 1.52629
threshold=1.0000000180025095e-35 1.5000000000000002 1.0000000180025095e-35 1.0000000180025095e-35 1.0000000180025095e-35 1.5000000000000002 1.0000000180025095e-35 1.0000000180025095e-35 1.0000000180025095e-35 1.0000000180025095e-35 1.0000000180025095e-35 1.5000000000000002 1.0000000180025095e-35 1.0000000180025095e-35
decision_type=2 2 2 2 2 2 2 2 2 2 2 2 2 2
left_child=1 3 -3 4 5 7 -5 9 -9 10 -1 -2 -13 -14
right_child=11 2 -4 6 -6 -7 -8 8 -10 -11 -12 12 13 -15
leaf_value=-0.0034055666893257849 0.010285256863511992 0.090414809989241882 -0.0068400588721603461 -0.059872400211948257 0.048927690485887347 0.044373829713374259 0.00046254286179364733 -0.075803603775509057 -0.010706097509303557 -0.043152490096413941 -0.057889518886087898 -0.010083461858642255 0.087872548020801841 -0.027248757444133777
leaf_weight=9.7460971708060207 15.018635841843206 0.87770457565784399 1.6527880989451658 1.8822884073015296 0.52951632626354772 0.50601658539380956 0.57596439984627057 0.89354454539716299 1.0872879712260328 1.1695128497667617 0.55957342812325883 9.7825103399809432 0.69362732744775779 0.49223961672396399
leaf_count=280 246 14 76 56 6 32 15 22 14 26 15 122 15 25
internal_value=-0.00193713 -0.00982751 0.0268929 -0.0153096 -0.0101483 -0.0123888 -0.045736 -0.0145233 -0.0400713 -0.0101133 -0.00636392 0.00397763 -0.00465918 0.040087
internal_weight=45.4673 19.4803 2.53049 16.9498 14.4915 13.962 2.45825 13.456 1.98083 11.4752 10.3057 25.987 10.9684 1.18587
internal_count=964 556 90 466 395 389 71 357 36 321 295 408 162 40
is_linear=0
shrinkage=0.05


Tree=278
num_leaves=15
num_cat=0
split_feature=6 67 162 29 94 62 173 16 166 172 167 72 21 153
split_gain=1.04091 1.01642 0.649129 1.44178 0.829895 0.675672 1.10505 0.584358 0.526591 0.397738 0.796075 0.540309 0.551415 0.411441
threshold=1.0000000180025095e-35 1.0000000180025095e-35 1.0000000180025095e-35 1.0000000180025095e-35 1.0000000180025095e-35 1.0000000180025095e-35 1.0000000180025095e-35 1.0000000180025095e-35 1.0000000180025095e-35 1.0000000180025095e-35 1.0000000180025095e-35 1.0000000180025095e-35 1.0000000180025095e-35 1.0000000180025095e-35
decision_type=2 2 2 2 2 2 2 2 2 2 2 2 2 2
left_child=1 2 9 5 -5 6 7 -4 -8 10 11 12 -1 -11
right_child=-2 -3 3 4 -6 -7 8 -9 -10 13 -12 -13 -14 -15
leaf_value=-0.00068170837131900208 0.0065743309582194237 0.068448780225269359 -0.0094284431496646642 -0.0053889093382058738 0.059152337403404288 0.0099574530472970515 -0.0078570608368046836 -0.07081495654630425 -0.059119075588067775 0.0014940506292033355 0.019738276835727098 -0.033392758226149108 -0.054158321515206512 0.039597749281450358
leaf_weight=5.0623631454072946 20.055460275674704 0.42167522385716338 0.45992767252028022 4.5939316034782678 0.55863433788181271 0.79226095229387272 2.4593431188259278 2.4679458116006554 0.62914218468358729 2.5743062093388285 2.1396223418414584 2.5907390303909779 0.53278154670260836 0.9774560136720537
leaf_count=104 341 3 3 171 16 5 69 59 41 44 40 27 28 10
internal_value=-0.00200286 -0.00855346 -0.00981011 -0.0183464 0.00160857 -0.0334477 -0.0391635 -0.061172 -0.0182994 -0.00245249 -0.00741708 -0.0145149 -0.00577386 0.0119803
internal_weight=46.3156 26.2601 25.8385 11.9612 5.15257 6.80862 6.01636 2.92787 3.08849 13.8773 10.3255 8.18588 5.59514 3.55176
internal_count=961 620 617 364 187 177 172 62 110 253 199 159 132 54
is_linear=0
shrinkage=0.05


Tree=279
num_leaves=15
num_cat=0
split_feature=21 153 177 150 167 48 109 16 176 171 23 29 148 94
split_gain=0.79509 0.620071 0.462807 1.12183 0.459711 0.399749 0.321347 0.281058 0.266006 0.195084 0.283944 0.816674 0.185452 0.107405
threshold=1.0000000180025095e-35 1.0000000180025095e-35 1.0000000180025095e-35 1.0000000180025095e-35 1.0000000180025095e-35 1.0000000180025095e-35 1.0000000180025095e-35 1.0000000180025095e-35 1.0000000180025095e-35 3.5000000000000004 1.0000000180025095e-35 1.0000000180025095e-35 1.0000000180025095e-35 1.0000000180025095e-35
decision_type=2 2 2 2 2 2 2 2 2 2 2 2 2 2
left_child=1 5 3 -3 -4 7 9 -1 -5 10 -2 13 -11 -12
right_child=6 2 4 8 -6 -7 -8 -9 -10 12 11 -13 -14 -15
leaf_value=0.029992258666834932 -0.010287126420063814 -0.054643346213481325 0.031683573869020411 -0.0092772229644711539 -0.02299373596639058 -0.016026824464888595 0.047324156855897623 0.0097337915285423578 0.021381175472984692 -0.020696637700438721 -0.055830742164942437 0.050312534527098045 0.054254010503064679 -0.10124807996247027
leaf_weight=1.8181711672805274 6.8700487070600484 1.3133741643978272 1.2236951221129855 2.401488465256989 0.56050718016922463 1.4403516426682461 0.23598008509725321 29.339411725057289 1.0030077633564363 0.13584740529768158 0.40846148213313416 0.18322497908957303 0.21028850856237113 0.19106291234493256
leaf_count=14 242 39 30 37 7 9 5 433 17 38 56 33 3 1
internal_value=0.00393945 0.00691336 -0.00718508 -0.0153885 0.0145067 0.00972548 -0.0101809 0.010916 -0.00024487 -0.0118774 -0.0135381 -0.0420709 0.0248383 -0.0703048
internal_weight=47.3349 39.1 6.50207 4.71787 1.7842 32.5979 8.23491 31.1576 3.4045 7.99893 7.6528 0.782749 0.346136 0.599524
internal_count=964 586 130 93 37 456 378 447 54 373 332 90 41 57
is_linear=0
shrinkage=0.05


Tree=280
num_leaves=15
num_cat=0
split_feature=16 172 29 173 29 150 124 151 72 154 53 6 48 154
split_gain=0.799025 0.673615 0.681333 0.663375 0.487432 0.554525 2.03069 0.537647 0.430821 0.427295 0.652181 0.390517 0.388788 0.582634
threshold=1.0000000180025095e-35 1.0000000180025095e-35 1.0000000180025095e-35 1.0000000180025095e-35 1.0000000180025095e-35 1.0000000180025095e-35 1.0000000180025095e-35 1.0000000180025095e-35 1.0000000180025095e-35 1.0000000180025095e-35 1.0000000180025095e-35 1.0000000180025095e-35 1.0000000180025095e-35 1.0000000180025095e-35
decision_type=2 2 2 2 2 2 2 2 2 2 2 2 2 2
left_child=-1 2 12 -4 7 8 -7 11 9 10 -6 -3 13 -2
right_child=1 4 3 -5 5 6 -8 -9 -10 -11 -12 -13 -14 -15
leaf_value=-0.02919847185949849 0.016448511249434319 0.016808654555890777 -0.017479734185672259 0.051283614310967618 -0.022982870395008133 0.052414176103839916 -0.12219903546195315 -0.00047478189343932097 0.05073157867222048 -0.049682955112747181 0.054606879684056878 -0.030862320572364679 0.046974404587316908 -0.035044830836891742
leaf_weight=1.836186347180045 13.139155655808279 0.51487307390198767 2.8203668668866153 0.4005526229739188 0.77284074493218147 1.6831960404379063 0.18478564918041218 18.25909910282644 0.31989334116224188 0.53243208676576603 0.41694439155980945 2.5941864646156318 0.97487594187259752 0.57329902212950479
leaf_count=31 246 18 59 26 27 123 1 259 31 10 8 87 4 44
internal_value=0.00310507 0.00447854 0.0118976 -0.00892834 -0.000777461 0.0154535 0.035141 -0.00374751 -0.00255528 -0.0124531 0.00420743 -0.0229678 0.0164647 0.0142956
internal_weight=45.0227 43.1865 17.9083 3.22092 25.2783 3.91009 1.86798 21.3682 2.04211 1.72222 1.18979 3.10906 14.6873 13.7125
internal_count=974 943 379 85 564 200 124 364 76 45 35 105 294 290
is_linear=0
shrinkage=0.05


Tree=281
num_leaves=15
num_cat=0
split_feature=62 38 109 172 170 86 173 171 172 168 73 150 67 173
split_gain=0.555139 0.508744 0.281873 0.28756 0.370376 0.722712 0.602463 0.920055 0.571378 0.797926 1.89839 0.949019 1.18405 1.33107
threshold=1.0000000180025095e-35 1.0000000180025095e-35 1.0000000180025095e-35 1.0000000180025095e-35 1.0000000180025095e-35 1.0000000180025095e-35 1.5000000000000002 2.5000000000000004 1.5000000000000002 1.0000000180025095e-35 1.0000000180025095e-35 1.0000000180025095e-35 1.0000000180025095e-35 1.0000000180025095e-35
decision_type=2 2 2 2 2 2 2 2 2 2 2 2 2 2
left_child=1 2 3 -1 5 8 7 -7 9 10 11 12 13 -5
right_child=-2 -3 -4 4 -6 6 -8 -9 -10 -11 -12 -13 -14 -15
leaf_value=0.0041584628171294309 0.040981633040934773 -0.042011621859757778 0.020059955793994451 -0.066513258903754355 0.0099144302368675413 0.068319195937544208 -0.045929808171219166 -0.020539376187741668 -0.0022358692533799001 -0.05166690238628642 0.090960535282896035 -0.047812232035396161 0.080419594090229224 0.010392916700284281
leaf_weight=20.469013678113697 0.8442752305418243 0.70730824372731049 1.8089330215007056 0.83587647636887563 3.8759487529459866 0.87850965867983066 0.24926602536288545 0.4358288903022185 9.4160380716202781 1.6366778397932646 0.41486758226528753 1.9189458831824593 0.37473900755867351 1.7210806566872632
leaf_count=397 13 15 17 13 99 26 32 27 147 48 6 61 3 76
internal_value=0.00081463 5.67018e-05 0.000732409 -9.5554e-05 -0.0040976 -0.00713475 0.025338 0.0388541 -0.0102463 -0.0211742 -0.0116961 -0.0204762 -0.0025833 -0.0147479
internal_weight=45.5873 44.743 44.0357 42.2268 21.7578 17.8818 1.5636 1.31434 16.3182 6.90219 5.26551 4.85064 2.9317 2.55696
internal_count=980 967 952 935 538 439 85 53 354 207 159 153 92 89
is_linear=0
shrinkage=0.05


Tree=282
num_leaves=15
num_cat=0
split_feature=158 29 72 151 171 167 81 11 26 73 29 167 3 170
split_gain=0.678461 0.61751 0.52684 1.00327 0.692285 1.27257 0.612248 0.463222 0.413772 0.785845 0.42061 0.406943 0.387032 1.23379
threshold=1.0000000180025095e-35 1.0000000180025095e-35 1.0000000180025095e-35 1.0000000180025095e-35 1.0000000180025095e-35 1.0000000180025095e-35 1.0000000180025095e-35 1.0000000180025095e-35 1.0000000180025095e-35 1.0000000180025095e-35 1.0000000180025095e-35 1.0000000180025095e-35 1.0000000180025095e-35 1.0000000180025095e-35
decision_type=2 2 2 2 2 2 2 2 2 2 2 2 2 2
left_child=2 -2 4 11 5 -1 7 8 9 10 -6 -4 -5 -14
right_child=1 -3 3 12 6 -7 -8 -9 -10 -11 -12 -13 13 -15
leaf_value=0.017249233760556149 0.0087939355585290816 0.056512258750811444 -0.017348271791874755 0.012822238829099284 -0.054663230428502775 -0.044319216746623917 0.03729356154558023 0.030751241396185736 -0.0048215657382380947 0.022658475896691663 -0.012411086969297838 -0.049898556125203969 -0.042045862681575029 0.014409815760743233
leaf_weight=9.4556640754453838 7.8491929229203361 0.74207171006128181 7.0809002858586609 4.4978264086530544 1.6497065730509302 0.92102467524819154 0.74059244841919358 0.65320314728887829 5.725429833328235 0.63218911737203587 0.91608716588234518 1.1108418538933618 1.6306125180562956 2.3806688142940402
leaf_count=165 96 54 91 88 57 17 25 30 210 5 14 49 44 26
internal_value=0.000245038 0.0129156 -0.00266597 -0.00927223 0.00266557 0.0117845 -0.00650592 -0.00989308 -0.0128683 -0.0272745 -0.0395776 -0.0217623 0.00275196 -0.00853979
internal_weight=45.986 8.59126 37.3947 16.7008 20.6939 10.3767 10.3172 9.57662 8.92341 3.19798 2.56579 8.19174 8.50911 4.01128
internal_count=971 150 821 298 523 182 341 316 286 76 71 140 158 70
is_linear=0
shrinkage=0.05


Tree=283
num_leaves=15
num_cat=0
split_feature=52 21 167 162 19 171 3 163 170 112 162 171 172 111
split_gain=1.78722 0.885435 0.876806 1.08166 0.956116 0.687351 0.480701 0.465714 0.448383 0.501999 0.55937 0.513205 0.374395 0.321572
threshold=1.0000000180025095e-35 1.0000000180025095e-35 1.0000000180025095e-35 1.5000000000000002 1.0000000180025095e-35 1.0000000180025095e-35 1.0000000180025095e-35 1.0000000180025095e-35 1.0000000180025095e-35 1.0000000180025095e-35 1.5000000000000002 1.5000000000000002 1.5000000000000002 1.0000000180025095e-35
decision_type=2 2 2 2 2 2 2 2 2 2 2 2 2 2
left_child=1 2 3 4 6 -5 -1 -8 9 10 -3 -12 -10 -4
right_child=-2 8 13 5 -6 -7 7 -9 12 -11 11 -13 -14 -15
leaf_value=0.006255075866634506 -0.072477945944690023 -0.033807394372628273 -0.011159015715932773 -0.057631650554827142 0.069178689454789985 0.0025992950890198919 0.035204619505903159 -0.0054742391823383862 -0.0064695031207110849 0.035714799236274207 -0.069281769226692325 0.032959766292582231 0.046323278952171462 0.010753748531325387
leaf_weight=17.238009306543983 0.87509685754775901 4.4592011782660839 10.618497998744711 0.95091930381022283 0.70155396312475105 0.94380280116456561 2.9981337115168567 0.91934111900627602 1.7803866622271018 0.33950559049844731 0.15352579951286305 0.6120244746998651 0.41390566993504752 1.9876690448727465
leaf_count=287 17 241 167 15 4 22 49 13 45 2 1 67 16 19
internal_value=-0.00172158 -0.000318056 0.00295413 0.00861087 0.0117524 -0.0276293 0.00984806 0.0256582 -0.0156521 -0.0232004 -0.0270287 0.0124559 0.00348871 -0.00770394
internal_weight=44.9916 44.1165 36.3579 23.7518 21.857 1.89472 21.1555 3.91747 7.75855 5.56426 5.22475 0.76555 2.19429 12.6062
internal_count=965 948 576 390 353 37 349 62 372 311 309 68 61 186
is_linear=0
shrinkage=0.05


Tree=284
num_leaves=15
num_cat=0
split_feature=72 151 81 173 163 162 81 3 81 171 106 53 49 173
split_gain=1.12188 1.35855 1.27141 0.870319 1.14674 0.515227 0.501947 0.753103 0.47759 0.392004 0.479191 0.346662 0.300097 0.484291
threshold=1.0000000180025095e-35 1.0000000180025095e-35 1.0000000180025095e-35 1.0000000180025095e-35 1.0000000180025095e-35 1.5000000000000002 1.0000000180025095e-35 1.0000000180025095e-35 1.0000000180025095e-35 2.5000000000000004 1.0000000180025095e-35 1.0000000180025095e-35 1.0000000180025095e-35 1.0000000180025095e-35
decision_type=2 2 2 2 2 2 2 2 2 2 2 2 2 2
left_child=1 2 3 4 -1 6 7 12 9 -2 -11 -7 13 -3
right_child=8 5 -4 -5 -6 11 -8 -9 -10 10 -12 -13 -14 -15
leaf_value=-0.044831463182392763 0.012663354619590948 -0.016015571945106544 0.045899452846380313 -0.0033638890526414018 -0.0038835647456548321 -0.036415657056127967 0.068420078711519602 -0.03605200121330622 -0.011380453292252462 -0.038089263925801427 0.054763398167458358 0.014265748833503853 0.058108795440103271 0.026690431600756282
leaf_weight=4.9763018834637478 21.554501916863963 0.86845261539565344 0.77116788399871516 4.6925557947979541 2.6047383472323418 0.82500926006468922 0.45912269293330599 0.65692827908787865 2.5877997330389908 0.74413615619414386 0.17085335610317998 0.57087229751050472 0.49454284459352482 2.8177288893493824
leaf_count=123 299 18 21 154 48 46 5 25 25 70 6 11 4 102
internal_value=0.00193729 -0.00697834 -0.0163744 -0.0202871 -0.0307623 0.0113356 0.0184574 0.0137156 0.00896006 0.0113027 -0.0207512 -0.0156885 0.0215357 0.016629
internal_weight=44.7947 19.7374 13.0448 12.2736 7.58104 6.69266 5.29678 4.83765 25.0573 22.4695 0.91499 1.39588 4.18072 3.68618
internal_count=957 557 346 325 171 211 154 149 400 375 76 57 124 120
is_linear=0
shrinkage=0.05


Tree=285
num_leaves=15
num_cat=0
split_feature=151 132 162 167 73 158 62 67 177 162 72 173 162 29
split_gain=1.21408 1.13376 1.33335 1.72082 0.662911 0.658734 0.631345 0.511382 0.700284 1.6161 1.54737 1.50791 0.505884 0.816606
threshold=1.0000000180025095e-35 1.0000000180025095e-35 1.0000000180025095e-35 1.0000000180025095e-35 1.0000000180025095e-35 1.0000000180025095e-35 1.0000000180025095e-35 1.0000000180025095e-35 1.0000000180025095e-35 1.5000000000000002 1.0000000180025095e-35 1.0000000180025095e-35 1.5000000000000002 1.0000000180025095e-35
decision_type=2 2 2 2 2 2 2 2 2 2 2 2 2 2
left_child=1 2 3 4 -1 7 -2 8 9 10 -4 -12 13 -10
right_child=6 -3 5 -5 -6 -7 -8 -9 12 -11 11 -13 -14 -15
leaf_value=-0.032172634094553829 0.0033518924332714773 -0.062196530095005989 -0.05324220997041415 0.020917965039161761 0.020889053558801843 0.045371109423621631 0.05821299138635088 -0.052620637196492931 -0.019231538867330481 0.11556789182877658 -0.015323776945434167 0.062046466119795501 -0.041898489326733235 0.034316703072940567
leaf_weight=9.3451395842130331 22.30946162961482 1.0609232002752822 0.78706912379129512 2.1051896715071043 0.62818417325615961 0.91469522613624654 0.53704240336082776 0.42714618565514673 2.0722334492020309 0.3902398757636546 1.1514981301734224 1.3898612459888682 0.98367518431041379 1.0846206747810359
leaf_count=204 437 16 67 49 4 26 6 7 19 4 26 12 28 54
internal_value=-0.00346296 -0.011751 -0.00923595 -0.0201597 -0.0288305 0.00510404 0.00464149 0.000659125 0.00355487 0.0193038 0.00801741 0.0269898 -0.0105895 -0.000833625
internal_weight=45.187 22.3405 21.2796 12.0785 9.97332 9.20104 22.8465 8.28634 7.8592 3.71867 3.32843 2.54136 4.14053 3.15685
internal_count=959 516 500 257 208 243 443 217 210 109 105 38 101 73
is_linear=0
shrinkage=0.05


Tree=286
num_leaves=15
num_cat=0
split_feature=124 107 106 111 19 112 162 78 21 85 162 154 163 170
split_gain=0.615647 0.459606 0.37851 0.31726 0.229035 0.201151 0.271704 0.190986 0.136768 0.295963 0.329412 0.304175 0.706119 0.345249
threshold=1.0000000180025095e-35 1.0000000180025095e-35 1.0000000180025095e-35 1.0000000180025095e-35 1.0000000180025095e-35 1.0000000180025095e-35 1.0000000180025095e-35 1.0000000180025095e-35 1.0000000180025095e-35 1.0000000180025095e-35 1.5000000000000002 1.0000000180025095e-35 1.0000000180025095e-35 1.0000000180025095e-35
decision_type=2 2 2 2 2 2 2 2 2 2 2 2 2 2
left_child=1 2 3 4 5 7 -7 8 -1 10 11 12 13 -10
right_child=-2 -3 -4 -5 -6 6 -8 -9 9 -11 -12 -13 -14 -15
leaf_value=0.0075119324643305209 -0.028830711735206488 -0.027205720400474642 -0.0075130938092785107 0.028683881736690543 -0.018962469774750842 -0.051129258183691829 0.022106417763152825 0.035045092987000717 0.0029208048263702924 0.046616569338596599 0.027406313678925383 0.01180299975131302 -0.055545261931399283 -0.053601971507281944
leaf_weight=27.139273478009272 1.5156054198741902 1.1792413634248067 5.7302890336140981 1.5180237893946458 0.94362265896052022 0.34374403208494086 0.20052535954164341 0.57572485264972684 2.4254788759863004 0.31193521758541454 0.75363287418440439 1.3877260020235551 0.85074928891845036 0.30402656877413381
leaf_count=460 15 23 55 17 11 21 14 32 73 8 64 113 25 20
internal_value=0.00249735 0.00358476 0.00443941 0.00630289 0.0053387 0.00600738 -0.024147 0.00649369 0.00599817 -0.000810831 -0.00339651 -0.00806924 -0.0157718 -0.003375
internal_weight=45.1796 43.664 42.4848 36.7545 35.2364 34.2928 0.544269 33.7485 33.1728 6.03355 5.72161 4.96798 3.58025 2.72951
internal_count=951 936 913 858 841 830 35 795 763 303 295 231 118 93
is_linear=0
shrinkage=0.05


Tree=287
num_leaves=15
num_cat=0
split_feature=124 67 153 107 170 109 53 176 154 150 171 172 172 170
split_gain=1.48468 0.551581 0.488805 0.671435 0.465333 0.57427 0.454788 0.269807 0.516378 0.416816 0.214689 0.473269 0.17919 0.493134
threshold=1.0000000180025095e-35 1.0000000180025095e-35 1.0000000180025095e-35 1.0000000180025095e-35 1.5000000000000002 1.0000000180025095e-35 1.0000000180025095e-35 1.0000000180025095e-35 1.0000000180025095e-35 1.0000000180025095e-35 1.0000000180025095e-35 1.0000000180025095e-35 1.5000000000000002 1.0000000180025095e-35
decision_type=2 2 2 2 2 2 2 2 2 2 2 2 2 2
left_child=1 2 3 4 5 6 7 -1 9 -9 -4 -12 -13 -14
right_child=-2 -3 10 -5 -6 -7 -8 8 -10 -11 11 12 13 -15
leaf_value=0.0010893880900973505 -0.059342055742559102 -0.049330671260449856 0.025096875671742416 -0.049352625357372788 -0.032386815034646597 0.037820616246766407 -0.041966482661943055 -0.011770031958419211 0.0253341506705166 -0.058318922430494982 -0.051102291337334654 0.014218896413626288 -0.013560941121260323 0.049341564373809391
leaf_weight=25.639649492746699 1.0906213691923756 0.56496415287256141 1.9451056232210229 0.74898328119888802 1.169990567723288 0.95913062011822958 0.67815463832812284 1.5467773558339102 0.61914183624321584 0.69789797242265184 0.34070646413601924 5.2092899606213905 1.8221366625803059 0.37584883230738331
leaf_count=472 14 10 38 16 17 10 19 31 28 23 19 132 92 15
internal_value=-0.00174183 -0.000257342 0.000406677 -0.00256804 -0.00144891 -0.000247976 -0.0014992 -0.000536402 -0.015092 -0.0262427 0.0102455 0.00651712 0.0091674 -0.0028048
internal_weight=43.4084 42.3178 41.7528 32.0597 31.3107 30.1408 29.1816 28.5035 2.86382 2.24468 9.69309 7.74798 7.40728 2.19799
internal_count=936 922 912 616 600 583 573 554 82 54 296 258 239 107
is_linear=0
shrinkage=0.05


Tree=288
num_leaves=15
num_cat=0
split_feature=81 171 158 72 132 151 112 170 132 21 171 29 6 125
split_gain=0.458255 0.566945 0.304486 0.490282 0.696394 0.482198 0.481571 0.449589 0.439472 0.419075 0.291449 0.265882 0.193213 0.193004
threshold=1.0000000180025095e-35 1.0000000180025095e-35 1.0000000180025095e-35 1.0000000180025095e-35 1.0000000180025095e-35 1.0000000180025095e-35 1.0000000180025095e-35 1.0000000180025095e-35 1.0000000180025095e-35 1.0000000180025095e-35 1.0000000180025095e-35 1.0000000180025095e-35 1.0000000180025095e-35 1.0000000180025095e-35
decision_type=2 2 2 2 2 2 2 2 2 2 2 2 2 2
left_child=2 -2 3 13 5 6 7 12 10 -8 11 -4 -5 -1
right_child=1 -3 8 4 -6 -7 9 -9 -10 -11 -12 -13 -14 -15
leaf_value=-0.0011072714924218084 0.031582202748016867 -0.014402351450519919 -0.054356755914910675 0.033437870075104105 -0.030066350054665944 0.0071378550144640431 -0.037785308250525881 0.001381258298602833 0.026272305085856686 0.034208572373267652 -0.0046550466456079095 -0.006800005329120575 0.058874516595166383 0.020872592006759123
leaf_weight=16.735244055002116 3.0205731084570284 0.86143960489425797 0.6135191491339318 2.9677380198263568 0.89047222211957056 7.3381382645457052 0.49770693632308383 0.94028603582410131 1.0181529739056721 0.34036945551633835 6.8746165086195106 0.56416354002431035 0.99746318720281113 1.0621370126027603
leaf_count=457 20 34 23 44 8 136 35 14 16 2 113 9 17 24
internal_value=0.0049616 0.021378 0.00340115 0.005708 0.0127183 0.0156306 0.0264812 0.0324654 -0.00467867 -0.00854631 -0.00859219 -0.0315749 0.0398366 0.000204474
internal_weight=44.722 3.88201 40.84 31.7696 13.9722 13.0817 5.74356 4.90549 9.07045 0.838076 8.0523 1.17768 3.9652 17.7974
internal_count=952 54 898 737 256 248 112 75 161 37 145 32 61 481
is_linear=0
shrinkage=0.05


Tree=289
num_leaves=15
num_cat=0
split_feature=73 150 162 19 153 166 124 162 171 53 48 109 173 163
split_gain=0.577471 0.572627 0.621512 0.426911 0.552359 0.965504 0.62239 0.512337 0.672454 0.424049 0.383583 0.421881 0.339646 0.399623
threshold=1.0000000180025095e-35 1.0000000180025095e-35 1.0000000180025095e-35 1.0000000180025095e-35 1.0000000180025095e-35 1.0000000180025095e-35 1.0000000180025095e-35 1.5000000000000002 1.0000000180025095e-35 1.0000000180025095e-35 1.0000000180025095e-35 1.0000000180025095e-35 1.5000000000000002 1.0000000180025095e-35
decision_type=2 2 2 2 2 2 2 2 2 2 2 2 2 2
left_child=3 -2 -3 4 5 6 7 10 -9 -10 11 -1 -6 -14
right_child=1 2 -4 -5 12 -7 -8 8 9 -11 -12 -13 13 -15
leaf_value=-0.0010270647310223356 0.001183323747370331 -0.070219411645078819 0.007710087468814685 0.031315657676298757 0.013782067902181352 -0.052648453038287107 -0.049297726557438873 -0.053559464956568527 0.047891021651064319 -0.022565953562036924 0.03094938478175413 0.025006850288699558 -0.054545462774600401 0.017988062673126089
leaf_weight=26.314283795247334 1.1872352212667456 0.874987977091223 0.36157716752495617 1.1650736652663898 8.9981085396138916 0.93218189047183742 0.6536810863763084 0.99258461082354077 0.36302673083264381 0.51866335654631257 1.074923887848853 1.6539591848850239 0.40996515005827028 0.3537516463547945
leaf_count=457 18 18 29 12 220 85 8 13 22 6 5 8 17 38
internal_value=0.000132358 -0.0236193 -0.0474325 0.00145792 0.000634862 -0.00249764 -0.00101687 3.9252e-06 -0.0253328 0.00644397 0.00163901 0.000512504 0.011065 -0.0209481
internal_weight=45.854 2.4238 1.23657 43.4302 42.2651 32.5033 31.5711 30.9174 1.87427 0.88169 29.0432 27.9682 9.76183 0.763717
internal_count=956 65 47 891 879 604 519 511 41 28 470 465 275 55
is_linear=0
shrinkage=0.05


Tree=290
num_leaves=15
num_cat=0
split_feature=133 107 150 73 40 162 168 81 171 124 23 163 94 94
split_gain=1.02694 0.466381 0.400368 0.351402 0.400151 0.57514 0.426175 0.728796 0.455343 0.341137 0.315151 0.53799 0.401088 0.372676
threshold=1.0000000180025095e-35 1.0000000180025095e-35 1.0000000180025095e-35 1.0000000180025095e-35 1.0000000180025095e-35 1.5000000000000002 1.0000000180025095e-35 1.0000000180025095e-35 1.5000000000000002 1.0000000180025095e-35 1.0000000180025095e-35 1.0000000180025095e-35 1.0000000180025095e-35 1.0000000180025095e-35
decision_type=2 2 2 2 2 2 2 2 2 2 2 2 2 2
left_child=1 2 9 4 6 -6 7 -4 -8 10 12 13 -1 -12
right_child=-2 -3 3 -5 5 -7 8 -9 -10 -11 11 -13 -14 -15
leaf_value=0.0061736975819377876 -0.069319630753052863 -0.029197222918830687 -0.028988211287399226 0.018166836651489948 0.040003202981222577 -0.043517802367092073 -0.0058794792227390832 0.03228024514233159 0.028233714296908515 0.036858070393430385 -0.026567228640150001 0.073474565211209958 -0.026804016129545367 0.035357715166416913
leaf_weight=25.167816186818538 0.49790183897130091 1.1059237627778191 3.6640754349646132 1.8049280096311129 0.96146516851149566 0.26236781367333606 7.7558616390451789 0.559481662348844 1.119398983515566 0.93974481336772342 0.43434728347347007 0.46170261327642947 0.9570796029875045 0.55140581727027893
leaf_count=486 16 23 120 43 29 24 71 10 30 12 57 23 22 2
internal_value=0.00210022 0.00287757 0.0036722 -0.00262386 -0.00524389 0.0220978 -0.00779845 -0.0208722 -0.00157693 0.00723351 0.00622382 0.0289338 0.00496557 0.00807205
internal_weight=46.2435 45.7456 44.6397 16.1276 14.3227 1.22383 13.0988 4.22356 8.87526 28.5121 27.5724 1.44746 26.1249 0.985753
internal_count=968 952 929 327 284 53 231 130 101 602 590 82 508 59
is_linear=0
shrinkage=0.05


Tree=291
num_leaves=15
num_cat=0
split_feature=52 29 86 170 162 167 176 81 72 153 163 171 171 86
split_gain=1.65817 0.510195 0.919408 1.01012 0.799024 0.713582 0.601634 0.577326 0.560614 0.518038 0.493388 0.487839 0.482039 0.47527
threshold=1.0000000180025095e-35 1.0000000180025095e-35 1.0000000180025095e-35 1.0000000180025095e-35 1.0000000180025095e-35 1.0000000180025095e-35 1.0000000180025095e-35 1.0000000180025095e-35 1.0000000180025095e-35 1.0000000180025095e-35 1.0000000180025095e-35 1.5000000000000002 2.5000000000000004 1.0000000180025095e-35
decision_type=2 2 2 2 2 2 2 2 2 2 2 2 2 2
left_child=1 2 3 6 5 -5 10 9 -8 11 -1 -3 -11 -14
right_child=-2 7 -4 4 -6 -7 8 -9 -10 12 -12 -13 13 -15
leaf_value=-0.00036437809242288884 -0.064913240548150938 -0.0054770304647031361 -0.044803663145072441 0.046726119510919539 -0.019268806227656178 -0.00087864626434302974 -0.064597710140853998 0.057528220868496266 -0.013424600108813512 0.052409914652807643 -0.027229576336226208 0.050676054056385825 -0.040883652935701842 0.050950232583378011
leaf_weight=24.721628496059573 1.0138699123635877 4.4586670915596178 1.2494746448937792 2.4625370403518891 0.98574355931486923 1.1570785650983455 0.72043499263236244 0.63379936176352192 2.081626137951389 1.0404176235024349 1.835944587830453 0.42352495790692035 0.35310203750850622 0.23442307220830116
leaf_count=432 21 102 42 19 40 17 47 14 40 41 20 45 16 48
internal_value=-0.00172194 -0.000209422 -0.00268101 -0.00113144 0.0206399 0.0315084 -0.0045465 0.0119737 -0.0265817 0.00753876 -0.00222159 -0.00060581 0.0319643 -0.00424185
internal_weight=43.3723 42.3584 35.2145 33.965 4.60536 3.61962 29.3596 7.14393 2.80206 6.51013 26.5576 4.88219 1.62794 0.587525
internal_count=944 923 657 615 76 36 539 266 87 252 452 147 105 64
is_linear=0
shrinkage=0.05


Tree=292
num_leaves=15
num_cat=0
split_feature=16 72 150 49 38 29 86 94 170 162 170 170 167 171
split_gain=0.663459 0.800527 1.68355 1.41319 0.962877 0.961193 1.03366 0.685038 0.62612 0.596043 0.713675 0.959273 0.555787 0.916966
threshold=1.0000000180025095e-35 1.0000000180025095e-35 1.0000000180025095e-35 1.0000000180025095e-35 1.0000000180025095e-35 1.0000000180025095e-35 1.0000000180025095e-35 1.0000000180025095e-35 1.0000000180025095e-35 1.0000000180025095e-35 1.0000000180025095e-35 1.5000000000000002 1.0000000180025095e-35 1.0000000180025095e-35
decision_type=2 2 2 2 2 2 2 2 2 2 2 2 2 2
left_child=-1 2 3 4 5 6 -2 -8 -7 -3 12 -12 13 -11
right_child=1 9 -4 -5 -6 8 7 -9 -10 10 11 -13 -14 -15
leaf_value=0.026837812372910577 -0.038569122322057676 0.010191803478605653 0.017492635568571353 0.065971611842212272 0.043113563948826955 -0.0079438229188816666 0.044213757251933605 -0.032362697502964527 0.062035129869128881 -0.010929882506453025 -0.045229395400760125 0.018323910548711669 -0.027577071170903657 0.02943471581350195
leaf_weight=2.1664979775086968 8.2481046183383988 15.57694590376923 4.2402532618871183 0.47358848713338453 0.54267411958426315 2.1187357836170118 0.67856986512197248 0.51273417216725647 0.37643077294342209 2.7423415519297105 2.0212537512998101 0.84071783261606459 1.2094831328722646 2.8894754382199608
leaf_count=34 252 172 150 9 5 84 22 11 5 34 56 11 64 71
internal_value=-0.000151652 -0.00152841 -0.00985273 -0.0188059 -0.0220237 -0.0249856 -0.032281 0.0112554 0.00261348 0.00413231 -0.00559517 -0.0265603 0.00317533 0.00977969
internal_weight=44.6378 42.4713 17.1911 12.9508 12.4772 11.9346 9.43941 1.1913 2.49517 25.2802 9.70327 2.86197 6.8413 5.63182
internal_count=980 946 538 388 379 374 285 33 89 408 236 67 169 105
is_linear=0
shrinkage=0.05


Tree=293
num_leaves=15
num_cat=0
split_feature=19 132 94 171 166 162 112 162 162 148 162 81 162 151
split_gain=0.84657 0.404473 0.341841 0.480692 0.421463 0.762985 0.323671 0.304908 0.295962 0.287802 0.239525 0.213289 1.48553 0.650924
threshold=1.0000000180025095e-35 1.0000000180025095e-35 1.0000000180025095e-35 2.5000000000000004 1.0000000180025095e-35 1.0000000180025095e-35 1.0000000180025095e-35 1.5000000000000002 1.0000000180025095e-35 1.0000000180025095e-35 1.0000000180025095e-35 1.0000000180025095e-35 1.5000000000000002 1.0000000180025095e-35
decision_type=2 2 2 2 2 2 2 2 2 2 2 2 2 2
left_child=1 2 3 6 5 -4 9 -5 -3 11 -8 -1 13 -13
right_child=-2 8 4 7 -6 -7 10 -9 -10 -11 -12 12 -14 -15
leaf_value=0.0075789979889792081 -0.042683818521114462 0.0041773175932891243 -0.050019663176570861 -0.026720907497024861 0.023458658878525961 -0.00034516247321923738 -0.051052625522296773 0.026890114004350537 -0.040403941499123637 -0.012610259817894091 0.020943050490582087 -0.012579385361639987 0.073583123127381675 0.036127230756734678
leaf_weight=30.930998734664172 0.99959301686612789 0.64677421748638042 1.1247716136276715 1.6309881775232487 0.83985237573506299 2.4717956184758805 0.39882714301347633 0.31671901907247946 0.87718937621684745 1.610882413573562 0.16263495676685125 2.1453215028159311 0.97598921204917122 1.0083738833200189
leaf_count=584 11 6 15 117 13 48 26 36 17 23 12 26 12 7
internal_value=0.00282902 0.00383684 0.00472153 0.006211 -0.00843294 -0.0158801 0.00747768 -0.0180032 -0.0214835 0.00805451 -0.0301981 0.00900397 0.0196769 0.00299424
internal_weight=46.1407 45.1411 43.6172 39.1807 4.43642 3.59657 37.233 1.94771 1.52396 36.6716 0.561462 35.0607 4.12968 3.1537
internal_count=953 942 919 843 76 63 690 153 23 652 38 629 45 33
is_linear=0
shrinkage=0.05


Tree=294
num_leaves=15
num_cat=0
split_feature=112 162 177 173 16 26 168 3 162 162 124 151 3 86
split_gain=0.306719 0.272323 1.12397 0.234749 0.673623 0.382648 1.03729 0.606115 2.11691 1.25469 0.565084 0.423055 0.590875 0.693001
threshold=1.0000000180025095e-35 1.5000000000000002 1.0000000180025095e-35 1.0000000180025095e-35 1.0000000180025095e-35 1.0000000180025095e-35 1.0000000180025095e-35 1.0000000180025095e-35 1.0000000180025095e-35 1.0000000180025095e-35 1.0000000180025095e-35 1.0000000180025095e-35 1.0000000180025095e-35 1.0000000180025095e-35
decision_type=2 2 2 2 2 2 2 2 2 2 2 2 2 2
left_child=1 3 -3 -1 -5 6 7 8 -6 -9 11 -7 -13 -14
right_child=-2 2 -4 4 5 10 -8 9 -10 -11 -12 12 13 -15
leaf_value=0.0093903416821054311 -0.031532005285915141 -0.073782240948816274 0.0048677050099740823 -0.059884849738566753 -0.053848981468267734 -0.03548140379311307 -0.047184499473800823 0.057918388375601551 0.017153360131788763 -0.0061770737167185542 0.077349661384100765 0.025027891546109939 -0.059280341905142378 0.037970748845011455
leaf_weight=28.340131234959699 0.56007944920565833 0.54458038683514987 2.7386367373983376 0.43330410297494104 1.6129109843168388 0.45570515908184539 1.1411858859355559 1.3205579714849591 3.0067203324579168 1.8100793762132525 0.33658551797270764 3.1671720140730035 0.49634585826424871 0.29033493914175779
leaf_count=387 36 16 112 16 46 65 25 12 52 32 2 119 23 16
internal_value=0.00524445 0.00569522 -0.0081778 0.00676919 0.00148994 0.00343998 -0.00267908 0.0038741 -0.0076366 0.0208595 0.0149035 0.0101369 0.0153947 -0.0233885
internal_weight=46.2543 45.6943 3.28322 42.411 14.0709 13.6376 8.89145 7.75027 4.61963 3.13064 4.74614 4.40956 3.95385 0.786681
internal_count=959 923 128 795 408 392 167 142 98 44 225 223 158 39
is_linear=0
shrinkage=0.05


Tree=295
num_leaves=15
num_cat=0
split_feature=92 153 16 172 158 3 6 162 94 107 86 151 177 171
split_gain=0.48423 0.314214 0.905596 0.888901 0.791397 1.0057 0.932871 0.647692 0.633489 0.603896 0.481101 0.391215 0.645904 0.627183
threshold=1.0000000180025095e-35 1.0000000180025095e-35 1.0000000180025095e-35 1.5000000000000002 1.0000000180025095e-35 1.0000000180025095e-35 1.0000000180025095e-35 1.0000000180025095e-35 1.0000000180025095e-35 1.0000000180025095e-35 1.0000000180025095e-35 1.0000000180025095e-35 1.0000000180025095e-35 1.0000000180025095e-35
decision_type=2 2 2 2 2 2 2 2 2 2 2 2 2 2
left_child=1 -1 -3 4 5 6 8 -5 11 10 -9 12 13 -4
right_child=-2 2 3 7 -6 -7 -8 9 -10 -11 -12 -13 -14 -15
leaf_value=0.0029555879601043198 0.048742030054933771 -0.054055162630446463 0.02574312414823763 0.028299816980081407 -0.041704045867445076 0.063154350344843208 -0.025713175520556755 -0.049442856372961239 -0.020179751833444753 0.054009354188515629 0.024217341020737415 0.059686200648733229 0.069092359254942434 -0.053306616163078614
leaf_weight=36.211410659452667 0.64446887755184334 0.47765400761272658 0.90156427212059342 0.81460229703225229 0.40389520017197345 1.7144625188084317 0.95470338320592407 1.266911497514229 0.53828662633895863 0.20914446073584247 0.26868314831517626 1.2836473073402885 0.54222356341779243 0.34768458106555045
leaf_count=649 14 14 18 8 26 30 33 38 7 4 46 39 10 19
internal_value=0.00570232 0.00509847 0.0130789 0.0165471 0.0261387 0.0305002 0.0182447 -0.0085116 0.0298589 -0.0256985 -0.0365545 0.0386179 0.0235218 0.0037424
internal_weight=46.5793 45.9349 9.72346 9.24581 6.68647 6.28257 4.56811 2.55934 3.61341 1.74474 1.53559 3.07512 1.79147 1.24925
internal_count=955 941 292 278 182 156 126 96 93 88 84 86 47 37
is_linear=0
shrinkage=0.05


Tree=296
num_leaves=15
num_cat=0
split_feature=73 172 81 72 21 170 172 72 86 166 153 16 153 167
split_gain=0.87318 1.60958 0.744274 1.36802 0.565043 0.850085 0.491623 0.369511 0.851382 0.34829 0.431123 0.330645 0.601337 0.293488
threshold=1.0000000180025095e-35 1.5000000000000002 1.0000000180025095e-35 1.0000000180025095e-35 1.0000000180025095e-35 1.5000000000000002 1.0000000180025095e-35 1.0000000180025095e-35 1.0000000180025095e-35 1.0000000180025095e-35 1.0000000180025095e-35 1.0000000180025095e-35 1.0000000180025095e-35 1.0000000180025095e-35
decision_type=2 2 2 2 2 2 2 2 2 2 2 2 2 2
left_child=2 -2 4 6 5 11 -4 9 -9 10 13 -1 -13 -6
right_child=1 -3 3 -5 7 -7 -8 8 -10 -11 -12 12 -14 -15
leaf_value=0.032232958171546935 -0.062373040040731846 0.018463092086155958 0.045567911325758249 -0.049705730375880552 -0.046582219144097152 -0.047227110448988217 -0.0096728490425681875 -0.058459140032730464 0.0341757508574142 0.031101641386346381 0.0079019247714346274 0.0071979646139532149 0.026720833934789592 -0.0080053575864349035
leaf_weight=1.8263654282782287 1.3268154016695908 1.1491470440523699 0.73099611443467349 1.626236337935552 0.76914476745878269 0.62664906494319339 0.89699239024776034 0.82967283547623061 0.35381045236135833 0.77461421937914554 2.8188387959962711 24.754171154520012 4.6919147935986976 1.3734138016006909
leaf_count=19 31 36 16 24 52 6 14 69 27 63 81 401 98 30
internal_value=0.00400051 -0.0248553 0.00569866 -0.0172698 0.00762414 0.0104337 0.0151312 -0.00532804 -0.0307653 -7.96918e-05 -0.00494798 0.0115891 0.0103087 -0.0218538
internal_weight=44.5488 2.47596 42.0728 3.25422 38.8186 31.8991 1.62799 6.91949 1.18348 5.73601 4.9614 31.2725 29.4461 2.14256
internal_count=967 67 900 54 846 524 30 322 96 226 163 518 499 82
is_linear=0
shrinkage=0.05


Tree=297
num_leaves=15
num_cat=0
split_feature=111 72 162 40 151 171 94 167 170 170 151 171 16 153
split_gain=1.31073 1.36225 0.529586 0.52254 0.926891 0.462743 0.46289 0.39115 0.874601 0.386078 0.377825 0.362548 0.417135 0.333403
threshold=1.0000000180025095e-35 1.0000000180025095e-35 1.0000000180025095e-35 1.0000000180025095e-35 1.0000000180025095e-35 1.0000000180025095e-35 1.0000000180025095e-35 1.0000000180025095e-35 1.0000000180025095e-35 1.5000000000000002 1.0000000180025095e-35 1.5000000000000002 1.0000000180025095e-35 1.0000000180025095e-35
decision_type=2 2 2 2 2 2 2 2 2 2 2 2 2 2
left_child=1 2 11 5 -5 6 7 8 10 -7 -3 12 -1 -14
right_child=-2 3 -4 4 -6 9 -8 -9 -10 -11 -12 -13 13 -15
leaf_value=0.048420528491903862 0.045956458395188984 -0.024976652543982309 -0.0025727289495431982 0.065617301189161772 -0.048968203451550334 -0.023127584183756811 -0.04450240019588645 0.019135375806182877 0.023686918875456112 0.014348306076800385 0.010851056810082088 -0.0015096383205603571 0.0050164400111355782 0.028451558445600857
leaf_weight=1.0609085820615289 1.3710126364603628 4.0062682628631627 10.1928740604053 0.5271736832219166 0.26530286489287391 10.800642400979992 0.70435066893696863 1.6951161582255734 1.649639409035444 0.73394495900720436 0.90142567385919381 2.8800206629384775 3.7390744839794952 2.5545294326730072
leaf_count=6 18 43 336 26 22 207 8 46 9 4 15 76 105 32
internal_value=-0.00214786 -0.003729 0.00549437 -0.0125812 0.0272567 -0.0141219 -0.00559524 -0.0022745 -0.0078091 -0.020743 -0.018396 0.0135286 0.0194176 0.0145286
internal_weight=43.0823 41.7113 20.4274 21.2839 0.792477 20.4914 8.9568 8.25245 6.55733 11.5346 4.90769 10.2345 7.35451 6.2936
internal_count=953 935 555 380 48 332 121 113 67 211 58 219 143 137
is_linear=0
shrinkage=0.05


Tree=298
num_leaves=15
num_cat=0
split_feature=73 21 171 23 29 171 3 6 170 158 151 29 86 72
split_gain=0.878957 0.565517 0.434347 0.371038 0.528772 0.566644 0.419409 0.489352 0.450283 0.366993 0.352011 0.30027 1.00604 0.229378
threshold=1.0000000180025095e-35 1.0000000180025095e-35 1.5000000000000002 1.0000000180025095e-35 1.0000000180025095e-35 3.5000000000000004 1.0000000180025095e-35 1.0000000180025095e-35 1.0000000180025095e-35 1.0000000180025095e-35 1.0000000180025095e-35 1.0000000180025095e-35 1.0000000180025095e-35 1.0000000180025095e-35
decision_type=2 2 2 2 2 2 2 2 2 2 2 2 2 2
left_child=1 9 -3 6 5 -5 7 8 11 -1 -2 -4 -13 -11
right_child=10 2 3 4 -6 -7 -8 -9 -10 13 -12 12 -14 -15
leaf_value=0.010799678561393723 -0.066891291600281941 -0.066763901237743117 0.01035044861408319 -0.068443568303492727 0.050227846454028217 0.0544784382774006 -0.03395420812513833 0.043629034468408844 -0.038883018371658404 -0.027098573643460418 -0.016898814441586151 0.050374936145013163 -0.099439486449525022 0.0014874453239877624
leaf_weight=25.921101500483928 0.42424119100905899 0.29676406038924952 3.4192850815015849 0.6676064900602795 0.15403934405185282 0.10907144844532013 0.81105220492463548 0.69901809754082922 0.67832043935777608 0.76857788255437931 2.0711822514422238 0.20152452657930542 0.2524169284151867 8.071329650701955
leaf_count=440 22 3 87 67 51 1 43 18 22 29 47 30 10 82
internal_value=0.0034333 0.00514426 -0.00751821 -0.00500374 -0.0343974 -0.0511812 -0.00049056 0.00467855 -0.00130339 0.00779948 -0.0253979 0.00527795 -0.0329303 -0.000997941
internal_weight=44.5455 42.0501 7.2891 6.99233 0.930717 0.776678 6.06162 5.25057 4.55155 34.761 2.49542 3.87323 0.453941 8.83991
internal_count=952 883 332 329 119 68 210 167 149 551 69 127 40 111
is_linear=0
shrinkage=0.05


Tree=299
num_leaves=15
num_cat=0
split_feature=29 164 165 162 81 171 86 154 94 19 171 173 81 94
split_gain=0.993719 0.555992 0.776921 0.599814 0.504587 0.420006 0.436092 0.566144 0.438925 0.40972 0.541524 0.867526 0.865387 0.690248
threshold=1.0000000180025095e-35 1.0000000180025095e-35 1.0000000180025095e-35 1.5000000000000002 1.0000000180025095e-35 2.5000000000000004 1.0000000180025095e-35 1.0000000180025095e-35 1.0000000180025095e-35 1.0000000180025095e-35 1.0000000180025095e-35 1.0000000180025095e-35 1.0000000180025095e-35 1.0000000180025095e-35
decision_type=2 2 2 2 2 2 2 2 2 2 2 2 2 2
left_child=1 3 -3 9 5 6 7 8 -2 10 11 12 13 -1
right_child=4 2 -4 -5 -6 -7 -8 -9 -10 -11 -12 -13 -14 -15
leaf_value=-0.009645056117244491 0.012786465889961462 -0.04741710995572096 0.026997070666938506 -0.041826475590819645 0.056633248621394322 0.051093542078713722 -0.043327377665581451 -0.018559282387248379 0.058097719932460962 0.02683029063375203 0.0021806520459353605 0.012945966934870249 -0.062886534994777435 -0.063410378608667786
leaf_weight=9.5828730538487381 3.378473408141871 1.5535555015376297 0.4530427986755966 0.99426160015718679 0.67631405501742836 0.59613703085051373 0.40045592858223233 1.251804864790756 0.63490349042695005 1.1559371575713147 18.485732354893116 3.0254211565479627 0.94991596974432546 0.63661096990108568
leaf_count=156 115 58 10 24 17 81 12 39 12 10 348 47 11 5
internal_value=-0.00175437 -0.00502372 -0.0306161 -0.00354935 0.0156041 0.0111727 0.00697219 0.0107978 0.0199546 -0.0024246 -0.00345937 -0.0108043 -0.0172375 -0.0129943
internal_weight=43.7754 36.8374 2.0066 34.8308 6.93809 6.26177 5.66564 5.26518 4.01338 33.8365 32.6806 14.1948 11.1694 10.2195
internal_count=945 669 68 601 276 259 178 166 127 577 567 219 172 161
is_linear=0
shrinkage=0.05


end of trees

feature_importances:
k_BETA-LACTAM=231
k_STREPTOMYCIN=219
k_QUINOLONE=183
blaCMY-2=172
k_SULFONAMIDE=150
k_CEPHALOSPORIN=143
cyaA_S352T=141
k_NITROFURAN=129
tet(A)=128
gyrA_S83L=119
blaTEM-1=114
k_TETRACYCLINE=113
sul2=112
tet(B)=102
emrD=98
acrF=97
aadA1=85
k_TRIMETHOPRIM=80
aac(3)-VIa=79
sul1=78
aph(6)-Id=71
nfsA_N134IfsTer94=71
nfsA_Y200Ter=71
uhpT_E350Q=71
aph(3'')-Ib=68
nfsA_H11Y=65
k_GENTAMICIN=65
ampC_C-42T=58
parC_S57T=57
k_CHLORAMPHENICOL=57
blaSHV-2A=56
floR=53
dfrA1=51
aph(3')-Ia=49
cirA_D258RfsTer5=49
cirA_D46MfsTer21=49
cirA_R86S=49
nfsA_D210LfsTer46=45
k_KANAMYCIN=45
nfsA_E99Ter=44
mdtM=36
cirA_G197CfsTer13=35
parE_I355T=35
k_NITROFURANTOIN=34
nfsA_L184WfsTer72=33
k_rule=30
sat2=27
cirA_W370Ter=24
cirA_G138AfsTer15=22
nfsA_W77Ter=21
estX-3=20
dfrA14=19
dfrA17=16
gyrA_D87N=14
nfsB_E72SfsTer23=14
aadA2=13
aadA5=11
mph(A)=11
cirA_Q56Ter=10
dfrA12=10
parC_S80I=10
folP_F28L=9
dfrA15=8
k_TOBRAMYCIN=6
aadA6=4
sul3=4
blaCMY=2
cmlA1=2
mrx(A)=2
nfsA_Q147FfsTer82=1

parameters:
[boosting: gbdt]
[objective: binary]
[metric: binary_logloss]
[tree_learner: serial]
[device_type: cpu]
[data_sample_strategy: bagging]
[data: ]
[valid: ]
[num_iterations: 300]
[learning_rate: 0.05]
[num_leaves: 15]
[num_threads: 12]
[seed: 0]
[deterministic: 0]
[force_col_wise: 0]
[force_row_wise: 0]
[histogram_pool_size: -1]
[max_depth: -1]
[min_data_in_leaf: 10]
[min_sum_hessian_in_leaf: 0.001]
[bagging_fraction: 0.8]
[pos_bagging_fraction: 1]
[neg_bagging_fraction: 1]
[bagging_freq: 1]
[bagging_seed: 3]
[bagging_by_query: 0]
[feature_fraction: 0.8]
[feature_fraction_bynode: 1]
[feature_fraction_seed: 2]
[extra_trees: 0]
[extra_seed: 6]
[early_stopping_round: 0]
[early_stopping_min_delta: 0]
[first_metric_only: 0]
[max_delta_step: 0]
[lambda_l1: 0]
[lambda_l2: 0]
[linear_lambda: 0]
[min_gain_to_split: 0]
[drop_rate: 0.1]
[max_drop: 50]
[skip_drop: 0.5]
[xgboost_dart_mode: 0]
[uniform_drop: 0]
[drop_seed: 4]
[top_rate: 0.2]
[other_rate: 0.1]
[min_data_per_group: 100]
[max_cat_threshold: 32]
[cat_l2: 10]
[cat_smooth: 10]
[max_cat_to_onehot: 4]
[top_k: 20]
[monotone_constraints: ]
[monotone_constraints_method: basic]
[monotone_penalty: 0]
[feature_contri: ]
[forcedsplits_filename: ]
[refit_decay_rate: 0.9]
[cegb_tradeoff: 1]
[cegb_penalty_split: 0]
[cegb_penalty_feature_lazy: ]
[cegb_penalty_feature_coupled: ]
[path_smooth: 0]
[interaction_constraints: ]
[verbosity: -1]
[saved_feature_importance_type: 0]
[use_quantized_grad: 0]
[num_grad_quant_bins: 4]
[quant_train_renew_leaf: 0]
[stochastic_rounding: 1]
[linear_tree: 0]
[max_bin: 255]
[max_bin_by_feature: ]
[min_data_in_bin: 3]
[bin_construct_sample_cnt: 200000]
[data_random_seed: 1]
[is_enable_sparse: 1]
[enable_bundle: 1]
[use_missing: 1]
[zero_as_missing: 0]
[feature_pre_filter: 1]
[pre_partition: 0]
[two_round: 0]
[header: 0]
[label_column: ]
[weight_column: ]
[group_column: ]
[ignore_column: ]
[categorical_feature: ]
[forcedbins_filename: ]
[precise_float_parser: 0]
[parser_config_file: ]
[objective_seed: 5]
[num_class: 1]
[is_unbalance: 0]
[scale_pos_weight: 1]
[sigmoid: 1]
[boost_from_average: 1]
[reg_sqrt: 0]
[alpha: 0.9]
[fair_c: 1]
[poisson_max_delta_step: 0.7]
[tweedie_variance_power: 1.5]
[lambdarank_truncation_level: 30]
[lambdarank_norm: 1]
[label_gain: ]
[lambdarank_position_bias_regularization: 0]
[eval_at: ]
[multi_error_top_k: 1]
[auc_mu_weights: ]
[num_machines: 1]
[local_listen_port: 12400]
[time_out: 120]
[machine_list_filename: ]
[machines: ]
[gpu_platform_id: -1]
[gpu_device_id: -1]
[gpu_device_id_list: ]
[gpu_use_dp: 0]
[num_gpu: 1]

end of parameters

pandas_categorical:[]
