tree
version=v4
num_class=1
num_tree_per_iteration=1
label_index=0
max_feature_idx=304
objective=binary sigmoid:1
feature_names=aac(3)-IId aac(3)-IIe aac(3)-IIg aac(3)-IVa aac(3)-VIa aac(6')-IIc aac(6')-Ib aac(6')-Ib' aac(6')-Ib-cr aac(6')-Ib-cr5 aac(6')-Ib3 aac(6')-Ib4 aadA1 aadA12 aadA13 aadA15 aadA16 aadA2 aadA22 aadA5 aadA6 aadA7 acrB_R717L acrF acrR_E190RfsTer20 acrR_E67Ter acrR_G28R acrR_K80NfsTer9 acrR_L109YfsTer28 acrR_P182RfsTer62 acrR_Q143Ter acrR_Q78Ter acrR_R45C acrR_S30HfsTer59 acrR_T5N acrR_V29YfsTer44 ampC_C-11T ampC_C-42T ampC_T-32A ant(2'')-Ia aph(3'')-Ib aph(3')-IIa aph(3')-Ia aph(3')-VI aph(4)-Ia aph(6)-Ic aph(6)-Id armA arr arr-2 arr-3 blaCARB-2 blaCMY blaCMY-2 blaCMY-4 blaCMY-42 blaCMY-6 blaCTX-M blaCTX-M-1 blaCTX-M-14 blaCTX-M-15 blaCTX-M-2 blaCTX-M-27 blaCTX-M-3 blaCTX-M-32 blaCTX-M-55 blaCTX-M-65 blaCTX-M-8 blaCTX-M-9 blaDHA blaDHA-1 blaEC blaEC-5 blaHER blaHER-3 blaKPC-2 blaKPC-3 blaNDM-1 blaNDM-5 blaNDM-7 blaOXA blaOXA-1 blaOXA-10 blaOXA-181 blaOXA-2 blaOXA-244 blaOXA-48 blaOXA-9 blaSHV blaSHV-1 blaSHV-12 blaSHV-2A blaTEM blaTEM-1 blaTEM-135 blaTEM-176 blaTEM-30 blaTEM-40 blaTEM-52 blaTEMp_C32T blaTEMp_G162T ble bleO catA1 catA2 catB3 cirA_A113PfsTer9 cirA_D258RfsTer5 cirA_D46MfsTer21 cirA_E211KfsTer2 cirA_E240Ter cirA_E41Ter cirA_E450AfsTer30 cirA_E532Ter cirA_E57KfsTer10 cirA_G138AfsTer15 cirA_G197CfsTer13 cirA_G437AfsTer10 cirA_G88AfsTer1 cirA_I130AfsTer24 cirA_I160NfsTer22 cirA_I160SfsTer34 cirA_I229YfsTer1 cirA_K320QfsTer9 cirA_N303TfsTer7 cirA_P304LfsTer6 cirA_P421TfsTer1 cirA_Q216Ter cirA_Q260Ter cirA_Q56Ter cirA_Q65Ter cirA_R284VfsTer8 cirA_R479VfsTer3 cirA_R61Ter cirA_R86S cirA_S165Ter cirA_S90YfsTer15 cirA_T190PfsTer4 cirA_V239RfsTer47 cirA_V74CfsTer5 cirA_W164Ter cirA_W21Ter cirA_W243Ter cirA_W370Ter cirA_W430GfsTer17 cirA_W455Ter cirA_W621Ter cirA_Y390Ter cmlA1 cmlA5 cmlA6 cyaA_S352T dfrA1 dfrA12 dfrA14 dfrA15 dfrA16 dfrA17 dfrA19 dfrA27 dfrA29 dfrA36 dfrA5 dfrA7 dfrA8 emrD ere(A) erm(42) erm(B) estT estX estX-3 floR folP_F28L fosA fosA3 fosA4 fosA7 fosA7.5 ftsI_I336IKYRI ftsI_N337NYRIN gyrA_D87G gyrA_D87N gyrA_D87Y gyrA_S83A gyrA_S83L gyrA_S83V lnu(A) lnu(F) lnu(G) marR_S3N mcr-1.1 mcr-9 mcr-9.1 mdtM mef(B) mef(C) mph(A) mph(B) mph(E) mph(G) mrx(A) msr(E) nfsA_D210LfsTer46 nfsA_E99Ter nfsA_G126R nfsA_G131D nfsA_G96SfsTer16 nfsA_H11Y nfsA_K68NfsTer2 nfsA_L184WfsTer72 nfsA_L43CfsTer18 nfsA_N134IfsTer94 nfsA_Q100Ter nfsA_Q113Ter nfsA_Q147FfsTer82 nfsA_Q195Ter nfsA_Q26Ter nfsA_Q67Ter nfsA_Q88Ter nfsA_R203C nfsA_R218Ter nfsA_W159Ter nfsA_W212Ter nfsA_W77Ter nfsA_Y128PfsTer6 nfsA_Y200Ter nfsB_E72SfsTer23 nfsB_F167LfsTer11 nfsB_F84S nfsB_Q101Ter nfsB_W94Ter ompC_Q82Ter ompF_A233LfsTer7 ompF_D34RfsTer1 ompF_Q88Ter ompF_Y253EfsTer3 oqxA oqxB parC_A108T parC_A56T parC_E84G parC_E84K parC_E84V parC_S57T parC_S80I parC_S80R parE_D475E parE_E460D parE_I355T parE_I529L parE_L416F parE_L445H parE_S458A parE_S458T pmrB_V161G ptsI_V25I qepA4 qnrA1 qnrB1 qnrB19 qnrB4 qnrS qnrS1 qnrS2 qseB qseC rdmCL rmtB1 rmtC rmtE1 sat2 soxR_G121D soxS_A12S sul1 sul2 sul3 tet(A) tet(B) tet(C) tet(D) tet(M) uhpT_E350Q k_AMIKACIN k_AMOXICILLIN-CLAVULANIC_ACID k_AZITHROMYCIN k_BETA-LACTAM k_CARBAPENEM k_CEPHALOSPORIN k_CHLORAMPHENICOL k_COLISTIN k_GENTAMICIN k_KANAMYCIN k_NITROFURAN k_NITROFURANTOIN k_PIPERACILLIN-TAZOBACTAM k_QUINOLONE k_STREPTOMYCIN k_SULFONAMIDE k_TETRACYCLINE k_TICARCILLIN-CLAVULANIC_ACID k_TIGECYCLINE k_TOBRAMYCIN k_TRIMETHOPRIM k_rule
feature_infos=[0:1] [0:1] none [0:1] [0:1] none [0:1] none none [0:1] [0:1] none [0:1] [0:1] none none none [0:1] [0:1] [0:1] [0:1] none none [0:1] none none none none [0:1] none none none none none [0:1] [0:1] none [0:1] [0:1] [0:1] [0:1] [0:1] [0:1] none [0:1] [0:1] [0:1] none none none [0:1] [0:1] [0:1] [0:1] none [0:1] [0:1] [0:1] [0:1] [0:1] [0:1] none [0:1] none [0:1] [0:1] [0:1] [0:1] none none [0:1] [0:1] [0:1] [0:1] [0:1] none [0:1] [0:1] [0:1] none none [0:1] none none none none none [0:1] none [0:1] [0:1] [0:1] [0:1] [0:1] [0:1] none none none [0:1] [0:1] none [0:1] [0:1] [0:1] none [0:1] none [0:1] [0:1] [0:1] [0:1] none [0:1] none none [0:1] [0:1] none none none [0:1] [0:1] none none none none [0:1] none none [0:1] none none [0:1] none [0:1] none [0:1] [0:1] [0:1] none none [0:1] [0:1] [0:1] [0:1] none none none [0:1] [0:1] [0:1] [0:1] [0:1] [0:1] [0:1] [0:1] [0:1] [0:1] none none none none [0:1] [0:1] [0:1] [0:1] [0:1] none [0:1] [0:1] [0:1] [0:1] [0:1] [0:1] none [0:1] none none [0:1] [0:1] [0:1] [0:1] [0:1] [0:1] [0:1] [0:1] none [0:1] [0:1] [0:1] [0:1] [0:1] none [0:1] [0:1] [0:1] none [0:1] [0:1] [0:1] none [0:1] [0:1] [0:1] [0:1] [0:1] none none [0:1] none [0:1] none [0:1] none [0:1] [0:1] [0:1] none [0:1] none none none [0:1] [0:1] [0:1] [0:1] [0:1] [0:1] none none none none none none none [0:1] [0:1] none none none [0:1] [0:1] none [0:1] [0:1] [0:1] [0:1] [0:1] [0:1] [0:1] [0:1] [0:1] none [0:1] [0:1] [0:1] [0:1] none [0:1] none [0:1] [0:1] none [0:1] none none none [0:1] none [0:1] [0:1] [0:1] none [0:1] [0:1] [0:1] [0:1] [0:1] [0:1] [0:1] [0:1] [0:1] [0:1] [0:3] [0:1] [0:4] [0:11] [0:3] [0:5] [0:4] [0:3] [0:3] [0:3] [0:2] [0:2] [0:1] [0:8] [0:6] [0:3] [0:4] [0:1] none [0:3] [0:4] [0:1]
tree_sizes=1765 1771 1774 1778 1781 1780 1778 1781 1781 1778 1786 1765 1775 1765 1780 1772 1777 1774 1767 1783 1778 1782 1776 1785 1771 1765 1759 1781 1776 1782 1779 1769 1772 1786 1782 1784 1776 1781 1782 1785 1783 1773 1784 1780 1776 1785 1786 1785 1787 1773 1779 1773 1776 1776 1787 1782 1789 1781 1784 1782 1778 1769 1788 1778 1796 1772 1785 1774 1784 1790 1783 1795 1770 1773 1788 1780 1787 1785 1783 1780 1797 1787 1786 1777 1768 1783 1762 1780 1772 1790 1782 1798 1791 1795 1785 1771 1778 1790 1790 1793 1788 1796 1784 1779 1773 1783 1770 1787 1789 1783 1794 1784 1788 1778 1783 1794 1783 1789 1777 1772 1784 1789 1781 1782 1789 1774 1784 1787 1795 1804 1792 1775 1774 1792 1790 1789 1776 1792 1798 1787 1782 1785 1791 1775 1777 1787 1783 1785 1788 1787 1770 1791 1776 1795 1786 1789 1794 1784 1794 1783 1797 1793 1782 1790 1780 1783 1801 1790 1774 1795 1800 1792 1790 1799 1792 1788 1789 1774 1787 1777 1791 1786 1790 1785 1786 1796 1792 1799 1796 1781 1788 1777 1778 1777 1780 1779 1781 1796 1782 1783 1783 1797 1778 1791 1803 1782 1796 1792 1788 1800 1793 1782 1782 1792 1792 1797 1792 1787 1776 1798 1795 1784 1797 1800 1773 1796 1777 1770 1780 1789 1804 1797 1800 1795 1771 1788 1783 1779 1785 1780 1781 1790 1806 1788 1785 1780 1792 1795 1798 1780 1792 1790 1796 1803 1808 1774 1796 1790 1780 1783 1805 1816 1800 1803 1795 1795 1789 1797 1807 1778 1795 1784 1779 1784 1796 1787 1789 1801 1800 1801 1788 1786 1789 1808 1798 1778 1792 1787 1802 1793 1805 1804 1789 1801 1791 1796 1787 1796 1790 1797

Tree=0
num_leaves=15
num_cat=0
split_feature=296 296 190 282 247 151 288 286 60 151 172 72 286 260
split_gain=3981.56 745.215 385.173 160.085 103.601 80.3569 40.767 22.7004 23.7296 14.287 13.3537 13.0265 8.67596 8.80131
threshold=2.5000000000000004 1.0000000180025095e-35 1.0000000180025095e-35 1.0000000180025095e-35 1.0000000180025095e-35 1.0000000180025095e-35 1.0000000180025095e-35 1.5000000000000002 1.0000000180025095e-35 1.0000000180025095e-35 1.0000000180025095e-35 1.0000000180025095e-35 1.0000000180025095e-35 1.0000000180025095e-35
decision_type=2 2 2 2 2 2 2 2 2 2 2 2 2 2
left_child=1 -1 3 4 5 11 10 8 -7 -8 -5 12 13 -3
right_child=-2 2 -4 6 -6 7 9 -9 -10 -11 -12 -13 -14 -15
leaf_value=-0.094066320363231481 0.098582203861178386 0.028764334854869119 -0.093768408576769866 -0.099999959909538291 -0.099999959909538305 -0.056780819795305845 -0.047663813000255649 0.047854524592111675 0.067233339242746507 0.061927510268398711 0.036032089062229003 -0.011267950962463968 0.081203809105816163 0.089706804253130532
leaf_weight=641.85231134295464 631.5698728710413 17.338508665561676 84.29893471300602 27.481439858675007 11.116088032722471 21.270622014999393 5.0186455249786359 12.435172274708746 4.7117991000413886 7.2992838174104691 1.9308432936668385 4.4401660561561576 123.20830039680004 8.9995088428258914
leaf_count=4063 984 57 533 178 72 115 26 35 11 18 6 19 245 16
internal_value=0.000853436 -0.0626862 -0.0015683 0.0301233 0.0484153 0.05699 -0.0590879 -0.00770205 -0.0342914 0.0172771 -0.0910698 0.0731298 0.0756356 0.0495879
internal_weight=1602.97 971.402 329.549 245.25 203.52 192.404 41.7302 38.4176 25.9824 12.3179 29.4123 153.986 149.546 26.338
internal_count=6378 5394 1331 798 570 498 228 161 126 44 184 337 318 73
is_linear=0
shrinkage=1


Tree=1
num_leaves=15
num_cat=0
split_feature=185 263 260 296 256 18 198 194 183 197 9 51 298 182
split_gain=3597.8 752.22 350.009 137.299 49.4964 30.3425 28.9074 28.6004 19.2467 16.2513 14.1828 12.0443 18.5344 10.871
threshold=1.0000000180025095e-35 1.0000000180025095e-35 1.0000000180025095e-35 2.5000000000000004 1.0000000180025095e-35 1.0000000180025095e-35 1.0000000180025095e-35 1.0000000180025095e-35 1.0000000180025095e-35 1.0000000180025095e-35 1.0000000180025095e-35 1.0000000180025095e-35 1.5000000000000002 1.0000000180025095e-35
decision_type=2 2 2 2 2 2 2 2 2 2 2 2 2 2
left_child=1 2 5 4 7 6 8 9 10 -2 11 13 -13 -1
right_child=3 -3 -4 -5 -6 -7 -8 -9 -10 -11 -12 12 -14 -15
leaf_value=-0.090957742768054906 -0.067772270846974556 0.081459935544327081 0.081082302485225327 0.093767350928449053 -0.07285751435657746 0.035437125765771182 0.031686836454677438 0.056288343910002252 0.043029880577594104 0.04290709993277135 0.058135016968132884 -0.096114458012846585 0.066950055640316877 0.023414704562886263
leaf_weight=760.22994920611382 8.4040712863206846 77.978877797722816 31.967989504337311 602.02479967474937 11.327535599470137 4.9708640724420539 4.97205826640129 54.543671935796738 2.7396621704101554 5.4787855297327033 1.6182843446731556 4.0056177973747245 3.0844745934009552 2.0833188444375983
leaf_count=4847 48 148 61 942 67 16 16 139 8 16 4 26 7 7
internal_value=-0.000906411 -0.0669038 -0.0810875 0.0856006 0.0239535 -0.0877025 -0.0884886 0.0399799 -0.0892608 -0.0240933 -0.0897309 -0.0900419 -0.0251749 -0.0906452
internal_weight=1575.43 893.651 815.672 681.779 79.7541 783.704 778.733 68.4265 773.761 13.8829 771.022 769.403 7.09009 762.313
internal_count=6352 5140 4992 1212 270 4931 4915 203 4899 64 4891 4887 33 4854
is_linear=0
shrinkage=0.05


Tree=2
num_leaves=15
num_cat=0
split_feature=185 263 260 245 165 151 50 258 188 296 17 288 250 18
split_gain=3363.01 632.215 338.662 127.706 47.4799 35.9713 24.3998 22.4677 21.4552 15.6541 10.939 12.6807 9.88809 7.93893
threshold=1.0000000180025095e-35 1.0000000180025095e-35 1.0000000180025095e-35 1.0000000180025095e-35 1.0000000180025095e-35 1.0000000180025095e-35 1.0000000180025095e-35 1.0000000180025095e-35 1.0000000180025095e-35 1.0000000180025095e-35 1.0000000180025095e-35 1.0000000180025095e-35 1.0000000180025095e-35 1.0000000180025095e-35
decision_type=2 2 2 2 2 2 2 2 2 2 2 2 2 2
left_child=1 2 6 4 12 -6 7 8 -1 13 11 -7 -2 -10
right_child=3 -3 -4 -5 5 10 -8 -9 9 -11 -12 -13 -14 -15
leaf_value=-0.085070207418246307 0.059080371872505172 0.075277046503610154 0.073252750334645927 0.090203394445302273 -0.079174402732547111 -0.049186995126456579 0.092964322679478739 0.079063043967417104 -0.091554210035749858 0.096098800017699465 0.095226939576427472 0.070990420493814141 -0.008901757426242626 0.028915728218023469
leaf_weight=763.55141879618168 50.12236650288105 75.130326434969902 36.158588588237762 626.6776370704174 15.437286615371704 5.317935034632681 1.9586123824119557 2.1135354787111273 3.9799831807613355 2.6199856400489807 4.581567347049714 3.7378332018852234 5.9878829419612876 2.0834424197673798
leaf_count=4860 121 148 73 980 94 28 3 4 26 4 7 8 26 7
internal_value=0.00143791 -0.063491 -0.0763232 0.0823954 0.0249548 -0.0269022 -0.0832901 -0.0837359 -0.0841814 -0.00603017 0.0322692 0.000417094 0.0518256 -0.0501598
internal_weight=1599.46 887.596 812.466 711.863 85.1849 29.0746 776.307 774.348 772.235 8.68341 13.6373 9.05577 56.1102 6.06343
internal_count=6389 5125 4977 1264 284 137 4904 4901 4897 37 43 36 147 33
is_linear=0
shrinkage=0.05


Tree=3
num_leaves=15
num_cat=0
split_feature=296 296 190 282 247 151 288 286 165 18 288 17 263 172
split_gain=2954.58 537.881 297.985 125.396 72.0468 63.2536 26.7062 24.9322 23.0048 22.0737 19.2335 13.6181 19.5132 10.1987
threshold=2.5000000000000004 1.0000000180025095e-35 1.0000000180025095e-35 1.0000000180025095e-35 1.0000000180025095e-35 1.0000000180025095e-35 1.0000000180025095e-35 1.5000000000000002 1.0000000180025095e-35 1.0000000180025095e-35 1.0000000180025095e-35 1.0000000180025095e-35 1.0000000180025095e-35 1.0000000180025095e-35
decision_type=2 2 2 2 2 2 2 2 2 2 2 2 2 2
left_child=1 9 3 4 5 8 13 11 -3 -1 -10 12 -7 -5
right_child=-2 2 -4 6 -6 7 -8 -9 10 -11 -12 -13 -14 -15
leaf_value=-0.08312056568227924 0.086188105963964562 0.069304948599191549 -0.08368412801386145 -0.08408024037203235 -0.087939588460478002 -0.079021489929965313 0.01202460906359583 0.04478355038869538 -0.059456925462189128 0.034604550269216973 0.063199840547047151 0.081556744291281333 0.028106430007908245 0.039733793021106772
leaf_weight=622.69115369021893 602.59819784760475 137.84051190316677 85.045461133122444 29.174170032143596 10.149579599499701 16.30790267884732 11.568776547908781 13.791623950004576 6.6775417774915677 4.0073958039283744 6.1301372796297073 2.1206945180892935 5.7493169903755179 1.7637496888637532
leaf_count=4029 959 288 551 189 67 100 43 38 37 13 14 4 18 5
internal_value=-0.000468827 -0.0552625 -0.00320651 0.0251606 0.0418298 0.0488127 -0.0527865 -0.00886203 0.0633491 -0.0823678 -0.000749738 -0.0394627 -0.0510981 -0.0770217
internal_weight=1555.62 953.018 326.319 241.274 198.767 188.618 42.5067 37.9695 150.648 626.699 12.8077 24.1779 22.0572 30.9379
internal_count=6355 5396 1354 803 566 499 237 160 339 4042 51 122 118 194
is_linear=0
shrinkage=0.05


Tree=4
num_leaves=15
num_cat=0
split_feature=185 263 260 245 282 183 258 194 168 197 273 197 9 188
split_gain=2669.67 583.809 269.346 111.86 35.6655 29.7497 25.6569 23.5203 15.5484 13.5489 13.3483 10.5612 10.4742 9.26178
threshold=1.0000000180025095e-35 1.0000000180025095e-35 1.0000000180025095e-35 1.0000000180025095e-35 1.0000000180025095e-35 1.0000000180025095e-35 1.0000000180025095e-35 1.0000000180025095e-35 1.0000000180025095e-35 1.0000000180025095e-35 1.0000000180025095e-35 1.0000000180025095e-35 1.0000000180025095e-35 1.0000000180025095e-35
decision_type=2 2 2 2 2 2 2 2 2 2 2 2 2 2
left_child=1 2 5 4 7 6 10 9 -6 -2 12 -9 13 -1
right_child=3 -3 -4 -5 8 -7 -8 11 -10 -11 -12 -13 -14 -15
leaf_value=-0.079268946168143561 -0.073707218353382231 0.069992647268055985 0.068368743161191028 0.083203064561118131 -0.066176587852679228 0.061658551938819639 0.075820728923818206 0.059604479021587657 0.074893212104499715 0.04908065101542098 0.026469598291760311 -0.0090183961313510166 0.05002789729594407 -0.023689384868695377
leaf_weight=735.55107547342777 6.7474183440208417 81.502433404326439 33.398699685931206 586.86841057240963 14.071668490767481 3.8635119199752799 2.7207114398479453 43.575776979327202 2.2680728733539572 3.3680697381496429 3.0450838655233374 6.4347519129514685 1.5835220217704762 7.5727299302816382
leaf_count=4801 41 162 68 945 83 9 5 101 5 9 10 26 4 37
internal_value=0.000249075 -0.0573991 -0.0705795 0.0757916 0.0189091 -0.0767316 -0.077444 0.0367105 -0.0465951 -0.0328236 -0.0780017 0.0507749 -0.0784288 -0.0787026
internal_weight=1532.57 869.238 787.735 663.334 76.4658 754.337 750.473 60.126 16.3397 10.1155 747.752 50.0105 744.707 743.124
internal_count=6306 5096 4934 1210 265 4866 4857 177 88 50 4852 127 4842 4838
is_linear=0
shrinkage=0.05


Tree=5
num_leaves=15
num_cat=0
split_feature=245 263 260 304 288 276 172 194 277 282 151 274 286 23
split_gain=2504.18 508.972 207.064 105.87 85.6212 59.6355 24.2371 21.6072 12.3341 10.5891 8.82637 8.77164 7.87845 6.69412
threshold=1.0000000180025095e-35 1.0000000180025095e-35 1.0000000180025095e-35 1.0000000180025095e-35 1.0000000180025095e-35 1.0000000180025095e-35 1.0000000180025095e-35 1.0000000180025095e-35 1.0000000180025095e-35 1.0000000180025095e-35 1.0000000180025095e-35 1.0000000180025095e-35 1.5000000000000002 1.0000000180025095e-35
decision_type=2 2 2 2 2 2 2 2 2 2 2 2 2 2
left_child=1 2 3 -1 5 6 8 -6 13 10 -9 -3 -12 -5
right_child=-2 11 -4 4 7 -7 -8 9 -10 -11 12 -13 -14 -15
leaf_value=-0.077137557639292628 0.080618574611074509 0.07196731175697843 0.065249827492852838 0.020719344303477716 -0.050191549045554222 0.078507648731745316 0.050550829532345937 0.060533569325708227 -0.026969752441628088 -0.020760379420591057 -0.057428153894638935 0.0055644507862554855 0.044634357107154209 -0.070689792479014718
leaf_weight=608.67765907943249 598.51629583537579 78.049592345952988 30.96993812918663 2.0336100012063971 8.8717583864927274 8.1132313907146436 4.7690505832433692 26.932025030255318 19.7230354398489 6.9050071537494651 3.3750107884407035 5.3117990642786017 4.2996368706226349 132.53282740712166
leaf_count=4047 977 148 64 7 49 15 12 61 99 32 19 19 12 845
internal_value=0.000666793 -0.0502095 -0.0616795 -0.0664373 -0.0364999 -0.0537201 -0.0604647 0.0206366 -0.0638962 0.0357738 0.047054 0.0677361 -0.000248756 -0.0693084
internal_weight=1539.08 940.564 857.203 826.233 217.555 167.172 159.059 50.3834 154.289 41.5117 34.6067 83.3614 7.67465 134.566
internal_count=6406 5429 5262 5198 1151 978 963 173 951 124 92 167 31 852
is_linear=0
shrinkage=0.05


Tree=6
num_leaves=15
num_cat=0
split_feature=185 263 260 296 165 183 286 273 258 157 90 151 19 181
split_gain=2317.6 451.843 199.579 103.941 27.4987 26.844 24.1616 18.6417 16.0437 13.1371 12.5835 8.31917 7.58304 7.57048
threshold=1.0000000180025095e-35 1.0000000180025095e-35 1.0000000180025095e-35 2.5000000000000004 1.0000000180025095e-35 1.0000000180025095e-35 1.5000000000000002 1.0000000180025095e-35 1.0000000180025095e-35 1.0000000180025095e-35 1.0000000180025095e-35 1.0000000180025095e-35 1.0000000180025095e-35 1.0000000180025095e-35
decision_type=2 2 2 2 2 2 2 2 2 2 2 2 2 2
left_child=1 2 5 4 12 7 11 8 10 -3 13 -6 -2 -1
right_child=3 9 -4 -5 6 -7 -8 -9 -10 -11 -12 -13 -14 -15
leaf_value=-0.074601037076237262 0.04443972092202645 0.069147709366391322 0.062481878683789793 0.077876131478368943 -0.084845262960326656 0.059794968560615315 0.038877910207691088 0.041781798012577726 0.067108053752022764 -0.015471254068083513 0.019574560618129816 -0.012980259713555082 -0.020353574186016424 0.0082811051068051866
leaf_weight=725.76735024154186 45.916996195912361 67.532173350453377 28.565864652395248 560.08132852613926 11.286683693528177 3.8319081217050543 9.7775695919990557 3.5274103581905356 2.0249292254447928 4.9209863990545264 3.588433474302291 6.2608886808156958 5.0082101523876181 2.7656244635581961
leaf_count=4901 123 130 60 936 76 9 29 10 4 20 14 28 23 12
internal_value=-0.00152765 -0.0559735 -0.0672049 0.0703346 0.0163558 -0.072201 -0.0241081 -0.0728867 -0.0734376 0.0634004 -0.0738264 -0.0592042 0.0380677 -0.0742864
internal_weight=1480.86 842.525 770.072 638.332 78.2503 741.506 27.3251 737.674 734.146 72.4532 732.121 17.5476 50.9252 728.533
internal_count=6375 5160 5010 1215 279 4950 133 4941 4931 150 4927 104 146 4913
is_linear=0
shrinkage=0.05


Tree=7
num_leaves=15
num_cat=0
split_feature=185 172 60 182 260 90 53 198 288 17 276 275 282 260
split_gain=2213.98 177.391 130.057 69.9762 64.8203 61.4937 40.4681 30.4356 18.5609 19.9682 16.0301 12.3731 9.7779 9.43342
threshold=1.0000000180025095e-35 1.0000000180025095e-35 1.0000000180025095e-35 1.0000000180025095e-35 1.0000000180025095e-35 1.0000000180025095e-35 1.0000000180025095e-35 1.0000000180025095e-35 1.0000000180025095e-35 1.0000000180025095e-35 1.0000000180025095e-35 1.0000000180025095e-35 1.0000000180025095e-35 1.0000000180025095e-35
decision_type=2 2 2 2 2 2 2 2 2 2 2 2 2 2
left_child=1 2 4 8 5 7 11 10 9 12 -1 -3 -2 -13
right_child=3 6 -4 -5 -6 -7 -8 -9 -10 -11 -12 13 -14 -15
leaf_value=-0.070589331119881499 0.0078149306864423156 0.06250271734865491 0.039428860781442733 0.076277841430343968 0.043071163448948631 0.053392592005325472 -0.06717897855514722 0.053788214052177763 0.050492647534572069 0.076928513132178147 -0.017617520252170116 -0.0016170257864169407 -0.049223410686758715 0.080528278872978185
leaf_weight=690.78303697705269 27.103153452277184 32.1502575725317 31.200409635901451 550.5106412768364 13.667221635580061 10.47916506230831 9.9187507033348066 5.0421307384967795 56.30892975628376 8.4881987869739515 14.583449050784109 18.186506718397144 10.395572826266287 4.3263905048370352
leaf_count=4712 102 72 88 931 35 26 66 14 138 15 72 81 61 7
internal_value=0.000324253 -0.0538421 -0.0605536 0.0692212 -0.0648004 -0.0668455 0.0257369 -0.0686191 0.0312454 0.00767801 -0.0694941 0.0425966 -0.00799751 0.0141692
internal_weight=1483.14 830.337 765.755 652.806 734.555 720.888 64.5819 710.409 102.296 45.9869 705.366 54.6632 37.4987 22.5129
internal_count=6420 5173 4947 1247 4859 4824 226 4798 316 178 4784 160 163 88
is_linear=0
shrinkage=0.05


Tree=8
num_leaves=15
num_cat=0
split_feature=245 263 260 304 297 288 190 282 18 278 277 286 256 190
split_gain=1952.69 397.039 150.741 76.6817 75.1225 22.0852 20.9165 25.1602 15.4378 12.1376 9.56616 10.296 9.17395 8.97824
threshold=1.0000000180025095e-35 1.0000000180025095e-35 1.0000000180025095e-35 1.0000000180025095e-35 1.5000000000000002 1.0000000180025095e-35 1.0000000180025095e-35 1.0000000180025095e-35 1.0000000180025095e-35 1.0000000180025095e-35 1.0000000180025095e-35 1.5000000000000002 1.0000000180025095e-35 1.0000000180025095e-35
decision_type=2 2 2 2 2 2 2 2 2 2 2 2 2 2
left_child=1 2 3 8 5 10 7 9 -1 -6 -5 -12 13 -7
right_child=-2 -3 -4 4 6 12 -8 -9 -10 -11 11 -13 -14 -15
leaf_value=-0.07037765151937235 0.074015770705507841 0.063900586003835955 0.056093113290810896 -0.066389974895416162 0.055657749406436509 0.018246273744464803 -0.077944269871759786 -0.049305394886300119 0.021899389956793497 -0.00030334091566772023 -0.045406824235280474 0.055157472073615779 -0.093340879241369301 -0.079697174705025381
leaf_weight=572.22593182325363 546.91348858177662 75.28832083940506 28.883652478456497 112.96588695049286 30.75297637283802 16.802207484841354 5.7876083850860587 10.103141382336615 4.5686875432729712 14.146746590733526 12.158569335937498 3.219055548310279 2.7242179661989203 2.7183583825826636
leaf_count=4031 951 153 64 765 74 58 41 59 17 61 71 9 18 19
internal_value=-0.000375943 -0.0459702 -0.0560943 -0.0602056 -0.0344433 -0.0533818 0.0124707 0.0219845 -0.0696467 0.0380259 -0.0613535 -0.0243553 -0.00738819 0.00460705
internal_weight=1439.26 892.345 817.057 788.173 211.379 150.588 60.7905 55.0029 576.795 44.8997 128.344 15.3776 22.2448 19.5206
internal_count=6391 5440 5287 5223 1175 940 235 194 4048 135 845 80 95 77
is_linear=0
shrinkage=0.05


Tree=9
num_leaves=15
num_cat=0
split_feature=185 296 277 296 288 260 282 282 18 194 194 53 289 194
split_gain=1818.96 242.602 128.425 80.2065 74.1077 41.4288 38.4575 22.709 17.4687 15.3559 15.1467 10.6596 8.82943 6.84978
threshold=1.0000000180025095e-35 1.0000000180025095e-35 1.0000000180025095e-35 2.5000000000000004 1.0000000180025095e-35 1.0000000180025095e-35 1.0000000180025095e-35 1.0000000180025095e-35 1.0000000180025095e-35 1.0000000180025095e-35 1.0000000180025095e-35 1.0000000180025095e-35 1.0000000180025095e-35 1.0000000180025095e-35
decision_type=2 2 2 2 2 2 2 2 2 2 2 2 2 2
left_child=1 8 4 7 5 -3 9 10 -1 -4 12 13 -2 -6
right_child=3 2 6 -5 11 -7 -8 -9 -10 -11 -12 -13 -14 -15
leaf_value=-0.069071085759020129 0.008966823337435148 -0.063780832628418008 -0.012083177057733242 0.072115134958438229 -0.017855610713361624 0.047418924547905854 -0.057679171826720679 -0.036986647963328609 0.034355932127372472 0.061163604359433243 0.042562821420061972 -0.041115600879520445 -0.088164946912815123 0.050038302374589165
leaf_weight=548.90192371606827 6.9784464091062528 104.58528110384941 8.0045857280492765 526.93642915785313 4.355374068021777 9.1051813215017301 8.6905685067176801 15.512946739792822 4.113163709640502 67.452845573425293 49.1588074862957 4.6842875927686682 3.5196814835071564 25.265239328145981
leaf_count=3966 27 726 37 941 21 22 55 86 14 145 131 26 24 62
internal_value=-0.000157332 -0.0502945 -0.00739733 0.0652226 -0.0354397 -0.0548751 0.0419223 0.0169061 -0.0683018 0.0533935 0.0309201 0.0289715 -0.0235983 0.0400553
internal_weight=1387.26 785.158 232.143 602.106 147.995 113.69 84.148 75.1699 553.015 75.4574 59.6569 34.3049 10.4981 29.6206
internal_count=6283 5074 1094 1209 857 748 237 268 3980 182 182 109 51 83
is_linear=0
shrinkage=0.05


Tree=10
num_leaves=15
num_cat=0
split_feature=245 263 304 172 194 288 276 23 286 74 60 152 289 18
split_gain=1638.85 337.145 133.881 105.149 46.9797 26.0774 19.0714 17.6509 11.1144 11.1052 10.478 11.7205 8.54761 8.23374
threshold=1.0000000180025095e-35 1.0000000180025095e-35 1.0000000180025095e-35 1.0000000180025095e-35 1.0000000180025095e-35 1.0000000180025095e-35 1.0000000180025095e-35 1.0000000180025095e-35 1.5000000000000002 1.0000000180025095e-35 1.0000000180025095e-35 1.0000000180025095e-35 1.0000000180025095e-35 1.0000000180025095e-35
decision_type=2 2 2 2 2 2 2 2 2 2 2 2 2 2
left_child=1 2 13 4 8 6 7 -6 -4 12 11 -7 -9 -1
right_child=-2 -3 3 -5 5 10 -8 9 -10 -11 -12 -13 -14 -15
leaf_value=-0.066892634544438723 0.070216671328655819 0.057645324772526298 -0.069349820814401331 0.064850465918112873 0.062546127293393858 0.0078530951618699159 0.06160567208775302 -0.032883135906888267 -0.011628575797108067 0.070730413541441689 -0.053731968701672753 0.070224453927795152 -0.069180336448769225 0.0057456588559786255
leaf_weight=541.57813362777233 509.07124039530754 75.930490955710411 75.230737254023552 30.722327753901482 4.332206353545188 21.272249057888985 5.3729645460844031 51.12691056728363 9.3795224130153638 2.1548825800418845 4.2214551120996466 11.661052986979483 23.755878150463104 3.9295771867036811
leaf_count=4006 937 164 548 63 10 80 12 279 45 5 22 22 174 16
internal_value=-0.000896366 -0.0429586 -0.0526929 -0.0215069 -0.0342311 -0.0146181 -0.0296309 -0.0356554 -0.0629511 -0.0411777 0.0204312 0.0299376 -0.0443981 -0.0663694
internal_weight=1369.74 860.668 784.738 239.23 208.508 123.898 86.7428 81.3699 84.6103 77.0377 37.1548 32.9333 74.8828 545.508
internal_count=6383 5446 5282 1260 1197 604 480 468 593 458 124 102 453 4022
is_linear=0
shrinkage=0.05


Tree=11
num_leaves=15
num_cat=0
split_feature=185 263 260 296 165 198 151 258 296 18 286 157 183 59
split_gain=1569.91 324.676 173.95 72.0045 24.5422 20.0703 19.0663 15.3696 14.1663 11.254 9.62412 9.56906 6.07859 6.02221
threshold=1.0000000180025095e-35 1.0000000180025095e-35 1.0000000180025095e-35 2.5000000000000004 1.0000000180025095e-35 1.0000000180025095e-35 1.0000000180025095e-35 1.0000000180025095e-35 2.5000000000000004 1.0000000180025095e-35 1.5000000000000002 1.0000000180025095e-35 1.0000000180025095e-35 1.0000000180025095e-35
decision_type=2 2 2 2 2 2 2 2 2 2 2 2 2 2
left_child=1 2 5 4 -2 7 -6 8 9 12 -8 -3 13 -1
right_child=3 11 -4 -5 6 -7 10 -9 -10 -11 -12 -13 -14 -15
leaf_value=-0.065714596005258183 0.037718722074565086 0.059793494561664842 0.055887351905990069 0.068549526533961222 -0.063744035930071455 0.044015827709481953 -0.021931122462822535 0.055440796765373196 0.069207445775976581 0.012533336008489881 0.061434839457012537 -0.015681067772010959 0.021756367519131764 0.0042983149080785587
leaf_weight=640.6150361597538 48.44611220061779 66.340059727430344 32.310031428933144 511.59437236189842 13.521617725491524 4.3575323671102515 6.9282388836145401 2.698199898004531 1.9856556802988041 4.701250120997428 6.9196520298719406 4.4834183603525153 2.0077385157346717 3.0862176269292823
leaf_count=4842 137 139 71 971 89 14 33 6 4 18 15 18 7 16
internal_value=0.000375678 -0.0469468 -0.0573859 0.0618105 0.0163366 -0.0629357 -0.0215115 -0.0636472 -0.0641397 -0.0645468 0.019726 0.0550156 -0.065108 -0.0653789
internal_weight=1350 762.585 691.762 587.41 75.8156 659.452 27.3695 655.094 652.396 650.41 13.8479 70.8235 645.709 643.701
internal_count=6380 5135 4978 1245 274 4907 137 4893 4887 4883 48 157 4865 4858
is_linear=0
shrinkage=0.05


Tree=12
num_leaves=15
num_cat=0
split_feature=296 263 296 190 282 172 249 286 168 157 148 17 303 23
split_gain=1442.19 287.288 111.885 70.8575 40.5922 23.0792 18.9594 16.582 12.0982 11.9266 10.5699 10.0069 7.98873 7.40669
threshold=2.5000000000000004 1.0000000180025095e-35 1.0000000180025095e-35 1.0000000180025095e-35 1.0000000180025095e-35 1.0000000180025095e-35 1.0000000180025095e-35 1.5000000000000002 1.0000000180025095e-35 1.0000000180025095e-35 1.0000000180025095e-35 1.0000000180025095e-35 1.5000000000000002 1.0000000180025095e-35
decision_type=2 2 2 2 2 2 2 2 2 2 2 2 2 2
left_child=1 2 12 4 5 6 7 9 10 11 -6 13 -1 -4
right_child=-2 -3 3 -5 8 -7 -8 -9 -10 -11 -12 -13 -14 -15
leaf_value=-0.063635008859558986 0.067457617087050573 0.05479778024641474 0.063492456153411786 -0.061362374584470136 -0.063538769711368334 0.059341306356356018 -0.076515842502042547 0.04539606393159569 0.061410978354834202 -0.10696190980002288 0.048751033424819942 0.061775522523341952 0.020857338878654787 -0.011385106356365434
leaf_weight=515.75190950930119 488.75532423704863 71.058844342827797 3.5319808423519126 72.595403924584389 30.726510763168335 21.946544259786606 7.0460506677627555 22.750536248087883 2.3555729389190665 2.7125905603170386 2.2491071224212638 5.9497386366128913 2.8128393590450278 50.861661046743393
leaf_count=4018 952 158 8 556 219 47 52 58 6 18 6 13 15 240
internal_value=-0.000408222 -0.0412402 -0.0504462 -0.0208062 -0.00119523 0.0132282 0.00232889 0.00880327 -0.0480601 -0.00439938 -0.05588 0.000211074 -0.0631767 -0.00652303
internal_weight=1301.1 812.349 741.29 222.726 150.13 114.799 92.8526 85.8065 35.3312 63.056 32.9756 60.3434 518.565 54.3936
internal_count=6366 5414 5256 1223 667 436 389 337 231 279 225 261 4033 248
is_linear=0
shrinkage=0.05


Tree=13
num_leaves=15
num_cat=0
split_feature=185 263 296 296 277 198 282 250 277 183 17 58 303 296
split_gain=1402.17 270.027 72.6448 38.2305 47.107 20.8754 17.4816 14.595 10.6488 9.53524 9.17727 9.46778 11.3803 9.72225
threshold=1.0000000180025095e-35 1.0000000180025095e-35 2.5000000000000004 1.0000000180025095e-35 1.0000000180025095e-35 1.0000000180025095e-35 1.0000000180025095e-35 1.0000000180025095e-35 1.0000000180025095e-35 1.0000000180025095e-35 1.0000000180025095e-35 1.0000000180025095e-35 1.0000000180025095e-35 1.5000000000000002
decision_type=2 2 2 2 2 2 2 2 2 2 2 2 2 2
left_child=1 3 6 -1 5 9 8 -6 10 -5 11 12 -2 -14
right_child=2 -3 -4 4 7 -7 -8 -9 -10 -11 -12 -13 13 -15
leaf_value=-0.062365043403147691 0.0093307530712884047 0.050356921980089946 0.066159493020418167 -0.054048972867214717 0.030912312740452703 0.080013283804507951 -0.03478968592644887 -0.07105604596911777 0.053103508260846845 0.04505407717189161 0.07175220889390925 0.067458571493253211 -0.10335037186338017 0.008945156407568761
leaf_weight=506.73921530693769 17.578288853168495 65.943693488836288 487.714874394238 113.45248806476593 29.359094560146332 3.0774199962615958 15.480957642197607 3.9856499135494223 21.274505019187927 2.4802169203758231 4.8908951580524436 4.2070042639970771 5.2089736014604551 3.0595519542694092
leaf_count=4059 68 154 980 829 98 5 90 31 50 7 9 8 35 11
internal_value=-0.000222539 -0.0461104 0.059251 -0.0557621 -0.0338004 -0.048517 0.0122586 0.0187242 0.0252141 -0.0519288 0.00823497 -0.0021017 -0.0134238 -0.0617983
internal_weight=1284.45 725.038 559.415 659.094 152.355 119.01 71.7002 33.3447 56.2192 115.933 34.9447 30.0538 25.8468 8.26853
internal_count=6434 5183 1251 5029 970 841 271 129 181 836 131 122 114 46
is_linear=0
shrinkage=0.05


Tree=14
num_leaves=15
num_cat=0
split_feature=185 296 190 245 172 288 165 286 260 53 18 286 303 19
split_gain=1281.99 162.929 99.2835 70.9111 46.5677 46.8169 31.7367 23.9644 16.6847 11.9433 10.0226 9.56365 9.39029 8.29613
threshold=1.0000000180025095e-35 1.0000000180025095e-35 1.0000000180025095e-35 1.0000000180025095e-35 1.0000000180025095e-35 1.0000000180025095e-35 1.0000000180025095e-35 1.5000000000000002 1.0000000180025095e-35 1.0000000180025095e-35 1.0000000180025095e-35 1.5000000000000002 1.5000000000000002 1.0000000180025095e-35
decision_type=2 2 2 2 2 2 2 2 2 2 2 2 2 2
left_child=1 10 4 6 5 8 13 -8 11 -7 12 -3 -1 -2
right_child=3 2 -4 -5 -6 9 7 -9 -10 -11 -12 -13 -14 -15
leaf_value=-0.061538281421582491 0.041973512675988082 -0.049831196979029442 -0.059005813372081717 0.065142573638975965 0.061960443268828339 0.042388621574269189 -0.072366693468624524 0.029786689078556292 0.028598083766083596 -0.051514013826857386 0.024638080445551026 0.028149207478926574 0.037717857714232028 -0.028436259740568067
leaf_weight=481.22905567288399 45.275938361883163 45.591352418065071 65.523377753794193 467.86308483034372 38.867240473628044 43.767551243305206 15.299465045332909 9.1896176934242249 9.6880359798669797 3.6701096892356864 3.4370724260807028 4.3028938993811598 2.3947484642267218 4.6095254719257346
leaf_count=3983 121 314 528 969 81 116 108 29 28 23 13 16 12 22
internal_value=0.000249163 -0.0445323 -0.0078782 0.0579334 0.0150851 -0.00193894 0.0125832 -0.0340333 -0.0314471 0.0351237 -0.0604421 -0.0431061 -0.0610468 0.0354675
internal_weight=1240.71 698.471 211.411 542.238 145.887 107.02 74.3745 24.4891 59.5823 47.4377 487.061 49.8942 483.624 49.8855
internal_count=6363 5114 1106 1249 578 497 280 137 358 139 4008 330 3995 143
is_linear=0
shrinkage=0.05


Tree=15
num_leaves=15
num_cat=0
split_feature=296 296 165 151 247 151 282 18 188 17 172 152 303 172
split_gain=1182.32 247.496 105.425 35.9168 36.7534 31.1414 20.759 13.2898 11.7585 11.6023 10.0058 9.81878 8.42112 7.60406
threshold=2.5000000000000004 1.0000000180025095e-35 1.0000000180025095e-35 1.0000000180025095e-35 1.0000000180025095e-35 1.0000000180025095e-35 1.0000000180025095e-35 1.0000000180025095e-35 1.0000000180025095e-35 1.0000000180025095e-35 1.0000000180025095e-35 1.0000000180025095e-35 1.5000000000000002 1.0000000180025095e-35
decision_type=2 2 2 2 2 2 2 2 2 2 2 2 2 2
left_child=1 7 3 4 6 8 13 12 10 -7 -4 -5 -1 -3
right_child=-2 2 5 11 -6 9 -8 -9 -10 -11 -12 -13 -14 -15
leaf_value=-0.06087473216366384 0.063972425561234114 0.035269054395727029 -0.060224265547438406 -0.043991673824787594 -0.069086885688928831 -0.0088372253663153554 -0.027268732384932083 0.026817786779721395 0.074325944651993672 0.074838056936621836 0.08428316361947924 0.060037692953787983 0.030142931264318457 0.060730298500995455
leaf_weight=466.87241238355637 462.9150517359376 89.060678288340569 77.490993842482567 21.836764454841617 8.4609890580177289 20.323347449302677 11.187290191650389 4.4107772260904303 1.7156482338905323 5.2034194469451895 1.2166854143142689 2.5311368852853766 2.5552242025732985 43.719262354075909
leaf_count=3989 992 281 627 137 69 91 66 16 3 9 2 6 13 92
internal_value=0.00103264 -0.037477 -0.000456495 0.0231786 0.0321893 -0.0398958 0.0381414 -0.0595676 -0.0551678 0.00821929 -0.0579904 -0.033186 -0.0603793 0.0436525
internal_weight=1219.5 756.585 282.746 176.796 152.428 105.95 143.967 473.838 80.4233 25.5268 78.7077 24.3679 469.428 132.78
internal_count=6393 5401 1383 651 508 732 439 4018 632 100 629 143 4002 373
is_linear=0
shrinkage=0.05


Tree=16
num_leaves=15
num_cat=0
split_feature=245 296 190 172 282 151 194 168 90 286 274 298 274 4
split_gain=1073.27 228.894 104.2 54.839 35.8568 35.3448 27.1983 13.0069 11.5048 10.6164 9.64702 9.26936 7.94008 7.74939
threshold=1.0000000180025095e-35 1.0000000180025095e-35 1.0000000180025095e-35 1.0000000180025095e-35 1.0000000180025095e-35 1.0000000180025095e-35 1.0000000180025095e-35 1.0000000180025095e-35 1.0000000180025095e-35 1.5000000000000002 1.0000000180025095e-35 1.0000000180025095e-35 1.0000000180025095e-35 1.0000000180025095e-35
decision_type=2 2 2 2 2 2 2 2 2 2 2 2 2 2
left_child=1 8 3 4 5 6 10 13 -1 11 -3 -7 -11 -6
right_child=-2 2 -4 -5 7 9 -8 -9 -10 12 -12 -13 -14 -15
leaf_value=-0.05900676731951171 0.062998270435222534 -0.06040202425126287 -0.055794498332180809 0.060117924554858128 -0.057473926491995932 -0.025918172686366699 0.040957889408800602 0.056634531971443074 0.040285970615504693 0.051441409518987208 0.037397742414697226 -0.094668698369899398 -0.044521284520461869 0.030786827132186858
leaf_weight=458.37380477041006 424.15386924892664 10.089547313749788 66.046921417117119 53.100995384156704 31.365463770925999 12.507915779948236 78.93059978634119 3.0915507674217215 2.9360122457146636 5.2999448627233523 3.3615901246666899 8.0633022636175138 3.633256584405899 2.7011559456586829
leaf_count=4028 940 78 554 114 233 71 214 8 10 13 11 57 19 10
internal_value=-0.000406155 -0.0367728 -0.000951532 0.0161227 0.00143372 0.014542 0.0297582 -0.0415642 -0.0583748 -0.0331017 -0.0359608 -0.0528663 0.0124121 -0.0504757
internal_weight=1163.66 739.502 278.192 212.145 159.044 121.886 92.3817 37.1582 461.31 29.5044 13.4511 20.5712 8.9332 34.0666
internal_count=6360 5420 1382 828 714 463 303 251 4038 160 89 128 32 243
is_linear=0
shrinkage=0.05


Tree=17
num_leaves=15
num_cat=0
split_feature=185 296 190 296 194 244 249 250 18 256 157 165 303 296
split_gain=1047.37 147.22 85.1039 55.0093 40.3715 25.5311 25.4773 21.0963 13.095 12.9202 10.1725 13.8585 10.1361 10.0826
threshold=1.0000000180025095e-35 1.0000000180025095e-35 1.0000000180025095e-35 2.5000000000000004 1.0000000180025095e-35 1.0000000180025095e-35 1.0000000180025095e-35 1.0000000180025095e-35 1.0000000180025095e-35 1.0000000180025095e-35 1.0000000180025095e-35 1.0000000180025095e-35 1.5000000000000002 1.5000000000000002
decision_type=2 2 2 2 2 2 2 2 2 2 2 2 2 2
left_child=1 8 4 9 -3 6 7 10 12 -2 -6 -12 -1 -8
right_child=3 2 -4 -5 5 -7 13 -9 -10 -11 11 -13 -14 -15
leaf_value=-0.058498723802134459 0.021686714701260927 -0.05077605140276778 -0.055704547155376177 0.061868188792385252 0.047869401770991804 -0.059505537294296307 -0.069807450335185081 -0.066413593181852484 0.030281716268064529 -0.044288883352673475 0.032287534219720686 -0.11156670894568564 0.05056958568363408 0.056175070476340051
leaf_weight=449.46865282207727 59.859421975910664 20.274724632501602 61.113007418811321 421.72679595649242 93.721356809139252 8.2836116179823858 8.0328681915998441 4.582210309803485 4.2417358309030524 8.4707580059766752 5.5618156343698493 2.3952198699116707 2.1403082832694045 1.9795174002647389
leaf_count=4089 203 150 533 970 238 64 66 40 15 58 16 16 10 5
internal_value=-0.000281284 -0.0413096 -0.00622403 0.0551252 0.0146548 0.0253053 0.0313474 0.0385318 -0.0571605 0.0135078 0.0432613 -0.0110153 -0.0579818 -0.0448998
internal_weight=1151.85 661.795 205.944 490.057 144.831 124.557 116.273 106.261 455.851 68.3302 101.678 7.95704 451.609 10.0124
internal_count=6473 5242 1128 1231 595 445 381 310 4114 261 270 32 4099 71
is_linear=0
shrinkage=0.05


Tree=18
num_leaves=15
num_cat=0
split_feature=296 263 260 185 296 183 198 194 197 286 172 53 3 197
split_gain=964.843 203.296 100.075 92.6196 11.6877 8.95031 7.87931 7.84343 19.5751 7.30877 9.22562 9.9387 8.65454 6.49519
threshold=2.5000000000000004 1.0000000180025095e-35 1.0000000180025095e-35 1.0000000180025095e-35 1.5000000000000002 1.0000000180025095e-35 1.0000000180025095e-35 1.0000000180025095e-35 1.0000000180025095e-35 1.5000000000000002 1.0000000180025095e-35 1.0000000180025095e-35 1.0000000180025095e-35 1.0000000180025095e-35
decision_type=2 2 2 2 2 2 2 2 2 2 2 2 2 2
left_child=1 2 3 5 7 6 9 13 -9 -1 12 -12 -11 -5
right_child=-2 -3 -4 4 -6 -7 -8 8 -10 10 11 -13 -14 -15
leaf_value=-0.057696310254398211 0.060916060571392455 0.050782061167364237 0.048189227301113247 -0.057896126264656692 -0.023496779043900989 0.036569547430060301 0.018914567145036178 0.043351349701346596 -0.08096793936105201 -0.050648249567700102 0.054462183551899059 -0.067173850304177413 0.054416365770401598 0.0411668760321105
leaf_weight=480.33066713809967 413.68754183501005 62.428570382297039 28.291819497942924 4.905202515423297 19.830789729952812 2.6728390604257575 3.5672831386327735 34.147358506917953 3.4900245517492285 50.570555582642555 4.9073977991938582 2.5530431941151619 2.0391007363796225 2.4969495683908463
leaf_count=4432 986 149 69 32 108 8 14 90 21 451 22 23 11 7
internal_value=0.000342097 -0.0353423 -0.0437458 -0.0479992 0.0084876 -0.0547026 -0.0551511 0.0225702 0.0318235 -0.05564 -0.0391972 0.012837 -0.046576 -0.0244794
internal_weight=1115.92 702.232 639.803 611.511 64.8703 546.641 543.968 45.0395 37.6374 540.401 60.0701 7.46044 52.6097 7.40215
internal_count=6423 5437 5288 5219 258 4961 4953 150 111 4939 507 45 462 39
is_linear=0
shrinkage=0.05


Tree=19
num_leaves=15
num_cat=0
split_feature=245 263 260 304 194 288 297 172 23 151 303 18 274 223
split_gain=877.057 207.673 85.7428 39.0329 38.2491 20.3359 22.7997 8.7816 8.46805 8.08839 8.00215 7.73413 6.28842 6.03145
threshold=1.0000000180025095e-35 1.0000000180025095e-35 1.0000000180025095e-35 1.0000000180025095e-35 1.0000000180025095e-35 1.0000000180025095e-35 1.5000000000000002 1.0000000180025095e-35 1.0000000180025095e-35 1.0000000180025095e-35 1.5000000000000002 1.0000000180025095e-35 1.0000000180025095e-35 1.0000000180025095e-35
decision_type=2 2 2 2 2 2 2 2 2 2 2 2 2 2
left_child=1 2 3 10 -5 6 7 8 -6 -8 11 13 -3 -1
right_child=-2 12 -4 4 5 -7 9 -9 -10 -11 -12 -13 -14 -15
leaf_value=-0.056069490416240514 0.060232281636064491 0.053983122943580965 0.045034006392861849 -0.056318830823405268 0.040782266197652746 0.021668699952622213 0.032621205364927817 0.033906112515223234 -0.053301499202494433 -0.048986298589058265 0.036214085256837523 0.017902553786510636 0.00050722613002317132 0.067123460562729428
leaf_weight=413.53995859622955 392.66489542275667 62.51715499907732 26.826464504003525 66.936144761741161 2.529133863747119 37.258210934698582 18.072164215147499 3.5029819682240477 43.989597357809544 3.6494123339653006 2.4109244570136061 3.5929137021303168 6.0275411605834952 0.99594292044639487
leaf_count=4010 970 146 68 581 8 128 64 10 358 26 12 14 22 6
internal_value=0.00054788 -0.0333265 -0.0424109 -0.0463437 -0.0265688 -0.00829983 -0.0238633 -0.0424375 -0.0481863 0.0189104 -0.0546167 -0.0551404 0.0492807 -0.0557735
internal_weight=1084.51 691.849 623.304 596.477 175.938 109.002 71.7433 50.0217 46.5187 21.7216 420.54 418.129 68.5447 414.536
internal_count=6423 5453 5285 5217 1175 594 466 376 366 90 4042 4030 168 4016
is_linear=0
shrinkage=0.05


Tree=20
num_leaves=15
num_cat=0
split_feature=185 263 260 245 256 183 198 258 274 50 286 165 92 299
split_gain=850.484 155.426 85.0943 44.0282 21.261 13.2866 12.8604 12.5066 11.2101 7.53616 6.96533 10.8756 5.88851 11.1855
threshold=1.0000000180025095e-35 1.0000000180025095e-35 1.0000000180025095e-35 1.0000000180025095e-35 1.0000000180025095e-35 1.0000000180025095e-35 1.0000000180025095e-35 1.0000000180025095e-35 1.0000000180025095e-35 1.0000000180025095e-35 1.5000000000000002 1.0000000180025095e-35 1.0000000180025095e-35 1.0000000180025095e-35
decision_type=2 2 2 2 2 2 2 2 2 2 2 2 2 2
left_child=1 2 5 4 10 6 7 9 -3 12 11 -2 -1 -14
right_child=3 8 -4 -5 -6 -7 -8 -9 -10 -11 -12 -13 13 -15
leaf_value=-0.054608433766946463 0.029513592221269341 0.046782380062367852 0.042251445519597627 0.059574020790283046 -0.049628179469229212 0.043539049320815364 0.035231900479445466 0.061257797949496519 -0.044977960921308048 0.075046830504500756 0.047985143176282198 -0.035702836302355372 0.11747017618077818 -0.063915962008141078
leaf_weight=493.49054060131311 25.39003037661314 51.416931644082069 25.187835820019245 370.2216360270977 10.444284595549105 3.6207316666841498 4.1349054500460616 2.3707579970359793 3.5588016211986533 1.1313050985336293 24.725687742233276 8.5437123477458936 1.4389939084649079 2.0763138309121132
leaf_count=4825 76 131 66 948 71 10 15 5 17 2 62 53 7 20
internal_value=9.59761e-05 -0.0392052 -0.0474546 0.0527355 0.0160983 -0.0519002 -0.0525849 -0.0533104 0.0408424 -0.0538557 0.0278008 0.0130936 -0.0541491 0.0103346
internal_weight=1027.75 588.427 533.451 439.325 69.1037 508.264 504.643 500.508 54.9757 498.137 58.6594 33.9337 497.006 3.51531
internal_count=6308 5098 4950 1210 262 4884 4874 4859 148 4854 191 129 4852 27
is_linear=0
shrinkage=0.05


Tree=21
num_leaves=15
num_cat=0
split_feature=185 263 260 296 18 258 165 17 288 274 50 198 181 59
split_gain=777.914 168.998 89.4337 46.4386 13.7498 13.8411 13.1474 14.1241 11.5897 9.91511 9.39541 8.81497 6.23063 5.17335
threshold=1.0000000180025095e-35 1.0000000180025095e-35 1.0000000180025095e-35 2.5000000000000004 1.0000000180025095e-35 1.0000000180025095e-35 1.0000000180025095e-35 1.0000000180025095e-35 1.0000000180025095e-35 1.0000000180025095e-35 1.0000000180025095e-35 1.0000000180025095e-35 1.0000000180025095e-35 1.0000000180025095e-35
decision_type=2 2 2 2 2 2 2 2 2 2 2 2 2 2
left_child=1 2 4 6 5 10 -2 8 -8 -3 11 12 13 -1
right_child=3 9 -4 -5 -6 -7 7 -9 -10 -11 -12 -13 -14 -15
leaf_value=-0.054187832284519094 0.029540281332165803 0.047629265198644431 0.042250088209554858 0.058601301006037013 0.030730065149841973 0.060044555015361205 -0.059658744781358089 0.072485285285342302 0.022269725981669188 -0.031377696531694324 0.070576603441368388 0.024199501639856479 0.024916850670513208 0.01349743581275633
leaf_weight=476.64437336474657 47.274107828736305 56.443374790251255 27.175688542425632 365.14883363991976 5.1041095256805411 2.7525584027171126 13.348001495003706 3.7676871120929709 6.3797818943858138 4.2715909034013739 1.5483857691287983 3.6901502907276145 2.5279244258999816 2.839903660118579
leaf_count=4838 145 144 72 973 18 6 100 7 23 19 3 15 13 18
internal_value=0.000892849 -0.0368849 -0.0460634 0.0514168 -0.0509108 -0.0517612 0.0143472 -0.0162222 -0.0331638 0.0420707 -0.0523928 -0.0527848 -0.0533742 -0.0537869
internal_weight=1018.92 582.998 522.283 435.918 495.107 490.003 70.7696 23.4955 19.7278 60.715 487.251 485.702 482.012 479.484
internal_count=6394 5146 4983 1248 4911 4893 275 130 123 163 4887 4884 4869 4856
is_linear=0
shrinkage=0.05


Tree=22
num_leaves=15
num_cat=0
split_feature=296 263 185 260 18 282 198 183 258 17 201 194 194 12
split_gain=739.491 139.521 61.3385 59.8314 15.1369 11.9075 10.977 10.8119 10.8436 8.3397 6.16518 10.7722 6.97341 5.93921
threshold=2.5000000000000004 1.0000000180025095e-35 1.0000000180025095e-35 1.0000000180025095e-35 1.0000000180025095e-35 1.0000000180025095e-35 1.0000000180025095e-35 1.0000000180025095e-35 1.0000000180025095e-35 1.0000000180025095e-35 1.0000000180025095e-35 1.0000000180025095e-35 1.0000000180025095e-35 1.0000000180025095e-35
decision_type=2 2 2 2 2 2 2 2 2 2 2 2 2 2
left_child=1 2 3 4 6 9 7 8 -1 10 11 -4 -12 -7
right_child=-2 -3 5 -5 -6 13 -8 -9 -10 -11 12 -13 -14 -15
leaf_value=-0.052242177299580674 0.057703025306703772 0.042725290155326279 -0.041807411158179271 0.035240628544385207 0.040088075776098325 -0.051773457936643147 0.030002800514517331 0.040966437786507187 0.057709416468486076 0.065311150371159324 0.022529611420435896 0.029928860460752563 -0.082268729589506956 0.046450235885628105
leaf_weight=468.24970036000013 356.16162709146738 55.893903009593487 6.3765905350446692 21.766274482011795 4.6687045693397513 10.449378974735733 4.2096027731895438 3.1678378731012335 2.2531754672527304 7.7670235782861701 2.8373713344335556 29.184616975486279 3.6031320095062247 1.8048022836446769
leaf_count=4895 987 151 42 62 15 77 16 9 5 16 10 87 22 6
internal_value=0.00024745 -0.0326397 -0.0400778 -0.0458484 -0.0495061 0.00684392 -0.0503814 -0.0510958 -0.0517156 0.0177149 0.00891329 0.0170656 -0.0360997 -0.037307
internal_weight=978.394 622.232 566.338 504.315 482.549 62.0229 477.88 473.671 470.503 49.7687 42.0017 35.5612 6.4405 12.2542
internal_count=6400 5413 5262 5002 4940 260 4925 4909 4900 177 161 129 32 83
is_linear=0
shrinkage=0.05


Tree=23
num_leaves=15
num_cat=0
split_feature=245 263 260 185 256 198 194 258 274 18 183 59 197 65
split_gain=683.166 140.638 53.0014 53.3976 20.572 13.6495 11.7128 9.0679 8.49243 8.43721 6.72911 6.51501 6.12032 4.85792
threshold=1.0000000180025095e-35 1.0000000180025095e-35 1.0000000180025095e-35 1.0000000180025095e-35 1.0000000180025095e-35 1.0000000180025095e-35 1.0000000180025095e-35 1.0000000180025095e-35 1.0000000180025095e-35 1.0000000180025095e-35 1.0000000180025095e-35 1.0000000180025095e-35 1.0000000180025095e-35 1.0000000180025095e-35
decision_type=2 2 2 2 2 2 2 2 2 2 2 2 2 2
left_child=1 2 3 5 6 7 -5 9 -3 10 11 13 -8 -1
right_child=-2 8 -4 4 -6 -7 12 -9 -10 -11 -12 -13 -14 -15
leaf_value=-0.051337023535618836 0.057498854208539979 0.049746623894132397 0.036468964379870981 -0.034192228869971288 -0.067087815374050577 0.038474510474413103 0.03338075797613177 0.054583898839531408 -0.024053442777952131 0.020200794687022041 0.033902591496516372 0.03291361077824511 -0.033109523810052374 0.015088634104237171
leaf_weight=443.83381018787622 338.70089192688465 51.675932593643665 22.244575753808022 9.7002570033073408 8.9855784475803357 4.5136549398303023 36.271652847528458 2.1070715859532347 4.2161971181631079 4.3153695017099372 2.3745387345552436 2.3292996436357489 3.8260432407259932 2.7696189880371085
leaf_count=4804 972 133 63 61 71 15 107 5 18 16 7 14 19 21
internal_value=0.000740766 -0.031344 -0.0391139 -0.0423408 0.00254494 -0.0480489 0.0151095 -0.0489021 0.0441795 -0.0493807 -0.0500461 -0.0504901 0.0270364 -0.0509251
internal_weight=937.864 599.164 543.271 521.027 58.7835 462.243 49.798 457.73 55.8921 455.623 451.307 448.933 40.0977 446.603
internal_count=6326 5354 5203 5140 258 4882 187 4867 151 4862 4846 4839 126 4825
is_linear=0
shrinkage=0.05


Tree=24
num_leaves=15
num_cat=0
split_feature=296 296 165 286 263 172 185 260 18 60 4 172 148 198
split_gain=634.726 135.242 66.0922 23.6743 20.8406 16.5033 13.3317 12.0082 10.7294 9.07108 8.59871 7.67399 7.6198 7.95632
threshold=2.5000000000000004 1.0000000180025095e-35 1.0000000180025095e-35 1.5000000000000002 1.0000000180025095e-35 1.0000000180025095e-35 1.0000000180025095e-35 1.0000000180025095e-35 1.0000000180025095e-35 1.0000000180025095e-35 1.0000000180025095e-35 1.0000000180025095e-35 1.0000000180025095e-35 1.0000000180025095e-35
decision_type=2 2 2 2 2 2 2 2 2 2 2 2 2 2
left_child=1 8 4 9 5 6 7 12 -1 10 11 -4 13 -3
right_child=-2 2 3 -5 -6 -7 -8 -9 -10 -11 -12 -13 -14 -15
leaf_value=-0.051087408411816172 0.05651422634247092 -0.044868021510372225 -0.057138234858574714 0.020540982888086617 0.045334533981364084 0.045414657677674351 0.020880094170652262 0.024256703535164147 0.028753491449450642 0.038636177823919114 0.08255303376162032 0.076891053349470731 0.056693852309909913 0.069523230218766358
leaf_weight=350.56141441315413 323.41878674179316 34.204504758119583 64.669463850557804 14.931347794830797 49.138901352882385 20.782199308276176 31.488035306334496 11.395342335104941 4.2590132653713217 2.8434465974569312 1.1574062705039967 1.0859102010726918 2.1706671416759482 1.5907760262489308
leaf_count=4006 967 308 665 59 134 56 107 35 15 8 2 2 6 3
internal_value=0.000214319 -0.0306329 -0.00125342 -0.0365991 0.0186002 0.00567416 -0.00454107 -0.0207575 -0.0501291 -0.04883 -0.0525468 -0.0549248 -0.0342683 -0.0397844
internal_weight=913.697 590.278 235.458 84.6876 150.77 101.632 80.8493 49.3613 354.82 69.7562 66.9128 65.7554 37.9659 35.7953
internal_count=6373 5406 1385 736 649 515 459 352 4021 677 669 667 317 311
is_linear=0
shrinkage=0.05


Tree=25
num_leaves=15
num_cat=0
split_feature=296 263 185 260 17 58 303 296 1 303 183 184 286 172
split_gain=599.592 101.654 48.1814 54.6419 10.0671 8.48097 9.36442 5.79055 5.56344 5.51661 5.51514 5.56638 5.66443 10.1668
threshold=2.5000000000000004 1.0000000180025095e-35 1.0000000180025095e-35 1.0000000180025095e-35 1.0000000180025095e-35 1.0000000180025095e-35 1.0000000180025095e-35 1.5000000000000002 1.0000000180025095e-35 1.5000000000000002 1.0000000180025095e-35 1.0000000180025095e-35 1.5000000000000002 1.0000000180025095e-35
decision_type=2 2 2 2 2 2 2 2 2 2 2 2 2 2
left_child=1 2 3 8 5 6 7 -4 9 10 11 12 -1 -14
right_child=-2 -3 4 -5 -6 -7 -8 -9 -10 -11 -12 -13 13 -15
leaf_value=-0.050520717933424678 0.055710231774861001 0.036435374645653607 0.023958398800021277 0.03548839710924067 0.060427433369354092 0.067374855688865712 -0.0379195099486659 -0.023409033948071412 0.080457525468802693 0.023445972730824931 0.040819976780906791 0.028061032984194753 -0.041042978320492501 0.02788070810429254
leaf_weight=379.88531949371099 306.43395735323429 50.717152573168278 19.814663760364056 21.058826714754105 7.2357712015509597 3.9856756329536429 17.198856703937054 9.5674677640199679 0.8548773005604734 2.7444042488932601 1.7537593245506276 2.3903726637363425 43.21843297034502 6.106367088854312
leaf_count=4398 955 150 68 61 16 8 98 60 5 16 5 11 468 42
internal_value=-0.000633173 -0.031109 -0.0377503 -0.043179 0.00526558 -0.00262773 -0.00861746 0.00853452 -0.0469703 -0.0472201 -0.0476676 -0.0480272 -0.048451 -0.0325103
internal_weight=872.966 566.532 515.815 458.012 57.8024 50.5667 46.581 29.3821 436.954 436.099 433.354 431.6 429.21 49.3248
internal_count=6361 5406 5256 5006 250 234 226 128 4945 4940 4924 4919 4908 510
is_linear=0
shrinkage=0.05


Tree=26
num_leaves=15
num_cat=0
split_feature=296 296 190 172 165 249 286 4 188 303 282 194 296 244
split_gain=581.154 118.418 60.278 27.1527 15.4689 14.8393 14.4066 9.23959 9.15296 8.55519 7.98607 7.6803 7.51004 7.28086
threshold=2.5000000000000004 1.0000000180025095e-35 1.0000000180025095e-35 1.0000000180025095e-35 1.0000000180025095e-35 1.0000000180025095e-35 1.5000000000000002 1.0000000180025095e-35 1.0000000180025095e-35 1.5000000000000002 1.0000000180025095e-35 1.0000000180025095e-35 1.5000000000000002 1.0000000180025095e-35
decision_type=2 2 2 2 2 2 2 2 2 2 2 2 2 2
left_child=1 9 3 4 5 11 7 8 -6 -1 -8 12 -3 -13
right_child=-2 2 -4 -5 6 -7 10 -9 -10 -11 -12 13 -14 -15
leaf_value=-0.050268124565701011 0.055603498102901133 -0.038121597159484211 -0.052074324563583796 0.048116303656667525 -0.059524172807371191 -0.067381555582220989 0.043233387783782412 0.067780964321672063 0.080264684674803743 0.049362236410876337 -0.053424729467214341 0.02612509437284204 0.057523548785952977 -0.036843178299670952
leaf_weight=328.40063918381929 302.05320563912392 10.442323192954062 48.048229239881039 38.693717755377293 24.69868918508292 5.6286785304546347 9.046740993857382 1.6894868388772 1.2292801737785328 2.1689284890890113 2.7978483140468589 73.33419893682003 2.5544295758008948 4.8972735330462447
leaf_count=4003 975 90 560 106 222 57 25 4 2 11 20 250 7 46
internal_value=-0.000182779 -0.030619 -0.00246836 0.0111505 0.000657907 0.0114088 -0.0257295 -0.0455142 -0.0528966 -0.0496144 0.0204015 0.0162701 -0.0193231 0.0221833
internal_weight=855.684 553.63 223.061 175.013 136.319 96.8569 39.462 27.6175 25.928 330.57 11.8446 91.2282 12.9968 78.2315
internal_count=6378 5403 1389 829 723 450 273 228 224 4014 45 393 97 296
is_linear=0
shrinkage=0.05


Tree=27
num_leaves=15
num_cat=0
split_feature=185 263 260 182 198 256 183 17 157 258 181 299 182 50
split_gain=530.938 110.503 58.9453 36.6641 10.8668 9.04353 8.69294 8.04757 7.63839 7.54584 7.34854 6.97034 6.04313 5.51957
threshold=1.0000000180025095e-35 1.0000000180025095e-35 1.0000000180025095e-35 1.0000000180025095e-35 1.0000000180025095e-35 1.0000000180025095e-35 1.0000000180025095e-35 1.0000000180025095e-35 1.0000000180025095e-35 1.0000000180025095e-35 1.0000000180025095e-35 1.0000000180025095e-35 1.0000000180025095e-35 1.0000000180025095e-35
decision_type=2 2 2 2 2 2 2 2 2 2 2 2 2 2
left_child=1 2 4 5 6 7 9 -2 -3 10 12 -4 13 -1
right_child=3 8 11 -5 -6 -7 -8 -9 -10 -11 -12 -13 -14 -15
leaf_value=-0.049672455825046639 0.014659448369045595 0.041874595751139561 -0.018194035944419023 0.055621902740522811 0.039888539618852026 -0.025859900694646706 0.036317963345175085 0.059394284111240606 -0.032931996107537144 0.050697868168697306 0.042362319975279679 0.054600424014382504 0.041420698031848696 0.068351956961943725
leaf_weight=392.26031517982483 51.796381540596485 46.134072117507458 4.1059429720044163 273.00616358220577 3.6043240204453459 10.927010163664816 3.0830985158681861 12.47466044872999 3.6849880069494239 1.9286497756838787 2.2156386002898207 16.517749413847923 1.8412217348814 0.99311584234237571
leaf_count=4849 201 135 17 918 12 73 9 32 17 5 12 42 8 2
internal_value=0.000178806 -0.0341234 -0.0423534 0.0471068 -0.0465429 0.0161927 -0.0473173 0.0233422 0.0363413 -0.0479631 -0.0484421 0.0401079 -0.0489513 -0.0493744
internal_weight=824.573 476.369 426.55 348.204 405.926 75.1981 402.322 64.271 49.8191 399.239 397.31 20.6237 395.095 393.253
internal_count=6332 5108 4956 1224 4897 306 4885 233 152 4876 4871 59 4859 4851
is_linear=0
shrinkage=0.05


Tree=28
num_leaves=15
num_cat=0
split_feature=185 263 260 245 165 286 198 181 258 197 274 182 1 59
split_gain=475.674 96.1449 56.2056 38.088 12.1826 11.3028 9.11902 7.75611 7.81962 7.37997 6.89999 4.84869 4.8528 4.60494
threshold=1.0000000180025095e-35 1.0000000180025095e-35 1.0000000180025095e-35 1.0000000180025095e-35 1.0000000180025095e-35 1.5000000000000002 1.0000000180025095e-35 1.0000000180025095e-35 1.0000000180025095e-35 1.0000000180025095e-35 1.0000000180025095e-35 1.0000000180025095e-35 1.0000000180025095e-35 1.0000000180025095e-35
decision_type=2 2 2 2 2 2 2 2 2 2 2 2 2 2
left_child=1 2 6 4 -2 -6 7 8 11 -3 -4 12 13 -1
right_child=3 9 10 -5 5 -7 -8 -9 -10 -11 -12 -13 -14 -15
leaf_value=-0.046511796015401806 0.026990738131547665 0.042300564742143894 0.044961604430351784 0.054583090662144833 -0.048452680667578144 0.026844622250822781 0.031910372629869399 0.05357187306786021 0.04267349884303423 -0.031452584471265532 -0.033845575976654767 0.034174726908153069 0.067942070632718524 0.018650428518232693
leaf_weight=381.41282306611538 43.402980253100395 43.194910153746605 21.213911913335327 273.98029910027981 12.907840080559254 8.1185303553938866 3.9651372805237761 2.013935759663581 2.538008786737918 3.6808606684207907 3.1959636583924285 1.9059534743428219 0.93594487756490607 2.730677217245101
leaf_count=4842 140 128 59 960 102 29 15 10 7 17 15 8 6 19
internal_value=0.00131385 -0.0314078 -0.0389895 0.0464487 0.0118579 -0.0193795 -0.043534 -0.0442981 -0.0448041 0.0365092 0.0346434 -0.0453778 -0.0457715 -0.0460486
internal_weight=805.198 466.788 419.912 338.41 64.4294 21.0264 395.502 391.537 389.523 46.8758 24.4099 386.985 385.079 384.144
internal_count=6357 5126 4981 1231 271 131 4907 4892 4882 145 74 4875 4867 4861
is_linear=0
shrinkage=0.05


Tree=29
num_leaves=15
num_cat=0
split_feature=245 296 190 256 151 247 18 60 17 277 165 286 297 157
split_gain=464.452 116.126 46.7387 22.6279 22.2505 20.3815 13.6619 12.3124 8.46365 5.60159 6.76233 4.83137 5.22018 4.55172
threshold=1.0000000180025095e-35 1.0000000180025095e-35 1.0000000180025095e-35 1.0000000180025095e-35 1.0000000180025095e-35 1.0000000180025095e-35 1.0000000180025095e-35 1.0000000180025095e-35 1.0000000180025095e-35 1.0000000180025095e-35 1.0000000180025095e-35 1.5000000000000002 2.5000000000000004 1.0000000180025095e-35
decision_type=2 2 2 2 2 2 2 2 2 2 2 2 2 2
left_child=1 6 3 4 5 9 -1 8 11 10 -3 -6 -13 -5
right_child=-2 2 -4 13 7 -7 -8 -9 -10 -11 -12 12 -14 -15
leaf_value=-0.048988410531569132 0.054518608433227214 0.027496719649128178 -0.045849294558155576 -0.064671917670781578 -0.049513002975802273 -0.059322364543781231 0.045032629636805294 0.040968084785918325 0.046613034804051059 0.044265528435752079 -0.036323409220735209 -0.036649618769850414 0.05222418816861657 -0.0096653429358273084
leaf_weight=292.69733980298042 260.81019408255816 44.594734385609627 43.342145889997482 10.092835277318956 21.009557045996196 6.1661999672651282 3.9153613597154608 7.9886097386479369 3.3413422331213942 60.650559641420841 4.5766749158501616 4.1517236456274977 2.7444730773568153 5.994586117565631
leaf_count=3976 949 148 550 118 175 77 13 24 10 179 34 24 8 35
internal_value=0.000222174 -0.0274759 0.000535678 0.0122712 0.0181213 0.0291315 -0.0477473 -0.0144269 -0.0285891 0.0340979 0.0215566 -0.0375936 -0.00128059 -0.0441751
internal_weight=772.076 511.266 214.653 171.311 155.224 115.988 296.613 39.2357 31.2471 109.822 49.1714 27.9058 6.8962 16.0874
internal_count=6320 5371 1382 832 679 438 3989 241 217 361 182 207 32 153
is_linear=0
shrinkage=0.05


Tree=30
num_leaves=15
num_cat=0
split_feature=296 296 190 282 151 277 286 303 93 214 165 18 223 165
split_gain=433.487 93.4532 44.1708 22.1207 20.7932 10.2592 9.77673 7.63857 7.27549 6.46562 6.27118 6.13148 6.91487 5.84165
threshold=2.5000000000000004 1.0000000180025095e-35 1.0000000180025095e-35 1.0000000180025095e-35 1.0000000180025095e-35 1.0000000180025095e-35 1.5000000000000002 1.5000000000000002 1.0000000180025095e-35 1.0000000180025095e-35 1.0000000180025095e-35 1.0000000180025095e-35 1.0000000180025095e-35 1.0000000180025095e-35
decision_type=2 2 2 2 2 2 2 2 2 2 2 2 2 2
left_child=1 7 3 4 5 10 8 9 -6 11 -3 12 -1 -8
right_child=-2 2 -4 -5 6 -7 13 -9 -10 -11 -12 -13 -14 -15
leaf_value=-0.048513238174459399 0.053010431907603052 0.019586408141429812 -0.048924480232379088 -0.029792192279849063 -0.021036735486737054 0.044299746146650588 -0.034489366793640515 0.046016131333777723 -0.090377298247106191 0.087208058150919004 -0.032828781263937817 0.01652221304707515 0.094004276326652494 0.047103482348876582
leaf_weight=278.4979949221015 252.3172737210989 45.283456020057201 39.994119413197041 29.196942158043385 15.167380698025228 52.790284417569637 3.1871711686253565 2.2339593991637221 5.0399464443325988 0.89720433950424094 6.5293986648321143 3.722117766737937 0.85372322797775169 7.0373380035161972
leaf_count=3938 962 183 530 263 106 162 18 12 38 8 52 15 7 19
internal_value=-0.000243631 -0.0276418 -0.00180368 0.00967129 0.018204 0.0287867 -0.0181721 -0.046079 -0.0383311 -0.0468035 0.0129811 -0.0472283 -0.0480777 0.0216695
internal_weight=742.748 490.431 204.226 164.232 135.035 104.603 30.4318 286.205 20.2073 283.971 51.8129 283.074 279.352 10.2245
internal_count=6313 5351 1371 841 578 397 181 3980 144 3968 235 3960 3945 37
is_linear=0
shrinkage=0.05


Tree=31
num_leaves=15
num_cat=0
split_feature=296 296 190 256 247 151 18 72 303 188 60 223 201 296
split_gain=395.369 92.3793 40.2103 22.6059 15.7156 16.8651 10.1709 8.78127 7.25243 6.88858 6.67147 6.12175 6.05991 5.6947
threshold=2.5000000000000004 1.0000000180025095e-35 1.0000000180025095e-35 1.0000000180025095e-35 1.0000000180025095e-35 1.0000000180025095e-35 1.0000000180025095e-35 1.0000000180025095e-35 1.5000000000000002 1.0000000180025095e-35 1.0000000180025095e-35 1.0000000180025095e-35 1.0000000180025095e-35 1.5000000000000002
decision_type=2 2 2 2 2 2 2 2 2 2 2 2 2 2
left_child=1 6 3 4 5 7 8 12 11 10 -7 -1 -3 -14
right_child=-2 2 -4 -5 -6 9 -8 -9 -10 -11 -12 -13 13 -15
leaf_value=-0.046221993358250384 0.052806448723886505 0.036379416594166152 -0.045058472243132024 -0.053541164911807229 -0.059044347480589378 -0.02289321856928599 0.033008704317304211 -0.055235963178475414 0.04541840814926628 0.068472561978815891 0.028663687067165534 0.083793471198778766 -0.043096511744632193 0.045276507164731902
leaf_weight=276.62582948803902 240.91938757523894 93.75963294506073 39.735581435263157 12.557076528668402 6.6308521330356589 31.287448331713676 4.2329293489456168 2.9092628657817832 2.1964226588606826 2.8115756213665 7.8486596941947928 0.90834118425846 4.8138278275728217 2.9340049177408218
leaf_count=4039 954 305 544 140 85 214 15 22 11 6 26 7 25 8
internal_value=0.000375336 -0.025443 0.000109917 0.0109512 0.0162444 0.0196552 -0.0439162 0.0304128 -0.0450803 -0.00712276 -0.0125536 -0.0457965 0.0328676 -0.00963078
internal_weight=730.171 489.251 205.288 165.552 152.995 146.364 283.964 104.417 279.731 41.9477 39.1361 277.534 101.507 7.74783
internal_count=6401 5447 1375 831 691 606 4072 360 4057 246 240 4046 338 33
is_linear=0
shrinkage=0.05


Tree=32
num_leaves=15
num_cat=0
split_feature=185 296 194 245 190 151 282 303 288 190 223 141 51 282
split_gain=398.45 62.8779 34.633 30.3876 15.9562 21.4137 13.0733 7.63962 6.91064 6.61653 6.48305 5.6812 5.0657 4.98049
threshold=1.0000000180025095e-35 1.0000000180025095e-35 1.0000000180025095e-35 1.0000000180025095e-35 1.0000000180025095e-35 1.0000000180025095e-35 1.0000000180025095e-35 1.5000000000000002 1.0000000180025095e-35 1.0000000180025095e-35 1.0000000180025095e-35 1.0000000180025095e-35 1.0000000180025095e-35 1.0000000180025095e-35
decision_type=2 2 2 2 2 2 2 2 2 2 2 2 2 2
left_child=1 7 12 9 5 6 -4 10 -7 13 11 -1 -3 -2
right_child=3 2 4 -5 -6 8 -8 -9 -10 -11 -12 -13 -14 -15
leaf_value=-0.04834480285530357 0.023404540668859462 -0.046470307902224284 0.036211278517953485 0.052493848175694337 -0.045505474061814516 -0.05527795100467086 -0.062893925220373764 0.046346299144398979 0.0033165199429473682 -0.070486105516158026 0.088630462802468571 0.068599322178254957 0.061654752940494585 -0.0126033957208201
leaf_weight=266.41221384704113 44.904023081064224 40.918062195181847 64.5206443592906 227.54636852070689 11.267401181161402 10.631104022264481 3.5085746496915808 2.18884403258562 9.5545129626989365 2.3169975951313964 0.87245849519967933 1.0426037460565556 1.1127014756202687 12.215638756752012
leaf_count=4022 158 536 218 941 164 116 48 11 44 22 6 12 3 78
internal_value=-0.001054 -0.0325589 -0.00555335 0.0441785 0.0105245 0.017681 0.0311 -0.0466861 -0.0275433 0.012344 -0.047445 -0.0478889 -0.0436079 0.0157039
internal_weight=699.012 412.029 141.513 286.983 99.4822 88.2148 68.0292 270.516 20.1856 59.4367 268.327 267.455 42.0308 57.1197
internal_count=6379 5180 1129 1199 590 426 266 4051 160 258 4040 4034 539 236
is_linear=0
shrinkage=0.05


Tree=33
num_leaves=15
num_cat=0
split_feature=245 263 260 185 198 18 165 151 214 299 181 183 1 60
split_gain=348.86 84.1447 39.3617 43.3731 8.47072 7.64336 6.93072 8.73491 6.18856 5.85654 5.29878 5.19407 4.92424 4.93896
threshold=1.0000000180025095e-35 1.0000000180025095e-35 1.0000000180025095e-35 1.0000000180025095e-35 1.0000000180025095e-35 1.0000000180025095e-35 1.0000000180025095e-35 1.0000000180025095e-35 1.0000000180025095e-35 1.0000000180025095e-35 1.0000000180025095e-35 1.0000000180025095e-35 1.0000000180025095e-35 1.0000000180025095e-35
decision_type=2 2 2 2 2 2 2 2 2 2 2 2 2 2
left_child=1 2 3 4 5 8 -5 -8 10 -4 11 12 13 -1
right_child=-2 -3 9 6 -6 -7 7 -9 -10 -11 -12 -13 -14 -15
leaf_value=-0.045567900333487454 0.052472417556829701 0.036733761549689985 -0.015077476562524957 0.017718509401197052 0.028220551388893012 0.024268930070272393 -0.050526193752509468 0.016705269875942765 0.055448858435635864 0.048771229032408679 0.030832806772068379 0.026961563530587204 0.073146346060930151 0.015715313951080695
leaf_weight=321.47148851305246 221.79717771708965 51.541622184216976 4.5669628158211735 38.608590371906757 4.3255888521671286 4.270491048693656 10.275891400873661 9.1179740503430367 1.586990900337695 16.815033465623856 2.3786730766296378 2.5540885478258124 0.88522468507289787 3.3216699138283721
leaf_count=4885 953 169 19 140 17 16 90 40 11 49 13 8 6 32
internal_value=0.000755668 -0.0235609 -0.030957 -0.0345006 -0.0413033 -0.0421971 0.00546879 -0.0189175 -0.0430515 0.0351338 -0.0435243 -0.0440632 -0.0446202 -0.0449412
internal_weight=693.517 471.72 420.179 398.797 340.794 336.469 58.0025 19.3939 332.198 21.382 330.611 328.232 325.678 324.793
internal_count=6448 5495 5326 5258 4988 4971 270 130 4955 68 4944 4931 4923 4917
is_linear=0
shrinkage=0.05


Tree=34
num_leaves=15
num_cat=0
split_feature=245 296 263 172 288 276 92 299 278 303 250 275 12 214
split_gain=350.808 75.8238 29.734 20.3276 13.7196 11.8657 8.08657 9.31433 7.05486 6.874 6.61707 5.99601 7.99113 5.86688
threshold=1.0000000180025095e-35 1.0000000180025095e-35 1.0000000180025095e-35 1.0000000180025095e-35 1.0000000180025095e-35 1.0000000180025095e-35 1.0000000180025095e-35 1.0000000180025095e-35 1.0000000180025095e-35 1.0000000180025095e-35 1.0000000180025095e-35 1.0000000180025095e-35 1.0000000180025095e-35 1.0000000180025095e-35
decision_type=2 2 2 2 2 2 2 2 2 2 2 2 2 2
left_child=1 6 3 4 5 8 13 -8 -3 -10 11 12 -6 -1
right_child=-2 2 -4 -5 10 -7 7 -9 9 -11 -12 -13 -14 -15
leaf_value=-0.044004027665299858 0.05240916572503105 -0.038806751223048899 0.034447775313810457 0.036033702666950822 0.0064328533403809774 0.049611571251577676 0.13872277860912857 -0.056656793214369096 0.023081204931241849 -0.056125437017789839 -0.05393719939209371 0.032751047952323989 -0.10166072296640148 0.08198947341216245
leaf_weight=247.97090322896838 222.10991765931249 76.214116241782904 45.284709379076958 19.291622199118137 9.7559872865676898 4.5776803940534583 1.3096843138337129 1.1418292224407194 9.603332217782734 3.8323333524167529 3.8596279546618453 19.181702762842178 2.0731475353240958 0.92741029709577461
leaf_count=3985 992 884 154 64 54 15 9 18 74 39 28 65 16 8
internal_value=0.0010869 -0.0245279 -0.00101614 -0.0118388 -0.0189926 -0.0289083 -0.0426445 0.0477218 -0.0329176 0.000488632 0.00780157 0.0154856 -0.0125114 -0.0435346
internal_weight=667.134 445.024 193.674 148.39 129.098 94.2275 251.35 2.45151 89.6498 13.4357 34.8705 31.0108 11.8291 248.898
internal_count=6405 5413 1393 1239 1175 1012 4020 27 997 113 163 135 70 3993
is_linear=0
shrinkage=0.05


Tree=35
num_leaves=15
num_cat=0
split_feature=296 296 172 288 165 188 303 247 151 141 90 223 214 90
split_gain=308.898 61.179 27.2943 27.5405 17.8324 6.08706 5.47336 5.44579 6.69937 4.75415 4.64684 4.42136 4.34316 3.60761
threshold=2.5000000000000004 1.0000000180025095e-35 1.0000000180025095e-35 1.0000000180025095e-35 1.0000000180025095e-35 1.0000000180025095e-35 1.5000000000000002 1.0000000180025095e-35 1.0000000180025095e-35 1.0000000180025095e-35 1.0000000180025095e-35 1.0000000180025095e-35 1.0000000180025095e-35 1.0000000180025095e-35
decision_type=2 2 2 2 2 2 2 2 2 2 2 2 2 2
left_child=1 6 3 4 7 10 9 8 -3 11 -5 12 13 -1
right_child=-2 2 -4 5 -6 -7 -8 -9 -10 -11 -12 -13 -14 -15
leaf_value=-0.04290501780704823 0.050868763791532046 0.0088481579255485047 0.039745487910809202 0.0064032596293136486 -0.04867143325847334 0.065047116319447054 0.035534396006437673 -0.057477330844628131 -0.038421738622038959 0.063249973045306829 0.059596945923279854 0.061796968941534851 0.055915172929144663 0.017092894824253867
leaf_weight=239.34531827270985 202.67404700815678 36.243498079478741 31.92160489410162 47.850293159484863 48.491736844182014 5.7776460349559775 2.363793618977069 4.6948109753429881 9.4499130323529226 1.0905115082859982 4.490931272506713 1.033903345465659 1.1314066126942623 2.5319637581706038
leaf_count=4013 948 204 107 214 661 14 12 68 102 13 13 7 10 14
internal_value=-0.000140405 -0.0238293 -0.00240206 -0.0109717 -0.0270267 0.0163434 -0.0401852 -0.00619667 -0.00092779 -0.0409154 0.0109673 -0.0413808 -0.0418198 -0.042277
internal_weight=639.091 436.417 188.92 156.999 98.88 58.1189 247.497 50.3882 45.6934 245.133 52.3412 244.043 243.009 241.877
internal_count=6400 5452 1383 1276 1035 241 4069 374 306 4057 227 4044 4037 4027
is_linear=0
shrinkage=0.05


Tree=36
num_leaves=15
num_cat=0
split_feature=296 296 190 282 151 247 60 168 17 214 274 286 263 303
split_gain=299.134 70.359 32.3844 15.2944 16.4332 12.9194 9.63742 9.86191 9.43933 5.71487 5.29648 7.0306 7.82508 4.52582
threshold=2.5000000000000004 1.0000000180025095e-35 1.0000000180025095e-35 1.0000000180025095e-35 1.0000000180025095e-35 1.0000000180025095e-35 1.0000000180025095e-35 1.0000000180025095e-35 1.0000000180025095e-35 1.0000000180025095e-35 1.0000000180025095e-35 1.5000000000000002 1.0000000180025095e-35 1.5000000000000002
decision_type=2 2 2 2 2 2 2 2 2 2 2 2 2 2
left_child=1 9 3 4 5 -3 7 -5 10 13 11 12 -6 -1
right_child=-2 2 -4 6 8 -7 -8 -9 -10 -11 -12 -13 -14 -15
leaf_value=-0.043726062632548468 0.050356642988208383 0.029784091202158282 -0.04531296603602912 -0.048628359245806003 -0.060168915504770708 -0.057238779158754541 0.042938579952838528 0.098653512948732314 0.054263583784334796 0.08194076999640143 -0.060232689495587827 0.036118848396606784 0.026427471899748697 0.021001794043610297
leaf_weight=232.39627384394407 196.20642482116818 91.809664100408554 34.201064128428698 20.148693557828672 8.3156144022941678 4.4727516062557688 4.1514171361923209 1.2045344710350026 4.0532789230346671 0.91920913010835548 8.4672357812523824 5.2827351465821257 3.8012356534600249 2.7323156520724288
leaf_count=4013 956 330 554 240 83 68 16 2 11 7 60 16 12 15
internal_value=-0.000650184 -0.024368 -0.00136167 0.00854676 0.0156836 0.0257415 -0.0267681 -0.0403202 -0.0166823 -0.0424875 -0.0277994 -0.0120163 -0.0330023 -0.0429739
internal_weight=618.162 421.956 185.908 151.707 126.203 96.2824 25.5046 21.3532 29.9201 236.048 25.8668 17.3996 12.1169 235.129
internal_count=6383 5427 1392 838 580 398 258 242 182 4035 171 111 95 4028
is_linear=0
shrinkage=0.05


Tree=37
num_leaves=15
num_cat=0
split_feature=296 296 190 256 18 172 288 17 278 223 280 154 93 292
split_gain=304.789 59.6208 29.0893 19.7518 12.6869 11.366 13.654 9.88813 7.59161 6.66728 6.08446 5.27 8.40309 5.23334
threshold=2.5000000000000004 1.0000000180025095e-35 1.0000000180025095e-35 1.0000000180025095e-35 1.0000000180025095e-35 1.0000000180025095e-35 1.0000000180025095e-35 1.0000000180025095e-35 1.0000000180025095e-35 1.0000000180025095e-35 1.0000000180025095e-35 1.0000000180025095e-35 1.0000000180025095e-35 1.0000000180025095e-35
decision_type=2 2 2 2 2 2 2 2 2 2 2 2 2 2
left_child=1 4 3 5 9 6 7 -3 -8 10 11 -1 -13 -10
right_child=-2 2 -4 -5 -6 -7 8 -9 13 -11 -12 12 -14 -15
leaf_value=-0.04595544668766726 0.050565868432764574 -0.023854642680726516 -0.047735048388304543 -0.061205227815955547 0.047104490575630445 0.037792200263136372 0.028152489287593466 0.040823638341322882 -0.060930734679405879 0.099140806791152544 0.084554548190284809 -0.056108376168190047 0.10816998034382284 0.024878258141784612
leaf_weight=219.32656702771783 194.86100512742996 45.009701702743769 30.995197184383869 10.282475877553223 3.8886189162731162 30.066885903477669 46.226105712354183 6.8024055436253539 4.4185565635561934 0.81069799512624641 0.90947535634040733 1.6949569508433333 1.4395626969635487 2.9720165729522705
leaf_count=3961 986 344 525 140 13 106 169 22 25 5 9 30 9 13
internal_value=-0.000812695 -0.0255425 -0.00374776 0.00560478 -0.0424352 0.0106748 0.00294133 -0.015363 0.0206296 -0.0439883 -0.0445078 -0.0450354 0.0193383 -0.0264238
internal_weight=599.704 404.843 176.773 145.778 228.07 135.496 105.429 51.8121 53.6167 224.181 223.371 222.461 3.13452 7.39057
internal_count=6357 5371 1344 819 4027 679 573 366 207 4014 4009 4000 39 38
is_linear=0
shrinkage=0.05


Tree=38
num_leaves=15
num_cat=0
split_feature=245 304 172 288 277 92 278 303 299 201 18 286 278 214
split_gain=257.118 69.8156 25.608 19.8722 13.9811 9.17991 8.40185 9.15774 8.06532 7.58743 7.27295 6.1411 9.01482 8.538
threshold=1.0000000180025095e-35 1.0000000180025095e-35 1.0000000180025095e-35 1.0000000180025095e-35 1.0000000180025095e-35 1.0000000180025095e-35 1.0000000180025095e-35 1.0000000180025095e-35 1.0000000180025095e-35 1.0000000180025095e-35 1.0000000180025095e-35 1.5000000000000002 1.0000000180025095e-35 1.0000000180025095e-35
decision_type=2 2 2 2 2 2 2 2 2 2 2 2 2 2
left_child=1 5 3 4 6 10 -3 -8 -7 -6 11 -1 13 -13
right_child=-2 2 -4 -5 9 8 7 -9 -10 -11 -12 12 -14 -15
leaf_value=-0.046179672702159016 0.050232096695252804 -0.042645806166418762 0.041202560845722852 0.015534982758365007 0.0234669642036274 0.14179565462950636 0.028880816194389949 -0.060306119094432231 -0.055490373852398647 -0.046336996199892934 0.032240047980277846 -0.047860819695627138 0.022636471310190781 0.13594388658493017
leaf_weight=188.16970480978489 178.59125201404095 54.117926765233278 32.525499112904072 56.76660468056798 20.114400893449787 1.2791876792907708 9.3520779572427255 4.1578757092356673 0.87063954770565022 4.8271520212292662 3.2552792578935614 16.428898721933368 8.3341950885951537 0.65707386285066505
leaf_count=3544 945 751 114 244 100 8 73 47 16 48 12 294 133 3
internal_value=0.000332901 -0.0218984 0.00099965 -0.00775657 -0.0220397 -0.0409138 -0.0338404 0.0014323 0.0618985 0.00995721 -0.0419331 -0.0430635 -0.0199967 -0.0407923
internal_weight=579.448 400.857 181.862 149.336 92.5694 218.995 67.6279 13.51 2.14983 24.9416 216.845 213.59 25.4202 17.086
internal_count=6332 5387 1377 1263 1019 4010 871 120 24 148 3986 3974 430 297
is_linear=0
shrinkage=0.05


Tree=39
num_leaves=15
num_cat=0
split_feature=245 304 165 151 288 112 18 247 197 154 197 293 280 187
split_gain=233.129 58.2781 24.1912 17.7086 17.4144 10.4658 10.3825 8.85441 5.91535 4.91396 4.89588 4.67087 4.6058 4.36298
threshold=1.0000000180025095e-35 1.0000000180025095e-35 1.0000000180025095e-35 1.0000000180025095e-35 1.0000000180025095e-35 1.0000000180025095e-35 1.0000000180025095e-35 1.0000000180025095e-35 1.0000000180025095e-35 1.0000000180025095e-35 1.0000000180025095e-35 1.0000000180025095e-35 1.0000000180025095e-35 1.0000000180025095e-35
decision_type=2 2 2 2 2 2 2 2 2 2 2 2 2 2
left_child=1 6 3 7 5 -4 9 11 -6 12 -5 -3 13 -1
right_child=-2 2 4 10 8 -7 -8 -9 -10 -11 -12 -13 -14 -15
leaf_value=-0.041795886895880929 0.049635561301859893 0.020801145799197413 -0.045288227402323286 -0.051560039565099317 0.035336211227225717 0.081149366407483881 0.042168651641952909 -0.04663523586675556 -0.039380177171171621 0.024581903130031408 0.023538404276081115 0.059781183045546166 0.063933514347786852 0.061241958125038055
leaf_weight=206.73000071570277 166.88216109573841 89.386515643447638 44.371142338961363 11.94319139793515 12.741746135056021 1.6993415802717198 3.9294563531875601 4.6265572868287554 3.3443385884165755 2.917783521115779 2.6521835327148429 8.4080628380179387 1.0453221723437298 1.0325067564845074
leaf_count=3982 923 410 670 126 50 6 13 70 19 37 11 23 10 10
internal_value=8.9247e-05 -0.0208525 0.000222224 0.0136123 -0.024986 -0.0406245 -0.0383621 0.0209549 0.0198025 -0.0398567 -0.0379136 0.0241525 -0.0407571 -0.0412838
internal_weight=561.71 394.828 179.173 117.017 62.1566 46.0705 215.655 102.421 16.0861 211.726 14.5954 97.7946 208.808 207.763
internal_count=6360 5437 1385 640 745 676 4052 503 69 4039 137 433 4002 3992
is_linear=0
shrinkage=0.05


Tree=40
num_leaves=15
num_cat=0
split_feature=245 296 194 250 286 19 18 165 151 249 223 62 303 148
split_gain=226.513 62.6073 22.3684 11.0627 9.75943 12.1076 8.40457 8.02801 7.92714 7.83713 6.59762 5.97947 5.24673 5.19966
threshold=1.0000000180025095e-35 1.0000000180025095e-35 1.0000000180025095e-35 1.0000000180025095e-35 1.0000000180025095e-35 1.0000000180025095e-35 1.0000000180025095e-35 1.0000000180025095e-35 1.0000000180025095e-35 1.0000000180025095e-35 1.0000000180025095e-35 1.0000000180025095e-35 1.5000000000000002 1.0000000180025095e-35
decision_type=2 2 2 2 2 2 2 2 2 2 2 2 2 2
left_child=1 6 7 4 13 9 10 -3 -7 -6 12 -9 -1 -4
right_child=-2 2 3 -5 5 8 -8 11 -10 -11 -12 -13 -14 -15
leaf_value=-0.042338224731995881 0.049248980025890163 -0.0031887285212627188 -0.017346719249927225 -0.040604032950163051 0.0315861793381303 0.01710001719061164 0.030173039162007528 -0.052524057478322429 -0.091991153921186203 -0.031938434049717995 0.10480249933889092 0.057328373207500727 0.032363062107373407 0.057807800698277338
leaf_weight=199.13228645920753 165.52216282859445 17.073829635977745 25.534494187682871 9.5192949399352056 83.345088675618172 3.0838411822915068 4.2472631335258475 25.251883879303936 3.6200116463005543 5.1556071043014517 0.77401125431060691 1.302650898694991 2.3786445260047904 2.5294491276144973
leaf_count=3984 956 169 239 108 338 11 15 422 26 53 4 3 12 7
internal_value=0.000374535 -0.0207505 0.00112393 0.0113292 0.0153397 0.0229781 -0.0394353 -0.0299369 -0.0418081 0.0278856 -0.0408968 -0.0471352 -0.0414564 -0.0105729
internal_weight=548.471 382.948 176.416 132.788 123.268 95.2045 206.532 43.6284 6.70385 88.5007 202.285 26.5545 201.511 28.0639
internal_count=6347 5391 1376 782 674 428 4015 594 37 391 4000 425 3996 246
is_linear=0
shrinkage=0.05


Tree=41
num_leaves=15
num_cat=0
split_feature=245 296 165 151 188 112 247 154 201 277 4 286 277 60
split_gain=217.854 63.701 23.1573 13.324 9.3317 9.20004 8.44548 5.14493 5.1426 5.08925 4.95289 4.72157 4.52117 4.31715
threshold=1.0000000180025095e-35 1.0000000180025095e-35 1.0000000180025095e-35 1.0000000180025095e-35 1.0000000180025095e-35 1.0000000180025095e-35 1.0000000180025095e-35 1.0000000180025095e-35 1.0000000180025095e-35 1.0000000180025095e-35 1.0000000180025095e-35 1.5000000000000002 1.0000000180025095e-35 1.0000000180025095e-35
decision_type=2 2 2 2 2 2 2 2 2 2 2 2 2 2
left_child=1 7 3 6 5 10 8 -1 12 -9 11 13 -3 -4
right_child=-2 2 4 -5 -6 -7 -8 9 -10 -11 -12 -13 -14 -15
leaf_value=-0.041173299852721452 0.049262915917766825 0.016991635127128944 -0.046846737842729913 -0.027660585662962828 0.062779606212667441 0.092262245645254204 -0.046109620524219401 -0.055883992024397991 -0.0085822534030031827 0.08205319392222539 0.070285004587607391 -0.0021884064265042503 0.040054371412838158 0.020711893352083857
leaf_weight=195.69966077804565 157.66734540462494 44.257189936935902 39.194198917597532 16.514579202979803 2.8609727025032035 1.4969748854637135 4.5042519718408576 1.1103376373648635 10.785279225558041 1.6812001839280128 1.1248773485422123 8.6543565951287729 40.87883323803544 2.5165282115340224
leaf_count=3999 945 231 655 144 8 4 69 21 58 13 3 49 151 9
internal_value=2.19744e-05 -0.0208887 0.00130896 0.0139586 -0.0251782 -0.0299274 0.0208027 -0.0402119 0.0239448 0.0271885 -0.0334798 -0.0357974 0.0280654 -0.0427707
internal_weight=528.947 371.279 172.788 116.94 55.8479 52.9869 100.426 198.491 95.9213 2.79154 51.49 50.3651 85.136 41.7107
internal_count=6359 5414 1381 653 728 720 509 4033 440 34 716 713 382 664
is_linear=0
shrinkage=0.05


Tree=42
num_leaves=15
num_cat=0
split_feature=245 304 194 197 190 249 90 250 244 92 172 93 280 291
split_gain=203.661 46.301 25.8188 12.4397 10.5134 10.3 9.4574 9.06985 9.18219 8.06823 7.41707 9.02881 5.89258 4.58766
threshold=1.0000000180025095e-35 1.0000000180025095e-35 1.0000000180025095e-35 1.0000000180025095e-35 1.0000000180025095e-35 1.0000000180025095e-35 1.0000000180025095e-35 1.0000000180025095e-35 1.0000000180025095e-35 1.0000000180025095e-35 1.0000000180025095e-35 1.0000000180025095e-35 1.0000000180025095e-35 1.0000000180025095e-35
decision_type=2 2 2 2 2 2 2 2 2 2 2 2 2 2
left_child=1 6 -3 4 5 7 9 8 13 12 11 -5 -1 -4
right_child=-2 2 3 10 -6 -7 -8 -9 -10 -11 -12 -13 -14 -15
leaf_value=-0.040213410032153799 0.048375737526421506 -0.035618265256764703 0.025344660001455702 0.0013749333328563667 -0.039046616413946494 -0.048648980372926226 0.057596822534772253 -0.059458622415961143 -0.043502794391507074 0.055783100284041459 0.047082568784962836 -0.080595126574698625 0.090626935710525366 0.058605811550722177
leaf_weight=187.84264098107815 152.40095733106136 41.730027101933956 79.134580161422491 5.8484171256423014 8.165112126618622 5.2090272530913344 2.5954650603234759 3.1890479661524287 4.4950142055749884 2.2427394725382319 2.5537332370877257 7.8934805616736412 0.86448295786976714 11.929985269904135
leaf_count=3987 959 602 304 27 159 68 10 49 58 27 9 82 8 36
internal_value=-0.000145674 -0.0204779 -0.00145073 0.00965213 0.0155848 0.0198757 -0.037205 0.0234904 0.0262586 -0.0384936 -0.0311678 -0.0457095 -0.039614 0.0297021
internal_weight=516.095 363.694 170.148 128.418 112.123 103.958 193.545 98.7486 95.5596 190.95 16.2956 13.7419 188.707 91.0646
internal_count=6385 5426 1394 792 674 515 4032 447 398 4022 118 109 3995 340
is_linear=0
shrinkage=0.05


Tree=43
num_leaves=15
num_cat=0
split_feature=296 296 263 165 151 151 247 60 286 289 93 286 165 53
split_gain=183.871 47.75 16.4102 11.1295 9.90222 9.20913 6.671 7.40127 6.06895 4.99335 4.98067 4.81197 7.38137 11.0781
threshold=2.5000000000000004 1.0000000180025095e-35 1.0000000180025095e-35 1.0000000180025095e-35 1.0000000180025095e-35 1.0000000180025095e-35 1.0000000180025095e-35 1.0000000180025095e-35 1.0000000180025095e-35 1.0000000180025095e-35 1.0000000180025095e-35 1.5000000000000002 1.0000000180025095e-35 1.0000000180025095e-35
decision_type=2 2 2 2 2 2 2 2 2 2 2 2 2 2
left_child=1 11 3 4 6 -5 7 -3 -7 -9 -10 -1 13 -13
right_child=-2 2 -4 5 -6 8 -8 9 10 -11 -12 12 -14 -15
leaf_value=-0.039057667510509375 0.047925195837232981 0.019694185821639485 0.028529566152204363 -0.041487783153238394 -0.034699089637643607 -0.072628313757976182 -0.056124740241831707 -0.11322774009751753 0.047677316086900817 0.0037147793036715819 -0.01724434670602646 0.028480485388154959 -0.058820095773934128 -0.056576309103712225
leaf_weight=163.74952024593949 146.08985292166471 58.177255440503359 40.338794361799955 33.464241597801447 14.040985699743031 2.0639120936393729 3.4455646686255923 1.7926704287528985 6.9645632132887823 1.8598646521568296 5.1305640563368797 12.176880788058048 7.0203135013580313 5.5834118314087382
leaf_count=3590 949 291 160 640 142 23 61 13 27 9 31 200 140 113
internal_value=0.000695265 -0.0186967 0.000748829 -0.00807932 0.00339264 -0.0271858 0.0115863 0.0153596 0.00661627 -0.0536808 0.0201386 -0.0359502 -0.0154161 0.00174066
internal_weight=501.898 355.809 167.278 126.94 79.3163 47.6233 65.2754 61.8298 14.159 3.65254 12.0951 188.53 24.7806 17.7603
internal_count=6389 5440 1397 1237 516 721 374 313 81 22 58 4043 453 313
is_linear=0
shrinkage=0.05


Tree=44
num_leaves=15
num_cat=0
split_feature=245 296 165 151 282 168 247 92 286 282 299 18 112 214
split_gain=178.785 48.5172 17.6459 9.73095 8.51995 8.18054 7.96035 7.66067 6.23429 6.11943 6.10795 6.01497 5.6564 5.44308
threshold=1.0000000180025095e-35 1.0000000180025095e-35 1.0000000180025095e-35 1.0000000180025095e-35 1.0000000180025095e-35 1.0000000180025095e-35 1.0000000180025095e-35 1.0000000180025095e-35 1.5000000000000002 1.0000000180025095e-35 1.0000000180025095e-35 1.0000000180025095e-35 1.0000000180025095e-35 1.0000000180025095e-35
decision_type=2 2 2 2 2 2 2 2 2 2 2 2 2 2
left_child=1 7 3 4 6 -6 -3 11 12 -10 -9 13 -4 -1
right_child=-2 2 8 -5 5 -7 -8 10 9 -11 -12 -13 -14 -15
leaf_value=-0.039406451210294152 0.047668377667454465 0.025894038129614896 -0.034062150704222076 -0.023797316129027121 -0.054621110680501489 0.065318109023642587 -0.055738169083693695 0.11733703726233786 0.030747364199719258 -0.05804059350089022 -0.054967024205984032 0.029742451542220799 0.083652873173514497 0.085280543938301076
leaf_weight=175.28342293575406 144.29807495698333 84.320851746946573 41.690993674099445 15.97826089337468 6.7390544861555082 1.8017744868993757 3.0960620678961268 1.434847600758075 8.6420708410441858 2.5026039630174628 0.80171344056725491 3.2615657895803443 1.046115294098853 0.87966381758451362
leaf_count=3987 984 375 679 145 64 6 58 9 38 23 16 12 4 6
internal_value=0.00088569 -0.0185418 0.00101368 0.0123302 0.0183459 -0.0293187 0.0230029 -0.0363918 -0.0224957 0.0108095 0.0555732 -0.0375382 -0.0311807 -0.0387838
internal_weight=491.777 347.479 165.818 111.936 95.9577 8.54083 87.4169 181.661 53.8818 11.1447 2.23656 179.425 42.7371 176.163
internal_count=6406 5422 1392 648 503 70 433 4030 744 61 25 4005 683 3993
is_linear=0
shrinkage=0.05


Tree=45
num_leaves=15
num_cat=0
split_feature=296 296 190 188 92 172 288 165 141 247 151 194 223 214
split_gain=160.598 47.5237 14.701 11.3613 7.16543 7.10015 5.98609 8.77666 5.62727 3.82286 4.45663 3.81609 3.55812 3.41484
threshold=2.5000000000000004 1.0000000180025095e-35 1.0000000180025095e-35 1.0000000180025095e-35 1.0000000180025095e-35 1.0000000180025095e-35 1.0000000180025095e-35 1.0000000180025095e-35 1.0000000180025095e-35 1.0000000180025095e-35 1.0000000180025095e-35 1.0000000180025095e-35 1.0000000180025095e-35 1.0000000180025095e-35
decision_type=2 2 2 2 2 2 2 2 2 2 2 2 2 2
left_child=1 4 3 5 8 6 7 9 12 10 -3 -8 13 -1
right_child=-2 2 -4 -5 -6 -7 11 -9 -10 -11 -12 -13 -14 -15
leaf_value=-0.03733951269205267 0.047484549704231938 0.014244420588648955 -0.031064282517816979 0.061271692236295618 0.054773459363629998 0.030831267956417913 -0.024756567060601083 -0.03983679160254873 0.089040087912134414 -0.055148936137063856 -0.028897605899919368 0.018588848270625874 0.053915239141242258 0.049256058779553996
leaf_weight=172.04358249902725 137.68824626132846 31.525116045027971 26.878684800118208 9.7859031707048398 2.2233351953327647 22.642557825893164 5.7854794375598422 17.885960381478071 0.9015534520149221 2.7306066863238803 7.3892110101878634 41.509891323745251 1.0885347947478283 1.1460474207997311
leaf_count=3999 973 140 547 30 24 93 32 221 12 53 91 177 7 8
internal_value=0.00185937 -0.0164271 0.00279017 0.00932469 -0.0344235 0.00539828 7.579e-06 -0.0105421 -0.0355555 0.00203954 0.00605244 0.0132866 -0.0362001 -0.0367665
internal_weight=481.225 343.536 166.133 139.255 177.403 129.469 106.826 59.5309 175.18 41.6449 38.9143 47.2954 174.278 173.19
internal_count=6407 5434 1384 837 4050 807 714 505 4026 284 231 209 4014 4007
is_linear=0
shrinkage=0.05


Tree=46
num_leaves=15
num_cat=0
split_feature=296 296 172 288 165 151 247 278 12 189 194 151 188 19
split_gain=155.084 32.6035 14.4273 12.1279 11.7664 5.38858 4.52881 4.40199 4.47081 3.90538 3.84695 4.92919 3.77273 11.0728
threshold=2.5000000000000004 1.0000000180025095e-35 1.0000000180025095e-35 1.0000000180025095e-35 1.0000000180025095e-35 1.0000000180025095e-35 1.0000000180025095e-35 1.0000000180025095e-35 1.0000000180025095e-35 1.0000000180025095e-35 1.0000000180025095e-35 1.0000000180025095e-35 1.0000000180025095e-35 1.0000000180025095e-35
decision_type=2 2 2 2 2 2 2 2 2 2 2 2 2 2
left_child=1 9 3 4 5 6 -3 10 -9 12 11 -5 -1 -14
right_child=-2 2 -4 7 -6 -7 -8 8 -10 -11 -12 -13 13 -15
leaf_value=-0.033202243158930764 0.047546161738976536 0.010494383188734283 0.033196368253743995 -0.0726538981749872 -0.039847888056104605 -0.04023973937150057 -0.054733808271499443 0.0095412312417906264 -0.076512181904858687 0.077395865417199991 0.023675133694344465 0.011336502377224696 -0.067438130296591084 0.10013559543579476
leaf_weight=167.34186839312315 132.43525353819132 35.623082358390093 26.802521321922541 2.4932280257344228 37.00570373237133 7.6831854023039332 2.8758786357939234 3.4559183791279784 2.6796890273690224 0.81878826394677062 38.446237653493881 5.8352770693600178 1.9732428044080725 1.9699206948280334
leaf_count=3987 972 215 112 29 692 108 60 15 18 3 163 23 30 3
internal_value=0.00174099 -0.0163669 -0.000334032 -0.00693735 -0.0188409 -0.00200802 0.00562183 0.0117779 -0.0280421 -0.0315424 0.0170012 -0.0138069 -0.0320632 0.0162781
internal_weight=467.44 335.005 162.901 136.098 83.1879 46.1821 38.499 52.9104 6.13561 172.104 46.7747 8.32851 171.285 3.94316
internal_count=6430 5458 1435 1323 1075 383 275 248 33 4023 215 52 4020 33
is_linear=0
shrinkage=0.05


Tree=47
num_leaves=15
num_cat=0
split_feature=245 296 190 188 278 286 223 277 197 92 263 289 23 303
split_gain=152.35 32.2262 14.7916 9.68974 7.78719 9.45552 7.28237 6.75838 6.72265 5.81155 5.78973 5.93053 5.68661 4.9404
threshold=1.0000000180025095e-35 1.0000000180025095e-35 1.0000000180025095e-35 1.0000000180025095e-35 1.0000000180025095e-35 1.0000000180025095e-35 1.0000000180025095e-35 1.0000000180025095e-35 1.0000000180025095e-35 1.0000000180025095e-35 1.0000000180025095e-35 1.0000000180025095e-35 1.0000000180025095e-35 1.0000000180025095e-35
decision_type=2 2 2 2 2 2 2 2 2 2 2 2 2 2
left_child=1 6 3 7 -4 -6 9 10 -9 -1 11 12 -3 -14
right_child=-2 2 4 -5 5 -7 -8 8 -10 -11 -12 -13 13 -15
leaf_value=-0.033920456776909462 0.048350101755047788 0.048499501883202879 -0.044448537111525743 0.059575046462688054 0.14012571752033276 -0.032162169853677224 0.13334368846462294 0.025038690891733297 -0.019499456856378661 0.043321532336507561 0.025857801439650191 0.020244260055094096 -0.015759150365993412 -0.053738932072301071
leaf_weight=163.39385232329369 124.28374434635043 2.6933815628290168 23.352073017507795 8.1042264997959119 1.337504863739013 1.9683743715286253 0.66242532432079215 43.058785043656826 10.548113774508236 2.471989579498767 10.806625157594679 10.214676436036823 30.490521296858788 11.905861798673866
leaf_count=3991 952 8 514 27 19 30 3 197 78 28 42 48 304 101
internal_value=0.00134767 -0.0168501 -0.000401684 0.00666396 -0.0342807 0.0375427 -0.0321085 0.00308218 0.016275 -0.0327693 -0.00761538 -0.0141561 -0.0219492 -0.0264247
internal_weight=445.292 321.008 154.48 127.822 26.658 3.30588 166.528 119.718 53.6069 165.866 66.1111 55.3044 45.0898 42.3964
internal_count=6342 5390 1368 805 563 49 4022 778 275 4019 503 461 413 405
is_linear=0
shrinkage=0.05


Tree=48
num_leaves=15
num_cat=0
split_feature=296 296 188 277 197 302 58 271 282 297 263 185 278 298
split_gain=143.617 41.1689 12.7537 8.69597 7.53715 5.44283 5.47171 6.16583 4.65066 4.33706 3.68752 4.19058 6.06564 5.73322
threshold=2.5000000000000004 1.0000000180025095e-35 1.0000000180025095e-35 1.0000000180025095e-35 1.0000000180025095e-35 1.0000000180025095e-35 1.0000000180025095e-35 1.0000000180025095e-35 1.0000000180025095e-35 2.5000000000000004 1.0000000180025095e-35 1.0000000180025095e-35 1.0000000180025095e-35 1.0000000180025095e-35
decision_type=2 2 2 2 2 2 2 2 2 2 2 2 2 2
left_child=1 -1 3 5 8 6 7 10 -5 -9 11 12 -3 -14
right_child=-2 2 -4 4 -6 -7 -8 9 -10 -11 -12 -13 13 -15
leaf_value=-0.036439067337099167 0.045754852339493911 -0.0373280936336726 0.059937622399548134 0.026319935201158703 -0.027430161433976447 0.048603743913757332 0.050431754101273762 -0.041413335498420766 -0.026376092456691654 -0.14991305803908264 0.014724316395948912 -0.0022711398688272633 0.044674221457712687 -0.031648332955475117
leaf_weight=159.57780212163925 119.60176220722497 35.796463754028082 8.3451528251171094 40.148295622318983 9.8751145638525468 3.4336934909224501 3.0302237272262564 2.7851084247231475 4.6744455657899371 1.3761260770261285 9.3024933785200101 24.907054714858532 4.9834119006991369 4.8603375554084778
leaf_count=4021 955 681 29 182 83 18 9 37 38 11 39 155 41 54
internal_value=-0.000852133 -0.0186559 -0.000170731 -0.00362602 0.0121126 -0.013141 -0.0155768 -0.0179576 0.0208244 -0.0772943 -0.0148654 -0.0187672 -0.0277695 0.00699007
internal_weight=432.697 313.096 153.518 145.173 54.6979 90.4749 87.0412 84.011 44.8227 4.16123 79.8498 70.5473 45.6402 9.84375
internal_count=6353 5398 1377 1348 303 1045 1027 1018 220 48 970 931 776 95
is_linear=0
shrinkage=0.05


Tree=49
num_leaves=15
num_cat=0
split_feature=296 296 190 256 90 92 249 247 154 93 188 19 60 278
split_gain=124.919 36.0782 10.287 10.5653 8.57623 7.41959 6.73462 6.88045 4.83946 7.30839 4.79316 4.46274 4.26369 4.24969
threshold=2.5000000000000004 1.0000000180025095e-35 1.0000000180025095e-35 1.0000000180025095e-35 1.0000000180025095e-35 1.0000000180025095e-35 1.0000000180025095e-35 1.0000000180025095e-35 1.0000000180025095e-35 1.0000000180025095e-35 1.0000000180025095e-35 1.0000000180025095e-35 1.0000000180025095e-35 1.0000000180025095e-35
decision_type=2 2 2 2 2 2 2 2 2 2 2 2 2 2
left_child=1 4 3 6 5 8 7 10 -1 -10 11 -3 -8 -4
right_child=-2 2 13 -5 -6 -7 12 -9 9 -11 -12 -13 -14 -15
leaf_value=-0.036131912467352333 0.045274639556880318 0.016892846072213495 -0.035988589614688003 -0.046113266622025986 0.058735497508115055 0.058789001337431326 -0.060668521544593429 -0.054808890232241503 -0.054154287489433198 0.1073835824560425 0.060512583108427158 -0.018201204353852567 0.062221064417195382 0.026011662851554204
leaf_weight=149.39677483960986 117.56786846928298 96.951040238142014 21.187610622495416 8.5863565169274789 2.5559018477797499 2.1424987055361262 4.7479884251952162 3.5381183996796599 1.3417365737259379 1.4643642082810402 5.7404443621635428 9.992559786885975 0.82906851172447193 3.1784333512186995
leaf_count=3955 977 457 503 140 10 23 79 79 33 11 20 50 2 50
internal_value=0.00135739 -0.0152099 0.00191987 0.00749269 -0.0321051 -0.0336094 0.0112717 0.0138472 -0.03491 0.0301443 0.0160029 0.0136137 -0.0424001 -0.027901
internal_weight=429.221 311.653 154.752 130.386 156.901 154.345 121.799 116.222 152.203 2.8061 112.684 106.944 5.57706 24.366
internal_count=6389 5412 1380 827 4032 4022 687 606 3999 44 527 507 81 553
is_linear=0
shrinkage=0.05


Tree=50
num_leaves=15
num_cat=0
split_feature=245 296 165 288 151 18 112 197 247 280 197 129 293 296
split_gain=120.821 24.2895 13.4904 9.54631 7.24832 6.95003 6.37026 4.74028 5.21087 4.29159 4.25511 4.24968 3.54887 3.2531
threshold=1.0000000180025095e-35 1.0000000180025095e-35 1.0000000180025095e-35 1.0000000180025095e-35 1.0000000180025095e-35 1.0000000180025095e-35 1.0000000180025095e-35 1.0000000180025095e-35 1.0000000180025095e-35 1.0000000180025095e-35 1.0000000180025095e-35 1.0000000180025095e-35 1.0000000180025095e-35 2.5000000000000004
decision_type=2 2 2 2 2 2 2 2 2 2 2 2 2 2
left_child=1 5 4 6 7 9 11 8 12 -1 -6 -4 -3 -2
right_child=13 2 3 -5 10 -7 -8 -9 -10 -11 -12 -13 -14 -15
leaf_value=-0.032219246295960111 -0.010635464564103683 0.017424418216844904 -0.045607124045129857 0.01259048706895252 -0.036567371016714874 0.034780499852754138 0.074988170333060822 -0.016194499323428774 -0.055007759063078587 0.073903799214914648 0.036487443998350626 0.031532125841040065 0.058922567486103222 0.046460930057878241
leaf_weight=147.214111443609 2.5530670955777159 70.763266034424305 31.737338736653328 13.305395431816576 11.989374008029698 4.0594534128904334 1.2211218737065781 11.491853065788744 2.3589120358228675 0.95886803418397804 2.3906545937061301 1.891870081424712 5.5565043687820426 109.13379892893136
leaf_count=4005 12 367 655 68 134 14 6 68 52 9 9 11 18 966
internal_value=0.000664592 -0.0156307 -0.00154116 -0.0234386 0.00854475 -0.0297642 -0.037194 0.0138022 0.0181835 -0.0315325 -0.0244221 -0.0412675 0.0204457 0.0451558
internal_weight=416.626 304.939 152.706 48.1557 104.551 152.232 34.8503 90.1705 78.6787 148.173 14.38 33.6292 76.3198 111.687
internal_count=6394 5416 1388 740 648 4028 672 505 437 4014 143 666 385 978
is_linear=0
shrinkage=0.05


Tree=51
num_leaves=15
num_cat=0
split_feature=245 304 172 288 286 141 278 65 280 165 189 297 303 129
split_gain=112.985 24.8444 11.859 13.8536 8.63169 9.47068 10.0951 9.51715 8.06148 7.41414 7.36813 7.15483 6.74426 6.73026
threshold=1.0000000180025095e-35 1.0000000180025095e-35 1.0000000180025095e-35 1.0000000180025095e-35 1.5000000000000002 1.0000000180025095e-35 1.0000000180025095e-35 1.0000000180025095e-35 1.0000000180025095e-35 1.0000000180025095e-35 1.0000000180025095e-35 2.5000000000000004 1.5000000000000002 1.0000000180025095e-35
decision_type=2 2 2 2 2 2 2 2 2 2 2 2 2 2
left_child=1 4 3 -3 12 6 7 8 10 11 -6 13 -1 -8
right_child=-2 2 -4 -5 5 -7 9 -9 -10 -11 -12 -13 -14 -15
leaf_value=-0.036227765294295222 0.044717650993365582 -0.021031775277746599 0.031698877388736363 0.012795916095028483 -0.055542874679577553 0.22265078031519134 0.12880845081581538 0.17011146397062957 0.13439408753756724 -0.053793054124337707 0.11849767844092425 -0.053605008672773374 0.059189209566153478 -0.053669697209191514
leaf_weight=126.32913522422314 105.25242692232132 73.889973450452089 23.265075244009495 51.264879450201988 11.98360925540328 0.46654425933957 3.5418719723820677 0.5736802853643902 0.6458986848592766 1.4348311647772787 0.64064055681228715 0.88879467174410809 1.8794751465320576 0.58938539028167714
leaf_count=3569 959 1028 105 246 307 3 61 5 2 38 1 23 8 15
internal_value=0.000196273 -0.0155606 -0.00108193 -0.00717556 -0.0299853 -7.97283e-05 -0.00519895 -0.0292762 -0.0378959 0.0464397 -0.0467109 0.0750883 -0.034829 0.102775
internal_weight=402.646 297.394 148.42 125.155 148.974 20.7653 20.2987 13.8438 13.2701 6.45488 12.6242 5.02005 128.209 4.13126
internal_count=6370 5411 1379 1274 4032 455 452 315 310 137 308 99 3577 76
is_linear=0
shrinkage=0.05


Tree=52
num_leaves=15
num_cat=0
split_feature=296 296 172 288 277 274 194 288 275 297 303 223 18 303
split_gain=109.077 21.8852 11.9983 9.47531 10.5127 9.82098 5.18677 13.3551 10.9365 9.1186 6.41717 5.60647 4.89042 4.86242
threshold=2.5000000000000004 1.0000000180025095e-35 1.0000000180025095e-35 1.0000000180025095e-35 1.0000000180025095e-35 1.0000000180025095e-35 1.0000000180025095e-35 1.0000000180025095e-35 1.0000000180025095e-35 1.0000000180025095e-35 1.5000000000000002 1.0000000180025095e-35 1.0000000180025095e-35 1.0000000180025095e-35
decision_type=2 2 2 2 2 2 2 2 2 2 2 2 2 2
left_child=1 6 3 4 13 -6 7 12 9 -9 11 -8 -1 -3
right_child=-2 2 -4 -5 5 -7 10 8 -10 -11 -12 -13 -14 -15
leaf_value=-0.028351004488155196 0.044217711906225823 -0.02530239197334282 0.031154342309235042 0.0079964290115541094 0.031995240188938533 -0.045359771286269085 -0.035978741014565239 -0.05309385561440777 0.1717631824404382 0.1786037237392688 0.058285315360285153 0.099791708771783838 0.11084332987785839 -0.067114871959030695
leaf_weight=21.222610116004951 104.48180290684104 41.923889834433794 23.29876809194684 53.108273364603519 14.663953900337221 5.6973407305777064 115.67451357841492 1.7215962260961526 1.6917313449084761 0.56367988884448994 1.8697009086608876 0.76539070904254813 0.65035742521285911 8.3355960175394994
leaf_count=621 983 744 107 267 74 72 3302 51 22 12 8 3 1 115
internal_value=0.000391221 -0.0153343 -0.00176114 -0.00795928 -0.0199583 0.0103504 -0.0291775 -0.00888775 0.075395 0.00405603 -0.0336107 -0.0350863 -0.0242123 -0.032237
internal_weight=395.669 291.187 147.028 123.729 70.6208 20.3613 144.16 25.85 3.97701 2.28528 118.31 116.44 21.873 50.2595
internal_count=6382 5399 1379 1272 1005 146 4020 707 85 63 3313 3305 622 859
is_linear=0
shrinkage=0.05


Tree=53
num_leaves=15
num_cat=0
split_feature=245 263 304 303 148 194 286 165 271 297 90 141 81 58
split_gain=97.4225 19.7334 9.0307 10.792 10.1355 6.45687 10.1876 13.4557 7.13423 6.7024 6.02971 6.13834 5.97853 5.28139
threshold=1.0000000180025095e-35 1.0000000180025095e-35 1.0000000180025095e-35 1.5000000000000002 1.0000000180025095e-35 1.0000000180025095e-35 1.5000000000000002 1.0000000180025095e-35 1.0000000180025095e-35 1.0000000180025095e-35 1.0000000180025095e-35 1.0000000180025095e-35 1.0000000180025095e-35 1.0000000180025095e-35
decision_type=2 2 2 2 2 2 2 2 2 2 2 2 2 2
left_child=1 2 5 4 12 6 8 9 -1 -8 11 -7 13 -4
right_child=-2 -3 3 -5 -6 10 7 -9 -10 -11 -12 -13 -14 -15
leaf_value=-0.02607884341244442 0.045033208878790254 0.022250843756446159 -0.010912273618798297 -0.15146995026729324 0.054087548774666865 -0.03470012513524174 0.22768854315416626 -0.054918938315981651 0.13882732112459681 0.072120910174103936 0.03870436794386739 0.10307850531568573 -0.13229122470542412 0.046530225854134931
leaf_weight=19.523807574063547 95.327092930674553 34.127606049180031 96.214826686307788 1.2867769226431836 6.6293072476983061 110.26425516791642 0.92248956114053671 1.8273504339158533 0.67866170406341453 2.7753750495612621 2.9527092613279811 0.8143727071583261 0.98527958989143272 4.175126001238822
leaf_count=587 935 156 1170 14 24 3248 12 51 14 30 14 10 9 13
internal_value=0.00131269 -0.0134051 -0.0182911 -0.00752431 -0.00580933 -0.0267106 -0.00408489 0.0560787 -0.0205391 0.11093 -0.0318154 -0.03369 -0.00972621 -0.00852329
internal_weight=378.505 283.178 249.05 109.291 108.005 139.759 25.7277 5.52522 20.2025 3.69786 114.031 111.079 101.375 100.39
internal_count=6287 5352 5196 1230 1216 3966 694 93 601 42 3272 3258 1192 1183
is_linear=0
shrinkage=0.05


Tree=54
num_leaves=15
num_cat=0
split_feature=182 296 172 286 90 170 194 165 3 303 90 103 53 148
split_gain=102.258 25.9691 13.4204 7.58792 10.1295 9.15362 10.6716 10.3274 8.52598 7.13667 7.06392 8.28682 11.7092 6.79845
threshold=1.0000000180025095e-35 1.0000000180025095e-35 1.0000000180025095e-35 1.5000000000000002 1.0000000180025095e-35 1.0000000180025095e-35 1.0000000180025095e-35 1.0000000180025095e-35 1.0000000180025095e-35 1.5000000000000002 1.0000000180025095e-35 1.0000000180025095e-35 1.0000000180025095e-35 1.0000000180025095e-35
decision_type=2 2 2 2 2 2 2 2 2 2 2 2 2 2
left_child=1 3 10 4 9 6 7 -5 -8 -1 11 13 -13 -3
right_child=-2 2 -4 5 -6 -7 8 -9 -10 -11 -12 12 -14 -15
leaf_value=-0.039195854446605484 0.046128678569117856 -0.0092619251567337638 0.034777676282213343 0.092176896873530187 0.06632706150149853 0.21371476953054241 -0.038426365536609074 -0.053191077518521881 0.14577359457516198 0.060717600158914899 0.056193730948761247 -0.12796854726346918 0.060510724984657815 0.052889578235207436
leaf_weight=114.44356578029692 89.088990390300751 107.44918424449861 22.880811270326376 4.125077165663245 2.3912047296762458 0.47557288780808349 14.408287096768618 1.7359295953065155 0.65684965997934419 1.8156146183609951 4.2667565867304793 3.1087511256337157 1.1212191581726072 4.5878043323755255
leaf_count=3591 912 1214 115 46 9 2 364 54 12 7 18 33 3 15
internal_value=-0.000597744 -0.0152831 -0.000327787 -0.0305975 -0.0355403 -0.00319456 -0.00812409 0.0491214 -0.0303951 -0.0376355 -0.00699183 -0.00931061 -0.0780092 -0.00671688
internal_weight=372.556 283.467 143.415 140.052 118.65 21.4017 20.9261 5.86101 15.0651 116.259 120.534 116.267 4.22997 112.037
internal_count=6395 5483 1398 4085 3607 478 476 100 376 3598 1283 1265 36 1229
is_linear=0
shrinkage=0.05


Tree=55
num_leaves=15
num_cat=0
split_feature=245 296 190 286 165 53 194 40 12 172 19 4 18 288
split_gain=98.4862 20.7912 11.3609 5.8917 7.51865 10.6401 5.26892 11.2436 5.54692 5.18064 5.14624 8.81496 7.60996 4.59654
threshold=1.0000000180025095e-35 1.0000000180025095e-35 1.0000000180025095e-35 1.5000000000000002 1.0000000180025095e-35 1.0000000180025095e-35 1.0000000180025095e-35 1.0000000180025095e-35 1.0000000180025095e-35 1.0000000180025095e-35 1.0000000180025095e-35 1.0000000180025095e-35 1.0000000180025095e-35 1.0000000180025095e-35
decision_type=2 2 2 2 2 2 2 2 2 2 2 2 2 2
left_child=1 3 9 10 5 6 -5 -8 -9 13 -1 12 -12 -3
right_child=-2 2 -4 4 -6 -7 7 8 -10 -11 11 -13 -14 -15
leaf_value=-0.037244109104894618 0.043512377933939472 -0.012713657714671837 -0.035632259678095468 0.09341184502651792 -0.058353467327908776 -0.054728900649138594 -0.053865269665474752 0.098216789759724463 -0.056357919930975955 0.024969622595302676 -0.052997446698436868 0.21842454886992099 0.092888957511246012 0.009061421215328257
leaf_weight=108.1490675136447 91.536284910514951 48.722987791523337 22.52453345246613 3.1796273142099389 4.9849608540534964 4.1721126511692992 3.1993309780955324 3.3561593517661095 0.70173479244112957 22.047735787928104 2.8349109161645165 0.48442184180021275 1.3055862188339231 48.221580859273672
leaf_count=3486 979 481 567 29 141 118 88 54 16 109 92 13 2 233
internal_value=-0.00138783 -0.0163941 -0.00307078 -0.0306384 -0.00533124 0.0127613 0.0397404 0.0162252 0.0714861 0.00309291 -0.0350353 0.0166146 -0.00699638 -0.00188243
internal_weight=365.421 273.885 141.517 132.368 19.5939 14.609 10.4369 7.25723 4.05789 118.992 112.774 4.62492 4.1405 96.9446
internal_count=6408 5429 1390 4039 446 305 187 158 70 823 3593 107 94 714
is_linear=0
shrinkage=0.05


Tree=56
num_leaves=15
num_cat=0
split_feature=245 296 188 90 256 247 296 197 194 194 240 92 93 299
split_gain=81.5587 21.0502 8.89598 7.27778 7.08859 5.61565 7.42523 5.37459 7.16402 5.23924 5.7507 4.82487 4.39581 4.34775
threshold=1.0000000180025095e-35 1.0000000180025095e-35 1.0000000180025095e-35 1.0000000180025095e-35 1.0000000180025095e-35 1.0000000180025095e-35 1.5000000000000002 1.0000000180025095e-35 1.0000000180025095e-35 1.0000000180025095e-35 1.0000000180025095e-35 1.0000000180025095e-35 1.0000000180025095e-35 1.5000000000000002
decision_type=2 2 2 2 2 2 2 2 2 2 2 2 2 2
left_child=1 3 4 11 5 6 7 9 -9 -3 13 -1 -8 -11
right_child=-2 2 -4 -5 -6 -7 12 8 -10 10 -12 -13 -14 -15
leaf_value=-0.03064307380916801 0.042378152035113914 -0.022120365701272293 0.057885319820126485 0.058295937827721925 -0.042853940111679395 -0.047981280419694475 0.055670079541583019 0.01692247455074912 -0.066154126507773539 0.012366207024293127 -0.092000770650332853 0.039655233118305336 -0.0083609189171722272 -0.043157848779713591
leaf_weight=124.78753906860948 87.719291714951396 17.829754518344998 6.3787153065204611 2.4180263914167872 10.091310892254112 5.662517260760068 9.7262569777667505 4.1910656187683344 6.8142251186072809 73.795790754258633 1.414995789527892 2.4895142912864676 3.7000672332942477 3.7025702483952037
leaf_count=3984 976 354 26 10 157 144 42 27 47 533 10 26 27 30
internal_value=0.000435613 -0.0130411 0.000167082 -0.0276355 -0.00252168 0.000687199 0.00296149 -0.00140761 -0.0345167 0.0023588 0.00788964 -0.0292681 0.0380242 0.00971348
internal_weight=360.722 273.002 143.307 129.695 136.929 126.837 121.175 107.748 11.0053 96.7431 78.9134 127.277 13.4263 77.4984
internal_count=6393 5417 1397 4020 1371 1214 1070 1001 74 927 573 4010 69 563
is_linear=0
shrinkage=0.05


Tree=57
num_leaves=15
num_cat=0
split_feature=182 263 260 185 60 1 303 170 18 181 286 198 292 58
split_gain=79.0433 16.1676 13.6397 10.1575 9.20624 5.76369 6.59252 7.32244 7.90856 4.81651 4.57539 4.44197 5.95594 4.33387
threshold=1.0000000180025095e-35 1.0000000180025095e-35 1.0000000180025095e-35 1.0000000180025095e-35 1.0000000180025095e-35 1.0000000180025095e-35 1.0000000180025095e-35 1.0000000180025095e-35 1.0000000180025095e-35 1.0000000180025095e-35 1.5000000000000002 1.0000000180025095e-35 1.0000000180025095e-35 1.0000000180025095e-35
decision_type=2 2 2 2 2 2 2 2 2 2 2 2 2 2
left_child=1 2 3 5 10 6 9 8 11 -1 -5 12 -8 -14
right_child=-2 -3 -4 4 -6 -7 7 -9 -10 -11 -12 -13 13 -15
leaf_value=-0.030243757034451032 0.045936746532966186 0.022058163705654749 0.030359348863895148 -0.0036774238673620164 -0.064891675966551474 0.12924286691433426 -0.036469682360815471 0.17963521833268356 0.065400197135205326 0.0499378917092538 0.029264568702674399 0.044182972439075284 0.0047717274525610337 0.13746745507660266
leaf_weight=138.88911270536482 80.161341851577163 33.35839056968689 15.434420064091681 28.194912564009428 4.7014012932777396 0.6119140163063993 19.083509715273987 0.53301998972892661 3.3540673479437819 1.8985347971320141 16.834084555506706 2.7884005829691878 5.9860228970646849 0.6858193166553973
leaf_count=4228 922 161 63 188 33 5 474 2 8 10 82 13 105 15
internal_value=0.00229543 -0.0105494 -0.0151007 -0.0182392 0.00168661 -0.0239398 -0.0244809 -0.00415723 -0.00722844 -0.0291625 0.00863794 -0.0157628 -0.0222528 0.0184119
internal_weight=352.515 272.354 238.995 223.561 49.7304 173.83 173.218 32.4308 31.8978 140.788 45.029 28.5438 25.7554 6.67184
internal_count=6309 5387 5226 5163 303 4860 4855 617 615 4238 270 607 594 120
is_linear=0
shrinkage=0.05


Tree=58
num_leaves=15
num_cat=0
split_feature=182 296 188 165 288 286 278 141 194 90 58 4 165 286
split_gain=70.0999 19.2551 9.01985 7.20746 7.32199 6.55087 8.45148 7.25933 7.58126 5.66913 5.69745 6.49704 9.68595 5.62424
threshold=1.0000000180025095e-35 1.0000000180025095e-35 1.0000000180025095e-35 1.0000000180025095e-35 1.0000000180025095e-35 1.5000000000000002 1.0000000180025095e-35 1.0000000180025095e-35 1.0000000180025095e-35 1.0000000180025095e-35 1.0000000180025095e-35 1.0000000180025095e-35 1.0000000180025095e-35 1.0000000180025095e-35
decision_type=2 2 2 2 2 2 2 2 2 2 2 2 2 2
left_child=1 5 3 -3 -5 9 7 8 -7 10 13 12 -12 -1
right_child=-2 2 -4 4 -6 6 -8 -9 -10 -11 11 -13 -14 -15
leaf_value=-0.024607671611361008 0.043923101176218511 0.0064303862747695801 0.058470654568442762 -0.031353364906823257 0.011788943818512806 0.026256327456888696 0.048931084229078887 0.14755784302647676 -0.056742906695711297 0.068039334112356215 -0.052635469785097838 0.19593042419401865 0.1863024907674119 -0.04927397568500394
leaf_weight=60.871289929375052 74.870366727933288 96.346707044169307 6.6025365889072409 31.114210048690438 14.380043029785154 4.0752168018370858 6.2686522193253031 0.60491774976253587 8.4686237815767527 1.4386307597160328 1.8563671149313448 0.52607364580035199 0.54974946938455094 37.252838846296072
leaf_count=2153 904 658 29 691 76 61 133 2 250 5 66 10 16 1301
internal_value=0.00110872 -0.010748 0.00134456 -0.00131459 -0.0177167 -0.0254722 0.0011566 -0.0216198 -0.0297783 -0.0305169 -0.03192 0.0367585 0.00195707 -0.0339722
internal_weight=345.226 270.356 148.443 141.841 45.4943 121.912 19.4174 13.1488 12.5438 102.495 101.056 2.93219 2.40612 98.1241
internal_count=6355 5451 1454 1425 767 3997 446 313 311 3551 3546 92 82 3454
is_linear=0
shrinkage=0.05


Tree=59
num_leaves=15
num_cat=0
split_feature=245 304 1 277 172 188 58 302 267 297 282 286 278 170
split_gain=69.2145 14.9224 19.3759 10.9154 9.37182 6.68885 5.65265 5.60812 5.44192 6.35473 4.97644 4.72197 8.27242 7.87784
threshold=1.0000000180025095e-35 1.0000000180025095e-35 1.0000000180025095e-35 1.0000000180025095e-35 1.0000000180025095e-35 1.0000000180025095e-35 1.0000000180025095e-35 1.0000000180025095e-35 1.0000000180025095e-35 2.5000000000000004 1.0000000180025095e-35 1.5000000000000002 1.0000000180025095e-35 1.0000000180025095e-35
decision_type=2 2 2 2 2 2 2 2 2 2 2 2 2 2
left_child=1 2 11 4 5 6 7 8 9 -3 -5 -1 13 -13
right_child=-2 3 -4 10 -6 -7 -8 -9 -10 -11 -12 12 -14 -15
leaf_value=-0.029754532513259314 0.042630234215230711 -0.022763307389404797 0.37205403525161684 0.022693578362905819 0.056127889426789049 0.062676783853660642 0.04981372995364098 0.056071495876138681 0.06031476403769951 -0.090414236377465471 -0.016886347190032184 -0.036415397651075251 0.042204879670887152 0.15275112045276903
leaf_weight=102.31185406073928 75.60437935590744 65.707931505516171 0.30720558017492194 48.018498707562685 4.7421020567417136 2.5965874791145316 2.8780065327882758 2.2517214827239505 1.8604956567287434 3.6648920942097893 9.5153286494314653 11.386016765609384 6.674733228981494 0.57833039760589677
leaf_count=3596 942 979 3 239 20 8 9 13 5 38 91 313 137 1
internal_value=0.000476784 -0.0116644 -0.0245305 -0.000618179 -0.0121424 -0.0162425 -0.0189261 -0.0216182 -0.024074 -0.0263372 0.0161476 -0.0255378 -0.00239172 -0.0272715
internal_weight=338.098 262.494 121.258 141.236 83.7017 78.9596 76.363 73.485 71.2333 69.3728 57.5338 120.951 18.6391 11.9643
internal_count=6394 5452 4050 1402 1072 1052 1044 1035 1022 1017 330 4047 451 314
is_linear=0
shrinkage=0.05


Tree=60
num_leaves=15
num_cat=0
split_feature=296 296 188 129 286 278 141 194 303 247 151 93 60 3
split_gain=62.4761 12.2176 8.98839 6.94851 5.81235 6.57602 5.45538 6.78487 5.38761 5.26198 4.93988 11.8007 4.97956 4.74048
threshold=2.5000000000000004 1.0000000180025095e-35 1.0000000180025095e-35 1.0000000180025095e-35 1.5000000000000002 1.0000000180025095e-35 1.0000000180025095e-35 1.0000000180025095e-35 1.5000000000000002 1.0000000180025095e-35 1.0000000180025095e-35 1.0000000180025095e-35 1.0000000180025095e-35 1.0000000180025095e-35
decision_type=2 2 2 2 2 2 2 2 2 2 2 2 2 2
left_child=1 4 3 9 8 6 7 -6 -1 -3 12 -12 13 -7
right_child=-2 2 -4 -5 5 10 -8 -9 -10 -11 11 -13 -14 -15
leaf_value=-0.029210431749322391 0.040954419500125773 -0.00046522221887835289 0.057735066806316508 -0.12571169835917839 0.02368276001508865 -0.020116169322907582 0.11983287140339929 -0.055618208880064482 0.055660023289983741 -0.05368872362594989 -0.053450956717496306 0.23663844303040527 0.15986659219929641 0.11616957531334865
leaf_weight=97.109142249450088 75.142344361171126 123.8282224740833 6.2705384492874137 1.1538052689284075 4.2273529600352058 3.8395506907254449 0.66962438076734621 7.4521046169102183 1.9066333770751942 4.8248356301337472 0.57475365325808503 0.89882784150540829 0.56455790996551503 0.76522560790181149
leaf_count=3552 966 1198 28 16 68 94 2 248 8 143 16 11 1 11
internal_value=0.000902249 -0.0109427 -0.000732405 -0.00355677 -0.0227163 0.00262082 -0.018958 -0.0269154 -0.0275762 -0.00246125 0.0427356 0.123492 0.0197149 0.00253191
internal_weight=329.228 254.085 136.077 129.807 118.008 18.992 12.3491 11.6795 99.0158 128.653 6.64292 1.47358 5.16933 4.60478
internal_count=6362 5396 1385 1357 4011 451 318 316 3560 1341 133 27 106 105
is_linear=0
shrinkage=0.05


Tree=61
num_leaves=15
num_cat=0
split_feature=296 296 1 188 129 194 288 38 282 297 298 194 181 0
split_gain=61.775 15.033 17.1778 6.9195 6.34755 5.2754 16.5604 6.74212 9.05266 6.55119 5.75777 4.94921 8.77214 5.84512
threshold=2.5000000000000004 1.0000000180025095e-35 1.0000000180025095e-35 1.0000000180025095e-35 1.0000000180025095e-35 1.0000000180025095e-35 1.0000000180025095e-35 1.0000000180025095e-35 1.0000000180025095e-35 2.5000000000000004 1.0000000180025095e-35 1.0000000180025095e-35 1.0000000180025095e-35 1.0000000180025095e-35
decision_type=2 2 2 2 2 2 2 2 2 2 2 2 2 2
left_child=1 2 5 4 11 6 -1 8 9 10 -8 12 13 -3
right_child=-2 3 -4 -5 -6 -7 7 -9 -10 -11 -12 -13 -14 -15
leaf_value=-0.02651734833966507 0.040096667054053681 -0.019608684330782552 0.33012195654024473 0.057880783510363999 -0.12930313741478469 -0.031856776803233969 0.13328671388073818 -0.052588810192635095 -0.054171769593050256 0.044273643397612139 0.30809974671033519 0.0033675308697387395 0.17859333453801041 -0.14913769128191981
leaf_weight=18.60943954996765 72.412316268309951 28.5102191194892 0.33863165229558845 4.8290435820817939 0.98846527561545272 92.801304196938872 1.3520504049956801 0.81597077287733544 0.724792219698429 1.1232385411858556 0.72285788133740414 97.230049354955554 0.54658421501517196 0.89840809255838294
leaf_count=652 960 576 2 22 16 3334 20 30 19 10 9 739 3 11
internal_value=-0.000560288 -0.0123606 -0.0254751 -0.000874386 -0.00308803 -0.0265119 -0.00526781 0.078178 0.105377 0.141536 0.194188 -0.00210711 -0.0198769 -0.0235657
internal_weight=321.903 249.491 116.488 133.003 128.174 116.15 23.3483 4.73891 3.92294 3.19815 2.07491 127.185 29.9552 29.4086
internal_count=6403 5443 4076 1367 1345 4074 740 88 58 39 29 1329 590 587
is_linear=0
shrinkage=0.05


Tree=62
num_leaves=15
num_cat=0
split_feature=182 263 260 185 282 168 296 247 286 90 165 194 46 288
split_gain=62.3415 14.3957 13.4294 8.92733 6.78492 13.6258 5.50327 7.4342 5.02864 8.31163 7.22343 5.38059 5.69362 8.13012
threshold=1.0000000180025095e-35 1.0000000180025095e-35 1.0000000180025095e-35 1.0000000180025095e-35 1.0000000180025095e-35 1.0000000180025095e-35 1.5000000000000002 1.0000000180025095e-35 1.5000000000000002 1.0000000180025095e-35 1.0000000180025095e-35 1.0000000180025095e-35 1.0000000180025095e-35 1.0000000180025095e-35
decision_type=2 2 2 2 2 2 2 2 2 2 2 2 2 2
left_child=1 2 3 6 -5 -6 8 -8 9 -1 11 -10 -13 -14
right_child=-2 -3 -4 4 5 -7 7 -9 10 -11 -12 12 13 -15
leaf_value=-0.033346549833457938 0.041910431172621693 0.017956931782229093 0.028189086236971441 0.0083598213713274028 -0.068698363954293046 0.070047024789664444 0.089706329927158851 -0.052993573166826458 0.046195762237012383 0.065183634646825639 -0.057467705114755456 -0.052706919220897923 0.086356010319652912 -0.022585813436445747
leaf_weight=127.67782322689891 66.062767393887043 33.408502265810966 15.130438670516012 37.090611383318901 7.9182907883077842 2.2788247317075729 2.2971180565655223 1.5144063327461483 6.1784499436616942 2.1768572404980651 5.4315816648304454 4.9154538549482822 2.6767681334167719 4.7543518412858248
leaf_count=4358 926 170 66 199 101 12 11 54 62 6 165 147 42 110
internal_value=-0.00134914 -0.0126249 -0.0172681 -0.0206247 -0.00157076 -0.0376919 -0.0263409 0.0330084 -0.0278117 -0.0316948 -0.00676334 0.0081033 -0.0109589 0.0166562
internal_weight=319.512 253.449 220.041 204.911 47.2877 10.1971 157.623 3.81152 153.811 129.855 23.9566 18.525 12.3466 7.43112
internal_count=6429 5503 5333 5267 312 113 4955 65 4890 4364 526 361 299 152
is_linear=0
shrinkage=0.05


Tree=63
num_leaves=15
num_cat=0
split_feature=296 296 172 285 296 0 165 288 303 152 298 286 92 154
split_gain=49.8514 13.4146 7.32109 6.66222 6.34365 5.03262 5.29113 5.17371 4.96837 4.79569 7.06114 4.46296 4.29276 4.23396
threshold=1.5000000000000002 1.0000000180025095e-35 1.0000000180025095e-35 1.0000000180025095e-35 3.5000000000000004 1.0000000180025095e-35 1.0000000180025095e-35 1.0000000180025095e-35 1.0000000180025095e-35 1.0000000180025095e-35 1.0000000180025095e-35 1.5000000000000002 1.0000000180025095e-35 1.0000000180025095e-35
decision_type=2 2 2 2 2 2 2 2 2 2 2 2 2 2
left_child=1 9 3 11 5 6 -2 -7 -5 -1 -11 -3 13 -12
right_child=4 2 -4 8 -6 7 -8 -9 -10 10 12 -13 -14 -15
leaf_value=-0.026719680883479303 0.037468397206643765 -0.0064800180571646234 0.029372526138911149 0.039299685294207604 0.041656140028909008 -0.0011165999467552044 -0.0090657209260733649 -0.13367636905473843 -0.054661149730779873 0.19199702888760906 -0.031189059042799519 0.021207220731464589 0.12513397441281657 0.1051650762722358
leaf_weight=103.89343034289777 17.028170851990588 66.387719510123134 18.175458706915379 1.6439266186207504 60.221124226227403 2.2635747045278545 9.5259946882724744 1.0907636322081087 9.7572545949369669 0.53639141842722793 4.3492929264903069 18.641678687185049 0.63015031814575184 0.65505748987197865
leaf_count=3901 109 897 95 9 892 25 127 11 101 15 112 101 1 1
internal_value=0.000893412 -0.011709 0.000264094 -0.00522233 0.0323079 0.0134852 0.0207748 -0.0442224 -0.041113 -0.0241761 0.0186485 -0.000409922 0.00214607 -0.0133406
internal_weight=314.8 224.67 114.606 96.4306 90.1296 29.9085 26.5542 3.35434 11.4012 110.064 6.17089 85.0294 5.6345 5.00435
internal_count=6397 5233 1203 1108 1164 272 236 36 110 4030 129 998 114 113
is_linear=0
shrinkage=0.05


Tree=64
num_leaves=15
num_cat=0
split_feature=245 188 296 194 19 181 194 288 274 303 298 4 282 286
split_gain=51.0602 9.61308 7.03949 5.40332 7.84558 7.08937 4.96299 15.1731 5.49389 5.03102 5.50905 20.0494 10.1291 5.50112
threshold=1.0000000180025095e-35 1.0000000180025095e-35 1.0000000180025095e-35 1.0000000180025095e-35 1.0000000180025095e-35 1.0000000180025095e-35 1.0000000180025095e-35 1.0000000180025095e-35 1.0000000180025095e-35 1.5000000000000002 1.0000000180025095e-35 1.0000000180025095e-35 1.0000000180025095e-35 1.0000000180025095e-35
decision_type=2 2 2 2 2 2 2 2 2 2 2 2 2 2
left_child=1 2 6 5 -5 -4 7 -1 -9 10 11 12 -8 -14
right_child=-2 -3 3 4 -6 -7 9 8 -10 -11 -12 -13 13 -15
leaf_value=-0.023476868324711728 0.039377281790554663 0.042777185230380425 -0.027933438306907837 0.0047419015469829726 -0.044241450346422469 0.14091494552906378 -0.028849474702593983 0.10030347466292736 -0.055012262338647699 0.051458341540300927 -0.048151163364728883 0.3879557666550234 0.093213820741169906 -0.052276094178391463
leaf_weight=16.773577991873029 62.681238556280732 7.9542906116694203 28.371965518221263 90.155867656692863 8.9897555112838727 0.63558775186538596 49.979875950142741 4.0204817466437808 0.66329571604728688 1.9355819970369328 27.859716227278113 0.29838750511407752 2.7124399729073043 0.85436787456274021
leaf_count=630 949 55 575 708 70 3 2050 65 17 9 1095 9 107 36
internal_value=-0.000827742 -0.0112757 -0.013119 -0.00525287 0.000300471 -0.0242338 -0.0227107 -0.00125888 0.0783084 -0.0282141 -0.0301015 -0.0207625 -0.0230401 0.0583642
internal_weight=303.886 241.205 233.251 128.153 99.1456 29.0076 105.098 21.4574 4.68378 83.6404 81.7048 53.8451 53.5467 3.56681
internal_count=6378 5429 5374 1356 778 578 4018 712 82 3306 3297 2202 2193 143
is_linear=0
shrinkage=0.05


Tree=65
num_leaves=15
num_cat=0
split_feature=296 296 1 188 103 185 263 60 286 247 282 298 286 151
split_gain=40.5535 9.83151 13.3106 6.49939 5.60213 4.74314 4.3987 4.79257 11.0276 5.20629 4.52708 8.50672 3.96111 4.55977
threshold=3.5000000000000004 1.0000000180025095e-35 1.0000000180025095e-35 1.0000000180025095e-35 1.0000000180025095e-35 1.0000000180025095e-35 1.0000000180025095e-35 1.0000000180025095e-35 1.5000000000000002 1.0000000180025095e-35 1.0000000180025095e-35 1.5000000000000002 1.5000000000000002 1.0000000180025095e-35
decision_type=2 2 2 2 2 2 2 2 2 2 2 2 2 2
left_child=1 2 -1 4 6 -6 7 9 -9 10 12 -12 13 -3
right_child=-2 3 -4 -5 5 -7 -8 8 -10 -11 11 -13 -14 -15
leaf_value=-0.01899707675309488 0.041160687010969428 0.0077127806963195661 0.27094555460528119 0.05634045053675233 -0.13192430641386907 -0.018197267595932366 0.018939482043334569 0.021102538554618536 -0.11392307130355642 -0.055718003892635981 -0.04336994726900828 0.03257391378921716 0.029523968159540927 -0.029032448999160233
leaf_weight=105.20039785653353 54.860592606477439 50.07717202603817 0.3973279818892469 5.339416190981864 1.4094491489231575 2.6229942766949534 29.416375171393156 3.0357995852828017 3.0127911325544119 4.0610858723521224 12.369793022051455 5.2533733546733847 15.97386549785733 10.154717758297918
leaf_count=4041 877 584 2 32 18 23 145 17 26 134 243 33 96 119
internal_value=0.0022553 -0.00633979 -0.0179061 0.00221767 0.000114243 -0.057948 0.00186995 -0.00296101 -0.0461535 -0.000292166 0.00210676 -0.0207315 0.00738828 0.00151777
internal_weight=303.185 248.325 105.598 142.727 137.387 4.03244 133.355 103.939 6.04859 97.89 93.8289 17.6232 76.2058 60.2319
internal_count=6390 5513 4043 1470 1438 41 1397 1252 43 1209 1075 276 799 703
is_linear=0
shrinkage=0.05


Tree=66
num_leaves=15
num_cat=0
split_feature=185 172 263 296 274 93 198 260 1 12 291 274 181 303
split_gain=52.4093 13.4017 8.93477 8.80936 7.93225 5.32543 5.02693 5.12254 5.0076 4.48338 4.04924 4.04696 5.18523 3.63555
threshold=1.0000000180025095e-35 1.0000000180025095e-35 1.0000000180025095e-35 3.5000000000000004 1.0000000180025095e-35 1.0000000180025095e-35 1.0000000180025095e-35 1.0000000180025095e-35 1.0000000180025095e-35 1.0000000180025095e-35 1.0000000180025095e-35 1.0000000180025095e-35 1.0000000180025095e-35 1.5000000000000002
decision_type=2 2 2 2 2 2 2 2 2 2 2 2 2 2
left_child=1 2 6 -2 -4 9 7 8 11 -3 -11 12 13 -1
right_child=3 5 4 -5 -6 -7 -8 -9 -10 10 -12 -13 -14 -15
leaf_value=-0.028740510703111174 0.012288583715273643 0.015361784607763378 0.018139294521418933 0.041389183191793522 -0.077922451706542134 0.042174372779314268 0.037147474035256617 0.0089526676230004508 0.095026965658252083 -0.15220765016840754 -0.020422574303636965 -0.051847612777644839 0.10160762808036633 0.076876150245636141
leaf_weight=112.43324509821832 50.724003544077277 5.7088837269693613 19.976709801703695 53.368848886340857 2.4080406725406638 12.215433854609728 3.0741456039249888 9.0421128049492818 0.79701859503984351 0.86366904154419932 1.7928799819201229 19.303403720259666 0.77729248255491157 0.82073695212602515
leaf_count=4089 331 81 98 890 16 103 15 37 5 18 27 682 4 4
internal_value=-0.00128711 -0.0169636 -0.0216123 0.0272086 0.00780545 0.0211266 -0.026115 -0.0274733 -0.0299289 -0.00960783 -0.0632671 -0.0306758 -0.0270918 -0.0279751
internal_weight=293.306 189.214 168.633 104.093 22.3848 20.5809 146.248 143.174 134.132 8.36543 2.65655 133.335 114.031 113.254
internal_count=6400 5179 4950 1221 114 229 4836 4821 4784 126 45 4779 4097 4093
is_linear=0
shrinkage=0.05


Tree=67
num_leaves=15
num_cat=0
split_feature=182 90 260 286 60 3 151 71 274 4 274 17 168 223
split_gain=42.4534 10.1817 8.21768 8.27394 4.4063 4.40357 4.27709 7.30186 3.80776 3.78509 3.32185 3.31499 3.15326 2.90591
threshold=1.0000000180025095e-35 1.0000000180025095e-35 1.0000000180025095e-35 1.5000000000000002 1.0000000180025095e-35 1.0000000180025095e-35 1.0000000180025095e-35 1.0000000180025095e-35 1.0000000180025095e-35 1.0000000180025095e-35 1.0000000180025095e-35 1.0000000180025095e-35 1.0000000180025095e-35 1.0000000180025095e-35
decision_type=2 2 2 2 2 2 2 2 2 2 2 2 2 2
left_child=1 2 3 4 6 8 12 -8 13 11 -4 -9 -1 -5
right_child=-2 -3 10 5 -6 -7 7 9 -10 -11 -12 -13 -14 -15
leaf_value=-0.016723999488649992 0.04039529662674745 0.051944844458479855 0.033466484365302106 0.0095000760857367316 0.01216617439525206 0.071832637851896128 0.089737707573455588 -0.057814488497067273 -0.019722799285167736 -0.0073879425599346687 -0.031110849464726843 0.013006394084441451 0.083550301836964047 0.11202968749482867
leaf_weight=123.72524075210094 55.590723238885403 6.8380090035498133 13.964991819113495 30.932181010022763 11.347837921231983 2.39316920377314 1.087361685931685 20.122258521616466 13.751831475645302 6.0716716255992642 2.322609841823577 1.8001598399132479 0.7890066858381023 0.70686553418636222
leaf_count=3762 938 33 60 427 69 20 18 657 193 172 14 22 4 2
internal_value=0.00108841 -0.00817624 -0.00997136 -0.0125921 -0.0178996 0.0057285 -0.0201209 -0.0373855 0.00224326 -0.0423233 0.0242578 -0.051999 -0.0160886 0.0117907
internal_weight=291.444 235.853 229.015 212.728 164.944 47.784 153.596 29.0815 45.3909 27.9941 16.2876 21.9224 124.514 31.639
internal_count=6391 5453 5420 5346 4704 642 4635 869 622 851 74 679 3766 429
is_linear=0
shrinkage=0.05


Tree=68
num_leaves=15
num_cat=0
split_feature=182 286 260 90 185 1 263 3 165 194 53 291 282 165
split_gain=40.9079 9.63565 11.4575 7.46833 5.76238 5.13708 5.09036 4.99075 4.06074 5.85906 5.50295 4.61079 3.83659 3.50968
threshold=1.0000000180025095e-35 1.5000000000000002 1.0000000180025095e-35 1.0000000180025095e-35 1.0000000180025095e-35 1.0000000180025095e-35 1.0000000180025095e-35 1.0000000180025095e-35 1.0000000180025095e-35 1.0000000180025095e-35 1.0000000180025095e-35 1.0000000180025095e-35 1.0000000180025095e-35 1.0000000180025095e-35
decision_type=2 2 2 2 2 2 2 2 2 2 2 2 2 2
left_child=1 2 3 4 5 6 -1 8 9 11 12 -3 -11 -6
right_child=-2 7 -4 -5 13 -7 -8 -9 -10 10 -12 -13 -14 -15
leaf_value=-0.028999230762611423 0.03946102377646718 0.061976403749888387 0.029256075610728301 0.049347722995287169 0.010682664580698661 0.10171830057829739 0.0022490168053097902 0.074746731106162853 -0.019500809231607498 0.018230350722262197 -0.04805527831015622 -0.025071146455253459 -0.050488182784952318 -0.026351931455002815
leaf_weight=116.31444365531206 52.486494793556631 8.3498873040080053 13.555634122341869 3.9533719718456259 21.108073357492685 0.79838041216134925 14.677358355373142 2.7594542466104022 12.148557104170321 21.313502442091711 4.6095531135797492 1.8601539433002461 2.2450824044644824 9.1791691519320029
leaf_count=4394 926 59 61 19 99 5 82 20 204 231 129 21 27 109
internal_value=-0.000415128 -0.0094027 -0.0149429 -0.0185515 -0.0202077 -0.0247273 -0.0254979 0.00926886 0.00569287 0.0136679 0.00190602 0.0461173 0.0116816 -0.000541428
internal_weight=285.359 232.873 179.586 166.031 162.077 131.79 130.992 53.2862 50.5267 38.3782 28.1681 10.21 23.5586 30.2872
internal_count=6386 5460 4769 4708 4689 4481 4476 691 671 467 387 80 258 208
is_linear=0
shrinkage=0.05


Tree=69
num_leaves=15
num_cat=0
split_feature=182 188 172 185 103 263 165 298 274 198 170 304 92 148
split_gain=39.8081 10.2487 7.42603 6.09921 6.67252 6.96724 6.62409 5.54163 5.3108 5.12185 4.8674 4.44059 4.08728 3.57946
threshold=1.0000000180025095e-35 1.0000000180025095e-35 1.0000000180025095e-35 1.0000000180025095e-35 1.0000000180025095e-35 1.0000000180025095e-35 1.0000000180025095e-35 1.0000000180025095e-35 1.0000000180025095e-35 1.0000000180025095e-35 1.0000000180025095e-35 1.0000000180025095e-35 1.0000000180025095e-35 1.0000000180025095e-35
decision_type=2 2 2 2 2 2 2 2 2 2 2 2 2 2
left_child=1 2 3 4 5 9 -5 -4 -8 12 11 -9 13 -1
right_child=-2 -3 7 6 -6 -7 8 10 -10 -11 -12 -13 -14 -15
leaf_value=-0.0257784417333644 0.039486540699878864 0.046425025909757285 0.06144893184367816 0.014721275145402083 -0.10101471407100782 0.00955526582683228 -0.054461877046719342 -0.053554860098320639 0.012294707160659807 0.049315032082620322 0.078571544010829303 0.0076262413882775895 0.04202165063027391 0.027607224438407536
leaf_weight=126.25095509178936 50.778129155747592 7.9441804960370055 5.0371171142905977 30.497018229216337 2.4474264420568934 20.222516417503357 7.6493261419236642 3.799820259213452 4.8799401950091124 2.4764782413840285 1.8965849727392186 13.512891195714474 2.3546093311160794 3.2199237626045933
leaf_count=4692 922 61 32 141 53 101 102 141 37 11 7 82 25 39
internal_value=-0.00061586 -0.00938599 -0.0113632 -0.0145313 -0.0191027 -0.0178053 0.0021465 0.0147691 -0.0284613 -0.0219251 0.00252853 -0.00580188 -0.0232634 -0.0244507
internal_weight=282.967 232.189 224.245 199.998 156.972 154.524 43.0263 24.2464 12.5293 134.302 19.2093 17.3127 131.825 129.471
internal_count=6446 5524 5463 5201 4921 4868 280 262 139 4767 230 223 4756 4731
is_linear=0
shrinkage=0.05


Tree=70
num_leaves=15
num_cat=0
split_feature=182 296 1 188 103 247 282 53 296 18 274 4 151 286
split_gain=34.4997 11.1819 7.08503 5.34497 4.40777 4.0892 3.74493 3.74843 4.08611 3.57595 3.75806 7.50128 12.1916 4.00809
threshold=1.0000000180025095e-35 1.0000000180025095e-35 1.0000000180025095e-35 1.0000000180025095e-35 1.0000000180025095e-35 1.0000000180025095e-35 1.0000000180025095e-35 1.0000000180025095e-35 1.5000000000000002 1.0000000180025095e-35 1.0000000180025095e-35 1.0000000180025095e-35 1.0000000180025095e-35 1.5000000000000002
decision_type=2 2 2 2 2 2 2 2 2 2 2 2 2 2
left_child=1 2 9 4 5 6 7 -3 -9 10 11 13 -13 -1
right_child=-2 3 -4 -5 -6 -7 -8 8 -10 -11 -12 12 -14 -15
leaf_value=-0.023732535651359441 0.040969908567540188 0.010987799539227263 0.15082688542782746 0.056307062327825334 -0.050378517374125013 -0.045489429868592196 -0.014170531994068584 -0.076639162322012663 0.031009767746234897 0.027903630443713086 -0.045463334754592119 -0.052493371003174576 0.38535881698671148 0.0080726834301631089
leaf_weight=64.418162761256099 48.11172579228878 97.213216925039887 0.61237571388482948 4.6582582220435134 3.925590267404913 4.1333682537078849 20.934226023033261 2.5288982801139346 1.3532193973660471 3.7729190215468398 14.137401336804031 0.33826806955039401 0.29995675384998322 11.705576615408061
leaf_count=3053 903 908 3 27 35 142 294 27 5 14 622 13 8 306
internal_value=0.00246537 -0.00558796 -0.0186973 0.00368219 0.00179778 0.00342126 0.00507795 0.00906382 -0.0391152 -0.0197939 -0.0217736 -0.0174107 0.153291 -0.0188418
internal_weight=278.143 230.031 95.2847 134.747 130.089 126.163 122.03 101.095 3.88212 94.6723 90.8994 76.762 0.638225 76.1237
internal_count=6360 5457 4019 1438 1411 1376 1234 940 32 4016 4002 3380 21 3359
is_linear=0
shrinkage=0.05


Tree=71
num_leaves=15
num_cat=0
split_feature=182 296 188 19 185 92 19 12 188 81 247 112 277 58
split_gain=34.9076 9.48503 5.48722 5.02303 4.22696 3.65029 3.76015 5.31737 7.5899 3.43262 3.30315 3.36596 3.20393 5.43292
threshold=1.0000000180025095e-35 1.0000000180025095e-35 1.0000000180025095e-35 1.0000000180025095e-35 1.0000000180025095e-35 1.0000000180025095e-35 1.0000000180025095e-35 1.0000000180025095e-35 1.0000000180025095e-35 1.0000000180025095e-35 1.0000000180025095e-35 1.0000000180025095e-35 1.0000000180025095e-35 1.0000000180025095e-35
decision_type=2 2 2 2 2 2 2 2 2 2 2 2 2 2
left_child=1 5 3 9 -5 6 -1 8 -8 10 11 12 13 -3
right_child=-2 2 -4 4 -6 -7 7 -9 -10 -11 -12 -13 -14 -15
leaf_value=-0.025338651090872619 0.038444749974748643 -0.0073482773177027637 0.055762558470229068 -0.077560759376461619 -0.01252046331268007 0.039759392340212141 -0.05296719678768444 0.15458694838355586 0.078665283794896401 -0.07574714695605729 -0.044067539293553386 0.091693565511378458 0.013892292710594029 0.058437470426354679
leaf_weight=84.909746013581753 47.051409946754575 61.912676442414522 4.2400958091020575 3.7105518318712694 7.6447601187974215 2.3927117697894564 2.7379998397082081 0.6305369846522807 1.8250281214714048 1.4335415735840786 3.739367699250578 1.0768444091081608 40.493797326460481 3.3059923052787772
leaf_count=3861 924 878 27 31 58 26 120 15 3 11 134 5 262 11
internal_value=-0.000645361 -0.00900353 -0.000163912 -0.00208686 -0.0337735 -0.0211939 -0.0228125 0.0184873 -0.000319485 0.00112683 0.00212387 0.00374133 0.0028454 -0.00401354
internal_weight=267.105 220.054 127.558 123.318 11.3553 92.496 90.1033 5.19356 4.56303 111.962 110.529 106.789 105.712 65.2187
internal_count=6366 5442 1417 1390 89 4025 3999 138 123 1301 1290 1156 1151 889
is_linear=0
shrinkage=0.05


Tree=72
num_leaves=15
num_cat=0
split_feature=296 286 282 165 296 71 90 288 260 1 263 298 4 152
split_gain=28.1366 4.44489 11.523 4.41067 7.08739 5.83279 5.58263 4.78791 4.40557 6.7989 4.35502 4.214 10.8075 8.36913
threshold=3.5000000000000004 1.5000000000000002 1.0000000180025095e-35 1.0000000180025095e-35 1.5000000000000002 1.0000000180025095e-35 1.0000000180025095e-35 1.0000000180025095e-35 1.0000000180025095e-35 1.0000000180025095e-35 1.0000000180025095e-35 1.0000000180025095e-35 1.0000000180025095e-35 1.0000000180025095e-35
decision_type=2 2 2 2 2 2 2 2 2 2 2 2 2 2
left_child=1 3 -3 4 5 -1 8 -5 9 11 -4 12 13 -7
right_child=-2 2 10 7 -6 6 -8 -9 -10 -11 -12 -13 -14 -15
leaf_value=0.044987117613679982 0.038724930642410588 0.015172721965007938 -0.078127360994471984 -0.030434664906447396 0.035177794867074071 -0.012102692254740907 0.056809563995054428 0.017062753862464475 0.021431013719117025 0.14964244648416855 0.031802721718688629 -0.030176824282094068 0.2332601909203616 0.20383070309858042
leaf_weight=4.9070906769484273 42.769342394545674 47.825354431755841 4.9433631263673297 36.255556646734476 10.164769345894454 61.770021203905344 2.97900541499257 6.215305818244814 8.7552756033837777 0.61889012902974982 1.1017377674579618 36.214212232269347 0.45793354511260886 0.45200923085212608
leaf_count=69 885 610 89 1290 77 2235 13 81 41 3 4 971 9 8
internal_value=0.00158114 -0.00555356 0.00695125 -0.00954455 -0.00485793 -0.00836149 -0.0107147 -0.0234838 -0.0125726 -0.0155643 -0.0580923 -0.0165982 -0.00875292 -0.0105341
internal_weight=265.43 222.661 53.8705 168.79 126.319 116.154 111.247 42.4709 108.268 99.5131 6.0451 98.8942 62.68 62.222
internal_count=6385 5500 703 4797 3426 3349 3280 1371 3267 3226 93 3223 2252 2243
is_linear=0
shrinkage=0.05


Tree=73
num_leaves=15
num_cat=0
split_feature=296 286 90 260 278 190 93 184 58 274 165 129 165 197
split_gain=24.4487 7.35085 5.54471 5.44862 5.61877 8.8944 6.43746 6.03874 4.70147 12.6223 13.2228 4.1991 5.43676 4.14523
threshold=2.5000000000000004 1.5000000000000002 1.0000000180025095e-35 1.0000000180025095e-35 1.0000000180025095e-35 1.0000000180025095e-35 1.0000000180025095e-35 1.0000000180025095e-35 1.0000000180025095e-35 1.0000000180025095e-35 1.0000000180025095e-35 1.0000000180025095e-35 1.0000000180025095e-35 1.0000000180025095e-35
decision_type=2 2 2 2 2 2 2 2 2 2 2 2 2 2
left_child=1 2 3 4 8 7 -7 -6 11 10 -10 -1 -13 -3
right_child=-2 13 -4 -5 5 6 -8 -9 9 -11 -12 12 -14 -15
leaf_value=-0.011806473346523662 0.034714211126839631 0.018560594169792284 0.049591133231926841 0.021113975830721207 -0.051486467105796588 0.12193368410265358 -0.053997244069013697 0.09190868491945596 -0.084951385909451699 0.35365603516814592 0.23622423184027511 0.2052853413633868 -0.00026089153685544564 -0.018713385559953864
leaf_weight=123.884233196266 47.915433919988573 41.743030031211674 3.8361126333475104 12.058430001139639 20.439832611009486 1.435383886098861 0.8152966834604739 0.76156020164489646 1.0878683365881432 0.32242100313305844 0.45428755693137635 0.51116890460252651 0.86797046288847923 9.0817272346466762
leaf_count=3804 957 590 18 61 724 21 23 2 50 6 13 24 14 72
internal_value=0.00238533 -0.00474333 -0.00982461 -0.011226 -0.0138158 -0.0363031 0.0582037 -0.0463357 -0.00966745 0.0691438 0.00966038 -0.0108406 0.0759235 0.0119002
internal_weight=265.215 217.299 166.475 162.638 150.58 23.4521 2.25068 21.2014 127.128 1.86458 1.54216 125.263 1.37914 50.8248
internal_count=6379 5422 4760 4742 4681 770 44 726 3911 69 63 3842 38 662
is_linear=0
shrinkage=0.05


Tree=74
num_leaves=15
num_cat=0
split_feature=182 296 1 194 58 286 188 165 154 172 297 90 71 151
split_gain=33.0872 9.14463 11.3051 5.78918 16.0486 8.00065 5.59101 5.34107 5.27676 4.68084 4.08359 5.82872 4.27738 11.409
threshold=1.0000000180025095e-35 1.0000000180025095e-35 1.0000000180025095e-35 1.0000000180025095e-35 1.0000000180025095e-35 1.5000000000000002 1.0000000180025095e-35 1.0000000180025095e-35 1.0000000180025095e-35 1.0000000180025095e-35 1.0000000180025095e-35 1.0000000180025095e-35 1.0000000180025095e-35 1.0000000180025095e-35
decision_type=2 2 2 2 2 2 2 2 2 2 2 2 2 2
left_child=1 2 3 4 5 -1 9 -7 10 -3 12 -12 13 -5
right_child=-2 6 -4 8 -6 7 -8 -9 -10 -11 11 -13 -14 -15
leaf_value=-0.028474556630014743 0.03872389825583028 -0.006665033218674613 0.22850244393447827 -0.051727648924564495 0.35254792409359698 0.067265992180828335 0.055792666342640233 -0.052237351155544481 0.049404991501826763 0.021255183718073192 -0.052864600613948265 0.027450792359491757 -0.023928277299050785 0.29907509183790282
leaf_weight=11.293473090976482 42.955407875590026 106.8073765039444 0.44897353649139304 0.6093812920153131 0.32176146842539211 4.7006804868578902 4.2180948853492728 1.167144577950239 2.057672429829835 17.466457676142454 26.589043685235087 2.4687414877116671 37.790334952995181 0.37403382919728756
leaf_count=575 937 1305 1 31 3 45 27 49 30 105 1254 11 1943 13
internal_value=-0.00135886 -0.00931848 -0.0217536 -0.0230396 0.0026933 -0.00386621 -0.000819376 0.0434961 -0.0294767 -0.0027409 -0.0318696 -0.046041 -0.0212493 0.0816973
internal_weight=259.269 216.313 87.8212 87.3723 17.4831 17.1613 128.492 5.86783 69.8892 124.274 67.8315 29.0578 38.7738 0.983415
internal_count=6329 5392 3955 3954 672 669 1437 94 3282 1410 3252 1265 1987 44
is_linear=0
shrinkage=0.05


Tree=75
num_leaves=15
num_cat=0
split_feature=182 172 0 185 103 263 198 93 299 3 286 1 296 152
split_gain=23.3642 6.5185 5.83014 6.18773 5.76646 5.65503 5.45893 4.59447 8.58659 4.51281 5.89415 8.09548 6.66174 7.02729
threshold=1.0000000180025095e-35 1.0000000180025095e-35 1.0000000180025095e-35 1.0000000180025095e-35 1.0000000180025095e-35 1.0000000180025095e-35 1.0000000180025095e-35 1.0000000180025095e-35 1.5000000000000002 1.0000000180025095e-35 1.0000000180025095e-35 1.0000000180025095e-35 1.5000000000000002 1.0000000180025095e-35
decision_type=2 2 2 2 2 2 2 2 2 2 2 2 2 2
left_child=1 2 3 4 5 6 9 8 -3 10 11 -1 13 -12
right_child=-2 7 -4 -5 -6 -7 -8 -9 -10 -11 12 -13 -14 -15
leaf_value=-0.0088233802243449563 0.035909223769329084 0.013336878664754205 -0.054346700559883235 0.0104122030667676 -0.10060178645574834 0.014576250652204701 0.05562145260901024 0.039762539350715366 -0.11412913761431687 0.041675541904117944 -0.038590691603771245 0.19203874154895728 0.062279256452613709 0.029450737270470859
leaf_weight=60.751907863654196 41.018617300316691 9.6403847075998765 6.6585111226886502 40.939607312902808 1.798778612166642 19.371498487889767 2.7119102440774432 12.782607804983854 1.531037267297507 3.2832448575645676 47.851777600124478 0.5058099627494802 1.8936420325189818 4.1215782621875396
leaf_count=2599 924 112 131 253 46 99 12 117 41 83 1815 1 13 89
internal_value=0.00134314 -0.00528723 -0.00838777 -0.00671764 -0.0116462 -0.0105073 -0.0145191 0.0192914 -0.00413227 -0.0161255 -0.0177739 -0.00716485 -0.0298386 -0.0331949
internal_weight=254.861 213.842 189.888 183.23 142.29 140.491 121.12 23.954 11.1714 118.408 115.125 61.2577 53.867 51.9734
internal_count=6335 5411 5141 5010 4757 4711 4612 270 153 4600 4517 2600 1917 1904
is_linear=0
shrinkage=0.05


Tree=76
num_leaves=15
num_cat=0
split_feature=182 296 188 190 181 59 1 92 278 3 297 288 154 19
split_gain=24.5434 5.63364 4.65366 3.81321 7.20207 4.03369 3.47359 3.13074 3.00279 4.60329 4.95375 7.11584 2.92717 3.15107
threshold=1.0000000180025095e-35 1.0000000180025095e-35 1.0000000180025095e-35 1.0000000180025095e-35 1.0000000180025095e-35 1.0000000180025095e-35 1.0000000180025095e-35 1.0000000180025095e-35 1.0000000180025095e-35 1.0000000180025095e-35 1.0000000180025095e-35 1.0000000180025095e-35 1.0000000180025095e-35 1.0000000180025095e-35
decision_type=2 2 2 2 2 2 2 2 2 2 2 2 2 2
left_child=1 6 3 5 -5 8 7 12 -3 10 -10 -12 13 -1
right_child=-2 2 -4 4 -6 -7 -8 -9 9 -11 11 -13 -14 -15
leaf_value=-0.022063298984668488 0.03699747429039113 0.0080948333050394772 0.055709705518820866 -0.02821395585641865 0.15063513789403504 -0.061063336507647781 0.087005431123715005 0.040369461809916796 0.023746135900605665 0.049580606481497008 -0.012757885072030323 -0.10043560503003507 0.038346178602545876 0.019679886624322088
leaf_weight=75.299982663244009 40.573300964199007 89.047906006686389 3.7999581210315219 16.765657186508182 0.58244556188583274 2.3980422709137192 0.82079219073057075 2.3649247214198104 3.5918216183781615 2.3210551626980296 6.3480032775551063 3.6416883431375027 2.243767535313963 4.8096829485148183
leaf_count=3758 949 699 25 564 1 26 3 25 20 12 66 31 39 134
internal_value=0.00134226 -0.00541666 0.00120182 -0.000459229 -0.0222093 0.0030557 -0.0153589 -0.0163507 0.00452077 -0.0154925 -0.0266134 -0.0447203 -0.0179795 -0.0195571
internal_weight=254.609 214.036 128.497 124.697 17.3481 107.349 85.5392 84.7184 104.95 15.9026 13.5815 9.98969 82.3534 80.1097
internal_count=6352 5403 1444 1419 565 854 3959 3956 828 129 117 97 3931 3892
is_linear=0
shrinkage=0.05


Tree=77
num_leaves=15
num_cat=0
split_feature=296 165 58 296 194 62 274 151 164 4 151 286 285 296
split_gain=18.4913 5.21862 5.41951 5.26729 7.90185 5.5092 3.66629 8.01138 6.28611 4.60287 10.6314 4.30388 5.68622 5.39963
threshold=3.5000000000000004 1.0000000180025095e-35 1.0000000180025095e-35 1.0000000180025095e-35 1.0000000180025095e-35 1.0000000180025095e-35 1.0000000180025095e-35 1.0000000180025095e-35 1.0000000180025095e-35 1.0000000180025095e-35 1.0000000180025095e-35 1.5000000000000002 1.5000000000000002 1.0000000180025095e-35
decision_type=2 2 2 2 2 2 2 2 2 2 2 2 2 2
left_child=1 6 3 -3 5 -5 8 -8 9 11 -11 13 -13 -1
right_child=-2 2 -4 4 -6 -7 7 -9 -10 10 -12 12 -14 -15
leaf_value=-0.012677648488928203 0.035195205573572079 -0.044405922655713546 0.0854403466006107 -0.048787100609508707 0.0076706050106032783 0.059101391622042802 0.00067341888950234684 -0.057760903257682308 -0.1778436140107359 -0.052556160286701264 0.33550806775004433 0.028562781756297818 -0.06205457458556151 0.010587244729582732
leaf_weight=46.743458086624742 35.517748506739736 15.143905009143053 1.2615923797711719 13.088742516003546 24.435113102197647 1.3008552640676505 22.047975129447881 7.9916646480560294 0.47074090037494798 0.3703351067379107 0.33718050085008144 24.975085310637954 1.8601097632199515 53.469197379425168
leaf_count=2448 876 810 24 415 334 3 391 256 8 15 5 310 21 447
internal_value=0.00178998 -0.0037674 -0.0170004 -0.0193951 -0.00963941 -0.0390337 0.000850537 -0.0148723 0.00453394 0.00520594 0.132383 0.00449771 0.0222815 -0.000264494
internal_weight=249.014 213.496 55.2302 53.9686 38.8247 14.3896 158.266 30.0396 128.226 127.755 0.707516 127.048 26.8352 100.213
internal_count=6363 5487 1586 1562 752 418 3901 647 3254 3246 20 3226 331 2895
is_linear=0
shrinkage=0.05


Tree=78
num_leaves=15
num_cat=0
split_feature=245 191 58 263 276 3 286 271 198 280 4 23 274 168
split_gain=19.7726 5.59801 6.08453 6.34296 4.70817 4.07991 4.7714 4.29826 3.9166 3.65766 3.65271 3.62065 3.25486 5.15358
threshold=1.0000000180025095e-35 1.0000000180025095e-35 1.0000000180025095e-35 1.0000000180025095e-35 1.0000000180025095e-35 1.0000000180025095e-35 1.0000000180025095e-35 1.0000000180025095e-35 1.0000000180025095e-35 1.0000000180025095e-35 1.0000000180025095e-35 1.0000000180025095e-35 1.0000000180025095e-35 1.0000000180025095e-35
decision_type=2 2 2 2 2 2 2 2 2 2 2 2 2 2
left_child=1 2 3 4 5 7 -7 8 12 11 -4 -9 -1 -14
right_child=-2 -3 10 -5 -6 6 -8 9 -10 -11 -12 -13 13 -15
leaf_value=-0.0086391861160132095 0.033932473788374926 -0.1817571101604481 0.030711303776079037 0.015769432139091249 0.02440685222574443 -0.055157816182321545 0.065750911245667426 0.043455180601369998 0.04314924569107479 0.027037780049636934 0.15794093312370031 -0.081750766367507499 -0.034219138482252102 0.0449817949309732
leaf_weight=116.85345265641809 39.932443954981863 0.44456695020198722 6.2036102646961799 29.217416796833277 9.6712743910029513 1.0825695358216751 3.313266459852457 0.65034504607319821 3.2589807622134677 1.2357787806540725 0.62055947259068478 5.147785701788961 25.222856856882576 2.2360251471400252
leaf_count=4007 954 6 109 160 102 47 46 5 17 8 13 149 744 12
internal_value=0.00174254 -0.00452298 -0.00413809 -0.00573883 -0.0094645 -0.0115247 0.0359745 -0.0128753 -0.0110551 -0.0510615 0.042281 -0.0677071 -0.0122792 -0.0277697
internal_weight=245.091 205.158 204.714 197.89 168.672 159.001 4.39584 154.605 147.571 7.03391 6.82417 5.79813 144.312 27.4589
internal_count=6379 5425 5419 5297 5137 5035 93 4942 4780 162 122 154 4763 756
is_linear=0
shrinkage=0.05


Tree=79
num_leaves=15
num_cat=0
split_feature=245 288 286 274 299 4 17 303 299 292 304 194 90 171
split_gain=14.19 4.15262 6.23987 6.72662 4.80427 4.30709 4.37962 3.92596 3.6686 3.73027 4.8817 9.14414 3.61775 6.33896
threshold=1.0000000180025095e-35 1.0000000180025095e-35 1.5000000000000002 1.0000000180025095e-35 1.0000000180025095e-35 1.0000000180025095e-35 1.0000000180025095e-35 1.5000000000000002 1.0000000180025095e-35 1.0000000180025095e-35 1.0000000180025095e-35 1.0000000180025095e-35 1.0000000180025095e-35 1.0000000180025095e-35
decision_type=2 2 2 2 2 2 2 2 2 2 2 2 2 2
left_child=1 2 3 5 -4 6 7 -1 9 10 11 -3 13 -10
right_child=-2 8 4 -5 -6 -7 -8 -9 12 -11 -12 -13 -14 -15
leaf_value=-0.011840652494981273 0.030108803966921689 0.073915784678601285 -0.037259523640457447 -0.042705613225167451 0.041921298830292546 0.10763072014850197 0.027593343085496748 0.11148669954779354 -0.0036310152448297108 0.10691647457382172 0.029150800455690924 -0.055231204811405865 0.046006960510835963 -0.14568943026612791
leaf_weight=96.08356605656445 38.450387899763882 1.892310993745929 2.3930106284096828 15.262221786193548 9.6043718717992288 0.8104438278824081 7.9501578398048869 0.64967077970504661 41.529495594091713 1.1997765935957421 20.30243693292141 4.9714820235967636 3.5831333585083476 0.80041440390050311
leaf_count=3571 955 38 61 507 170 18 93 1 566 10 101 257 23 16
internal_value=0.00221424 -0.00296638 -0.00826329 -0.0116801 0.0261278 -0.00719153 -0.00808047 -0.0110124 0.00650038 0.0206373 0.0168269 -0.0196261 -0.00223372 -0.00631719
internal_weight=245.483 207.032 132.753 120.756 11.9974 105.494 104.683 96.7332 74.279 28.366 27.1662 6.86379 45.913 42.3299
internal_count=6387 5432 4421 4190 231 3683 3665 3572 1011 406 396 295 605 582
is_linear=0
shrinkage=0.05


Tree=80
num_leaves=15
num_cat=0
split_feature=245 304 256 194 53 1 247 74 112 288 154 297 157 129
split_gain=16.0055 4.82988 4.19902 3.71832 7.14912 3.92014 3.60251 4.11876 3.47625 3.78427 3.46641 3.18921 5.12855 3.80468
threshold=1.0000000180025095e-35 1.0000000180025095e-35 1.0000000180025095e-35 1.0000000180025095e-35 1.0000000180025095e-35 1.0000000180025095e-35 1.0000000180025095e-35 1.0000000180025095e-35 1.0000000180025095e-35 1.5000000000000002 1.0000000180025095e-35 1.0000000180025095e-35 1.0000000180025095e-35 1.0000000180025095e-35
decision_type=2 2 2 2 2 2 2 2 2 2 2 2 2 2
left_child=1 3 6 4 -1 10 7 8 9 -3 11 13 -13 -5
right_child=-2 2 -4 5 -6 -7 -8 -9 -10 -11 -12 12 -14 -15
leaf_value=-0.0053263518034050335 0.029379454914180703 0.0032917214834490907 -0.03385737357966026 -0.017702305692943329 0.10543659922543627 0.087690394220675122 -0.045842988629400755 0.074260636726904569 0.082067801028150783 -0.066570089900846827 0.040101369121635352 -0.047548431183859902 0.013435257683377506 0.08213320594538065
leaf_weight=15.086423332802951 37.287382239475846 101.75794433429837 8.4495830554515106 34.869554122909904 1.6125247795134789 0.81777740269899268 3.6933990549296132 2.0680056214332572 1.3722043782472599 1.9760386273264874 2.1388992685824624 21.936415725387636 4.0903604747727504 0.98115997016429801
leaf_count=685 950 1075 158 1958 29 3 141 6 7 16 32 1137 122 48
internal_value=-0.000705224 -0.00629037 0.000119026 -0.01567 0.00536941 -0.021089 0.00270848 0.00438164 0.00300675 0.00196092 -0.0224786 -0.0246418 -0.0379643 -0.01497
internal_weight=238.138 200.85 119.317 81.5331 16.6989 64.8342 110.868 107.174 105.106 103.734 64.0164 61.8775 26.0268 35.8507
internal_count=6367 5417 1403 4014 714 3300 1245 1104 1098 1091 3297 3265 1259 2006
is_linear=0
shrinkage=0.05


Tree=81
num_leaves=15
num_cat=0
split_feature=185 103 296 60 201 260 19 1 198 58 194 302 190 278
split_gain=17.8265 5.00483 4.20774 3.72651 4.44003 4.27041 4.6364 4.45472 4.18961 3.50283 11.1246 3.40447 3.39976 2.90608
threshold=1.0000000180025095e-35 1.0000000180025095e-35 3.5000000000000004 1.0000000180025095e-35 1.0000000180025095e-35 1.0000000180025095e-35 1.0000000180025095e-35 1.0000000180025095e-35 1.0000000180025095e-35 1.0000000180025095e-35 1.0000000180025095e-35 1.0000000180025095e-35 1.0000000180025095e-35 1.0000000180025095e-35
decision_type=2 2 2 2 2 2 2 2 2 2 2 2 2 2
left_child=1 3 12 4 5 6 7 8 9 11 -11 -1 -2 -8
right_child=2 -3 -4 -5 -6 -7 13 -9 -10 10 -12 -13 -14 -15
leaf_value=-0.017740402071091909 0.013714234864443803 -0.084075528728009941 0.034527698337775213 0.015066947132591164 -0.053068427434635725 0.023653767294560757 0.048423973658772573 0.089395391365984109 0.048210191935142033 0.29750098630840782 -0.034921684262951662 0.023926486233557885 -0.063217199292989662 -0.052959253554975376
leaf_weight=108.02131267357618 49.466252777725458 2.1398658426478496 32.39945996273309 16.925516510382295 5.6815855214372268 9.9041972346603853 4.8528656708076587 1.0611248537898053 2.6860102452337733 0.37043433822691441 0.7850370118394483 5.1354492427781215 1.4790240023285139 0.82733427360653866
leaf_count=4554 330 59 906 109 137 50 88 4 13 3 34 102 26 30
internal_value=0.00172209 -0.00812725 0.0204401 -0.00708714 -0.00977846 -0.00793807 -0.0104667 -0.0125896 -0.0135146 -0.014965 0.0716502 -0.0158494 0.0114808 0.0336573
internal_weight=241.735 158.391 83.3447 156.251 139.325 133.644 123.74 118.059 116.998 114.312 1.15547 113.157 50.9453 5.6802
internal_count=6445 5183 1262 5124 5015 4878 4828 4710 4706 4693 37 4656 356 118
is_linear=0
shrinkage=0.05


Tree=82
num_leaves=15
num_cat=0
split_feature=296 263 281 172 185 286 297 74 1 3 288 303 282 296
split_gain=16.0134 5.4818 3.91143 4.60861 3.45422 4.00373 8.80027 5.91037 5.44199 5.17141 6.77115 4.28619 3.98392 7.15025
threshold=3.5000000000000004 1.0000000180025095e-35 1.0000000180025095e-35 1.0000000180025095e-35 1.0000000180025095e-35 1.0000000180025095e-35 1.5000000000000002 1.0000000180025095e-35 1.0000000180025095e-35 1.0000000180025095e-35 1.0000000180025095e-35 1.5000000000000002 1.0000000180025095e-35 1.0000000180025095e-35
decision_type=2 2 2 2 2 2 2 2 2 2 2 2 2 2
left_child=1 2 3 4 5 8 11 9 12 10 -8 -7 -1 -14
right_child=-2 -3 -4 -5 -6 6 7 -9 -10 -11 -12 -13 13 -15
leaf_value=-0.010118198896244471 0.034513219274256435 0.016977915811139482 -0.057874969931090203 0.020384950580906846 0.0039578345117878781 -0.040714874002462043 -0.0438494303859015 0.08224254528426074 0.14714660196413953 0.087421551096002068 0.01479060431481161 0.087190382915350889 0.065860885057669322 -0.05250140923284341
leaf_weight=51.895088689401746 30.512924262322485 26.153493672609329 3.7804255653172723 14.621878105215727 38.796190930530429 34.520520875230432 9.3614549385383796 2.0595805384218684 0.58923077583312888 1.3706683665513981 10.382643278688192 0.66765864752232928 4.47447929624468 1.7849525790661571
leaf_count=2339 882 152 100 175 282 1447 355 30 1 27 213 2 245 70
internal_value=0.000768712 -0.00436774 -0.00757054 -0.00645532 -0.00897263 -0.0132564 -0.0225316 0.00139301 -0.0040413 -0.00649323 -0.0130129 -0.038288 -0.00557316 0.0321084
internal_weight=230.971 200.458 174.305 170.524 155.902 117.106 58.3625 23.1743 58.7438 21.1148 19.7441 35.1882 58.1545 6.25943
internal_count=6320 5438 5286 5186 5011 4729 2074 625 2655 595 568 1449 2654 315
is_linear=0
shrinkage=0.05


Tree=83
num_leaves=15
num_cat=0
split_feature=296 256 151 60 296 92 90 185 71 260 278 297 286 298
split_gain=15.3217 16.1232 6.08639 4.4657 4.86855 4.09842 3.93792 3.88394 9.94905 3.82224 3.08953 3.64029 10.5764 8.34831
threshold=3.5000000000000004 1.0000000180025095e-35 1.0000000180025095e-35 1.0000000180025095e-35 1.5000000000000002 1.0000000180025095e-35 1.0000000180025095e-35 1.0000000180025095e-35 1.0000000180025095e-35 1.0000000180025095e-35 1.0000000180025095e-35 1.0000000180025095e-35 1.5000000000000002 1.0000000180025095e-35
decision_type=2 2 2 2 2 2 2 2 2 2 2 2 2 2
left_child=1 2 5 7 -5 6 9 8 -4 -1 -10 12 -12 -13
right_child=-2 -3 3 4 -6 -7 -8 -9 10 -11 11 13 -14 -15
leaf_value=0.00033240802951410749 0.036904114546770693 -0.073509562269044093 0.17315178265295086 -0.007936828500737677 0.0843300694222682 0.054277668681377636 0.054233048233583159 0.0028112292056569409 -0.044774636059518758 0.028555777697592401 -0.051398663257305258 0.12949334390736464 0.2945673899939904 -0.062329708760868997
leaf_weight=132.53989525418729 29.103507155086845 7.5626617204397908 0.57546152360737579 4.2572994735091916 2.1526102907955647 4.2009099181741467 3.8323409818112841 11.042259540408848 21.605020537041131 13.189900975674389 0.54006066173314948 0.71728945896029506 0.37381512857973576 2.7107181195169687
leaf_count=4092 865 181 13 24 7 30 21 86 821 65 35 24 4 110
internal_value=0.00295226 -0.00186078 0.000879497 -0.0155238 0.0230487 0.00557065 0.00420257 -0.0221057 -0.0324795 0.00288689 -0.0370401 0.00144667 0.0901166 -0.0221919
internal_weight=234.404 205.3 197.738 43.9745 6.40991 153.763 149.562 37.5646 26.5224 145.73 25.9469 4.34188 0.913876 3.42801
internal_count=6378 5513 5332 1124 31 4208 4178 1093 1007 4157 994 173 39 134
is_linear=0
shrinkage=0.05


Tree=84
num_leaves=15
num_cat=0
split_feature=185 172 296 296 93 201 157 298 277 298 260 263 58 194
split_gain=15.0158 6.54683 5.43704 4.17372 5.21345 3.92455 4.01938 5.07086 5.69965 3.57183 3.46665 3.535 4.93221 8.49314
threshold=1.0000000180025095e-35 1.0000000180025095e-35 4.5000000000000009 1.5000000000000002 1.0000000180025095e-35 1.0000000180025095e-35 1.0000000180025095e-35 1.5000000000000002 1.0000000180025095e-35 1.0000000180025095e-35 1.0000000180025095e-35 1.0000000180025095e-35 1.0000000180025095e-35 1.0000000180025095e-35
decision_type=2 2 2 2 2 2 2 2 2 2 2 2 2 2
left_child=1 3 -2 5 -5 6 10 8 -8 -3 11 12 -1 -14
right_child=2 9 -4 4 -6 -7 7 -9 -10 -11 -12 -13 13 -15
leaf_value=-0.021746155632780859 0.009004230231869725 0.061636332813500394 0.038264390396164832 0.046049058509990866 -0.074650873878747359 -0.056176428035274686 -0.056533303668136053 0.16911646552729365 0.058159348393517787 0.0070995344829909495 0.021564827904703394 0.0051841905779038463 0.26506842491046706 -0.051526203745106053
leaf_weight=96.099594388157129 54.255132903810591 3.9591294359415796 22.443918630946428 5.3916009161621323 1.0726315416395662 5.577099227346479 1.805490675382315 0.58179968409240235 2.7077801274135709 12.422523735091088 6.0921921655535689 15.286887377500532 0.4045330286026001 0.44471504911780257
leaf_count=4465 532 32 700 59 13 135 71 13 16 192 24 88 2 27
internal_value=-0.000466421 -0.00957501 0.0175664 -0.0131854 0.0260209 -0.01515 -0.0132962 0.0301869 0.0122777 0.02028 -0.0151685 -0.0171624 -0.020686 0.0992813
internal_weight=228.545 151.846 76.6991 135.464 6.46423 129 123.423 5.09507 4.51327 16.3817 118.328 112.236 96.9488 0.849248
internal_count=6369 5137 1232 4913 72 4841 4706 100 87 224 4606 4582 4494 29
is_linear=0
shrinkage=0.05


Tree=85
num_leaves=15
num_cat=0
split_feature=182 256 285 60 103 293 296 1 271 303 274 164 4 278
split_gain=12.569 4.07415 4.86772 4.9298 3.73298 7.26752 3.96879 3.84435 3.26512 3.08773 3.86973 4.40402 3.6799 10.0405
threshold=1.0000000180025095e-35 1.0000000180025095e-35 1.5000000000000002 1.0000000180025095e-35 1.0000000180025095e-35 1.0000000180025095e-35 1.0000000180025095e-35 1.0000000180025095e-35 1.0000000180025095e-35 1.5000000000000002 1.0000000180025095e-35 1.0000000180025095e-35 1.0000000180025095e-35 1.0000000180025095e-35
decision_type=2 2 2 2 2 2 2 2 2 2 2 2 2 2
left_child=1 4 3 -3 6 -6 7 9 -8 10 12 -12 -1 -14
right_child=-2 2 -4 -5 5 -7 8 -9 -10 -11 11 -13 13 -15
leaf_value=-0.011696505572748928 0.028303319802883316 -0.058816623807832584 -0.0020787374689208117 -0.23527575657257815 -0.088716696102191864 0.043737539521449424 0.0052664328887833132 0.10186383667905881 -0.030540893308263362 0.050095849628668782 -0.05212146601967306 0.081631923340471937 -0.053350403742447643 0.28181077920467928
leaf_weight=61.906988879665732 30.67529326910153 3.9916048133745772 4.4020120315253735 0.43937282636761654 3.3550037425011388 1.4980025766417382 97.531191390939057 0.73262853920459647 6.8110064985230556 1.8766616098582733 9.5137478020042145 0.65799664519727308 0.52474959380924602 0.3891794141381979
leaf_count=3304 935 124 66 5 65 7 1169 2 68 10 596 2 20 5
internal_value=-0.00143338 -0.00614433 -0.0393182 -0.0763142 -0.00455868 -0.0478314 -0.00339163 -0.0121152 0.00292909 -0.0132305 -0.0148587 -0.0434691 -0.0102261 0.0893717
internal_weight=224.305 193.63 8.83299 4.43098 184.797 4.85301 179.944 75.602 104.342 74.8693 72.9927 10.1717 62.8209 0.913929
internal_count=6378 5443 195 129 5248 72 5176 3939 1237 3937 3927 598 3329 25
is_linear=0
shrinkage=0.05


Tree=86
num_leaves=15
num_cat=0
split_feature=296 58 4 90 260 286 282 296 271 59 292 286 19 23
split_gain=12.2239 5.35755 4.11352 3.86716 3.98308 3.71186 5.64268 7.35612 5.2316 6.5882 5.95258 3.17191 3.14858 2.78357
threshold=3.5000000000000004 1.0000000180025095e-35 1.0000000180025095e-35 1.0000000180025095e-35 1.0000000180025095e-35 1.5000000000000002 1.0000000180025095e-35 2.5000000000000004 1.0000000180025095e-35 1.0000000180025095e-35 1.0000000180025095e-35 2.5000000000000004 1.0000000180025095e-35 1.0000000180025095e-35
decision_type=2 2 2 2 2 2 2 2 2 2 2 2 2 2
left_child=1 3 12 4 5 13 8 -8 9 11 -10 -7 -3 -1
right_child=-2 2 -4 -5 -6 6 7 -9 10 -11 -12 -13 -14 -15
leaf_value=0.021978487085944371 0.031495556255661368 0.039176122004632101 0.16100572917325554 0.036869011146520275 0.01904671034191166 0.027025063318784771 -0.021927390354591628 -0.20105156386496412 -0.091494262146691929 -0.13692798703049983 0.032731874561395521 -0.022766761267922778 -0.052777212996224079 -0.014473181745507791
leaf_weight=5.4600213402882209 27.415798970498145 6.3454361595213395 0.6074809543788432 5.1838948652148238 13.713787265121935 27.826951609924439 4.760438608005642 0.65162299200892437 2.4407497504726043 0.67191316187381644 1.5941464304924009 3.6138718193396917 1.0909941364079712 128.38770155888051
leaf_count=140 893 73 10 35 71 433 86 6 25 9 8 65 54 4516
internal_value=0.000163916 -0.00408114 0.0359052 -0.0057365 -0.00690434 -0.00893326 0.00411977 -0.0434943 0.0112486 0.0179912 -0.0424138 0.0213019 0.0256857 -0.0129862
internal_weight=229.765 202.349 8.04391 194.305 189.121 175.407 41.5597 5.41206 36.1476 32.1127 4.0349 31.4408 7.43643 133.848
internal_count=6424 5531 137 5394 5359 5288 632 92 540 507 33 498 127 4656
is_linear=0
shrinkage=0.05


Tree=87
num_leaves=15
num_cat=0
split_feature=296 165 172 90 296 0 53 103 17 62 194 168 1 297
split_gain=8.54528 6.25257 4.2833 3.63689 3.54888 4.91775 4.00506 3.95933 4.39373 3.47269 3.46077 3.22073 3.16645 3.07923
threshold=3.5000000000000004 1.0000000180025095e-35 1.0000000180025095e-35 1.0000000180025095e-35 1.5000000000000002 1.0000000180025095e-35 1.0000000180025095e-35 1.0000000180025095e-35 1.0000000180025095e-35 1.0000000180025095e-35 1.0000000180025095e-35 1.0000000180025095e-35 1.0000000180025095e-35 3.5000000000000004
decision_type=2 2 2 2 2 2 2 2 2 2 2 2 2 2
left_child=1 3 -3 4 6 10 7 8 9 12 -6 -12 13 -1
right_child=-2 2 -4 -5 5 -7 -8 -9 -10 -11 11 -13 -14 -15
leaf_value=0.0019792987199937525 0.030303185667868444 -0.018848481629867398 0.054081511762614387 0.049743316597132214 0.080736592222307668 -0.065565617368612814 -0.029045449282739329 -0.064296216573630202 0.032871685344342351 -0.083980730300978773 0.010533061096312633 0.081084847268799415 -0.10098229897226768 0.086015774364077785
leaf_weight=99.563089098781347 25.832603048998863 47.071510691195726 2.1032469766214481 4.3763221129775038 3.0552908647805443 1.3763788873329765 10.444028753787277 2.1287055583670726 12.214249114505945 1.1841550832614292 10.546885170042513 1.9106753505766398 0.73894356191158195 1.1021162448450912
leaf_count=3184 868 1554 18 26 21 17 362 36 149 23 90 9 6 17
internal_value=0.00325759 -0.000274279 -0.0157292 0.00483866 0.00347646 0.0250129 0.000620857 0.00327058 0.00452343 0.00114826 0.0330495 0.0213539 0.00214236 0.00289936
internal_weight=223.648 197.816 49.1748 148.641 144.265 16.8892 127.375 116.931 114.803 102.588 15.5129 12.4576 101.404 100.665
internal_count=6380 5512 1572 3940 3914 137 3777 3415 3379 3230 120 99 3207 3201
is_linear=0
shrinkage=0.05


Tree=88
num_leaves=15
num_cat=0
split_feature=296 185 172 51 93 60 198 60 286 187 276 298 288 277
split_gain=15.8773 3.96993 4.75598 4.77261 3.99407 4.04967 4.56197 3.38548 3.50316 3.36165 2.81893 2.77238 4.28087 2.87002
threshold=1.5000000000000002 1.0000000180025095e-35 1.0000000180025095e-35 1.0000000180025095e-35 1.0000000180025095e-35 1.0000000180025095e-35 1.0000000180025095e-35 1.0000000180025095e-35 1.0000000180025095e-35 1.0000000180025095e-35 1.0000000180025095e-35 1.0000000180025095e-35 1.0000000180025095e-35 1.0000000180025095e-35
decision_type=2 2 2 2 2 2 2 2 2 2 2 2 2 2
left_child=1 2 4 11 9 6 10 8 -3 -1 -6 -4 -13 -14
right_child=-2 7 3 -5 5 -7 -8 -9 -10 -11 -12 12 13 -15
leaf_value=-0.0091058767963199307 0.025084982959538232 -0.019992971070287687 0.061183248893173087 -0.10306957419229622 -0.047250349906879457 0.024795762520286188 0.050088996507356487 -0.052913144552774564 0.024869581579898426 0.10324505183728383 0.0078261860608213694 0.038759115794166139 0.050716092312412003 -0.049765484078086959
leaf_weight=97.898061415180564 51.434344909153879 5.5244212001562181 3.690678916871545 0.77865120023489076 21.44920413568617 3.0579046970233312 1.44823309034109 1.9529782831668843 20.49395545758307 0.67035149224102397 2.6054286723956457 5.647423539310692 0.90747044328600157 3.276449553668499
leaf_count=3975 1156 33 30 7 849 18 9 11 101 2 27 78 7 90
internal_value=0.000754242 -0.00663317 -0.0100372 0.0173006 -0.0131124 -0.0295765 -0.036096 0.0105783 0.015344 -0.00834179 -0.0412848 0.024232 0.0103606 -0.0279716
internal_weight=220.836 169.401 141.43 14.3007 127.129 28.5608 25.5029 27.9714 26.0184 98.5684 24.0546 13.522 9.83134 4.18392
internal_count=6393 5237 5092 212 4880 903 885 145 134 3977 876 205 175 97
is_linear=0
shrinkage=0.05


Tree=89
num_leaves=15
num_cat=0
split_feature=185 263 182 276 18 183 274 198 165 58 280 194 197 148
split_gain=14.0276 4.69746 4.16886 4.01004 3.6062 3.55472 4.07604 3.64264 3.47496 6.84734 3.80382 2.7485 3.23901 2.90549
threshold=1.0000000180025095e-35 1.0000000180025095e-35 1.0000000180025095e-35 1.0000000180025095e-35 1.0000000180025095e-35 1.0000000180025095e-35 1.0000000180025095e-35 1.0000000180025095e-35 1.0000000180025095e-35 1.0000000180025095e-35 1.0000000180025095e-35 1.0000000180025095e-35 1.0000000180025095e-35 1.0000000180025095e-35
decision_type=2 2 2 2 2 2 2 2 2 2 2 2 2 2
left_child=1 3 -2 4 5 6 8 -8 10 -10 -1 -3 13 -13
right_child=2 11 -4 -5 -6 -7 7 -9 9 -11 -12 12 -14 -15
leaf_value=-0.010315553821707783 0.0084409673924164975 -0.043282896991758503 0.033106764337495008 0.021661037613110532 0.030463794224634161 0.042856236188168306 -0.049940216219296091 0.026184319735701997 -0.036908010492380294 0.11689571273216376 0.11122350573656446 0.027868696641324062 -0.034876348196112517 -0.042371201160960728
leaf_weight=67.614273456856608 48.615919951349497 2.1937159970402744 26.450511552393436 7.5886639533564439 4.0484347045421591 2.3795035555958739 14.71576305758208 1.75935403443873 21.792054324410859 0.74850480910390516 0.64995503425598045 18.58859212324024 2.8227783367037764 1.598926868289708
leaf_count=2959 323 13 934 96 16 9 715 12 1169 15 1 112 18 14
internal_value=-0.000443203 -0.00944881 0.0171322 -0.0135301 -0.0158786 -0.0175895 -0.0189302 -0.041811 -0.0147789 -0.0318006 -0.00915836 0.0101925 0.0152907 0.0223054
internal_weight=221.567 146.501 75.0664 121.297 113.708 109.659 107.28 16.4751 90.8048 22.5406 68.2642 25.204 23.0103 20.1875
internal_count=6406 5149 1257 4992 4896 4880 4871 727 4144 1184 2960 157 144 126
is_linear=0
shrinkage=0.05


Tree=90
num_leaves=15
num_cat=0
split_feature=296 247 172 93 296 285 53 298 103 170 53 194 198 58
split_gain=9.92694 3.18481 2.88953 5.37672 5.86843 6.68838 5.96604 4.83458 4.27195 3.42232 3.27672 3.52753 3.3882 3.39196
threshold=3.5000000000000004 1.0000000180025095e-35 1.0000000180025095e-35 1.0000000180025095e-35 1.5000000000000002 1.5000000000000002 1.0000000180025095e-35 1.0000000180025095e-35 1.0000000180025095e-35 1.0000000180025095e-35 1.0000000180025095e-35 1.0000000180025095e-35 1.0000000180025095e-35 1.0000000180025095e-35
decision_type=2 2 2 2 2 2 2 2 2 2 2 2 2 2
left_child=1 2 3 4 5 6 8 -4 -1 -9 12 -12 13 -5
right_child=-2 -3 7 10 -6 -7 -8 9 -10 -11 11 -13 -14 -15
leaf_value=0.0014363021935733982 0.028748222744706411 -0.05704959790365715 0.057944729378973658 -0.031367731789603552 0.03443188215030521 -0.074654832324386119 -0.051314661939924788 -0.0060134663206514545 -0.10792131962573537 0.073907081271052597 0.12658907078504622 -0.0038149677493528444 0.05301828914682203 0.027933254765893503
leaf_weight=96.51165475230664 24.04975261259824 2.9352405713871113 4.6007904745638397 38.047732384875417 10.480042258277534 3.3180102473124853 5.9097359180450431 16.466953772120181 0.90137484576553006 1.4581117182970036 0.72610049508512031 1.8146717566996804 1.3461688458919514 2.5745588252320877
leaf_count=3581 879 133 42 943 73 57 276 242 15 6 8 55 7 23
internal_value=-0.00149045 -0.0053775 -0.00455391 -0.00689205 -0.00127024 -0.00477884 -0.00253491 0.012223 0.000424403 0.000487658 -0.0216852 0.0334518 -0.0250232 -0.0276094
internal_weight=211.141 187.091 184.156 161.63 117.121 106.641 103.323 22.5259 97.413 17.9251 44.5092 2.54077 41.9685 40.6223
internal_count=6340 5461 5328 5038 4002 3929 3872 290 3596 248 1036 63 973 966
is_linear=0
shrinkage=0.05


Tree=91
num_leaves=15
num_cat=0
split_feature=296 164 185 103 290 172 293 152 93 286 275 303 151 53
split_gain=11.5777 4.80291 3.48984 5.0017 4.19326 4.28141 4.49583 3.73266 3.72814 7.49923 5.7887 4.44278 7.63004 3.5433
threshold=3.5000000000000004 1.0000000180025095e-35 1.0000000180025095e-35 1.0000000180025095e-35 1.0000000180025095e-35 1.0000000180025095e-35 1.0000000180025095e-35 1.0000000180025095e-35 1.0000000180025095e-35 1.5000000000000002 1.0000000180025095e-35 1.0000000180025095e-35 1.0000000180025095e-35 1.0000000180025095e-35
decision_type=2 2 2 2 2 2 2 2 2 2 2 2 2 2
left_child=1 2 3 4 5 6 7 8 13 -10 -11 12 -12 -1
right_child=-2 -3 -4 -5 -6 -7 -8 -9 9 10 11 -13 -14 -15
leaf_value=0.00025589370675513693 0.034960955317894928 -0.12062783739249715 0.010307029396937839 -0.090132368713498737 -0.16975340231957048 0.021103281211175128 -0.040570072225103733 0.030375032235558364 -0.053145007664517623 -0.044897321151429338 -0.0067243020810785134 -0.0046833039323195096 0.14911022434735152 -0.04690595545429431
leaf_weight=83.993456426076591 23.779588205274194 0.84981912095099588 47.162229442037642 1.7193924775347103 0.38210311532020469 15.283833132125435 9.2004264993593079 7.2899611666798583 11.389338045381011 3.7096383683383447 1.4759023599326611 3.6733057508245111 1.6791405826807022 4.1808283226564518
leaf_count=3369 892 22 342 48 13 225 398 123 550 135 27 48 13 199
internal_value=0.00205136 -0.00202479 -0.00149747 -0.00536424 -0.00433969 -0.0038942 -0.00691222 -0.00427432 -0.0065685 -0.0250185 0.00538021 0.0326945 0.0762122 -0.00198031
internal_weight=215.769 191.989 191.14 143.977 142.258 141.876 126.592 117.392 110.102 21.9273 10.538 6.82835 3.15504 88.1743
internal_count=6404 5512 5490 5148 5100 5087 4862 4464 4341 773 223 88 40 3568
is_linear=0
shrinkage=0.05


Tree=92
num_leaves=15
num_cat=0
split_feature=296 172 53 93 282 296 201 1 129 3 92 81 201 245
split_gain=8.9958 3.69232 4.91401 3.72128 3.77547 3.73052 3.68487 3.25143 3.22269 3.9078 3.02119 2.8445 2.83652 3.68025
threshold=4.5000000000000009 1.0000000180025095e-35 1.0000000180025095e-35 1.0000000180025095e-35 1.0000000180025095e-35 1.5000000000000002 1.0000000180025095e-35 1.0000000180025095e-35 1.0000000180025095e-35 1.0000000180025095e-35 1.0000000180025095e-35 1.0000000180025095e-35 1.0000000180025095e-35 1.0000000180025095e-35
decision_type=2 2 2 2 2 2 2 2 2 2 2 2 2 2
left_child=1 3 -3 5 7 6 10 8 9 -5 11 -1 13 -6
right_child=-2 2 -4 4 12 -7 -8 -9 -10 -11 -12 -13 -14 -15
leaf_value=-0.0016603139602992232 0.036130616765585925 0.025863961695996869 -0.041133518967039429 -0.0069473302384409812 -0.057171730302128132 0.023665207011782975 -0.048752801313599763 -0.09148676459795764 -0.11352170792330221 0.099734943087712843 0.051068215594135186 -0.10711914891451574 -0.012776602614223706 -0.22936999752455459
leaf_weight=101.16150066256523 17.18575394153595 20.510130252689127 3.1583598600700489 36.254308974836022 5.1377862170338613 15.199396863579748 4.1908298395574084 1.1574018411338318 0.68944029230624337 0.87921409960836072 2.7199842557311049 0.64347711578011413 4.1576964231207967 0.33022714965045441
leaf_count=3927 684 255 78 814 179 226 60 12 18 14 18 11 69 12
internal_value=0.00144324 -0.00159529 0.0169237 -0.00413595 -0.0158609 0.000463207 -0.00278063 -0.00893618 -0.00641009 -0.0044214 -0.00093742 -0.00232689 -0.0439034 -0.0675712
internal_weight=213.376 196.19 23.6685 172.521 48.6061 123.915 108.716 38.9804 37.823 37.1335 104.525 101.805 9.62571 5.46801
internal_count=6377 5693 333 5360 1118 4242 4016 858 846 828 3956 3938 260 191
is_linear=0
shrinkage=0.05


Tree=93
num_leaves=15
num_cat=0
split_feature=296 263 281 3 286 280 81 183 93 185 163 185 194 53
split_gain=5.42714 2.54486 3.33105 3.45284 4.46854 3.06204 2.67986 2.41311 2.1992 2.17298 2.09293 2.06877 4.39798 4.92843
threshold=3.5000000000000004 1.0000000180025095e-35 1.0000000180025095e-35 1.0000000180025095e-35 1.0000000180025095e-35 1.0000000180025095e-35 1.0000000180025095e-35 1.0000000180025095e-35 1.0000000180025095e-35 1.0000000180025095e-35 1.0000000180025095e-35 1.0000000180025095e-35 1.0000000180025095e-35 1.0000000180025095e-35
decision_type=2 2 2 2 2 2 2 2 2 2 2 2 2 2
left_child=1 2 3 5 -5 6 7 10 -4 -3 11 12 13 -1
right_child=-2 9 8 4 -6 -7 -8 -9 -10 -11 -12 -13 -14 -15
leaf_value=0.0065320674315030407 0.025828226805946139 0.009795326815254194 -0.098571801814804461 -0.055004504799264657 0.069703053615221763 -0.07934300035970393 -0.086448018542636632 0.0511955978029765 -0.013385739196486782 0.060690461941534435 -0.077499584038481395 0.0075966832950467317 -0.011121889598729354 0.093749299375720699
leaf_weight=25.118524201214317 22.504615273326635 24.580306593328718 1.4596189530566326 0.91468841955065627 3.3460274524986744 1.2919869078323234 0.93493821285664935 2.1391802206635466 1.5753956818953156 2.2928452566266051 0.91919518820941348 42.12394574470818 83.061554183717817 1.7313811257481564
leaf_count=1141 901 153 50 44 41 24 16 7 43 8 28 308 3590 35
internal_value=0.00260133 -0.000128386 -0.00245729 -0.00148251 0.0429309 -0.00268535 -0.00205059 -0.00154183 -0.054354 0.0141378 -0.0022794 -0.00182462 -0.00543537 0.0121562
internal_weight=213.994 191.49 164.616 161.581 4.26072 157.321 156.029 155.094 3.03501 26.8732 152.955 152.035 109.911 26.8499
internal_count=6389 5488 5327 5234 85 5149 5125 5109 93 161 5102 5074 4766 1176
is_linear=0
shrinkage=0.05


Tree=94
num_leaves=15
num_cat=0
split_feature=296 194 58 53 286 303 223 1 170 71 151 243 188 129
split_gain=6.93786 5.3 6.80669 6.36909 6.3417 6.42306 5.05428 4.6163 4.52812 4.47692 8.51042 4.18285 4.32503 7.94401
threshold=1.0000000180025095e-35 1.0000000180025095e-35 1.0000000180025095e-35 1.0000000180025095e-35 1.0000000180025095e-35 1.5000000000000002 1.0000000180025095e-35 1.0000000180025095e-35 1.0000000180025095e-35 1.0000000180025095e-35 1.0000000180025095e-35 1.0000000180025095e-35 1.0000000180025095e-35 1.0000000180025095e-35
decision_type=2 2 2 2 2 2 2 2 2 2 2 2 2 2
left_child=1 2 3 -1 7 6 8 9 -6 10 -3 12 13 -2
right_child=11 4 -4 -5 5 -7 -8 -9 -10 -11 -12 -13 -14 -15
leaf_value=-0.0046975335193332711 0.0032813777337638117 -0.051319179103342355 0.19358292233771315 0.099651574659596315 -0.050622082619515556 0.059954501857816533 0.078857012477833457 0.13148037465718806 0.07337305253109197 -0.0098360630305941426 0.27191002032572414 0.037840045123164474 0.054568673909830723 -0.15385560533255016
leaf_weight=12.422486120834941 123.42924532387406 0.41043803747743979 0.50969191640615541 1.6574152372777469 24.448864454869192 1.6117983311414708 0.82529417797922988 0.61899822950363059 0.75915233884006639 28.286744714714587 0.4041827917098999 9.7821376211941224 4.0810795817524186 0.80958505067974229
leaf_count=675 1873 27 2 31 1485 7 4 1 8 1801 9 415 43 19
internal_value=-0.000235419 -0.0128242 0.0140838 0.00758592 -0.0196676 -0.0369048 -0.0429016 -0.00363408 -0.0468879 -0.00650802 0.109054 0.00632369 0.00392112 0.00225742
internal_weight=210.057 71.9551 14.5896 14.0799 57.3655 27.6451 26.0333 29.7204 25.208 29.1014 0.814621 138.102 128.32 124.239
internal_count=6400 4050 708 706 3342 1504 1497 1838 1493 1837 36 2350 1935 1892
is_linear=0
shrinkage=0.05


Tree=95
num_leaves=15
num_cat=0
split_feature=296 297 263 164 260 289 1 65 58 299 74 42 129 286
split_gain=7.39304 3.78288 4.28841 3.7525 3.20925 3.02713 3.78622 2.92224 2.82207 4.22666 2.92243 3.47804 2.79671 3.40692
threshold=4.5000000000000009 1.5000000000000002 1.0000000180025095e-35 1.0000000180025095e-35 1.0000000180025095e-35 1.5000000000000002 1.0000000180025095e-35 1.0000000180025095e-35 1.0000000180025095e-35 1.0000000180025095e-35 1.0000000180025095e-35 1.0000000180025095e-35 1.0000000180025095e-35 1.5000000000000002
decision_type=2 2 2 2 2 2 2 2 2 2 2 2 2 2
left_child=1 2 4 8 5 6 7 12 10 -10 -3 -12 -1 -14
right_child=-2 3 -4 -5 -6 -7 -8 -9 9 -11 11 -13 13 -15
leaf_value=-0.016050215697261901 0.03332412024674946 0.0039877956585729494 0.017722730752675962 -0.097422080863792268 0.020843387454098677 -0.17254964958532248 0.078380163921494717 0.058081732901182119 0.085367960150799393 -0.023828661657168061 0.02503756094985371 0.16407252456932336 0.097780121991124583 -0.052404652579136596
leaf_weight=93.372968479525298 16.216266479343176 67.084656009916216 14.997417056933044 0.84959254041314025 7.4224795103073111 0.29734543384984036 1.1260789465159167 1.392092891037463 2.6698166429996486 1.3264524685218928 1.7622143756598228 0.60397107247263182 1.1494642328470934 0.56235769577324379
leaf_count=3985 703 1338 90 27 36 8 12 19 16 34 21 17 46 30
internal_value=0.000888158 -0.00181454 -0.00729234 0.00705653 -0.0108544 -0.0132576 -0.0127723 -0.0138362 0.00826507 0.0491231 0.00591406 0.0605264 -0.0148891 0.0484423
internal_weight=210.833 194.617 120.32 74.2967 105.323 97.9003 97.603 96.4769 73.4471 3.99627 69.4508 2.36619 95.0848 1.71182
internal_count=6382 5679 4226 1453 4136 4100 4092 4080 1426 50 1376 38 4061 76
is_linear=0
shrinkage=0.05


Tree=96
num_leaves=15
num_cat=0
split_feature=296 274 298 277 40 288 57 240 296 1 154 0 285 72
split_gain=4.72289 4.63979 4.76915 4.42104 6.38138 4.34192 4.23053 4.04461 3.60294 5.20731 3.48844 2.8123 2.98989 3.30148
threshold=1.5000000000000002 1.0000000180025095e-35 1.5000000000000002 1.0000000180025095e-35 1.0000000180025095e-35 1.0000000180025095e-35 1.0000000180025095e-35 1.0000000180025095e-35 1.0000000180025095e-35 1.0000000180025095e-35 1.0000000180025095e-35 1.0000000180025095e-35 1.0000000180025095e-35 1.0000000180025095e-35
decision_type=2 2 2 2 2 2 2 2 2 2 2 2 2 2
left_child=1 7 8 5 -5 -4 -6 -1 9 10 -3 12 -2 -14
right_child=11 2 3 4 6 -7 -8 -9 -10 -11 -12 -13 13 -15
leaf_value=0.0026976524885332226 0.0089557506521442867 -0.05230816037736509 -0.01851914663034623 0.034296155018575615 -0.071775619132575949 0.058646715369541913 0.072529472992812941 -0.07915031125610017 -0.074703437193183522 0.11605591832504131 0.070824903090170477 -0.016482255625118947 0.04170292388660906 -0.054869914200942393
leaf_weight=134.27907244255766 22.798964745830745 4.1632470483891666 3.2451604013331226 2.7858317103236914 5.2363261897116899 4.1594729814678431 0.56244528293609608 1.5265467688441265 5.5323858419433236 0.64407348632812489 0.66741570457816113 5.7661515451036385 16.419225871562961 0.93540939316153426
leaf_count=4361 606 289 158 38 153 61 1 12 116 1 2 146 371 43
internal_value=0.00200868 -0.0019858 -0.0209178 -0.00348119 -0.0278992 0.0248279 -0.0577789 0.00177763 -0.0462466 -0.0174901 -0.0352958 0.0161705 0.0208595 0.0364977
internal_weight=208.722 162.802 26.9964 15.9892 8.5846 7.40463 5.79877 135.806 11.0071 5.47474 4.83066 45.9198 40.1536 17.3546
internal_count=6358 5192 819 411 192 219 154 4373 408 292 291 1166 1020 414
is_linear=0
shrinkage=0.05


Tree=97
num_leaves=15
num_cat=0
split_feature=296 59 188 191 286 288 271 164 260 278 190 286 293 297
split_gain=7.28173 3.79257 3.12323 3.81172 2.33314 4.63197 4.25288 3.19806 3.14419 4.5181 11.4105 4.03709 3.22105 3.09059
threshold=3.5000000000000004 1.0000000180025095e-35 1.0000000180025095e-35 1.0000000180025095e-35 1.5000000000000002 1.0000000180025095e-35 1.0000000180025095e-35 1.0000000180025095e-35 1.0000000180025095e-35 1.0000000180025095e-35 1.0000000180025095e-35 1.0000000180025095e-35 1.5000000000000002 3.5000000000000004
decision_type=2 2 2 2 2 2 2 2 2 2 2 2 2 2
left_child=1 2 3 4 7 6 -6 8 9 13 12 -12 -11 -1
right_child=-2 -3 -4 -5 5 -7 -8 -9 -10 10 11 -13 -14 -15
leaf_value=-0.0057736653688506053 0.027584582975540162 -0.066156025043748054 0.032378646357036432 -0.14992964586913052 0.037528183752019301 -0.0053703985946694458 -0.09970102195829679 -0.12681519389666907 0.018801905105285687 -0.049450777998352097 0.13182751266643686 -0.0093027053365822825 0.070200176265943798 0.077609358573782733
leaf_weight=103.57295648008585 20.224520108662546 2.4240529639646402 5.9657331034541121 0.44885656237602134 12.315711445175108 26.141911164391786 0.5917118298821159 0.55597788374870916 11.131587840616701 16.194376902189113 1.3127886652946466 0.82526226807385672 0.58271690551191468 1.1233396651223291
leaf_count=3860 878 30 63 7 237 400 9 18 59 733 17 20 2 26
internal_value=-0.000886746 -0.00403009 -0.00319697 -0.00441115 -0.00403651 0.00672994 0.0312372 -0.00714387 -0.00665008 -0.00894211 -0.0314316 0.0773529 -0.045295 -0.00487901
internal_weight=203.412 183.187 180.763 174.797 174.348 39.0493 12.9074 135.299 134.743 123.611 18.9151 2.13805 16.7771 104.696
internal_count=6359 5481 5451 5388 5381 646 246 4735 4717 4658 772 37 735 3886
is_linear=0
shrinkage=0.05


Tree=98
num_leaves=15
num_cat=0
split_feature=296 260 129 153 298 247 194 291 165 58 297 74 53 59
split_gain=4.4903 3.49261 3.00461 2.55016 3.98552 2.43582 3.28018 6.65542 6.63812 7.04576 4.51566 6.14276 4.64861 4.05652
threshold=4.5000000000000009 1.0000000180025095e-35 1.0000000180025095e-35 1.0000000180025095e-35 1.5000000000000002 1.0000000180025095e-35 1.0000000180025095e-35 1.0000000180025095e-35 1.0000000180025095e-35 1.0000000180025095e-35 1.5000000000000002 1.0000000180025095e-35 1.0000000180025095e-35 1.0000000180025095e-35
decision_type=2 2 2 2 2 2 2 2 2 2 2 2 2 2
left_child=1 2 5 -2 -5 6 7 8 -1 -10 13 12 -12 -8
right_child=3 -3 -4 4 -6 -7 10 -9 9 -11 11 -13 -14 -15
leaf_value=0.043711473106520522 0.031953848130789178 0.024922858132966741 -0.049545812056908632 0.050412376515879848 -0.25175139859151041 -0.044687834820327212 -0.0094854686908567836 -0.052160705140359476 -0.0076519974278120469 0.15980347921432927 0.010619124223080775 0.098176287051027628 -0.042485558567435217 -0.13504428731194304
leaf_weight=15.906016523018478 15.040961531922218 13.535260442644356 3.1875349981710306 0.23423983715474683 0.2043181206099689 3.0690168710425487 82.369617919437587 3.4860739978030315 16.356956326868389 0.65324482321739097 40.808201626874506 1.8511700527742494 4.5838427590206257 0.64834237191826005
leaf_count=334 701 73 120 11 10 138 3071 95 734 2 843 23 184 16
internal_value=0.00261167 0.000463378 -0.00145118 0.0284885 -0.0903616 -0.000547975 0.000264837 0.0135339 0.0204915 -0.00122118 -0.0034433 0.00889739 0.00525643 -0.010466
internal_weight=201.935 186.455 172.92 15.4795 0.438558 169.732 166.663 36.4023 32.9162 17.0102 130.261 47.2432 45.392 83.018
internal_count=6355 5633 5560 722 21 5440 5302 1165 1070 736 4137 1050 1027 3087
is_linear=0
shrinkage=0.05


Tree=99
num_leaves=15
num_cat=0
split_feature=182 165 90 304 288 299 53 103 271 286 129 288 297 275
split_gain=5.29068 4.83687 3.48765 3.14832 3.53915 3.53371 3.0668 4.60559 4.03887 3.975 4.85477 5.12711 4.26677 4.16282
threshold=1.0000000180025095e-35 1.0000000180025095e-35 1.0000000180025095e-35 1.0000000180025095e-35 1.0000000180025095e-35 1.0000000180025095e-35 1.0000000180025095e-35 1.0000000180025095e-35 1.0000000180025095e-35 1.5000000000000002 1.0000000180025095e-35 1.0000000180025095e-35 3.5000000000000004 1.0000000180025095e-35
decision_type=2 2 2 2 2 2 2 2 2 2 2 2 2 2
left_child=1 2 6 -3 -5 -6 7 9 -8 12 11 -11 13 -1
right_child=-2 3 -4 4 5 -7 8 -9 -10 10 -12 -13 -14 -15
leaf_value=0.00057117518333216059 0.020921621964932691 -0.041582807661500167 0.047898014604621161 -0.023403692181832143 0.040907924940198195 -0.01398374014902987 -0.0359301553472497 -0.070503373250662291 0.097428622962967004 0.054095835351240476 -0.093099864126086174 0.0071926829744237879 0.060458433101554236 -0.025832253490831826
leaf_weight=72.314147899392992 21.985424580518156 11.6682016630657 3.6440916173160067 21.798484254162759 5.2985579092055541 6.5643358919769526 9.5912281968630815 2.2424407191574565 0.60347116086632091 8.6541946250945383 0.94017482735216518 17.832184660248458 2.5691162170842281 18.811568404082209
leaf_count=2515 935 817 23 666 27 52 349 36 15 120 34 166 33 617
internal_value=-0.00225034 -0.00504133 -0.000362991 -0.0192016 -0.0114436 0.0105336 -0.00167977 0.00049829 -0.028036 0.00181281 0.0185545 0.0225179 -0.00308786 -0.00487943
internal_weight=204.518 182.532 137.203 45.3296 33.6614 11.8629 133.559 123.364 10.1947 121.121 27.4266 26.4864 93.6948 91.1257
internal_count=6405 5470 3908 1562 745 79 3885 3521 364 3485 320 286 3165 3132
is_linear=0
shrinkage=0.05


Tree=100
num_leaves=15
num_cat=0
split_feature=296 256 168 188 172 298 58 275 12 165 297 93 297 185
split_gain=5.22578 4.07971 9.12543 2.80894 2.59077 4.22038 3.17994 3.31375 3.17448 4.85128 3.83235 2.9641 4.09378 2.38597
threshold=4.5000000000000009 1.0000000180025095e-35 1.0000000180025095e-35 1.0000000180025095e-35 1.0000000180025095e-35 1.0000000180025095e-35 1.0000000180025095e-35 1.0000000180025095e-35 1.0000000180025095e-35 1.0000000180025095e-35 1.0000000180025095e-35 1.0000000180025095e-35 1.5000000000000002 1.0000000180025095e-35
decision_type=2 2 2 2 2 2 2 2 2 2 2 2 2 2
left_child=1 3 -3 4 6 -6 -1 -8 9 10 -9 12 13 -7
right_child=-2 2 -4 -5 5 11 7 8 -10 -11 -12 -13 -14 -15
leaf_value=-0.0057321598890740441 0.028955154381032761 -0.063491012247433337 0.064716865141819319 0.031757179755163838 0.059434290555365643 -0.17297624354085261 -0.063612285342045397 -0.18326992053657612 0.077130741091230512 0.08802566849352951 -0.0044206643458377303 0.024720860775976811 -0.0029689384046038395 -0.034753073981040029
leaf_weight=144.23825792456046 14.386770924553273 6.5890117636881751 1.7582871802151201 6.4179946873337022 4.2001390755176571 0.6014357181265948 0.81779592577367921 0.42480790149420533 3.1573065686970949 0.95792159345000971 1.0156104974448679 8.0800935756415129 6.9584584999829531 0.64922203309834003
leaf_count=4997 701 208 6 72 38 12 29 12 18 15 43 121 123 8
internal_value=-7.66828e-05 -0.00232386 -0.0364851 -0.000717528 -0.00193565 0.0147454 -0.00420496 0.0303574 0.0441898 0.000824531 -0.0571669 0.00322244 -0.0179381 -0.101224
internal_weight=200.253 185.866 8.3473 177.519 171.101 20.4893 150.612 6.37344 5.55565 2.39834 1.44042 16.2892 8.20912 1.25066
internal_count=6403 5702 214 5488 5416 302 5114 117 88 70 55 264 143 20
is_linear=0
shrinkage=0.05


Tree=101
num_leaves=15
num_cat=0
split_feature=296 282 151 71 58 288 263 194 198 303 17 274 286 164
split_gain=4.97087 10.8578 6.08535 6.50269 3.54189 3.46716 3.2839 2.56791 2.33946 4.42857 4.14768 4.2453 3.99806 3.99131
threshold=2.5000000000000004 1.0000000180025095e-35 1.0000000180025095e-35 1.0000000180025095e-35 1.0000000180025095e-35 1.0000000180025095e-35 1.0000000180025095e-35 1.0000000180025095e-35 1.0000000180025095e-35 1.5000000000000002 1.0000000180025095e-35 1.0000000180025095e-35 1.5000000000000002 1.0000000180025095e-35
decision_type=2 2 2 2 2 2 2 2 2 2 2 2 2 2
left_child=1 4 -3 -4 6 -5 8 -8 9 10 11 13 -13 -1
right_child=-2 2 3 5 -6 -7 7 -9 -10 -11 -12 12 -14 -15
leaf_value=-0.0024236883622133724 0.020819504076953377 -0.060858946148721553 0.14961737386989862 -0.055098541765620436 0.036699055971435912 0.020054386135695244 -0.029981470327524452 0.022294485706046446 0.040229445980615335 -0.11014207679202459 0.026232248273291781 -0.052640701947464209 0.002049667964517016 -0.15488014387066076
leaf_weight=96.860454253852367 24.244348363485187 11.918699524365367 0.64399052876979102 3.0587455593049517 6.6419255267828694 3.0801067850552499 2.6442589983344105 21.050951471552253 2.9425158835947505 0.99123172368854184 10.361672742757944 8.9747347570955736 5.3241115491837254 0.4312137714587142
leaf_count=3664 967 541 15 148 137 53 14 139 14 15 155 405 110 11
internal_value=-0.00039806 -0.00333879 -0.0393427 -0.00153484 0.000971262 -0.0173913 -0.000615177 0.0164608 -0.00382934 -0.00488384 -0.0040283 -0.00683812 -0.032277 -0.0030994
internal_weight=199.169 174.925 18.7015 6.78284 156.223 6.13885 149.581 23.6952 125.886 122.943 121.952 111.591 14.2988 97.2917
internal_count=6388 5421 757 216 4664 201 4527 153 4374 4360 4345 4190 515 3675
is_linear=0
shrinkage=0.05


Tree=102
num_leaves=15
num_cat=0
split_feature=185 151 296 71 90 23 112 172 93 152 298 93 3 263
split_gain=4.39313 4.49948 5.89688 6.28815 3.80914 2.94826 2.94079 2.76552 3.40748 3.26967 3.90476 3.27419 4.68703 4.8058
threshold=1.0000000180025095e-35 1.0000000180025095e-35 1.5000000000000002 1.0000000180025095e-35 1.0000000180025095e-35 1.0000000180025095e-35 1.0000000180025095e-35 1.0000000180025095e-35 1.0000000180025095e-35 1.0000000180025095e-35 1.0000000180025095e-35 1.0000000180025095e-35 1.0000000180025095e-35 1.0000000180025095e-35
decision_type=2 2 2 2 2 2 2 2 2 2 2 2 2 2
left_child=1 4 3 -3 5 -1 -2 9 -9 11 -11 -7 13 -13
right_child=6 2 -4 -5 -6 7 -8 8 -10 10 -12 12 -14 -15
leaf_value=0.038141258094126211 0.0083340871450003958 0.10304285207335635 0.055031290842769212 -0.037034574453123081 0.05095684053542128 -0.0060541560888803378 0.10248271257857636 -0.016511189810158901 0.037235625068471202 0.11183716282592089 0.0080814452058489399 -0.053398779405018637 0.073945527160170596 0.01198425489718267
leaf_weight=4.0593849997967473 61.247343807015568 0.82993252575398102 2.1089212335646144 23.120742183644325 3.2924716584384432 67.35479075787589 0.84081073105335136 4.7679866859689337 7.7296998864039779 1.1104829441755999 4.9438251196406782 11.73812958691269 1.0001900093629963 3.695180870592595
leaf_count=133 1214 16 10 976 21 3029 3 101 99 22 90 590 20 22
internal_value=-0.00140806 -0.00644692 -0.0251229 -0.0321806 -0.00201007 -0.0036491 0.00960907 -0.00530674 0.0167307 -0.00837229 0.0271123 -0.0109363 -0.0309464 -0.0377442
internal_weight=197.84 135.752 26.0596 23.9507 109.692 106.4 62.0882 102.34 12.4977 89.8426 6.05431 83.7883 16.4335 15.4333
internal_count=6346 5129 1002 992 4127 4106 1217 3973 200 3773 112 3661 632 612
is_linear=0
shrinkage=0.05


Tree=103
num_leaves=15
num_cat=0
split_feature=296 188 260 156 187 190 278 93 256 277 0 296 297 62
split_gain=5.92842 3.16624 2.41842 2.20551 2.13382 2.02953 9.3299 4.29615 2.28944 6.78454 3.9758 2.76362 2.08882 1.76711
threshold=4.5000000000000009 1.0000000180025095e-35 1.0000000180025095e-35 1.0000000180025095e-35 1.0000000180025095e-35 1.0000000180025095e-35 1.0000000180025095e-35 1.0000000180025095e-35 1.0000000180025095e-35 1.0000000180025095e-35 1.0000000180025095e-35 2.5000000000000004 1.0000000180025095e-35 1.0000000180025095e-35
decision_type=2 2 2 2 2 2 2 2 2 2 2 2 2 2
left_child=1 2 3 4 5 8 -7 -8 -1 11 12 -10 -11 -14
right_child=-2 -3 -4 -5 -6 6 7 -9 9 10 -12 -13 13 -15
leaf_value=-0.0023415522985277448 0.031935746222060461 0.03233653619339575 0.017607843417933932 -0.1140516883631882 0.077511940154780051 -0.042497810221576095 0.1077947891723563 -0.052337529396779429 -0.057710492325674649 0.11695745663877873 -0.071325647517933702 -0.16574299148783456 -0.0190482359137637 0.0706216897451072
leaf_weight=142.6876567080617 13.390234270598738 6.2903234930708996 12.322011679410933 0.46535942051559587 0.77893769089132447 11.315605815034358 1.7126254979521029 0.55445386003702868 2.8974931421689685 0.73371928278356824 1.0043200487270953 0.74398624897003163 1.2699850965291264 0.96836866438388813
leaf_count=4774 696 71 69 21 9 512 18 25 124 10 33 12 18 12
internal_value=-0.000183907 -0.0025246 -0.00376034 -0.00535481 -0.00504762 -0.00544002 -0.0239492 0.0686316 -0.00376739 -0.0304743 0.0146809 -0.0797825 0.0437441 0.0197453
internal_weight=197.135 183.745 177.455 165.133 164.667 163.888 13.5827 2.26708 150.306 7.61787 3.97639 3.64148 2.97207 2.23835
internal_count=6404 5708 5637 5568 5547 5538 555 43 4983 209 73 136 40 30
is_linear=0
shrinkage=0.05


Tree=104
num_leaves=15
num_cat=0
split_feature=296 165 277 58 194 286 194 152 286 297 296 164 296 304
split_gain=7.74318 6.3657 9.2741 3.58383 3.48509 3.19848 3.5863 5.25332 4.8077 4.72195 4.53731 3.44414 3.2311 2.92899
threshold=3.5000000000000004 1.0000000180025095e-35 1.0000000180025095e-35 1.0000000180025095e-35 1.0000000180025095e-35 2.5000000000000004 1.0000000180025095e-35 1.0000000180025095e-35 1.5000000000000002 1.0000000180025095e-35 1.0000000180025095e-35 1.0000000180025095e-35 1.5000000000000002 1.0000000180025095e-35
decision_type=2 2 2 2 2 2 2 2 2 2 2 2 2 2
left_child=1 5 4 -4 -3 6 7 8 10 -10 -1 -8 -7 -6
right_child=-2 2 3 -5 13 12 11 -9 9 -11 -12 -13 -14 -15
leaf_value=-0.051447313248702886 0.031495653789218335 -0.052803840672341201 0.0096326647267768947 0.12040232671736058 -0.053542080129736193 -0.077616876559190986 0.00070497783531615985 0.10083223934534638 0.098999592739450248 0.01102019438130113 0.017012331669751433 -0.15190641193851195 0.018467775922335974 -0.0056265953629513962
leaf_weight=3.5631535160355323 17.931498769670725 14.204243067186328 11.603144700638946 0.77924559731036502 4.3964404934085914 2.4261337211355563 113.16294353408739 1.973174113780259 2.7426024712622157 3.435522586107254 7.5459583001211286 0.37091010715812345 1.3684644456952808 11.616619306150824
leaf_count=242 887 755 222 7 330 50 3385 21 19 38 133 6 10 261
internal_value=0.000169209 -0.00296565 -0.0198406 0.0166036 -0.0347746 0.00229736 0.00359074 0.0235403 0.0147182 0.0500761 -0.00494552 0.000206403 -0.0429654 -0.018782
internal_weight=197.12 179.189 42.5997 12.3824 30.2173 136.589 132.794 19.2604 17.2872 6.17813 11.1091 113.534 3.7946 16.0131
internal_count=6366 5479 1575 229 1346 3904 3844 453 432 57 375 3391 60 591
is_linear=0
shrinkage=0.05


Tree=105
num_leaves=15
num_cat=0
split_feature=296 194 282 53 58 188 165 297 275 299 187 282 151 299
split_gain=5.0787 6.14754 8.17537 4.12662 3.72748 3.66926 3.08322 3.83391 4.0543 3.08545 2.78786 2.77769 9.49016 9.3841
threshold=1.0000000180025095e-35 1.0000000180025095e-35 1.0000000180025095e-35 1.0000000180025095e-35 1.0000000180025095e-35 1.0000000180025095e-35 1.0000000180025095e-35 1.0000000180025095e-35 1.0000000180025095e-35 1.0000000180025095e-35 1.0000000180025095e-35 1.0000000180025095e-35 1.0000000180025095e-35 1.0000000180025095e-35
decision_type=2 2 2 2 2 2 2 2 2 2 2 2 2 2
left_child=1 2 3 4 6 -2 7 8 9 -1 11 -3 13 -13
right_child=5 10 -4 -5 -6 -7 -8 -9 -10 -11 -12 12 -14 -15
leaf_value=0.087117008568872958 0.0031093423058668156 -0.024891276479379231 -0.051694675833452497 0.11676292807579645 0.14812138555274448 0.053891917644499958 -0.015922964464760849 -0.011722262412785036 0.21624545552980573 -0.052333792989166829 0.073280053844744605 0.19973002497393111 -0.051955813358068037 -0.051219664000090363
leaf_weight=1.7196947876363946 127.55268853949383 47.856116546783596 3.2351973452605298 1.4779561366885907 0.58733570575714189 3.6590824443846932 3.7172897816635668 1.7606084742583332 0.47184262983500946 0.51558057684451331 0.78457635641097923 1.0460417689755552 2.0204873234033585 0.57857856759801496
leaf_count=66 2336 3027 223 18 1 42 295 52 4 30 9 65 145 46
internal_value=-0.00115862 -0.0124983 0.0176013 0.0394725 0.0264507 0.00452551 0.0177199 0.0457118 0.0830648 0.0549518 -0.0202615 -0.0216866 0.0203877 0.110359
internal_weight=196.983 65.7713 13.4855 10.2503 8.77235 131.212 8.18502 4.46773 2.70712 2.23528 52.2858 51.5012 3.64511 1.62462
internal_count=6359 3981 689 466 448 2378 447 152 100 96 3292 3283 256 111
is_linear=0
shrinkage=0.05


Tree=106
num_leaves=15
num_cat=0
split_feature=296 256 277 288 245 286 296 153 247 201 194 296 185 288
split_gain=4.34617 3.64608 4.7456 4.35127 4.0947 3.51224 3.54523 2.77943 2.2926 2.10553 3.39833 4.60607 2.60053 2.54666
threshold=4.5000000000000009 1.0000000180025095e-35 1.0000000180025095e-35 1.0000000180025095e-35 1.0000000180025095e-35 1.5000000000000002 2.5000000000000004 1.0000000180025095e-35 1.0000000180025095e-35 1.0000000180025095e-35 1.0000000180025095e-35 1.5000000000000002 1.0000000180025095e-35 1.5000000000000002
decision_type=2 2 2 2 2 2 2 2 2 2 2 2 2 2
left_child=1 8 4 5 -3 6 -4 -2 9 -1 12 13 -11 -12
right_child=7 2 3 -5 -6 -7 -8 -9 -10 10 11 -13 -14 -15
leaf_value=0.0027586735718946073 0.034373867488975411 -0.063001846837227427 -0.054281141637440411 -0.052714010395566994 -0.25702268154558644 0.15303692217862339 0.098363463750069546 -0.096623584649975294 -0.044293267686040493 -0.055923402041951543 -0.070106641578530707 0.0055197106281502399 0.040388902023216586 0.030651483481940703
leaf_weight=152.62347315670922 11.591815618798133 2.9498404958285387 0.904483840800822 2.039108382537961 0.29954975843429554 0.59092870540916909 0.65645968914031982 0.41957764141261655 2.8449892075732341 0.87765826378017564 5.6780260698869807 4.8876981912180781 3.4795028027147055 0.70498210377991188
leaf_count=5099 644 121 39 29 8 3 1 19 138 40 94 84 29 3
internal_value=0.000684834 -0.0012738 -0.0355381 -0.000377104 -0.0808879 0.0492172 0.00991403 0.0297979 0.00021623 0.000968849 -0.0165108 -0.0310078 0.0209888 -0.0589782
internal_weight=190.548 178.537 7.44037 4.19098 3.24939 2.15187 1.56094 12.0114 171.096 168.251 15.6279 11.2707 4.35716 6.38301
internal_count=6351 5688 201 72 129 43 40 663 5487 5349 250 181 69 97
is_linear=0
shrinkage=0.05


Tree=107
num_leaves=15
num_cat=0
split_feature=296 299 181 93 276 288 263 40 290 285 276 93 286 245
split_gain=4.40823 4.07308 5.08185 3.57511 5.81616 2.97857 2.84356 2.80683 2.63751 2.58537 2.40062 2.95168 4.35698 3.5919
threshold=3.5000000000000004 1.5000000000000002 1.0000000180025095e-35 1.0000000180025095e-35 1.0000000180025095e-35 1.0000000180025095e-35 1.0000000180025095e-35 1.0000000180025095e-35 1.0000000180025095e-35 1.0000000180025095e-35 1.0000000180025095e-35 1.0000000180025095e-35 1.5000000000000002 1.0000000180025095e-35
decision_type=2 2 2 2 2 2 2 2 2 2 2 2 2 2
left_child=1 8 3 4 5 -3 -5 -7 10 -2 11 -1 -13 -14
right_child=9 2 -4 6 -6 7 -8 -9 -10 -11 -12 12 13 -15
leaf_value=0.0035545752231338395 0.0072359002497815253 -0.089627975113685809 0.10509163383225238 -0.031702418700880745 -0.21425584406689038 0.032981267694003662 0.04866019333225037 -0.081536243015519927 -0.083962328094689287 0.046384525823089655 0.024062383229096065 -0.03074315892387583 0.0058115080623602992 -0.077695749524344063
leaf_weight=112.39353571785614 9.296029557008298 2.28685267269611 0.65510004758834917 4.3419177713803947 0.60402434226125468 1.4572170060127976 1.4746066182851789 0.84554709633812297 0.92234506644308467 7.7191402330063275 10.416944702155886 17.864082020707428 24.368770983070139 1.3595460830256332
leaf_count=4069 480 90 1 120 14 11 14 39 20 411 111 654 341 18
internal_value=0.000676086 -0.00163582 -0.0302019 -0.0382518 -0.0684036 -0.0492084 -0.0113289 -0.00906818 0.000355688 0.0249962 0.00082305 -0.000728903 -0.0117729 0.00139878
internal_weight=196.006 178.99 11.6653 11.0102 5.19364 4.58962 5.81652 2.30276 167.325 17.0152 166.403 155.986 43.5924 25.7283
internal_count=6393 5502 289 288 154 140 134 50 5213 891 5193 5082 1013 359
is_linear=0
shrinkage=0.05


Tree=108
num_leaves=15
num_cat=0
split_feature=247 182 271 58 276 67 151 282 191 260 293 288 71 90
split_gain=3.00741 2.65467 2.49271 5.50915 2.10747 2.08217 1.91203 4.16955 3.46918 3.24792 3.13749 3.05499 9.3507 2.33497
threshold=1.0000000180025095e-35 1.0000000180025095e-35 1.0000000180025095e-35 1.0000000180025095e-35 1.0000000180025095e-35 1.0000000180025095e-35 1.0000000180025095e-35 1.0000000180025095e-35 1.0000000180025095e-35 1.0000000180025095e-35 1.0000000180025095e-35 1.0000000180025095e-35 1.0000000180025095e-35 1.0000000180025095e-35
decision_type=2 2 2 2 2 2 2 2 2 2 2 2 2 2
left_child=1 2 5 4 -4 6 8 9 13 10 -8 12 -9 -1
right_child=-2 -3 3 -5 -6 -7 7 11 -10 -11 -12 -13 -14 -15
leaf_value=0.0033997733261729411 -0.056541723524760626 0.020282866691252722 -0.056187428726376581 0.055689883455080219 0.02762441498839301 0.057354868653805617 -0.0088651071074990744 0.16344532141220128 -0.16213497446263347 -0.10614205844401528 -0.064130198405548552 0.049038817077989322 -0.054815665346517974 0.047206516500783724
leaf_weight=124.22384152887389 2.1949132392182937 18.579301776364446 6.011092000640927 1.663279174827039 0.85698403976857651 1.6671118810772885 24.261108672013513 0.60297807864844832 0.31321631371974845 1.0074683055281628 2.8721842369996002 4.6611011098138988 2.635774591471999 3.1182175539433947
leaf_count=4059 121 923 146 9 6 9 717 11 4 9 135 68 146 22
internal_value=0.0016546 0.00231826 0.000398873 -0.0259568 -0.0457296 0.0017586 0.0011924 -0.00897761 0.00406368 -0.0179883 -0.0147152 0.0231203 -0.0141807 0.00447247
internal_weight=194.669 192.474 173.894 8.53136 6.86808 165.363 163.696 36.0406 127.655 28.1408 27.1333 7.89985 3.23875 127.342
internal_count=6385 6264 5341 161 152 5180 5171 1086 4085 861 852 225 157 4081
is_linear=0
shrinkage=0.05


Tree=109
num_leaves=15
num_cat=0
split_feature=286 90 183 276 299 93 304 302 103 151 74 288 162 164
split_gain=5.45242 3.06999 2.54463 2.56266 3.11414 6.91937 2.99929 2.37722 2.70043 2.48081 2.45164 6.00508 2.21752 2.05076
threshold=1.5000000000000002 1.0000000180025095e-35 1.0000000180025095e-35 1.0000000180025095e-35 1.5000000000000002 1.0000000180025095e-35 1.0000000180025095e-35 1.0000000180025095e-35 1.0000000180025095e-35 1.0000000180025095e-35 1.0000000180025095e-35 1.0000000180025095e-35 1.0000000180025095e-35 1.0000000180025095e-35
decision_type=2 2 2 2 2 2 2 2 2 2 2 2 2 2
left_child=1 2 3 12 6 -6 -5 8 -2 -10 11 -9 13 -1
right_child=7 -3 -4 4 5 -7 -8 10 9 -11 -12 -13 -14 -15
leaf_value=-0.0099286865683440011 0.012474201961805943 0.043085949863228501 0.044290981436671428 -0.05498480691685631 -0.16436594780989933 0.045761832854281689 0.042384631866072366 0.21231729695101098 0.0072347048193664113 -0.090450758305765822 -0.059831822097498003 0.034987943004437097 0.036724141893627625 -0.11174644684659912
leaf_weight=122.24466844787821 40.304392685182393 3.1823413446545592 2.413914179429411 0.89515529014169981 0.69408541545271851 0.89950401242822409 6.7896646242588758 0.51771635748445888 1.3419131189584723 1.2604049970395863 0.56346637755632389 6.1332003460265696 2.5548415295779696 0.49655583268031378
leaf_count=5007 781 19 18 42 16 16 47 6 35 27 7 257 39 14
internal_value=-0.000401824 -0.00546282 -0.00659065 -0.00750333 0.0178518 -0.045759 0.0310427 0.013752 0.00928687 -0.0400782 0.0403077 0.0487915 -0.00938092 -0.0103406
internal_weight=190.292 140.171 136.988 134.574 9.27841 1.59359 7.68482 50.1211 42.9067 2.60232 7.21438 6.65092 125.296 122.741
internal_count=6331 5218 5199 5181 121 32 89 1113 843 62 270 263 5060 5021
is_linear=0
shrinkage=0.05


Tree=110
num_leaves=15
num_cat=0
split_feature=185 103 172 93 288 53 286 42 151 59 23 276 303 92
split_gain=5.66292 3.76209 3.16496 3.42735 4.64365 3.74917 3.13325 4.18215 4.65568 3.10463 2.67931 2.60038 3.29264 2.57701
threshold=1.0000000180025095e-35 1.0000000180025095e-35 1.0000000180025095e-35 1.0000000180025095e-35 1.0000000180025095e-35 1.0000000180025095e-35 2.5000000000000004 1.0000000180025095e-35 1.0000000180025095e-35 1.0000000180025095e-35 1.0000000180025095e-35 1.0000000180025095e-35 1.5000000000000002 1.0000000180025095e-35
decision_type=2 2 2 2 2 2 2 2 2 2 2 2 2 2
left_child=1 2 3 5 11 10 7 8 -6 -2 -1 12 -5 -12
right_child=9 -3 -4 4 6 -7 -8 -9 -10 -11 13 -13 -14 -15
leaf_value=0.048235192485121002 0.014961259813357594 -0.076714607498820309 0.017293629899096979 -0.051437455617445699 0.029833114959838803 -0.046809908934080595 -0.065156347112869037 0.095184253815074282 -0.070147506666087947 -0.051884288234935606 -0.0035808129382789359 0.017719317862129425 0.056887657291560569 0.049684679529612634
leaf_weight=2.7368520060554138 58.132058748044074 1.8338491970207531 14.639985250309108 14.030159645713864 3.9111090963706392 4.5939173689112058 1.2832923578098414 1.4582700119353829 1.6579614281654356 1.7905201241374005 79.412251675967127 1.7945183077827103 0.73841796815395433 2.3375633060932151
leaf_count=99 1174 59 237 751 67 283 27 15 20 46 3577 20 5 17
internal_value=0.000240472 -0.00560504 -0.00459096 -0.00740253 -0.0238124 -0.00282045 0.00668642 0.0198059 6.80018e-05 0.0129639 -0.00042855 -0.0391153 -0.0460213 -0.00205773
internal_weight=190.351 130.428 128.594 113.954 24.8737 89.0806 8.31063 7.02734 5.56907 59.9226 84.4867 16.5631 14.7686 81.7498
internal_count=6397 5177 5118 4881 905 3976 129 102 87 1220 3693 776 756 3594
is_linear=0
shrinkage=0.05


Tree=111
num_leaves=15
num_cat=0
split_feature=296 194 71 152 1 19 154 223 302 129 299 291 275 40
split_gain=6.58171 7.09959 5.54094 6.15709 3.64158 3.58163 3.39376 3.09158 3.02896 2.93367 10.2465 2.62005 2.84577 3.56278
threshold=1.0000000180025095e-35 1.0000000180025095e-35 1.0000000180025095e-35 1.0000000180025095e-35 1.0000000180025095e-35 1.0000000180025095e-35 1.0000000180025095e-35 1.0000000180025095e-35 1.0000000180025095e-35 1.0000000180025095e-35 1.0000000180025095e-35 1.0000000180025095e-35 1.0000000180025095e-35 1.0000000180025095e-35
decision_type=2 2 2 2 2 2 2 2 2 2 2 2 2 2
left_child=1 2 -1 11 5 6 7 9 -2 -3 -11 12 -4 -14
right_child=8 4 3 -5 -6 -7 -8 -9 -10 10 -12 -13 13 -15
leaf_value=-0.051264674699470048 0.0019809815590523796 -0.036499838943589123 0.010080155615363193 0.20186650953328922 0.084262255464452887 0.020716371032621313 0.037716259812757419 0.057334232536756916 0.033759018331956228 0.22849757466506007 -0.052025829444361398 -0.053456894404530969 0.11391105081642794 0.015234402919972679
leaf_weight=2.4527441570535293 115.20383876608685 42.727913773618639 5.8586780708283133 0.50784211745485741 0.76464483886957069 3.8466420446056864 1.8075508726760734 0.94500433653592963 8.0206523665692639 0.4693188751116385 1.062406599987298 0.99806089233607131 1.8943607993423939 1.7689168052747846
leaf_count=194 2063 3098 351 9 2 120 29 7 280 29 65 64 17 62
internal_value=-0.00274477 -0.0156043 0.0167068 0.0318245 -0.0240418 -0.0256701 -0.0294656 -0.0321519 0.00404941 -0.0340626 0.0339262 0.0236159 0.0316945 0.0662623
internal_weight=188.329 65.1041 13.4806 11.0279 51.6235 50.8588 47.0122 45.2046 123.224 44.2596 1.53173 10.52 9.52196 3.66328
internal_count=6390 4047 697 503 3350 3348 3228 3199 2343 3192 94 494 430 79
is_linear=0
shrinkage=0.05


Tree=112
num_leaves=15
num_cat=0
split_feature=243 298 4 172 286 282 151 304 299 297 299 276 60 304
split_gain=3.28061 3.16894 5.75911 4.20024 4.15244 4.56772 6.22234 6.16909 4.4835 3.16238 3.08276 2.47368 3.93844 3.02515
threshold=1.0000000180025095e-35 1.0000000180025095e-35 1.0000000180025095e-35 1.0000000180025095e-35 1.0000000180025095e-35 1.0000000180025095e-35 1.0000000180025095e-35 1.0000000180025095e-35 1.0000000180025095e-35 1.5000000000000002 1.5000000000000002 1.0000000180025095e-35 1.0000000180025095e-35 1.0000000180025095e-35
decision_type=2 2 2 2 2 2 2 2 2 2 2 2 2 2
left_child=1 2 3 4 5 6 9 8 -7 10 -1 -3 13 -13
right_child=-2 11 -4 -5 -6 7 -8 -9 -10 -11 -12 12 -14 -15
leaf_value=0.012424694145550747 0.035866236002611122 -0.010993294301431162 0.15842430361933679 0.055042827531504718 -0.0095614984404266481 0.11469914596129156 -0.059214542033346945 -0.019744280926021814 -0.051805304266421798 -0.054961710201557601 0.085261274782106225 -0.026434535099127583 -0.09665503018387897 0.032917125677766723
leaf_weight=36.732009772211313 6.4139343397691837 73.209072544472292 0.61489926651120086 3.9929753793403497 38.941450641024858 3.1504961699247356 3.2862061429768792 1.8103778567165134 0.46382370125502337 1.6711870133876789 1.5125338900834311 2.7725898995995477 0.77551103662699539 9.5143535854294896
leaf_count=1771 409 1982 11 48 1324 170 185 106 30 101 31 80 16 100
internal_value=0.00073309 -0.0005297 0.00591639 0.00489219 0.0026054 0.012349 0.00691872 0.055595 0.0933317 0.0123634 0.0153053 -0.00741696 0.0126267 0.0195242
internal_weight=184.861 178.447 92.176 91.5611 87.5681 48.6266 43.2019 5.4247 3.61432 39.9157 38.2445 86.2715 13.0625 12.2869
internal_count=6364 5955 3777 3766 3718 2394 2088 306 200 1903 1802 2178 196 180
is_linear=0
shrinkage=0.05


Tree=113
num_leaves=15
num_cat=0
split_feature=304 194 288 1 271 188 303 71 291 275 286 65 46 53
split_gain=2.8087 7.72917 4.83885 3.60153 3.50557 2.78123 2.64706 2.31118 2.23848 2.44481 4.87415 4.84898 3.13914 3.83595
threshold=1.0000000180025095e-35 1.0000000180025095e-35 1.0000000180025095e-35 1.0000000180025095e-35 1.0000000180025095e-35 1.0000000180025095e-35 1.5000000000000002 1.0000000180025095e-35 1.0000000180025095e-35 1.0000000180025095e-35 1.0000000180025095e-35 1.0000000180025095e-35 1.0000000180025095e-35 1.0000000180025095e-35
decision_type=2 2 2 2 2 2 2 2 2 2 2 2 2 2
left_child=1 4 3 6 8 -2 7 -3 9 10 -1 -12 -11 -14
right_child=5 2 -4 -5 -6 -7 -8 -9 -10 12 11 -13 13 -15
leaf_value=0.047505579904288747 0.0033264270507227856 0.052831923318639631 -0.049305695851206657 0.10635907005353079 0.096092157461007119 0.053621118584341577 0.050013403580158079 -0.016887826562419848 -0.054599440001599879 0.11473203934134101 -0.052983560176111145 0.088371681424962031 -0.052713016149296327 0.094054772135375039
leaf_weight=3.9921513972803897 123.39004028611816 1.2285734061151732 9.7211420424282533 0.65429413318633933 1.5170628391206271 2.8113646628335109 1.6531840916723002 36.598742997040972 1.0407032310031361 1.4148648465052238 3.5932119023054838 0.72993317153304804 0.96365720359608531 0.82747925259172916
leaf_count=283 2314 46 614 1 20 37 9 2679 62 21 246 4 67 7
internal_value=0.000121419 -0.00841652 -0.0176549 -0.00998869 0.0242979 0.00444683 -0.0119169 -0.0146234 0.0156276 0.0219711 0.00766945 -0.0291167 0.0590647 0.0150916
internal_weight=190.136 63.935 49.8559 40.1348 14.0791 126.201 39.4805 37.8273 12.562 11.5213 8.3153 4.32315 3.206 1.79114
internal_count=6410 4059 3349 2735 710 2351 2734 2725 690 628 533 250 95 74
is_linear=0
shrinkage=0.05


Tree=114
num_leaves=15
num_cat=0
split_feature=296 188 74 40 60 194 282 165 58 299 141 271 58 71
split_gain=3.30444 3.14318 3.05235 2.82035 4.42342 4.38812 7.27629 4.54728 3.92545 6.10076 4.48048 3.92088 3.75216 3.38714
threshold=1.0000000180025095e-35 1.0000000180025095e-35 1.0000000180025095e-35 1.0000000180025095e-35 1.0000000180025095e-35 1.0000000180025095e-35 1.0000000180025095e-35 1.0000000180025095e-35 1.0000000180025095e-35 1.0000000180025095e-35 1.0000000180025095e-35 1.0000000180025095e-35 1.0000000180025095e-35 1.0000000180025095e-35
decision_type=2 2 2 2 2 2 2 2 2 2 2 2 2 2
left_child=3 2 -2 5 8 6 7 11 10 -10 -5 -1 -9 -7
right_child=1 -3 -4 4 -6 13 -8 12 9 -11 -12 -13 -14 -15
leaf_value=0.063730471026396424 -0.0007638362344860824 0.053243727911491692 0.062117229006661612 -0.053529960322300542 0.08798623592465292 0.074565422914300891 -0.051620209899835047 -0.013335417066985039 0.16415314124687419 -0.053009387770240869 0.083261434750380336 0.21579415060431806 0.11832192059509349 -0.017676721358454012
leaf_weight=3.6259905872866494 115.41914658644237 2.8705746028572312 1.96271726861596 11.978387098526575 0.73169589508324939 1.02417667582631 2.6047212965786448 3.477729918435216 0.58606936037540502 0.72162440698593855 0.63010287284851152 0.48002872616052616 0.64089649915695179 35.187870975350961
leaf_count=109 2301 42 13 836 6 43 181 282 7 26 1 7 1 2508
internal_value=-0.00327454 0.00155171 0.000287585 -0.0126825 -0.0318413 -0.00671676 0.0212083 0.0442729 -0.0381417 0.0443164 -0.0466939 0.081508 0.00715169 -0.0150679
internal_weight=181.942 120.252 117.382 61.6893 14.6479 47.0414 10.8294 8.22465 13.9162 1.30769 12.6085 4.10602 4.11863 36.212
internal_count=6363 2356 2314 4007 876 3131 580 399 870 33 837 116 283 2551
is_linear=0
shrinkage=0.05


Tree=115
num_leaves=15
num_cat=0
split_feature=286 275 165 194 277 297 292 263 44 74 156 278 296 198
split_gain=3.74973 3.35128 3.76164 4.04082 4.43244 2.91031 2.92702 2.88281 2.83821 3.02516 2.57266 2.47703 2.86218 2.43475
threshold=1.0000000180025095e-35 1.0000000180025095e-35 1.0000000180025095e-35 1.0000000180025095e-35 1.0000000180025095e-35 2.5000000000000004 1.0000000180025095e-35 1.0000000180025095e-35 1.0000000180025095e-35 1.0000000180025095e-35 1.0000000180025095e-35 1.0000000180025095e-35 1.0000000180025095e-35 1.0000000180025095e-35
decision_type=2 2 2 2 2 2 2 2 2 2 2 2 2 2
left_child=1 2 5 11 -5 6 -1 -3 10 -10 13 12 -4 -2
right_child=8 7 3 4 -6 -7 -8 -9 9 -11 -12 -13 -14 -15
leaf_value=0.021755498547596754 -0.0059148311455082406 -0.032181459093191131 0.048651236516417305 -0.053440188528893734 0.056823351480832451 0.088982024242775307 -0.091022316190210228 0.080865178499569063 0.072145089928244824 -0.056868038613655428 -0.11659339342941984 0.092054318387161618 -0.016443374071293215 0.041574300501642743
leaf_weight=39.327495133504272 112.5957553149201 6.250846490263938 2.6324522648937982 5.5850629559718064 1.0891608670353887 1.5949856927618373 0.58387388940900464 0.61987477540969838 2.2203759523108597 0.57129149418324221 0.51671131746843357 0.96624496486037958 4.7102118814364076 2.7653011325746766
leaf_count=1740 3372 284 194 285 10 16 38 1 37 12 17 36 271 16
internal_value=0.00116882 0.0109899 0.0150003 -0.0064746 -0.0354464 0.0227524 0.0201056 -0.0219824 -0.00407488 0.0457436 -0.00527508 0.0167973 0.00689399 -0.00477648
internal_weight=182.03 63.3602 56.4895 14.9831 6.67422 41.5064 39.9114 6.87072 118.669 2.79167 115.878 8.30891 7.34266 115.361
internal_count=6329 2875 2590 796 295 1794 1778 285 3454 49 3405 501 465 3388
is_linear=0
shrinkage=0.05


Tree=116
num_leaves=15
num_cat=0
split_feature=247 151 129 185 103 154 263 71 286 275 297 168 286 3
split_gain=2.75414 2.63282 4.59003 3.17923 4.05803 3.81908 3.01064 3.5169 3.96218 3.16784 3.41347 2.65888 3.12449 2.51361
threshold=1.0000000180025095e-35 1.0000000180025095e-35 1.0000000180025095e-35 1.0000000180025095e-35 1.0000000180025095e-35 1.0000000180025095e-35 1.0000000180025095e-35 1.0000000180025095e-35 1.5000000000000002 1.0000000180025095e-35 1.0000000180025095e-35 1.0000000180025095e-35 1.5000000000000002 1.0000000180025095e-35
decision_type=2 2 2 2 2 2 2 2 2 2 2 2 2 2
left_child=1 2 11 5 -5 6 7 -3 -9 -10 -11 12 -1 -14
right_child=-2 3 -4 4 -6 -7 -8 8 9 10 -12 -13 13 -15
leaf_value=0.00027980673192920448 -0.056098894112612423 0.05443670576010165 -0.07147839535496095 0.014105290627401979 -0.089907736148137754 -0.10606586996373231 0.012574825210837012 -0.052068710734711532 -0.04593946184131234 0.13413060398052662 0.005891541815477617 -0.051882098990660513 0.015293362502156139 0.085417361847388865
leaf_weight=105.24991426034831 2.2761581619270137 1.1836961470544434 2.0697631905786684 13.104066631756719 1.0100125959143049 1.3127513993531454 5.8690930679440489 10.970016256906094 2.2000649138353756 0.65154971648007665 2.549071129411459 2.1312154685147098 29.879956494085494 1.3350175544619549
leaf_count=4054 136 19 91 169 19 14 30 797 74 7 70 39 775 14
internal_value=-0.0014444 -0.000751413 0.00243082 -0.0122734 0.00666205 -0.0230776 -0.0184266 -0.0287915 -0.0348094 0.000248287 0.0319971 0.00353456 0.00440002 0.0182925
internal_weight=181.792 179.516 140.666 38.8503 14.1141 24.7362 23.4235 17.5544 16.3707 5.40069 3.20062 138.596 136.465 31.215
internal_count=6308 6172 4973 1199 188 1011 997 967 948 151 77 4882 4843 789
is_linear=0
shrinkage=0.05


Tree=117
num_leaves=15
num_cat=0
split_feature=151 185 112 293 299 277 197 12 298 286 92 12 286 286
split_gain=1.88009 2.82217 3.4217 3.2425 3.18319 4.89768 4.4652 4.00941 7.05308 5.62601 2.67409 2.65381 2.90615 1.9636
threshold=1.0000000180025095e-35 1.0000000180025095e-35 1.0000000180025095e-35 1.0000000180025095e-35 1.0000000180025095e-35 1.0000000180025095e-35 1.0000000180025095e-35 1.0000000180025095e-35 1.0000000180025095e-35 1.5000000000000002 1.0000000180025095e-35 1.0000000180025095e-35 1.0000000180025095e-35 1.0000000180025095e-35
decision_type=2 2 2 2 2 2 2 2 2 2 2 2 2 2
left_child=10 3 11 4 6 7 -2 9 -9 -6 13 12 -3 -1
right_child=1 2 -4 -5 5 -7 -8 8 -10 -11 -12 -13 -14 -15
leaf_value=0.01127679257900884 -0.046651743023290698 -0.084648644000108353 0.10839174159194512 -0.058026744639501561 -0.032521650324464503 -0.017543153450165341 0.071995039641139333 0.31058031490794169 -0.051050131588036819 0.093795011014968968 0.045938992699880561 0.045162773018581223 0.00093276470439921798 -0.00075597348817482766
leaf_weight=55.073831893503666 7.1608272732701188 1.1036104192025913 0.82799665629863817 4.2075589066371313 1.7458121797535571 7.0429872698150575 0.89174369163811196 0.35653334856033314 0.21682944754138589 1.7805014187470076 3.8794997707009307 3.0309425508603463 9.8062722319737059 88.208361664554104
leaf_count=2477 410 18 3 252 99 203 11 2 25 20 42 27 145 2667
internal_value=0.00241334 -0.00747469 0.00963933 -0.0182749 -0.00956131 0.00774791 -0.0335128 0.0511964 0.173822 0.031258 0.00497815 0.00377407 -0.00772439 0.0038691
internal_weight=185.333 38.1716 14.7688 23.4028 19.1952 11.1427 8.05257 4.09968 0.573363 3.52631 147.162 13.9408 10.9099 143.282
internal_count=6401 1215 193 1022 770 349 421 146 27 119 5186 190 163 5144
is_linear=0
shrinkage=0.05


Tree=118
num_leaves=15
num_cat=0
split_feature=296 285 194 285 289 62 253 12 274 185 165 183 67 286
split_gain=2.47297 3.18037 3.66335 2.758 4.51409 6.87017 3.75072 4.6936 4.54216 2.63123 2.6212 2.14529 2.14398 2.29661
threshold=1.5000000000000002 1.5000000000000002 1.0000000180025095e-35 1.5000000000000002 1.0000000180025095e-35 1.0000000180025095e-35 1.0000000180025095e-35 1.0000000180025095e-35 1.0000000180025095e-35 1.0000000180025095e-35 1.0000000180025095e-35 1.0000000180025095e-35 1.0000000180025095e-35 2.5000000000000004
decision_type=2 2 2 2 2 2 2 2 2 2 2 2 2 2
left_child=1 11 9 6 -5 -6 -2 8 10 -3 -8 12 13 -1
right_child=3 2 -4 4 5 -7 7 -9 -10 -11 -12 -13 -14 -15
leaf_value=-0.0011809700541308354 0.0065244864627335393 -0.055458772222579757 -0.047548534192591793 0.040978490648246949 -0.00022861707309781832 -0.24201495727697472 -0.021350061691021809 0.050404719477506611 -0.29828768045484327 0.049681534563454074 -0.17492254244785366 0.051363400807486526 0.057085519106463548 -0.047727114267117642
leaf_weight=128.00551316211931 18.789040966425095 0.84255776926875148 7.5763375828973931 13.03246665839106 4.0385088920593253 0.31684486707672466 0.8601457113400095 0.6454699458554386 0.2656769377645104 2.0257718712091446 0.41043318854644895 1.951008841395377 1.5459018861874927 2.7061095964163533
leaf_count=4905 571 43 135 315 162 20 42 32 16 6 14 6 8 67
internal_value=0.000240256 -0.00275275 -0.0293286 0.0115271 0.0262509 -0.0178182 -0.00068108 -0.0627355 -0.110272 0.0187971 -0.0709583 -0.000684505 -0.00145229 -0.00214461
internal_weight=183.012 144.653 10.4447 38.3586 17.3878 4.35535 20.9708 2.18173 1.53626 2.86833 1.27058 134.209 132.258 130.712
internal_count=6342 5170 184 1172 497 182 675 104 72 49 56 4986 4980 4972
is_linear=0
shrinkage=0.05


Tree=119
num_leaves=15
num_cat=0
split_feature=23 296 103 303 198 67 303 296 297 72 165 93 299 297
split_gain=4.08593 3.15793 2.48069 2.85857 2.24837 2.06515 1.94283 2.60323 2.87596 2.47425 7.68993 2.15855 7.72914 1.79457
threshold=1.0000000180025095e-35 2.5000000000000004 1.0000000180025095e-35 1.0000000180025095e-35 1.0000000180025095e-35 1.0000000180025095e-35 1.0000000180025095e-35 4.5000000000000009 1.5000000000000002 1.0000000180025095e-35 1.0000000180025095e-35 1.0000000180025095e-35 1.0000000180025095e-35 2.5000000000000004
decision_type=2 2 2 2 2 2 2 2 2 2 2 2 2 2
left_child=-1 2 4 -4 5 -2 7 8 11 -8 13 -3 -13 -11
right_child=1 6 3 -5 -6 -7 9 -9 -10 10 -12 12 -14 -15
leaf_value=0.037622200917883181 -0.0055872762365857002 -0.031126633972529141 0.0073072207558048654 -0.085895575551992537 0.045795190492874227 0.052597521079996261 0.033621032570809416 0.017193394927460349 0.050577261738309669 -0.32822062790275847 0.050346940232701726 -0.0107439660638197 -0.32276895142961154 -0.12721366793492869
leaf_weight=6.5147322425618759 147.0613405322656 1.2427976648323271 1.4000841730739915 1.9948295734357087 2.2123644873499861 1.5409887842833985 12.403069521300491 4.6618311693891883 0.61215987615287293 0.1631366950459785 0.92380458675324917 0.49694950506091107 0.3304368257522583 0.3477116608992219
leaf_count=167 5194 40 24 42 14 9 484 295 24 11 52 16 10 19
internal_value=-0.00125971 -0.00270394 -0.00519047 -0.0474581 -0.00423901 -0.00498391 0.0153986 -0.00538713 -0.0446314 0.0264304 -0.0357353 -0.0727849 -0.135359 -0.191404
internal_weight=181.906 175.392 154.21 3.39491 150.815 148.602 21.1819 7.34418 2.68234 13.8377 1.43465 2.07018 0.827386 0.510848
internal_count=6401 6234 5283 66 5217 5203 951 385 90 566 82 66 26 30
is_linear=0
shrinkage=0.05


Tree=120
num_leaves=15
num_cat=0
split_feature=296 256 168 168 3 247 62 188 60 58 12 194 162 298
split_gain=4.21702 3.68827 7.98623 3.56154 2.01487 1.72954 1.69703 1.6536 1.50758 1.50508 2.73738 3.0703 2.42431 2.11712
threshold=4.5000000000000009 1.0000000180025095e-35 1.0000000180025095e-35 1.0000000180025095e-35 1.0000000180025095e-35 1.0000000180025095e-35 1.0000000180025095e-35 1.0000000180025095e-35 1.0000000180025095e-35 1.0000000180025095e-35 1.0000000180025095e-35 1.0000000180025095e-35 1.0000000180025095e-35 1.0000000180025095e-35
decision_type=2 2 2 2 2 2 2 2 2 2 2 2 2 2
left_child=1 4 -3 6 5 7 -2 9 -7 13 11 -11 -13 -1
right_child=3 2 -4 -5 -6 8 -8 -9 -10 10 -12 12 -14 -15
leaf_value=0.0056785713043175628 0.046848939542185879 -0.058620811873232072 0.061427835538430037 -0.12173273817645523 0.037598464621704714 -0.056153635098337852 -0.010113392418743429 0.029783388159627708 0.058691393531972669 0.072026233172586024 0.059025886437487213 -0.062668382174421208 0.048502302445998263 -0.0062519935805052168
leaf_weight=83.925239875447005 8.9127958181779778 6.2665629903785867 1.7785709798336027 0.35874259332195002 4.0078653618693343 2.0763540389016266 1.5323408085387207 5.3104180721566072 0.33135914802551258 0.93410347402095828 3.0970670320093632 1.8948547532781952 0.6616299059242009 66.767061143415049
leaf_count=3371 576 215 6 20 92 128 95 68 1 4 28 98 6 1699
internal_value=0.00284567 0.000995114 -0.0320812 0.0331721 0.00256963 0.00171877 0.0384924 0.00234172 -0.0403482 0.00141517 0.0248086 -0.0055512 -0.0338969 0.00039251
internal_weight=187.855 177.051 8.04513 10.8039 169.006 164.998 10.4451 162.59 2.40771 157.28 6.58766 3.49059 2.55648 150.692
internal_count=6407 5716 221 691 5495 5403 671 5274 129 5206 136 108 104 5070
is_linear=0
shrinkage=0.05


Tree=121
num_leaves=15
num_cat=0
split_feature=247 243 58 298 294 19 183 67 294 296 42 201 249 224
split_gain=2.76338 2.32474 2.03976 2.61178 2.05854 1.95014 1.65555 1.67616 1.98619 2.20389 2.75286 1.85088 2.37646 2.04968
threshold=1.0000000180025095e-35 1.0000000180025095e-35 1.0000000180025095e-35 1.5000000000000002 1.5000000000000002 1.0000000180025095e-35 1.0000000180025095e-35 1.0000000180025095e-35 1.0000000180025095e-35 1.0000000180025095e-35 1.0000000180025095e-35 1.0000000180025095e-35 1.0000000180025095e-35 1.0000000180025095e-35
decision_type=2 2 2 2 2 2 2 2 2 2 2 2 2 2
left_child=1 2 4 5 6 -4 7 8 -1 -10 11 12 13 -11
right_child=-2 -3 3 -5 -6 -7 -8 -9 9 10 -12 -13 -14 -15
leaf_value=0.0010638459164637305 -0.055668590951925584 0.034396395992057703 0.028509679626707668 0.095750399059423286 0.062762022766887249 -0.049599555953640379 0.037755809652441838 0.053443831577214822 -0.052705853355947421 0.04525836638137886 -0.094543713610648394 -0.057642273125078275 -0.059478471790686063 -0.050495746943511902
leaf_weight=152.13462377758697 2.0059095397591582 5.832355956779792 4.5146184638142577 1.2133261943235991 1.3485688026994456 0.97096014022827137 2.9669229369610539 1.4579301374033082 3.6550256325863284 3.9022985845804214 0.76587578840553749 0.97466011624783266 0.85106914490461338 0.65228798147290934
leaf_count=5157 130 416 71 15 16 56 32 10 343 41 23 17 23 26
internal_value=0.00269538 0.00334133 0.00230874 0.0293671 0.00123434 0.0146842 0.000738559 7.04842e-05 -0.000407094 -0.0211252 -0.00497283 0.00577902 0.0172141 0.0315449
internal_weight=183.246 181.241 175.408 6.6989 168.709 5.48558 167.361 164.394 162.936 10.8012 7.14619 6.38032 5.40566 4.55459
internal_count=6376 6246 5830 142 5688 127 5672 5640 5630 473 130 107 90 67
is_linear=0
shrinkage=0.05


Tree=122
num_leaves=15
num_cat=0
split_feature=243 263 281 93 278 152 289 197 286 190 286 18 296 40
split_gain=2.51928 1.77667 2.71421 2.69029 2.42101 3.64372 3.94969 5.26908 4.73033 2.8816 3.99949 2.69062 2.67919 2.45676
threshold=1.0000000180025095e-35 1.0000000180025095e-35 1.0000000180025095e-35 1.0000000180025095e-35 1.0000000180025095e-35 1.0000000180025095e-35 1.5000000000000002 1.0000000180025095e-35 1.5000000000000002 1.0000000180025095e-35 1.0000000180025095e-35 1.0000000180025095e-35 1.5000000000000002 1.0000000180025095e-35
decision_type=2 2 2 2 2 2 2 2 2 2 2 2 2 2
left_child=1 2 4 -4 11 6 8 -8 9 -6 -11 -1 -7 -12
right_child=-2 -3 3 -5 5 12 7 -9 -10 10 13 -13 -14 -15
leaf_value=-0.0057291048088852136 0.033801059227137824 0.012427736151496385 -0.096834697421713967 -0.007445138265085369 -0.0022663321762807324 -0.074591803879075033 -0.29110265900449001 0.050322435319160211 0.04896476708675853 0.10732901676222276 -0.17137536296161249 0.03939810345689946 0.051490299281543597 0.024091267915069312
leaf_weight=114.75379862007685 5.6253537700977168 24.098794762045145 1.4850543206557623 1.942974807228893 16.948579518590137 1.9267860851250582 0.23955818661488493 0.21389939822256565 8.8392672063782793 1.4480541199445718 0.22788592474535097 3.4009385183453551 0.53926855791360129 0.54567467793822289
leaf_count=4565 417 182 55 50 728 55 9 13 204 19 12 18 17 31
internal_value=0.000860995 -0.000188204 -0.00218168 -0.0461695 -0.00117023 0.0112834 0.0163349 -0.13005 0.0187048 0.00475212 0.0582955 -0.00443017 -0.0470206 -0.0334919
internal_weight=182.236 176.611 152.512 3.42803 149.084 30.929 28.4629 0.453458 28.0095 19.1702 2.22161 118.155 2.46605 0.773561
internal_count=6375 5958 5776 105 5671 1088 1016 22 994 790 62 4583 72 43
is_linear=0
shrinkage=0.05


Tree=123
num_leaves=15
num_cat=0
split_feature=302 246 184 249 163 299 185 59 286 185 191 103 62 17
split_gain=2.23821 2.63732 2.24807 2.14323 1.93298 1.82445 2.11948 1.80679 3.4796 1.68601 3.13856 2.76183 2.29253 2.19656
threshold=1.0000000180025095e-35 1.0000000180025095e-35 1.0000000180025095e-35 1.0000000180025095e-35 1.0000000180025095e-35 1.5000000000000002 1.0000000180025095e-35 1.0000000180025095e-35 1.5000000000000002 1.0000000180025095e-35 1.0000000180025095e-35 1.0000000180025095e-35 1.0000000180025095e-35 1.0000000180025095e-35
decision_type=2 2 2 2 2 2 2 2 2 2 2 2 2 2
left_child=1 2 3 4 7 -2 -7 9 -9 10 11 12 -1 -11
right_child=5 -3 -4 -5 -6 6 -8 8 -10 13 -12 -13 -14 -15
leaf_value=0.0029579357356599115 0.036356321894987643 -0.07913512446042141 -0.070940234289113849 -0.042030882551926781 -0.062636741502023099 -0.07836493828935448 0.051213182643973426 0.033453137357177413 -0.071578384932578704 0.0090700258521923833 -0.16007529501922099 -0.080770717028928019 -0.072534732783480688 0.048012589791796796
leaf_weight=114.20399013650604 7.7741943853907269 1.0035610292106856 1.0456703156232823 2.6497190510854116 1.1048434642143536 0.79930621944367863 0.52145740296691656 1.2557167485356324 2.11957988422364 45.988668572623283 0.3010637522675087 1.0094875548966218 1.0145827303640533 3.9305335767567149
leaf_count=4809 324 9 11 79 39 19 24 22 37 837 4 43 28 66
internal_value=0.00294035 0.00168789 0.00215238 0.0025927 0.00328446 0.0271259 -0.0272055 0.00371333 -0.0325033 0.00444774 0.00115409 0.00157172 0.00229317 0.0121363
internal_weight=184.722 175.627 174.624 173.578 170.928 9.09496 1.32076 169.824 3.3753 166.448 116.529 116.228 115.219 49.9192
internal_count=6351 5984 5975 5964 5885 367 43 5846 59 5787 4884 4880 4837 903
is_linear=0
shrinkage=0.05


Tree=124
num_leaves=15
num_cat=0
split_feature=72 296 201 194 299 93 276 0 285 277 275 303 240 253
split_gain=2.48913 2.19825 5.19596 3.77562 3.76796 4.64262 5.11718 2.89765 3.05165 3.56849 2.87656 7.49821 2.87046 2.74244
threshold=1.0000000180025095e-35 1.5000000000000002 1.0000000180025095e-35 1.0000000180025095e-35 1.5000000000000002 1.0000000180025095e-35 1.0000000180025095e-35 1.0000000180025095e-35 1.0000000180025095e-35 1.0000000180025095e-35 1.0000000180025095e-35 1.0000000180025095e-35 1.0000000180025095e-35 1.0000000180025095e-35
decision_type=2 2 2 2 2 2 2 2 2 2 2 2 2 2
left_child=1 2 4 -4 12 6 -6 8 9 13 -11 -12 -1 -3
right_child=-2 7 3 -5 5 -7 -8 -9 -10 10 11 -13 -14 -15
leaf_value=0.0043563697471481781 -0.026439405059623184 -0.0014887233902306895 0.025040183280054251 -0.057961912713148517 -0.048020421221724036 0.0058418202727985886 -0.21589859115617052 -0.029647335701242779 0.038148480584166422 0.067352554509457915 -0.13905844244607446 0.053085749054430711 -0.075421454593329662 -0.074763136745624945
leaf_weight=123.33569968072698 8.1525019900873286 10.150239523965865 1.751196193275973 6.2956777957733703 3.4611739926040159 4.0810025758109987 0.52244001021608699 3.4788181865587822 11.885237943381073 3.3563860310241571 0.72278662351891432 1.7065701335668562 1.1379323005676258 1.460710494779051
leaf_count=4521 433 314 32 132 115 92 10 114 372 93 25 37 9 46
internal_value=0.000560877 0.00183071 -0.000887352 -0.0398986 0.00148116 -0.0316395 -0.0700372 0.0134946 0.0186201 0.00527847 0.0373584 -0.00408134 0.00362704 -0.010707
internal_weight=181.498 173.346 140.585 8.04687 132.538 8.06462 3.98361 32.7607 29.2819 17.3967 5.78574 2.42936 124.474 11.611
internal_count=6345 5912 4911 164 4747 217 125 1001 887 515 155 62 4530 360
is_linear=0
shrinkage=0.05


Tree=125
num_leaves=15
num_cat=0
split_feature=188 260 291 281 194 296 93 297 277 297 288 151 293 298
split_gain=2.65858 2.42775 2.57093 3.18642 3.09633 2.9275 2.87913 2.66459 3.29701 3.17499 3.14765 2.4147 1.89603 1.86513
threshold=1.0000000180025095e-35 1.0000000180025095e-35 1.0000000180025095e-35 1.0000000180025095e-35 1.0000000180025095e-35 3.5000000000000004 1.0000000180025095e-35 1.5000000000000002 1.0000000180025095e-35 3.5000000000000004 1.0000000180025095e-35 1.0000000180025095e-35 1.0000000180025095e-35 1.0000000180025095e-35
decision_type=2 2 2 2 2 2 2 2 2 2 2 2 2 2
left_child=1 2 3 -1 5 -4 -5 -6 13 10 -10 -3 -12 -9
right_child=-2 11 4 6 7 -7 -8 8 9 -11 12 -13 -14 -15
leaf_value=-0.005672266549876682 0.032724217631417578 0.028325583454610115 -0.046307838188387268 -0.11583273892202424 -0.0032146547585121255 0.050357387431726346 -0.007178978345491205 0.094859815730825886 0.048159230863340501 -0.10631304528678383 4.9572212061538013e-05 -0.03532538603358485 -0.10211221384540976 0.035876278515370834
leaf_weight=136.05961331143044 5.5715145207941523 10.413687644526359 3.7921179193072048 1.26112305978313 8.8794570621103066 0.98713071551173914 1.1803271602839231 2.4179338850080949 4.2509375642985106 0.53265090100467194 2.606769132893533 1.738820735365153 0.5499793468043207 3.0070724547840655
leaf_count=5186 78 60 104 52 503 57 30 44 71 16 84 14 23 109
internal_value=-0.00128555 -0.00235201 -0.00393564 -0.00668817 0.0101714 -0.0263421 -0.0633037 0.0180162 0.0321212 0.0115944 0.0200726 0.0192182 -0.0177494 0.0621653
internal_weight=183.249 177.678 165.525 138.501 27.024 4.77925 2.44145 22.2448 13.3653 7.94034 7.40769 12.1525 3.15675 5.42501
internal_count=6431 6353 6279 5268 1011 161 82 850 347 194 178 74 107 153
is_linear=0
shrinkage=0.05


Tree=126
num_leaves=15
num_cat=0
split_feature=129 157 303 42 74 299 59 286 296 297 276 288 188 298
split_gain=2.15621 3.71479 2.41435 2.30634 4.64715 2.97731 2.41187 2.03258 2.20998 2.02125 2.17397 4.36074 2.10041 2.30258
threshold=1.0000000180025095e-35 1.0000000180025095e-35 1.0000000180025095e-35 1.0000000180025095e-35 1.0000000180025095e-35 1.0000000180025095e-35 1.0000000180025095e-35 1.5000000000000002 1.0000000180025095e-35 3.5000000000000004 1.0000000180025095e-35 1.0000000180025095e-35 1.0000000180025095e-35 1.0000000180025095e-35
decision_type=2 2 2 2 2 2 2 2 2 2 2 2 2 2
left_child=3 2 -2 6 5 -5 9 8 -7 10 12 -12 13 -1
right_child=1 -3 -4 4 -6 7 -8 -9 -10 -11 11 -13 -14 -15
leaf_value=0.0064583182694318078 -0.045818645758953475 0.055791585166634253 -0.18104320943194235 0.06876281818130052 0.12823867291446936 -0.051281783469076359 -0.043347953037675822 0.028203920629542467 0.006995694771686334 -0.04386832086685033 0.044676959458434626 -0.061263507044717225 0.042715998906845104 -0.0065167549153747175
leaf_weight=88.682811149163172 2.0912211458198726 0.81623058766126622 0.39195568533614267 2.2299083541147473 0.96301696170121331 2.3218560942914319 2.8555768481455734 6.0565627999603748 5.4340775697492063 2.265584858134388 6.7118437034077933 1.1357136778533456 3.1518101394176474 55.648951752111316
leaf_count=3774 104 6 10 27 17 225 59 133 77 43 69 21 33 1782
internal_value=0.00330386 -0.0367457 -0.0671631 0.00404849 0.0215576 0.0151536 0.0021928 0.00649883 -0.0104506 0.00301798 0.00370184 0.0293451 0.00233737 0.00145561
internal_weight=180.757 3.29941 2.48318 177.458 17.0054 16.0424 160.452 13.8125 7.75593 157.597 155.331 7.84756 147.484 144.332
internal_count=6380 120 114 6260 479 462 5781 435 302 5722 5679 90 5589 5556
is_linear=0
shrinkage=0.05


Tree=127
num_leaves=15
num_cat=0
split_feature=185 151 297 274 292 253 278 112 247 240 157 72 165 60
split_gain=3.26752 3.36249 3.58849 6.66662 2.54536 3.25616 4.80773 2.33059 2.13546 2.08327 2.07226 3.00397 7.49463 2.62578
threshold=1.0000000180025095e-35 1.0000000180025095e-35 2.5000000000000004 1.0000000180025095e-35 1.0000000180025095e-35 1.0000000180025095e-35 1.0000000180025095e-35 1.0000000180025095e-35 1.0000000180025095e-35 1.0000000180025095e-35 1.0000000180025095e-35 1.0000000180025095e-35 1.0000000180025095e-35 1.0000000180025095e-35
decision_type=2 2 2 2 2 2 2 2 2 2 2 2 2 2
left_child=1 8 -3 -4 5 7 -7 10 9 -1 13 -12 -13 -2
right_child=4 2 3 -5 -6 6 -8 -9 -10 -11 11 12 -14 -15
leaf_value=0.0028299159571302216 0.0059002454869050529 -0.030691143868877752 0.063512149349056177 -0.056966726092557818 0.036141697535538135 -0.021206897101790443 -0.22564348209324359 0.089719247234310892 -0.053671278692676544 -0.059074104632018933 0.033090453829157866 -0.20023956006485155 0.050325933345829535 -0.045484651216464715
leaf_weight=97.747834484325722 29.869801590917632 17.827552511822436 3.0212619765661648 1.852100128540769 8.8692593507003021 2.01144345710054 0.33555863797664631 0.89744868874549766 1.754978407640009 1.3782496377825726 11.737021308392283 0.49264835985377498 0.7570113530382514 2.7118638593237838
leaf_count=4006 438 877 29 112 349 67 19 4 133 12 216 24 46 58
internal_value=0.00167522 -0.00291112 -0.0202974 0.0177247 0.0115013 0.00702417 -0.0504359 0.00992649 0.00100125 0.0019692 0.00835501 0.0252438 -0.0484535 0.00162334
internal_weight=181.264 123.582 22.7009 4.87336 57.6821 48.8128 2.347 46.4658 100.881 99.1261 45.5683 12.9867 1.24966 32.5817
internal_count=6390 5169 1018 141 1221 872 86 786 4151 4018 782 286 70 496
is_linear=0
shrinkage=0.05


Tree=128
num_leaves=15
num_cat=0
split_feature=165 288 277 251 299 112 198 273 194 249 244 303 246 286
split_gain=2.60476 3.51492 4.23455 3.12323 4.22491 3.03183 2.04012 3.82699 1.95466 1.85626 1.44839 1.40378 1.31112 1.6367
threshold=1.0000000180025095e-35 1.0000000180025095e-35 1.0000000180025095e-35 1.0000000180025095e-35 1.0000000180025095e-35 1.0000000180025095e-35 1.0000000180025095e-35 1.0000000180025095e-35 1.0000000180025095e-35 1.0000000180025095e-35 1.0000000180025095e-35 1.0000000180025095e-35 1.0000000180025095e-35 1.0000000180025095e-35
decision_type=2 2 2 2 2 2 2 2 2 2 2 2 2 2
left_child=6 2 3 4 5 -2 7 9 -4 10 -1 -11 13 -10
right_child=1 -3 8 -5 -6 -7 -8 -9 12 11 -12 -13 -14 -15
leaf_value=0.0055672831815113295 -0.020824317492996288 0.010039241576399752 -0.039461789239280017 0.0503075093066397 -0.058236362811600786 0.078885387934133341 0.046273934518412892 -0.081852608101219679 0.060077406354903877 -0.064239576186914699 -0.044342686821728969 0.041751109574132861 0.092682292642612921 -0.0026425213664040062
leaf_weight=129.90908727026545 11.858391835354274 15.283983714412896 1.2656535636633632 1.1717411223798979 9.7172113046981394 0.81475817249156612 2.8397059701383105 1.3021413628011931 1.6209082785062481 1.6050681537017215 1.470072760246693 0.38789029046893109 0.71521027013659466 2.9030994060449302
leaf_count=4303 743 320 70 74 552 21 18 16 15 51 53 4 2 100
internal_value=0.000906859 -0.00948442 -0.0194089 -0.0292681 -0.0334325 -0.014414 0.00433382 0.00344948 0.0163033 0.0042823 0.00500881 -0.0436106 0.0297746 0.0198294
internal_weight=182.865 45.351 30.067 23.5621 22.3904 12.6732 137.514 134.674 6.50487 133.372 131.379 1.99296 5.23922 4.52401
internal_count=6342 1897 1577 1390 1316 764 4445 4427 187 4411 4356 55 117 115
is_linear=0
shrinkage=0.05


Tree=129
num_leaves=15
num_cat=0
split_feature=247 163 185 72 288 297 290 278 273 296 201 263 197 190
split_gain=1.76076 1.53094 1.38908 3.17956 3.14995 2.56702 2.46372 2.21848 3.29655 2.42456 3.99539 3.14439 3.05718 2.3783
threshold=1.0000000180025095e-35 1.0000000180025095e-35 1.0000000180025095e-35 1.0000000180025095e-35 1.5000000000000002 3.5000000000000004 1.0000000180025095e-35 1.0000000180025095e-35 1.0000000180025095e-35 1.5000000000000002 1.0000000180025095e-35 1.0000000180025095e-35 1.0000000180025095e-35 1.0000000180025095e-35
decision_type=2 2 2 2 2 2 2 2 2 2 2 2 2 2
left_child=1 2 3 4 5 6 7 9 13 10 11 12 -1 -9
right_child=-2 -3 -4 -5 -6 -7 -8 8 -10 -11 -12 -13 -14 -15
leaf_value=-0.0062850099910817031 -0.051464920903311853 -0.062659427305104237 0.0078992525888340014 -0.051724902256204665 -0.074124522035958665 -0.051949847922026463 -0.12209900018596083 0.013711925882564714 -0.16056330236633465 0.044927775171595234 -0.055120823486168438 0.019147756767371914 0.091866403260042251 0.074643654473414228
leaf_weight=69.174506491748616 1.6046575964428473 0.93528663273900647 57.249413146404549 3.0771305216476312 1.4253500541672099 2.2739272709004572 0.40048795472830434 19.702451956691228 0.25966639071702857 2.7592598348855963 3.4879523718263945 16.428484730422497 0.80256065726280112 1.7431620568968345
leaf_count=3532 134 34 1233 241 38 66 12 797 2 17 104 111 2 34
internal_value=0.000678438 0.00114401 0.00147779 -0.00154706 -0.000243614 0.000656189 0.00169857 0.00213212 0.0165205 -0.00123857 -0.00265563 -0.00053776 -0.00515932 0.0186646
internal_weight=181.324 179.72 178.784 121.535 118.458 117.032 114.759 114.358 21.7053 92.6528 89.8935 86.4056 69.9771 21.4456
internal_count=6357 6223 6189 4956 4715 4677 4611 4599 833 3766 3749 3645 3534 831
is_linear=0
shrinkage=0.05


Tree=130
num_leaves=15
num_cat=0
split_feature=296 72 255 256 168 198 263 168 289 244 274 296 276 164
split_gain=2.71187 2.80009 2.91556 2.79159 5.78672 2.46415 2.32993 2.28718 4.65238 2.24219 2.2031 3.82026 2.80446 2.40574
threshold=4.5000000000000009 1.0000000180025095e-35 1.0000000180025095e-35 1.0000000180025095e-35 1.0000000180025095e-35 1.0000000180025095e-35 1.0000000180025095e-35 1.0000000180025095e-35 1.0000000180025095e-35 1.0000000180025095e-35 1.0000000180025095e-35 1.5000000000000002 1.0000000180025095e-35 1.0000000180025095e-35
decision_type=2 2 2 2 2 2 2 2 2 2 2 2 2 2
left_child=1 3 -3 5 6 9 -5 -2 -9 10 13 12 -12 -1
right_child=7 2 -4 4 -6 -7 -8 8 -10 -11 11 -13 -14 -15
leaf_value=0.0025126726619789448 0.029992202666606557 -0.053073152866564492 0.070172467315608916 -0.064761111855081932 0.043183337835448837 0.047695678427571914 0.061242942788895832 0.050456885219944118 -0.27295874304321971 -0.055613582636607484 -0.033149787836727306 0.02254205422482948 0.030148761386126662 -0.096437350620560289
leaf_weight=131.3922117492184 9.1257044407539034 4.4406947451643637 0.53800189495086659 5.3903972650878123 1.9621399864554403 2.6325001111254087 0.39366436004638661 0.26626464631408531 0.19093489460647106 1.8627355471253384 15.536909417016435 5.2682427233085027 1.9719449253752834 0.61715090996585686
leaf_count=4299 664 290 1 202 7 15 1 13 10 60 683 112 14 21
internal_value=-0.00136242 -0.00280465 -0.0397551 -0.00170324 -0.0310148 -0.000277758 -0.0561853 0.0245247 -0.0846074 -0.00108396 -0.000427733 -0.0147884 -0.0260208 0.00205008
internal_weight=181.589 172.007 4.9787 167.028 7.7462 159.282 5.78406 9.5829 0.4572 156.649 154.786 22.7771 17.5089 132.009
internal_count=6392 5705 291 5414 210 5204 203 687 23 5189 5129 809 697 4320
is_linear=0
shrinkage=0.05


Tree=131
num_leaves=15
num_cat=0
split_feature=286 299 93 81 253 60 165 296 17 191 0 296 263 72
split_gain=2.76015 3.08652 4.05036 3.46147 3.60547 5.13698 4.74807 4.26807 4.56175 2.65152 2.83425 3.26838 4.13566 3.91333
threshold=1.5000000000000002 1.5000000000000002 1.0000000180025095e-35 1.0000000180025095e-35 1.0000000180025095e-35 1.0000000180025095e-35 1.0000000180025095e-35 2.5000000000000004 1.0000000180025095e-35 1.0000000180025095e-35 1.0000000180025095e-35 2.5000000000000004 1.0000000180025095e-35 1.0000000180025095e-35
decision_type=2 2 2 2 2 2 2 2 2 2 2 2 2 2
left_child=1 3 9 4 7 6 -6 -1 -9 10 11 12 -3 -13
right_child=-2 2 -4 -5 5 -7 -8 8 -10 -11 -12 13 -14 -15
leaf_value=-0.0022595804951655524 0.011254486488250001 -0.083806908030705007 0.010182958312586676 -0.13280557096542614 0.050461602333262551 -0.27313791745167421 -0.21872104320266508 0.048189156297319902 -0.10978388899414977 0.062262036708151107 0.05287656477331542 0.054527242602107895 -0.23970330530801442 -0.11896868933508149
leaf_weight=113.42031827033497 43.270588450366631 2.6629657514858978 3.4802129645831883 0.49794220249168475 0.5734740076586593 0.28623820655047894 0.22932817041873932 6.7120406688190988 0.49037613626569498 0.41540732979774464 0.43346014246344555 0.80210134293884017 0.50629697740077961 0.54644032474607229
leaf_count=4512 1125 115 127 15 27 15 10 336 8 1 5 14 5 25
internal_value=0.000305171 -0.00330993 -0.0318288 -0.00124542 -0.000707188 -0.0912758 -0.026433 0.000110509 0.0374336 -0.0590729 -0.0692528 -0.0809705 -0.108712 -0.0157748
internal_weight=174.327 131.057 8.84688 122.21 121.712 1.08904 0.802802 120.623 7.20242 5.36667 4.95126 4.5178 3.16926 1.34854
internal_count=6340 5215 292 4923 4908 52 37 4856 344 165 164 159 120 39
is_linear=0
shrinkage=0.05


Tree=132
num_leaves=15
num_cat=0
split_feature=162 286 81 260 299 282 299 93 297 296 194 165 297 296
split_gain=1.66494 1.44793 3.42166 2.52757 4.96803 2.57524 4.40455 5.24721 2.74606 3.53265 2.52604 3.19833 4.91329 3.44208
threshold=1.0000000180025095e-35 1.5000000000000002 1.0000000180025095e-35 1.0000000180025095e-35 1.0000000180025095e-35 1.0000000180025095e-35 1.0000000180025095e-35 1.0000000180025095e-35 1.5000000000000002 4.5000000000000009 1.0000000180025095e-35 1.0000000180025095e-35 1.0000000180025095e-35 1.0000000180025095e-35
decision_type=2 2 2 2 2 2 2 2 2 2 2 2 2 2
left_child=1 2 3 5 -5 -1 7 10 9 -8 -7 12 13 -12
right_child=-2 -3 -4 4 -6 6 8 -9 -10 -11 11 -13 -14 -15
leaf_value=-0.0054567267542317034 0.038483823992886031 0.010225255573446923 -0.13642227637955173 -0.035653339104914014 0.043304776651679214 0.002861412677512826 -0.074966862038392229 -0.042387815121417885 0.011248032538928837 0.025896871822713798 0.16779985099897493 0.011474401256068249 0.026921139891005887 0.06459236953280649
leaf_weight=95.531546043232083 3.2546770786866537 43.898018956882879 0.45996073889545996 2.6567965745925886 7.9638677826151252 2.4630500385537717 2.7727714595384896 1.9399824447464205 5.3450850911904126 1.2637591594830153 1.7836817270144822 2.3320556730031967 2.4114211043342948 1.4766851086169479
leaf_count=4079 60 1104 13 17 48 160 151 120 254 85 72 87 75 55
internal_value=0.00305544 0.00238621 -0.00029383 0.000195566 0.0235531 -0.00191893 0.0135925 0.0331411 -0.0122598 -0.0433884 0.04714 0.060766 0.0810331 0.121055
internal_weight=175.553 172.299 128.401 127.941 10.6207 117.32 21.7885 12.4069 9.38162 4.03653 10.4669 8.00384 5.67179 3.26037
internal_count=6380 6320 5216 5203 65 5138 1059 569 490 236 449 289 202 127
is_linear=0
shrinkage=0.05


Tree=133
num_leaves=15
num_cat=0
split_feature=296 280 263 240 65 260 299 156 165 299 277 298 19 291
split_gain=3.00067 2.30406 2.20566 2.19015 2.1134 2.53692 2.74459 2.09566 2.0897 3.23252 3.57629 3.7182 3.1867 2.53526
threshold=1.5000000000000002 1.0000000180025095e-35 1.0000000180025095e-35 1.0000000180025095e-35 1.0000000180025095e-35 1.0000000180025095e-35 1.0000000180025095e-35 1.0000000180025095e-35 1.0000000180025095e-35 1.5000000000000002 1.0000000180025095e-35 1.0000000180025095e-35 1.0000000180025095e-35 1.0000000180025095e-35
decision_type=2 2 2 2 2 2 2 2 2 2 2 2 2 2
left_child=1 3 -2 4 5 7 -7 8 12 13 11 -11 -1 -10
right_child=2 -3 -4 -5 -6 6 -8 -9 9 10 -12 -13 -14 -15
leaf_value=-0.007026334697378467 0.0041327895014205323 0.053754892422312142 0.041010175209780224 -0.07491775944796257 -0.060270055711029974 -0.030789155986974116 0.032245922604421946 -0.12728522638120754 -0.029527615969403842 0.20026958606366141 -0.055902927197889807 -0.0060977824978830329 0.031009111284219539 0.022286981323743446
leaf_weight=93.287969494704157 31.929411832243204 1.5309044700115908 4.644501087255775 1.2092617005109776 1.8602638104930509 2.2366346754133684 7.576258659362793 0.37028013309463759 23.446755800396211 0.51828483212739118 0.47902317810803652 0.37706235237419605 5.8523299121297887 2.6251089498400679
leaf_count=3611 1120 17 52 10 30 15 45 19 1245 15 27 13 114 85
internal_value=-0.00394945 -0.00725196 0.00881583 -0.00791984 -0.00733542 -0.00661544 0.0178785 -0.00850865 -0.00816121 -0.0203708 0.0543657 0.113361 -0.00478107 -0.0243105
internal_weight=177.944 141.37 36.5739 139.839 138.63 136.77 9.81289 126.957 126.587 27.4462 1.37437 0.895347 99.1403 26.0719
internal_count=6418 5246 1172 5229 5219 5189 60 5129 5110 1385 55 28 3725 1330
is_linear=0
shrinkage=0.05


Tree=134
num_leaves=15
num_cat=0
split_feature=156 293 163 297 299 296 194 190 263 3 286 168 256 151
split_gain=1.74621 1.64875 1.40914 1.32857 3.90868 2.61535 1.60702 3.67959 2.42301 2.38211 2.28107 2.26615 2.18308 2.04319
threshold=1.0000000180025095e-35 1.5000000000000002 1.0000000180025095e-35 3.5000000000000004 1.0000000180025095e-35 1.0000000180025095e-35 1.0000000180025095e-35 1.0000000180025095e-35 1.0000000180025095e-35 1.0000000180025095e-35 1.0000000180025095e-35 1.0000000180025095e-35 1.0000000180025095e-35 1.0000000180025095e-35
decision_type=2 2 2 2 2 2 2 2 2 2 2 2 2 2
left_child=1 2 3 6 -5 -6 11 8 9 13 -11 12 -1 -8
right_child=-2 -3 -4 4 5 -7 7 -9 -10 10 -12 -13 -14 -15
leaf_value=0.015744646453058113 -0.077667239133971389 0.062617469857101829 -0.062969475739117126 0.14597884899239624 -0.055972518096818351 0.033800209422953198 0.00018255153153544861 -0.052313094160644724 0.016353261342529953 -0.057740912059118958 0.059084004734192043 -0.072979080969590077 -0.053950911095464196 -0.01727273913274608
leaf_weight=34.156449899077415 0.67199751129373808 1.1554256053641427 0.81328229513019223 0.61925782542675634 1.0749848005361853 3.3074933169409633 83.234047044767067 3.3159693628549567 21.496328972280025 0.49563149083405678 2.662072267383337 0.77502442616969247 1.1617855273652811 20.993024084251374
leaf_count=1367 24 18 32 3 52 45 3401 161 169 28 38 14 77 950
internal_value=0.00277851 0.00308696 0.0026919 0.00300006 0.0283947 0.0117797 0.0022453 -0.00030771 0.00103033 -0.00203702 0.0407472 0.0115961 0.013452 -0.00333323
internal_weight=175.933 175.261 174.105 173.292 5.00174 4.38248 168.29 132.197 128.881 107.385 3.1577 36.0933 35.3182 104.227
internal_count=6379 6355 6337 6305 100 97 6205 4747 4586 4417 66 1458 1444 4351
is_linear=0
shrinkage=0.05


Tree=135
num_leaves=15
num_cat=0
split_feature=263 60 293 296 281 185 286 93 296 260 194 303 286 46
split_gain=1.94609 3.14023 5.9044 5.54831 2.6656 2.51699 2.26348 2.22818 2.21074 2.01105 2.5522 3.08924 3.01084 6.74439
threshold=1.0000000180025095e-35 1.0000000180025095e-35 1.0000000180025095e-35 4.5000000000000009 1.0000000180025095e-35 1.0000000180025095e-35 2.5000000000000004 1.0000000180025095e-35 1.0000000180025095e-35 1.0000000180025095e-35 1.0000000180025095e-35 1.5000000000000002 1.0000000180025095e-35 1.0000000180025095e-35
decision_type=2 2 2 2 2 2 2 2 2 2 2 2 2 2
left_child=1 4 3 -3 5 9 -4 -6 -9 10 -1 12 -12 -14
right_child=-2 2 6 -5 7 -7 -8 8 -10 -11 11 -13 13 -15
leaf_value=0.0095168218421640485 0.014954384241607818 -0.084927433127715446 0.069795258333912952 0.0053811505707028889 -0.095727872229616498 0.012173186712997136 -0.046225339802511506 -0.058539832476180602 0.05256181099402301 0.019524227848728037 -0.0017519581256941023 0.061682268114516131 -0.046021782261938593 0.005157431989540575
leaf_weight=23.093220704235137 23.995909662917256 4.4535923707298917 1.7364963078871372 2.7515203307848424 1.2576834445353589 45.376756730722263 0.55466022994369257 1.0065286639146505 0.80653693899512302 9.5886575728654844 33.247349529294297 1.4671106133609999 15.219128007534891 11.15564562054351
leaf_count=1182 185 85 35 231 57 820 26 33 12 59 2015 7 1071 522
internal_value=0.00172322 -0.00036948 -0.0282075 -0.05044 0.00148933 0.00250622 0.0417081 -0.0445899 -0.00911659 -0.00217172 -0.00464296 -0.00999571 -0.0117595 -0.0243747
internal_weight=175.711 151.715 9.49627 7.20511 142.219 139.148 2.29116 3.07075 1.81307 93.7711 84.1825 61.0892 59.6221 26.3748
internal_count=6340 6155 377 316 5778 5676 61 102 45 4856 4797 3615 3608 1593
is_linear=0
shrinkage=0.05


Tree=136
num_leaves=15
num_cat=0
split_feature=184 183 156 293 103 59 185 280 151 38 286 198 273 299
split_gain=1.98714 1.65774 1.56561 1.51238 2.17608 1.59807 1.8425 1.59186 1.54119 1.48091 1.42009 1.30263 2.9795 1.03993
threshold=1.0000000180025095e-35 1.0000000180025095e-35 1.0000000180025095e-35 1.5000000000000002 1.0000000180025095e-35 1.0000000180025095e-35 1.0000000180025095e-35 1.0000000180025095e-35 1.0000000180025095e-35 1.0000000180025095e-35 1.5000000000000002 1.0000000180025095e-35 1.0000000180025095e-35 1.0000000180025095e-35
decision_type=2 2 2 2 2 2 2 2 2 2 2 2 2 2
left_child=1 2 3 4 7 6 -6 9 10 11 -8 12 -1 -3
right_child=-2 13 -4 -5 5 -7 8 -9 -10 -11 -12 -13 -14 -15
leaf_value=0.0034798443424535145 -0.068859754962477843 0.072715265950016997 -0.06878106666242538 0.058449894667333982 -0.073873681085326673 -0.12344012754134942 -0.026655886637082446 0.055869403940434964 -0.064877600840710897 -0.05238116258155872 0.05453073784549968 0.039835962835981883 -0.091829940779183716 0.015255029412069979
leaf_weight=158.23702326393686 0.95649939216673274 1.3314541764557355 0.76193039119243522 1.2231542104855169 1.2063319219741959 0.42796689178794611 0.93406963022425848 1.4435729654505838 0.7024484472349285 1.192579780705272 1.2722833827137945 2.4349094573408356 0.82426227256655593 1.9271602686494587
leaf_count=6136 11 13 25 19 59 8 16 14 17 50 33 18 8 28
internal_value=0.00301088 0.00340614 0.00273161 0.00305231 0.0026506 -0.0314846 -0.0219213 0.00359544 -0.000375781 0.0031316 0.02016 0.00354154 0.00298595 0.038733
internal_weight=174.876 173.919 170.661 169.899 168.675 4.5431 4.11513 164.132 2.9088 162.689 2.20635 161.496 159.061 3.25861
internal_count=6455 6444 6403 6378 6359 133 125 6226 66 6212 49 6162 6144 41
is_linear=0
shrinkage=0.05


Tree=137
num_leaves=15
num_cat=0
split_feature=156 260 198 286 129 299 151 241 23 297 291 194 93 152
split_gain=2.12878 1.8722 1.66078 1.49936 3.57442 3.95428 8.33916 2.38211 2.27846 4.60151 2.6274 2.93274 3.9235 3.7653
threshold=1.0000000180025095e-35 1.0000000180025095e-35 1.0000000180025095e-35 1.5000000000000002 1.0000000180025095e-35 1.0000000180025095e-35 1.0000000180025095e-35 1.0000000180025095e-35 1.0000000180025095e-35 1.5000000000000002 1.0000000180025095e-35 1.0000000180025095e-35 1.0000000180025095e-35 1.0000000180025095e-35
decision_type=2 2 2 2 2 2 2 2 2 2 2 2 2 2
left_child=1 2 3 4 7 6 -6 8 9 -1 11 12 -10 -13
right_child=-2 -3 -4 -5 5 -7 -8 -9 10 -11 -12 13 -14 -15
leaf_value=0.047362315854738699 -0.092527512468551273 0.020425924289772811 0.040357649116354442 0.0072362931414572456 0.3324923735035728 -0.050901901703499536 0.011158903961300298 -0.12913268574712763 0.016194117879120073 -0.10325774694711326 0.015517153641088969 -0.011275909732704611 -0.038390870376983605 -0.080308461220989627
leaf_weight=4.2825652426108709 0.60416502575389941 12.153684748336671 2.5215696133673182 44.904492078116164 0.3419600361958135 0.3851557441521436 0.49298232747241855 0.38151673972606559 19.675559302791957 0.57518218783661712 13.160867803031577 72.137366130016744 3.9535573832690707 2.030907377600669
leaf_count=103 22 80 20 1109 16 39 14 7 898 22 572 3143 264 66
internal_value=0.00116766 0.00148748 9.11727e-05 -0.000534341 -0.0035061 0.0816288 0.142765 -0.00440003 -0.00398914 0.0295281 -0.00545652 -0.00827901 0.00706111 -0.0131662
internal_weight=177.602 176.997 164.844 162.322 117.418 1.2201 0.834942 116.198 115.816 4.85775 110.958 97.7974 23.6291 74.1683
internal_count=6375 6353 6273 6253 5144 69 30 5075 5068 125 4943 4371 1162 3209
is_linear=0
shrinkage=0.05


Tree=138
num_leaves=15
num_cat=0
split_feature=164 296 293 103 151 203 74 276 1 296 188 112 23 152
split_gain=1.77595 1.65294 2.26061 3.5906 2.5201 2.16096 1.98818 2.03248 2.68399 1.75652 1.74484 1.72082 1.71373 1.80345
threshold=1.0000000180025095e-35 1.0000000180025095e-35 1.0000000180025095e-35 1.0000000180025095e-35 1.0000000180025095e-35 1.0000000180025095e-35 1.0000000180025095e-35 1.0000000180025095e-35 1.0000000180025095e-35 2.5000000000000004 1.0000000180025095e-35 1.0000000180025095e-35 1.0000000180025095e-35 1.0000000180025095e-35
decision_type=2 2 2 2 2 2 2 2 2 2 2 2 2 2
left_child=1 6 3 10 -4 9 7 8 12 -6 11 -3 -1 -14
right_child=-2 2 4 -5 5 -7 -8 -9 -10 -11 -12 -13 13 -15
leaf_value=-0.051561886410600416 -0.072182908659343376 0.0019436332916650319 0.045815521986781689 -0.048770741449589761 -0.070663559894387704 0.05701150005640037 -0.053247806579381413 -0.05786218936665341 0.097467840474949094 0.051595809358662793 0.052482109113389221 0.069530654242951087 -0.0050054795980818446 0.033143668438848556
leaf_weight=1.8497248091734935 0.84945578314363857 101.60786779574119 6.0789637658745033 3.4026718419045201 1.3689035167917611 0.75139319896697987 2.1943139275535932 1.7448910360690195 0.65619826316833396 0.37406306900084008 1.781407251022755 0.95058727171271939 48.935980759095401 3.3073190778959534
leaf_count=121 29 2047 105 81 53 2 132 70 1 13 34 11 3542 116
internal_value=-6.15752e-05 0.000288496 0.00374018 0.0017739 0.0284507 -0.0138687 -0.00655247 -0.00473875 -0.00304568 -0.0444251 0.00342223 0.00257008 -0.004265 -0.00259041
internal_weight=175.854 175.004 116.316 107.743 8.57332 2.49436 58.6884 56.4941 54.7492 1.74297 104.34 102.558 54.093 52.2433
internal_count=6357 6328 2346 2173 173 68 3982 3850 3780 66 2092 2058 3779 3658
is_linear=0
shrinkage=0.05


Tree=139
num_leaves=15
num_cat=0
split_feature=151 185 297 274 263 112 60 263 223 302 247 0 297 280
split_gain=2.93422 2.86033 3.26558 6.65261 3.60445 2.70595 2.09994 3.66111 4.79187 6.27414 2.5719 2.45743 2.74017 2.00191
threshold=1.0000000180025095e-35 1.0000000180025095e-35 2.5000000000000004 1.0000000180025095e-35 1.0000000180025095e-35 1.0000000180025095e-35 1.0000000180025095e-35 1.0000000180025095e-35 1.0000000180025095e-35 1.0000000180025095e-35 1.0000000180025095e-35 1.0000000180025095e-35 3.5000000000000004 1.0000000180025095e-35
decision_type=2 2 2 2 2 2 2 2 2 2 2 2 2 2
left_child=6 2 4 -4 -2 13 10 8 9 11 -1 -8 -13 -3
right_child=1 5 3 -5 -6 -7 7 -9 -10 -11 -12 12 -14 -15
leaf_value=0.0080464537382905158 -0.047692135034131861 0.0064774514368969556 0.062455631021836891 -0.056576300760298071 0.0039293797162243925 0.095913467609040154 -0.064559820850144375 0.010974840860549277 0.093639746885541178 0.023487303023116978 -0.053510203844519516 -0.27177064133897527 -0.065869294061776704 -0.07075850667345894
leaf_weight=115.66086836718023 12.04335602628999 11.809385387226934 2.8489483338780692 1.9963853531517086 4.7017175741493693 0.79790956154465753 4.5422192420810461 8.4997912812978029 0.65361201763153065 2.1835371539928019 1.722120583988725 0.32298167143017043 0.32335515692830086 0.90312725771218616
leaf_count=4592 865 164 29 122 22 3 120 70 1 191 136 17 4 14
internal_value=0.00142104 -0.0114468 -0.0227376 0.0134118 -0.0331977 0.00659647 0.00479403 -0.0118936 -0.0361129 -0.0476168 0.00714336 -0.0775401 -0.16876 0.000990425
internal_weight=169.009 35.1008 21.5904 4.84533 16.7451 13.5104 133.908 16.5255 8.02571 7.37209 117.383 5.18856 0.646337 12.7125
internal_count=6350 1219 1038 151 887 181 5131 403 333 332 4728 141 21 178
is_linear=0
shrinkage=0.05


Tree=140
num_leaves=15
num_cat=0
split_feature=297 194 275 296 288 112 1 23 74 58 275 296 23 185
split_gain=2.99228 3.63171 2.92071 2.85557 3.19437 3.53692 2.87666 2.75903 2.26704 2.47748 2.0286 2.74735 1.90288 2.35213
threshold=1.5000000000000002 1.0000000180025095e-35 1.0000000180025095e-35 1.0000000180025095e-35 1.0000000180025095e-35 1.0000000180025095e-35 1.0000000180025095e-35 1.0000000180025095e-35 1.0000000180025095e-35 1.0000000180025095e-35 1.0000000180025095e-35 1.0000000180025095e-35 1.0000000180025095e-35 1.0000000180025095e-35
decision_type=2 2 2 2 2 2 2 2 2 2 2 2 2 2
left_child=1 2 -1 6 5 7 -3 -5 9 12 11 -10 13 -2
right_child=8 3 -4 4 -6 -7 -8 -9 10 -11 -12 -13 -14 -15
leaf_value=0.0038765647055542247 -0.0032245717665537127 -0.025649016446184381 0.060657928118352349 0.029441772900212028 0.0095924129522566189 0.085218755393026924 0.073763479477967714 -0.024424632030961353 -0.056644021418561022 0.049782607611983359 0.10504854155965521 0.072231587172863349 0.0036025913743063897 -0.151365862670824
leaf_weight=22.849668215261776 0.67233834974467643 32.605664041708224 2.5138933267444363 2.6384247187525096 22.196161345345899 0.8382379412651052 0.74430064857005973 24.00763589865528 0.72486261976882727 2.8881990453228346 1.0634897770360112 0.96283692680299282 57.622213731403463 0.44548771530389786
leaf_count=1137 32 2553 42 15 414 4 2 531 19 40 18 4 1559 14
internal_value=-0.00198356 -0.00705468 0.00950441 -0.012113 -0.00451585 -0.0159096 -0.0234303 -0.0190909 0.00655455 0.00457212 0.050962 0.0168798 0.00234916 -0.0622634
internal_weight=172.773 108.394 25.3636 83.0304 49.6805 27.4843 33.35 26.6461 64.3794 61.6282 2.75119 1.6877 58.74 1.11783
internal_count=6384 4698 1179 3519 964 550 2555 546 1686 1645 41 23 1605 46
is_linear=0
shrinkage=0.05


Tree=141
num_leaves=15
num_cat=0
split_feature=18 103 293 53 286 253 60 165 129 299 151 282 299 93
split_gain=1.44099 1.34851 2.53549 1.42122 1.27343 2.44662 5.32318 4.01046 2.18716 4.09591 3.83075 1.8493 5.3472 4.52928
threshold=1.0000000180025095e-35 1.0000000180025095e-35 1.5000000000000002 1.0000000180025095e-35 1.5000000000000002 1.0000000180025095e-35 1.0000000180025095e-35 1.0000000180025095e-35 1.0000000180025095e-35 1.0000000180025095e-35 1.0000000180025095e-35 1.0000000180025095e-35 1.0000000180025095e-35 1.0000000180025095e-35
decision_type=2 2 2 2 2 2 2 2 2 2 2 2 2 2
left_child=1 4 3 -3 5 8 7 -7 11 10 -10 -1 13 -13
right_child=-2 2 -4 -5 -6 6 -8 -9 9 -11 -12 12 -14 -15
leaf_value=-0.0035385033905600003 0.032840814514185503 -0.047868802103004704 0.067933490707727251 0.048868653828338493 0.0094546914868310454 0.050418879054278581 -0.25085439341161514 -0.17497717283435565 0.22189777512580872 -0.05615411941967751 0.017032028927224826 0.048377996693907542 -0.016620015186895994 -0.033524350858788313
leaf_weight=99.219076944049448 3.6488836817443362 3.8918150040553874 0.64394095167517651 0.42071934812702227 41.290605986956507 0.70831679552793392 0.30722828954458237 0.27357580605894327 0.4791083801537741 0.47894432651810348 0.4356888048350811 9.9965297414455545 8.8723202608525753 2.0309640616178521
leaf_count=3968 27 107 9 16 1049 37 13 9 16 35 13 426 459 131
internal_value=0.00175349 0.00108248 -0.0246125 -0.0384314 0.0018586 -0.000695489 -0.069215 -0.0123812 3.14308e-05 0.0623064 0.124327 -0.000691147 0.0128263 0.034548
internal_weight=172.698 169.049 4.95648 4.31253 164.092 122.802 1.28912 0.981893 121.513 1.39374 0.914797 120.119 20.8998 12.0275
internal_count=6315 6288 132 123 6156 5107 59 46 5048 64 29 4984 1016 557
is_linear=0
shrinkage=0.05


Tree=142
num_leaves=15
num_cat=0
split_feature=247 286 298 296 297 4 129 286 296 282 296 299 296 90
split_gain=2.25647 1.71023 2.78814 5.69034 4.37646 4.53667 3.51478 3.00425 5.99725 4.11375 3.01929 3.02017 2.94352 2.77776
threshold=1.0000000180025095e-35 1.5000000000000002 1.0000000180025095e-35 1.0000000180025095e-35 2.5000000000000004 1.0000000180025095e-35 1.0000000180025095e-35 1.0000000180025095e-35 1.0000000180025095e-35 1.0000000180025095e-35 1.0000000180025095e-35 1.0000000180025095e-35 2.5000000000000004 1.0000000180025095e-35
decision_type=2 2 2 2 2 2 2 2 2 2 2 2 2 2
left_child=1 2 4 13 6 -6 7 9 -9 -1 11 -11 -5 -4
right_child=-2 -3 3 12 5 -7 -8 8 -10 10 -12 -13 -14 -15
leaf_value=0.0036889235216361659 -0.055436498042079618 0.009823947116846643 -0.051853386955143702 -0.0081885308726614373 0.0047408528191498775 0.22529070124634587 0.090629309469192149 -0.051695378482553879 0.0021509770966263316 0.084949099943651837 -0.0091369774530287804 -0.051851647078443322 0.029020561999488784 0.029762859736408492
leaf_weight=41.296991495415568 1.7673400468192983 44.061548579484224 9.6307270369725266 31.108968910761178 0.4798452421091487 0.45355567336082458 1.1266143256798375 6.9412328342441496 20.276868676068261 3.815326487645506 1.651637286879122 0.45116374129429448 6.410296792164444 1.1690627858042724
leaf_count=2061 132 1122 1013 321 26 1 40 708 372 171 119 31 265 7
internal_value=0.000767092 0.00135529 -0.00163434 -0.011037 0.00430511 0.11191 0.00297586 0.00164914 -0.0115811 0.00927596 0.0482626 0.070483 -0.00183123 -0.0430185
internal_weight=170.641 168.874 124.812 48.3191 76.4932 0.933401 75.5598 74.4332 27.2181 47.2151 5.91813 4.26649 37.5193 10.7998
internal_count=6389 6257 5135 1606 3529 27 3502 3462 1080 2382 321 202 586 1020
is_linear=0
shrinkage=0.05


Tree=143
num_leaves=15
num_cat=0
split_feature=23 296 201 197 303 62 253 285 296 303 277 286 59 240
split_gain=2.02618 1.49273 3.0437 2.22496 2.21908 2.8138 1.81379 2.82609 2.09111 5.70419 2.23603 3.49629 1.89321 1.69479
threshold=1.0000000180025095e-35 1.5000000000000002 1.0000000180025095e-35 1.0000000180025095e-35 1.0000000180025095e-35 1.0000000180025095e-35 1.0000000180025095e-35 1.0000000180025095e-35 4.5000000000000009 1.0000000180025095e-35 1.0000000180025095e-35 1.5000000000000002 1.0000000180025095e-35 1.0000000180025095e-35
decision_type=2 2 2 2 2 2 2 2 2 2 2 2 2 2
left_child=-1 2 3 13 -4 -6 12 8 10 -10 11 -8 -3 -2
right_child=1 6 4 -5 5 -7 7 -9 9 -11 -12 -13 -14 -15
leaf_value=0.031489667682453718 0.0015107406590586063 0.018253413362849531 0.026547532542402181 0.084809829674451581 -0.063160905094953659 0.0090759794657679811 -0.15744974786154675 0.034190758919900366 0.050355370320399745 -0.30438866157170169 0.050476034724680721 0.0074038273598668047 -0.045785905811799504 -0.075303381978018669
leaf_weight=6.0542715624906114 126.91025526518933 28.495972551405433 1.4180870139971355 0.7983042299747457 4.6921981308842078 1.8915160482283679 0.59284545481204964 1.4281511669978497 0.20017691049724806 0.26116212829947472 0.57473641913384188 0.70302310585975647 1.2028172947466362 0.72216598689556022
leaf_count=169 4877 945 28 2 124 19 19 77 12 21 27 16 28 6
internal_value=0.00306636 0.00205346 -0.00026752 0.00159659 -0.0301869 -0.0424071 0.0115175 -0.0211998 -0.0551225 -0.150464 -0.031609 -0.0680148 0.0156598 0.00107611
internal_weight=175.946 169.891 136.433 128.431 8.0018 6.58371 33.4589 3.7601 2.33194 0.461339 1.8706 1.29587 29.6988 127.632
internal_count=6370 6201 5056 4885 171 143 1145 172 95 33 62 35 973 4883
is_linear=0
shrinkage=0.05


Tree=144
num_leaves=15
num_cat=0
split_feature=129 157 188 286 288 44 165 42 194 276 58 243 282 286
split_gain=1.95099 2.82615 2.71537 2.1798 4.00203 4.04912 2.97501 2.38745 3.59237 2.34615 2.24245 2.1818 3.35274 1.88142
threshold=1.0000000180025095e-35 1.0000000180025095e-35 1.0000000180025095e-35 1.5000000000000002 1.0000000180025095e-35 1.0000000180025095e-35 1.0000000180025095e-35 1.0000000180025095e-35 1.0000000180025095e-35 1.0000000180025095e-35 1.0000000180025095e-35 1.0000000180025095e-35 1.0000000180025095e-35 2.5000000000000004
decision_type=2 2 2 2 2 2 2 2 2 2 2 2 2 2
left_child=3 2 -2 10 5 6 7 8 -5 13 -1 12 -6 -10
right_child=1 -3 -4 4 11 -7 -8 -9 9 -11 -12 -13 -14 -15
leaf_value=-0.0016840716771449682 -0.078730425237109408 0.04552693906876603 0.054378161179979262 0.069938144459867402 0.0056433586805655972 0.16773665954382935 -0.022949882167346339 0.131386362970597 -0.062292732146242015 0.074259490299905681 -0.058743326126736266 0.05020687540229956 -0.041187695365447072 0.039540441321982769
leaf_weight=121.37740551738534 2.5033100431319326 0.84095496498048294 0.45237666834145773 3.5138261280953875 27.002005522605035 0.57360045984387475 2.0084924311377108 0.73367694113403548 1.4985818155109862 0.69416039437055577 1.7466897419653822 2.2288726409897199 4.4519646130502215 0.65044268639758218
leaf_count=5028 116 7 4 30 563 3 96 16 65 2 87 219 100 12
internal_value=9.32932e-05 -0.0353473 -0.0583578 0.000901532 0.0105431 0.0388907 0.0307684 0.0459845 0.0361281 -0.00565702 -0.00249354 0.00240243 -0.000985064 -0.031471
internal_weight=170.276 3.79664 2.95569 166.48 43.3556 9.67278 9.09918 7.09069 6.35701 2.84318 123.124 33.6828 31.454 2.14902
internal_count=6348 127 120 6221 1106 224 221 125 109 79 5115 882 663 77
is_linear=0
shrinkage=0.05


Tree=145
num_leaves=15
num_cat=0
split_feature=152 93 296 172 278 273 93 129 172 289 291 296 281 291
split_gain=2.06053 3.75582 3.36946 3.04613 2.70056 2.39021 1.8475 3.55669 3.51578 2.99141 6.59821 3.49719 2.91733 3.92032
threshold=1.0000000180025095e-35 1.0000000180025095e-35 1.5000000000000002 1.0000000180025095e-35 1.0000000180025095e-35 1.0000000180025095e-35 1.0000000180025095e-35 1.0000000180025095e-35 1.0000000180025095e-35 1.5000000000000002 1.0000000180025095e-35 4.5000000000000009 1.0000000180025095e-35 1.0000000180025095e-35
decision_type=2 2 2 2 2 2 2 2 2 2 2 2 2 2
left_child=5 2 3 -2 -3 6 12 8 9 11 -11 -8 -1 -14
right_child=1 4 -4 -5 -6 -7 7 -9 -10 10 -12 -13 13 -15
leaf_value=0.0053969372157681977 -0.051740334991983883 0.022776572525032408 0.051366344526585818 -0.17383232206316271 -0.052431875335189629 -0.073255555738939868 -0.015479447286321078 -0.10427656765181902 0.024300449105358696 -0.41007865195887422 0.050315754912654054 0.040234919986354346 -0.11544990517866666 0.041874297903322144
leaf_weight=109.74431810597889 4.1931112287566048 4.9280560237821192 0.69298604317009438 0.58175402740016569 1.5751054564025251 1.0940280593931664 33.409465965465643 0.93098682211711903 8.0915566552430374 0.14689302816986938 0.16550679318606853 3.0759143349714568 1.1226668364834029 0.61174708884209383
leaf_count=4589 141 66 20 10 31 11 1043 24 154 11 12 232 50 8
internal_value=-0.00111787 -0.0211198 -0.0516628 -0.0666156 0.00456063 0.000393841 0.000906078 -0.00754605 -0.0055399 -0.0121016 -0.166166 -0.0107824 0.0043801 -0.0599599
internal_weight=170.364 11.971 5.46785 4.77487 6.50316 158.393 157.299 45.8203 44.8893 36.7978 0.3124 36.4854 111.479 1.73441
internal_count=6402 268 171 151 97 6134 6123 1476 1452 1298 23 1275 4647 58
is_linear=0
shrinkage=0.05


Tree=146
num_leaves=15
num_cat=0
split_feature=263 58 148 281 296 60 274 296 253 286 194 286 244 249
split_gain=1.82442 1.99156 2.21208 2.65536 2.14864 1.90047 4.4574 4.18315 2.4958 5.25185 3.69569 2.1798 1.68875 1.62488
threshold=1.0000000180025095e-35 1.0000000180025095e-35 1.0000000180025095e-35 1.0000000180025095e-35 1.0000000180025095e-35 1.0000000180025095e-35 1.0000000180025095e-35 3.5000000000000004 1.0000000180025095e-35 2.5000000000000004 1.0000000180025095e-35 1.5000000000000002 1.0000000180025095e-35 1.0000000180025095e-35
decision_type=2 2 2 2 2 2 2 2 2 2 2 2 2 2
left_child=1 2 3 5 -4 12 7 -7 10 -10 -8 -9 13 -1
right_child=-2 -3 4 -5 -6 6 8 11 9 -11 -12 -13 -14 -15
leaf_value=0.00090021291842742846 0.014227142622054684 0.027594077657030605 -0.052399392230565493 -0.065588857002722864 0.040135278113869237 -0.10196132344359315 -0.091974249321142246 -0.105333568653318 -0.21946284488088189 0.050312418922551817 0.041760621865510508 0.027795834115880554 -0.050172501459157817 -0.042827799386770268
leaf_weight=121.87197651749011 24.68340084142983 6.0709902760572723 0.71611489308997889 1.6700528129003931 5.059660664293915 2.55791202560067 0.60153591725975264 0.3960799230262636 0.34297966305166472 0.38059445656836033 3.6582264387980103 1.3744559194892643 1.6907093753106881 2.162122417241334
leaf_count=5387 196 140 50 75 58 39 15 23 17 28 142 120 69 83
internal_value=0.00163931 -0.000452262 -0.00164728 -0.00292784 0.0286623 -0.00215289 -0.0239485 -0.0610668 0.0082919 -0.0775631 0.0228755 -0.00198604 -0.0005386 0.00013796
internal_weight=173.237 148.553 142.482 136.707 5.77578 135.037 9.31178 4.32845 4.98334 0.723574 4.25976 1.77054 125.725 124.034
internal_count=6442 6246 6106 5998 108 5923 384 182 202 45 157 143 5539 5470
is_linear=0
shrinkage=0.05


Tree=147
num_leaves=15
num_cat=0
split_feature=198 273 260 156 53 184 185 293 298 93 152 187 286 298
split_gain=2.11077 1.91031 1.80502 2.37124 1.90667 3.1342 2.94457 2.2847 2.80839 1.62194 2.36046 4.3753 3.36008 2.24669
threshold=1.0000000180025095e-35 1.0000000180025095e-35 1.0000000180025095e-35 1.0000000180025095e-35 1.0000000180025095e-35 1.0000000180025095e-35 1.0000000180025095e-35 1.0000000180025095e-35 1.0000000180025095e-35 1.0000000180025095e-35 1.0000000180025095e-35 1.0000000180025095e-35 1.5000000000000002 1.5000000000000002
decision_type=2 2 2 2 2 2 2 2 2 2 2 2 2 2
left_child=1 2 3 4 9 6 -6 8 -8 10 -1 12 -12 -11
right_child=-2 -3 -4 -5 5 -7 7 -9 -10 13 11 -13 -14 -15
leaf_value=0.0073597842522330845 0.048126686754465541 -0.060292800086385837 0.021422694892541654 -0.1339599253077233 -0.051204668021018279 0.086929585360176934 0.023204019074627592 0.050711639095041464 -0.082790237916601256 -0.011724447969747639 -0.089961204722512608 0.090322621818799437 0.0047813887468443955 0.015169993461081036
leaf_weight=96.868586348602548 2.450599360279738 1.2460551327094425 11.001825850456951 0.32734548021107812 5.4906112584285403 0.64179670810699541 1.3670041412115099 1.6308779343962667 1.1512137027457354 34.737088549532928 2.2208547685295339 0.6491035223007201 1.6173692597076295 10.000951377442105
leaf_count=4215 16 17 77 24 411 1 12 6 21 1176 100 1 26 240
internal_value=0.00205573 0.00138748 0.00184576 0.000471303 0.000752712 -0.0200592 -0.0271823 0.00460708 -0.0252517 0.00221737 0.00571751 -0.0297346 -0.0500381 -0.00571234
internal_weight=171.401 168.951 167.705 156.703 156.375 10.2815 9.63971 4.1491 2.51822 146.094 101.356 4.48733 3.83822 44.738
internal_count=6343 6327 6310 6233 6209 451 450 39 33 5758 4342 127 126 1416
is_linear=0
shrinkage=0.05


Tree=148
num_leaves=15
num_cat=0
split_feature=247 198 163 271 151 151 282 286 263 112 263 17 297 103
split_gain=2.12491 1.48387 1.29122 1.32302 2.3698 1.53898 4.78515 2.68074 2.95635 2.94526 3.69075 3.21183 2.60936 2.25602
threshold=1.0000000180025095e-35 1.0000000180025095e-35 1.0000000180025095e-35 1.0000000180025095e-35 1.0000000180025095e-35 1.0000000180025095e-35 1.0000000180025095e-35 1.5000000000000002 1.0000000180025095e-35 1.0000000180025095e-35 1.0000000180025095e-35 1.0000000180025095e-35 1.5000000000000002 1.0000000180025095e-35
decision_type=2 2 2 2 2 2 2 2 2 2 2 2 2 2
left_child=1 2 3 5 -5 -1 7 9 12 10 11 -7 -9 -14
right_child=-2 -3 -4 4 -6 6 -8 8 -10 -11 -12 -13 13 -15
leaf_value=0.0043542817464625478 -0.055377537784582376 0.041673468175061686 -0.061905925547318455 -0.031591009136777634 0.031066104695399444 -0.05858947390904351 0.027583319895472309 -0.02017240842962717 -0.068918725673253106 0.057712560059613671 0.0054118301363826815 0.046363971735127352 0.052132810777012033 -0.047985516211671922
leaf_weight=126.09017132746521 1.6857213033363212 2.2171698436141005 0.82479894510470231 6.9461995291057956 1.9279151395894585 10.153321979916651 7.3452881921548387 3.236619452945888 1.2309846039861438 0.88619213784113604 3.9348297677934161 0.7853347042109825 4.0389701602980494 0.65374784730374802
leaf_count=4895 133 18 33 147 46 630 233 101 10 39 24 18 70 13
internal_value=0.000483362 0.0010364 0.000500264 0.00080806 -0.0179787 0.00186085 -0.00788327 -0.0183372 0.00317283 -0.0308399 -0.0361161 -0.0510544 0.0143646 0.0381852
internal_weight=171.957 170.272 168.054 167.23 8.87411 158.355 32.2653 24.92 9.16032 15.7597 14.8735 10.9387 7.92934 4.69272
internal_count=6410 6277 6259 6226 193 6033 1138 905 194 711 672 648 184 83
is_linear=0
shrinkage=0.05


Tree=149
num_leaves=15
num_cat=0
split_feature=247 59 12 296 175 297 285 240 185 296 201 194 57 260
split_gain=2.03432 1.81077 2.76446 1.89249 3.32933 2.95179 3.86084 2.59262 2.56725 2.0337 2.01605 2.59222 2.95152 3.17682
threshold=1.0000000180025095e-35 1.0000000180025095e-35 1.0000000180025095e-35 1.5000000000000002 1.0000000180025095e-35 3.5000000000000004 1.0000000180025095e-35 1.0000000180025095e-35 1.0000000180025095e-35 1.0000000180025095e-35 1.0000000180025095e-35 1.0000000180025095e-35 1.0000000180025095e-35 1.0000000180025095e-35
decision_type=2 2 2 2 2 2 2 2 2 2 2 2 2 2
left_child=1 3 -3 4 5 7 9 10 -5 -7 -1 -12 13 -13
right_child=-2 2 -4 8 -6 6 -8 -9 -10 -11 11 12 -14 -15
leaf_value=0.0027797222104708904 -0.055146400110783048 -0.013048626780863021 -0.12903550358947224 0.046971425341673881 -0.15198356164170193 -0.05692530078134897 0.046134559368083673 -0.071894422047855122 0.006808934020035861 -0.17132649012791179 0.029390538197325723 -0.067375291116270095 0.07169396216976387 0.027943379033439283
leaf_weight=124.16465991025325 1.6288130236789573 2.5819026990793641 0.64133396744728077 4.6473271865397683 0.36353773530572553 1.2352174171246582 0.69065068848431099 1.2240865305066098 27.665296861669049 0.56670926511287678 1.8221650712657718 4.5840173992328328 0.55428349971771229 1.0800969153642652
leaf_count=4852 133 58 12 26 5 56 7 11 1056 6 43 113 1 8
internal_value=0.000469078 0.000996296 -0.0361268 0.00170601 -0.000873408 -0.000469248 -0.0543793 0.000537839 0.0125853 -0.0929047 0.00120849 -0.0230549 -0.0384229 -0.0491989
internal_weight=173.45 171.821 3.22324 168.598 136.285 135.922 2.49258 133.429 32.3126 1.80193 132.205 8.04056 6.2184 5.66411
internal_count=6387 6254 70 6184 5102 5097 69 5028 1082 62 5017 165 122 121
is_linear=0
shrinkage=0.05


Tree=150
num_leaves=15
num_cat=0
split_feature=247 92 293 302 286 184 274 74 288 74 60 244 263 274
split_gain=1.64406 1.47164 1.37735 1.12 1.56873 2.943 2.51905 2.1982 2.5659 1.42131 1.441 4.74745 5.51454 1.92054
threshold=1.0000000180025095e-35 1.0000000180025095e-35 1.5000000000000002 1.0000000180025095e-35 1.5000000000000002 1.0000000180025095e-35 1.0000000180025095e-35 1.0000000180025095e-35 1.0000000180025095e-35 1.0000000180025095e-35 1.0000000180025095e-35 1.0000000180025095e-35 1.0000000180025095e-35 1.0000000180025095e-35
decision_type=2 2 2 2 2 2 2 2 2 2 2 2 2 2
left_child=1 2 3 9 5 6 -5 8 -6 10 -1 12 13 -12
right_child=-2 -3 -4 4 7 -7 -8 -9 -10 -11 11 -13 -14 -15
leaf_value=0.0019056165069888165 -0.053464678456892269 0.031172354969988117 0.05640787024772264 -0.077292098529150907 0.1426584171584063 0.084316781486854731 0.039470042527738169 -0.060607825820069919 0.032972743169542934 -0.042088010401924905 -0.081765422941785529 0.11227181401130155 0.0025967174649162341 -0.027368062573884168
leaf_weight=133.00486909900792 1.3698919196613122 4.0859003779478362 1.1055484772659827 1.3972826814278958 0.63742650905624065 0.63392341136932362 0.69004993606358755 0.49839741736650456 3.2604286852292717 2.0262609757482997 3.2750064213760242 0.729327492415904 11.762185825966299 3.2158821215853095
leaf_count=5377 129 50 20 71 5 1 13 6 250 123 81 5 83 86
internal_value=0.0010866 0.0015359 0.000789516 0.000407909 0.0197991 -0.0100366 -0.0386918 0.0382673 0.0509099 -0.000488228 6.63708e-05 -0.0128208 -0.017819 -0.0548145
internal_weight=167.692 166.322 162.237 161.131 7.11751 2.72126 2.08733 4.39625 3.89786 154.014 151.987 18.9824 18.2531 6.49089
internal_count=6300 6171 6121 6101 346 85 84 261 255 5755 5632 255 250 167
is_linear=0
shrinkage=0.05


Tree=151
num_leaves=15
num_cat=0
split_feature=183 182 164 23 297 245 291 74 291 304 299 277 282 277
split_gain=1.62211 1.73073 1.72058 1.55294 1.72408 5.34605 3.26847 2.11641 2.23613 2.55344 2.03884 2.74581 4.94388 1.98653
threshold=1.0000000180025095e-35 1.0000000180025095e-35 1.0000000180025095e-35 1.0000000180025095e-35 1.5000000000000002 1.0000000180025095e-35 1.0000000180025095e-35 1.0000000180025095e-35 1.0000000180025095e-35 1.0000000180025095e-35 1.5000000000000002 1.0000000180025095e-35 1.0000000180025095e-35 1.0000000180025095e-35
decision_type=2 2 2 2 2 2 2 2 2 2 2 2 2 2
left_child=1 2 3 -1 5 6 10 -6 -9 -10 11 -5 -13 -12
right_child=-2 -3 -4 4 7 -7 -8 8 9 -11 13 12 -14 -15
leaf_value=0.026976849974635283 0.03727796117929847 0.017000652838329976 -0.088850846409069539 -0.0080958048582710079 0.0036947588319738833 -0.15998498062612179 -0.03966383931489835 0.1066922687989018 -0.057596858848993161 0.068778702687841295 0.065276184865195971 0.022046757932238679 -0.080868477188089052 -0.011850115985319444
leaf_weight=5.0903863739222279 3.1609235722571603 15.579969388316384 0.54898707789834489 65.167586610885337 52.142774242209271 0.55507155135273833 6.1145293982699505 1.0387582173570984 0.71853463770821668 0.90079945884644985 2.158078644424676 15.79092809301801 1.2600580868311233 1.3616806291975083
leaf_count=152 38 923 26 3103 1165 7 390 17 18 4 35 392 42 51
internal_value=0.00179127 0.00112528 -0.000492911 -0.00017441 -0.00111328 -0.00528026 -0.00434537 0.00591328 0.0494332 0.012703 -0.00182659 -0.00342191 0.0144414 0.0354385
internal_weight=171.589 168.428 152.848 152.299 147.209 92.4079 91.8529 54.8009 2.65809 1.61933 85.7383 82.2186 17.051 3.51976
internal_count=6363 6325 5402 5376 5224 4020 4013 1204 39 22 3623 3537 434 86
is_linear=0
shrinkage=0.05


Tree=152
num_leaves=15
num_cat=0
split_feature=296 194 151 12 188 152 296 273 58 37 274 277 288 275
split_gain=1.86427 3.7181 4.47858 2.60062 2.17333 2.04426 2.71 2.70115 2.48325 2.53731 2.09876 2.65699 2.83259 1.91151
threshold=1.0000000180025095e-35 1.0000000180025095e-35 1.0000000180025095e-35 1.0000000180025095e-35 1.0000000180025095e-35 1.0000000180025095e-35 1.5000000000000002 1.0000000180025095e-35 1.0000000180025095e-35 1.0000000180025095e-35 1.0000000180025095e-35 1.0000000180025095e-35 1.0000000180025095e-35 1.0000000180025095e-35
decision_type=2 2 2 2 2 2 2 2 2 2 2 2 2 2
left_child=1 3 -3 13 5 7 8 -2 9 10 11 12 -7 -1
right_child=4 2 -4 -5 -6 6 -8 -9 -10 -11 -12 -13 -14 -15
leaf_value=0.011059721570974478 0.0066885725054767449 -0.0067120207470143904 -0.053019856044879021 -0.054119869927036462 0.052800592902865595 -0.013622125232092944 0.037842845261913699 -0.072014147242955281 0.032707681382540814 0.028921360624137527 -0.12978056183858275 0.028114081510147316 -0.10927986077467851 0.054905690816460434
leaf_weight=7.76172258565202 100.4304385924479 39.697581093758345 6.0119243377121157 1.1392890091519809 2.3129919734783462 1.3795356885530039 1.681689880788326 1.1021703649312247 1.2057156860828397 0.9492526203393935 0.89165870216675092 0.9506881609559058 1.7627971451729534 3.6569050019606948
leaf_count=510 2177 2562 742 86 43 31 40 11 7 5 17 6 15 98
internal_value=0.00107858 -0.00618241 -0.0128026 0.0179145 0.00483371 0.00382833 -0.0192593 0.00583423 -0.0327093 -0.0460014 -0.0602692 -0.0451263 -0.0672845 0.0251017
internal_weight=170.934 58.2674 45.7095 12.5579 112.667 110.354 8.82134 101.533 7.13965 5.93393 4.98468 4.09302 3.14233 11.4186
internal_count=6350 3998 3304 694 2352 2309 121 2188 81 74 69 52 46 608
is_linear=0
shrinkage=0.05


Tree=153
num_leaves=15
num_cat=0
split_feature=187 38 260 156 244 291 194 281 297 293 299 17 282 288
split_gain=1.38136 1.35697 1.12837 2.33686 1.49981 1.3393 2.96443 1.90926 1.90478 2.98169 2.06633 2.06421 3.06093 2.40389
threshold=1.0000000180025095e-35 1.0000000180025095e-35 1.0000000180025095e-35 1.0000000180025095e-35 1.0000000180025095e-35 1.0000000180025095e-35 1.0000000180025095e-35 1.0000000180025095e-35 1.5000000000000002 1.0000000180025095e-35 1.0000000180025095e-35 1.0000000180025095e-35 1.0000000180025095e-35 1.0000000180025095e-35
decision_type=2 2 2 2 2 2 2 2 2 2 2 2 2 2
left_child=1 2 3 4 5 7 -7 -1 11 10 -10 12 -8 -14
right_child=-2 -3 -4 -5 -6 6 8 -9 9 -11 -12 -13 13 -15
leaf_value=-0.00080072307467028063 0.069581232996977133 -0.054091172339520571 0.0161198437903332 -0.15040007239648989 -0.04794459092144196 -0.032302335792235064 -0.041771118814379435 -0.044055977412058675 0.1093281887704152 -0.054948810750953585 0.030970806482872284 0.056425733098729884 -0.064127244632367283 0.053894498232803678
leaf_weight=127.3950148394797 0.72254291363060374 1.1389918876811851 11.035956973209975 0.25930486829019983 1.6259286445565511 3.3592026701662716 3.7735571267548975 2.6032294135075054 0.91135197319090089 0.95269486191682595 10.954569319612345 1.2845986706670371 0.54752154904417727 2.0351846637204289
leaf_count=5125 9 48 79 20 70 138 271 85 12 68 275 36 56 107
internal_value=0.000595468 0.000298553 0.000670091 -0.000424967 -0.000174783 0.00033017 0.0112299 -0.00166691 0.0183774 0.0301561 0.036989 -0.00138297 -0.0130661 0.0288744
internal_weight=168.6 167.877 166.738 155.702 155.443 153.817 23.8187 129.998 20.4595 12.8186 11.8659 7.64086 6.35626 2.58271
internal_count=6399 6390 6342 6263 6243 6173 963 5210 825 355 287 470 434 163
is_linear=0
shrinkage=0.05


Tree=154
num_leaves=15
num_cat=0
split_feature=23 286 129 19 71 81 304 152 194 194 1 303 153 148
split_gain=2.33954 2.8262 2.87727 1.73071 3.13936 2.72272 2.56775 6.15408 8.48058 3.19058 3.05793 2.91459 2.30051 2.7208
threshold=1.0000000180025095e-35 1.5000000000000002 1.0000000180025095e-35 1.0000000180025095e-35 1.0000000180025095e-35 1.0000000180025095e-35 1.0000000180025095e-35 1.0000000180025095e-35 1.0000000180025095e-35 1.0000000180025095e-35 1.0000000180025095e-35 1.5000000000000002 1.0000000180025095e-35 1.0000000180025095e-35
decision_type=2 2 2 2 2 2 2 2 2 2 2 2 2 2
left_child=-1 2 3 4 -2 6 7 9 -9 -6 -11 -10 13 -8
right_child=1 -3 -4 -5 5 -7 12 8 11 10 -12 -13 -14 -15
leaf_value=0.034133976486134761 0.021617872334849405 0.011203379950491853 0.071647514177466329 0.01361806178339336 0.0092106831446940474 -0.17213588534964772 -0.0042727677340769141 0.26734220657135283 -0.052248444015060957 -0.033309290650853925 0.070610206979831877 0.066601025233263514 0.02639818232610551 -0.10615671718935216
leaf_weight=5.2647210166323921 9.101960559608413 43.449786300421692 1.2547403331845988 11.909089428489095 5.9922056235373011 0.25534565653651853 52.644997619790956 0.40185069525614414 0.88772150874137801 29.050768763758246 0.725584477186202 1.2314171264879405 6.3046933950390658 0.66353673301637073
leaf_count=162 400 1099 65 333 403 8 1141 5 86 2595 2 5 92 10
internal_value=0.0013259 0.000271889 -0.00367227 -0.00446532 -0.00647311 -0.00907792 -0.00865264 -0.0187563 0.0567488 -0.024078 -0.030777 0.0168142 -0.00216305 -0.00554093
internal_weight=169.138 163.874 120.424 119.169 107.26 98.1581 97.9028 38.2895 2.52099 35.7686 29.7764 2.11914 59.6132 53.3085
internal_count=6406 6244 5145 5080 4747 4347 4339 3096 96 3000 2597 91 1243 1151
is_linear=0
shrinkage=0.05


Tree=155
num_leaves=15
num_cat=0
split_feature=274 58 243 198 293 62 245 189 255 168 165 273 103 280
split_gain=2.77418 3.45104 3.10522 2.26797 1.75715 1.90766 2.82741 2.06861 1.97963 1.84048 4.50989 1.68111 1.61848 2.00746
threshold=1.0000000180025095e-35 1.0000000180025095e-35 1.0000000180025095e-35 1.0000000180025095e-35 1.5000000000000002 1.0000000180025095e-35 1.0000000180025095e-35 1.0000000180025095e-35 1.0000000180025095e-35 1.0000000180025095e-35 1.0000000180025095e-35 1.0000000180025095e-35 1.0000000180025095e-35 1.0000000180025095e-35
decision_type=2 2 2 2 2 2 2 2 2 2 2 2 2 2
left_child=11 2 3 4 5 6 7 8 -2 10 -7 12 13 -1
right_child=1 -3 -4 -5 -6 9 -8 -9 -10 -11 -12 -13 -14 -15
leaf_value=0.0077049297650273497 -0.04251680534174488 0.083287583524059614 0.050189233620767271 0.031157854279816877 0.065662772134468569 -0.08040351327751849 0.0075237970007526111 0.064811055794236364 0.063963020793888256 0.080609715817392444 0.058721880437193875 -0.071350382423056344 -0.03777082189414506 0.073026149403628046
leaf_weight=132.61156223574653 16.716530326870298 0.97393506672233243 1.8618065589107562 2.2942068446427575 0.57565287034958501 1.1226558033376928 4.5051665576174846 0.48655449319630761 0.44820818305015464 0.77745045162737358 1.2106477944180369 0.67714782990515132 1.9352123729186121 1.1867153681814659
leaf_count=5010 804 19 205 16 8 34 183 2 1 6 13 6 55 8
internal_value=0.00416838 -0.00934037 -0.0123476 -0.0164856 -0.0207152 -0.0226831 -0.0278309 -0.0368546 -0.0397364 0.0139825 -0.00821751 0.00723561 0.00762766 0.00828429
internal_weight=167.383 30.9728 29.9989 28.1371 25.8429 25.2672 22.1565 17.6513 17.1647 3.11075 2.3333 136.411 135.733 133.798
internal_count=6370 1291 1272 1067 1051 1043 990 807 805 53 47 5079 5073 5018
is_linear=0
shrinkage=0.05


Tree=156
num_leaves=15
num_cat=0
split_feature=190 181 245 60 286 278 285 256 40 296 303 184 260 129
split_gain=2.32133 2.68687 1.32882 2.74759 1.19565 3.16936 3.50139 3.37298 5.49244 2.88101 4.92557 2.47223 2.43234 2.41168
threshold=1.0000000180025095e-35 1.0000000180025095e-35 1.0000000180025095e-35 1.0000000180025095e-35 1.5000000000000002 1.0000000180025095e-35 1.0000000180025095e-35 1.0000000180025095e-35 1.0000000180025095e-35 1.5000000000000002 1.0000000180025095e-35 1.0000000180025095e-35 1.0000000180025095e-35 1.0000000180025095e-35
decision_type=2 2 2 2 2 2 2 2 2 2 2 2 2 2
left_child=4 2 -2 -4 5 6 7 13 -9 10 -8 12 -7 -1
right_child=1 -3 3 -5 -6 11 9 8 -10 -11 -12 -13 -14 -15
leaf_value=-0.00058123535207527403 -0.031199971390413514 0.081696494573826162 0.034361549127842561 -0.1131892334538251 0.0081855978729276097 -0.033215955171856423 0.066770326220595505 -0.032494218028566377 -0.27653643483129309 0.051320991207691437 -0.038066564722835317 0.078260009535256109 0.015835108234491302 0.069748656440799361
leaf_weight=76.6142191470135 11.715640904847527 0.62368124723434526 1.9337422396056365 0.37702097836881865 41.839561602217145 14.204123055445967 1.7525829363148639 3.1443070019595321 0.24879835755564261 6.118986202403903 3.1059542922303081 0.60596948862075706 3.0743961855769149 1.2386399277020235
leaf_count=3245 565 1 133 19 1097 783 17 194 17 144 95 1 20 39
internal_value=-0.000842207 -0.0198499 -0.0243652 0.0102874 0.000990433 -0.00174363 0.001992 -0.00158914 -0.0503885 0.0284964 -0.000249556 -0.0210069 -0.0244882 0.000537714
internal_weight=166.598 14.6501 14.0264 2.31076 151.948 110.108 92.2235 81.246 3.39311 10.9775 4.85854 17.8845 17.2785 77.8529
internal_count=6370 718 717 152 5652 4555 3751 3495 211 256 112 804 803 3284
is_linear=0
shrinkage=0.05


Tree=157
num_leaves=15
num_cat=0
split_feature=165 298 4 151 282 71 60 303 194 194 296 296 296 286
split_gain=2.00326 3.35257 3.70197 4.61361 5.09964 3.42809 2.366 2.28219 3.81957 2.16377 5.15718 2.83309 3.17548 2.81539
threshold=1.0000000180025095e-35 1.0000000180025095e-35 1.0000000180025095e-35 1.0000000180025095e-35 1.0000000180025095e-35 1.0000000180025095e-35 1.0000000180025095e-35 1.0000000180025095e-35 1.0000000180025095e-35 1.0000000180025095e-35 1.0000000180025095e-35 3.5000000000000004 1.0000000180025095e-35 1.0000000180025095e-35
decision_type=2 2 2 2 2 2 2 2 2 2 2 2 2 2
left_child=1 2 3 7 6 -6 -5 -1 -9 11 -11 12 13 -2
right_child=9 -3 -4 4 5 -7 -8 8 -10 10 -12 -13 -14 -15
leaf_value=0.0110146054151323 0.026839465896700412 -0.006208167579795117 0.1238610151570616 -0.049098474431062869 0.11808548373643345 -0.020199869747700328 -0.17217837809110315 0.16355853943330656 0.025896071453196657 -0.053738254189048131 0.0092096756468867842 0.033872907337348823 -0.048732403620285129 -0.051113890771370754
leaf_weight=54.830312731559388 3.3637198763899532 60.601256428984925 0.7080292571336021 3.9601419472601256 0.77317321579903353 1.0661649797111747 0.43317323829978693 0.64694672496989403 2.2784638698212794 3.8801054654177305 20.15770883881487 1.8509235009551037 9.5979421988595259 1.76657561189495
leaf_count=2301 235 1810 9 250 10 57 10 8 49 422 538 115 427 191
internal_value=-0.000885667 0.00224242 0.0101581 0.00889998 -0.0319697 0.0379289 -0.0612339 0.0133104 0.0563398 -0.0105354 -0.000951174 -0.0244313 -0.0317585 -3.13977e-06
internal_weight=165.915 125.298 64.6964 63.9884 6.23265 1.83934 4.39332 57.7557 2.92541 40.617 24.0378 16.5792 14.7282 5.1303
internal_count=6432 4504 2694 2685 327 67 260 2358 57 1928 960 968 853 426
is_linear=0
shrinkage=0.05


Tree=158
num_leaves=15
num_cat=0
split_feature=296 194 282 165 19 1 303 12 286 286 40 247 297 53
split_gain=2.12822 2.96033 7.0136 3.03082 2.3101 2.34794 2.21725 2.98829 2.32506 3.70892 3.55804 2.05207 1.99902 1.91088
threshold=1.0000000180025095e-35 1.0000000180025095e-35 1.0000000180025095e-35 1.0000000180025095e-35 1.0000000180025095e-35 1.0000000180025095e-35 1.5000000000000002 1.0000000180025095e-35 1.5000000000000002 1.0000000180025095e-35 1.0000000180025095e-35 1.0000000180025095e-35 1.0000000180025095e-35 1.0000000180025095e-35
decision_type=2 2 2 2 2 2 2 2 2 2 2 2 2 2
left_child=1 2 13 4 5 6 7 8 9 12 -10 -2 -3 -1
right_child=11 3 -4 -5 -6 -7 -8 -9 10 -11 -12 -13 -14 -15
leaf_value=0.023731005231705363 0.0067105059353347978 -0.00045463701176960063 -0.051742698250220626 -0.053968329476869498 0.034463996070478814 0.084179941391821445 0.049570360165594685 -0.052019174849766293 -0.052063787356122083 -0.051081251250518579 0.040813336566723007 -0.054679856983262415 -0.051686529510284719 0.080337210769347134
leaf_weight=9.3606510059907997 109.95240919548087 18.036585518158983 3.1515283344779155 3.927525683422572 2.9714601966552427 0.6334499716758718 1.3698454541154195 4.7941501224413505 1.3460044423118223 5.8504655327415085 4.4086631031241268 1.3782957312650967 2.1287659346126011 1.7733268514275558
leaf_count=445 2252 1291 226 425 96 1 8 525 86 632 99 131 181 19
internal_value=0.00186498 -0.00574712 0.0141075 -0.0119854 -0.00801589 -0.0112888 -0.0128829 -0.0152227 -0.00967009 -0.0160317 0.0190896 0.00595048 -0.00586296 0.0327468
internal_weight=171.083 59.7524 14.2855 45.4669 41.5394 38.5679 37.9345 36.5646 31.7705 26.0158 5.75467 111.331 20.1654 11.134
internal_count=6417 4034 690 3344 2919 2823 2822 2814 2289 2104 185 2383 1472 464
is_linear=0
shrinkage=0.05


Tree=159
num_leaves=15
num_cat=0
split_feature=38 271 40 58 291 298 260 156 170 191 188 296 19 298
split_gain=1.2903 1.28027 1.6127 2.10296 2.41845 1.61289 1.62738 1.20723 1.19258 1.02469 0.89606 0.892296 3.30103 0.854842
threshold=1.0000000180025095e-35 1.0000000180025095e-35 1.0000000180025095e-35 1.0000000180025095e-35 1.0000000180025095e-35 1.0000000180025095e-35 1.0000000180025095e-35 1.0000000180025095e-35 1.0000000180025095e-35 1.0000000180025095e-35 1.0000000180025095e-35 1.0000000180025095e-35 1.0000000180025095e-35 1.5000000000000002
decision_type=2 2 2 2 2 2 2 2 2 2 2 2 2 2
left_child=1 7 5 4 -4 6 -3 8 9 10 13 12 -12 -1
right_child=-2 2 3 -5 -6 -7 -8 -9 -10 -11 11 -13 -14 -15
leaf_value=0.0026262452138219698 -0.053126554788755054 -0.04575467416235144 -0.078187142199276763 0.052707463491549228 0.038997381824002149 0.030885945269146356 0.062568924153426436 -0.061815933478445322 0.057736376841308237 -0.062445414502871888 -0.062554888084196403 0.052700038617069261 0.061483674723919204 0.013505245850823237
leaf_weight=129.40223011863418 1.0093578281812359 1.9514251714572295 2.4638103717006752 0.50858747959136952 0.5360864889807998 2.5281682477798313 0.42163723707199086 0.68128955038264294 1.0601926250383247 0.56906563718803127 0.97199645452201289 1.9193393471650777 1.1968528926372528 20.985458789742552
leaf_count=5317 47 66 59 4 14 60 1 23 13 14 21 35 3 710
internal_value=0.00323323 0.00357759 -0.0154282 -0.0413073 -0.0572461 0.00309707 -0.0265081 0.00459702 0.00488687 0.00452548 0.00477219 0.0278688 0.00589427 0.00414433
internal_weight=166.205 165.196 8.40971 3.50848 2.9999 4.90123 2.37306 156.786 156.105 155.045 154.476 4.08819 2.16885 150.388
internal_count=6387 6340 204 77 73 127 67 6136 6113 6100 6086 59 24 6027
is_linear=0
shrinkage=0.05


Tree=160
num_leaves=15
num_cat=0
split_feature=182 263 260 253 168 299 297 282 197 288 299 165 286 1
split_gain=2.98993 2.61788 2.74134 1.78009 2.43582 1.8877 1.65734 3.20024 2.32308 3.64662 1.93185 2.35721 1.90924 3.03785
threshold=1.0000000180025095e-35 1.0000000180025095e-35 1.0000000180025095e-35 1.0000000180025095e-35 1.0000000180025095e-35 1.0000000180025095e-35 1.0000000180025095e-35 1.0000000180025095e-35 1.0000000180025095e-35 1.0000000180025095e-35 1.5000000000000002 1.0000000180025095e-35 1.0000000180025095e-35 1.0000000180025095e-35
decision_type=2 2 2 2 2 2 2 2 2 2 2 2 2 2
left_child=1 2 6 4 -2 -5 7 10 9 -9 -1 -12 13 -8
right_child=3 -3 -4 5 -6 -7 12 8 -10 -11 11 -13 -14 -15
leaf_value=-0.025653926823205442 0.029571026744181175 0.0078060615780111879 0.013646670987138024 -0.094302175426331653 -0.090953007424899646 0.0018692779817451027 -0.032505306435811496 0.013668262292833414 0.092241122125792122 -0.075980458292568387 -0.054232879935368974 0.076274018701152288 -0.0024098370763250814 0.08133803980861716
leaf_weight=49.361856678733602 10.827847358537834 21.666633174754679 10.353582026436923 0.63885352388024275 0.43609951902180988 2.5346675999462605 10.102181916357946 7.6292971700895542 0.74477471550926644 1.332446504384279 0.52764484426006553 1.0050385701470077 44.695770115882624 0.62207490205764848
leaf_count=2825 734 164 68 28 20 143 560 402 7 34 27 31 1362 1
internal_value=-0.00613365 -0.0082518 -0.0110049 0.0155857 0.0249048 -0.0174908 -0.0132048 -0.0189195 0.00739072 0.000339146 -0.0239374 0.0313454 -0.00695571 -0.0259017
internal_weight=162.479 148.041 126.375 14.4375 11.2639 3.17352 116.021 60.6011 9.70652 8.96174 50.8945 1.53268 55.42 10.7243
internal_count=6406 5481 5317 925 754 171 5249 3326 443 436 2883 58 1923 561
is_linear=0
shrinkage=0.05


Tree=161
num_leaves=15
num_cat=0
split_feature=58 276 153 12 151 246 194 53 152 93 297 271 297 23
split_gain=2.07833 1.83719 1.36282 3.5227 1.89409 1.59115 1.49285 2.65842 3.96874 3.68691 3.65127 2.40919 3.45906 2.52231
threshold=1.0000000180025095e-35 1.0000000180025095e-35 1.0000000180025095e-35 1.0000000180025095e-35 1.0000000180025095e-35 1.0000000180025095e-35 1.0000000180025095e-35 1.0000000180025095e-35 1.0000000180025095e-35 1.0000000180025095e-35 1.0000000180025095e-35 1.0000000180025095e-35 1.5000000000000002 1.0000000180025095e-35
decision_type=2 2 2 2 2 2 2 2 2 2 2 2 2 2
left_child=1 2 5 4 -4 6 7 10 9 -9 -1 12 13 -8
right_child=-2 -3 3 -5 -6 -7 11 8 -10 -11 -12 -13 -14 -15
leaf_value=0.017664811874480102 0.032266096869500924 0.022090241919947681 -0.083205433526292005 0.029121636861914886 0.02388722380140703 0.071645952033416407 0.036550645770562488 -0.053538839161247825 0.18242334143710548 0.09812593005189596 -0.018603290375007686 -0.041982463031259458 0.011520796409834239 -0.0092687720137731439
leaf_weight=21.896361656952649 5.7059935750439754 10.214012767886741 2.1778045231476422 1.6964747821912167 0.50946517917327572 0.7927449606358995 3.1415566536597899 0.77765086945146256 0.53000913932919491 0.8266979306936264 10.159416632261125 3.6743446025066069 37.324997232528403 68.38728208350949
leaf_count=1008 143 183 93 19 23 3 105 31 2 9 401 126 1103 3138
internal_value=0.00260758 0.00156364 0.000183348 -0.0272898 -0.0629023 0.000999796 0.000618082 0.00976798 0.0638 0.0246118 0.00617039 -0.00216199 -0.000817854 -0.00725638
internal_weight=167.815 162.109 151.895 4.38374 2.68727 147.511 146.718 34.1901 2.13436 1.60435 32.0558 112.528 108.854 71.5288
internal_count=6387 6244 6061 135 116 5926 5923 1451 42 40 1409 4472 4346 3243
is_linear=0
shrinkage=0.05


Tree=162
num_leaves=15
num_cat=0
split_feature=59 286 12 286 275 296 151 282 263 286 90 296 129 303
split_gain=1.83136 3.40479 1.8969 1.19729 2.54756 2.89211 3.45395 3.42415 2.68275 2.22226 2.41867 2.7159 4.77524 2.94324
threshold=1.0000000180025095e-35 1.5000000000000002 1.0000000180025095e-35 1.0000000180025095e-35 1.0000000180025095e-35 1.0000000180025095e-35 1.0000000180025095e-35 1.0000000180025095e-35 1.0000000180025095e-35 1.5000000000000002 1.0000000180025095e-35 1.0000000180025095e-35 1.0000000180025095e-35 1.5000000000000002
decision_type=2 2 2 2 2 2 2 2 2 2 2 2 2 2
left_child=3 -2 -3 4 5 7 -7 -1 -6 10 11 12 13 -5
right_child=1 2 -4 9 8 6 -8 -9 -10 -11 -12 -13 -14 -15
leaf_value=0.015398152958498805 0.028038330589518351 -0.047597147892657503 -0.16009353207589638 -0.042779351468076696 -0.0370796548010539 0.0044450085513087134 -0.072955013960667392 0.063009187092811253 0.07599289130302371 0.0087654022851146197 0.04046913360615368 -0.0025778310307098041 0.07522298258839788 0.063205208169881941
leaf_weight=22.775298547698188 1.2993702860549086 1.4774378910660741 0.50205646269023407 11.594715366256418 4.6604432307649395 21.9191545736976 1.5428181961178768 4.5270247003063551 0.59110808372497547 41.382993018836714 2.668742023408412 47.604571114294231 1.0312960569281138 0.69428448379039842
leaf_count=1708 26 34 9 1354 280 613 64 209 1 1125 19 911 62 3
internal_value=0.0021436 -0.0348492 -0.0761295 0.00289701 0.00879981 0.0122294 -0.000644681 0.0232926 -0.0243523 -0.000252734 -0.00612121 -0.00816204 -0.0281191 -0.0367916
internal_weight=164.271 3.27886 1.97949 160.992 56.0158 50.7643 23.462 27.3023 5.25155 104.977 63.5936 60.9249 13.3203 12.289
internal_count=6418 69 43 6349 2875 2594 677 1917 281 3474 2349 2330 1419 1357
is_linear=0
shrinkage=0.05


Tree=163
num_leaves=15
num_cat=0
split_feature=183 185 151 296 293 103 112 297 298 191 154 60 286 42
split_gain=2.4592 1.37887 3.13731 5.18167 2.61515 2.51709 2.26579 2.08722 7.88607 2.02728 1.85729 3.99801 1.64995 2.18922
threshold=1.0000000180025095e-35 1.0000000180025095e-35 1.0000000180025095e-35 1.5000000000000002 1.0000000180025095e-35 1.0000000180025095e-35 1.0000000180025095e-35 2.5000000000000004 1.0000000180025095e-35 1.0000000180025095e-35 1.0000000180025095e-35 1.0000000180025095e-35 1.0000000180025095e-35 1.0000000180025095e-35
decision_type=2 2 2 2 2 2 2 2 2 2 2 2 2 2
left_child=1 2 5 7 6 9 12 10 -9 -1 11 -4 -3 -14
right_child=-2 4 3 -5 -6 -7 -8 8 -10 -11 -12 -13 13 -15
leaf_value=0.00065035488846218069 0.046031121117863949 -0.018861069565924166 -0.050265314326846881 0.05692029578366184 0.042668553019720716 -0.078647554139922027 0.089674488083813592 0.17925326991948365 -0.028619724521154428 -0.12420544347380294 -0.10393260390263687 0.017840424625662515 0.002061361889667337 0.051921735185565657
leaf_weight=90.295651280204765 2.7830830849707118 8.8071309020742756 9.7063237463589775 1.8318296931684006 4.3132652291096738 1.0236040384042997 0.72526103258132835 0.53576949751004521 3.0740999751724303 0.32628989964723487 1.0650861030444509 2.7697447384707639 35.01567683252506 2.349192992784082
leaf_count=4089 36 148 852 10 105 39 2 6 135 4 12 16 877 74
internal_value=-0.000570557 -0.00137195 -0.004512 -0.0230128 0.0054114 -0.000679866 0.00198476 -0.0315501 0.00223236 0.000200804 -0.040556 -0.0351455 0.000607343 0.00519617
internal_weight=164.622 161.839 110.628 18.9829 51.2105 91.6455 46.8973 17.151 3.60987 90.6219 13.5412 12.4761 46.172 37.3649
internal_count=6405 6369 5163 1031 1206 4132 1101 1021 141 4093 880 868 1099 951
is_linear=0
shrinkage=0.05


Tree=164
num_leaves=15
num_cat=0
split_feature=165 288 299 253 296 112 298 4 172 249 74 297 296 90
split_gain=1.75948 3.02895 3.16238 2.26353 3.43575 2.56692 2.17514 2.56034 2.64449 1.84416 1.70552 2.456 1.77263 1.72848
threshold=1.0000000180025095e-35 1.0000000180025095e-35 1.5000000000000002 1.0000000180025095e-35 2.5000000000000004 1.0000000180025095e-35 1.0000000180025095e-35 1.0000000180025095e-35 1.0000000180025095e-35 1.0000000180025095e-35 1.0000000180025095e-35 1.5000000000000002 2.5000000000000004 1.0000000180025095e-35
decision_type=2 2 2 2 2 2 2 2 2 2 2 2 2 2
left_child=6 2 3 4 5 -2 7 8 9 -1 12 -12 13 -8
right_child=1 -3 -4 -5 -6 -7 10 -9 -10 -11 11 -13 -14 -15
leaf_value=0.0094757485779850947 -0.031983181908435958 0.012845617417460882 0.044173416674674462 -0.15984872951054374 0.026377683718576496 0.047174057061094656 -0.0079453411883620827 0.10133975002155626 0.056048961353541905 -0.066853744902898346 -0.051048481014512863 0.078970135525620599 0.020195660924944119 0.038866187154929441
leaf_weight=59.335992472129874 19.1670432444662 13.148309577256439 1.9766764410305757 0.29256929643452068 3.427527761552482 1.0819828489329655 49.583247778587975 0.79003291577100654 3.0678776307031503 0.80201728083193202 0.48978266143239935 1.4054592470638452 7.3275854596868149 2.053636882454156
leaf_count=2602 1273 323 103 7 162 40 1309 9 47 36 52 24 420 19
internal_value=0.00255175 -0.00670493 -0.0166124 -0.0216252 -0.0199172 -0.0277535 0.00545015 0.0118859 0.0107678 0.0084578 -0.00131724 0.0453697 -0.00281786 -0.00608361
internal_weight=163.95 39.0941 25.9458 23.9691 23.6766 20.249 124.856 63.9959 63.2059 60.138 60.8597 1.89524 58.9645 51.6369
internal_count=6426 1908 1585 1482 1475 1313 4518 2694 2685 2638 1824 76 1748 1328
is_linear=0
shrinkage=0.05


Tree=165
num_leaves=15
num_cat=0
split_feature=278 293 181 46 303 285 4 58 274 17 256 182 4 298
split_gain=1.87413 2.9559 2.82894 2.36205 2.21746 4.45892 2.63595 2.80616 2.23402 3.14737 2.53993 2.1098 2.20381 5.37074
threshold=1.0000000180025095e-35 1.0000000180025095e-35 1.0000000180025095e-35 1.0000000180025095e-35 1.0000000180025095e-35 1.0000000180025095e-35 1.0000000180025095e-35 1.0000000180025095e-35 1.0000000180025095e-35 1.0000000180025095e-35 1.0000000180025095e-35 1.0000000180025095e-35 1.0000000180025095e-35 1.0000000180025095e-35
decision_type=2 2 2 2 2 2 2 2 2 2 2 2 2 2
left_child=4 2 3 -2 5 -1 8 -8 -6 10 -10 12 -5 -14
right_child=1 -3 -4 11 6 -7 7 -9 9 -11 -12 -13 13 -15
leaf_value=-0.007352570584983409 -0.041953852515762502 0.033565353328311009 0.060684094169233538 -0.022116934320537983 0.016464894750952624 0.050892236038334086 0.026027914663240965 0.159838768795246 -0.012356125392594805 -0.059963143067195961 0.028825660080958233 0.05034416508943397 0.16097174110458828 -0.052341529384388422
leaf_weight=87.473222033353522 10.015532954130329 2.886613081675022 1.0527068525552739 13.459846314508464 23.057311449898407 3.4141592977102837 1.2801435610745091 0.56461143493652333 11.522123991278937 2.414605113444849 5.546457100659608 1.2895992589183158 0.56243377923965521 0.62075628293678164
leaf_count=4103 464 80 4 467 409 63 46 1 295 101 233 90 1 43
internal_value=-0.00319455 -0.0145258 -0.0196671 -0.0229269 -0.000690991 -0.00516462 0.00846963 0.0669825 0.00593224 -0.0065326 0.00102595 -0.0109663 -0.0163659 0.0490577
internal_weight=165.16 29.8875 27.0009 25.9482 135.273 90.8874 44.3853 1.84475 42.5405 19.4832 17.0686 15.9326 14.643 1.18319
internal_count=6400 1149 1069 1065 5251 4166 1085 47 1038 629 528 601 511 44
is_linear=0
shrinkage=0.05


Tree=166
num_leaves=15
num_cat=0
split_feature=156 148 188 303 92 93 102 153 40 93 246 281 263 23
split_gain=3.29526 1.52165 1.60706 1.52216 1.39672 1.38505 1.26212 2.34037 2.82972 3.4557 1.79707 1.54036 1.48097 1.36615
threshold=1.0000000180025095e-35 1.0000000180025095e-35 1.0000000180025095e-35 1.0000000180025095e-35 1.0000000180025095e-35 1.0000000180025095e-35 1.0000000180025095e-35 1.0000000180025095e-35 1.0000000180025095e-35 1.0000000180025095e-35 1.0000000180025095e-35 1.0000000180025095e-35 1.0000000180025095e-35 1.0000000180025095e-35
decision_type=2 2 2 2 2 2 2 2 2 2 2 2 2 2
left_child=1 2 4 -3 6 -6 7 10 -9 -10 11 13 -13 -1
right_child=-2 3 -4 -5 5 -7 -8 8 9 -11 -12 12 -14 -15
leaf_value=0.024122336915399393 -0.138880954600717 -0.034411746641325562 0.036143203027981276 0.033698068480018377 0.048912598558388566 -0.016647784722155515 0.048016503778995884 -0.0039898884480747193 -0.20426154828780718 -0.042137420706270384 0.075968433499180407 -0.080475999758499533 0.052990968527510743 -0.0021367554447325591
leaf_weight=5.1394820790737858 0.42436910513788362 0.95708134560845692 2.9553936785086981 5.7406558154616505 2.6350106387399128 1.1603653104975822 1.2582539059221733 2.0329266486223778 0.48529181326739501 1.0185308787040412 0.74885313585400481 1.0872427206486452 0.25696764886379231 136.60536925913766
leaf_count=152 23 22 51 102 31 20 17 88 14 27 3 54 2 5803
internal_value=0.000266556 0.000630878 -0.000374946 0.0239654 -0.00108299 0.0288687 -0.00184781 -0.00227354 -0.0424559 -0.0944558 -0.00128552 -0.00168983 -0.0549616 -0.00118464
internal_weight=162.506 162.081 155.384 6.69774 152.428 3.79538 148.633 147.375 3.53675 1.50382 143.838 143.089 1.34421 141.745
internal_count=6409 6386 6262 124 6211 51 6160 6143 129 41 6014 6011 56 5955
is_linear=0
shrinkage=0.05


Tree=167
num_leaves=15
num_cat=0
split_feature=164 183 214 253 12 197 303 293 103 293 53 245 168 274
split_gain=1.75668 1.30089 1.29794 1.24559 1.94517 2.84855 6.38758 1.52764 1.50636 2.06161 2.1533 1.597 2.41408 2.22257
threshold=1.0000000180025095e-35 1.0000000180025095e-35 1.0000000180025095e-35 1.0000000180025095e-35 1.0000000180025095e-35 1.0000000180025095e-35 1.0000000180025095e-35 1.0000000180025095e-35 1.0000000180025095e-35 1.5000000000000002 1.0000000180025095e-35 1.0000000180025095e-35 1.0000000180025095e-35 1.0000000180025095e-35
decision_type=2 2 2 2 2 2 2 2 2 2 2 2 2 2
left_child=1 2 3 8 5 6 7 -5 11 10 -10 13 -13 -1
right_child=-2 -3 -4 4 -6 -7 -8 -9 9 -11 -12 12 -14 -15
leaf_value=0.0033676536528187053 -0.075113112134448309 0.034425716928468929 0.049355456607155117 -0.073678890294733151 0.050318140975034592 0.0074755636675979042 -0.27003051296731084 0.05301231444931586 -0.054703595002338123 0.065568063646221628 0.051904238323570551 0.024936742177332463 -0.098003782583514359 -0.014031566690919338
leaf_weight=115.63395126280375 0.74978720990475167 2.9622442275285712 1.374583645723759 0.74327463749796086 0.62150844605639566 1.2632983913645148 0.38461942085996281 0.34997566696256399 3.3895714200916696 0.52615248877555121 0.55059958272613574 10.668995885876935 0.41482715308666307 21.817192432004958
leaf_count=4461 30 41 12 27 45 75 15 7 97 4 15 692 16 827
internal_value=0.00124178 0.00159803 0.000981543 0.000556292 -0.0295457 -0.0476533 -0.094778 -0.033122 0.00121788 -0.0273927 -0.0398062 0.00207817 0.0203355 0.00060593
internal_weight=161.451 160.701 157.739 156.364 3.36268 2.74117 1.47787 1.09325 153.001 4.46632 3.94017 148.535 11.0838 137.451
internal_count=6364 6334 6293 6281 169 124 49 34 6112 116 112 5996 708 5288
is_linear=0
shrinkage=0.05


Tree=168
num_leaves=15
num_cat=0
split_feature=129 157 246 188 302 286 184 249 172 74 288 277 214 51
split_gain=1.73616 2.67865 1.73153 1.70556 1.17924 1.2761 1.9108 1.31176 1.58476 1.14535 2.80725 0.987962 0.90286 1.03503
threshold=1.0000000180025095e-35 1.0000000180025095e-35 1.0000000180025095e-35 1.0000000180025095e-35 1.0000000180025095e-35 1.5000000000000002 1.0000000180025095e-35 1.0000000180025095e-35 1.0000000180025095e-35 1.0000000180025095e-35 1.0000000180025095e-35 1.0000000180025095e-35 1.0000000180025095e-35 1.0000000180025095e-35
decision_type=2 2 2 2 2 2 2 2 2 2 2 2 2 2
left_child=2 3 4 -2 12 6 7 8 11 10 -7 -6 13 -1
right_child=1 -3 -4 -5 5 9 -8 -9 -10 -11 -12 -13 -14 -15
leaf_value=0.0030702208441614081 -0.071416132864779311 0.047988486246043918 -0.083486853492839699 0.053556277711819533 -0.045280470483077595 0.14665968510944716 0.075714705038975982 0.059792092388800622 0.034972328571451751 -0.057823120622698676 0.030028267101377872 -0.14357861112081516 0.042618440536438505 -0.038347461231028827
leaf_weight=150.72677137737628 2.3183234443422407 0.79616386722773302 0.5684424638748159 0.30945201963186253 0.83229909930378176 0.60846131853759278 0.58908689022064198 0.35970473289489735 0.44519565440714348 0.2744489237666129 3.3925867234356701 0.36892021726816893 1.4265964897349466 1.5236584540689353
leaf_count=5857 117 6 6 2 56 4 1 1 7 4 260 18 13 34
internal_value=0.00287563 -0.0323563 0.00362436 -0.0566991 0.00393279 0.024199 -0.00345883 -0.0267077 -0.045606 0.0409872 0.047765 -0.0754699 0.00302671 0.00265573
internal_weight=164.54 3.42394 161.116 2.62778 160.548 6.8707 2.59521 2.00612 1.64641 4.2755 4.00105 1.20122 153.677 152.25
internal_count=6386 125 6261 119 6255 351 83 82 81 268 264 74 5904 5891
is_linear=0
shrinkage=0.05


Tree=169
num_leaves=15
num_cat=0
split_feature=246 296 240 81 175 163 298 274 286 293 277 299 53 286
split_gain=1.44093 1.41965 2.16179 1.47387 1.41437 1.38664 1.43534 2.20954 1.98363 3.1189 2.8224 1.71559 3.07351 2.08865
threshold=1.0000000180025095e-35 1.5000000000000002 1.0000000180025095e-35 1.0000000180025095e-35 1.0000000180025095e-35 1.0000000180025095e-35 1.5000000000000002 1.0000000180025095e-35 1.0000000180025095e-35 1.5000000000000002 1.0000000180025095e-35 1.0000000180025095e-35 1.0000000180025095e-35 1.5000000000000002
decision_type=2 2 2 2 2 2 2 2 2 2 2 2 2 2
left_child=1 2 3 4 5 6 7 -1 10 -10 -9 -8 13 -13
right_child=-2 -3 -4 -5 -6 -7 11 8 9 -11 -12 12 -14 -15
leaf_value=-0.00087395548883283352 -0.072231755018140262 0.009507031468905025 -0.074117362723536875 -0.071974568744155074 -0.065545032892935465 -0.067396940458096619 0.045550106676437649 -0.063330101836424416 -0.071508120047673096 0.065528115239496171 0.045511152022708536 -0.01052829969856797 -0.069348560722934785 0.034759442507829086
leaf_weight=104.97106701252051 0.69733723811805148 30.479334829142317 1.0448107421398152 0.74610320338979264 0.85612724022939701 0.78295702021568914 3.3327575781149781 0.97582947765476924 3.3025598753592935 0.47492137551307667 1.5287101452704519 4.7346495139645377 1.2458640105323873 5.5073066288605332
leaf_count=4311 8 1158 9 16 12 35 144 55 261 1 59 137 94 50
internal_value=-0.000514302 -0.000201699 -0.0024867 -0.00190409 -0.00149474 -0.00106248 -0.000650521 -0.00259773 -0.0314015 -0.0542793 0.00310396 0.0139665 0.00480372 0.0138238
internal_weight=160.68 159.983 129.504 128.459 127.713 126.857 126.074 111.253 6.28202 3.77748 2.50454 14.8206 11.4878 10.242
internal_count=6350 6342 5184 5175 5159 5147 5112 4687 376 262 114 425 281 187
is_linear=0
shrinkage=0.05


Tree=170
num_leaves=15
num_cat=0
split_feature=185 60 263 292 298 81 289 280 180 103 191 151 71 154
split_gain=1.55522 2.02138 4.09885 5.54796 1.91707 1.6416 1.91887 1.61876 1.59195 1.5579 1.63772 1.45412 3.22505 1.94244
threshold=1.0000000180025095e-35 1.0000000180025095e-35 1.0000000180025095e-35 1.0000000180025095e-35 1.0000000180025095e-35 1.0000000180025095e-35 1.0000000180025095e-35 1.0000000180025095e-35 1.0000000180025095e-35 1.0000000180025095e-35 1.0000000180025095e-35 1.0000000180025095e-35 1.0000000180025095e-35 1.0000000180025095e-35
decision_type=2 2 2 2 2 2 2 2 2 2 2 2 2 2
left_child=7 5 3 4 -3 -2 -7 9 -5 10 11 -1 -13 -14
right_child=1 2 -4 8 -6 6 -8 -9 -10 -11 -12 12 13 -15
leaf_value=-0.00083621598877282638 0.012345249089443101 -0.11904259121068302 0.056170223027718028 0.040048134899493611 -0.044757097578910103 -0.18125784307296855 0.0040615779472457239 0.061175875761882929 -0.10942237028660246 -0.062921375534503998 -0.11566415706382348 0.069018848594148113 -0.016853958869317981 -0.079678545276972101
leaf_weight=88.037338393158279 42.36139882938005 1.1329694690648446 1.6636941209435461 2.3717799775768076 3.7205846766009927 0.23834824608638783 0.33743534563109279 0.94866800773888726 0.19260419998317946 1.1262907020281989 0.3262080168351521 1.0356586351990724 15.227208468946628 1.3384990990161902
leaf_count=4095 813 36 22 220 86 9 17 15 10 54 4 16 984 16
internal_value=-0.000430425 0.00667251 -0.0147588 -0.0306667 -0.0620976 0.0112054 -0.0726522 -0.00385033 0.0288218 -0.00442637 -0.00380463 -0.00345921 -0.0165787 -0.0219301
internal_weight=160.059 52.0188 9.08163 7.41794 4.85355 42.9372 0.575784 108.04 2.56438 107.091 105.965 105.639 17.6014 16.5657
internal_count=6397 1213 374 352 122 839 26 5184 230 5169 5115 5111 1016 1000
is_linear=0
shrinkage=0.05


Tree=171
num_leaves=15
num_cat=0
split_feature=67 286 275 263 190 168 296 62 165 71 172 185 240 40
split_gain=1.16409 1.19419 2.45707 2.59007 2.39568 1.9138 2.09671 3.04049 1.84454 2.51171 7.10573 1.83486 1.89307 1.66007
threshold=1.0000000180025095e-35 1.0000000180025095e-35 1.0000000180025095e-35 1.0000000180025095e-35 1.0000000180025095e-35 1.0000000180025095e-35 2.5000000000000004 1.0000000180025095e-35 1.0000000180025095e-35 1.0000000180025095e-35 1.0000000180025095e-35 1.0000000180025095e-35 1.0000000180025095e-35 1.0000000180025095e-35
decision_type=2 2 2 2 2 2 2 2 2 2 2 2 2 2
left_child=1 2 11 8 -3 6 -6 -8 9 -4 -11 12 -1 -13
right_child=-2 4 3 -5 5 -7 7 -9 -10 10 -12 13 -14 -15
leaf_value=0.013719832881000133 0.052104949912564646 -0.0016699043479823279 0.038437506442515548 0.075457305900799132 -0.054048104575607228 -0.14372739623452888 0.052038859130049901 -0.10619050601782359 0.033475527485222763 -0.034282864761666483 -0.21972644438549477 -0.025953681181742978 -0.068508281114737224 0.066724087126641948
leaf_weight=45.33660689543467 1.0722586540505279 98.212880747159943 0.72462376812472928 0.58717572689056385 2.9042790145613244 0.38835720485076297 1.3209761707112191 0.39420767128467549 0.83520643622614432 3.3603851017542179 0.61039620405063022 5.2520232633687547 0.7109227329492559 0.53214554116129864
leaf_count=2455 8 3227 5 1 155 10 88 20 24 241 23 120 7 2
internal_value=0.000180318 -0.000165134 0.00557898 -0.0243888 -0.00338995 -0.0371234 -0.0281612 0.0156724 -0.0349893 -0.0471676 -0.0627896 0.00911612 0.0124503 -0.0174273
internal_weight=162.242 161.17 57.9495 6.11779 103.221 5.00782 4.61946 1.71518 5.53061 4.69541 3.97078 51.8317 46.0475 5.78417
internal_count=6386 6378 2878 294 3500 273 263 108 293 269 264 2584 2462 122
is_linear=0
shrinkage=0.05


Tree=172
num_leaves=15
num_cat=0
split_feature=72 296 90 255 53 296 71 18 156 223 164 153 289 46
split_gain=2.9964 2.11282 2.14959 1.67858 1.37901 2.78966 1.93216 1.44754 1.44654 1.42927 1.19259 1.10396 3.32538 3.73283
threshold=1.0000000180025095e-35 4.5000000000000009 1.0000000180025095e-35 1.0000000180025095e-35 1.0000000180025095e-35 1.0000000180025095e-35 1.0000000180025095e-35 1.0000000180025095e-35 1.0000000180025095e-35 1.0000000180025095e-35 1.0000000180025095e-35 1.0000000180025095e-35 1.5000000000000002 1.0000000180025095e-35
decision_type=2 2 2 2 2 2 2 2 2 2 2 2 2 2
left_child=1 4 -3 -2 6 -6 -1 8 9 10 11 12 -8 -14
right_child=3 2 -4 -5 5 -7 7 -9 -10 -11 -12 -13 13 -15
leaf_value=0.038069652267597065 -0.038109802821795859 0.038464868855566436 -0.15262955857880567 0.062272425564957913 -0.053996969998796919 0.0025675000721130346 0.00057983915284143728 0.03570561708934316 -0.083582064453852176 0.066255055913255687 -0.082028357698941082 0.01918774862899901 -0.1827710910769918 -0.0074207565615320341
leaf_weight=3.7066172217018893 6.3766253346111617 5.2289586828555903 0.15142512600868929 0.44555399008095253 3.3447272065095586 6.2581055201590061 123.75229613564443 3.0226902067661277 0.50696222949772973 0.83484043087810178 0.43496524950023641 7.7685207548202007 0.52600907604209968 0.7174958917312324
leaf_count=55 428 529 6 3 390 67 4653 25 21 7 21 177 11 22
internal_value=0.0008822 0.00229839 0.0330867 -0.0315539 0.00120043 -0.0171343 0.00244673 0.00148688 0.000718094 0.00103695 0.000628185 0.000898986 -0.000237665 -0.0815949
internal_weight=163.076 156.254 5.38038 6.82218 150.873 9.60283 141.27 137.564 134.541 134.034 133.199 132.764 124.996 1.2435
internal_count=6415 5984 535 431 5449 457 4992 4937 4912 4891 4884 4863 4686 33
is_linear=0
shrinkage=0.05


Tree=173
num_leaves=15
num_cat=0
split_feature=190 278 194 267 182 299 293 303 154 46 298 260 240 0
split_gain=2.03954 5.03685 1.4337 1.43076 1.47375 1.85257 3.13947 3.28584 1.96433 1.82248 2.31617 1.73677 2.02432 2.06905
threshold=1.0000000180025095e-35 1.0000000180025095e-35 1.0000000180025095e-35 1.0000000180025095e-35 1.0000000180025095e-35 1.5000000000000002 1.0000000180025095e-35 1.0000000180025095e-35 1.0000000180025095e-35 1.0000000180025095e-35 1.0000000180025095e-35 1.0000000180025095e-35 1.0000000180025095e-35 1.0000000180025095e-35
decision_type=2 2 2 2 2 2 2 2 2 2 2 2 2 2
left_child=3 2 -2 4 5 8 7 -7 11 10 -10 12 13 -1
right_child=1 -3 -4 -5 -6 6 -8 -9 9 -11 -12 -13 -14 -15
leaf_value=0.0029169770725383476 -0.046206346995590383 0.040256444759298737 -0.0039327200353695023 0.043646196223878518 0.018155246060317428 -0.083610245696362259 0.05342948579722126 -0.0074177881147857632 -0.0059114983239985548 -0.011438681715661043 -0.13106367625424725 0.022765073754438737 -0.059956757831565212 -0.0326799580225847
leaf_weight=107.55400471831672 7.5674135106382883 2.8354996747802934 2.7289583301171652 2.0146839525550595 11.833458805456756 2.4796706826891741 1.0614068540744481 3.2957154769683257 0.68359629251062759 5.6769014317542315 0.80505924671888351 9.8062995206564647 1.3532403297722329 4.2431639085989437
leaf_count=4383 461 85 147 16 785 97 10 93 10 68 22 65 13 131
internal_value=0.000147266 -0.0187519 -0.0350021 0.00179295 0.00122625 -0.000236438 -0.0256059 -0.0401311 0.00109651 -0.0243514 -0.0735933 0.00257954 0.000830136 0.00156593
internal_weight=163.939 13.1319 10.2964 150.807 148.793 136.959 6.83679 5.77539 130.122 7.16556 1.48866 122.957 113.15 111.797
internal_count=6386 693 608 5693 5677 4892 200 190 4692 100 32 4592 4527 4514
is_linear=0
shrinkage=0.05


Tree=174
num_leaves=15
num_cat=0
split_feature=62 165 249 303 90 214 299 129 288 165 71 151 286 12
split_gain=1.29972 3.72685 1.30714 1.13887 1.13265 1.09882 1.16231 3.67733 2.59043 3.87653 2.91487 3.17161 2.97862 2.85287
threshold=1.0000000180025095e-35 1.0000000180025095e-35 1.0000000180025095e-35 1.0000000180025095e-35 1.0000000180025095e-35 1.0000000180025095e-35 1.0000000180025095e-35 1.0000000180025095e-35 1.0000000180025095e-35 1.0000000180025095e-35 1.0000000180025095e-35 1.0000000180025095e-35 1.0000000180025095e-35 1.0000000180025095e-35
decision_type=2 2 2 2 2 2 2 2 2 2 2 2 2 2
left_child=2 -2 4 -4 5 6 7 8 9 10 11 -1 -12 -10
right_child=1 -3 3 -5 -6 -7 -8 -9 13 -11 12 -13 -14 -15
leaf_value=0.023369013263627267 -0.058933088679733028 0.038195665389289216 -0.045756636452388852 0.051934968862376189 0.034666787270328667 0.049475675200623286 -0.00029518149767176127 0.099040141269002374 0.010867408405184067 -0.027712750389610488 0.01316262519941128 0.16775174149925681 -0.025169345536840929 0.055020304678127276
leaf_weight=1.1279265908524418 2.7566252102842546 1.5389805713202802 2.1466088774614032 0.34648471884429444 3.0139597253873935 1.3006664309650648 90.090661077992991 1.1042967592366029 14.435560652520509 9.7264801609562692 23.138410598272461 0.57387463748455037 6.4892857258673748 4.9004692840389898
leaf_count=27 123 28 85 7 39 13 3183 37 434 729 1286 3 305 80
internal_value=0.00300279 -0.0241349 0.00373875 -0.0321797 0.00431314 0.00371476 0.00332212 0.00862138 0.00696803 -0.000138576 0.00842204 0.0720572 0.00476686 0.0220574
internal_weight=162.69 4.29561 158.395 2.49309 155.902 152.888 151.587 61.4963 60.392 41.056 31.3295 1.7018 29.6277 19.336
internal_count=6379 151 6228 92 6136 6097 6084 2901 2864 2350 1621 30 1591 514
is_linear=0
shrinkage=0.05


Tree=175
num_leaves=15
num_cat=0
split_feature=260 156 172 278 286 3 286 58 12 194 299 71 249 165
split_gain=2.36723 2.11998 1.23327 1.19907 1.16751 1.08547 1.61484 1.0691 2.32226 3.57029 1.3903 1.12348 1.38156 1.16614
threshold=1.0000000180025095e-35 1.0000000180025095e-35 1.0000000180025095e-35 1.0000000180025095e-35 1.0000000180025095e-35 1.0000000180025095e-35 1.0000000180025095e-35 1.0000000180025095e-35 1.0000000180025095e-35 1.0000000180025095e-35 1.0000000180025095e-35 1.0000000180025095e-35 1.0000000180025095e-35 1.0000000180025095e-35
decision_type=2 2 2 2 2 2 2 2 2 2 2 2 2 2
left_child=1 5 4 -3 -2 7 -7 11 9 -9 -10 12 -1 -13
right_child=2 3 -4 -5 -6 6 -8 8 10 -11 -12 13 -14 -15
leaf_value=0.016433398629206383 0.033260130414888366 -0.27969479388792606 0.052278172045002916 -0.052048375394086945 -0.0071111744269099879 -0.056680365958786762 0.041296964919178385 0.081340241488242676 0.085187954752569198 -0.045209621575889265 0.013036847302199084 -0.0011680493496587217 -0.070404296745418385 -0.012641038496038402
leaf_weight=10.758927738410417 3.5838300269097072 0.10237653611693431 2.7887478526681662 0.1329817499499768 3.5795343001373112 0.49194751027971451 2.8977876137942076 0.75956829264760051 1.5035543302074077 2.0933740539476267 1.200986639363691 98.057852576603182 0.4783956706523903 28.610355116135906
leaf_count=484 16 11 32 12 27 35 57 3 10 107 21 4065 7 1457
internal_value=0.000468499 -0.00112831 0.0240687 -0.15107 0.0130866 -0.000888003 0.0270777 -0.00154877 0.0199523 -0.0115169 0.0531483 -0.00241525 0.0127365 -0.00375944
internal_weight=157.04 147.088 9.95211 0.235358 7.16336 146.853 3.38974 143.463 5.55748 2.85294 2.70454 137.906 11.2373 126.668
internal_count=6344 6269 75 23 43 6246 92 6154 141 110 31 6013 491 5522
is_linear=0
shrinkage=0.05


Tree=176
num_leaves=15
num_cat=0
split_feature=256 277 243 168 298 285 245 288 1 59 17 12 163 38
split_gain=1.95263 1.85572 3.67897 1.90206 2.04878 4.0592 3.58674 2.36544 2.04335 1.28869 2.31883 2.16842 1.22559 1.20889
threshold=1.0000000180025095e-35 1.0000000180025095e-35 1.0000000180025095e-35 1.0000000180025095e-35 1.0000000180025095e-35 1.0000000180025095e-35 1.0000000180025095e-35 1.0000000180025095e-35 1.0000000180025095e-35 1.0000000180025095e-35 1.0000000180025095e-35 1.0000000180025095e-35 1.0000000180025095e-35 1.0000000180025095e-35
decision_type=2 2 2 2 2 2 2 2 2 2 2 2 2 2
left_child=9 2 -2 4 7 -6 -7 -3 -9 12 11 -11 13 -1
right_child=1 3 -4 -5 5 6 -8 8 -10 10 -12 -13 -14 -15
leaf_value=0.0043620270023472804 -0.072376277630452054 0.10015169495204862 0.016244536768505746 0.082154033672434998 -0.17638396194429182 -0.050854207346617698 0.051070172850444073 -0.18326123558669674 0.050144523094756581 -0.028395057878348808 0.045019388071382872 -0.14528853983678788 -0.059954849455115533 -0.053121645813326825
leaf_weight=149.30810558923986 3.2898643221706134 0.76391329336911418 1.8184083723463116 0.63547534402459849 0.40565674728713963 2.1272393027320504 1.452514366945252 0.16726412042044103 0.21340536884963512 1.7861333987675605 0.78855946846306313 0.51002414897084225 0.75261842226609488 0.9202528577297916
leaf_count=5589 138 9 190 2 21 47 163 14 33 40 11 8 34 40
internal_value=0.00159212 -0.0188856 -0.0408296 0.000557093 -0.00955069 -0.0264842 -0.00949756 0.0494113 -0.0524127 0.00303741 -0.0289549 -0.0543595 0.00369104 0.0040099
internal_weight=164.939 10.8737 5.10827 5.76547 5.12999 3.98541 3.57975 1.14458 0.380669 154.066 3.08472 2.29616 150.981 150.228
internal_count=6339 617 328 289 287 231 210 56 47 5722 59 48 5663 5629
is_linear=0
shrinkage=0.05


Tree=177
num_leaves=15
num_cat=0
split_feature=188 302 154 296 151 60 303 190 299 299 153 296 62 60
split_gain=1.31577 1.2616 1.54041 2.72195 2.91754 3.24927 1.84063 1.56197 2.88276 2.47797 4.55033 3.7538 2.15586 1.64393
threshold=1.0000000180025095e-35 1.0000000180025095e-35 1.0000000180025095e-35 1.5000000000000002 1.0000000180025095e-35 1.0000000180025095e-35 1.5000000000000002 1.0000000180025095e-35 1.5000000000000002 1.5000000000000002 1.0000000180025095e-35 2.5000000000000004 1.0000000180025095e-35 1.0000000180025095e-35
decision_type=2 2 2 2 2 2 2 2 2 2 2 2 2 2
left_child=1 2 6 4 5 -4 7 9 13 -1 11 -11 -10 -9
right_child=-2 -3 3 -5 -6 -7 -8 8 12 10 -12 -13 -14 -15
leaf_value=0.001806581041640185 0.027104383280597721 0.020171510053739981 -0.072197503973705987 0.012849797877577233 -0.10848283400139057 0.022851310618917282 -0.06118891208500056 -0.028378711773389381 0.036547526903190318 -0.093541446584489485 0.041097892861057181 0.050704702871383178 -0.077320265524977866 -0.14181819212140942
leaf_weight=121.96275437239092 3.9617970744147888 6.1198588924016795 1.7460590489208681 3.062872520647943 1.3924127575010059 1.8537681270390749 1.2915523070842017 8.9705666969530249 3.0135171348229046 2.6184681906597684 1.3449153235414995 0.54488241113722313 0.48219185136258591 0.33116098493337709
leaf_count=4891 78 344 49 55 16 14 29 558 107 124 44 25 16 6
internal_value=-0.00134835 -0.00207684 -0.00299301 -0.0242573 -0.0470236 -0.0232511 -0.00177441 -0.00122341 -0.0178695 0.000460988 -0.0359415 -0.0686953 0.0208408 -0.0324174
internal_weight=158.697 154.735 148.615 8.05511 4.99224 3.59983 140.56 139.268 12.7974 126.471 4.50827 3.16335 3.49571 9.30173
internal_count=6356 6278 5934 134 79 63 5800 5771 687 5084 193 149 123 564
is_linear=0
shrinkage=0.05


Tree=178
num_leaves=15
num_cat=0
split_feature=214 293 23 263 46 271 58 263 185 74 296 170 170 46
split_gain=1.41031 1.2661 1.22995 1.78203 2.09627 1.4438 2.40991 2.22351 1.31786 1.28412 1.2492 1.44027 1.22217 1.17851
threshold=1.0000000180025095e-35 1.5000000000000002 1.0000000180025095e-35 1.0000000180025095e-35 1.0000000180025095e-35 1.0000000180025095e-35 1.0000000180025095e-35 1.0000000180025095e-35 1.0000000180025095e-35 1.0000000180025095e-35 2.5000000000000004 1.0000000180025095e-35 1.0000000180025095e-35 1.0000000180025095e-35
decision_type=2 2 2 2 2 2 2 2 2 2 2 2 2 2
left_child=1 2 3 4 8 9 7 10 -1 12 11 13 -4 -7
right_child=-2 -3 5 -5 -6 6 -8 -9 -10 -11 -12 -13 -14 -15
leaf_value=-0.043896818319456646 0.05023646599095824 0.058040714151718902 -0.00018258175347941126 0.053536645682881523 -0.11758171318807698 -0.040738149216543416 0.035534427501099405 0.031141523584908105 0.022864672172871636 -0.034707159151740684 0.050580681158902477 -0.0077443681134035424 0.057351602448230843 -0.10633746152939323
leaf_weight=2.3478129052091381 1.3068870604038227 0.87540381588041682 140.47502050647745 0.59484178572893132 0.70443673292174924 1.1125179040245707 1.2944468823261557 0.87281301245093335 1.0788598787039521 2.6853439451660952 0.25325141614302982 0.87021873542107631 0.92914632987230916 1.780266017653048
leaf_count=110 14 13 5778 5 38 68 10 7 15 139 11 37 11 42
internal_value=-0.00148782 -0.00192149 -0.00226014 -0.0273758 -0.0390265 -0.00147028 -0.0251285 -0.0411898 -0.0228775 -0.000455001 -0.0569089 -0.064143 0.000195467 -0.081109
internal_weight=157.181 155.874 154.999 4.72595 4.13111 150.273 6.18351 4.88907 3.42667 144.09 4.01625 3.763 141.404 2.89278
internal_count=6298 6284 6271 168 163 6103 175 165 125 5928 158 147 5789 110
is_linear=0
shrinkage=0.05


Tree=179
num_leaves=15
num_cat=0
split_feature=190 299 274 245 165 165 286 168 296 256 296 201 40 243
split_gain=2.2037 2.08452 1.21976 2.18281 1.65724 1.58915 1.74274 1.18134 1.71751 1.10135 2.88715 3.00777 3.85835 2.1849
threshold=1.0000000180025095e-35 1.5000000000000002 1.0000000180025095e-35 1.0000000180025095e-35 1.0000000180025095e-35 1.0000000180025095e-35 1.0000000180025095e-35 1.0000000180025095e-35 1.5000000000000002 1.0000000180025095e-35 2.5000000000000004 1.0000000180025095e-35 1.0000000180025095e-35 1.0000000180025095e-35
decision_type=2 2 2 2 2 2 2 2 2 2 2 2 2 2
left_child=7 2 3 5 -4 6 -2 9 -9 -1 -11 12 13 -12
right_child=1 -3 4 -5 -6 -7 -8 8 -10 10 11 -13 -14 -15
leaf_value=0.0025226907568628703 0.026190997800605229 0.012221185916723689 -0.2986056921721334 0.05026461967011131 -0.032163688075089868 -0.052473442142587805 -0.057215915419921659 -0.033952417499603808 0.045842959034080366 -0.05486730684572956 -0.094814445099992872 0.039020320670285741 -0.20789763076964013 0.015246944837892656
leaf_weight=130.85179251013324 1.6561909029260227 3.6921681005042037 0.10028620623052198 0.78596365824341852 0.13959814643021673 5.4496399578638375 1.0071128453128038 0.85679041163530101 3.1669225469231606 3.0707692588912305 0.6054702196270233 3.0613129658158869 0.28388171875849355 1.7665824284777045
leaf_count=4988 53 140 5 64 19 401 25 14 39 175 9 213 18 184
internal_value=0.000368405 -0.0194852 -0.0322949 -0.0292958 -0.143553 -0.0370035 -0.00534884 0.00214158 0.0288517 0.00137193 -0.0157626 0.00524076 -0.0336946 -0.0128464
internal_weight=156.494 12.831 9.13879 8.89891 0.239884 8.11294 2.6633 143.664 4.02371 139.64 8.78802 5.71725 2.65593 2.37205
internal_count=6347 707 567 543 24 479 78 5640 53 5587 599 424 211 193
is_linear=0
shrinkage=0.05


Tree=180
num_leaves=15
num_cat=0
split_feature=260 299 42 286 197 93 253 298 288 292 289 223 289 58
split_gain=1.58037 2.60438 3.05863 2.68418 2.59727 4.61889 3.43085 2.5352 2.35356 2.57256 3.25169 2.38517 2.26868 2.19636
threshold=1.0000000180025095e-35 1.0000000180025095e-35 1.0000000180025095e-35 1.5000000000000002 1.0000000180025095e-35 1.0000000180025095e-35 1.0000000180025095e-35 1.0000000180025095e-35 1.0000000180025095e-35 1.0000000180025095e-35 1.5000000000000002 1.0000000180025095e-35 1.0000000180025095e-35 1.0000000180025095e-35
decision_type=2 2 2 2 2 2 2 2 2 2 2 2 2 2
left_child=1 2 4 -3 5 6 7 -1 -5 10 11 12 -10 -7
right_child=-2 3 -4 8 -6 13 -8 -9 9 -11 -12 -13 -14 -15
leaf_value=0.01558298826956946 0.022187796754503809 -0.010648625546329109 0.07692378004660097 0.030974541570342747 0.039434171567830648 -0.042099898334334161 -0.11335906571322701 -0.019326738309668523 -0.0010632248559958163 0.024377881035116334 -0.14086470965900302 0.086530071287862373 -0.047609418933534438 0.044658834135821709
leaf_weight=40.75071016815491 9.4997820262797159 58.103253991226666 1.6153020001947869 7.9863849253160906 5.6658501273486754 6.6696973892394444 0.56010825652629037 5.9614796265959731 11.095621600514276 7.1018675211817017 0.47403800301253873 0.64072942733764726 3.4262259806273496 0.81907269405201066
leaf_count=2066 73 2530 23 191 107 357 15 362 204 313 12 1 99 11
internal_value=0.00240749 0.00116199 0.00902252 -0.00432822 0.00720742 0.00387308 0.00965277 0.0111278 0.0076242 -0.00057709 -0.0119112 -0.00787962 -0.0120451 -0.0326108
internal_weight=160.37 150.87 62.0422 88.8281 60.4269 54.7611 47.2723 46.7122 30.7249 22.7385 15.6366 15.1626 14.5218 7.48877
internal_count=6364 6291 2941 3350 2918 2811 2443 2428 820 629 316 304 303 368
is_linear=0
shrinkage=0.05


Tree=181
num_leaves=15
num_cat=0
split_feature=72 299 181 286 276 296 170 296 153 298 3 194 165 58
split_gain=2.19608 2.00463 2.3381 2.73506 1.81231 1.87914 2.4361 1.51202 1.53048 1.52457 1.42842 1.51898 2.63878 3.22723
threshold=1.0000000180025095e-35 1.5000000000000002 1.0000000180025095e-35 1.0000000180025095e-35 1.0000000180025095e-35 1.0000000180025095e-35 1.0000000180025095e-35 1.0000000180025095e-35 1.0000000180025095e-35 1.0000000180025095e-35 1.0000000180025095e-35 1.0000000180025095e-35 1.0000000180025095e-35 1.0000000180025095e-35
decision_type=2 2 2 2 2 2 2 2 2 2 2 2 2 2
left_child=1 4 3 -3 10 6 -6 -5 9 -9 11 12 -1 -14
right_child=-2 2 -4 7 5 -7 -8 8 -10 -11 -12 -13 13 -15
leaf_value=0.025265603503879838 -0.027399902681158862 -0.085989718763138615 0.074707496668513909 -0.05614537673100313 -0.059138262333203823 0.03885400881590071 0.069383436068626347 0.022306506713509835 0.032653892453163191 -0.047901044239674173 0.036623169598801263 -0.0031524590645846348 -0.014824824477399939 0.095050864347849026
leaf_weight=13.692913007223979 7.6521075449418268 1.6892502401024065 0.58137810230255205 1.7061458278913049 1.2179728494957078 5.8601545854471624 0.5287829041481017 1.2068816176615658 1.9904656140133736 2.1521119654644281 2.6373067745007566 105.65014600841096 10.24265439098235 0.7149400897324093
leaf_count=416 472 54 1 109 58 76 1 34 38 75 72 4395 573 2
internal_value=-0.00127286 6.11284e-05 -0.0223871 -0.0288422 0.00155074 0.0252863 -0.0202318 -0.01516 -0.00208818 -0.0226756 0.000192561 -0.000544801 0.0106314 -0.00765587
internal_weight=157.523 149.871 9.32623 8.74486 140.545 7.60691 1.74676 7.05561 5.34946 3.35899 132.938 130.301 24.6505 10.9576
internal_count=6376 5904 311 310 5593 135 59 256 147 109 5458 5386 991 575
is_linear=0
shrinkage=0.05


Tree=182
num_leaves=15
num_cat=0
split_feature=183 247 129 157 188 62 243 165 253 53 152 194 184 184
split_gain=2.74786 1.671 1.32121 2.9438 1.36772 1.21912 1.38296 1.50657 1.30155 1.38907 3.40462 5.02154 3.46399 1.80164
threshold=1.0000000180025095e-35 1.0000000180025095e-35 1.0000000180025095e-35 1.0000000180025095e-35 1.0000000180025095e-35 1.0000000180025095e-35 1.0000000180025095e-35 1.0000000180025095e-35 1.0000000180025095e-35 1.0000000180025095e-35 1.0000000180025095e-35 1.0000000180025095e-35 1.0000000180025095e-35 1.0000000180025095e-35
decision_type=2 2 2 2 2 2 2 2 2 2 2 2 2 2
left_child=1 2 5 4 -4 8 7 -7 9 13 12 -12 -11 -1
right_child=-2 -3 3 -5 -6 6 -8 -9 -10 10 11 -13 -14 -15
leaf_value=0.0066955340112238347 0.055518817959879757 -0.054040980228473701 -0.065520330601987822 0.064763029405740566 0.052881612861149278 -0.060504051748487157 0.050168570597636221 0.011902711062649278 -0.025861924802021669 -0.03961729825059427 0.17539392487852312 -0.032125139471346098 0.083312941811062108 -0.057233210908174376
leaf_weight=133.07026460196357 2.4657733812928191 1.3041709326207627 2.3057615805882961 0.668257426470518 0.27275643963366736 2.1878310459433123 0.53275266243144859 1.0696415903512386 3.5116719845682374 6.3103362971451116 0.54135492257773876 0.63165616104379274 0.63029861450195301 1.1112924518529315
leaf_count=5249 34 135 113 4 3 66 66 18 166 391 2 37 1 13
internal_value=0.00315336 0.00231571 0.00279659 -0.0287584 -0.0529957 0.00348144 -0.024514 -0.0367282 0.00420918 0.00495129 -0.0151385 0.0636467 -0.0284537 0.00616608
internal_weight=156.614 154.148 152.844 3.24678 2.57852 149.597 3.79023 3.25747 145.807 142.295 8.11365 1.17301 6.94063 134.182
internal_count=6298 6264 6129 120 116 6009 150 84 5859 5693 431 39 392 5262
is_linear=0
shrinkage=0.05


Tree=183
num_leaves=15
num_cat=0
split_feature=4 297 185 298 40 286 277 185 194 185 71 72 157 197
split_gain=1.03943 2.38472 3.38659 2.82886 1.20367 2.87527 3.31711 3.21262 3.13053 2.63378 2.27154 2.17995 4.75631 2.7741
threshold=1.0000000180025095e-35 1.5000000000000002 1.0000000180025095e-35 1.0000000180025095e-35 1.0000000180025095e-35 1.0000000180025095e-35 1.0000000180025095e-35 1.0000000180025095e-35 1.0000000180025095e-35 1.0000000180025095e-35 1.0000000180025095e-35 1.0000000180025095e-35 1.0000000180025095e-35 1.0000000180025095e-35
decision_type=2 2 2 2 2 2 2 2 2 2 2 2 2 2
left_child=4 2 -2 -3 11 6 9 -8 10 -6 -7 -1 13 -13
right_child=1 3 -4 -5 5 8 7 -9 -10 -11 -12 12 -14 -15
leaf_value=0.0025388034813071769 -0.051923597196163143 0.14412031628928657 0.047843299468610025 0.025808278458719736 -0.052338545121793825 0.012695517606485466 -0.048971152746285135 -0.19425097280623921 0.0027287212831737092 0.027873758758072815 -0.052108634032256379 -0.034900537608207348 -0.27041795527234447 0.06650475404259816
leaf_weight=96.241751092369668 2.1665619853883973 0.59510177373886142 1.400428810156882 3.345697388635017 2.4092841467354438 1.8516446143621577 1.0394605584442613 0.60028431331738819 30.600612619891763 1.7790722539648411 5.0137845266144714 4.7742767168674609 0.19725109823048104 0.78538452344946552
leaf_count=4093 304 1 6 136 196 94 65 14 896 10 154 315 12 16
internal_value=-0.00127649 0.0168649 -0.0127543 0.0436746 -0.00221392 -0.00919921 -0.0418693 -0.102156 -0.00411715 -0.0182671 -0.0346306 0.000751045 -0.029136 -0.0205755
internal_weight=152.801 7.50779 3.56699 3.9408 145.293 43.2941 5.8281 1.63974 37.466 4.18836 6.86543 101.999 5.75691 5.55966
internal_count=6312 447 310 137 5865 1429 285 79 1144 206 248 4436 343 331
is_linear=0
shrinkage=0.05


Tree=184
num_leaves=15
num_cat=0
split_feature=38 286 271 185 151 299 263 40 185 4 103 157 60 263
split_gain=1.19087 0.942277 2.54532 2.36444 2.11175 3.305 2.11535 2.23259 2.74259 2.07106 1.9219 1.90048 1.69895 2.79354
threshold=1.0000000180025095e-35 1.0000000180025095e-35 1.0000000180025095e-35 1.0000000180025095e-35 1.0000000180025095e-35 1.0000000180025095e-35 1.0000000180025095e-35 1.0000000180025095e-35 1.0000000180025095e-35 1.0000000180025095e-35 1.0000000180025095e-35 1.0000000180025095e-35 1.0000000180025095e-35 1.0000000180025095e-35
decision_type=2 2 2 2 2 2 2 2 2 2 2 2 2 2
left_child=1 2 4 10 6 -6 7 -1 -9 11 -3 -7 -5 -14
right_child=-2 3 -4 12 5 9 -8 8 -10 -11 -12 -13 13 -15
leaf_value=0.019121620584286559 -0.05458187075940614 -0.0038530158922988398 -0.074166528784066585 0.01571899665594689 -0.048530865961095272 -0.033481013683374555 -0.10221390700364737 -0.052451647298530628 0.021084885419080015 0.093056508741802296 -0.06970521371107867 0.072389793244475739 -0.019308828053132901 0.05568982671725984
leaf_weight=41.647915317909792 0.87379192281514306 60.904776507173665 0.8985698011238118 32.723068217979744 3.5402522974181911 1.4491938313003636 0.38606801629066367 2.5587907808367154 2.5133319972082973 0.78378260601311911 1.1285048928693857 0.599132565781474 8.2826505820266867 1.4605679800733931
leaf_count=2173 43 2321 87 718 277 73 3 212 20 29 56 2 371 19
internal_value=0.00362933 0.00394948 0.00928749 0.00117182 0.0106897 -0.0163244 0.0143441 0.0153073 -0.0160129 0.0239351 -0.00505099 -0.00251395 0.0102619 -0.00806607
internal_weight=159.75 158.877 54.377 104.5 53.4785 6.37236 47.1061 46.72 5.07212 2.83211 62.0333 2.04833 42.4663 9.74322
internal_count=6404 6361 2876 3485 2789 381 2408 2405 232 104 2377 75 1108 390
is_linear=0
shrinkage=0.05


Tree=185
num_leaves=15
num_cat=0
split_feature=72 93 198 285 182 273 197 245 60 281 303 304 71 93
split_gain=1.64183 1.40297 1.4001 1.26209 1.21029 1.14617 0.885494 2.23265 0.970294 0.817494 2.80692 1.43602 1.33851 0.941118
threshold=1.0000000180025095e-35 1.0000000180025095e-35 1.0000000180025095e-35 1.0000000180025095e-35 1.0000000180025095e-35 1.0000000180025095e-35 1.0000000180025095e-35 1.0000000180025095e-35 1.0000000180025095e-35 1.0000000180025095e-35 1.0000000180025095e-35 1.0000000180025095e-35 1.0000000180025095e-35 1.0000000180025095e-35
decision_type=2 2 2 2 2 2 2 2 2 2 2 2 2 2
left_child=2 6 5 4 -3 9 7 8 -2 12 -11 -12 -1 -14
right_child=1 3 -4 -5 -6 -7 -8 -9 -10 10 11 -13 13 -15
leaf_value=0.031861722475002602 -0.054065747033172309 -0.058567649396825863 0.043628145610988794 0.035013937482794466 0.050211867159195039 -0.050044149294281415 -0.085203843031161741 0.050270401050692595 0.046032326275240121 -0.080399543980787386 -0.057393464766489356 0.035256346715948073 0.0052504156913728483 -0.0035228578297180849
leaf_weight=4.0268174270167938 2.9369414113461971 0.98124635708518348 2.0986512303352347 1.6801119244191793 0.34582105651497841 1.0304515967145551 0.80509423464536656 0.74536109808832396 0.26384807098656882 1.2698389361612492 0.55425949743948888 1.7040308197028935 102.75590665114578 43.511108408449218
leaf_count=58 206 74 16 49 33 16 29 59 3 39 53 30 4362 1331
internal_value=0.00195281 -0.0205 0.0030627 0.00622589 -0.0302207 0.00251293 -0.0374154 -0.0276656 -0.0458144 0.00286501 -0.0209254 0.012517 0.00342349 0.00264057
internal_weight=164.709 7.75842 156.951 3.00718 1.32707 154.852 4.75124 3.94615 3.20079 153.822 3.52813 2.25829 150.294 146.267
internal_count=6358 453 5905 156 107 5889 297 268 209 5873 122 83 5751 5693
is_linear=0
shrinkage=0.05


Tree=186
num_leaves=15
num_cat=0
split_feature=260 299 194 298 288 112 183 282 256 182 165 81 296 23
split_gain=2.67997 1.82223 2.5384 2.86078 2.59503 2.15911 1.6432 1.65009 2.79082 2.96808 2.51554 1.72861 1.57969 2.05181
threshold=1.0000000180025095e-35 1.0000000180025095e-35 1.0000000180025095e-35 1.5000000000000002 1.0000000180025095e-35 1.0000000180025095e-35 1.0000000180025095e-35 1.0000000180025095e-35 1.0000000180025095e-35 1.0000000180025095e-35 1.0000000180025095e-35 1.0000000180025095e-35 1.0000000180025095e-35 1.0000000180025095e-35
decision_type=2 2 2 2 2 2 2 2 2 2 2 2 2 2
left_child=1 2 -1 5 -5 6 7 11 10 -10 -9 12 -4 -14
right_child=-2 -3 3 4 -6 -7 -8 8 9 -11 -12 -13 13 -15
leaf_value=0.013085298593880204 0.027176449865177789 0.0038952933098094218 -0.031721749228843778 -0.05299133218500688 0.055836490810769281 0.062768010877976191 0.044455245976567276 0.043802018625369601 -0.077121102949353246 0.014625865560855196 -0.05112135045639199 -0.16303573050878439 0.041448781940603474 -0.016759930922930929
leaf_weight=12.239321162225677 9.143617610447107 88.445993717352394 19.80424636596581 0.69507982069626395 2.584782054880634 0.86347746942192216 1.0606321757659305 3.8805982646299508 1.793634214438498 1.7334674992598593 0.85101279639638949 0.21949064265936513 1.6936869723722328 14.262808945029972
leaf_count=600 66 3358 1641 96 49 19 8 110 53 180 56 8 11 173
internal_value=0.000895687 -0.000704953 -0.00730123 -0.0123478 0.0327733 -0.0155536 -0.0170466 -0.0185211 0.00163458 -0.0320301 0.0267294 -0.0231475 -0.0222889 -0.0105814
internal_weight=159.272 150.128 61.6822 49.4429 3.27986 46.1631 45.2996 44.2389 8.25871 3.5271 4.73161 35.9802 35.7607 15.9565
internal_count=6428 6362 3004 2404 145 2259 2240 2232 399 233 166 1833 1825 184
is_linear=0
shrinkage=0.05


Tree=187
num_leaves=15
num_cat=0
split_feature=38 103 53 60 244 223 303 278 286 299 151 304 129 286
split_gain=0.961723 0.950321 1.36095 1.08989 3.00682 2.46396 1.45024 1.80638 2.45704 4.12866 2.16073 2.77857 2.11628 2.48105
threshold=1.0000000180025095e-35 1.0000000180025095e-35 1.0000000180025095e-35 1.0000000180025095e-35 1.0000000180025095e-35 1.0000000180025095e-35 1.0000000180025095e-35 1.0000000180025095e-35 1.5000000000000002 1.5000000000000002 1.0000000180025095e-35 1.0000000180025095e-35 1.0000000180025095e-35 1.0000000180025095e-35
decision_type=2 2 2 2 2 2 2 2 2 2 2 2 2 2
left_child=1 3 -3 6 5 -5 7 10 -9 -10 12 -12 13 -1
right_child=-2 2 -4 4 -6 -7 -8 8 9 -11 11 -13 -14 -15
leaf_value=0.0076598496770176319 -0.049632976989624211 -0.033507516502261699 0.051602571532997701 -0.014737294733535668 0.096714258909964462 0.08522680470161581 0.012416204845183878 0.0037954697253973942 0.066103659758560696 -0.055596738945243564 -0.0542032336665213 -0.0044152501100344884 0.079880927320118464 -0.012889106987154201
leaf_weight=41.374100714921951 0.90313823102041979 3.4582184736500485 0.54352200671564777 19.172481399495162 0.66312035033479233 0.63691157102584739 39.514409263851121 12.603681365028025 4.0977129018865517 0.83969746343791474 4.2394480113871369 8.2664212812669575 0.84781316574662824 22.774943440337665
leaf_count=2052 46 116 18 451 2 1 1037 668 78 29 553 169 31 1123
internal_value=0.00181736 0.00210954 -0.0219477 0.00273052 -0.00801735 -0.0115232 0.00436577 0.0010188 0.0155079 0.0454063 -0.0022605 -0.0212932 0.00140153 0.000364319
internal_weight=159.936 159.032 4.00174 155.031 20.4725 19.8094 134.558 95.0438 17.5411 4.93741 77.5027 12.5059 64.9969 64.149
internal_count=6374 6328 134 6194 454 452 5740 4703 775 107 3928 722 3206 3175
is_linear=0
shrinkage=0.05


Tree=188
num_leaves=15
num_cat=0
split_feature=168 62 51 165 256 197 38 251 276 247 60 67 197 289
split_gain=2.45406 1.9682 1.62637 1.27821 1.0956 1.09036 0.93921 0.873356 1.75534 0.848236 1.18573 0.819613 0.809188 1.16494
threshold=1.0000000180025095e-35 1.0000000180025095e-35 1.0000000180025095e-35 1.0000000180025095e-35 1.0000000180025095e-35 1.0000000180025095e-35 1.0000000180025095e-35 1.0000000180025095e-35 1.0000000180025095e-35 1.0000000180025095e-35 1.0000000180025095e-35 1.0000000180025095e-35 1.0000000180025095e-35 1.0000000180025095e-35
decision_type=2 2 2 2 2 2 2 2 2 2 2 2 2 2
left_child=1 2 6 4 12 -6 7 9 -9 11 -11 -1 -3 -14
right_child=-2 3 -4 -5 5 -7 -8 8 -10 10 -12 -13 13 -15
leaf_value=0.0029409434966814912 0.042533517926455183 -0.035939754414300439 -0.052018993444442045 0.0083091214863167066 -0.063359000682984321 0.046487656166655261 -0.048063044771606674 0.050353135452245283 -0.10783942726795333 -0.053968823373499834 0.057344093897818263 0.048403184496219588 -0.060388868312252375 -0.1739032517749711
leaf_weight=143.40465281822253 3.758312090067192 0.57531549152918093 1.3552177499514062 1.1424703982193025 0.48997614858672012 0.41917715175077319 0.89497212134301563 1.876014445908367 0.19344121776521195 1.2979321342427272 0.29330483078956593 0.99829698074608941 0.50044140731915832 0.41216788534075022
leaf_count=5801 54 23 37 26 25 50 48 144 7 137 1 10 14 12
internal_value=0.00261492 0.00163979 0.0025076 -0.0352135 -0.0559569 -0.0127127 0.00300368 0.00331236 0.0355662 0.00285516 -0.0334511 0.00325524 -0.0823799 -0.111656
internal_weight=157.612 153.853 150.314 3.53955 2.39708 0.909153 148.959 148.064 2.06946 145.994 1.59124 144.403 1.48792 0.912609
internal_count=6389 6335 6185 150 124 75 6148 6100 151 5949 138 5811 49 26
is_linear=0
shrinkage=0.05


Tree=189
num_leaves=15
num_cat=0
split_feature=260 156 247 277 274 243 256 277 297 286 168 296 286 280
split_gain=1.49919 2.01992 1.2954 1.23042 1.16916 1.1095 1.1927 3.64447 2.24865 3.10671 1.24795 1.63794 2.77805 2.01845
threshold=1.0000000180025095e-35 1.0000000180025095e-35 1.0000000180025095e-35 1.0000000180025095e-35 1.0000000180025095e-35 1.0000000180025095e-35 1.0000000180025095e-35 1.0000000180025095e-35 1.0000000180025095e-35 1.5000000000000002 1.0000000180025095e-35 1.5000000000000002 2.5000000000000004 1.0000000180025095e-35
decision_type=2 2 2 2 2 2 2 2 2 2 2 2 2 2
left_child=1 2 5 -3 -2 6 10 -8 -9 -10 11 12 13 -1
right_child=4 3 -4 -5 -6 -7 7 8 9 -11 -12 -13 -14 -15
leaf_value=0.0013947784760173234 0.028328066275529654 -0.051570222623071094 -0.052322006817494895 -0.28672863387018072 -0.0215271292629391 0.031156204996042935 -0.061029947121884989 0.086196366637544347 0.030948851076508039 -0.068481788672954721 -0.040849457286265684 0.016996636484866205 -0.053426582074694362 0.067479443363115524
leaf_weight=114.58120384195354 8.6804918553680146 0.13858007546514173 1.0956683272961516 0.092924397205933928 1.3602364840917296 3.2458673811051986 2.9375668043503529 0.8147716955281793 2.0901581912767146 1.2586824083700774 1.6311297636711959 18.457739802543074 2.300551042193546 1.167236073873936
leaf_count=4799 62 19 136 5 13 411 138 9 46 18 39 555 70 15
internal_value=0.00287033 0.00161676 0.00184517 -0.145961 0.0215741 0.00224487 0.00159874 -0.0183854 0.0117017 -0.00642277 0.00262606 0.00314555 0.000979841 0.00206119
internal_weight=159.853 149.812 149.581 0.231504 10.0407 148.485 145.239 7.10118 4.16361 3.34884 138.138 136.507 118.049 115.748
internal_count=6335 6260 6236 24 75 6100 5689 211 73 64 5478 5439 4884 4814
is_linear=0
shrinkage=0.05


Tree=190
num_leaves=15
num_cat=0
split_feature=296 152 274 278 151 60 74 42 286 303 53 42 93 4
split_gain=2.46422 3.10641 3.47304 2.05449 5.25541 2.44807 2.34399 3.57898 2.00568 4.92863 1.86394 2.71527 1.76522 3.01259
threshold=1.0000000180025095e-35 1.0000000180025095e-35 1.0000000180025095e-35 1.0000000180025095e-35 1.0000000180025095e-35 1.0000000180025095e-35 1.0000000180025095e-35 1.0000000180025095e-35 1.0000000180025095e-35 1.0000000180025095e-35 1.0000000180025095e-35 1.0000000180025095e-35 1.0000000180025095e-35 1.0000000180025095e-35
decision_type=2 2 2 2 2 2 2 2 2 2 2 2 2 2
left_child=1 3 10 8 5 6 -5 -8 -1 -10 11 -3 13 -6
right_child=-2 2 -4 4 12 -7 7 -9 9 -11 -12 -13 -14 -15
leaf_value=-0.0088862757610784007 0.0038414885834088999 -0.05686353873637362 -0.052528886632601302 -0.032921588382173399 -0.051403485363927116 0.082208965912618726 -0.055601388821153432 0.10762896041704571 -0.05253666318814755 0.007558931541283999 0.14526904290606377 0.081734095588795588 0.10357525113192485 0.093667607673961026
leaf_weight=26.208471582853235 104.2279180183541 0.48877773049753126 0.77799186552874733 6.5734017258509976 0.67484191514085889 0.62588810920715321 0.58054558257572331 0.79660433880053461 9.8733565856236947 5.2132408526376812 0.60139232617802907 1.2756798872724175 1.4612838169559836 0.76188767317216843
leaf_count=1808 2320 32 83 586 101 1 27 14 1092 234 8 4 24 22
internal_value=-0.000701314 -0.00916954 0.0391144 -0.0120461 0.00666987 -0.0130001 -0.0204952 0.0388183 -0.0172467 -0.0317704 0.0692506 0.0433407 0.0648816 0.0255267
internal_weight=160.141 55.9134 3.14384 52.7695 11.4745 8.57644 7.95055 1.37715 41.2951 15.0866 2.36585 1.76446 2.89801 1.43673
internal_count=6356 4036 127 3909 775 628 627 41 3134 1326 44 36 147 123
is_linear=0
shrinkage=0.05


Tree=191
num_leaves=15
num_cat=0
split_feature=214 72 93 46 286 296 291 148 194 296 19 286 62 276
split_gain=1.16 1.08184 1.55604 1.45342 1.87983 2.22484 1.9477 3.03806 2.42673 2.39884 13.626 7.19982 3.16693 2.2766
threshold=1.0000000180025095e-35 1.0000000180025095e-35 1.0000000180025095e-35 1.0000000180025095e-35 2.5000000000000004 3.5000000000000004 1.0000000180025095e-35 1.0000000180025095e-35 1.0000000180025095e-35 4.5000000000000009 1.0000000180025095e-35 1.5000000000000002 1.0000000180025095e-35 1.0000000180025095e-35
decision_type=2 2 2 2 2 2 2 2 2 2 2 2 2 2
left_child=1 3 -3 -1 6 -6 9 8 -8 12 11 -11 13 -5
right_child=-2 2 -4 4 5 -7 7 -9 -10 10 -12 -13 -14 -15
leaf_value=0.0038077784213627099 0.04711826906267047 -0.039013830265229844 0.0094757641246589544 -0.015405162101414453 -0.082601580774531197 0.015637101920334819 -0.044670986766563843 -0.11333338441130261 0.027261107909021594 -0.63820463999925281 0.050208263159244509 -0.14215824552007481 0.051396907025312522 0.043172003681425139
leaf_weight=105.67006672138814 1.2974733035080124 4.1561816283501676 2.7486903262324631 29.706996712717231 1.6600061777280637 0.88284388650208701 1.3325342343887285 0.45404084073379714 9.7635315526276809 0.13451549736782809 0.57014525588601828 0.16034956136718392 2.0919802418211466 1.7568005134817202
leaf_count=4508 13 285 161 859 48 66 53 8 269 11 82 14 33 28
internal_value=3.06352e-05 -0.000348628 -0.0197111 0.000518489 -0.00664607 -0.0484944 -0.00433125 0.0134355 0.0186227 -0.010293 -0.0925046 -0.368451 -0.00817371 -0.0121345
internal_weight=162.386 161.089 6.90487 154.184 48.5137 2.54285 45.9709 11.5501 11.0961 34.4208 0.86501 0.294865 33.5558 31.4638
internal_count=6438 6425 446 5979 1471 114 1357 330 322 1027 107 25 920 887
is_linear=0
shrinkage=0.05


Tree=192
num_leaves=15
num_cat=0
split_feature=291 194 168 74 42 296 163 194 278 60 151 299 152 58
split_gain=1.5549 3.09232 2.41833 1.42533 3.74977 1.40794 1.18486 1.13876 2.09707 3.31324 2.96352 2.99751 2.40471 2.50867
threshold=1.0000000180025095e-35 1.0000000180025095e-35 1.0000000180025095e-35 1.0000000180025095e-35 1.0000000180025095e-35 3.5000000000000004 1.0000000180025095e-35 1.0000000180025095e-35 1.0000000180025095e-35 1.0000000180025095e-35 1.0000000180025095e-35 1.5000000000000002 1.0000000180025095e-35 1.0000000180025095e-35
decision_type=2 2 2 2 2 2 2 2 2 2 2 2 2 2
left_child=3 2 5 6 -5 -2 7 8 12 10 11 -10 13 -1
right_child=1 -3 -4 4 -6 -7 -8 -9 9 -11 -12 -13 -14 -15
leaf_value=-0.0068689793480020819 -0.036743889881063314 0.022021857012121313 -0.19423573158130736 -0.028488063637896452 0.112370765672919 0.050308304234178626 -0.066877784262586407 -0.0031324406704787222 -0.048930886279191593 -0.10810619218720829 0.10899341879934393 0.051470862090798264 0.047305674266074162 0.08666823812001101
leaf_weight=21.066674396977771 2.3790438144933468 18.327847809297964 0.21287488378584374 0.9339985845144827 0.95615342352539301 0.57716179359704245 0.67823874531313677 102.09123998746509 1.035357209388166 0.37116199079900969 1.3848764738067982 2.6362053542397916 2.586253486108034 0.74207741767167945
leaf_count=1071 95 841 3 77 10 46 36 3922 81 13 15 73 40 3
internal_value=0.00165 0.0141363 -0.0314688 -0.000345928 0.0427669 -0.019748 -0.000960518 -0.000621602 0.00797371 0.036083 0.0466671 0.0231582 0.00171971 -0.00368623
internal_weight=155.979 21.4969 3.16908 134.482 1.89015 2.95621 132.592 131.914 29.8226 5.4276 5.05644 3.67156 24.395 21.8088
internal_count=6326 985 144 5341 87 141 5254 5218 1296 182 169 154 1114 1074
is_linear=0
shrinkage=0.05


Tree=193
num_leaves=15
num_cat=0
split_feature=93 214 185 60 303 303 260 40 141 171 302 154 303 168
split_gain=1.60996 1.6196 1.88748 2.35974 2.59239 2.23575 3.59874 1.86659 1.9145 1.53434 1.52796 1.46652 2.09113 1.63519
threshold=1.0000000180025095e-35 1.0000000180025095e-35 1.0000000180025095e-35 1.0000000180025095e-35 1.0000000180025095e-35 1.0000000180025095e-35 1.0000000180025095e-35 1.0000000180025095e-35 1.0000000180025095e-35 1.0000000180025095e-35 1.0000000180025095e-35 1.0000000180025095e-35 1.5000000000000002 1.0000000180025095e-35
decision_type=2 2 2 2 2 2 2 2 2 2 2 2 2 2
left_child=-1 2 3 5 -5 6 -2 -7 9 10 -9 13 -13 -4
right_child=1 -3 11 4 -6 7 -8 8 -10 -11 -12 12 -14 -15
leaf_value=0.004226472765058123 -0.052261004978017125 0.065307716934801127 0.010453074207504028 0.061909715561858515 -0.016563200129417217 0.017782297226749243 0.03292001958786208 -0.056412045841074614 0.066701488795630787 0.043178831801763684 0.049674141235609294 -0.08145546028268498 0.023655269219941526 -0.070324083631120735
leaf_weight=112.54047833976801 9.103993132128382 0.76241333782672782 17.511628773063428 1.792213016655295 2.5497398939915001 4.179416386585217 1.435460232198239 3.8208375490503386 0.49299487471580494 0.53162492066621769 0.37250782805494953 1.1457670470699657 0.80607198830693949 0.64976232405751844
leaf_count=4794 657 5 468 11 24 135 13 154 1 4 6 42 24 16
internal_value=0.00102636 -0.00694943 -0.00819041 -0.0175744 0.0158278 -0.0248489 -0.0406595 -0.00711679 -0.0270601 -0.036843 -0.0469881 0.003137 -0.0380468 0.0075631
internal_weight=157.695 45.1544 44.392 24.2788 4.34195 19.9368 10.5395 9.39738 5.21797 4.72497 4.19335 20.1132 1.95184 18.1614
internal_count=6354 1560 1555 1005 35 970 670 300 165 164 160 550 66 484
is_linear=0
shrinkage=0.05


Tree=194
num_leaves=15
num_cat=0
split_feature=296 129 277 154 42 42 60 297 151 240 152 53 92 154
split_gain=3.62357 2.65175 2.04866 3.00547 2.22066 1.71098 2.22675 1.65037 2.37433 1.58351 1.56565 2.34964 1.6787 2.13776
threshold=1.0000000180025095e-35 1.0000000180025095e-35 1.0000000180025095e-35 1.0000000180025095e-35 1.0000000180025095e-35 1.0000000180025095e-35 1.0000000180025095e-35 2.5000000000000004 1.0000000180025095e-35 1.0000000180025095e-35 1.0000000180025095e-35 1.0000000180025095e-35 1.0000000180025095e-35 1.0000000180025095e-35
decision_type=2 2 2 2 2 2 2 2 2 2 2 2 2 2
left_child=10 2 4 5 -2 9 -7 8 -5 -4 -1 12 13 -12
right_child=1 -3 3 7 -6 6 -8 -9 -10 -11 11 -13 -14 -15
leaf_value=-0.012561122286642646 -0.0020764355013998793 -0.061852253459140173 0.024508330171054298 -0.018429048101709197 0.035120961828787642 0.0072031724775602135 -0.11543754460887688 0.027904247721973953 -0.119532857346201 -0.044704403146516039 -0.055141341576750449 0.10100694269661099 0.074260058287261441 0.066478271194779559
leaf_weight=52.158741752034985 55.915291830082424 1.443640601588412 32.449531009420753 2.5599695742130275 4.3224997465731567 1.3421961260028172 0.5110437674447893 1.1616322631016371 0.7510602194815873 0.84799192007630964 1.3784234595950691 0.74864124762825657 0.57774943113327015 0.48967784643173207
leaf_count=3890 1469 29 627 33 85 36 10 21 9 14 104 26 1 1
internal_value=-0.000192667 0.0054284 0.00640104 0.0152311 0.000592748 0.0201432 -0.0266159 -0.023373 -0.041363 0.0227457 -0.0104801 0.0234987 -0.000225474 -0.0232617
internal_weight=156.658 101.305 99.8612 39.6234 60.2378 35.1508 1.85324 4.47266 3.31103 33.2975 55.3532 3.19449 2.44585 1.8681
internal_count=6355 2333 2304 750 1554 687 46 63 42 641 4022 132 106 105
is_linear=0
shrinkage=0.05


Tree=195
num_leaves=15
num_cat=0
split_feature=164 163 214 263 247 194 60 53 184 296 297 53 297 286
split_gain=1.25622 1.04879 0.923865 0.856198 1.53013 1.1503 1.85303 1.60171 2.82491 2.82151 1.40728 1.24348 2.46988 1.72346
threshold=1.0000000180025095e-35 1.0000000180025095e-35 1.0000000180025095e-35 1.0000000180025095e-35 1.0000000180025095e-35 1.0000000180025095e-35 1.0000000180025095e-35 1.0000000180025095e-35 1.0000000180025095e-35 1.5000000000000002 3.5000000000000004 1.0000000180025095e-35 1.0000000180025095e-35 1.5000000000000002
decision_type=2 2 2 2 2 2 2 2 2 2 2 2 2 2
left_child=1 2 3 4 5 6 11 10 9 -9 -7 12 -1 -14
right_child=-2 -3 -4 -5 -6 7 -8 8 -10 -11 -12 -13 13 -15
leaf_value=0.021961617224565234 -0.064235788214596065 -0.055614712342311773 0.048061608821167133 0.014346426790833087 -0.053690232555661577 0.001864255522559057 -0.042854235509320077 -0.054551304823365468 0.080238823000657863 0.016986049571530586 0.03861280631065353 0.052010458992658541 -0.035787447325447586 0.015777954429804588
leaf_weight=18.033176192082475 0.66492695105262001 0.71890953008551051 1.230915427673607 19.53786968998611 1.174025329761206 94.414582481782418 1.4304140568710852 4.3401981596834949 0.61681371927261341 2.0197644266299903 2.67911439819727 2.1512153428047887 3.7908282012213013 2.8301969929598272
leaf_count=896 33 36 13 181 139 4248 51 363 1 35 56 37 288 60
internal_value=0.00434255 0.0046368 0.00491761 0.00457055 0.00313963 0.00364391 0.0125945 0.0012155 -0.0219246 -0.0318328 0.00287826 0.0155534 0.0123723 -0.0137455
internal_weight=155.633 154.968 154.249 153.018 133.48 132.306 28.2358 104.07 6.97678 6.35996 97.0937 26.8054 24.6542 6.62103
internal_count=6437 6404 6368 6355 6174 6035 1332 4703 399 398 4304 1281 1244 348
is_linear=0
shrinkage=0.05


Tree=196
num_leaves=15
num_cat=0
split_feature=190 194 168 168 282 156 289 286 286 299 194 165 19 291
split_gain=1.30669 2.14501 1.88378 1.63054 1.64894 1.5005 1.46563 1.26864 2.39207 4.0641 2.32819 2.2517 3.33122 2.78585
threshold=1.0000000180025095e-35 1.0000000180025095e-35 1.0000000180025095e-35 1.0000000180025095e-35 1.0000000180025095e-35 1.0000000180025095e-35 1.5000000000000002 1.5000000000000002 1.0000000180025095e-35 1.5000000000000002 1.0000000180025095e-35 1.0000000180025095e-35 1.0000000180025095e-35 1.0000000180025095e-35
decision_type=2 2 2 2 2 2 2 2 2 2 2 2 2 2
left_child=3 2 -2 5 -5 7 -7 8 9 -1 11 13 -13 -9
right_child=1 -3 -4 4 -6 6 -8 10 -10 -11 -12 12 -14 -15
leaf_value=0.010845977177567474 0.0031968678043978052 -0.051753488905957247 -0.10199349912668772 -0.0061857883494342335 0.064748537273895734 0.0085531540685918703 -0.15963142980001543 0.063939024245395285 -0.0061015911200561646 -0.12106951407831296 0.0047231371928004341 -0.060513473934341727 0.05719227516497203 -0.019327343915001165
leaf_weight=47.871851223171689 9.5534310041693935 2.6945139437448224 0.44546137144789177 1.3070614440366619 2.1953256078995764 0.24323764687869598 0.27711467072367668 5.5066611180081946 53.452677072375081 0.59107498126104374 27.164833093993366 1.332521858625114 1.0951034054160118 1.2286513284780083
leaf_count=2385 516 162 8 30 19 23 3 49 2117 41 872 69 15 30
internal_value=0.00321188 -0.0121594 -0.00148948 0.00458335 0.0382764 0.00373294 -0.0810139 0.00405193 0.00119226 0.00923708 0.0120746 0.033869 -0.00741633 0.0487496
internal_weight=154.96 12.6934 9.99889 142.266 3.50239 138.764 0.520352 138.243 101.916 48.4629 36.3278 9.16294 2.42763 6.73531
internal_count=6339 686 524 5653 49 5604 26 5578 4543 2426 1035 163 84 79
is_linear=0
shrinkage=0.05


Tree=197
num_leaves=15
num_cat=0
split_feature=90 275 148 171 185 156 59 286 81 182 151 282 185 164
split_gain=1.18526 0.878462 0.822087 1.54966 3.57877 1.46696 1.15953 1.8322 1.62293 1.52318 1.48915 2.30758 3.56845 1.45397
threshold=1.0000000180025095e-35 1.0000000180025095e-35 1.0000000180025095e-35 1.0000000180025095e-35 1.0000000180025095e-35 1.0000000180025095e-35 1.0000000180025095e-35 1.5000000000000002 1.0000000180025095e-35 1.0000000180025095e-35 1.0000000180025095e-35 1.0000000180025095e-35 1.0000000180025095e-35 1.0000000180025095e-35
decision_type=2 2 2 2 2 2 2 2 2 2 2 2 2 2
left_child=2 -2 6 5 -5 -4 7 8 10 -8 13 12 -12 -1
right_child=1 -3 3 4 -6 -7 9 -9 -10 -11 11 -13 -14 -15
leaf_value=0.0012243583225860554 -0.0071071089195757194 0.049766372276834746 0.042230710914493687 -0.11704984783720865 0.056590853544810832 -0.039940784185553108 -0.051526460100016304 0.011158521409446658 -0.089721806868089699 0.050528405194452078 -0.052165387464467597 0.016741582830898147 0.00073377414560898534 -0.11163364580799431
leaf_weight=91.329787142632995 0.98406666144728605 2.1898473100736737 4.2593108046567059 0.60537710622884311 0.58202890050597489 0.62253170460462559 2.0472245332784946 34.410823173937388 0.5255997572094192 0.44510683137923468 6.4121695431531425 4.2327890534652388 6.3403545655310154 0.28627857996616413
leaf_count=4172 12 30 77 23 15 5 39 1018 17 22 649 192 66 8
internal_value=0.00189202 0.0321328 0.00126097 0.0192919 -0.0319367 0.0317522 0.000511574 0.00109867 -0.00207348 -0.0333004 -0.00164929 -0.0152471 -0.0258648 0.000871704
internal_weight=155.273 3.17391 152.099 6.06925 1.18741 4.88184 146.03 143.538 109.127 2.49233 108.601 16.9853 12.7525 91.6161
internal_count=6345 42 6303 120 38 82 6183 6122 5104 61 5087 907 715 4180
is_linear=0
shrinkage=0.05


Tree=198
num_leaves=15
num_cat=0
split_feature=244 58 286 296 163 293 103 53 245 60 277 72 23 197
split_gain=1.52786 1.35159 2.26341 2.13554 1.16021 0.894226 1.13123 1.62293 1.21526 2.90993 2.64992 3.1732 2.81783 2.65198
threshold=1.0000000180025095e-35 1.0000000180025095e-35 1.5000000000000002 1.0000000180025095e-35 1.0000000180025095e-35 1.5000000000000002 1.0000000180025095e-35 1.0000000180025095e-35 1.0000000180025095e-35 1.0000000180025095e-35 1.0000000180025095e-35 1.0000000180025095e-35 1.0000000180025095e-35 1.0000000180025095e-35
decision_type=2 2 2 2 2 2 2 2 2 2 2 2 2 2
left_child=1 4 -3 -4 5 6 8 -8 -1 -10 11 13 -12 -11
right_child=-2 2 3 -5 -6 -7 7 -9 9 10 12 -13 -14 -15
leaf_value=0.0050367345269860852 -0.04477712954886115 -0.063857393617102035 -0.056394742669767475 0.037099634080493271 -0.06329995357443001 0.056978646296981454 -0.035449310028427557 0.053417110676693025 0.035029392722541436 -0.067153693228980765 -0.19591436507039051 -0.23007027291483229 0.050947645698352542 0.050497507578091322
leaf_weight=130.36254170711618 1.5552457845769811 1.8804637670982618 0.89989804849028621 1.9009789964184163 0.60403100296389212 0.85985277779400249 3.1827255713287737 0.61266103805974115 10.027271848171948 1.5290372886229304 0.12467411905527082 0.21826521819457401 1.5877050287090242 0.69746438693255175
leaf_count=5114 77 90 35 27 31 15 91 17 545 75 4 11 170 64
internal_value=0.00453307 0.00502948 -0.0214266 0.00706068 0.00585622 0.00613619 0.00584149 -0.0211043 0.006549 0.0204476 -0.0147246 -0.0481341 0.0329742 -0.0302988
internal_weight=156.043 154.488 4.68134 2.80088 149.806 149.202 148.342 3.79539 144.547 14.1844 4.15715 2.44477 1.71238 2.2265
internal_count=6366 6289 152 62 6137 6106 6091 108 5983 869 324 150 174 139
is_linear=0
shrinkage=0.05


Tree=199
num_leaves=15
num_cat=0
split_feature=296 185 303 194 282 277 245 299 296 1 81 256 190 168
split_gain=0.907834 1.45528 1.1892 2.45454 2.75086 2.17007 2.95009 2.14835 2.42789 1.71311 1.17388 1.13856 1.09132 1.11752
threshold=1.5000000000000002 1.0000000180025095e-35 1.0000000180025095e-35 1.0000000180025095e-35 1.0000000180025095e-35 1.0000000180025095e-35 1.0000000180025095e-35 1.0000000180025095e-35 3.5000000000000004 1.0000000180025095e-35 1.0000000180025095e-35 1.0000000180025095e-35 1.0000000180025095e-35 1.0000000180025095e-35
decision_type=2 2 2 2 2 2 2 2 2 2 2 2 2 2
left_child=10 -2 3 5 -5 6 -3 8 -6 -9 11 -1 -4 -14
right_child=1 2 12 4 7 -7 -8 9 -10 -11 -12 -13 13 -15
leaf_value=0.00096251427600935538 0.036559471542834752 -0.059041928683480162 0.019352973018946437 0.010245820273242934 -0.082709918470068422 0.10565149910714583 0.050823093334329196 -0.12121288014813214 0.013246780117711946 0.050105436448694952 -0.068338533694935991 -0.051372729334506255 -0.00068310964946942301 -0.093111975341320735
leaf_weight=123.18826159887249 4.3556732661090818 1.0123126669786875 13.387770552653816 3.4198224483989197 1.0909441616386177 0.71816863771527994 1.5413886541500688 1.2293289665831251 1.6656993930228052 0.16557501582428802 0.62201940570957859 1.0480604117619794 1.4730899138376123 0.42033798620104779
leaf_count=5051 79 19 525 85 33 7 87 55 147 34 15 129 83 5
internal_value=0.00206654 0.00980286 0.00534178 -0.00732229 -0.0229605 0.0288657 0.0072715 -0.050314 -0.0247282 -0.100877 0.000177968 0.000521013 0.014328 -0.0212022
internal_weight=155.338 30.4801 26.1244 10.8432 7.57137 3.27187 2.5537 4.15155 2.75664 1.3949 124.858 124.236 15.2812 1.89343
internal_count=6354 1159 1080 467 354 113 106 269 180 89 5195 5180 613 88
is_linear=0
shrinkage=0.05


Tree=200
num_leaves=15
num_cat=0
split_feature=296 253 129 157 188 247 197 277 293 288 298 53 184 152
split_gain=1.33044 1.31425 1.24715 2.05542 1.68723 1.258 1.18637 1.94212 4.19764 1.48111 1.16836 1.06673 2.34057 2.62017
threshold=5.5000000000000009 1.0000000180025095e-35 1.0000000180025095e-35 1.0000000180025095e-35 1.0000000180025095e-35 1.0000000180025095e-35 1.0000000180025095e-35 1.0000000180025095e-35 1.0000000180025095e-35 1.5000000000000002 1.5000000000000002 1.0000000180025095e-35 1.0000000180025095e-35 1.0000000180025095e-35
decision_type=2 2 2 2 2 2 2 2 2 2 2 2 2 2
left_child=1 2 5 4 -4 11 7 8 -3 -9 -8 -1 13 -13
right_child=-2 6 3 -5 -6 -7 10 9 -10 -11 -12 12 -14 -15
leaf_value=0.0013044196660443813 0.050187416545407038 -0.13200070628726207 -0.072445447048573836 0.037189433185262015 0.052557165280764963 -0.053642047231885995 0.050491625176794064 0.050401063459028207 0.052274520216226597 -0.10905746843420992 -0.045982600110839746 -0.036940386664555333 0.077875982549653416 0.041686074546392157
leaf_weight=136.07652338931803 1.2518043818417925 1.1785273626446717 2.0217624554643407 0.79835394909605373 0.31154364952817548 1.0916981112677593 0.71019695349968992 0.60368089145049442 0.4188769795000552 0.19192023202776909 0.56230746349319816 6.5880509931012039 0.60364472866058339 1.2626533959992228
leaf_count=5329 189 34 109 7 4 135 51 36 12 6 32 382 1 39
internal_value=-0.00114875 -0.00157037 -0.000841549 -0.0320607 -0.0557551 -0.000170171 -0.0311475 -0.0518904 -0.0836794 0.0119354 0.00786059 0.000233723 -0.0169996 -0.0242946
internal_weight=153.672 152.42 148.754 3.13166 2.33331 145.623 3.66551 2.39301 1.5974 0.795601 1.2725 144.531 8.45435 7.8507
internal_count=6366 6177 6006 120 113 5886 171 88 46 42 83 5751 422 421
is_linear=0
shrinkage=0.05


Tree=201
num_leaves=15
num_cat=0
split_feature=198 12 304 278 290 42 58 290 154 40 165 278 282 129
split_gain=0.860574 1.10142 5.79752 2.27329 2.0612 2.08649 1.93233 2.12241 1.85314 3.95503 1.25875 1.86589 3.52825 1.93168
threshold=1.0000000180025095e-35 1.0000000180025095e-35 1.0000000180025095e-35 1.0000000180025095e-35 1.0000000180025095e-35 1.0000000180025095e-35 1.0000000180025095e-35 1.0000000180025095e-35 1.0000000180025095e-35 1.0000000180025095e-35 1.0000000180025095e-35 1.0000000180025095e-35 1.0000000180025095e-35 1.0000000180025095e-35
decision_type=2 2 2 2 2 2 2 2 2 2 2 2 2 2
left_child=1 6 -3 8 5 -5 10 -8 -4 -10 11 13 -13 -1
right_child=-2 2 3 4 -6 -7 7 -9 9 -11 -12 12 -14 -15
leaf_value=0.00098718753502431635 0.030898877034457546 -0.053892063054994971 0.018926892156932412 -0.066705148393713443 0.039517153367763853 0.023626651121430642 -0.026627082729418113 -0.17850999846507165 -0.18236583817943303 0.047659513349340432 -0.0061715304001094245 0.024871877442239034 -0.062503768080431205 0.075491987804999397
leaf_weight=74.009864367137197 2.2732111224904648 5.7061905932496328 12.549874109914526 2.6284432876855131 0.91773739457130421 0.84468986140564073 1.9962689324747764 0.25996651547029603 0.35720304632559496 0.39188041165471077 31.047230066498742 18.086959917214703 1.2342008331324894 0.88032164145260949
leaf_count=2828 21 693 170 50 3 31 111 4 7 13 1694 639 90 32
internal_value=0.000363892 -9.60652e-05 -0.0100684 0.00406777 -0.0271261 -0.0447358 0.00173363 -0.0441272 0.0143669 -0.0620289 0.0025597 0.00543707 0.0192905 0.00186298
internal_weight=153.184 150.911 23.396 17.6898 4.39087 3.47313 127.515 2.25624 13.299 0.749083 125.259 94.2113 19.3212 74.8902
internal_count=6386 6365 967 274 84 81 5398 115 190 20 5283 3589 729 2860
is_linear=0
shrinkage=0.05


Tree=202
num_leaves=15
num_cat=0
split_feature=190 181 198 154 288 299 303 289 292 303 60 58 296 260
split_gain=1.51357 1.56686 0.99244 1.0489 2.14416 1.76615 1.82778 2.60928 2.60884 1.70911 1.50453 1.26075 1.14169 1.10339
threshold=1.0000000180025095e-35 1.0000000180025095e-35 1.0000000180025095e-35 1.0000000180025095e-35 1.0000000180025095e-35 1.0000000180025095e-35 1.5000000000000002 1.0000000180025095e-35 1.0000000180025095e-35 1.5000000000000002 1.0000000180025095e-35 1.0000000180025095e-35 2.5000000000000004 1.0000000180025095e-35
decision_type=2 2 2 2 2 2 2 2 2 2 2 2 2 2
left_child=2 -2 3 9 -5 -6 7 10 -9 11 -7 13 -11 -1
right_child=1 -3 -4 4 5 6 -8 8 -10 12 -12 -13 -14 -15
leaf_value=0.00037506276050814361 -0.020402789890867537 0.068462455721425827 0.037776720081396695 0.014520378030809522 0.050802314652830888 -0.073810487138921368 0.016892477739415181 -0.2176457809632594 -0.059758979499045628 -0.096480516662603419 -0.0020469105142424341 0.026977805648050409 -0.0036771488865243451 0.019782031293944666
leaf_weight=116.8528620650759 12.063376524602059 0.51730030775070268 1.8451096117496479 3.6012044188100827 0.54064789600670327 1.3474976057186723 0.979960630647838 0.45049928361549951 0.62408059928566217 0.7282255827449251 1.594686480704695 5.0903504330199203 0.60817873477935791 7.8138781008310607
leaf_count=5250 683 1 19 63 12 22 25 9 24 12 14 144 21 67
internal_value=-0.000126298 -0.0167488 0.00134559 0.000866248 -0.0155119 -0.0350432 -0.0443317 -0.0592684 -0.12595 0.00200797 -0.0349141 0.00258736 -0.054247 0.00159146
internal_weight=154.658 12.5807 142.077 140.232 9.13858 5.53737 4.99672 4.01676 1.07458 131.093 2.94218 129.757 1.3364 124.667
internal_count=6366 684 5682 5663 169 106 94 69 33 5494 36 5461 33 5317
is_linear=0
shrinkage=0.05


Tree=203
num_leaves=15
num_cat=0
split_feature=17 297 157 0 303 152 296 263 58 148 281 296 246 67
split_gain=1.42823 1.84986 1.67957 1.58012 1.50491 1.45945 1.37699 1.33613 1.9223 1.78576 1.594 1.53138 1.18511 1.05094
threshold=1.0000000180025095e-35 2.5000000000000004 1.0000000180025095e-35 1.0000000180025095e-35 1.5000000000000002 1.0000000180025095e-35 1.0000000180025095e-35 1.0000000180025095e-35 1.0000000180025095e-35 1.0000000180025095e-35 1.0000000180025095e-35 1.5000000000000002 1.0000000180025095e-35 1.0000000180025095e-35
decision_type=2 2 2 2 2 2 2 2 2 2 2 2 2 2
left_child=2 5 4 6 7 -2 -3 8 9 10 13 -9 -4 -1
right_child=1 3 12 -5 -6 -7 -8 11 -10 -11 -12 -13 -14 -15
leaf_value=-0.0074219123148067502 0.035168898996475115 -0.055908324410728273 0.0097499417315924722 -0.078644060058158854 0.063056065607938999 -0.046954550235947246 0.020918412715047279 0.0027776414634283599 0.030334805207262169 -0.12445933129078222 -0.077204974473789989 0.048076732420529254 0.080251330695904108 0.045965163591898069
leaf_weight=99.914156540296972 7.6439146715565567 0.76349204761208955 17.679253347741909 0.73040208593010891 0.82824583188630541 0.58220254769548763 2.4703827807679772 14.198346430435778 3.4028648131061336 0.32736229430884023 0.81340854172594745 2.1479549328796557 0.61687660217285056 0.93040468078106542
leaf_count=5194 196 59 628 12 10 9 45 103 74 10 32 26 1 10
internal_value=-0.000583196 0.0158354 -0.00200412 -0.0122219 -0.0041136 0.0293566 0.00278023 -0.00457061 -0.00663362 -0.00786712 -0.00749166 0.00873008 0.012127 -0.00692936
internal_weight=153.049 12.1904 140.859 3.96428 122.563 8.22612 3.23387 121.734 105.388 101.985 101.658 16.3463 18.2961 100.845
internal_count=6409 321 6088 116 5459 205 104 5449 5320 5246 5236 129 629 5204
is_linear=0
shrinkage=0.05


Tree=204
num_leaves=15
num_cat=0
split_feature=297 23 65 129 299 148 194 286 53 277 282 152 112 288
split_gain=1.27456 3.03584 1.77237 1.78979 2.37496 1.52505 1.41707 1.97227 1.92469 1.87565 2.78706 1.73603 1.70951 1.88404
threshold=1.5000000000000002 1.0000000180025095e-35 1.0000000180025095e-35 1.0000000180025095e-35 1.0000000180025095e-35 1.0000000180025095e-35 1.0000000180025095e-35 1.5000000000000002 1.0000000180025095e-35 1.0000000180025095e-35 1.0000000180025095e-35 1.0000000180025095e-35 1.0000000180025095e-35 1.0000000180025095e-35
decision_type=2 2 2 2 2 2 2 2 2 2 2 2 2 2
left_child=1 -1 3 5 -5 6 7 8 -3 12 11 -11 13 -8
right_child=-2 2 -4 4 -6 -7 9 -9 -10 10 -12 -13 -14 -15
leaf_value=0.039395584948064839 0.0056165053936723403 0.0056136223391070415 0.044388791601521552 0.087062919191339197 -0.063367838350754088 -0.1182743768327234 -0.023638017706091391 -0.037589396663145418 0.083791225907099351 0.014926091580761898 -0.061283252727595508 -0.059307192344015949 0.056570185966811654 -0.0029033464733690274
leaf_weight=3.8859554664231828 55.295567265944555 19.57620235031937 1.7321605058386911 1.0492936705704767 0.34985675138887007 0.30986648425459762 33.156274741340894 2.5865061801159746 0.82027959311380882 13.730802895035593 1.4829020703909925 0.83551561343483705 0.80714494548737903 16.36195057455916
leaf_count=123 1668 1038 38 40 36 9 2101 102 15 498 154 22 25 483
internal_value=-0.000438167 -0.00390093 -0.00571398 -0.00666697 0.0494478 -0.00754258 -0.00715859 0.00354177 0.00875767 -0.0108637 0.00402001 0.0106681 -0.0156103 -0.0167868
internal_weight=151.98 96.6847 92.7988 91.0666 1.39915 89.6674 89.3576 22.983 20.3965 66.3746 16.0492 14.5663 50.3254 49.5182
internal_count=6352 4684 4561 4523 76 4447 4438 1155 1053 3283 674 520 2609 2584
is_linear=0
shrinkage=0.05


Tree=205
num_leaves=15
num_cat=0
split_feature=164 260 156 151 105 81 286 253 1 243 201 286 296 103
split_gain=1.15366 1.20776 1.4561 1.11488 0.907216 1.45451 1.75506 1.53327 3.44776 2.49548 5.29881 1.12213 1.39965 1.17537
threshold=1.0000000180025095e-35 1.0000000180025095e-35 1.0000000180025095e-35 1.0000000180025095e-35 1.0000000180025095e-35 1.0000000180025095e-35 2.5000000000000004 1.0000000180025095e-35 1.0000000180025095e-35 1.0000000180025095e-35 1.0000000180025095e-35 2.5000000000000004 1.5000000000000002 1.0000000180025095e-35
decision_type=2 2 2 2 2 2 2 2 2 2 2 2 2 2
left_child=1 2 4 -3 5 11 7 8 9 -7 -11 -1 13 -13
right_child=-2 3 -4 -5 -6 6 -8 -9 -10 10 -12 12 -14 -15
leaf_value=0.0020200380964185772 -0.063522504498519858 0.030083272832718683 -0.12737748119378389 -0.014073332871258365 0.046098108400012661 -0.073433507046402308 0.050218554386850037 -0.26608038376346732 0.041682351372623196 -0.50880189162698619 0.050077883167107609 -0.073976202679016542 0.0038681779177948601 0.024383999931320035
leaf_weight=136.75137413584162 0.67581228481139888 6.5329767633229476 0.22096967085963015 1.829866182990372 1.1100875278934825 0.44908923981711157 0.3562935662921517 0.097599762491881736 0.47907813196070492 0.11039806052576751 0.068868192844092846 1.580913285491987 2.0745366336777806 0.37594673200510431
leaf_count=5857 30 53 19 16 79 12 47 11 79 11 17 51 78 10
internal_value=0.00166033 0.00195007 0.000874913 0.0204214 0.00107247 0.000721329 -0.0472725 -0.0760978 -0.0593544 -0.136388 -0.294099 0.0012536 -0.0247453 -0.0550795
internal_weight=152.714 152.038 143.675 8.36284 143.454 142.344 1.56133 1.20503 1.10743 0.628355 0.179266 140.783 4.0314 1.95686
internal_count=6370 6340 6271 69 6252 6173 177 130 119 40 28 5996 139 61
is_linear=0
shrinkage=0.05


Tree=206
num_leaves=15
num_cat=0
split_feature=263 162 17 250 42 148 58 275 12 194 282 1 299 286
split_gain=1.65148 1.40124 1.24594 1.46125 1.65174 1.3926 1.37285 2.21883 1.9724 2.6314 1.2597 2.25667 2.23851 2.08492
threshold=1.0000000180025095e-35 1.0000000180025095e-35 1.0000000180025095e-35 1.0000000180025095e-35 1.0000000180025095e-35 1.0000000180025095e-35 1.0000000180025095e-35 1.0000000180025095e-35 1.0000000180025095e-35 1.0000000180025095e-35 1.0000000180025095e-35 1.0000000180025095e-35 1.0000000180025095e-35 1.0000000180025095e-35
decision_type=2 2 2 2 2 2 2 2 2 2 2 2 2 2
left_child=1 2 5 4 -4 6 10 -8 9 -9 11 -1 13 -12
right_child=-2 -3 3 -5 -6 -7 7 8 -10 -11 12 -13 -14 -15
leaf_value=-0.0087178148761444443 0.010857200239748814 0.035855638591596066 0.025771369328205743 -0.063574408092649262 -0.046017189144396807 -0.094419392549319317 -0.060569496473356958 0.064288783763851221 0.068112411196939601 -0.053726881583728604 0.040098915323548548 -0.076207348907575134 -0.012221322612638393 -0.0025238393182614315
leaf_weight=87.202572153706569 21.540313938166946 2.1563267658930263 7.6375565891503321 0.58305472903885025 0.89516772818751622 0.44550195871852238 0.71728808293118973 0.84246792271733251 2.1190191456116736 1.0750815647188574 5.8154527524020541 1.2564593488350499 11.382922716788014 5.6629992587259039
leaf_count=4301 191 53 187 35 68 18 32 4 18 78 289 48 669 353
internal_value=-0.00195005 -0.00410881 -0.00479473 0.0130071 0.01824 -0.00618744 -0.0058488 0.0204647 0.0348643 -0.00187716 -0.00697249 -0.00967643 0.00349001 0.0190706
internal_weight=149.332 127.792 125.636 9.11578 8.53272 116.52 116.074 4.75386 4.03657 1.91755 111.32 88.459 22.8614 11.4785
internal_count=6344 6153 6100 290 255 5810 5792 132 100 82 5660 4349 1311 642
is_linear=0
shrinkage=0.05


Tree=207
num_leaves=15
num_cat=0
split_feature=297 191 194 93 129 282 299 165 288 172 296 151 184 188
split_gain=2.82878 3.34736 2.20454 2.39834 2.5346 2.1604 5.55234 2.87537 2.05598 2.10038 1.89443 2.20479 1.77754 1.80908
threshold=1.0000000180025095e-35 1.0000000180025095e-35 1.0000000180025095e-35 1.0000000180025095e-35 1.0000000180025095e-35 1.0000000180025095e-35 1.0000000180025095e-35 1.0000000180025095e-35 1.0000000180025095e-35 1.0000000180025095e-35 1.0000000180025095e-35 1.0000000180025095e-35 1.0000000180025095e-35 1.0000000180025095e-35
decision_type=2 2 2 2 2 2 2 2 2 2 2 2 2 2
left_child=1 2 -1 4 5 -4 7 10 9 -5 11 -7 13 -2
right_child=12 -3 3 8 -6 6 -8 -9 -10 -11 -12 -13 -14 -15
leaf_value=0.021660828734287426 -0.0087835562398653009 -0.17869248312970426 0.00075462507952731744 -0.059262040796657936 0.088217509147605899 0.14797029348670379 -0.048435192084480383 -0.024014714283284624 0.019234774114438073 0.045394336984848731 0.033048618689277026 0.053119848424207729 0.050244787666912684 0.029837539228135423
leaf_weight=21.94104864844121 69.179464539978653 0.24015666544437309 41.357176214456558 3.6960428738966575 0.93213111441582341 1.3068118519149712 1.6217098501510916 0.87133562564849842 1.7107000076211987 0.55085943266749371 1.5586536813061682 1.1534431397449225 1.3775332472287107 3.1711221055593333
leaf_count=1018 2590 2 2020 270 48 37 82 72 58 8 79 27 5 66
internal_value=0.000979183 0.00768574 0.00826931 0.00290353 0.00655963 0.00496955 0.0317384 0.0583256 -0.0270451 -0.0456872 0.0761777 0.103501 -0.00601954 -0.0070908
internal_weight=150.668 76.9401 76.6999 54.7589 48.8013 47.8691 6.51195 4.89024 5.9576 4.2469 4.01891 2.46025 73.7281 72.3506
internal_count=6382 3721 3719 2701 2365 2317 297 215 336 278 143 64 2661 2656
is_linear=0
shrinkage=0.05


Tree=208
num_leaves=15
num_cat=0
split_feature=286 71 172 185 44 185 0 286 4 40 278 181 260 17
split_gain=1.67294 2.20988 5.16425 3.63378 1.7308 2.0396 2.31646 2.95939 1.64957 3.44316 1.99472 2.29948 2.28499 1.87313
threshold=1.0000000180025095e-35 1.0000000180025095e-35 1.0000000180025095e-35 1.0000000180025095e-35 1.0000000180025095e-35 1.0000000180025095e-35 1.0000000180025095e-35 1.5000000000000002 1.0000000180025095e-35 1.0000000180025095e-35 1.0000000180025095e-35 1.0000000180025095e-35 1.0000000180025095e-35 1.0000000180025095e-35
decision_type=2 2 2 2 2 2 2 2 2 2 2 2 2 2
left_child=1 -1 8 -4 5 -2 -7 -8 10 -10 13 12 -12 -3
right_child=4 2 3 -5 -6 6 7 -9 9 -11 11 -13 -14 -15
leaf_value=0.026435361004383692 -0.0035788124376220486 -0.007991783335505381 0.0009949414673578801 -0.17973600011208568 0.044339832859803502 0.015443122899194152 0.015114318475882042 -0.069281366358878688 -0.049827763348611928 0.088178475831856826 -0.055159300586154127 0.067015455399626694 0.054170629419116573 0.042624827782110006
leaf_weight=4.4711441411636761 57.00216511223698 40.325444550369866 0.44100831123068818 0.75299536436796188 2.5316378853749475 34.989644035231322 2.2442375291138879 1.9337434363551436 0.71509150217752782 1.2282497766427696 5.1756321187131098 0.49756732583045948 0.52652899175882328 1.9145481017185364
leaf_count=212 2364 2143 29 9 54 943 67 72 127 18 331 1 3 29
internal_value=-0.000386199 -0.00728504 -0.0102082 -0.112983 0.00353135 0.00245708 0.0112414 -0.0239475 -0.00777262 0.0373963 -0.00958474 -0.0360689 -0.0450639 -0.00569756
internal_weight=154.75 56.0482 51.5771 1.194 98.7014 96.1698 39.1676 4.17798 50.3831 1.94334 48.4397 6.19973 5.70216 42.24
internal_count=6402 2902 2690 38 3500 3446 1082 139 2652 145 2507 335 334 2172
is_linear=0
shrinkage=0.05


Tree=209
num_leaves=15
num_cat=0
split_feature=299 290 181 291 175 286 260 296 293 299 129 40 271 286
split_gain=1.57329 2.03047 1.67158 1.55721 1.53502 1.67585 1.88705 1.65748 2.6951 2.6248 3.30332 3.22649 1.65368 2.23714
threshold=1.5000000000000002 1.0000000180025095e-35 1.0000000180025095e-35 1.0000000180025095e-35 1.0000000180025095e-35 1.5000000000000002 1.0000000180025095e-35 1.0000000180025095e-35 1.0000000180025095e-35 1.0000000180025095e-35 1.0000000180025095e-35 1.0000000180025095e-35 1.0000000180025095e-35 1.0000000180025095e-35
decision_type=2 2 2 2 2 2 2 2 2 2 2 2 2 2
left_child=4 2 3 -2 5 6 7 8 9 10 12 -11 13 -1
right_child=1 -3 -4 -5 -6 -7 -8 -9 -10 11 -12 -13 -14 -15
leaf_value=0.019681924771601585 -0.042589158822701534 0.058994824499498638 0.065912520778746611 0.0084352385103865102 -0.067551237319302349 0.01355057764475417 0.027530419736818308 -0.0063655212605240909 -0.051423472523264346 0.0060412002782634158 0.12121168790770778 -0.05106006800796601 0.085951938845771791 -0.017507264871110824
leaf_weight=21.954511582385759 6.0779805383062868 0.79322637151926834 0.48101812601089555 1.9832278222893363 0.75259838299825688 34.877839495893568 6.2627281667664638 56.736870313470718 1.9065528534119938 8.8527695080847462 0.75095092342235048 3.4333027773536733 0.79612489929422636 4.9569276369875288
leaf_count=1421 283 6 1 101 21 990 47 1427 299 731 21 440 24 524
internal_value=0.00235245 -0.0175273 -0.0246332 -0.0300361 0.00366605 0.00404745 0.000910246 -0.000767168 0.00668007 0.00939889 0.0177373 -0.00991556 0.0149329 0.0128319
internal_weight=150.617 9.33545 8.54223 8.06121 141.281 140.529 105.651 99.388 42.6511 40.7446 28.4585 12.2861 27.7076 26.9114
internal_count=6336 391 385 384 5945 5924 4934 4887 3460 3161 1990 1171 1969 1945
is_linear=0
shrinkage=0.05


Tree=210
num_leaves=15
num_cat=0
split_feature=92 247 214 172 298 289 291 175 184 53 4 297 185 298
split_gain=1.57153 1.04957 0.940496 0.83527 2.34479 1.72643 2.57574 1.4916 1.32783 2.85945 1.30844 1.48909 2.74144 1.76633
threshold=1.0000000180025095e-35 1.0000000180025095e-35 1.0000000180025095e-35 1.0000000180025095e-35 1.0000000180025095e-35 1.5000000000000002 1.0000000180025095e-35 1.0000000180025095e-35 1.0000000180025095e-35 1.0000000180025095e-35 1.0000000180025095e-35 1.5000000000000002 1.0000000180025095e-35 1.0000000180025095e-35
decision_type=2 2 2 2 2 2 2 2 2 2 2 2 2 2
left_child=1 2 3 5 -5 7 -7 10 9 -6 -1 12 -12 -13
right_child=-2 -3 -4 4 8 6 -8 -9 -10 -11 11 13 -14 -15
leaf_value=-0.0024206465242959021 0.034562088463415387 -0.053568043028553218 0.041906228647807658 0.050769262128255083 0.0065035266410394298 -0.16724471361034141 0.00332487657980007 -0.090171793125671182 0.074946418361387268 -0.06584669945986403 -0.05130927385030553 0.11812479025773291 0.047311166948081296 0.026001697869567519
leaf_weight=121.41044822335243 3.2302423086948684 0.93258220294956018 1.3046936653554428 2.8900271723978248 11.382457548636006 0.39265266002621402 0.5072583332657814 0.47360211750492354 0.58326333761215288 1.5518535322044051 1.5237614698708049 0.64118206501007113 1.3108961610123515 2.7604952251422219
leaf_count=5358 51 125 14 46 220 16 23 14 1 76 280 1 6 111
internal_value=6.24007e-05 -0.000692295 -0.000356235 -0.000735389 0.00989052 -0.00208669 -0.0710987 -0.00160196 0.00115074 -0.00217702 -0.00127334 0.0210627 -0.00570195 0.043366
internal_weight=150.895 147.665 146.733 145.428 16.4076 129.02 0.899911 128.12 13.5176 12.9343 127.647 6.23633 2.83466 3.40168
internal_count=6342 6291 6166 6152 343 5809 39 5770 297 296 5756 398 286 112
is_linear=0
shrinkage=0.05


Tree=211
num_leaves=15
num_cat=0
split_feature=253 12 286 298 201 298 156 164 247 289 288 286 37 304
split_gain=1.41073 1.31536 1.44726 1.81636 2.13847 3.58712 1.23963 1.0366 1.02007 0.98124 0.912741 0.902978 1.55082 1.06104
threshold=1.0000000180025095e-35 1.0000000180025095e-35 3.5000000000000004 1.5000000000000002 1.0000000180025095e-35 1.0000000180025095e-35 1.0000000180025095e-35 1.0000000180025095e-35 1.0000000180025095e-35 1.5000000000000002 1.0000000180025095e-35 2.5000000000000004 1.0000000180025095e-35 1.0000000180025095e-35
decision_type=2 2 2 2 2 2 2 2 2 2 2 2 2 2
left_child=6 2 3 4 5 10 7 8 11 -8 -2 -1 13 -13
right_child=1 -3 -4 -5 -6 -7 9 -9 -10 -11 -12 12 -14 -15
leaf_value=0.0044612146855486446 -0.087870356496538182 0.050290565198036645 0.050368141421859372 -0.14624108723435045 0.050587098512900469 -0.20001589839503175 0.0035903157133440715 -0.065480519502618698 -0.051899472702058719 -0.1302515696461187 -0.0031234991155671813 -0.061098291600788161 -0.1340077369849173 0.0045799586095617694
leaf_weight=141.02372383669717 0.44128579366952259 0.4720182642340659 0.39987860340625037 0.42789267702028144 0.56763334642164398 0.36913094017654646 0.24395808856934209 0.5464879022911181 0.82585663034114887 0.31216901540756226 1.1346229212358592 0.81207354401703913 0.27927646273747075 2.5331043170299381
leaf_count=5856 8 40 30 16 34 18 23 27 126 3 30 46 13 92
internal_value=0.00218854 -0.0278385 -0.0388785 -0.0510149 -0.0347984 -0.059717 0.00296955 0.00325332 0.00351152 -0.0715387 -0.0268543 0.00382789 -0.0208142 -0.0113641
internal_weight=150.389 3.81246 3.34044 2.94057 2.51267 1.94504 146.577 146.021 145.474 0.556127 1.57591 144.648 3.62445 3.34518
internal_count=6362 176 136 106 90 56 6186 6160 6133 26 38 6007 151 138
is_linear=0
shrinkage=0.05


Tree=212
num_leaves=15
num_cat=0
split_feature=271 58 23 276 296 256 293 170 53 93 103 103 303 42
split_gain=1.35592 2.5448 1.74586 2.00105 1.33273 1.25208 0.904605 0.878347 0.908401 3.15109 2.04128 1.78166 1.28858 1.3996
threshold=1.0000000180025095e-35 1.0000000180025095e-35 1.0000000180025095e-35 1.0000000180025095e-35 2.5000000000000004 1.0000000180025095e-35 1.5000000000000002 1.0000000180025095e-35 1.0000000180025095e-35 1.0000000180025095e-35 1.0000000180025095e-35 1.0000000180025095e-35 1.0000000180025095e-35 1.0000000180025095e-35
decision_type=2 2 2 2 2 2 2 2 2 2 2 2 2 2
left_child=5 2 -2 4 -4 6 7 8 11 10 -10 -1 13 -11
right_child=1 -3 3 -5 -6 -7 -8 -9 9 12 -12 -13 -14 -15
leaf_value=0.0029507510527277256 0.044415399123639399 0.055963517144785362 -0.066092805372499161 0.052391626874641273 0.050520686554764827 -0.017162152299267628 0.053118460118429113 0.054261369842142172 -0.052010454219591121 0.011761269702788603 0.055838036103177793 -0.033692164295591062 -0.020773994633107973 0.10977480530017776
leaf_weight=122.32026118179783 0.58078154502436508 0.85487575130537141 3.8348996827844521 0.45038743875920761 0.26173147466033686 9.4878500155755301 0.84775964636355539 0.77845271187834342 4.0946734790340988 0.74534057988785229 0.49140116572380055 3.4097757503041057 0.75633691123221058 0.71231826161965728
leaf_count=4996 11 9 158 6 13 624 15 10 346 28 2 93 53 5
internal_value=-0.000580024 -0.0239027 -0.0372176 -0.0476444 -0.0586424 0.000391351 0.00163278 0.00130536 0.000994307 -0.0168055 -0.0404544 0.001957 0.032181 0.0596578
internal_weight=149.627 5.98268 5.1278 4.54702 4.09663 143.644 134.156 133.309 132.53 6.80007 4.58607 125.73 2.214 1.45766
internal_count=6369 197 188 177 171 6172 5548 5533 5523 434 348 5089 86 33
is_linear=0
shrinkage=0.05


Tree=213
num_leaves=15
num_cat=0
split_feature=185 42 42 74 214 278 289 165 12 298 260 296 151 154
split_gain=1.07996 2.24504 1.95434 4.56134 3.615 1.71504 1.7643 2.24162 2.392 1.91077 1.69975 2.18568 2.10517 3.52567
threshold=1.0000000180025095e-35 1.0000000180025095e-35 1.0000000180025095e-35 1.0000000180025095e-35 1.0000000180025095e-35 1.0000000180025095e-35 1.0000000180025095e-35 1.0000000180025095e-35 1.0000000180025095e-35 1.0000000180025095e-35 1.0000000180025095e-35 1.5000000000000002 1.0000000180025095e-35 1.0000000180025095e-35
decision_type=2 2 2 2 2 2 2 2 2 2 2 2 2 2
left_child=2 5 10 4 -4 6 -2 8 9 -8 11 12 -1 -14
right_child=1 -3 3 -5 -6 -7 7 -9 -10 -11 -12 -13 13 -15
leaf_value=0.00057705162723112834 0.014372936320815153 0.046077046032824837 -0.049016702478941604 0.078175831211788532 0.067094326882676913 -0.019468616912358985 0.016109596854662893 0.024738363014401566 0.031144065503573654 -0.065883227788914075 0.024275303876182656 0.038765495069729219 -0.014014340887438935 -0.11436730896167305
leaf_weight=70.913421985169407 29.469444723334163 3.5265526864677659 6.7738513983204012 0.96067581058014173 0.74397325329482544 6.3288761279545716 0.90435166191309502 2.7755912733264267 1.2213187299203125 3.3157840487547219 7.0418141400441518 3.2822927453089497 12.160669689939819 0.94310524780303318
leaf_count=3690 667 94 378 18 4 170 44 121 34 83 60 66 896 11
internal_value=0.00145955 0.00769123 -0.00142186 -0.0244163 -0.0375262 0.00461572 0.00866032 -0.0118273 -0.0304788 -0.0483126 0.000644664 -0.00126145 -0.00282518 -0.0212369
internal_weight=150.362 47.5419 102.82 8.4785 7.51782 44.0154 37.6865 8.21705 5.44145 4.22014 94.3413 87.2995 84.0172 13.1038
internal_count=6336 1213 5123 400 382 1119 949 282 161 127 4723 4663 4597 907
is_linear=0
shrinkage=0.05


Tree=214
num_leaves=15
num_cat=0
split_feature=105 81 286 297 151 277 57 151 65 286 60 275 112 154
split_gain=1.07042 0.882399 1.28202 0.896175 1.41654 0.891616 0.867034 0.788925 1.55608 1.2885 2.25909 1.6889 1.54393 1.44318
threshold=1.0000000180025095e-35 1.0000000180025095e-35 1.5000000000000002 1.5000000000000002 1.0000000180025095e-35 1.0000000180025095e-35 1.0000000180025095e-35 1.0000000180025095e-35 1.0000000180025095e-35 1.5000000000000002 1.0000000180025095e-35 1.0000000180025095e-35 1.0000000180025095e-35 1.0000000180025095e-35
decision_type=2 2 2 2 2 2 2 2 2 2 2 2 2 2
left_child=1 6 -3 4 5 -4 7 8 -1 10 12 -11 -9 -13
right_child=-2 2 3 -5 -6 -7 -8 9 -10 11 -12 13 -14 -15
leaf_value=-0.0040261397824718033 0.04635091455103689 -0.11579972182505281 0.048200031737046511 0.048579605654436156 -0.19662866263363082 -0.060086766683318388 0.052032550246721369 -0.013905902462203842 0.03931972979713326 -0.0097896070096378379 0.029842389029265032 0.040856769887888666 0.058947085820086946 -0.018760840642174457
leaf_weight=114.01641851931345 1.1799457564484317 0.39766736561432381 0.32102219713851787 0.40455804113298655 0.12577685783617198 0.46608599973842502 0.76537760812789102 15.454598896962128 2.1088074025465167 3.5108348702779022 4.4210215997882178 6.731810343451798 0.76314195385202843 1.1953550605103371
leaf_count=4890 85 12 48 55 11 64 15 884 59 104 30 119 33 17
internal_value=-0.00108664 -0.0014581 -0.0371172 -0.0133671 -0.0408197 -0.015922 -0.00104755 -0.00132168 -0.00323899 0.00561943 -0.00184077 0.0190806 -0.0104777 0.0318669
internal_weight=151.862 150.682 1.71511 1.31744 0.912885 0.787108 148.967 148.202 116.125 32.0768 20.6388 11.438 16.2177 7.92717
internal_count=6426 6341 190 178 123 112 6151 6136 4949 1187 947 240 917 136
is_linear=0
shrinkage=0.05


Tree=215
num_leaves=15
num_cat=0
split_feature=23 0 46 102 289 194 182 241 57 187 67 172 296 65
split_gain=1.01568 1.05436 2.14875 1.55071 1.52143 2.73683 1.50491 1.10274 0.978 0.822603 0.767596 0.721611 0.732726 0.749465
threshold=1.0000000180025095e-35 1.0000000180025095e-35 1.0000000180025095e-35 1.0000000180025095e-35 1.0000000180025095e-35 1.0000000180025095e-35 1.0000000180025095e-35 1.0000000180025095e-35 1.0000000180025095e-35 1.0000000180025095e-35 1.0000000180025095e-35 1.0000000180025095e-35 4.5000000000000009 1.0000000180025095e-35
decision_type=2 2 2 2 2 2 2 2 2 2 2 2 2 2
left_child=-1 7 11 4 6 -6 -4 8 9 10 -2 12 13 -3
right_child=1 2 3 -5 5 -7 -8 -9 -10 -11 -12 -13 -14 -15
leaf_value=0.02062299261235304 -0.0010246786097195353 -0.036957098622065775 -0.064612566226381785 0.053441284096324163 -0.042616873067740403 -0.23928722364457888 0.050255422057033906 -0.077306002062689394 0.059125366969682118 0.055012669557545905 0.046532680550309576 0.050048933496145614 0.05032644887106491 0.053344248482613411
leaf_weight=5.4911455039400598 138.9183313298854 1.3955516027053816 1.4268217610660947 0.30236121965572227 0.40865835978183895 0.31190522015094746 0.35634943470358837 0.46496565081179042 0.69180523976683517 0.66489050909876724 0.85368548333644767 0.75339621910825361 0.4416643907316028 0.2750636190176009
leaf_count=176 5903 86 38 4 15 16 37 19 14 12 10 18 32 3
internal_value=-0.00049088 -0.00127816 -0.0224167 -0.0535171 -0.0664339 -0.127748 -0.0416573 -0.00043142 -0.000178148 -0.000470282 -0.000734213 0.00803706 -0.00694751 -0.0220892
internal_weight=152.757 147.265 5.67177 2.8061 2.50373 0.720564 1.78317 141.594 141.129 140.437 139.772 2.86568 2.11228 1.67062
internal_count=6383 6207 249 110 106 31 75 5958 5939 5925 5913 139 121 89
is_linear=0
shrinkage=0.05


Tree=216
num_leaves=15
num_cat=0
split_feature=296 286 299 93 58 282 185 129 271 72 23 260 23 65
split_gain=3.00962 1.73233 1.71319 4.21047 3.49264 3.21681 3.48349 3.17917 3.32923 2.75423 2.50773 2.39179 2.11291 2.00776
threshold=3.5000000000000004 2.5000000000000004 1.0000000180025095e-35 1.0000000180025095e-35 1.0000000180025095e-35 1.0000000180025095e-35 1.0000000180025095e-35 1.0000000180025095e-35 1.0000000180025095e-35 1.0000000180025095e-35 1.0000000180025095e-35 1.0000000180025095e-35 1.0000000180025095e-35 1.0000000180025095e-35
decision_type=2 2 2 2 2 2 2 2 2 2 2 2 2 2
left_child=1 2 3 5 10 6 7 8 9 11 -5 12 -1 -14
right_child=-2 -3 -4 4 -6 -7 -8 -9 -10 -11 -12 -13 13 -15
leaf_value=0.032382250231891993 0.025582243058788964 -0.035525712459775496 0.0053692113499627043 0.053697726418804798 0.049842594641443909 0.026845245815088549 0.02260021406444794 0.071119399579268508 0.056489932941352364 0.041014258183207614 -0.066077346090911399 -0.10555245009026411 -0.028002017398294901 0.057634115657302178
leaf_weight=1.6752282036468553 12.198746356880291 3.4108679534401736 77.336243951052893 0.47473610565066326 0.88561442494392384 8.5615516162943077 7.990043042227625 1.0530992334242899 1.4594361057970662 1.6941272665280838 5.4986254255636586 0.884565569460391 24.484201729181226 0.70412853173911472
leaf_count=77 876 91 2678 7 11 365 56 34 53 124 312 7 1688 4
internal_value=0.0017903 -0.000341991 0.000562346 -0.00615205 -0.0428199 -0.000967076 -0.00692821 -0.0143116 -0.017223 -0.0208769 -0.0565582 -0.0246556 -0.0219918 -0.0256081
internal_weight=148.311 136.112 132.702 55.3654 6.85898 48.5064 39.9448 31.9548 30.9017 29.4423 5.97336 27.7481 26.8636 25.1883
internal_count=6383 5507 5416 2738 330 2408 2043 1987 1953 1900 319 1776 1769 1692
is_linear=0
shrinkage=0.05


Tree=217
num_leaves=15
num_cat=0
split_feature=271 53 263 170 58 296 170 172 183 163 105 289 153 93
split_gain=1.18172 1.62815 1.61171 0.937903 0.883898 1.04095 0.952139 0.909155 0.799615 0.770506 0.683564 0.891 2.35071 3.63328
threshold=1.0000000180025095e-35 1.0000000180025095e-35 1.0000000180025095e-35 1.0000000180025095e-35 1.0000000180025095e-35 2.5000000000000004 1.0000000180025095e-35 1.0000000180025095e-35 1.0000000180025095e-35 1.0000000180025095e-35 1.0000000180025095e-35 1.5000000000000002 1.0000000180025095e-35 1.0000000180025095e-35
decision_type=2 2 2 2 2 2 2 2 2 2 2 2 2 2
left_child=3 2 4 8 5 6 -2 -8 9 10 11 -1 13 -13
right_child=1 -3 -4 -5 -6 -7 7 -9 -10 -11 -12 12 -14 -15
leaf_value=0.0031604800150647344 -0.070414271959826732 0.039508266077028856 0.033568328046598914 0.054858707941856578 0.011647111348645827 0.050518435769339655 -0.054237522588756949 0.051806172932685537 0.030173542678061951 -0.053495125932085767 0.045170528891863057 -0.017390435911015464 0.017284036668693378 -0.16845721929706114
leaf_weight=135.80278612521943 2.856119453033898 1.0202934899134559 0.85920218564569939 0.87823083810508151 0.67899280693382014 0.24108749115839589 0.47958420659415413 0.3493536040186882 2.6631901664659372 0.61127254948951204 0.94384632119908829 1.4289338323287659 2.0099542187526822 0.5516823288053273
leaf_count=5957 115 15 8 13 10 12 36 4 37 38 80 15 45 22
internal_value=0.0024102 -0.0184721 -0.0292981 0.0033448 -0.0410274 -0.050137 -0.0567221 -0.00954569 0.00303065 0.00251924 0.00276254 0.00247621 -0.0208102 -0.0594687
internal_weight=151.375 6.48463 5.46434 144.89 4.60514 3.92614 3.68506 0.828938 144.012 141.348 140.737 139.793 3.99057 1.98062
internal_count=6407 200 185 6207 177 167 155 40 6194 6157 6119 6039 82 37
is_linear=0
shrinkage=0.05


Tree=218
num_leaves=15
num_cat=0
split_feature=278 303 296 154 274 12 297 53 53 23 288 286 190 165
split_gain=1.10116 2.57961 3.46552 2.48604 2.16233 1.51685 1.82369 3.20407 1.72815 1.68625 1.7849 1.47338 2.00631 2.0225
threshold=1.0000000180025095e-35 1.0000000180025095e-35 2.5000000000000004 1.0000000180025095e-35 1.0000000180025095e-35 1.0000000180025095e-35 1.5000000000000002 1.0000000180025095e-35 1.0000000180025095e-35 1.0000000180025095e-35 1.0000000180025095e-35 1.5000000000000002 1.0000000180025095e-35 1.0000000180025095e-35
decision_type=2 2 2 2 2 2 2 2 2 2 2 2 2 2
left_child=5 4 3 -3 11 -1 7 9 -8 -7 -11 12 13 -2
right_child=1 2 -4 -5 -6 6 8 -9 -10 10 -12 -13 -14 -15
leaf_value=-0.0040842357233807211 0.01206397605998067 -0.061039535265560767 0.029663122639980527 0.007117924144349249 -0.051492888437148644 0.048675285418974638 0.027520145920749792 0.054759429697774434 -0.054094322045270218 -0.062688348721406356 -0.0066356819911008065 0.043550619493534191 0.067079558471059231 -0.069518359565582943
leaf_weight=105.93909886915935 9.9540152578847501 3.6469459590152855 3.0807685782201588 2.1130883300211281 1.0177402230910946 0.71776032331399608 11.592819147976112 1.6389231008943168 0.68705746706109572 2.6489514295244607 3.061845145188272 6.0642487865407011 1.5268072750186554 0.82245989399962205
leaf_count=4490 535 153 162 26 71 11 213 60 49 363 63 101 28 52
internal_value=0.000312841 0.0092411 -0.0131416 -0.0360357 0.0194489 -0.0016827 0.010821 -0.00764701 0.0229538 -0.0235572 -0.0326357 0.0233798 0.0134376 0.00583762
internal_weight=154.513 28.2261 8.8408 5.76003 19.3853 126.286 20.3474 8.06748 12.2799 6.42856 5.7108 18.3675 12.3033 10.7765
internal_count=6377 1128 341 179 787 5249 759 497 262 437 426 716 615 587
is_linear=0
shrinkage=0.05


Tree=219
num_leaves=15
num_cat=0
split_feature=17 292 278 286 12 103 172 191 184 277 0 277 152 183
split_gain=1.59274 1.67602 1.45493 2.75265 1.83607 1.5466 1.65489 1.40753 1.36166 1.34131 1.32425 1.24778 1.24547 1.09464
threshold=1.0000000180025095e-35 1.0000000180025095e-35 1.0000000180025095e-35 1.0000000180025095e-35 1.0000000180025095e-35 1.0000000180025095e-35 1.0000000180025095e-35 1.0000000180025095e-35 1.0000000180025095e-35 1.0000000180025095e-35 1.0000000180025095e-35 1.0000000180025095e-35 1.0000000180025095e-35 1.0000000180025095e-35
decision_type=2 2 2 2 2 2 2 2 2 2 2 2 2 2
left_child=2 10 7 9 5 6 8 13 -5 -4 12 -6 -2 -1
right_child=1 -3 3 4 11 -7 -8 -9 -10 -11 -12 -13 -14 -15
leaf_value=-0.0019443802659090349 0.036628518649523559 -0.022195023904219166 -0.038231735093638995 -0.012582974600995896 -0.051265078340634276 0.054719341365418429 0.045594528872308596 -0.099099993908608464 0.069440289173813646 -0.1348661286965252 -0.039750815006381363 0.021963044427705268 -0.033685926273467309 0.035119597940957238
leaf_weight=110.06512869312428 7.6467011766508186 2.3481110033462747 5.6438439977355328 11.408342342067041 2.9793715093401256 1.2895687436684973 1.5742856658762328 0.3689025758067136 0.52946579456329423 0.38349282008130092 0.72198763873893845 0.72287572373170395 0.68629274959675957 2.0287994462996712
leaf_count=4941 178 92 341 490 131 37 19 9 1 33 45 31 12 23
internal_value=-0.00250652 0.0154478 -0.004001 -0.0150338 -0.00547466 0.00240233 -0.0025907 -0.00159445 -0.00894508 -0.0443802 0.0252093 -0.0369671 0.0308375 -0.00127356
internal_weight=148.397 11.4031 136.994 24.5312 18.5039 14.8017 13.5121 112.463 11.9378 6.02734 9.05498 3.70225 8.33299 112.094
internal_count=6383 327 6056 1083 709 547 510 4973 491 374 235 162 190 4964
is_linear=0
shrinkage=0.05


Tree=220
num_leaves=15
num_cat=0
split_feature=190 185 181 18 297 71 129 129 260 286 4 286 46 298
split_gain=3.84669 2.39216 1.61013 1.46332 1.21075 2.00491 2.0929 1.91535 1.78769 3.11855 1.77807 2.04387 1.87068 1.80382
threshold=1.0000000180025095e-35 1.0000000180025095e-35 1.0000000180025095e-35 1.0000000180025095e-35 1.5000000000000002 1.0000000180025095e-35 1.0000000180025095e-35 1.0000000180025095e-35 1.0000000180025095e-35 1.0000000180025095e-35 1.0000000180025095e-35 1.0000000180025095e-35 1.0000000180025095e-35 1.0000000180025095e-35
decision_type=2 2 2 2 2 2 2 2 2 2 2 2 2 2
left_child=1 3 -2 4 5 -1 8 10 -7 -10 11 12 -6 -12
right_child=2 -3 -4 -5 7 6 -8 -9 9 -11 13 -13 -14 -15
leaf_value=0.023759495240227461 -0.033087092750027129 0.0093085265378331766 0.063806096570012447 0.034560066754308748 0.034150600731181077 -0.016466624644440649 0.05172960193986318 -0.089506613990560188 0.056359041563102744 -0.025571169703701394 0.11295293918425753 0.0049439432184534317 -0.055765316095022388 0.020508908226726304
leaf_weight=4.1603562408126882 11.508454982307736 46.726784588070586 0.44535347819328386 2.3325385972857466 0.73745925608092067 49.731849179719575 1.2504718923009921 0.5567670336458822 2.3556266389787188 2.2911078780889511 0.64800626039504949 23.925620120309759 2.6827971015591174 2.8419818440452218
leaf_count=247 697 1089 1 15 18 3149 71 27 12 22 1 664 254 131
internal_value=-0.00225034 7.04059e-05 -0.0294772 -0.00454564 -0.00554601 -0.0097209 -0.0122248 0.00240535 -0.0136955 0.0159627 0.0040649 -0.000224365 -0.0363781 0.0376735
internal_weight=152.195 140.241 11.9538 93.5146 91.182 59.7894 55.6291 31.3926 54.3786 4.64673 30.8359 27.3459 3.42026 3.48999
internal_count=6398 5700 698 4611 4596 3501 3254 1095 3183 34 1068 936 272 132
is_linear=0
shrinkage=0.05


Tree=221
num_leaves=15
num_cat=0
split_feature=129 157 17 274 245 303 273 148 185 157 290 183 275 58
split_gain=2.10151 2.27533 1.41098 1.27093 2.76394 1.73221 1.61407 1.54359 1.89267 2.63956 1.3056 1.25389 1.20259 1.17476
threshold=1.0000000180025095e-35 1.0000000180025095e-35 1.0000000180025095e-35 1.0000000180025095e-35 1.0000000180025095e-35 1.5000000000000002 1.0000000180025095e-35 1.0000000180025095e-35 1.0000000180025095e-35 1.0000000180025095e-35 1.0000000180025095e-35 1.0000000180025095e-35 1.0000000180025095e-35 1.0000000180025095e-35
decision_type=2 2 2 2 2 2 2 2 2 2 2 2 2 2
left_child=3 2 -2 6 5 7 10 8 9 11 -1 -5 -10 -12
right_child=1 -3 -4 4 -6 -7 -8 -9 12 -11 13 -13 -14 -15
leaf_value=0.0069760537250329576 -0.070798598407612559 0.037961163614818424 0.051553677896935671 -0.020681437102423626 0.024225595150514399 -0.077839029645123889 -0.066825639471125797 0.052943741343205321 -0.020158327913210532 -0.077760581550470664 -0.0042264553421194166 0.06456554660779408 0.017118597604109234 -0.14548074290640453
leaf_weight=116.3828711755923 2.34288356883917 0.79895473411306728 0.26198106352239836 7.1976410547504308 5.9086547382175914 1.0269739313516755 0.75331538170575996 0.8944472789298733 3.59725754824467 2.1956126599689014 0.32998023461550374 0.45886334776878346 5.4288174938410521 0.26572147756814957
leaf_count=4910 118 7 5 636 421 18 7 9 35 103 22 1 43 3
internal_value=0.00297933 -0.0358531 -0.0584932 0.00389444 -0.00595271 -0.0145256 0.00612833 -0.0112372 -0.0142781 -0.0294315 0.00659814 -0.0155725 0.00226223 -0.067235
internal_weight=147.844 3.40382 2.60486 144.44 26.7083 20.7996 117.732 19.7726 18.8782 9.85212 116.979 7.6565 9.02608 0.595702
internal_count=6338 130 123 6208 1266 845 4942 827 818 740 4935 637 78 25
is_linear=0
shrinkage=0.05


Tree=222
num_leaves=15
num_cat=0
split_feature=18 296 152 278 286 297 74 92 141 282 72 1 303 286
split_gain=1.25113 1.38856 3.13683 1.56145 2.15823 3.30413 2.00571 1.72607 1.88898 1.57757 3.05057 1.87627 1.45045 1.21721
threshold=1.0000000180025095e-35 1.0000000180025095e-35 1.0000000180025095e-35 1.0000000180025095e-35 1.0000000180025095e-35 3.5000000000000004 1.0000000180025095e-35 1.0000000180025095e-35 1.0000000180025095e-35 1.0000000180025095e-35 1.0000000180025095e-35 1.0000000180025095e-35 1.0000000180025095e-35 1.5000000000000002
decision_type=2 2 2 2 2 2 2 2 2 2 2 2 2 2
left_child=1 2 3 4 9 7 12 8 -6 10 11 -1 13 -5
right_child=-2 -3 -4 6 5 -7 -8 -9 -10 -11 -12 -13 -14 -15
leaf_value=-0.022028589135278012 0.033682783724042674 0.0021200033585967865 0.037371993804726118 0.00094192219506616373 -0.052361065104864671 0.056350609340276414 -0.056830339814303944 0.021300938447437318 0.03239352212899179 0.015745103211949513 0.065511032515187154 0.071516308769970477 -0.051623031179092463 0.038326197608834302
leaf_weight=18.012147231493156 2.5750401881523421 94.999722767737694 3.5419116648845366 4.5205603927024587 9.7699745407444354 0.95160345372278321 1.1508021829649813 1.0258486876264221 0.70484672300517637 5.5681643445277578 1.1260492419823993 0.55247914791107078 0.79441987106110978 4.2005570586770773
leaf_count=1444 27 2323 131 550 1278 30 43 17 13 233 90 1 89 79
internal_value=-0.000867918 -0.00147349 -0.00804869 -0.0113741 -0.0161515 -0.0331874 0.00551628 -0.0405961 -0.046658 -0.00775297 -0.0143978 -0.0192447 0.0130564 0.0189482
internal_weight=149.494 146.919 51.9194 48.3775 37.7111 12.4523 10.6663 11.5007 10.4748 25.2588 19.6907 18.5646 9.51554 8.72112
internal_count=6348 6321 3998 3867 3106 1338 761 1308 1291 1768 1535 1445 718 629
is_linear=0
shrinkage=0.05


Tree=223
num_leaves=15
num_cat=0
split_feature=194 172 291 162 246 168 151 275 129 293 1 289 105 3
split_gain=1.93128 2.21682 2.12751 1.96124 1.88217 1.52708 1.504 2.86322 2.43643 2.3872 1.78009 1.49789 1.37297 1.25399
threshold=1.0000000180025095e-35 1.0000000180025095e-35 1.0000000180025095e-35 1.0000000180025095e-35 1.0000000180025095e-35 1.0000000180025095e-35 1.0000000180025095e-35 1.0000000180025095e-35 1.0000000180025095e-35 1.0000000180025095e-35 1.0000000180025095e-35 1.5000000000000002 1.0000000180025095e-35 1.0000000180025095e-35
decision_type=2 2 2 2 2 2 2 2 2 2 2 2 2 2
left_child=2 3 -1 4 6 -4 8 10 11 -9 -8 13 -13 -2
right_child=1 -3 5 -5 -6 -7 7 9 -10 -11 -12 12 -14 -15
leaf_value=0.013250217335933435 -0.0044655364053443562 0.014058952443187273 -0.020568681839979758 0.038898715413387353 0.078354729135926796 -0.15068771778011716 -0.036915565783069759 0.012580975378217348 -0.065307532222027467 -0.061704222115979923 -0.19886752222154103 -0.12940600851757128 0.01274689864588017 0.036023958182180862
leaf_weight=31.530086478567682 71.826622811262496 14.67955681006424 2.6101683067390691 2.2929914223495862 0.62825156003236671 0.24680777918547381 9.5700876287301071 6.7012491044588378 1.661526970216072 1.2896244388539342 0.17273461539298374 0.44977753143757482 0.27293250383809209 1.9645710424520064
leaf_count=1383 3380 334 154 41 2 3 612 204 74 147 5 11 15 43
internal_value=-0.000852721 -0.00404727 0.00950654 -0.00679219 -0.00790042 -0.0318094 -0.00847747 -0.0215919 -0.00542442 0.000592298 -0.0397869 -0.00408914 -0.0757218 -0.00338757
internal_weight=145.897 111.51 34.3871 96.8304 94.5374 2.85698 93.9091 17.7337 76.1754 7.99087 9.74282 74.5139 0.72271 73.7912
internal_count=6408 4868 1540 4534 4493 157 4491 968 3523 351 617 3449 26 3423
is_linear=0
shrinkage=0.05


Tree=224
num_leaves=15
num_cat=0
split_feature=4 185 297 53 298 278 42 303 197 281 296 278 294 81
split_gain=0.877024 1.22832 3.07872 2.14714 0.934651 2.05643 0.966651 0.893094 2.08236 1.94987 1.89703 3.04961 2.03094 1.77456
threshold=1.0000000180025095e-35 1.0000000180025095e-35 1.5000000000000002 1.0000000180025095e-35 1.0000000180025095e-35 1.0000000180025095e-35 1.0000000180025095e-35 1.0000000180025095e-35 1.0000000180025095e-35 1.0000000180025095e-35 2.5000000000000004 1.0000000180025095e-35 1.5000000000000002 1.0000000180025095e-35
decision_type=2 2 2 2 2 2 2 2 2 2 2 2 2 2
left_child=7 2 -2 4 -4 6 -6 8 9 13 11 -9 -13 -1
right_child=1 -3 3 -5 5 -7 -8 10 -10 -11 -12 12 -14 -15
leaf_value=0.0047237732725098893 -0.051605816582094802 0.065796608456406655 0.10788348889392613 -0.056023324784117839 0.031482841993594218 -0.052088735484954463 0.11360379133965354 -0.003009391315793827 0.04479160792744491 -0.0612474588825479 0.015460188241000662 -0.052355390233501477 0.062372076800586242 -0.074201484670882722
leaf_weight=91.63759926269995 1.4073261932935555 1.2454430023208258 0.65313506126403886 0.51065292669227336 0.80286068120039977 0.47128120239358384 0.64722549915313721 30.247941396664828 3.1254516699118531 1.1554466035449866 9.9560934056062234 5.048739073885371 0.4176577329635619 0.71777234738692541
leaf_count=4362 288 10 1 54 38 39 1 617 67 38 561 165 1 73
internal_value=0.00269437 0.0218596 0.00967905 0.0376348 0.0562119 0.038647 0.0681364 0.00192161 0.00464465 0.0033028 -0.00384019 -0.00922057 -0.0435897 0.00411038
internal_weight=148.045 5.73792 4.49248 3.08516 2.5745 1.92137 1.45009 142.307 96.6363 93.5108 45.6704 35.7143 5.4664 92.3554
internal_count=6315 431 421 133 79 78 39 5884 4540 4473 1344 783 166 4435
is_linear=0
shrinkage=0.05


Tree=225
num_leaves=15
num_cat=0
split_feature=198 185 72 263 60 273 250 299 151 201 57 298 288 271
split_gain=1.25748 1.09273 1.92624 1.71428 1.77171 1.63419 1.35631 3.36003 1.23599 1.18991 2.08592 1.21646 1.1823 1.18237
threshold=1.0000000180025095e-35 1.0000000180025095e-35 1.0000000180025095e-35 1.0000000180025095e-35 1.0000000180025095e-35 1.0000000180025095e-35 1.0000000180025095e-35 1.0000000180025095e-35 1.0000000180025095e-35 1.0000000180025095e-35 1.0000000180025095e-35 1.5000000000000002 1.5000000000000002 1.0000000180025095e-35
decision_type=2 2 2 2 2 2 2 2 2 2 2 2 2 2
left_child=1 2 5 4 -3 9 7 -6 -9 12 11 -11 13 -1
right_child=-2 3 -4 -5 6 -7 -8 8 -10 10 -12 -13 -14 -15
leaf_value=-0.0023384317943313838 0.040825440027356517 0.0068834955810897977 -0.043967256412472441 0.054115512147633604 -0.13093066444012263 -0.066847848800414736 0.0068845754262482524 -0.033502096507393421 0.032588625812796417 -0.018596420193061743 0.067126416715167087 -0.077076627129905428 -0.066611507418562352 0.027232313412965215
leaf_weight=84.393227579363156 1.7505921283736814 38.74731072015129 3.0499181937193489 1.6712682212237258 0.78303500963374872 1.0100137256085862 2.9420782446395606 2.8686750875785951 0.93896042369306076 2.2481292946031313 0.49915778636932362 1.4711554303648879 0.69529312814120103 3.5214496668195343
leaf_count=4575 17 834 272 38 18 10 210 89 35 86 1 51 30 136
internal_value=-0.00129763 -0.00180674 -0.004862 0.00436657 0.00257004 -0.00359101 -0.0196177 -0.0366026 -0.0172042 -0.00290275 -0.0288477 -0.0417281 -0.00166759 -0.00115397
internal_weight=146.59 144.84 96.8883 47.9513 46.2801 93.8384 7.53275 4.59067 3.80764 92.8284 4.21844 3.71928 88.61 87.9147
internal_count=6402 6385 5161 1224 1186 4889 352 142 124 4879 138 137 4741 4711
is_linear=0
shrinkage=0.05


Tree=226
num_leaves=15
num_cat=0
split_feature=276 288 297 297 291 58 93 277 74 42 185 71 296 71
split_gain=1.04275 2.17982 2.26832 2.22371 3.40235 1.40548 1.49822 2.01675 3.5017 2.84812 2.61993 2.73006 4.64115 2.46629
threshold=1.0000000180025095e-35 1.0000000180025095e-35 3.5000000000000004 3.5000000000000004 1.0000000180025095e-35 1.0000000180025095e-35 1.0000000180025095e-35 1.0000000180025095e-35 1.0000000180025095e-35 1.0000000180025095e-35 1.0000000180025095e-35 1.0000000180025095e-35 1.5000000000000002 1.0000000180025095e-35
decision_type=2 2 2 2 2 2 2 2 2 2 2 2 2 2
left_child=5 2 -2 4 -3 6 7 8 13 -10 -9 -12 -13 -1
right_child=1 3 -4 -5 -6 -7 -8 10 9 -11 11 12 -14 -15
leaf_value=-0.030633108436758719 0.044987581166936699 -0.1023972947583236 -0.037432861034461772 0.053105273710503123 0.019313851367265683 0.022295189414144909 -0.012680243873498488 -0.0024105415354781024 0.021770788069635387 0.16582401148620771 0.013847498967861409 -0.12241074268938915 -0.023546428103288781 0.0041501981014180163
leaf_weight=5.5123537245672187 5.1000572758493927 1.2127717300318188 0.99816544633358706 0.77574289112817485 1.0904964827932415 5.1967971392441532 37.562155287101632 15.186461159610191 0.83669596828985848 0.5816601742990315 1.8035737290047107 1.8058551810681809 3.4645650840830058 67.497240841330495
leaf_count=278 87 33 20 28 25 140 1411 651 44 7 28 16 246 3361
internal_value=-0.00214377 0.0141816 0.0314969 -0.0201126 -0.0447724 -0.00321817 -0.00420578 -0.00091357 0.00303562 0.0808462 -0.0141177 -0.0392507 -0.0574213 0.001524
internal_weight=148.625 9.17723 6.09822 3.07901 2.30327 139.447 134.251 96.6884 74.428 1.41836 22.2605 7.07399 5.27042 73.0096
internal_count=6375 193 107 86 58 6182 6042 4631 3690 51 941 290 262 3639
is_linear=0
shrinkage=0.05


Tree=227
num_leaves=15
num_cat=0
split_feature=194 190 40 297 245 286 291 275 93 296 165 299 60 282
split_gain=1.67316 2.41372 2.32297 2.3647 3.37577 2.06447 1.72716 1.44688 1.66075 2.39361 2.14302 1.65762 1.296 1.22377
threshold=1.0000000180025095e-35 1.0000000180025095e-35 1.0000000180025095e-35 2.5000000000000004 1.0000000180025095e-35 1.5000000000000002 1.0000000180025095e-35 1.0000000180025095e-35 1.0000000180025095e-35 1.5000000000000002 1.0000000180025095e-35 1.5000000000000002 1.0000000180025095e-35 1.0000000180025095e-35
decision_type=2 2 2 2 2 2 2 2 2 2 2 2 2 2
left_child=2 13 7 4 12 -5 -7 8 11 -10 -11 -1 -4 -2
right_child=1 -3 3 5 -6 6 -8 -9 9 10 -12 -13 -14 -15
leaf_value=0.016459790296407737 -0.0030260036033698443 -0.051201926427029344 -0.050622905890370752 -0.037464987750721442 0.050934766757557128 0.055415387402805175 -0.036843270398777279 0.056508319308237243 -0.039546829031919369 0.093007759134541304 -0.020752389267365393 0.066330677984740058 -0.13640247603408789 0.011092561096019945
leaf_weight=16.124639082001533 92.639855291869026 2.4162095650099209 2.3561246028402811 1.4153713673586024 0.77322130138054479 2.3755769701674585 0.64503619563765813 2.2882710024714461 2.9021193757653228 0.82307140086777486 0.83293296629562974 1.8582296569365997 0.54153540730476368 18.396088537934702
leaf_count=859 3776 163 146 61 52 27 21 39 216 15 25 41 4 889
internal_value=0.00111744 -0.00176271 0.0110385 -0.0122002 -0.0418855 0.0123651 0.035714 0.018626 0.0147803 -0.0121767 0.035789 0.0216131 -0.066654 -0.000686884
internal_weight=146.388 113.452 32.9361 8.10687 3.67088 4.43598 3.02061 24.8293 22.541 4.55812 1.656 17.9829 2.89766 111.036
internal_count=6334 4828 1506 311 202 109 48 1195 1156 256 40 900 150 4665
is_linear=0
shrinkage=0.05


Tree=228
num_leaves=15
num_cat=0
split_feature=303 281 296 201 278 154 297 253 17 247 154 297 53 297
split_gain=0.90458 2.13316 1.48988 2.05331 1.73582 1.72512 1.51805 1.51521 1.41654 1.37803 1.33231 2.18955 3.03319 1.45716
threshold=1.0000000180025095e-35 1.0000000180025095e-35 2.5000000000000004 1.0000000180025095e-35 1.0000000180025095e-35 1.0000000180025095e-35 1.5000000000000002 1.0000000180025095e-35 1.0000000180025095e-35 1.0000000180025095e-35 1.0000000180025095e-35 1.5000000000000002 1.0000000180025095e-35 1.5000000000000002
decision_type=2 2 2 2 2 2 2 2 2 2 2 2 2 2
left_child=1 9 3 4 10 -6 -5 8 -4 -1 11 12 -2 -12
right_child=2 -3 7 6 5 -7 -8 -9 -10 -11 13 -13 -14 -15
leaf_value=0.0084411308865290427 -0.029989493678041542 -0.05577559989073138 0.035712105452632585 -0.049782640965360808 -0.049002409787191635 0.041504976027036421 -0.010315645711416613 -0.021266564802817769 -0.024318656772842853 -0.053387001871332385 0.018855205527178603 0.026236269478897307 0.076636982229755124 -0.034897894287240265
leaf_weight=100.13175542315003 4.2754450620268569 1.3332761303754512 6.3863318900112045 3.8345539846632146 2.7431931128376159 0.65153937367722381 6.6823733826167881 2.1312535270117223 1.1614118444267658 0.90939353290013869 2.0163730108179143 11.241309029690454 0.79025607754010696 3.3645302362274379
leaf_count=4765 201 42 398 84 142 15 111 124 42 126 24 234 13 41
internal_value=0.00445289 0.00705558 -0.00143177 -0.00616102 0.00161457 -0.0316316 -0.0247056 0.0159625 0.0264748 0.00788466 0.00681848 0.0139372 -0.0133556 -0.0147551
internal_weight=147.653 102.374 45.2786 35.5996 25.0826 3.39473 10.5169 9.679 7.54774 101.041 21.6879 16.307 5.0657 5.3809
internal_count=6362 4933 1429 865 670 157 195 564 440 4891 513 448 214 65
is_linear=0
shrinkage=0.05


Tree=229
num_leaves=15
num_cat=0
split_feature=129 286 59 168 62 71 282 197 182 298 58 249 90 289
split_gain=1.90487 1.44406 3.3158 1.60328 1.87712 2.1629 1.972 3.90229 1.80651 2.1863 1.75565 1.67091 1.53762 1.59311
threshold=1.0000000180025095e-35 1.5000000000000002 1.0000000180025095e-35 1.0000000180025095e-35 1.0000000180025095e-35 1.0000000180025095e-35 1.0000000180025095e-35 1.0000000180025095e-35 1.0000000180025095e-35 1.5000000000000002 1.0000000180025095e-35 1.0000000180025095e-35 1.0000000180025095e-35 1.0000000180025095e-35
decision_type=2 2 2 2 2 2 2 2 2 2 2 2 2 2
left_child=1 3 -3 4 5 11 10 8 9 -8 12 -1 13 -7
right_child=-2 2 -4 -5 -6 6 7 -9 -10 -11 -12 -13 -14 -15
leaf_value=0.02262359092175785 -0.046470607493978432 0.010655543798391022 -0.055463845109073873 0.030401935054055279 -0.054694554152542929 -0.011665804897638079 -0.056151710593114051 0.035773236019110373 0.011492430111215647 0.013728756358457781 0.034914284893047147 -0.086993440109599071 0.035978906574105199 0.0047299539266595133
leaf_weight=8.545374094974246 2.4987196929287157 31.343674601579551 2.0182346501387647 3.062070933636277 1.9663822635775421 55.101927421463188 7.9623058958677539 2.15456172695849 1.5814486269373453 1.302353451028466 2.7031776078511021 0.36238948907703239 2.1140123158693305 20.264333529950818
leaf_count=430 117 1030 41 33 112 3012 480 87 114 90 86 4 19 749
internal_value=-0.00319773 -0.00242805 0.00665564 -0.0052571 -0.00630642 -0.00537442 -0.00762455 -0.0256885 -0.0378977 -0.0463285 -0.00469573 0.0181641 -0.00607766 -0.00725735
internal_weight=142.981 140.482 33.3619 107.12 104.058 102.092 93.1841 13.0007 10.8461 9.26466 80.1835 8.90776 77.4803 75.3663
internal_count=6404 6287 1071 5216 5183 5071 4637 771 684 570 3866 434 3780 3761
is_linear=0
shrinkage=0.05


Tree=230
num_leaves=15
num_cat=0
split_feature=214 129 185 163 241 275 38 105 81 286 286 151 1 157
split_gain=0.996267 0.908394 1.83504 0.705061 0.699459 0.806977 0.70148 0.694078 1.33942 1.6523 0.78102 1.22613 1.08527 0.779931
threshold=1.0000000180025095e-35 1.0000000180025095e-35 1.0000000180025095e-35 1.0000000180025095e-35 1.0000000180025095e-35 1.0000000180025095e-35 1.0000000180025095e-35 1.0000000180025095e-35 1.0000000180025095e-35 1.5000000000000002 2.5000000000000004 1.0000000180025095e-35 1.0000000180025095e-35 1.0000000180025095e-35
decision_type=2 2 2 2 2 2 2 2 2 2 2 2 2 2
left_child=1 3 -3 4 6 -6 7 8 -1 -10 11 12 13 -11
right_child=-2 2 -4 -5 5 -7 -8 -9 9 10 -12 -13 -14 -15
leaf_value=0.0012249049062483617 0.045520122786526472 -0.065622403724331008 0.011722624546287346 -0.052362925561518774 0.018089628781430379 -0.10719930399092703 -0.047150454588966509 0.050419760616769817 -0.1507283862170358 -0.091751804798523087 0.050175599535995014 -0.18312464979783877 0.050104261374368478 0.050125610177656627
leaf_weight=139.3675398324267 1.1939503303728987 1.5461913541657841 1.5214887843467295 0.63429455796722223 0.21544910641387005 0.31853894470259547 0.7623533287551244 0.70524101983755727 0.29742483946028997 0.46161399432457961 0.30274792690761376 0.13255582773126662 0.34263080940581858 0.12259013741277158
leaf_count=5910 12 108 16 40 12 14 48 75 10 23 46 5 76 25
internal_value=3.12693e-05 -0.000338874 -0.0272613 0.000236009 0.000469271 -0.0566488 0.000683316 0.000940606 0.000693173 -0.0439608 -0.020648 -0.0408876 -0.0205449 -0.0619801
internal_weight=147.925 146.731 3.06768 143.663 143.029 0.533988 142.495 141.732 141.027 1.65956 1.36214 1.05939 0.926835 0.584204
internal_count=6420 6408 124 6284 6244 26 6218 6170 6095 185 175 129 124 48
is_linear=0
shrinkage=0.05


Tree=231
num_leaves=15
num_cat=0
split_feature=129 157 188 292 74 303 17 286 3 263 260 190 282 299
split_gain=1.47237 2.0731 1.26574 0.751372 2.03619 1.44552 1.90129 1.41517 1.69267 1.82549 1.53163 1.50748 1.49014 3.21677
threshold=1.0000000180025095e-35 1.0000000180025095e-35 1.0000000180025095e-35 1.0000000180025095e-35 1.0000000180025095e-35 1.0000000180025095e-35 1.0000000180025095e-35 1.0000000180025095e-35 1.0000000180025095e-35 1.0000000180025095e-35 1.0000000180025095e-35 1.0000000180025095e-35 1.0000000180025095e-35 1.0000000180025095e-35
decision_type=2 2 2 2 2 2 2 2 2 2 2 2 2 2
left_child=3 2 -2 7 5 -5 -7 10 9 11 12 -9 13 -1
right_child=1 -3 -4 4 -6 6 -8 8 -10 -11 -12 -13 -14 -15
leaf_value=-0.011630458989665115 -0.064387672838745844 0.04129184035563116 0.052075006508661342 -0.0082855400510790465 0.076981224576587806 0.037895919286178054 -0.016677151298445873 -0.0069554566741606167 0.042254234051537033 0.010099474241921796 0.044959712577968082 -0.038714827372130119 0.024874505360357225 0.016003773276320989
leaf_weight=22.62740506301634 2.3423976541962475 0.75562790222465981 0.25910329353064288 7.6411645750049502 1.1205149990273646 5.583002456696704 2.2348688701167703 53.413473147753393 1.9409495822619636 15.62276531755924 2.5120253819040945 4.0173756080912417 7.9091691002249709 19.698752912110649
leaf_count=1415 116 6 4 389 18 280 79 2330 32 139 15 253 391 910
internal_value=0.00112158 -0.0316126 -0.0527883 0.00188303 0.0118971 0.00717966 0.0222953 0.0005833 -0.0038303 -0.00505472 0.00685843 -0.00917707 0.00495317 0.00123062
internal_weight=147.679 3.35713 2.6015 144.321 16.5796 15.459 7.81787 127.742 74.9946 73.0536 52.7474 57.4308 50.2353 42.3262
internal_count=6377 126 120 6251 766 748 359 5485 2754 2722 2731 2583 2716 2325
is_linear=0
shrinkage=0.05


Tree=232
num_leaves=15
num_cat=0
split_feature=53 184 185 294 93 241 184 38 163 298 74 12 74 278
split_gain=1.06494 1.87741 2.53019 1.40707 2.19607 1.33296 1.17203 0.846464 0.835481 0.698714 1.62692 1.81235 1.57628 1.73544
threshold=1.0000000180025095e-35 1.0000000180025095e-35 1.0000000180025095e-35 1.0000000180025095e-35 1.0000000180025095e-35 1.0000000180025095e-35 1.0000000180025095e-35 1.0000000180025095e-35 1.0000000180025095e-35 1.0000000180025095e-35 1.0000000180025095e-35 1.0000000180025095e-35 1.0000000180025095e-35 1.0000000180025095e-35
decision_type=2 2 2 2 2 2 2 2 2 2 2 2 2 2
left_child=5 2 -2 4 -4 6 7 8 9 12 -11 -12 13 -1
right_child=1 -3 3 -5 -6 -7 -8 -9 -10 10 11 -13 -14 -15
leaf_value=0.0068985630273448372 -0.051659160192420152 0.073542736092528413 -0.04678414555539457 0.047712290500560542 0.048830714718691687 -0.085099724212042316 -0.054024169079800358 -0.049290463731498119 -0.057262767943505412 0.00054166041908939406 0.080591415646944664 -0.04694553526289838 -0.054591772432332458 0.028836068820229377
leaf_weight=64.837298212805763 3.4887041709152964 0.5716571807861327 1.7832878818735483 1.3673024191521106 0.90544265881180752 0.41095457458868523 0.83358642132952709 0.70275059249251981 0.52442343905568023 57.975365163583774 1.2325828458415333 0.35988709051161993 0.95807266782503475 10.471118737477807
leaf_count=3224 388 1 18 9 22 17 12 43 33 2030 26 51 62 440
internal_value=0.00378313 -0.0138191 -0.0204384 0.00641537 -0.0145854 0.0048161 0.00508407 0.00544356 0.00572564 0.00596882 0.00191116 0.051769 0.00913805 0.00994882
internal_weight=146.422 8.11639 7.54474 4.05603 2.68873 138.306 137.895 137.061 136.359 135.834 59.5678 1.59247 76.2665 75.3084
internal_count=6376 438 437 49 40 5938 5921 5909 5866 5833 2107 77 3726 3664
is_linear=0
shrinkage=0.05


Tree=233
num_leaves=15
num_cat=0
split_feature=165 296 58 62 194 291 256 299 286 282 299 297 282 185
split_gain=2.04711 3.69491 2.95573 1.60743 1.52755 3.32165 2.06901 2.05949 1.99902 1.8626 5.36013 2.19944 1.47853 1.40607
threshold=1.0000000180025095e-35 1.0000000180025095e-35 1.0000000180025095e-35 1.0000000180025095e-35 1.0000000180025095e-35 1.0000000180025095e-35 1.0000000180025095e-35 1.5000000000000002 1.0000000180025095e-35 1.0000000180025095e-35 1.0000000180025095e-35 1.5000000000000002 1.0000000180025095e-35 1.0000000180025095e-35
decision_type=2 2 2 2 2 2 2 2 2 2 2 2 2 2
left_child=3 2 -2 4 5 -1 7 9 -9 -6 -11 -12 13 -10
right_child=1 -3 -4 -5 6 -7 -8 8 12 10 11 -13 -14 -15
leaf_value=0.025518766265049737 -0.052358936312281446 -0.0011518331430013763 0.042652685901549851 -0.034930195620993774 0.0033967680810906378 -0.044507370978358135 -0.036872083715731009 -0.10373690039607229 -0.024750474852480331 0.059817677718374762 -0.089728258001993494 0.0078967010567329628 -0.10260589135282593 0.036178886327710699
leaf_weight=16.209478525095623 6.6672093956440213 26.528534737153677 0.93312403559684742 2.5903545037144786 76.901207168295514 1.8910155527992163 3.248716556467115 0.71633399766869743 3.0017024310654961 4.898343476583249 0.9657539697363976 1.4330245443852616 0.4307727088453247 1.3832028601318596
leaf_count=434 780 1058 18 125 3119 115 205 35 114 162 56 57 16 43
internal_value=0.000781414 -0.00995768 -0.040694 0.00400578 0.00491376 0.0182029 0.00232672 0.00374592 -0.0258063 0.00568757 0.0298293 -0.0314073 -0.0142141 -0.00553052
internal_weight=147.799 34.1289 7.60033 113.67 111.08 18.1005 92.9791 89.7303 5.53201 84.1983 7.29712 2.39878 4.81568 4.38491
internal_count=6337 1856 798 4481 4356 549 3807 3602 208 3394 275 113 173 157
is_linear=0
shrinkage=0.05


Tree=234
num_leaves=15
num_cat=0
split_feature=256 285 245 201 0 60 297 93 185 57 194 274 40 286
split_gain=1.98275 2.975 1.66705 1.39551 1.46368 3.3474 1.39351 1.36988 2.49611 1.75683 1.35988 1.36771 1.31732 2.1919
threshold=1.0000000180025095e-35 1.5000000000000002 1.0000000180025095e-35 1.0000000180025095e-35 1.0000000180025095e-35 1.0000000180025095e-35 2.5000000000000004 1.0000000180025095e-35 1.0000000180025095e-35 1.0000000180025095e-35 1.0000000180025095e-35 1.0000000180025095e-35 1.0000000180025095e-35 1.5000000000000002
decision_type=2 2 2 2 2 2 2 2 2 2 2 2 2 2
left_child=3 12 6 -1 7 -6 -3 9 -9 -5 -10 -12 -2 -14
right_child=1 2 -4 4 5 -7 -8 8 10 -11 11 -13 13 -15
leaf_value=0.0037108379603072584 -0.041628057477801933 -0.073889661398801029 0.051048144910728392 -0.034139758444729509 -0.022960815615550856 -0.21130133949871333 0.0024279757695939291 -0.047519458883608541 0.052191846876371586 0.065852533712572173 -0.021275508567312643 0.049211643817367048 -0.21175318582934033 -0.017114384916128541
leaf_weight=124.07956344506238 3.6478248615749163 0.75776544411201063 1.3767736875452099 5.1683467862894723 1.2247203706065199 0.29220505012199272 2.8394212611019611 1.6015958861971737 2.3488701314199698 0.48007825016975392 2.0991478431969899 1.0238721461500975 0.31575297194649454 0.26691860938444734
leaf_count=5328 293 40 213 158 43 7 26 66 42 1 36 44 34 13
internal_value=0.000514208 -0.0219564 0.00425913 0.00200953 -0.012816 -0.0592408 -0.0136487 -0.00728042 0.00738121 -0.0256411 0.0234504 0.00183348 -0.0527791 -0.12259
internal_weight=147.523 9.20446 4.97396 138.318 14.2388 1.51693 3.59719 12.7219 7.07349 5.64843 5.47189 3.12302 4.2305 0.582672
internal_count=6344 619 279 5725 397 50 66 347 188 159 122 80 340 47
is_linear=0
shrinkage=0.05


Tree=235
num_leaves=15
num_cat=0
split_feature=251 90 188 296 194 46 297 291 299 191 93 296 277 296
split_gain=1.41976 1.35525 0.875205 1.35809 0.894296 3.21259 4.53011 1.66695 1.37891 1.59089 1.61648 2.52457 1.86413 1.46544
threshold=1.0000000180025095e-35 1.0000000180025095e-35 1.0000000180025095e-35 1.0000000180025095e-35 1.0000000180025095e-35 1.0000000180025095e-35 2.5000000000000004 1.0000000180025095e-35 1.5000000000000002 1.0000000180025095e-35 1.0000000180025095e-35 2.5000000000000004 1.0000000180025095e-35 1.0000000180025095e-35
decision_type=2 2 2 2 2 2 2 2 2 2 2 2 2 2
left_child=1 2 4 -4 5 -1 -7 8 -6 10 11 -10 -12 -14
right_child=-2 -3 3 -5 7 6 -8 -9 9 -11 12 -13 13 -15
leaf_value=0.014637239621806498 0.032756368736620682 0.03311235318590313 -0.057846319432763783 0.052313747820169558 -0.004689507956436168 -0.068269694032520645 0.014194110232791591 0.011642059809460892 -0.0982434667623686 0.059974764275678917 -0.11703495891289276 0.050815319525828365 -0.055466521676089321 0.052364640974696619
leaf_weight=24.118429016380109 3.3325169114395967 2.9820912717841557 0.34047767147421737 1.569488077657297 90.670817390637239 3.1399505681474684 3.5464177818503231 15.611300454242153 1.7324747300008305 0.40737504139542569 0.32178562530316424 0.33977144770324219 0.47348133858758956 0.94180987449362874
leaf_count=1115 190 41 20 35 3779 150 84 814 73 2 14 13 30 21
internal_value=0.000486546 -0.000249042 -0.000943716 0.0326762 -0.00139815 0.00613547 -0.0245313 -0.00349837 -0.00598933 -0.0339392 -0.0439825 -0.0738034 -0.0084078 0.0162901
internal_weight=149.528 146.196 143.214 1.90997 141.304 30.8048 6.68637 110.499 94.8875 4.2167 3.80932 2.07225 1.73708 1.41529
internal_count=6381 6191 6150 55 6095 1349 234 4746 3932 153 151 86 65 51
is_linear=0
shrinkage=0.05


Tree=236
num_leaves=15
num_cat=0
split_feature=129 198 303 296 197 286 93 18 276 298 278 62 281 288
split_gain=2.25854 1.107 1.30383 2.45074 2.22527 2.30624 2.28018 2.01416 2.20738 1.9074 2.33477 2.08863 1.89619 1.82375
threshold=1.0000000180025095e-35 1.0000000180025095e-35 1.0000000180025095e-35 2.5000000000000004 1.0000000180025095e-35 1.5000000000000002 1.0000000180025095e-35 1.0000000180025095e-35 1.0000000180025095e-35 1.0000000180025095e-35 1.0000000180025095e-35 1.0000000180025095e-35 1.0000000180025095e-35 1.0000000180025095e-35
decision_type=2 2 2 2 2 2 2 2 2 2 2 2 2 2
left_child=1 2 4 7 5 6 -1 8 9 10 -4 12 -11 -5
right_child=-2 -3 3 13 -6 -7 -8 -9 -10 11 -12 -13 -14 -15
leaf_value=0.0014984960781799213 -0.048457656571558663 0.03844082474418354 0.028093659398203102 0.050665700594763878 0.045685079093311369 0.019093537854649525 -0.026732808504431313 0.045366195077141042 0.010620963575999679 -0.037674214575492748 -0.084297482813898414 0.017986392452892845 0.044276908941152021 0.001642261320019246
leaf_weight=73.120246147387661 2.3460641062702043 1.9474246287718404 2.99072326568422 2.6324252889025939 3.0377547441166817 16.797097519622184 7.927785367704927 1.3791420916095365 6.0349790930049485 17.733682208898252 0.5465232046553864 2.1200935428496441 0.73511009744834055 6.7919787373393774
leaf_count=3690 116 19 68 146 72 500 596 10 103 566 26 22 42 428
internal_value=0.00020549 0.000999446 0.000485413 -0.00703728 0.00354009 0.00223163 -0.00126297 -0.0137224 -0.0164243 -0.0231894 0.0107286 -0.0290167 -0.0344123 0.0153355
internal_weight=146.141 143.795 141.848 40.9647 100.883 97.8451 81.048 31.5403 30.1611 24.1261 3.53725 20.5889 18.4688 9.4244
internal_count=6404 6288 6269 1411 4858 4786 4286 837 827 724 94 630 608 574
is_linear=0
shrinkage=0.05


Tree=237
num_leaves=15
num_cat=0
split_feature=256 157 93 296 1 81 243 282 299 296 168 194 165 165
split_gain=1.05645 3.62696 1.89861 1.47741 1.11261 1.1701 1.0887 0.931097 2.69488 1.69558 2.10018 1.61666 1.83328 1.48655
threshold=1.0000000180025095e-35 1.0000000180025095e-35 1.0000000180025095e-35 2.5000000000000004 1.0000000180025095e-35 1.0000000180025095e-35 1.0000000180025095e-35 1.0000000180025095e-35 1.0000000180025095e-35 3.5000000000000004 1.0000000180025095e-35 1.0000000180025095e-35 1.0000000180025095e-35 1.0000000180025095e-35
decision_type=2 2 2 2 2 2 2 2 2 2 2 2 2 2
left_child=7 4 -3 -4 5 6 -2 -1 11 -10 -11 12 -9 -13
right_child=1 2 3 -5 -6 -7 -8 8 9 10 -12 13 -14 -15
leaf_value=0.0024324381092373521 -0.062415797966969472 0.048329861518951522 -0.05704994457462851 0.017631875535262891 0.050101830341899384 -0.12795767261691224 -0.009186570043597915 -0.042230274214204652 -0.030701308143068508 0.038066645041904289 -0.077776252043853994 0.060885060841756516 0.039543635641855077 0.0057648478391672323
leaf_weight=121.02829688892234 2.5076635716250149 2.426440624287352 1.1055432714056226 1.6515051156748084 0.29331646719947446 0.43891504290513683 1.5570753340143708 1.299537492915988 3.8075337524642228 2.4828363675624137 0.46444028802216042 4.7627556834486295 1.4502903466345742 1.6459097050828857
leaf_count=4895 156 162 30 65 61 20 141 56 246 180 8 160 89 61
internal_value=0.00278281 -0.0129224 0.0160736 -0.0123146 -0.0442548 -0.0504001 -0.0420253 0.00392742 0.0152975 -0.0086613 0.0198118 0.0329682 0.000898212 0.0467288
internal_weight=146.922 9.98046 5.18349 2.75705 4.79697 4.50365 4.06474 136.942 15.9133 6.75481 2.94728 9.15849 2.74983 6.40867
internal_count=6330 635 257 95 378 317 297 5695 800 434 188 366 145 221
is_linear=0
shrinkage=0.05


Tree=238
num_leaves=15
num_cat=0
split_feature=296 240 93 297 296 241 168 250 194 201 282 297 129 275
split_gain=1.25418 1.73631 1.72938 2.81364 2.34431 1.74805 1.40008 1.71448 1.21088 2.72341 1.94173 1.48297 3.00643 2.69301
threshold=1.5000000000000002 1.0000000180025095e-35 1.0000000180025095e-35 1.0000000180025095e-35 4.5000000000000009 1.0000000180025095e-35 1.0000000180025095e-35 1.0000000180025095e-35 1.0000000180025095e-35 1.0000000180025095e-35 1.0000000180025095e-35 1.5000000000000002 1.0000000180025095e-35 1.0000000180025095e-35
decision_type=2 2 2 2 2 2 2 2 2 2 2 2 2 2
left_child=1 8 5 4 -4 6 -2 -8 10 11 -1 12 -10 -14
right_child=2 -3 3 -5 -6 -7 7 -9 9 -11 -12 -13 13 -15
leaf_value=0.014947498213999148 0.01735714617672179 -0.068985960323380405 -0.069386948212809926 0.011677224513990225 0.020636583275461785 -0.11700558320220825 0.016380354036859092 0.10062478719473041 -0.0078218470071175043 -0.041978490500198411 -0.021886123771845289 0.0073236704830477537 0.13059672773710554 -0.058355113893141436
leaf_weight=21.777807381062306 12.503379085566847 0.93590814247727294 2.3649805563036366 8.7777833554428053 1.041714889463037 0.22279438376426774 1.1955976719036689 1.2203919992316514 54.866183765116148 4.3399484378751358 4.2814028882712583 31.26228761090897 0.71651855623349447 0.25592450727708638
leaf_count=874 624 9 59 347 98 10 21 8 2893 126 335 938 42 24
internal_value=0.00107539 -0.00115242 0.0107309 -0.00329117 -0.0418591 0.0220141 0.0240901 0.0589349 -0.000612117 -0.00332176 0.00889591 -0.00139562 -0.00627728 0.080869
internal_weight=145.763 118.436 27.3266 12.1845 3.4067 15.1422 14.9194 2.41599 117.5 91.4409 26.0592 87.1009 55.8386 0.972443
internal_count=6408 5241 1167 504 157 663 653 29 5232 4023 1209 3897 2959 66
is_linear=0
shrinkage=0.05


Tree=239
num_leaves=15
num_cat=0
split_feature=296 299 294 290 181 296 247 286 263 194 168 285 241 9
split_gain=0.729524 0.884653 1.90481 1.92659 1.3364 1.29546 1.0026 0.857849 1.03862 0.832244 1.86605 1.30277 3.6361 1.20972
threshold=3.5000000000000004 1.5000000000000002 1.0000000180025095e-35 1.0000000180025095e-35 1.0000000180025095e-35 2.5000000000000004 1.0000000180025095e-35 1.0000000180025095e-35 1.0000000180025095e-35 1.0000000180025095e-35 1.0000000180025095e-35 1.0000000180025095e-35 1.0000000180025095e-35 1.0000000180025095e-35
decision_type=2 2 2 2 2 2 2 2 2 2 2 2 2 2
left_child=1 6 3 4 5 7 -1 -3 -9 10 -2 13 -13 -11
right_child=9 2 -4 -5 -6 -7 -8 8 -10 11 -12 12 -14 -15
leaf_value=0.0022090587537614151 0.050688734100085078 -0.075773692102100207 0.062282199236611407 0.055744474969349103 0.060398910375624608 0.042365237286247096 -0.052533098064431051 -0.046983002223579678 0.00885654442451414 0.0015385581273063794 -0.04474451109455134 0.050275834750784745 -0.25873211975272076 -0.064642227107321523
leaf_weight=127.96227920841193 2.9366298594977702 1.5121191585203613 0.7204025057144462 0.702810464426875 0.37435868382453907 0.47620204789564002 0.84191915299743314 3.0795019170036539 1.1414006659761069 4.9778387728147191 0.62045088550075878 2.1961552212014799 0.099513540044426807 0.80170340510085214
leaf_count=5060 199 58 9 5 1 10 138 176 16 280 10 318 5 85
internal_value=0.00187087 0.000848796 -0.0152774 -0.0229457 -0.031346 -0.0368774 0.00185124 -0.0434595 -0.0318831 0.0138918 0.0340426 0.00501547 0.0368808 -0.00764164
internal_weight=148.443 136.811 8.0068 7.28639 6.58358 6.20922 128.804 5.73302 4.2209 11.6323 3.55708 8.07521 2.29567 5.77954
internal_count=6370 5473 275 266 261 260 5198 250 192 897 209 688 323 365
is_linear=0
shrinkage=0.05


Tree=240
num_leaves=15
num_cat=0
split_feature=304 194 129 286 53 253 46 165 286 4 223 298 288 286
split_gain=2.42691 2.36643 2.17027 2.15683 2.1238 2.03393 1.75099 1.7124 3.48514 1.61722 1.61385 1.51501 2.10867 1.83354
threshold=1.0000000180025095e-35 1.0000000180025095e-35 1.0000000180025095e-35 1.5000000000000002 1.0000000180025095e-35 1.0000000180025095e-35 1.0000000180025095e-35 1.0000000180025095e-35 1.5000000000000002 1.0000000180025095e-35 1.0000000180025095e-35 1.0000000180025095e-35 1.0000000180025095e-35 1.5000000000000002
decision_type=2 2 2 2 2 2 2 2 2 2 2 2 2 2
left_child=1 4 6 -4 7 -2 -3 8 -1 10 11 -8 13 -13
right_child=5 2 3 -5 -6 -7 9 -9 -10 -11 -12 12 -14 -15
leaf_value=-0.052026231517606596 0.0045056673852597925 -0.02551144414563479 0.087276608728677527 -0.051704479429412024 0.057051300583023171 -0.034471969254975802 -0.052420107908610541 0.022072970706724114 0.024001588130399452 0.037497927314877326 0.068365905727458626 -0.015842428754753675 -0.056173683344904538 0.057194750202343637
leaf_weight=3.3661125698708894 86.838702880544588 27.436703982122708 0.93659657554235198 0.39768409088719636 1.88523493311368 3.4810916592832646 2.2226878338260558 4.7460392292123288 2.7297421204857528 2.1459805920603685 0.58153298217803229 1.8491220143914691 1.3211333839280994 1.605277622991707
leaf_count=255 2129 2499 59 43 32 177 221 379 30 99 3 208 149 20
internal_value=-0.00192716 -0.0106209 -0.0168001 0.0458531 0.00806987 0.0030034 -0.0190496 -0.00044723 -0.0179807 -0.00082058 -0.0116693 -0.01832 -0.00244874 0.0180983
internal_weight=141.544 51.2238 38.4967 1.33428 12.7271 90.3198 37.1624 10.8419 6.09585 9.72573 7.57975 6.99822 4.77553 3.4544
internal_count=6303 3997 3301 102 696 2306 3199 664 285 700 601 598 377 228
is_linear=0
shrinkage=0.05


Tree=241
num_leaves=15
num_cat=0
split_feature=129 151 190 194 298 172 286 296 152 3 292 297 297 185
split_gain=1.65059 1.79752 1.65545 1.57191 1.14015 1.58796 2.0091 3.49227 2.87088 3.00781 1.57769 1.66349 1.90083 1.71143
threshold=1.0000000180025095e-35 1.0000000180025095e-35 1.0000000180025095e-35 1.0000000180025095e-35 1.0000000180025095e-35 1.0000000180025095e-35 1.0000000180025095e-35 1.0000000180025095e-35 1.0000000180025095e-35 1.0000000180025095e-35 1.0000000180025095e-35 2.5000000000000004 1.0000000180025095e-35 1.0000000180025095e-35
decision_type=2 2 2 2 2 2 2 2 2 2 2 2 2 2
left_child=2 -2 4 -4 5 6 10 8 9 -8 11 12 -1 -14
right_child=1 -3 3 -5 -6 -7 7 -9 -10 -11 -12 -13 13 -15
leaf_value=0.018523210454127949 -0.066839650110396678 0.0082721774399323079 -0.00539592706088661 -0.051070717562886836 0.00020326374928185837 0.047996643654231612 -0.053039223866023777 0.0089048958131259237 0.05658255568352856 0.034483983767199314 -0.08739103704884732 0.095425806927027082 -0.045625278699579053 0.057997904129828373
leaf_weight=33.828227098798379 1.753607055055908 1.4594192364020273 9.86045146465767 2.3285435952711842 62.150443998019909 2.5806021410971871 6.2527517565758917 21.864468855783343 0.87254338560160238 1.1644248887896536 0.36700004618614812 0.6605523731559505 2.0966292240191247 0.49195541162043799
leaf_count=1822 90 40 547 162 2186 48 838 419 9 18 22 2 167 3
internal_value=0.00272288 -0.0327224 0.00351092 -0.0141215 0.00513505 0.00950263 0.0080331 -0.00157244 -0.0292068 -0.0392989 0.0157685 0.0167896 0.0153632 -0.0259319
internal_weight=147.732 3.21303 144.519 12.189 132.33 70.1792 67.5986 30.1542 8.28972 7.41718 37.4444 37.0774 36.4168 2.58858
internal_count=6373 130 6243 709 5534 3348 3300 1284 865 856 2016 1994 1992 170
is_linear=0
shrinkage=0.05


Tree=242
num_leaves=15
num_cat=0
split_feature=247 67 286 190 190 296 152 129 297 93 286 274 297 286
split_gain=0.976167 0.843332 0.660444 1.96188 1.75627 1.7323 3.0733 2.87271 2.40294 2.29129 1.9213 1.91505 1.47293 1.53191
threshold=1.0000000180025095e-35 1.0000000180025095e-35 1.0000000180025095e-35 1.0000000180025095e-35 1.0000000180025095e-35 1.0000000180025095e-35 1.0000000180025095e-35 1.0000000180025095e-35 1.0000000180025095e-35 1.0000000180025095e-35 1.5000000000000002 1.0000000180025095e-35 1.0000000180025095e-35 2.5000000000000004
decision_type=2 2 2 2 2 2 2 2 2 2 2 2 2 2
left_child=1 2 3 -1 5 6 7 9 -9 -4 -11 -8 -12 -14
right_child=-2 -3 4 -5 -6 -7 11 8 -10 10 12 -13 13 -15
leaf_value=-0.00053094172367191227 -0.053225251568724444 0.050918035539498266 -0.046442259016138548 0.027305512285071443 -0.035043881127510071 0.0021321076803839092 0.055521951371932721 0.096155684050099957 -0.051833465234114265 -0.051499748476847608 -0.052596396570721293 -0.052382991453193972 0.023888051652673742 -0.063232587212671859
leaf_weight=43.977103799348697 0.89087312022456799 0.78623854368924995 8.2292737022508007 7.3939650098327538 4.2451941529870956 61.549819038016722 2.1821448908885936 0.88040171028114744 0.39843518426641822 2.0329894913884345 0.96027920395135868 0.50665541121270496 4.7696798095712438 0.56427625793730829
leaf_count=2347 140 7 1030 381 260 1331 26 47 45 430 79 62 109 24
internal_value=-0.00105396 -0.000718322 -0.00101318 0.00347563 -0.00368459 -0.00206257 -0.014642 -0.0221544 0.0500481 -0.0277313 -0.00924053 0.0351892 0.00440887 0.0146716
internal_weight=139.367 138.476 137.69 51.3711 86.3191 82.074 20.5241 17.8353 1.27884 16.5565 8.32722 2.6888 6.29424 5.33396
internal_count=6318 6178 6171 2728 3443 3183 1852 1764 92 1672 642 88 212 133
is_linear=0
shrinkage=0.05


Tree=243
num_leaves=15
num_cat=0
split_feature=293 190 299 57 165 93 245 60 296 157 187 188 296 19
split_gain=0.832006 0.78567 2.99144 0.878917 0.860135 1.40701 0.837938 1.66756 0.795953 0.9601 0.728548 0.738904 0.930885 2.20191
threshold=1.5000000000000002 1.0000000180025095e-35 1.5000000000000002 1.0000000180025095e-35 1.0000000180025095e-35 1.0000000180025095e-35 1.0000000180025095e-35 1.0000000180025095e-35 1.5000000000000002 1.0000000180025095e-35 1.0000000180025095e-35 1.0000000180025095e-35 1.0000000180025095e-35 1.0000000180025095e-35
decision_type=2 2 2 2 2 2 2 2 2 2 2 2 2 2
left_child=1 3 6 10 8 -6 -3 -8 -4 -10 11 -1 13 -13
right_child=-2 2 4 -5 5 -7 7 -9 9 -11 -12 12 -14 -15
leaf_value=-0.0011762503928099525 0.051156568469027663 -0.035335238918315935 -0.054015180444504242 0.059898372328609818 0.084310383928767677 -0.012080295510230533 0.050253244929807206 -0.1266797706796586 0.056430941124646798 -0.017814705741422542 0.054526450996089305 -0.059807432759986096 0.052227389183060108 0.056490873670635391
leaf_weight=127.942618397763 0.76319309882819553 7.5613211238523927 0.48371014907024745 0.60835543926805158 1.0729515505954625 0.58500308549264435 0.70049758814275254 0.16442830581218004 0.85187447071075417 0.89069401659071445 0.60229310719296236 0.82704128010664069 1.4783365896437315 0.80135670304298401
leaf_count=5548 21 491 17 12 32 62 75 5 6 23 11 30 35 3
internal_value=-0.000911638 -0.00118651 -0.0132682 -6.19716e-05 0.0230344 0.0502993 -0.0300025 0.0166171 0.00272964 0.0184811 -0.000339045 -0.000591203 0.0235024 -0.00257546
internal_weight=145.334 144.57 12.3105 132.26 3.88423 1.65795 8.42625 0.864926 2.22628 1.74257 131.652 131.049 3.10673 1.6284
internal_count=6371 6350 711 5639 140 94 571 80 46 29 5627 5616 68 33
is_linear=0
shrinkage=0.05


Tree=244
num_leaves=15
num_cat=0
split_feature=165 296 288 296 286 299 277 18 249 296 292 298 298 93
split_gain=2.26368 4.91667 3.75161 2.84162 3.05707 3.92296 2.27472 1.93116 1.68388 1.53687 1.48989 1.68489 2.00728 1.97027
threshold=1.0000000180025095e-35 1.0000000180025095e-35 1.0000000180025095e-35 2.5000000000000004 1.5000000000000002 1.5000000000000002 1.0000000180025095e-35 1.0000000180025095e-35 1.0000000180025095e-35 1.5000000000000002 1.0000000180025095e-35 1.0000000180025095e-35 1.5000000000000002 1.0000000180025095e-35
decision_type=2 2 2 2 2 2 2 2 2 2 2 2 2 2
left_child=6 -2 3 4 5 -3 8 -8 10 -7 11 13 -13 -1
right_child=1 2 -4 -5 -6 9 7 -9 -10 -11 -12 12 -14 -15
leaf_value=0.013605483568561059 -0.051603830790026388 -0.051921894110971673 0.021196353725925078 0.020339539701884291 0.032275991017289438 0.067057873833714851 -0.009808204740037756 0.048786796488278043 -0.059698886312049296 -0.056811880074759159 0.02764520399719993 -0.01961565626490936 0.026632162757774532 -0.020125257886720597
leaf_weight=42.249141125997994 6.5359795800759448 9.0554622251656784 9.8506906712427735 3.6894818958826372 1.7072353346738971 1.0705718648387126 37.031885821255855 1.4616661423351605 0.91948941443115373 0.32685937453061331 8.7964362251805124 10.905472621438092 2.9893177706398992 4.8235219708876675
leaf_count=1902 809 611 198 203 24 32 1357 11 46 9 335 457 153 190
internal_value=-0.00124086 -0.0128828 -0.00303546 -0.0180958 -0.0297574 -0.039889 0.00219662 -0.00758325 0.00752265 0.0380847 0.00840863 0.00563316 -0.00966593 0.0101491
internal_weight=141.413 32.2363 25.7003 15.8496 12.1601 10.4529 109.177 38.4936 70.6834 1.39743 69.7639 60.9675 13.8948 47.0727
internal_count=6337 1886 1077 879 676 652 4451 1368 3083 41 3037 2702 610 2092
is_linear=0
shrinkage=0.05


Tree=245
num_leaves=15
num_cat=0
split_feature=256 157 93 296 1 303 197 129 4 298 93 286 172 263
split_gain=1.16219 3.28036 1.14852 1.18669 1.00798 0.981366 2.5002 1.88905 1.31379 1.39631 1.28052 1.72501 2.1984 1.6386
threshold=1.0000000180025095e-35 1.0000000180025095e-35 1.0000000180025095e-35 2.5000000000000004 1.0000000180025095e-35 1.0000000180025095e-35 1.0000000180025095e-35 1.0000000180025095e-35 1.0000000180025095e-35 1.5000000000000002 1.0000000180025095e-35 1.5000000000000002 1.0000000180025095e-35 1.0000000180025095e-35
decision_type=2 2 2 2 2 2 2 2 2 2 2 2 2 2
left_child=5 4 -3 -4 -2 6 10 8 -7 -10 -1 12 13 -12
right_child=1 2 3 -5 -6 7 -8 -9 9 -11 11 -13 -14 -15
leaf_value=0.0073922221658345002 -0.050952253593767406 0.038059301165494469 -0.056248143859765509 0.015507718238237059 0.0500987962399356 -0.0035621806732508993 0.055513434458088776 -0.085941456409468264 -0.051631365559295317 0.064031131375312897 -0.029484696945281771 0.0070946372149067105 0.031514957534779835 -0.10533095186431739
leaf_weight=78.464916773315053 4.3129104358376917 2.4333015467273071 0.89703780284617129 1.6109166071983052 0.2617575586773454 38.52157242881367 2.5014990526251486 0.67631628725211967 0.32342489925213058 1.3505918861483222 4.5944908370729518 7.9197467034100555 1.2833612826652823 0.8427227810025214
leaf_count=3867 320 154 29 61 56 1046 49 17 24 46 448 229 43 7
internal_value=0.00223454 -0.0146601 0.0135866 -0.0101577 -0.0451702 0.00341251 0.00618469 -0.00307212 -0.00167779 0.0416848 0.00485935 -0.0087156 -0.0273469 -0.0412402
internal_weight=145.995 9.51592 4.94126 2.50795 4.57467 136.479 95.6067 40.8719 40.1956 1.67402 93.1052 14.6403 6.72057 5.43721
internal_count=6396 620 244 90 376 5776 4643 1133 1116 70 4594 727 498 455
is_linear=0
shrinkage=0.05


Tree=246
num_leaves=15
num_cat=0
split_feature=129 286 282 241 58 194 299 165 299 285 194 51 59 292
split_gain=1.81162 1.71885 2.03031 1.90131 1.50979 1.82415 3.44111 2.38553 2.97731 1.44748 1.49429 1.44451 1.40275 2.38256
threshold=1.0000000180025095e-35 1.5000000000000002 1.0000000180025095e-35 1.0000000180025095e-35 1.0000000180025095e-35 1.0000000180025095e-35 1.5000000000000002 1.0000000180025095e-35 1.0000000180025095e-35 1.0000000180025095e-35 1.0000000180025095e-35 1.0000000180025095e-35 1.0000000180025095e-35 1.0000000180025095e-35
decision_type=2 2 2 2 2 2 2 2 2 2 2 2 2 2
left_child=1 2 3 4 5 6 7 8 -1 -4 -11 -10 -3 -14
right_child=-2 12 9 -5 -6 -7 -8 -9 11 10 -12 -13 13 -15
leaf_value=0.031184997721363451 -0.041775971459029421 0.014568937263082471 0.0057442223915300863 -0.13367796381447966 0.032899170209167515 -0.0014153989616410641 0.037265458266935857 -0.049166278108790547 -0.049745100948491841 -0.0091024518221037298 0.053770514832166577 0.059009966681254612 -0.053392977508185051 0.053108826662548958
leaf_weight=2.795584340579806 2.3723699257243416 32.982585521589499 14.358695493254347 0.28274598252028127 2.7125958567485204 66.963894249434816 2.2234701336710705 7.3166199561092071 3.0089223884278913 1.2814929770538581 3.5993623601971185 0.33980578184127797 1.8741799518465989 0.72954922728240479
leaf_count=96 129 1048 837 6 87 3156 61 529 159 66 136 1 36 8
internal_value=0.0015527 0.00228447 -0.000937236 -0.00423446 -0.0038057 -0.00501039 -0.020359 -0.0298774 -0.00690833 0.0137402 0.0372629 -0.0387094 0.0117798 -0.0235518
internal_weight=142.842 140.47 104.883 85.6436 85.3609 82.6483 15.6844 13.4609 6.14431 19.2396 4.88086 3.34873 35.5863 2.60373
internal_count=6355 6226 5134 4095 4089 4002 846 785 256 1039 202 160 1092 44
is_linear=0
shrinkage=0.05


Tree=247
num_leaves=15
num_cat=0
split_feature=129 157 188 194 190 154 247 103 38 282 286 165 296 278
split_gain=1.1687 2.07248 1.23076 1.00505 2.15982 1.43458 1.25408 1.12039 1.00858 0.964819 1.02589 2.38337 1.94772 1.09075
threshold=1.0000000180025095e-35 1.0000000180025095e-35 1.0000000180025095e-35 1.0000000180025095e-35 1.0000000180025095e-35 1.0000000180025095e-35 1.0000000180025095e-35 1.0000000180025095e-35 1.0000000180025095e-35 1.0000000180025095e-35 1.5000000000000002 1.0000000180025095e-35 1.5000000000000002 1.0000000180025095e-35
decision_type=2 2 2 2 2 2 2 2 2 2 2 2 2 2
left_child=3 2 -2 5 -5 6 7 8 9 -1 11 13 -12 -11
right_child=1 -3 -4 4 -6 -7 -8 -9 -10 10 12 -13 -14 -15
leaf_value=0.020712519317143262 -0.066495135040675238 0.041381235667682037 0.051964405816893933 0.00062437813761145487 -0.051001459282157595 -0.061959606945757965 -0.053173050353490951 -0.056652273535313227 -0.053494077509872479 -0.032718877825369135 -0.052038555713946159 0.024257784969106293 0.069113348641894889 -0.14154104668244849
leaf_weight=21.946223649953044 2.0140182859031484 0.77002332359552372 0.24605513177812088 106.31532593627344 2.0652823615819207 0.68161236471496423 0.73451558547094364 0.56722038396401231 0.53873529168777068 2.6108243168564509 0.46547451359219838 2.5341702513687778 1.1547222903463987 0.25253886712016527
leaf_count=798 116 7 4 4634 153 18 129 29 38 139 27 224 26 44
internal_value=0.00125955 -0.0294617 -0.0535984 0.0019251 -0.000359395 0.00978875 0.0113763 0.0129531 0.0142913 0.0155521 -0.000585716 -0.0110596 0.034307 -0.0423166
internal_weight=142.897 3.0301 2.26007 139.867 108.381 31.486 30.8044 30.0699 29.5027 28.964 7.01773 5.39753 1.6202 2.86336
internal_count=6386 127 120 6259 4787 1472 1454 1325 1296 1258 460 407 53 183
is_linear=0
shrinkage=0.05


Tree=248
num_leaves=15
num_cat=0
split_feature=299 223 303 181 245 247 74 297 198 273 46 154 277 260
split_gain=1.20357 1.44234 2.04057 1.54232 1.2284 0.891952 0.85907 1.85485 0.786076 0.962102 0.837096 1.59869 1.542 1.17701
threshold=1.5000000000000002 1.0000000180025095e-35 1.0000000180025095e-35 1.0000000180025095e-35 1.0000000180025095e-35 1.0000000180025095e-35 1.0000000180025095e-35 1.5000000000000002 1.0000000180025095e-35 1.0000000180025095e-35 1.0000000180025095e-35 1.0000000180025095e-35 1.0000000180025095e-35 1.0000000180025095e-35
decision_type=2 2 2 2 2 2 2 2 2 2 2 2 2 2
left_child=5 2 3 4 -2 6 8 -8 9 10 11 12 13 -1
right_child=1 -3 -4 -5 -6 -7 7 -9 -10 -11 -12 -13 -14 -15
leaf_value=0.002691033144801994 -0.063129716886183004 0.060890305050665075 0.00050950180589858938 0.058326806974647594 0.050558636050572092 -0.052968861787957802 -0.020012217853537212 0.063363581895467064 0.037010361568411095 -0.055662829368490756 -0.0050671039758000136 -0.041516949808848708 0.017305223903887241 -0.032195554981344861
leaf_weight=69.078444131853757 3.6142588265938653 0.56782653229311186 4.9468728769861627 0.32144036889076222 0.25432030437514175 0.73931058088783075 1.1197233910206699 1.6501084379851816 1.5418961569666851 0.74227946810424228 35.845263752766186 1.8959919793996949 19.578346901223995 2.5053945044055572
leaf_count=3674 150 4 228 1 14 128 99 19 17 9 1268 46 751 21
internal_value=0.000574524 -0.0164317 -0.021237 -0.0469116 -0.0556558 0.0017998 0.00210207 0.0296583 0.00152026 0.00109817 0.00142502 0.00392573 0.00487085 0.00147002
internal_weight=144.401 9.70472 9.13689 4.19002 3.86858 134.697 133.957 2.76983 131.188 129.646 128.903 93.0582 91.1622 71.5838
internal_count=6429 397 393 165 164 6032 5904 118 5786 5769 5760 4492 4446 3695
is_linear=0
shrinkage=0.05


Tree=249
num_leaves=15
num_cat=0
split_feature=246 93 277 53 303 285 296 201 151 12 154 194 60 296
split_gain=0.899967 0.785305 1.99286 3.15468 1.95234 1.73526 1.52617 1.38279 2.39902 1.6249 2.6222 1.61079 1.55076 1.49739
threshold=1.0000000180025095e-35 1.0000000180025095e-35 1.0000000180025095e-35 1.0000000180025095e-35 1.0000000180025095e-35 1.0000000180025095e-35 4.5000000000000009 1.0000000180025095e-35 1.0000000180025095e-35 1.0000000180025095e-35 1.0000000180025095e-35 1.0000000180025095e-35 1.0000000180025095e-35 3.5000000000000004
decision_type=2 2 2 2 2 2 2 2 2 2 2 2 2 2
left_child=1 -1 3 4 5 6 -3 8 -4 10 12 -9 -10 -13
right_child=-2 2 7 -5 -6 -7 -8 11 9 -11 -12 13 -14 -15
leaf_value=0.0043069631468334348 -0.06277093688991639 -0.05350268859647217 0.023879830757393885 0.047601784864835191 -0.0053434523284700171 0.025118230818543176 0.015746578737891037 0.03473036500542253 -0.058613205408614512 0.02812373802807773 -0.13381390223962553 -0.041034332097326161 0.053766315359487962 0.050266632119933145
leaf_weight=100.22057265404146 0.53960551880299945 7.0963326952769457 12.598151312791744 1.8197436330374319 9.2632074121793266 0.96879334468394507 0.89610229223035265 1.2596700906287877 0.72104471159400352 0.90397107612807293 0.66088266461156298 3.6501076458953312 0.53457194566726685 0.51208174950443197
leaf_count=4783 7 490 335 37 307 20 91 40 43 25 10 86 4 77
internal_value=0.00167808 0.00192454 -0.0039155 -0.0151716 -0.0214396 -0.0380783 -0.0457385 0.00691051 0.0145479 -0.0271348 -0.0531991 -0.0148086 -0.0107682 -0.0298014
internal_weight=141.645 141.105 40.8847 20.0442 18.2244 8.96123 7.99243 20.8405 15.4186 2.82047 1.9165 5.42186 1.25562 4.16219
internal_count=6355 6348 1565 945 908 601 581 620 417 82 57 203 47 163
is_linear=0
shrinkage=0.05


Tree=250
num_leaves=15
num_cat=0
split_feature=129 299 303 151 247 198 303 245 181 279 38 276 288 46
split_gain=1.2791 0.895254 2.97322 1.45407 0.822667 0.774542 1.07062 2.10514 0.665054 0.634727 0.634044 0.581376 2.83167 2.14683
threshold=1.0000000180025095e-35 1.0000000180025095e-35 1.0000000180025095e-35 1.0000000180025095e-35 1.0000000180025095e-35 1.0000000180025095e-35 1.5000000000000002 1.0000000180025095e-35 1.0000000180025095e-35 1.0000000180025095e-35 1.0000000180025095e-35 1.0000000180025095e-35 1.0000000180025095e-35 1.0000000180025095e-35
decision_type=2 2 2 2 2 2 2 2 2 2 2 2 2 2
left_child=4 3 -3 -2 5 6 8 -8 9 10 11 -1 -13 -14
right_child=1 2 -4 -5 -6 -7 7 -9 -10 -11 -12 12 13 -15
leaf_value=0.0018673860205003119 0.09871693708903255 -0.078110533524627518 0.063152270784575165 -0.022355432384414509 -0.052873465180541396 0.035512537250062023 -0.075361844666472402 0.050376724082892635 -0.04285754338357884 -0.0510272967317335 -0.048151970918649714 0.038414905310080412 -0.054353106834228816 0.047828976132746344
leaf_weight=125.79553800396388 0.93534873332828217 0.59475302230566718 0.99672286573331803 0.33746308286208659 0.68954635201953252 1.690546111203729 1.1499765717890102 0.46848810091614712 0.82330324500799079 0.55738565349019964 0.61644350877031584 4.925889599020592 1.8695387461921202 0.7089554457925259
leaf_count=5765 27 70 14 22 128 18 23 41 13 56 46 103 40 26
internal_value=0.00228484 0.0353594 0.0103607 0.0666168 0.00160474 0.00187576 0.00146044 -0.038965 0.00194402 0.00221831 0.00243993 0.00267389 0.0161933 -0.0262582
internal_weight=142.16 2.86429 1.59148 1.27281 139.296 138.606 136.916 1.61846 135.297 134.474 133.916 133.3 7.50438 2.57849
internal_count=6392 133 84 49 6259 6131 6113 64 6049 6036 5980 5934 169 66
is_linear=0
shrinkage=0.05


Tree=251
num_leaves=15
num_cat=0
split_feature=72 245 129 0 90 198 157 93 105 299 297 165 286 153
split_gain=2.09982 2.66301 1.31066 2.26846 0.969884 0.854055 0.821608 0.976504 0.695702 0.727166 1.75439 1.02469 1.22798 0.952126
threshold=1.0000000180025095e-35 1.0000000180025095e-35 1.0000000180025095e-35 1.0000000180025095e-35 1.0000000180025095e-35 1.0000000180025095e-35 1.0000000180025095e-35 1.0000000180025095e-35 1.0000000180025095e-35 1.5000000000000002 1.5000000000000002 1.0000000180025095e-35 1.0000000180025095e-35 1.0000000180025095e-35
decision_type=2 2 2 2 2 2 2 2 2 2 2 2 2 2
left_child=2 -2 4 -4 5 8 -3 -8 9 -1 11 12 -11 -12
right_child=1 6 3 -5 -6 -7 7 -9 -10 10 13 -13 -14 -15
leaf_value=0.0018689762536838934 -0.055688885056129449 0.051015977396256053 -0.057949908638143588 0.043263108905596502 0.031600300030688457 0.03782055690887616 -0.036664778445272037 0.050298659261041725 0.046018880569239147 -0.082223360026287884 -0.052745971036190609 0.049429866698307394 0.012558884543970569 -0.003411853959420761
leaf_weight=123.45950193618773 3.6137378683197303 0.87237501004710805 2.1389141736435699 0.74692543770652253 2.7665276664774856 1.6157964039593924 1.0486902846023438 0.46635860996320855 0.86199631984345515 0.44025523797608834 2.748550393327605 1.2366863214410841 1.5268898977083152 1.5182228729536289
leaf_count=5419 276 80 107 10 44 15 30 49 85 16 145 30 53 51
internal_value=0.000341422 -0.0286166 0.00159111 -0.0317535 0.00229776 0.0016901 0.0123616 -0.00989591 0.00124713 0.000952371 -0.0141955 0.0137666 -0.00865377 -0.0351917
internal_weight=145.061 6.00116 139.06 2.88584 136.174 133.408 2.38742 1.51505 131.792 130.93 7.4706 3.20383 1.96715 4.26677
internal_count=6410 435 5975 117 5858 5814 159 79 5799 5714 295 99 69 196
is_linear=0
shrinkage=0.05


Tree=252
num_leaves=15
num_cat=0
split_feature=271 190 194 278 103 129 286 165 182 286 194 184 19 60
split_gain=1.41607 1.1782 1.49947 1.38663 1.85746 1.64461 1.94746 2.51128 1.4133 1.25131 1.24894 1.1387 1.07255 1.15484
threshold=1.0000000180025095e-35 1.0000000180025095e-35 1.0000000180025095e-35 1.0000000180025095e-35 1.0000000180025095e-35 1.0000000180025095e-35 1.5000000000000002 1.0000000180025095e-35 1.0000000180025095e-35 1.5000000000000002 1.0000000180025095e-35 1.0000000180025095e-35 1.0000000180025095e-35 1.0000000180025095e-35
decision_type=2 2 2 2 2 2 2 2 2 2 2 2 2 2
left_child=1 3 -3 4 5 11 -7 -8 -6 10 -5 -1 13 -12
right_child=-2 2 -4 9 8 6 7 -9 -10 -11 12 -13 -14 -15
leaf_value=0.00041528313234085313 -0.025982700297889145 -0.0054731853350717024 -0.051456608259986249 -0.056644520439823702 -0.030765674355167656 0.098257012046743988 -0.087052113583396207 0.062007394667750765 -0.15423120482022964 0.028710495648324542 0.0072091314843729833 -0.062173695140912991 -0.037146866843152701 0.057277528025181171
leaf_weight=98.242424491560087 4.9855265069636507 9.5717258945223858 2.1758739529177538 0.78896425821585481 1.0208619238110248 0.93800337077118401 0.47512585762888171 0.69719092530431226 0.29986757482402016 8.6793767629424092 10.334826279489787 0.73211592773441125 1.1848655136709574 1.2961186449974782
leaf_count=4383 197 544 172 112 46 35 22 11 14 251 598 12 39 9
internal_value=0.000190911 0.00114732 -0.0139902 0.00257349 0.000113854 0.000883572 0.0445599 0.00159537 -0.0587981 0.0138766 0.00441309 -4.76883e-05 0.0081719 0.0127886
internal_weight=141.423 136.437 11.7476 124.69 102.406 101.085 2.11032 1.17232 1.32073 22.2842 13.6048 98.9745 12.8158 11.6309
internal_count=6445 6248 716 5532 4523 4463 68 33 60 1009 758 4395 646 607
is_linear=0
shrinkage=0.05


Tree=253
num_leaves=15
num_cat=0
split_feature=198 71 168 194 62 291 258 40 288 60 275 296 152 282
split_gain=0.726993 0.779959 0.850834 0.767875 1.38205 1.33071 1.11364 1.04993 2.07502 2.15214 1.94245 2.14869 1.96857 1.3712
threshold=1.0000000180025095e-35 1.0000000180025095e-35 1.0000000180025095e-35 1.0000000180025095e-35 1.0000000180025095e-35 1.0000000180025095e-35 1.0000000180025095e-35 1.0000000180025095e-35 1.0000000180025095e-35 1.0000000180025095e-35 1.0000000180025095e-35 1.0000000180025095e-35 1.0000000180025095e-35 1.0000000180025095e-35
decision_type=2 2 2 2 2 2 2 2 2 2 2 2 2 2
left_child=1 2 -1 7 5 6 -5 10 -9 -10 11 12 13 -3
right_child=-2 3 -4 4 -6 -7 -8 8 9 -11 -12 -13 -14 -15
leaf_value=0.016980911430502194 0.033140315224438312 -0.051867882362347073 -0.042956184042546551 -0.0039690236918313885 -0.044188061864529685 0.01174172170087733 -0.090008807796876728 -0.057515040361614561 0.029551702819266175 -0.052611557658103492 0.058673197708343443 0.02007276166392934 0.055107914160679929 -0.0013612276273484733
leaf_weight=9.7682672709925065 1.6922075506299723 2.7946944993455061 0.63030303874984461 87.20110602924251 1.976584170362911 15.077873260597697 0.37771457433700462 1.7360483914962959 3.0015078200958669 1.085132368141785 2.0375698721036306 11.308761166641487 0.83085025660693634 2.5885309727163985
leaf_count=490 19 209 8 3828 120 840 4 158 33 17 24 476 8 168
internal_value=0.000563616 0.000171019 0.0133479 -0.000882851 -0.00277543 -0.00197806 -0.0043401 0.00691866 -0.0117196 0.00773476 0.0124669 0.00709394 -0.0165257 -0.0275817
internal_weight=142.107 140.415 10.3986 130.016 104.633 102.657 87.5788 25.3831 5.82269 4.08664 19.5604 17.5228 6.21408 5.38323
internal_count=6402 6383 498 5885 4792 4672 3832 1093 208 50 885 861 385 377
is_linear=0
shrinkage=0.05


Tree=254
num_leaves=15
num_cat=0
split_feature=194 190 0 291 247 129 162 57 90 293 275 112 296 58
split_gain=1.18275 1.82701 1.76209 1.52609 1.13884 1.05993 0.977112 0.967071 0.881674 0.902701 0.880171 0.845308 1.36065 0.834834
threshold=1.0000000180025095e-35 1.0000000180025095e-35 1.0000000180025095e-35 1.0000000180025095e-35 1.0000000180025095e-35 1.0000000180025095e-35 1.0000000180025095e-35 1.0000000180025095e-35 1.0000000180025095e-35 1.5000000000000002 1.0000000180025095e-35 1.0000000180025095e-35 1.0000000180025095e-35 1.0000000180025095e-35
decision_type=2 2 2 2 2 2 2 2 2 2 2 2 2 2
left_child=2 3 4 5 13 6 7 8 9 11 -10 -2 -13 -1
right_child=1 -3 -4 -5 -6 -7 -8 -9 10 -11 -12 12 -14 -15
leaf_value=0.012195214172820228 -0.005350552944262052 -0.050453094364289221 -0.043809778512782421 0.013576109637030018 -0.052827925254075495 -0.039033697038028198 0.031180628688462709 0.062687299900894819 -0.010472958350876901 0.053882152239108333 0.051706213394495486 -0.050810380763906343 0.076609237838509259 0.06653571969589045
leaf_weight=28.584711550851363 85.235581471177284 1.876317573362029 1.4801799948909309 16.005963455245364 0.66097486182115872 2.0111701744608572 2.1237069896887979 0.55460978578776021 0.95487591437995356 0.66020479192957182 1.4088728055357933 0.29311278322711476 0.73460444062948227 0.72471327031962474
leaf_count=1303 3590 161 65 850 126 84 36 9 15 8 18 57 3 4
internal_value=0.000878613 -0.00152994 0.00944503 -0.000695309 0.0120752 -0.00312599 -0.00234074 -0.00313313 -0.00354197 -0.00436131 0.0265879 -0.00480706 0.0402682 0.0135389
internal_weight=143.31 111.859 31.4506 109.983 29.9704 93.9767 91.9656 89.8419 89.2873 86.9235 2.36375 86.2633 1.02772 29.3094
internal_count=6329 4831 1498 4670 1433 3820 3736 3700 3691 3658 33 3650 60 1307
is_linear=0
shrinkage=0.05


Tree=255
num_leaves=15
num_cat=0
split_feature=90 243 256 296 19 299 93 60 296 157 285 296 299 278
split_gain=1.23672 0.985835 2.22927 1.73638 2.26977 0.891359 1.86752 1.30205 1.27198 1.04603 1.02038 3.23565 2.23172 1.63604
threshold=1.0000000180025095e-35 1.0000000180025095e-35 1.0000000180025095e-35 2.5000000000000004 1.0000000180025095e-35 1.5000000000000002 1.0000000180025095e-35 1.0000000180025095e-35 1.5000000000000002 1.0000000180025095e-35 1.5000000000000002 1.5000000000000002 1.0000000180025095e-35 1.0000000180025095e-35
decision_type=2 2 2 2 2 2 2 2 2 2 2 2 2 2
left_child=1 2 5 -4 -5 10 8 -8 -7 -10 -1 -12 -13 -14
right_child=-2 -3 3 4 -6 6 7 -9 9 -11 11 12 13 -15
leaf_value=0.0047149625161314254 0.0368632023586275 0.029814562513566789 -0.05669199561789541 -0.067376072158945269 0.037787894258089497 -0.057450201244954049 -0.0053929571664169647 0.055426487456862517 0.021460312044555601 -0.040963133255914018 -0.041351239226061119 0.063066328694463478 -0.03789479869641682 0.028617376009235362
leaf_weight=109.18956256902311 2.5118348058313122 2.9984252341091624 2.9310520681901826 0.78286405839025985 1.4888963610865176 2.5952089964121097 3.1176581183099188 1.2260762238875029 1.4037683140486479 1.2858055988326669 4.8617962092393991 1.6634307899512348 1.9667731400113553 1.744731864426285
leaf_count=5014 41 413 196 10 18 140 174 26 20 34 128 17 83 60
internal_value=0.00209585 0.00145959 0.000826329 -0.0312622 0.00154768 0.00211997 -0.0125146 0.0117741 -0.0324783 -0.00838249 0.00329985 -0.0117944 0.0149408 -0.00662826
internal_weight=139.768 137.256 134.258 5.20281 2.27176 129.055 9.62852 4.34373 5.28478 2.68957 119.426 10.2367 5.37494 3.71151
internal_count=6374 6333 5920 224 28 5696 394 200 194 54 5302 288 160 143
is_linear=0
shrinkage=0.05


Tree=256
num_leaves=15
num_cat=0
split_feature=296 53 296 93 293 296 129 299 157 151 194 297 157 168
split_gain=1.10627 0.818948 1.47554 1.04177 1.31017 1.46826 0.687194 1.01435 1.11178 0.866235 0.822943 2.40905 1.58517 1.45851
threshold=5.5000000000000009 1.0000000180025095e-35 1.0000000180025095e-35 1.0000000180025095e-35 1.0000000180025095e-35 1.5000000000000002 1.0000000180025095e-35 1.0000000180025095e-35 1.0000000180025095e-35 1.0000000180025095e-35 1.0000000180025095e-35 1.0000000180025095e-35 1.0000000180025095e-35 1.0000000180025095e-35
decision_type=2 2 2 2 2 2 2 2 2 2 2 2 2 2
left_child=1 6 -3 4 5 -4 10 9 -9 -8 11 12 -1 -12
right_child=-2 2 3 -5 -6 -7 7 8 -10 -11 13 -13 -14 -15
leaf_value=0.01696104005568962 0.050178570024177319 -0.054659568734300945 -0.077253161594815142 0.032060986441171148 0.020713487352126737 -0.0011116460409094241 0.074104766254450047 -0.038897000527923803 0.044644251582484688 -0.019649161609908136 -0.0045049740619957299 -0.014550492458834011 -0.11622281349023392 0.031684904162742812
leaf_weight=20.614968914189383 1.0388791867298994 1.9862392155919213 1.2646130415378141 1.4457823049742726 1.4314459688030186 1.2679507508873937 1.1160333303268992 0.95849124854430534 0.6813480369746685 0.31617332366295148 96.782159689610125 9.7911016037687642 0.22586349956691165 2.8664875165559343
leaf_count=999 198 357 23 30 15 17 31 69 4 22 4147 440 10 41
internal_value=-0.00122827 -0.00160771 -0.0178026 -0.0042703 -0.0175213 -0.0391322 -0.000709507 0.0226646 -0.00418587 0.0534077 -0.00126067 0.00590676 0.0155177 -0.00346394
internal_weight=141.788 140.749 7.39603 5.40979 3.96401 2.53256 133.353 3.07205 1.63984 1.43221 130.281 30.6319 20.8408 99.6486
internal_count=6403 6205 442 85 55 40 5763 126 73 53 5637 1449 1009 4188
is_linear=0
shrinkage=0.05


Tree=257
num_leaves=15
num_cat=0
split_feature=263 282 297 1 299 296 283 299 256 148 168 182 194 165
split_gain=1.46653 0.880705 1.87655 2.26064 1.66816 1.54767 3.86306 1.46698 1.44195 1.4285 1.38612 1.77159 1.34047 2.00008
threshold=1.0000000180025095e-35 1.0000000180025095e-35 1.5000000000000002 1.0000000180025095e-35 1.5000000000000002 4.5000000000000009 1.0000000180025095e-35 1.0000000180025095e-35 1.0000000180025095e-35 1.0000000180025095e-35 1.0000000180025095e-35 1.0000000180025095e-35 1.0000000180025095e-35 1.0000000180025095e-35
decision_type=2 2 2 2 2 2 2 2 2 2 2 2 2 2
left_child=1 2 3 4 9 -4 -7 8 12 -1 11 -10 13 -3
right_child=-2 7 5 -5 -6 6 -8 -9 10 -11 -12 -13 -14 -15
leaf_value=-0.0084909892295431388 0.013240351264069647 -0.053156759683551394 0.0069208362340601546 -0.08948154161695375 0.035158730649809559 -0.24457934695797756 0.050285373651305712 -0.0062728409302300519 -0.06796469419761679 -0.12338964721913939 0.040695624250242132 0.010988563733579062 0.042321584025766606 0.036495648486569797
leaf_weight=61.351488261396298 19.777619743719697 1.0602405648678532 35.172733607614646 0.85137585457414289 2.2158156427321947 0.20752596203237672 0.23900314164347947 10.880536630051209 1.2975592142902306 0.27171248709782858 1.127817855216563 1.570381207158789 6.298890027159362 1.5054208704968914
leaf_count=3519 197 57 1150 30 93 8 34 731 96 6 9 183 221 92
internal_value=0.000595749 -0.00142021 -0.00346978 -0.00854437 -0.00746497 0.00574651 -0.086754 0.00723962 0.0186719 -0.00899761 -0.00626533 -0.0247327 0.0299126 -0.000552544
internal_weight=143.828 124.051 100.31 64.6904 63.839 35.6193 0.446529 23.7408 12.8603 61.6232 3.99576 2.86794 8.86455 2.56566
internal_count=6426 6229 4840 3648 3618 1192 42 1389 658 3525 288 279 370 149
is_linear=0
shrinkage=0.05


Tree=258
num_leaves=15
num_cat=0
split_feature=263 296 299 290 296 289 296 189 23 299 12 58 280 0
split_gain=2.28037 1.74639 1.04722 1.89046 1.74175 1.33209 1.8358 1.59546 1.242 1.55125 1.13667 2.22751 2.19475 1.12711
threshold=1.0000000180025095e-35 1.5000000000000002 1.5000000000000002 1.0000000180025095e-35 2.5000000000000004 1.0000000180025095e-35 1.0000000180025095e-35 1.0000000180025095e-35 1.0000000180025095e-35 1.0000000180025095e-35 1.0000000180025095e-35 1.0000000180025095e-35 1.0000000180025095e-35 1.0000000180025095e-35
decision_type=2 2 2 2 2 2 2 2 2 2 2 2 2 2
left_child=2 -2 5 4 -4 8 7 -7 9 -1 -10 12 -12 -8
right_child=1 -3 3 -5 -6 6 13 -9 10 -11 11 -13 -14 -15
leaf_value=0.04213981449631897 0.009066621885965678 0.050602321010870026 -0.046100461220421163 0.057540724155829705 0.0075489552075990521 -0.052555855773261273 0.015794634457170335 0.059664673643864699 -0.0038274137079162985 -0.02028969395369562 -0.041951735639120996 0.024677770057439007 0.051750378121111412 -0.033701518268457555
leaf_weight=2.9594948864541939 17.317378940060738 2.963809866923838 4.6948776936042114 0.69762184959836293 2.2321160375140607 1.9122222069418087 20.778457460488429 0.3795968738850205 75.578641142026754 1.4990547574125228 7.2205367448041198 2.0472904099151492 0.68413412384688843 1.2175695216865268
leaf_count=95 144 52 249 7 130 172 815 2 4040 55 609 29 10 39
internal_value=-0.000387635 0.0151365 -0.00297043 -0.0209118 -0.0288128 -0.00177338 0.00861765 -0.0339686 -0.00457789 0.0211497 -0.00591903 -0.0218035 -0.033842 0.0130548
internal_weight=142.183 20.2812 121.902 7.62462 6.92699 114.277 24.2878 2.29182 89.9892 4.45855 85.5306 9.95196 7.90467 21.996
internal_count=6448 196 6252 386 379 5866 1028 174 4838 150 4688 648 619 854
is_linear=0
shrinkage=0.05


Tree=259
num_leaves=15
num_cat=0
split_feature=129 296 303 286 165 286 278 194 170 93 297 278 271 53
split_gain=1.74898 1.33913 1.26029 1.4489 1.76778 1.7571 1.56407 1.4279 2.02581 1.28641 1.58984 1.93932 1.31003 1.39327
threshold=1.0000000180025095e-35 1.0000000180025095e-35 1.5000000000000002 1.5000000000000002 1.0000000180025095e-35 2.5000000000000004 1.0000000180025095e-35 1.0000000180025095e-35 1.0000000180025095e-35 1.0000000180025095e-35 2.5000000000000004 1.0000000180025095e-35 1.0000000180025095e-35 1.0000000180025095e-35
decision_type=2 2 2 2 2 2 2 2 2 2 2 2 2 2
left_child=1 2 3 9 5 6 7 -5 -9 10 11 12 -1 -14
right_child=-2 -3 -4 4 -6 -7 -8 8 -10 -11 -12 -13 13 -15
leaf_value=-0.011674422414243728 0.039914137649382897 0.0027254219993674447 0.042609524220280054 0.02485153164762724 -0.054642835188926535 -0.064140989694614362 0.03744801245867245 -0.055647560753210215 0.06377971956483687 -0.051698030443696912 0.030364969403956894 -0.050993396365431223 -0.050700034412579392 0.086585105187583694
leaf_weight=30.598560312530029 2.6693077163654371 90.571944040857488 1.2313363938592363 2.2868277565576118 1.0537999367807067 0.68377165542915541 5.2031954674748704 1.7593797721201521 0.44487035274505604 2.0539696413907214 2.1811211092281146 3.159124319558031 0.25520953675731917 0.66997765330597758
leaf_count=2446 112 2322 12 29 128 29 73 154 1 447 143 437 53 8
internal_value=-0.000183918 -0.000936867 -0.00736752 -0.00858974 0.00705998 0.0133254 0.0187893 -0.0028279 -0.0315443 -0.0131867 -0.011041 -0.0136449 -0.00990204 0.0487155
internal_weight=144.822 142.153 51.5811 50.3498 11.4318 10.378 9.69427 4.49108 2.20425 38.918 36.864 34.6829 31.5237 0.925187
internal_count=6394 6282 3960 3948 414 286 257 184 155 3534 3087 2944 2507 61
is_linear=0
shrinkage=0.05


Tree=260
num_leaves=15
num_cat=0
split_feature=278 190 12 151 298 290 185 271 151 129 165 245 282 165
split_gain=1.48176 2.36319 1.76974 1.42727 1.69173 1.65278 1.29171 1.30507 1.26997 1.30501 1.26592 1.63526 1.17596 1.78216
threshold=1.0000000180025095e-35 1.0000000180025095e-35 1.0000000180025095e-35 1.0000000180025095e-35 1.0000000180025095e-35 1.0000000180025095e-35 1.0000000180025095e-35 1.0000000180025095e-35 1.0000000180025095e-35 1.0000000180025095e-35 1.0000000180025095e-35 1.0000000180025095e-35 1.0000000180025095e-35 1.0000000180025095e-35
decision_type=2 2 2 2 2 2 2 2 2 2 2 2 2 2
left_child=1 6 12 5 -5 -4 7 8 9 -1 -3 -12 -2 -14
right_child=2 10 3 4 -6 -7 -8 -9 -10 -11 11 -13 13 -15
leaf_value=-0.0040753854756914237 0.020646631683700376 -0.0059034862870845084 -0.043233030585599221 0.08592536142985327 -0.031024331126453499 0.041590382654439512 0.0072518552241842161 0.027112684517849352 -0.021260753527795967 0.04994164387267213 -0.051674575012458514 0.050306518957014525 -0.067017587364333428 0.039812834560872951
leaf_weight=56.010621819877997 18.713653744373012 3.9657447473146004 3.4645197434292632 0.66913439892232396 0.5748998541967012 0.68838898185640562 33.816299370722845 3.1030692995991549 11.420177688123657 1.1409088595537458 4.8128634807653725 0.42804546374827612 0.96405860933009424 0.6560496176534798
leaf_count=2828 774 133 174 2 56 4 890 96 791 38 435 56 91 45
internal_value=-0.00049073 -0.00292338 0.0103531 -0.0150996 0.0318799 -0.0291726 -0.00080314 -0.0046035 -0.00603875 -0.00299705 -0.0272174 -0.0433454 0.0171087 -0.0237575
internal_weight=140.428 114.698 25.7307 5.39694 1.24403 4.15291 105.491 71.6748 68.5717 57.1515 9.20665 5.24091 20.3338 1.62011
internal_count=6413 5267 1146 236 58 178 4643 3753 3657 2866 624 491 910 136
is_linear=0
shrinkage=0.05


Tree=261
num_leaves=15
num_cat=0
split_feature=263 276 296 141 148 191 153 281 65 280 190 165 194 245
split_gain=1.34829 1.52109 1.42152 1.76045 1.19506 0.957287 0.836887 1.12073 1.02396 0.886106 0.902701 1.69686 1.84273 0.922601
threshold=1.0000000180025095e-35 1.0000000180025095e-35 1.0000000180025095e-35 1.0000000180025095e-35 1.0000000180025095e-35 1.0000000180025095e-35 1.0000000180025095e-35 1.0000000180025095e-35 1.0000000180025095e-35 1.0000000180025095e-35 1.0000000180025095e-35 1.0000000180025095e-35 1.0000000180025095e-35 1.0000000180025095e-35
decision_type=2 2 2 2 2 2 2 2 2 2 2 2 2 2
left_child=1 5 3 -3 -2 6 7 8 9 10 -1 -12 13 -13
right_child=4 2 -4 -5 -6 -7 -8 -9 -10 -11 11 12 -14 -15
leaf_value=-0.0019486675588939626 0.014589267705413151 -0.05780811926903931 0.034983327038829885 0.062981086073758352 -0.035682855503671951 0.055233214746775741 -0.031408286518280988 -0.065606417268315162 0.033196045951788121 -0.059331802873023455 -0.039470907845766567 -0.021621657073426285 0.053995234850316834 0.050149310231411781
leaf_weight=95.193172477796907 18.660786540713165 1.0118339919717971 4.6825535404495895 0.42978286743164051 1.2621071350295086 0.67869815463200112 2.7821638952300409 0.72479802527231996 1.8961445777676988 0.71540177223505352 4.7699020344298315 4.1789544185157865 1.2691810969263313 0.50150755629874755
leaf_count=5035 177 74 88 1 17 11 128 50 43 25 153 305 139 79
internal_value=-0.00063275 -0.00265084 0.0216172 -0.0217978 0.0114045 -0.00396946 -0.00432812 -0.00363849 -0.00322462 -0.00387228 -0.00349767 -0.0172534 0.000558701 -0.0139315
internal_weight=138.757 118.834 6.12417 1.44162 19.9229 112.71 112.031 109.249 108.524 106.628 105.913 10.7195 5.94964 4.68046
internal_count=6325 6131 163 75 194 5968 5957 5829 5779 5736 5711 676 523 384
is_linear=0
shrinkage=0.05


Tree=262
num_leaves=15
num_cat=0
split_feature=172 289 198 273 190 278 194 245 165 175 152 53 162 188
split_gain=1.24539 1.20834 0.9043 1.64154 0.8742 1.68177 1.91886 1.846 1.7747 0.87679 0.756576 2.15616 2.11272 1.51863
threshold=1.0000000180025095e-35 1.5000000000000002 1.0000000180025095e-35 1.0000000180025095e-35 1.0000000180025095e-35 1.0000000180025095e-35 1.0000000180025095e-35 1.0000000180025095e-35 1.0000000180025095e-35 1.0000000180025095e-35 1.0000000180025095e-35 1.0000000180025095e-35 1.0000000180025095e-35 1.0000000180025095e-35
decision_type=2 2 2 2 2 2 2 2 2 2 2 2 2 2
left_child=1 2 3 4 9 6 7 -6 -8 10 -1 12 13 -12
right_child=-2 -3 -4 -5 5 -7 8 -9 -10 -11 11 -13 -14 -15
leaf_value=0.0015408488915967522 0.013810779089361909 -0.061592956898182449 0.036871242406048534 -0.067840229818377382 -0.052783857793865144 0.020355523029345214 -0.052138439742385689 0.0046041151044027093 0.054452032115117788 -0.065066543997034348 -0.04812831931827205 0.060448019198082958 0.067995975535584577 0.050924766967319492
leaf_weight=102.10802740920917 14.665180511510696 0.83369477570522477 1.5406743446364988 0.93030015751719375 5.0288809589110306 2.6824521659873417 0.56943635735660669 1.9425951030571011 1.2427657973021269 0.51182606280781229 4.2366546533303326 0.78460545942652959 0.51117229461669911 0.42584387771785248
leaf_count=5090 362 33 16 10 344 90 25 109 123 11 164 23 1 5
internal_value=3.59809e-05 -0.00160173 -0.0011935 -0.00167827 -0.00116554 -0.0142956 -0.0248778 -0.0367928 0.0209588 0.000221027 0.000530244 -0.0167887 -0.0285019 -0.0390814
internal_weight=138.014 123.349 122.515 120.975 120.044 11.4661 8.78368 6.97148 1.8122 108.578 108.066 5.95828 5.17367 4.6625
internal_count=6406 6044 6011 5995 5985 691 601 453 148 5294 5283 193 170 169
is_linear=0
shrinkage=0.05


Tree=263
num_leaves=15
num_cat=0
split_feature=194 253 19 197 298 296 151 23 165 19 245 129 298 256
split_gain=0.889696 1.55078 1.62104 4.16803 1.73243 1.58187 3.76296 1.88407 1.66095 1.80997 2.16375 1.65525 1.95763 1.43365
threshold=1.0000000180025095e-35 1.0000000180025095e-35 1.0000000180025095e-35 1.0000000180025095e-35 1.5000000000000002 1.0000000180025095e-35 1.0000000180025095e-35 1.0000000180025095e-35 1.0000000180025095e-35 1.0000000180025095e-35 1.0000000180025095e-35 1.0000000180025095e-35 1.0000000180025095e-35 1.0000000180025095e-35
decision_type=2 2 2 2 2 2 2 2 2 2 2 2 2 2
left_child=13 5 -3 -4 -5 6 7 -2 -7 -10 -11 -9 -13 -1
right_child=1 2 3 4 -6 8 -8 11 9 10 -12 12 -14 -15
leaf_value=0.01111110400411661 -0.051668084427421462 -0.014841951124083078 -0.32092435936456198 0.050506214765624335 -0.12187448313156604 0.00069614703357114948 -0.054991966191813194 -0.0017659642135539511 0.026020485913687021 -0.047929705834113386 0.053937776820322983 0.096902352418808402 -0.051275538543399279 -0.051971256484277709
leaf_weight=29.724669650837317 1.8317593310493965 2.3213858383242036 0.16548160463571537 0.28843319928273559 0.29464712203480303 52.921740803169087 3.7908776291878885 29.949675622803628 13.900340303196574 1.8677703025750809 0.72310147096868593 0.86886571603827067 0.29980867373524234 0.92881477615446684
leaf_count=1404 119 104 5 21 17 856 729 2405 408 37 82 26 48 93
internal_value=0.00167243 -0.000440074 -0.035474 -0.0994565 -0.0366027 0.000573098 -0.00781631 -0.0023888 0.0050137 0.0188691 -0.0194989 0.000511988 0.0588892 0.00919968
internal_weight=139.877 109.224 3.06995 0.748562 0.58308 106.154 36.741 32.9501 69.413 16.4912 2.59087 31.1184 1.16867 30.6535
internal_count=6354 4857 147 43 38 4710 3327 2598 1383 527 119 2479 74 1497
is_linear=0
shrinkage=0.05


Tree=264
num_leaves=15
num_cat=0
split_feature=162 40 90 165 149 286 241 129 296 152 23 297 286 194
split_gain=0.65678 0.959549 0.578134 0.96005 0.7229 0.643395 1.46026 1.14651 1.43201 1.92331 2.88396 1.98305 1.8481 2.75741
threshold=1.0000000180025095e-35 1.0000000180025095e-35 1.0000000180025095e-35 1.0000000180025095e-35 1.0000000180025095e-35 1.5000000000000002 1.0000000180025095e-35 1.0000000180025095e-35 1.0000000180025095e-35 1.0000000180025095e-35 1.0000000180025095e-35 2.5000000000000004 1.0000000180025095e-35 1.0000000180025095e-35
decision_type=2 2 2 2 2 2 2 2 2 2 2 2 2 2
left_child=2 -2 4 -4 5 6 7 8 12 -10 -11 -12 -1 -14
right_child=1 -3 3 -5 -6 -7 -8 -9 9 10 11 -13 13 -15
leaf_value=-0.0041379772983760688 -0.024797003072463901 0.04412595640741776 0.043250505172492348 -0.031806178881169204 -0.086144010495149803 0.0061788752519488649 -0.11817020622630825 0.0425180867611974 0.0042890300004094148 0.062313153749419849 -0.096345764824223676 0.00051582805224710635 0.0089368973834007895 -0.052898962730573124
leaf_weight=28.031782592821401 0.68787035439163369 1.8993685719324276 1.761445441283285 0.561969605507329 0.24344238289631803 32.752318271726836 0.26929143909364839 1.4524202827014949 59.474731612892356 0.57994772493839297 1.5054328849655569 0.81419508485123504 2.7608674012299161 5.195588814574875
leaf_count=2160 21 36 26 14 9 1076 6 68 1549 2 50 9 283 1038
internal_value=0.000846721 0.0258014 0.000369896 0.0250964 -6.1798e-05 9.59602e-05 -0.00189466 -0.00158096 -0.00223212 0.00235041 -0.0374137 -0.0623471 -0.0101745 -0.0314421
internal_weight=137.991 2.58724 135.403 2.32342 133.08 132.837 100.084 99.815 98.3625 62.3743 2.89958 2.31963 35.9882 7.95646
internal_count=6347 57 6290 40 6250 6241 5165 5159 5091 1610 61 59 3481 1321
is_linear=0
shrinkage=0.05


Tree=265
num_leaves=15
num_cat=0
split_feature=190 278 245 23 40 304 168 256 185 201 244 152 182 244
split_gain=3.61669 3.33247 1.44404 1.37691 2.98173 1.95021 1.19923 1.52672 1.24148 1.442 3.21963 1.41681 1.30051 1.30917
threshold=1.0000000180025095e-35 1.0000000180025095e-35 1.0000000180025095e-35 1.0000000180025095e-35 1.0000000180025095e-35 1.0000000180025095e-35 1.0000000180025095e-35 1.0000000180025095e-35 1.0000000180025095e-35 1.0000000180025095e-35 1.0000000180025095e-35 1.0000000180025095e-35 1.0000000180025095e-35 1.0000000180025095e-35
decision_type=2 2 2 2 2 2 2 2 2 2 2 2 2 2
left_child=3 2 -2 4 5 -1 7 8 9 12 -11 -10 13 -5
right_child=1 -3 -4 6 -6 -7 -8 -9 11 10 -12 -13 -14 -15
leaf_value=-0.051662280309479648 -0.052575491416572973 0.023290344205543309 -0.001404628167327125 0.0032102207583971521 -0.1430271420772124 0.022210810932826092 0.034704325007377933 -0.019428000686561812 0.015950220597952789 -0.055325797969306992 0.074608562279852422 -0.020111201111097411 -0.072718885049506563 -0.053495148655126827
leaf_weight=1.6147379067260763 6.8953398100566101 2.4934538462548508 1.7232757315505294 77.337686607206706 0.48327727965079237 1.9999265116639435 2.9258679865160948 7.5710171406099098 27.497159564401958 2.6659258163708723 0.58058679103851307 3.02319915103726 0.5794513002037992 1.0314339064061631
leaf_count=100 501 89 109 4143 33 26 46 634 436 101 1 58 8 57
internal_value=-0.00025993 -0.0276162 -0.042344 0.00212782 -0.0263847 -0.0107897 0.00307612 0.00230679 0.0037667 0.000569128 -0.0320891 0.0123782 0.0019121 0.00246391
internal_weight=138.422 11.1121 8.61862 127.31 4.09794 3.61466 123.212 120.286 112.715 82.1951 3.24651 30.5204 78.9486 78.3691
internal_count=6342 699 610 5643 159 126 5484 5438 4804 4310 102 494 4208 4200
is_linear=0
shrinkage=0.05


Tree=266
num_leaves=15
num_cat=0
split_feature=23 53 184 156 240 245 184 260 81 286 151 1 157 293
split_gain=1.36881 1.38483 2.30638 1.36538 1.05789 1.03889 0.975264 0.794529 0.702699 1.21962 1.41805 1.30906 1.0233 0.608337
threshold=1.0000000180025095e-35 1.0000000180025095e-35 1.0000000180025095e-35 1.0000000180025095e-35 1.0000000180025095e-35 1.0000000180025095e-35 1.0000000180025095e-35 1.0000000180025095e-35 1.0000000180025095e-35 2.5000000000000004 1.0000000180025095e-35 1.0000000180025095e-35 1.0000000180025095e-35 1.5000000000000002
decision_type=2 2 2 2 2 2 2 2 2 2 2 2 2 2
left_child=4 3 5 6 -1 7 8 -3 13 10 11 12 -10 -2
right_child=1 2 -4 -5 -6 -7 -8 -9 9 -11 -12 -13 -14 -15
leaf_value=0.03302014994723898 0.0029996304531157338 -0.041014915248658759 0.073725898929520514 -0.084805369203955816 -0.061727433312675044 0.050463591914866296 -0.053157582090993249 0.055194755893627392 -0.091120414465410832 0.02954587163206171 -0.22229712676815672 0.044043685869848775 0.05034381795508483 0.052901349843557072
leaf_weight=4.8382291971938676 124.25031316556851 5.1414772716234429 0.57324570417404164 0.45022539881756429 0.31370909139513958 0.36245189071632911 0.78447332791983981 0.2239379733800887 0.79417896835366197 0.67040996998548497 0.11291057791095216 0.35670173924881965 0.15235951787326485 0.61375225079245765
leaf_count=170 5493 407 1 22 3 26 11 1 32 78 7 91 33 13
internal_value=0.00195824 0.000989325 -0.0218951 0.00211424 0.0272508 -0.0314648 0.0024206 -0.0369994 0.00276404 -0.0260126 -0.0523142 -0.0375872 -0.0683496 0.00324492
internal_weight=139.638 134.486 6.30111 128.185 5.15194 5.72787 127.735 5.36542 126.951 2.08656 1.41615 1.30324 0.946538 124.864
internal_count=6388 6215 435 5780 173 434 5758 408 5747 241 163 156 65 5506
is_linear=0
shrinkage=0.05


Tree=267
num_leaves=15
num_cat=0
split_feature=129 182 278 172 183 275 260 4 184 296 181 286 288 277
split_gain=1.66575 1.60855 0.969135 1.12782 1.03279 0.960878 2.12063 2.61256 1.50813 1.55112 1.65525 0.980917 1.34605 1.15767
threshold=1.0000000180025095e-35 1.0000000180025095e-35 1.0000000180025095e-35 1.0000000180025095e-35 1.0000000180025095e-35 1.0000000180025095e-35 1.0000000180025095e-35 1.0000000180025095e-35 1.0000000180025095e-35 2.5000000000000004 1.0000000180025095e-35 1.0000000180025095e-35 1.0000000180025095e-35 1.0000000180025095e-35
decision_type=2 2 2 2 2 2 2 2 2 2 2 2 2 2
left_child=2 -2 4 5 -1 6 7 8 9 10 -4 -7 -13 -14
right_child=1 -3 3 -5 -6 11 -8 -9 -10 -11 -12 12 13 -15
leaf_value=0.00032282770957506204 -0.058322988397977588 0.053381716134052987 -0.059624049353840816 0.027358371615027445 0.035800140134319328 -0.038896438605307199 0.029245974829353524 0.050125089956196245 0.040804579805971013 -0.0054121763529593565 0.058018138407267932 0.021924896523029796 -0.03337226640031294 0.03500581910988413
leaf_weight=108.83977307702298 2.1737543919007289 0.37837588880211104 6.766786961554315 1.8607633686333418 2.0908128870651117 1.5027647356037057 1.7073607407510287 0.91236973705235946 0.56661300361156541 2.0909100173739716 0.31282699108123768 4.918539741804123 2.8086638907552701 0.7939847158268093
leaf_count=5165 114 5 506 49 31 116 11 26 2 72 1 191 116 24
internal_value=-0.0017432 -0.0417618 -0.000987624 -0.0100442 0.000991502 -0.0131539 -0.0224849 -0.0307786 -0.0383593 -0.0432505 -0.0544258 -0.00165116 0.00491728 -0.0183025
internal_weight=137.724 2.55213 135.172 24.2416 110.931 22.3808 12.3569 10.6495 9.73714 9.17052 7.07961 10.024 8.52119 3.60265
internal_count=6429 119 6310 1114 5196 1065 618 607 581 579 507 447 331 140
is_linear=0
shrinkage=0.05


Tree=268
num_leaves=15
num_cat=0
split_feature=244 201 296 72 57 185 286 282 303 292 190 282 277 23
split_gain=0.926127 0.738872 1.17882 1.90387 2.04065 0.993208 1.7774 2.98712 1.72098 2.42441 1.59218 1.64298 2.07647 1.94488
threshold=1.0000000180025095e-35 1.0000000180025095e-35 1.5000000000000002 1.0000000180025095e-35 1.0000000180025095e-35 1.0000000180025095e-35 1.0000000180025095e-35 1.0000000180025095e-35 1.0000000180025095e-35 1.0000000180025095e-35 1.0000000180025095e-35 1.0000000180025095e-35 1.0000000180025095e-35 1.0000000180025095e-35
decision_type=2 2 2 2 2 2 2 2 2 2 2 2 2 2
left_child=1 5 3 4 -3 6 10 8 9 -8 11 12 13 -1
right_child=-2 2 -4 -5 -6 -7 7 -9 -10 -11 -12 -13 -14 -15
leaf_value=0.052725874206925177 -0.042625550931618489 -0.044615786450239336 0.0019997006988381181 0.043043145387170224 0.064885725037285388 0.011323130862236401 -0.0058554779218391558 -0.061186819935026719 0.0094374456065661472 -0.054962509712443333 0.031399967630676269 0.027223699708506785 0.023244955684549998 -0.011156333969095157
leaf_weight=1.2582187125226543 1.1708491324679915 5.083449273894078 11.97528533451259 0.8974849919322877 0.46433350443840016 30.11919070885051 22.912126597773753 2.3405691353545981 16.517842252389528 2.8230600083479649 6.2329971985891452 6.3564076065667896 6.989601040724664 22.448855289316271
leaf_count=66 70 168 475 18 1 721 1364 285 432 160 391 287 278 1641
internal_value=0.00165359 0.00203362 -0.00727969 -0.0245208 -0.0354508 0.0034875 0.000801982 -0.0062038 -0.00315806 -0.0112423 0.00801938 0.00408634 -0.000704743 -0.00776588
internal_weight=137.59 136.419 18.4206 6.44527 5.54778 117.999 87.8797 44.5936 42.253 25.7352 43.2861 37.0531 30.6967 23.7071
internal_count=6357 6287 662 187 169 5625 4904 2241 1956 1524 2663 2272 1985 1707
is_linear=0
shrinkage=0.05


Tree=269
num_leaves=15
num_cat=0
split_feature=129 151 278 274 296 253 93 4 297 194 245 74 93 255
split_gain=1.13924 1.52597 1.03281 1.61491 1.96012 1.48746 3.4054 1.1297 1.19776 2.44912 1.35888 1.20323 2.28933 1.04046
threshold=1.0000000180025095e-35 1.0000000180025095e-35 1.0000000180025095e-35 1.0000000180025095e-35 3.5000000000000004 1.0000000180025095e-35 1.0000000180025095e-35 1.0000000180025095e-35 1.0000000180025095e-35 1.0000000180025095e-35 1.0000000180025095e-35 1.0000000180025095e-35 1.0000000180025095e-35 1.0000000180025095e-35
decision_type=2 2 2 2 2 2 2 2 2 2 2 2 2 2
left_child=2 -2 -1 5 13 7 -7 8 10 -10 -4 12 -11 -5
right_child=1 -3 3 4 -6 6 -8 -9 9 11 -12 -13 -14 -15
leaf_value=-0.0017156547414633417 -0.063973929308367539 0.0066572064526663841 0.040975644256384051 -0.061159128102371375 0.027640819362098213 0.051282343322057083 -0.20729473738460988 0.081228051475316504 -0.050231964914854467 -0.018073704798398173 -0.03953880914312434 0.055713694837881467 0.031388077996790741 0.054905832754967611
leaf_weight=106.74483711257926 1.6116155857453114 1.4551856365287676 5.5693853601114958 2.001004341407679 1.2864568589720873 0.27428263542242248 0.237655408680439 0.67317083477973838 1.6538749274041116 4.388431999715964 0.57848415989428748 1.5597123731859035 5.0104138992901426 0.2137145698070525
leaf_count=5159 81 43 277 130 88 10 11 3 139 258 15 17 127 1
internal_value=-0.00033805 -0.0304597 0.000371499 0.00987365 -0.0214462 0.0153715 -0.0687561 0.0175876 0.015304 0.00648344 0.0333996 0.015043 0.00829379 -0.0499592
internal_weight=133.258 3.0668 130.191 23.4466 3.50118 19.9454 0.511938 19.4335 18.7603 12.6124 6.14787 10.9586 9.39885 2.21472
internal_count=6359 124 6235 1076 219 857 21 836 833 541 292 402 385 131
is_linear=0
shrinkage=0.05


Tree=270
num_leaves=15
num_cat=0
split_feature=292 304 289 185 293 278 290 296 289 112 93 93 278 276
split_gain=1.52506 4.18443 1.65714 1.28702 1.82799 1.79113 2.08872 1.74094 1.83991 1.28597 1.48212 1.19357 1.90322 1.78548
threshold=1.0000000180025095e-35 1.0000000180025095e-35 1.0000000180025095e-35 1.0000000180025095e-35 1.0000000180025095e-35 1.0000000180025095e-35 1.0000000180025095e-35 2.5000000000000004 1.5000000000000002 1.0000000180025095e-35 1.0000000180025095e-35 1.0000000180025095e-35 1.0000000180025095e-35 1.0000000180025095e-35
decision_type=2 2 2 2 2 2 2 2 2 2 2 2 2 2
left_child=3 -2 -3 11 5 9 7 -7 -9 10 -5 -1 13 -13
right_child=1 2 -4 4 -6 6 -8 8 -10 -11 -12 12 -14 -15
leaf_value=0.0082914472748952112 -0.059110460938970467 -0.020912807233259847 0.022808308393244006 -0.016536826809173701 0.033344493692373765 -0.082021984136175063 0.056856602676437419 0.00092182609362028182 -0.12559624207237249 0.060926726767063823 0.0064611001267674897 -0.024680458286164171 0.021761418651714243 0.025017244783392817
leaf_weight=67.099151532718679 3.942152798874301 3.9724792310444172 4.7693369977641851 15.500095765572045 2.7374968056101343 2.0602747630327931 0.52410107851028431 1.8930580755695703 0.33879057527519751 0.73322939500212569 12.783300994196907 10.631756573769964 4.4381618088664245 2.1773911444470277
leaf_count=3831 360 227 181 386 54 23 2 82 12 3 331 661 185 39
internal_value=0.000149089 -0.0163449 0.00294044 0.00187928 -0.00595481 -0.00913461 -0.0373726 -0.0488787 -0.0182834 -0.00444762 -0.00614241 0.00527592 -0.00645571 -0.0162325
internal_weight=133.601 12.684 8.74182 120.917 36.5703 33.8329 4.81622 4.29212 2.23185 29.0166 28.2834 84.3465 17.2473 12.8091
internal_count=6377 768 408 5609 893 839 119 117 94 720 717 4716 885 700
is_linear=0
shrinkage=0.05


Tree=271
num_leaves=15
num_cat=0
split_feature=42 185 171 289 152 296 304 183 293 253 286 293 286 171
split_gain=1.04607 2.34106 1.13991 1.1486 1.69575 1.34133 1.17277 1.05122 0.954828 0.94726 1.84045 1.70098 0.899932 0.897216
threshold=1.0000000180025095e-35 1.0000000180025095e-35 1.0000000180025095e-35 1.0000000180025095e-35 1.0000000180025095e-35 1.5000000000000002 1.0000000180025095e-35 1.0000000180025095e-35 1.0000000180025095e-35 1.0000000180025095e-35 2.5000000000000004 1.0000000180025095e-35 1.0000000180025095e-35 1.0000000180025095e-35
decision_type=2 2 2 2 2 2 2 2 2 2 2 2 2 2
left_child=7 2 3 4 5 -2 -5 9 12 13 11 -11 -3 -1
right_child=1 8 -4 6 -6 -7 -8 -9 -10 10 -12 -13 -14 -15
leaf_value=0.0010097808755486989 -0.060457383954900502 -0.010393870923402465 -0.099819256045691904 -0.053620969837595171 0.036502445858170335 0.02652754651677024 0.037613849573730096 0.036808572102171276 -0.030111260530123592 -0.065059413554642273 0.050299220626467904 0.051567089336636444 0.054183748131799027 0.033821163164127886
leaf_weight=120.47336395797902 3.6218521046393999 0.77804626943543631 0.55975803325418372 0.50361618283204701 0.66001368529396121 0.50497765839099873 1.1718039820552804 2.0717092840932301 0.74156819819472719 2.0038396995514631 0.61326842196285714 0.370435524964705 1.7595658807549623 2.1201404063031069
leaf_count=5647 290 4 15 55 19 4 22 28 14 64 59 14 77 50
internal_value=0.000245265 -0.0150817 -0.0313703 -0.0254413 -0.0379122 -0.0498135 0.0101895 0.0014821 0.0197987 0.000899323 -0.0269182 -0.0468633 0.0343839 0.00157722
internal_weight=137.954 10.3012 7.02202 6.46226 4.78684 4.12683 1.67542 127.653 3.27918 125.581 2.98754 2.37428 2.53761 122.594
internal_count=6362 500 405 390 313 294 77 5862 95 5834 137 78 81 5697
is_linear=0
shrinkage=0.05


Tree=272
num_leaves=15
num_cat=0
split_feature=93 286 151 172 185 299 256 154 281 303 282 151 296 296
split_gain=1.37858 1.69259 2.49289 1.64757 1.91546 3.00361 1.6352 1.60923 1.49494 1.49417 1.36311 1.74036 1.32635 1.19657
threshold=1.0000000180025095e-35 1.5000000000000002 1.0000000180025095e-35 1.0000000180025095e-35 1.0000000180025095e-35 1.0000000180025095e-35 1.0000000180025095e-35 1.0000000180025095e-35 1.0000000180025095e-35 1.5000000000000002 1.0000000180025095e-35 1.0000000180025095e-35 1.5000000000000002 1.0000000180025095e-35
decision_type=2 2 2 2 2 2 2 2 2 2 2 2 2 2
left_child=8 2 3 4 5 12 -6 -3 -1 -7 11 -9 -2 -5
right_child=1 7 -4 13 6 9 -8 10 -10 -11 -12 -13 -14 -15
leaf_value=0.0081934996353535822 -0.10158189303632188 0.01108480938335119 -0.06579627507481027 -0.054132052789893428 0.025285605181049903 -0.030836814137263496 -0.038412425074263033 0.010043677153049605 -0.041918395024196566 0.063177983682571201 -0.093307509116486387 -0.061687468470227803 -0.3109158230363645 0.040181359961820401
leaf_weight=94.871645836276002 0.82190546940546294 18.913615025114272 2.2160575221205354 0.39389860560186152 3.2864760661032051 4.1353784485545475 1.4529610290192065 2.8135033890139303 1.511988166370428 0.47072387789376069 0.58324207086116064 1.2089415162336079 0.083342060446739197 2.3000289355404675
leaf_count=4762 130 565 156 30 93 384 103 53 67 3 17 14 1 50
internal_value=0.00420732 -0.00376667 -0.016794 -0.00840506 -0.0175496 -0.0375925 0.00575781 0.00463085 0.00740738 -0.0212289 -0.0218728 -0.011515 -0.120854 0.0263911
internal_weight=135.064 38.6801 15.1608 12.9447 10.2508 5.51135 4.73944 23.5193 96.3836 4.6061 4.60569 4.02244 0.905248 2.69393
internal_count=6428 1599 950 794 714 518 196 649 4829 387 84 67 131 80
is_linear=0
shrinkage=0.05


Tree=273
num_leaves=15
num_cat=0
split_feature=53 184 296 203 42 277 103 277 46 23 93 297 298 58
split_gain=1.21936 1.96059 1.87608 1.37566 1.2237 2.00627 1.4484 1.4358 2.27084 2.24969 1.66922 2.15838 1.84063 1.92021
threshold=1.0000000180025095e-35 1.0000000180025095e-35 1.5000000000000002 1.0000000180025095e-35 1.0000000180025095e-35 1.0000000180025095e-35 1.0000000180025095e-35 1.0000000180025095e-35 1.0000000180025095e-35 1.0000000180025095e-35 1.0000000180025095e-35 1.0000000180025095e-35 1.0000000180025095e-35 1.0000000180025095e-35
decision_type=2 2 2 2 2 2 2 2 2 2 2 2 2 2
left_child=4 2 3 -2 6 -6 7 10 -9 -10 -1 -12 -13 -14
right_child=1 -3 -4 -5 5 -7 -8 8 9 -11 11 12 13 -15
leaf_value=0.0019327027026973453 -0.053081922957596964 0.071814939814676612 0.018876322745215224 0.024126925516652395 0.034734287691239742 -0.01093536402078534 -0.037078471425464318 0.021510266933681924 -0.13479279510514791 -0.00034201004866032389 -0.040683414757711193 0.03893525836213485 -0.026420715100917272 0.048492704321031033
leaf_weight=63.809294645325281 4.0909054071234996 0.55549824237823475 1.7088069755118338 0.67163832247024391 7.0844663729658333 3.6405230076052248 2.3722400212718631 20.789988112286665 0.316641189390796 17.862623196619097 5.7416825474938369 2.1533522368408722 5.3796523131604772 1.0171310203149913
leaf_count=3388 394 1 36 30 264 148 90 783 9 538 426 76 244 13
internal_value=0.00195836 -0.0183296 -0.0260676 -0.0421935 0.00305357 0.019232 0.00160087 0.00238465 0.0102237 -0.00268384 -0.00152669 -0.016972 -0.00104905 -0.014509
internal_weight=137.194 7.02685 6.47135 4.76254 130.168 10.725 119.443 117.07 38.9693 18.1793 78.1011 14.2918 8.55014 6.39678
internal_count=6440 461 460 424 5979 412 5567 5477 1330 547 4147 759 333 257
is_linear=0
shrinkage=0.05


Tree=274
num_leaves=15
num_cat=0
split_feature=185 299 92 53 152 42 282 71 71 190 299 165 93 201
split_gain=1.818 1.92605 2.50083 2.02556 1.64182 1.43778 1.37928 2.4851 1.86624 1.20771 2.83877 1.81803 1.47997 1.00046
threshold=1.0000000180025095e-35 1.0000000180025095e-35 1.0000000180025095e-35 1.0000000180025095e-35 1.0000000180025095e-35 1.0000000180025095e-35 1.0000000180025095e-35 1.0000000180025095e-35 1.0000000180025095e-35 1.0000000180025095e-35 1.5000000000000002 1.0000000180025095e-35 1.0000000180025095e-35 1.0000000180025095e-35
decision_type=2 2 2 2 2 2 2 2 2 2 2 2 2 2
left_child=1 2 4 9 6 -2 7 -1 -8 13 11 -11 -12 -3
right_child=5 3 -4 -5 -6 -7 8 -9 -10 10 12 -13 -14 -15
leaf_value=0.029288604476563174 0.0050432962708101547 0.0092761039409388294 0.048263968807932128 -0.042687433373044682 -0.093034465562424576 0.037704762569617245 -0.059319761133156582 -0.023374770998144948 0.013752240255562887 0.0051734278944239216 0.058050846746143636 -0.05129710584277835 -0.051612522477440304 -0.020987062904020377
leaf_weight=2.441311297821815 39.639632896869443 39.541569629742298 1.6037645582109679 2.4570334654999888 0.67028132081031699 3.6824946362758046 1.0006474931724367 27.177962154499255 6.8921328182914285 2.2435210146941227 1.6462175697088244 3.9078794528031722 0.37837151554413129 2.933541167760267
leaf_count=184 1124 1677 12 241 70 90 29 1954 400 76 22 397 34 118
internal_value=-0.000638873 -0.00458357 -0.0129017 0.00164796 -0.0154708 0.00781961 -0.0140849 -0.0190341 0.00448816 0.00379863 -0.013799 -0.0307013 0.0375561 0.00718598
internal_weight=136.216 92.8942 39.7861 53.1081 38.1823 43.3221 37.5121 29.6193 7.89278 50.6511 8.17599 6.1514 2.02459 42.4751
internal_count=6428 5214 2649 2565 2637 1214 2567 2138 429 2324 529 473 56 1795
is_linear=0
shrinkage=0.05


Tree=275
num_leaves=15
num_cat=0
split_feature=282 286 302 46 253 276 60 296 170 57 197 277 297 250
split_gain=1.04477 0.991036 1.42415 2.34868 1.04881 0.9807 2.17341 0.949699 1.39118 0.879646 0.746904 1.14078 2.03578 0.904144
threshold=1.0000000180025095e-35 1.5000000000000002 1.0000000180025095e-35 1.0000000180025095e-35 1.0000000180025095e-35 1.0000000180025095e-35 1.0000000180025095e-35 1.0000000180025095e-35 1.0000000180025095e-35 1.0000000180025095e-35 1.0000000180025095e-35 1.0000000180025095e-35 1.5000000000000002 1.0000000180025095e-35
decision_type=2 2 2 2 2 2 2 2 2 2 2 2 2 2
left_child=5 2 10 -4 -3 9 7 8 -7 -1 11 13 -13 -2
right_child=1 4 3 -5 -6 6 -8 -9 -10 -11 -12 12 -14 -15
leaf_value=-0.005499449554721517 0.020131978084340293 -0.0055986596433529306 0.035273164477431833 -0.29329238926820711 -0.097967947738110323 -0.052723513256362209 -0.070864343229014498 0.032993473477072516 0.06127998267240118 0.063650966398852232 0.030870910656929956 -0.088287887806474424 0.0086243955307558472 -0.020493111084215341
leaf_weight=99.697021016283543 10.421040901390377 5.5165207747486411 0.1197445010766377 0.099655572616029531 0.32544402219355095 0.83197997324168571 0.67725404421798874 5.052552770357579 0.3944840133190155 0.46202573645859857 4.9661012986907727 0.79702150006778483 1.6928676694806197 1.5768180048908114
leaf_count=4809 558 353 5 16 8 69 16 79 1 2 201 68 51 167
internal_value=-0.00175377 0.00733877 0.0127086 -0.113967 -0.0107444 -0.00391964 0.0142342 0.023413 -0.016055 -0.00518046 0.0141372 0.00840123 -0.0223975 0.0147928
internal_weight=132.631 25.5152 19.6732 0.2194 5.84196 107.115 6.95627 6.27902 1.22646 100.159 19.4538 14.4877 2.48989 11.9979
internal_count=6403 1427 1066 21 361 4976 165 149 70 4811 1045 844 119 725
is_linear=0
shrinkage=0.05


Tree=276
num_leaves=15
num_cat=0
split_feature=60 274 263 296 249 303 274 273 154 165 289 93 260 240
split_gain=0.9583 1.26429 2.04507 1.16037 1.81024 1.58946 1.293 1.40019 1.26878 1.25577 1.12393 2.50181 1.10775 1.76495
threshold=1.0000000180025095e-35 1.0000000180025095e-35 1.0000000180025095e-35 2.5000000000000004 1.0000000180025095e-35 1.5000000000000002 1.0000000180025095e-35 1.0000000180025095e-35 1.0000000180025095e-35 1.0000000180025095e-35 1.0000000180025095e-35 1.0000000180025095e-35 1.0000000180025095e-35 1.0000000180025095e-35
decision_type=2 2 2 2 2 2 2 2 2 2 2 2 2 2
left_child=3 2 -2 4 5 6 7 8 12 10 11 -10 13 -1
right_child=1 -3 -4 -5 -6 -7 -8 -9 9 -11 -12 -13 -14 -15
leaf_value=0.0099490115022701237 -0.04466361185324965 0.013383569820448471 -0.00040773436971219774 0.023181842652566814 -0.048117704534370503 -0.066813078750372776 -0.0072022337989599561 -0.063388273232694678 0.011420962612746265 0.019115563029002317 0.0061166626014820926 -0.11791662786365967 0.031511807369185622 -0.058809473606697096
leaf_weight=81.190046983159846 3.8786051381612214 5.9380794244352719 7.9834467386826873 10.121738097630439 1.5526772220619012 0.73909449792699788 14.34710578736849 0.6645033210515966 0.62474559852853351 1.371272888267413 0.82823760120663781 0.931160400621593 5.9435182977467766 0.94414996728300948
leaf_count=4270 180 220 70 606 74 22 813 7 19 18 17 14 50 10
internal_value=0.00537159 -0.00545024 -0.0148783 0.00698682 0.00548484 0.00625844 0.00676391 0.00893017 0.00945347 -0.0190086 -0.0409363 -0.0659835 0.010667 0.00915862
internal_weight=137.058 17.8001 11.8621 119.258 109.137 107.584 106.845 92.4976 91.8331 3.75542 2.38414 1.55591 88.0777 82.1342
internal_count=6390 470 250 5920 5314 5240 5218 4405 4398 68 50 33 4330 4280
is_linear=0
shrinkage=0.05


Tree=277
num_leaves=15
num_cat=0
split_feature=42 277 296 240 74 288 162 185 260 171 293 163 191 276
split_gain=0.814387 2.35695 0.999894 0.924533 0.7989 1.23459 0.989052 1.27222 0.878937 0.729745 1.03178 0.710417 0.635581 0.544985
threshold=1.0000000180025095e-35 1.0000000180025095e-35 1.0000000180025095e-35 1.0000000180025095e-35 1.0000000180025095e-35 1.0000000180025095e-35 1.0000000180025095e-35 1.0000000180025095e-35 1.0000000180025095e-35 1.0000000180025095e-35 1.0000000180025095e-35 1.0000000180025095e-35 1.0000000180025095e-35 1.0000000180025095e-35
decision_type=2 2 2 2 2 2 2 2 2 2 2 2 2 2
left_child=3 4 -3 11 5 6 7 8 -2 10 -4 12 13 -1
right_child=1 2 9 -5 -6 -7 -8 -9 -10 -11 -12 -13 -14 -15
leaf_value=0.0014191592416172125 -0.059741357609276936 -0.056081015173423593 0.027851473513868893 -0.043494913951325737 0.070750215051058954 0.041594019525477248 0.065340160508214978 0.02765289905060089 0.052138837747497141 -0.054306113614708766 -0.039320076138068677 -0.057105638901021161 -0.068553407725321494 0.0177191282663214
leaf_weight=115.90786414334434 1.2277224530407678 1.1032612407871045 2.0322766947792852 1.1417687130160619 1.0605472913011906 4.2768243385944515 0.48408424016088236 1.1053741360083222 0.20483440160751354 0.54346372350119043 0.79544524708762754 0.51130518584977735 0.31877872813492913 5.3654169820947564
leaf_count=5704 182 116 51 24 11 92 2 7 2 18 12 37 9 119
internal_value=0.00253709 0.0145237 -0.0147639 0.00128889 0.0302002 0.0243081 -0.000155207 -0.0126478 -0.0437441 -0.00124243 0.00895595 0.00170766 0.00195497 0.00214031
internal_weight=136.079 12.8338 4.47445 123.245 8.35939 7.29884 3.02202 2.53793 1.43256 3.37119 2.82772 122.103 121.592 121.273
internal_count=6386 493 197 5893 296 285 193 191 184 81 63 5869 5832 5823
is_linear=0
shrinkage=0.05


Tree=278
num_leaves=15
num_cat=0
split_feature=72 194 0 0 23 250 165 304 253 201 296 275 256 299
split_gain=1.66154 1.29135 1.69183 1.3676 1.2279 1.05985 1.13595 3.92841 2.40183 1.41043 0.936222 0.916188 1.0614 1.88156
threshold=1.0000000180025095e-35 1.0000000180025095e-35 1.0000000180025095e-35 1.0000000180025095e-35 1.0000000180025095e-35 1.0000000180025095e-35 1.0000000180025095e-35 1.0000000180025095e-35 1.0000000180025095e-35 1.0000000180025095e-35 1.0000000180025095e-35 1.0000000180025095e-35 1.0000000180025095e-35 1.0000000180025095e-35
decision_type=2 2 2 2 2 2 2 2 2 2 2 2 2 2
left_child=1 3 4 -1 -3 6 -6 -8 9 -9 -2 12 -4 -14
right_child=10 2 11 -5 5 -7 7 8 -10 -11 -12 -13 13 -15
leaf_value=0.015282690632818161 -0.051270863669730882 0.02361371534515427 0.021755234522799496 -0.049491893673278511 -0.003325005316438492 -0.024576132543220556 -0.052109871269052865 0.038520386749310909 -0.093389699186256281 -0.0012751478435592081 -0.010033279371931525 0.041996685372288685 0.038293518520622828 -0.17074747867021497
leaf_weight=24.830466494488068 2.008653007214888 4.8686462889891109 1.1270945987198491 0.84252221116912451 74.016219286844716 4.9839086245628996 2.0182659533602392 8.2589283788111043 0.42423198372125703 3.0482911671278989 4.3723971408326179 3.6655716706882231 0.20687931368593115 0.22441414254717529
leaf_count=1067 221 155 51 36 3387 434 403 210 12 43 223 100 19 26
internal_value=0.00188905 0.00312555 0.000621368 0.013157 -0.000862163 -0.00214696 -0.000873285 0.0123246 0.0234098 0.027792 -0.0230142 0.0283436 -0.00377044 -0.0704764
internal_weight=134.896 128.515 102.842 25.673 97.6185 92.7498 87.7659 13.7497 11.7315 11.3072 6.38105 5.22396 1.55839 0.431293
internal_count=6387 5943 4840 1103 4644 4489 4055 668 265 253 444 196 96 45
is_linear=0
shrinkage=0.05


Tree=279
num_leaves=15
num_cat=0
split_feature=263 296 281 303 297 296 197 42 284 67 289 90 165 293
split_gain=0.732121 0.979271 0.925899 0.916783 0.914413 0.821867 0.72441 1.08516 0.640261 0.602785 0.627383 1.96976 0.938838 2.0672
threshold=1.0000000180025095e-35 1.5000000000000002 1.0000000180025095e-35 1.5000000000000002 3.5000000000000004 1.5000000000000002 1.0000000180025095e-35 1.0000000180025095e-35 1.0000000180025095e-35 1.0000000180025095e-35 1.0000000180025095e-35 1.0000000180025095e-35 1.0000000180025095e-35 1.0000000180025095e-35
decision_type=2 2 2 2 2 2 2 2 2 2 2 2 2 2
left_child=2 6 3 4 8 -4 7 -2 9 10 -1 12 13 -12
right_child=1 -3 5 -5 -6 -7 -8 -9 -10 -11 11 -13 -14 -15
leaf_value=-0.0024665572275332803 0.014195534929102492 0.040530515149617904 -0.056271347579629295 0.038646376941809363 0.033226025150523246 0.05062950792475273 -0.027272963223710853 -0.029283043710558277 -0.046653225963167122 0.045743731517833008 -0.0052775268581439433 -0.11547378552592523 0.022058300111360521 0.044586033710584651
leaf_weight=83.292998590943171 13.887710191309454 2.4220478388015172 1.1893071798986046 1.5766960653709237 2.0643827521707854 0.21181744337081898 1.4485146300867207 1.6004965845495469 0.74188642157241602 0.71401938516646524 15.279834857792602 0.32729897787794371 8.1016135868121619 2.405791438301093
leaf_count=4807 110 48 89 46 44 14 16 21 51 10 469 12 621 51
internal_value=0.00179208 0.0107929 0.000288744 0.000783085 0.000254438 -0.0401104 0.00654027 0.00970261 -0.000359524 -4.76447e-05 -0.00034649 0.00641552 0.00796257 0.00150546
internal_weight=135.264 19.3588 115.906 114.505 112.928 1.40112 16.9367 15.4882 110.863 110.122 109.408 26.1145 25.7872 17.6856
internal_count=6409 195 6214 6111 6065 103 147 131 6021 5970 5960 1153 1141 520
is_linear=0
shrinkage=0.05


Tree=280
num_leaves=15
num_cat=0
split_feature=296 249 165 278 296 152 60 260 194 74 3 93 191 53
split_gain=0.978887 0.793655 0.909013 0.879743 1.8785 1.25146 1.00551 0.999154 1.24123 2.77981 1.87256 2.27288 1.32091 1.24485
threshold=2.5000000000000004 1.0000000180025095e-35 1.0000000180025095e-35 1.0000000180025095e-35 1.5000000000000002 1.0000000180025095e-35 1.0000000180025095e-35 1.0000000180025095e-35 1.0000000180025095e-35 1.0000000180025095e-35 1.0000000180025095e-35 1.0000000180025095e-35 1.0000000180025095e-35 1.0000000180025095e-35
decision_type=2 2 2 2 2 2 2 2 2 2 2 2 2 2
left_child=1 3 -3 -1 5 6 7 8 13 10 12 -12 -10 -5
right_child=-2 2 -4 4 -6 -7 -8 -9 9 -11 11 -13 -14 -15
leaf_value=0.0032051292701952014 0.014425589183086613 -0.063396464906530267 0.012084537785495687 -0.00065625349595765665 -0.068860204122029894 -0.054388870220824906 0.036170338795088713 0.031723693339731067 -0.046805384708702671 0.034350427513012732 -0.041047151117991725 0.084123083646203869 0.058083850057544129 0.068190827022632461
leaf_weight=100.47760560599272 14.883721979102118 1.0046992450952519 0.66148912557400752 2.6992919970361995 1.205059794243424 1.1726820748881426 1.6449405103921897 1.6595222465693957 6.5055278672371077 2.0264014605199927 0.73655507597140946 0.714470399543643 0.31467747688293446 0.86761878652032454
leaf_count=4372 980 55 18 156 15 64 11 15 609 43 43 4 1 11
internal_value=0.00232171 0.000841312 -0.0334299 0.00131707 -0.00838827 -0.00441523 -0.00100191 -0.00494071 -0.00932927 -0.0181341 -0.0309925 0.0205854 -0.0419659 0.0160902
internal_weight=136.574 121.691 1.66619 120.024 19.5467 18.3417 17.169 15.5241 13.8645 10.2976 8.27123 1.45103 6.82021 3.56691
internal_count=6397 5417 73 5344 972 957 893 882 867 700 657 47 610 167
is_linear=0
shrinkage=0.05


Tree=281
num_leaves=15
num_cat=0
split_feature=62 165 168 163 253 197 23 12 303 151 194 245 296 60
split_gain=0.739858 1.06464 0.881701 0.711471 0.730668 1.32656 1.25104 1.20589 2.1618 1.5612 1.07529 0.793766 0.689328 1.05136
threshold=1.0000000180025095e-35 1.0000000180025095e-35 1.0000000180025095e-35 1.0000000180025095e-35 1.0000000180025095e-35 1.0000000180025095e-35 1.0000000180025095e-35 1.0000000180025095e-35 1.0000000180025095e-35 1.0000000180025095e-35 1.0000000180025095e-35 1.0000000180025095e-35 2.5000000000000004 1.0000000180025095e-35
decision_type=2 2 2 2 2 2 2 2 2 2 2 2 2 2
left_child=3 2 -2 4 12 6 -6 8 9 -8 -11 -7 -1 -14
right_child=1 -3 -4 -5 5 11 7 -9 -10 10 -12 -13 13 -15
leaf_value=0.0030112049291212049 -0.046021082752850592 0.018662348152632537 0.051990054153547544 -0.056885223135058109 0.054044542600301664 -0.077648072995522441 0.050558979530008132 0.050266264033329712 -0.13717672373698672 -0.008134432243542487 -0.10721463843343822 0.050357150443474066 0.030733086615206635 -0.0064178459112683734
leaf_weight=119.68564405331563 2.4250414693960916 1.2817708419170233 0.25344313494861115 0.49217141943517972 0.34077909588813859 0.14159666001796711 0.4455348777119067 0.276389073813334 0.64841323578730214 0.51907760463654995 0.57960507646203041 0.83703152963425964 5.4824027093127352 2.9179481058381498
leaf_count=5350 125 25 6 36 2 1 24 30 22 10 12 90 407 254
internal_value=0.00248183 -0.0188133 -0.0367471 0.00311895 0.0033429 -0.0182978 -0.035759 -0.0481539 -0.0605601 -0.028389 -0.0604037 0.0318362 0.00398297 0.0178283
internal_weight=136.327 3.96026 2.67848 132.367 131.874 3.78843 2.8098 2.46902 2.19263 1.54422 1.09868 0.978628 128.086 8.40035
internal_count=6394 156 131 6238 6202 191 100 98 68 46 22 91 6011 661
is_linear=0
shrinkage=0.05


Tree=282
num_leaves=15
num_cat=0
split_feature=190 278 183 299 297 182 157 286 57 168 303 17 299 260
split_gain=1.36311 1.77412 0.780708 0.756296 0.952332 0.691977 0.743089 0.688776 0.653435 0.632644 0.638557 1.04151 0.69777 2.11173
threshold=1.0000000180025095e-35 1.0000000180025095e-35 1.0000000180025095e-35 1.0000000180025095e-35 2.5000000000000004 1.0000000180025095e-35 1.0000000180025095e-35 1.0000000180025095e-35 1.0000000180025095e-35 1.0000000180025095e-35 1.5000000000000002 1.0000000180025095e-35 1.0000000180025095e-35 1.0000000180025095e-35
decision_type=2 2 2 2 2 2 2 2 2 2 2 2 2 2
left_child=2 5 8 -4 -5 -2 -7 -3 9 10 12 -12 13 -1
right_child=1 7 3 4 -6 6 -8 -9 -10 -11 11 -13 -14 -15
leaf_value=0.0075889223428661752 -0.03313640378515631 0.039977823753778355 0.068745958243155644 -0.032796499561204451 0.059186400563566936 0.050214677354329579 -0.019391434516268322 -0.011449327081082738 0.058655007715548005 0.025561402575901549 0.048626918715791605 -0.022051474920986344 -0.0022091612326249504 -0.040443481320376028
leaf_weight=52.928453928412637 6.8602334291208518 1.6941687064245337 0.88449787953868453 0.64726307988166787 0.49781606486067176 0.54791881586424973 1.2772227658424526 1.0574699921417048 0.52053356519900162 2.9075143672525874 1.715160799911245 0.7487824277486651 62.10601855503046 2.3916874637361607
leaf_count=2946 513 27 12 16 8 76 34 64 12 42 38 23 2584 17
internal_value=0.00175143 -0.0147727 0.00325913 0.0340177 0.0071925 -0.0258569 0.00150475 0.0202141 0.0027529 0.00251594 0.00195705 0.027148 0.00142847 0.00551231
internal_weight=136.785 11.437 125.348 2.02958 1.14508 8.68538 1.82514 2.75164 123.318 122.798 119.89 2.46394 117.426 55.3201
internal_count=6412 714 5698 36 24 623 110 91 5662 5650 5608 61 5547 2963
is_linear=0
shrinkage=0.05


Tree=283
num_leaves=15
num_cat=0
split_feature=188 151 92 278 93 277 93 302 42 299 129 299 296 298
split_gain=0.930006 0.714195 1.48461 1.10224 1.39799 0.97393 2.46284 3.38404 1.79071 2.07374 2.26491 2.23391 2.08777 1.98236
threshold=1.0000000180025095e-35 1.0000000180025095e-35 1.0000000180025095e-35 1.0000000180025095e-35 1.0000000180025095e-35 1.0000000180025095e-35 1.0000000180025095e-35 1.0000000180025095e-35 1.0000000180025095e-35 1.0000000180025095e-35 1.0000000180025095e-35 1.5000000000000002 1.5000000000000002 1.0000000180025095e-35
decision_type=2 2 2 2 2 2 2 2 2 2 2 2 2 2
left_child=1 2 5 -3 -5 6 8 -8 9 10 12 -11 13 -1
right_child=-2 3 -4 4 -6 -7 7 -9 -10 11 -12 -13 -14 -15
leaf_value=-0.0027747547634090017 0.029347783352559387 -0.00027916338096544162 0.033116415231844033 0.0018188460205130861 0.048204360066236136 0.0020679361066514679 -0.039848994195331486 0.042823434813805357 0.026294846143808167 -0.031533471750807451 0.072531029158306629 0.020986889074380722 0.03485596955034418 -0.048642233398922742
leaf_weight=31.181904548080638 2.4257990564219645 21.224130884977061 2.661311440053395 3.5236442575696847 3.0135436247219332 35.084031129517825 9.8895253788796218 1.4149032682762488 4.5055035313707767 12.013495080638675 1.034522242611273 2.4350335085764518 3.4022221838822579 2.5481654703617087
leaf_count=1606 73 991 42 181 58 1323 688 48 136 860 26 37 156 197
internal_value=-0.0013345 -0.00189023 -0.00375727 0.00525011 0.0232019 -0.00470532 -0.00817821 -0.0295014 -0.00395827 -0.00654888 -0.000441428 -0.0226821 -0.00247447 -0.00623985
internal_weight=136.358 133.932 106.171 27.7613 6.53719 103.509 68.4253 11.3044 57.1208 52.6153 38.1668 14.4485 37.1323 33.7301
internal_count=6422 6349 5119 1230 239 5077 3754 736 3018 2882 1985 897 1959 1803
is_linear=0
shrinkage=0.05


Tree=284
num_leaves=15
num_cat=0
split_feature=297 59 194 71 157 197 245 168 156 12 17 152 250 247
split_gain=1.31196 1.27397 1.19309 2.26184 1.88906 2.42185 1.6267 1.14733 1.10117 1.00701 0.994113 2.06181 0.974335 0.962763
threshold=1.5000000000000002 1.0000000180025095e-35 1.0000000180025095e-35 1.0000000180025095e-35 1.0000000180025095e-35 1.0000000180025095e-35 1.0000000180025095e-35 1.0000000180025095e-35 1.0000000180025095e-35 1.0000000180025095e-35 1.0000000180025095e-35 1.0000000180025095e-35 1.0000000180025095e-35 1.0000000180025095e-35
decision_type=2 2 2 2 2 2 2 2 2 2 2 2 2 2
left_child=1 2 3 4 5 6 -1 8 12 -3 -4 -12 -2 -5
right_child=7 9 10 13 -6 -7 -8 -9 -10 -11 11 -13 -14 -15
leaf_value=-0.055280629511761173 0.0042205334977579402 -0.02502079764162321 -0.011561553993590802 0.013661028814749197 -0.15283623367873925 0.059468634377563147 0.050215137431935723 0.055721705543281319 -0.074382585630062933 -0.11649969152890838 0.034058841597599185 -0.093604475816223776 -0.028323604985054731 -0.052804440114144452
leaf_weight=2.6105811097659206 41.717021687582019 0.8898623608984042 62.538253098609857 16.454267727269329 0.29061657609418023 0.75664340134244401 0.42487716604955483 1.0017548875766795 0.47161138340015796 0.45448875986039639 2.5595103474915955 0.36085820291191328 2.4340584830788421 0.56349637493258242
leaf_count=224 1482 30 3427 744 10 16 62 18 18 6 100 5 174 110
internal_value=-0.00407677 -0.00764735 -0.0068972 0.00344199 -0.0299799 -0.0205645 -0.0405142 0.00280259 0.00161458 -0.0559473 -0.01023 0.018284 0.00242637 0.0114602
internal_weight=133.528 87.9035 86.5591 21.1005 4.08272 3.7921 3.03546 45.6244 44.6227 1.34435 65.4586 2.92037 44.1511 17.0178
internal_count=6426 4734 4698 1166 312 302 286 1692 1674 36 3532 105 1656 854
is_linear=0
shrinkage=0.05


Tree=285
num_leaves=15
num_cat=0
split_feature=298 296 214 303 0 298 60 245 243 297 297 290 175 296
split_gain=0.945402 1.67164 1.25164 0.965618 1.30967 1.7671 2.2986 1.26593 1.17396 1.26666 0.916683 1.71875 1.39562 1.35905
threshold=1.0000000180025095e-35 2.5000000000000004 1.0000000180025095e-35 1.0000000180025095e-35 1.0000000180025095e-35 1.5000000000000002 1.0000000180025095e-35 1.0000000180025095e-35 1.0000000180025095e-35 1.5000000000000002 2.5000000000000004 1.0000000180025095e-35 1.0000000180025095e-35 1.0000000180025095e-35
decision_type=2 2 2 2 2 2 2 2 2 2 2 2 2 2
left_child=-1 2 10 8 -5 6 -6 -7 9 -3 11 12 -2 -12
right_child=1 3 -4 4 5 7 -8 -9 -10 -11 13 -13 -14 -15
leaf_value=0.0060141680637592057 -0.0011713952263501339 -0.096594936832423983 0.050912421720946371 0.035806608085636168 -0.0039886022981339931 -0.064452136665418477 -0.21134599962351031 0.052159024733721873 -0.089435619919207787 0.050701473752151387 -0.057088110064254551 -0.10987238525244858 -0.1004433189214063 -0.011716891072356307
leaf_weight=77.627206309349276 34.244909451852436 0.19572984287515083 0.93993310118093987 5.7556916046887636 0.33304686145856965 0.31822421774268128 0.22322725504636765 0.86637553037144244 0.43612497579306364 0.5739220934920013 2.001029200095215 0.37462959811091323 0.35774117335677047 9.4217486511915922
leaf_count=3986 1392 7 7 431 16 4 8 58 25 47 262 5 3 123
internal_value=0.00244133 -0.00250759 -0.00621003 0.0176333 0.024313 -0.0136871 -0.0871991 0.0208333 -0.0238957 0.0132426 -0.00736717 -0.00335099 -0.00219772 -0.019665
internal_weight=133.67 56.0423 47.34 8.70234 7.49657 1.74087 0.556274 1.1846 1.20578 0.769652 46.4001 34.9773 34.6027 11.4228
internal_count=6374 2388 1792 596 517 86 24 62 79 54 1785 1400 1395 385
is_linear=0
shrinkage=0.05


Tree=286
num_leaves=15
num_cat=0
split_feature=194 282 299 201 23 299 298 185 291 93 12 253 278 296
split_gain=1.7477 1.56877 3.8517 3.19119 2.65282 2.5733 3.18839 2.42696 2.92051 2.22558 2.16542 2.04569 1.75189 1.74923
threshold=1.0000000180025095e-35 1.0000000180025095e-35 1.0000000180025095e-35 1.0000000180025095e-35 1.0000000180025095e-35 1.0000000180025095e-35 1.5000000000000002 1.0000000180025095e-35 1.0000000180025095e-35 1.0000000180025095e-35 1.0000000180025095e-35 1.0000000180025095e-35 1.0000000180025095e-35 2.5000000000000004
decision_type=2 2 2 2 2 2 2 2 2 2 2 2 2 2
left_child=-1 2 4 -4 -2 9 12 8 10 -3 -6 -5 -7 -8
right_child=1 5 3 11 7 6 13 -9 -10 -11 -12 -13 -14 -15
leaf_value=0.009934389798756868 0.031291449610154558 0.037355902314902066 0.0071999221280001045 -0.044128061879125297 -0.034727251933020988 -0.061456197484236558 -0.011053355572842451 -0.00082380898302425562 0.028014562008504974 -0.025581763470267929 -0.15582368092116722 0.0505916172691004 0.023564962336511171 0.058569081101528531
leaf_weight=29.779550995590398 2.3990172187332055 8.1743258228525519 41.979292003117735 4.9091437650204162 21.17611103141099 3.035644455463625 1.9554769397946077 8.8032710584811849 1.8880390392732795 1.696073001308833 0.37571406044298683 0.64491762989200641 0.75697168373153534 1.6748933334602041
leaf_count=1495 86 331 1808 144 1579 201 60 92 117 144 52 57 59 146
internal_value=-0.000691741 -0.00387305 -0.0067536 0.0024876 -0.0194337 0.00981485 -0.0124261 -0.0232078 -0.0316145 0.0265411 -0.0368383 -0.0331296 -0.0444867 0.0210674
internal_weight=129.248 99.4689 82.1755 47.5334 34.6422 17.2934 7.42299 32.2431 23.4399 9.8704 21.5518 5.55406 3.79262 3.63037
internal_count=6371 4876 3935 2009 1926 941 466 1840 1748 475 1631 201 260 206
is_linear=0
shrinkage=0.05


Tree=287
num_leaves=15
num_cat=0
split_feature=165 90 194 271 296 282 60 0 286 280 299 185 298 278
split_gain=0.770604 1.25146 1.08075 1.24887 1.46824 2.57502 1.57331 1.13044 1.10521 0.978854 0.904482 0.95195 0.822927 1.85266
threshold=1.0000000180025095e-35 1.0000000180025095e-35 1.0000000180025095e-35 1.0000000180025095e-35 1.5000000000000002 1.0000000180025095e-35 1.0000000180025095e-35 1.0000000180025095e-35 2.5000000000000004 1.0000000180025095e-35 1.5000000000000002 1.0000000180025095e-35 1.0000000180025095e-35 1.0000000180025095e-35
decision_type=2 2 2 2 2 2 2 2 2 2 2 2 2 2
left_child=1 2 3 4 5 6 8 -6 10 -2 11 -1 13 -4
right_child=9 -3 12 -5 7 -7 -8 -9 -10 -11 -12 -13 -14 -15
leaf_value=0.03103659772921058 -0.0047052405683341353 0.043423207815693511 0.00036461329084442332 0.056596799014336542 0.044782544928675151 -0.053180059877863894 -0.08944957672187745 -0.03259514193058928 -0.067594625902514555 -0.066325458021423575 -0.053676889734730573 -0.025507517786785439 -0.0054818405128119526 0.02820459803960957
leaf_weight=6.3084641390014369 28.904596027365191 1.886900593060999 41.015965556260198 1.5718857824103913 3.6161620760103697 1.8936248165555305 0.369180921697989 0.54287433950230468 0.37532890937291075 0.65918100884300557 0.39159418875351537 0.84393126890063275 37.263318886674824 6.9949372839764683
leaf_count=218 1879 31 1967 25 101 168 7 17 7 22 24 7 1562 349
internal_value=0.00103699 0.00307806 0.00232572 0.0142877 0.00965031 -0.000574464 0.011444 0.0346825 0.0161475 -0.00607918 0.0203138 0.0243648 9.34959e-05 0.00442075
internal_weight=132.638 103.074 101.187 15.913 14.3412 10.1821 8.2885 4.15904 7.91932 29.5638 7.54399 7.1524 85.2742 48.0109
internal_count=6384 4483 4452 574 549 431 263 118 256 1901 249 225 3878 2316
is_linear=0
shrinkage=0.05


Tree=288
num_leaves=15
num_cat=0
split_feature=286 185 297 4 299 12 71 151 185 60 263 103 249 250
split_gain=1.12176 1.5691 1.31798 4.13822 1.35811 1.38289 1.05054 2.43781 0.996299 1.59309 1.69559 1.69893 1.53684 1.45607
threshold=1.0000000180025095e-35 1.0000000180025095e-35 1.5000000000000002 1.0000000180025095e-35 1.0000000180025095e-35 1.0000000180025095e-35 1.0000000180025095e-35 1.0000000180025095e-35 1.0000000180025095e-35 1.0000000180025095e-35 1.0000000180025095e-35 1.0000000180025095e-35 1.0000000180025095e-35 1.0000000180025095e-35
decision_type=2 2 2 2 2 2 2 2 2 2 2 2 2 2
left_child=1 2 4 -4 6 -6 -1 -8 -2 12 11 13 -10 -11
right_child=8 -3 3 -5 5 -7 7 -9 9 10 -12 -13 -14 -15
leaf_value=0.038132711785263625 -0.0051783564456981167 -0.010973416356223099 -0.049035953860242079 0.066828037091631584 0.031879717337047288 -0.032599048778778374 0.0097196199908736805 -0.053509864518044438 0.013494166084964475 -0.050011559006677454 0.053832082927474781 0.051011250361391737 -0.061951839960290217 9.3894802391964943e-05
leaf_weight=2.7199121395824504 45.277710513866623 8.191976465051992 2.6638329149864139 1.0843517608009281 13.398252326063808 0.88658501615282226 21.85297492926475 1.6387195666320611 26.989836790366102 3.7765364397782824 0.81887100869789708 0.70835934556089331 0.69230344099923868 2.3535774635383859
leaf_count=121 2400 145 269 22 702 111 1248 254 692 127 22 25 15 201
internal_value=0.00343492 0.00912742 0.0128491 -0.0155164 0.0154745 0.0278779 0.00871494 0.0053089 -0.000267709 0.00602392 -0.0141607 -0.0223025 0.0116073 -0.0307742
internal_weight=133.054 52.4366 44.2446 3.74818 40.4964 14.2848 26.2116 23.4917 80.6172 35.3395 7.65734 6.83847 27.6821 6.13011
internal_count=6354 2872 2727 291 2436 813 1623 1502 3482 1082 375 353 707 328
is_linear=0
shrinkage=0.05


Tree=289
num_leaves=15
num_cat=0
split_feature=190 194 296 282 274 151 165 182 60 291 165 71 60 299
split_gain=2.18731 1.77301 2.517 1.25993 1.93526 1.84458 1.62509 2.0379 1.44617 1.27944 1.25015 1.23701 1.28701 1.11441
threshold=1.0000000180025095e-35 1.0000000180025095e-35 2.5000000000000004 1.0000000180025095e-35 1.0000000180025095e-35 1.0000000180025095e-35 1.0000000180025095e-35 1.0000000180025095e-35 1.0000000180025095e-35 1.0000000180025095e-35 1.0000000180025095e-35 1.0000000180025095e-35 1.0000000180025095e-35 1.0000000180025095e-35
decision_type=2 2 2 2 2 2 2 2 2 2 2 2 2 2
left_child=3 2 -2 -1 5 6 7 -5 -9 -10 -3 -7 -13 -8
right_child=1 10 -4 4 -6 11 13 8 9 -11 -12 12 -14 -15
leaf_value=0.0023338158885591611 -0.049655598093549212 -0.052163359074967809 0.0096851508880225444 -0.063515631998798242 0.010331305521390034 0.05001386573985888 0.0055208607221275789 0.05060481054905535 -0.10481117233428444 0.050093174668650979 0.044536879661581444 -0.038804131346185038 0.030291050064444158 -0.059494721291973057
leaf_weight=102.70285977277672 6.3219984095194359 0.44034216552972671 2.4911087965592742 4.9414635873690731 7.1100039304292286 1.1898119305260482 3.1942173830466345 0.77218495239503659 0.39812326966784894 0.2004001154564321 1.3869850403862074 1.6658815520058843 1.1318432260304689 0.83045721464441147
leaf_count=4428 388 22 160 227 436 19 242 52 31 48 132 112 7 44
internal_value=-0.00183224 -0.0235887 -0.0328824 3.26085e-05 -0.0109936 -0.0215784 -0.0327224 -0.0485527 0.00538932 -0.0529454 0.0212344 0.00730996 -0.0108511 -0.00789455
internal_weight=134.778 10.6404 8.81311 124.137 21.4344 14.3244 10.3368 6.31217 1.37071 0.598523 1.82733 3.98754 2.79772 4.02467
internal_count=6348 702 548 5646 1218 782 644 358 131 79 154 138 119 286
is_linear=0
shrinkage=0.05


Tree=290
num_leaves=15
num_cat=0
split_feature=198 273 190 194 168 296 299 286 296 181 277 172 46 296
split_gain=0.719358 0.642307 0.60941 1.33795 0.934318 0.685929 1.27816 1.35352 0.734304 0.672406 0.598712 1.62602 1.48331 2.19057
threshold=1.0000000180025095e-35 1.0000000180025095e-35 1.0000000180025095e-35 1.0000000180025095e-35 1.0000000180025095e-35 4.5000000000000009 1.5000000000000002 1.0000000180025095e-35 1.5000000000000002 1.0000000180025095e-35 1.0000000180025095e-35 1.0000000180025095e-35 1.0000000180025095e-35 1.5000000000000002
decision_type=2 2 2 2 2 2 2 2 2 2 2 2 2 2
left_child=1 2 9 4 5 6 7 8 -4 10 11 -1 13 -12
right_child=-2 -3 3 -5 -6 -7 -8 -9 -10 -11 12 -13 -14 -15
leaf_value=0.0013511468525352756 0.031752484175677727 -0.041475476540795246 0.027357327414955848 -0.050714009250476512 -0.067453385315295114 0.030299298160445021 -0.041738941924984937 -0.052854366368720165 -0.052311616366609894 -0.04427161708045093 -0.0021363370763837707 0.043852031042142761 -0.014917064876176084 0.045489066793661707
leaf_weight=78.23295687486825 1.6461120843887318 0.99755366472527285 3.3034369004890309 1.9053898954298336 0.54660898353904475 1.5202540284954009 1.8713820728589778 0.76402441522805009 0.31697865272872139 0.85957404039800067 17.159810754703361 2.3171085764770387 19.130171407799935 2.809803932439535
leaf_count=3953 18 19 204 161 9 143 57 81 51 15 738 50 678 170
internal_value=-0.00109606 -0.00150653 -0.00120156 -0.0129191 -0.00426641 0.000175234 -0.00714534 0.00762002 0.0203821 -0.000207041 0.000109522 0.00257373 -0.00496703 0.00456475
internal_weight=133.381 131.735 130.738 10.2281 8.32269 7.77608 6.25582 4.38444 3.62042 120.509 119.65 80.5501 39.0998 19.9696
internal_count=6347 6329 6310 706 545 536 393 336 255 5604 5589 4003 1586 908
is_linear=0
shrinkage=0.05


Tree=291
num_leaves=15
num_cat=0
split_feature=302 249 289 188 296 157 191 274 58 296 154 62 165 256
split_gain=1.23877 0.678641 0.760636 0.642841 0.844144 1.53271 0.694194 0.588663 1.03916 1.11434 1.35599 1.28091 1.16635 1.00861
threshold=1.0000000180025095e-35 1.0000000180025095e-35 1.0000000180025095e-35 1.0000000180025095e-35 1.0000000180025095e-35 1.0000000180025095e-35 1.0000000180025095e-35 1.0000000180025095e-35 1.0000000180025095e-35 2.5000000000000004 1.0000000180025095e-35 1.0000000180025095e-35 1.0000000180025095e-35 1.0000000180025095e-35
decision_type=2 2 2 2 2 2 2 2 2 2 2 2 2 2
left_child=1 3 -3 6 5 -5 7 -1 9 10 11 13 -11 -9
right_child=-2 2 -4 4 -6 -7 -8 8 -10 12 -12 -13 -14 -15
leaf_value=0.00075392958254889841 0.025335033078342423 -0.052095055900349713 0.042566104999042127 -0.057169030058566508 0.051961521652401532 0.054309414923705807 -0.065160595290718284 -0.023526477818971672 0.035848965496360768 -0.0062490431232618817 0.0417078488637262 0.01544721056265312 0.046667396233295681 -0.070140923955233456
leaf_weight=103.74945806062897 4.6728638629720072 1.1779976477846492 0.25884369993582357 0.66398916550679066 1.328753907815553 0.57563549280166626 0.42011072242166747 10.098082721538958 1.2413425515405823 3.7325893212109795 0.87491684849374074 1.9010037471307448 1.4442532270913941 1.3111070248996846
leaf_count=4723 369 80 5 30 37 3 10 708 22 196 14 25 90 58
internal_value=4.59051e-05 -0.000871741 -0.0350421 -0.000486183 0.0242748 -0.00540259 -0.000995874 -0.000779101 -0.0084988 -0.011342 -0.0185884 -0.0225518 0.00851377 -0.0288833
internal_weight=133.451 128.778 1.43684 127.341 2.56838 1.23962 124.773 124.353 20.6033 19.362 14.1851 13.3102 5.17684 11.4092
internal_count=6370 6001 85 5916 70 33 5846 5836 1113 1091 805 791 286 766
is_linear=0
shrinkage=0.05


Tree=292
num_leaves=15
num_cat=0
split_feature=286 172 165 165 289 72 296 282 44 296 293 293 296 194
split_gain=1.05873 1.91639 4.49453 1.2515 3.04825 2.32905 2.19369 1.346 1.27141 1.26292 1.15402 1.15349 0.973495 0.924899
threshold=1.0000000180025095e-35 1.0000000180025095e-35 1.0000000180025095e-35 1.0000000180025095e-35 1.0000000180025095e-35 1.0000000180025095e-35 1.0000000180025095e-35 1.0000000180025095e-35 1.0000000180025095e-35 1.5000000000000002 1.0000000180025095e-35 1.0000000180025095e-35 2.5000000000000004 1.0000000180025095e-35
decision_type=2 2 2 2 2 2 2 2 2 2 2 2 2 2
left_child=1 3 -3 8 5 12 7 13 10 -6 -1 -2 -5 -7
right_child=11 2 -4 4 9 6 -8 -9 -10 -11 -12 -13 -14 -15
leaf_value=0.016323314130332486 -0.0038258934181330377 -0.092945383379267568 0.072950319833198038 -0.05367917577746574 0.033208316434736415 0.10556133396523637 -0.055952865700483391 -0.051456884383960316 -0.062855580099675665 -0.036744623830392426 -0.029847482151291235 0.016645813631430958 0.0095334699130198083 -0.050553369478475677
leaf_weight=35.975120236573275 75.463199064266519 1.3273029137635592 0.58965148590505112 4.286732342123285 4.5633282019989565 0.83864843449555326 0.59209798066876818 0.21214260114356875 0.53761906828731199 0.7514641003217547 1.4062803697888728 7.5712654950330025 0.70993723161518563 0.1069757193326949
leaf_count=1820 3199 39 2 311 303 77 12 13 43 77 188 339 26 16
internal_value=0.00154222 0.00714447 -0.0419162 0.00902615 -0.0050025 -0.0273125 0.0223303 0.0623655 0.0134884 0.0233176 0.0145864 -0.00195924 -0.0446978 0.0879005
internal_weight=134.932 51.8973 1.91695 49.9803 12.0613 6.74653 1.74986 1.15777 37.919 5.31479 37.3814 83.0345 4.99667 0.945624
internal_count=6465 2927 41 2886 835 455 118 106 2051 380 2008 3538 337 93
is_linear=0
shrinkage=0.05


Tree=293
num_leaves=15
num_cat=0
split_feature=42 277 74 171 277 37 172 129 286 267 240 296 293 297
split_gain=1.68708 2.94094 1.97509 1.27964 1.14741 2.67529 1.51419 1.17439 1.10556 1.03186 0.98297 0.925921 0.883493 0.963319
threshold=1.0000000180025095e-35 1.0000000180025095e-35 1.0000000180025095e-35 1.0000000180025095e-35 1.0000000180025095e-35 1.0000000180025095e-35 1.0000000180025095e-35 1.0000000180025095e-35 2.5000000000000004 1.0000000180025095e-35 1.0000000180025095e-35 1.0000000180025095e-35 1.0000000180025095e-35 1.0000000180025095e-35
decision_type=2 2 2 2 2 2 2 2 2 2 2 2 2 2
left_child=4 2 -2 11 6 10 7 8 9 -1 -6 -3 13 -13
right_child=1 3 -4 -5 5 -7 -8 -9 -10 -11 -12 12 -14 -15
leaf_value=-0.0085728980442840302 0.027859978189109916 -0.052551297428014378 0.11131802823156767 -0.080967354158317836 0.0070853493626897553 -0.13681545298871967 0.046207584729363635 0.03509306890112824 0.029778127519394418 0.05305894687676338 -0.047031035647186067 -0.022122576907487142 -0.038879506048631246 0.052131236772171775
leaf_weight=74.989372053212719 6.7788376486132602 0.76220947022375218 0.79170358809642483 0.64205003133974958 41.573940334899817 0.33050028583966096 1.4052892416948441 1.6891966731636774 1.9858814630715631 0.68533169198781152 0.85640240367501874 0.65861382707953486 0.68451229552738357 1.296867291908711
leaf_count=4189 294 116 7 28 1469 18 32 77 96 6 15 17 10 37
internal_value=-2.01282e-05 0.0181986 0.0365878 -0.0162247 -0.00173332 0.00488931 -0.00524008 -0.00615122 -0.00704833 -0.00801474 0.00599308 -0.00400668 0.0100089 0.0271223
internal_weight=135.131 11.6148 7.57054 4.04425 123.516 42.7608 80.7551 79.3498 77.6606 75.6747 42.4303 3.4022 2.63999 1.95548
internal_count=6411 509 301 208 5902 1502 4400 4368 4291 4195 1484 180 64 54
is_linear=0
shrinkage=0.05


Tree=294
num_leaves=15
num_cat=0
split_feature=297 245 281 23 299 282 296 282 185 71 185 296 162 194
split_gain=0.966852 1.26068 0.986018 0.727885 1.06313 1.85767 1.91471 0.948669 2.39448 2.43068 2.09511 2.3144 1.09267 1.06902
threshold=3.5000000000000004 1.0000000180025095e-35 1.0000000180025095e-35 1.0000000180025095e-35 1.0000000180025095e-35 1.0000000180025095e-35 1.5000000000000002 1.0000000180025095e-35 1.0000000180025095e-35 1.0000000180025095e-35 1.0000000180025095e-35 3.5000000000000004 1.0000000180025095e-35 1.0000000180025095e-35
decision_type=2 2 2 2 2 2 2 2 2 2 2 2 2 2
left_child=3 2 -2 -1 7 -6 -7 8 9 -5 13 -12 -11 -9
right_child=1 -3 -4 4 5 6 -8 10 -10 12 11 -13 -14 -15
leaf_value=0.017095368551803901 -0.072779762607453877 0.05036336598917146 0.011762108033923559 0.025992135050111533 0.0052958093750564983 -0.05422456418358404 -0.0049474602490888718 -0.0069028406954393939 0.010295120875725249 -0.025004083883940587 -0.070251095846851422 0.01303382377077981 0.04674474064715968 0.030309394108172218
leaf_weight=5.260221751057542 1.3695633710594841 0.36425858247093845 0.46097576063766599 2.7492382843629484 61.369539433217142 2.6556669358687923 7.6495134150609374 2.9121061152836765 9.5257532938849163 25.040543642448032 1.679711134405806 1.6570476567139847 0.54212968144565721 5.7226645124610505
leaf_count=171 37 38 36 185 2468 272 467 194 122 1928 47 192 9 228
internal_value=-0.00168373 -0.0345859 -0.05149 -0.00111406 -0.0019024 0.00199726 -0.0176463 -0.0075117 -0.0113913 -0.0186827 0.00475669 -0.0288915 -0.0234836 0.0177594
internal_weight=128.959 2.1948 1.83054 126.764 121.504 71.6747 10.3052 49.8292 37.8577 28.3319 11.9715 3.33676 25.5827 8.63477
internal_count=6394 111 73 6283 6112 3207 739 2905 2244 2122 661 239 1937 422
is_linear=0
shrinkage=0.05


Tree=295
num_leaves=15
num_cat=0
split_feature=165 60 299 58 249 171 299 175 244 296 152 293 1 194
split_gain=0.855211 1.33915 2.13481 1.4762 1.35971 1.27929 1.5163 1.09864 0.841364 0.879732 1.8697 1.64149 1.17516 1.17313
threshold=1.0000000180025095e-35 1.0000000180025095e-35 1.5000000000000002 1.0000000180025095e-35 1.0000000180025095e-35 1.0000000180025095e-35 1.5000000000000002 1.0000000180025095e-35 1.0000000180025095e-35 1.0000000180025095e-35 1.0000000180025095e-35 1.0000000180025095e-35 1.0000000180025095e-35 1.0000000180025095e-35
decision_type=2 2 2 2 2 2 2 2 2 2 2 2 2 2
left_child=1 2 4 7 8 6 -3 -4 9 10 11 13 -11 -1
right_child=-2 5 3 -5 -6 -7 -8 -9 -10 12 -12 -13 -14 -15
leaf_value=-0.023680592260034179 0.0089047322914399193 -0.017609278871832577 -0.04911747139549081 0.051559161686098122 -0.058456313639312744 -0.097419762461067358 0.032592840525635075 0.052084288610096501 -0.047791252472344371 0.010947670115302153 0.040183238014514143 -0.054015011507322311 -0.055681404628704183 0.0024345649769574474
leaf_weight=4.9913902681437312 31.71837505120493 12.84383425675332 3.694934268132783 0.47408470546361048 0.87178632500581343 0.44900908274576146 1.7036256821593276 0.28916256129741658 0.76753904030192543 41.182330591080245 2.6415389988105735 1.5326120554818761 0.6725835264660408 31.060590850785957
leaf_count=268 1895 351 225 9 57 8 42 4 50 663 89 274 23 2419
internal_value=0.00172443 -0.000482966 0.00186618 -0.0318474 0.00366146 -0.0142958 -0.0117302 -0.0417723 0.0043151 0.00480235 -0.000477762 -0.00333552 0.00987698 -0.00118107
internal_weight=134.893 103.175 88.1786 4.45818 83.7204 14.9965 14.5475 3.9841 82.8486 82.081 40.2261 37.5846 41.8549 36.052
internal_count=6377 4482 4081 238 3843 401 393 229 3786 3736 3050 2961 686 2687
is_linear=0
shrinkage=0.05


Tree=296
num_leaves=15
num_cat=0
split_feature=286 185 240 294 42 190 154 3 3 299 296 260 279 296
split_gain=0.79766 3.02964 1.50941 1.28877 1.27446 0.979123 1.073 0.908253 0.851346 1.00307 1.20402 2.00401 1.1147 0.82459
threshold=1.0000000180025095e-35 1.0000000180025095e-35 1.0000000180025095e-35 1.0000000180025095e-35 1.0000000180025095e-35 1.0000000180025095e-35 1.0000000180025095e-35 1.0000000180025095e-35 1.0000000180025095e-35 1.0000000180025095e-35 1.0000000180025095e-35 1.0000000180025095e-35 1.0000000180025095e-35 1.5000000000000002
decision_type=2 2 2 2 2 2 2 2 2 2 2 2 2 2
left_child=1 2 3 4 8 7 -7 13 9 10 -1 -12 -11 -2
right_child=5 -3 -4 -5 -6 6 -8 -9 -10 12 11 -13 -14 -15
leaf_value=0.015567758368142887 -0.0031993030151981103 -0.020963522686857625 -0.064630269737404267 -0.036407954782423139 -0.05025275008404944 -0.034830052841515545 0.049610640194292836 0.03309151994844392 -0.059046420739505869 0.028899382246830405 -0.043303215845431793 0.027866056451282751 -0.051048678924066018 0.008568999801806379
leaf_weight=21.156999379280027 55.64068654597213 7.9075274225324383 0.62339716032147308 1.2456253849668417 0.73120476171607052 3.3300786384497765 0.42413310753181566 2.1249924628064027 0.37126818718388577 15.805183952092193 2.408596475608646 1.6783985644578931 0.4483660547994085 20.321488865884021
leaf_count=1395 2323 146 8 192 95 273 8 55 38 861 95 7 40 852
internal_value=0.00273532 0.00755359 0.0126245 0.0137229 0.0151888 -0.000348267 -0.0252903 0.000850878 0.0163317 0.017006 0.0107684 -0.0140763 0.026694 -5.10331e-05
internal_weight=134.218 52.3766 44.469 43.8456 42.6 81.8414 3.75421 78.0872 41.8688 41.4975 25.244 4.087 16.2536 75.9622
internal_count=6388 2877 2731 2723 2531 3511 281 3230 2436 2398 1497 102 901 3175
is_linear=0
shrinkage=0.05


Tree=297
num_leaves=15
num_cat=0
split_feature=253 12 286 62 168 157 275 245 194 280 19 256 168 291
split_gain=0.748117 0.707159 0.726895 0.697372 2.34093 0.632027 2.22974 0.684981 0.508018 0.640937 0.573365 0.445666 2.7385 1.27135
threshold=1.0000000180025095e-35 1.0000000180025095e-35 3.5000000000000004 1.0000000180025095e-35 1.0000000180025095e-35 1.0000000180025095e-35 1.0000000180025095e-35 1.0000000180025095e-35 1.0000000180025095e-35 1.0000000180025095e-35 1.0000000180025095e-35 1.0000000180025095e-35 1.0000000180025095e-35 1.0000000180025095e-35
decision_type=2 2 2 2 2 2 2 2 2 2 2 2 2 2
left_child=3 2 8 11 5 6 7 -5 9 -2 -10 -1 13 -13
right_child=1 -3 -4 4 -6 -7 -8 -9 10 -11 -12 12 -14 -15
leaf_value=0.0048858840437085056 0.050880252677714982 0.050240892799229879 0.050309310285868596 -0.067991999318556942 0.060813204884303279 -0.024127180946367566 -0.18887292254400834 0.050280929383010146 -0.024976517939916915 -0.044672829139650434 -0.073807534111647574 -0.039984293442809016 0.074889511356923885 0.0089296664751230045
leaf_weight=121.54468603868736 0.38722176011651832 0.34990719542838622 0.3033173547592013 0.26082773157395411 0.75331903435289849 2.1677635059459135 0.28191472013713792 0.23069425183348358 1.9876078115776175 0.32095972448587418 0.86179086286574591 3.4677776750031617 0.85320519097149361 2.1533282095915638
leaf_count=5497 23 45 31 8 7 97 19 23 58 5 27 312 9 205
internal_value=0.00292371 -0.0178225 -0.023991 0.00358695 -0.0178294 -0.0379718 -0.0767752 -0.012481 -0.0303258 0.00757399 -0.0397453 0.00420501 -0.00857729 -0.0212464
internal_weight=135.924 4.2108 3.8609 131.714 3.69452 2.9412 0.773437 0.491522 3.55758 0.708181 2.8494 128.019 6.47431 5.62111
internal_count=6366 189 144 6177 154 147 50 31 113 28 85 6023 526 517
is_linear=0
shrinkage=0.05


Tree=298
num_leaves=15
num_cat=0
split_feature=291 198 273 58 274 296 12 151 17 23 185 151 296 3
split_gain=1.03154 0.698062 0.827203 0.60304 0.82444 1.42729 0.996024 1.05303 0.843552 0.849684 1.04045 0.834575 0.684646 0.602789
threshold=1.0000000180025095e-35 1.0000000180025095e-35 1.0000000180025095e-35 1.0000000180025095e-35 1.0000000180025095e-35 1.0000000180025095e-35 1.0000000180025095e-35 1.0000000180025095e-35 1.0000000180025095e-35 1.0000000180025095e-35 1.0000000180025095e-35 1.0000000180025095e-35 2.5000000000000004 1.0000000180025095e-35
decision_type=2 2 2 2 2 2 2 2 2 2 2 2 2 2
left_child=1 2 -1 4 11 -6 7 8 12 -10 -11 -2 -7 -13
right_child=3 -3 -4 -5 5 6 -8 -9 9 10 -12 13 -14 -15
leaf_value=-0.0034104137149970426 0.0084878001085423593 0.031186880945875264 -0.055321903691964082 0.04558666160731973 -0.051158936944272607 -0.05371199588057958 0.031432116070864005 -0.05503210999761448 0.05459349909825624 0.031772219942718581 -0.10951095131806353 0.056775119546381571 0.044548508715160764 -0.011069449409515167
leaf_weight=111.63116351079952 5.8214366172905958 1.4467387869954098 0.77271811384707589 1.1218553604558117 1.3542664303677163 0.20746458368375975 2.2786187930032611 0.97874947357922781 0.20240442454814911 0.19230756838805962 0.40421495155896991 1.8161780538503083 1.2182505278615279 0.39939480100292701
leaf_count=5292 279 15 11 22 393 9 71 33 1 33 11 36 103 17
internal_value=-0.00165268 -0.0033231 -0.00376728 0.0102371 0.00757076 -0.00519314 0.00616218 -0.0118127 0.00720203 -0.033928 -0.0639639 0.0184277 0.03025 0.044545
internal_weight=129.846 113.851 112.404 15.9951 14.8733 6.83628 5.48201 3.20339 2.22464 0.798927 0.596523 8.03701 1.42572 2.21557
internal_count=6326 5318 5303 1008 986 654 261 190 157 45 44 332 112 53
is_linear=0
shrinkage=0.05


Tree=299
num_leaves=15
num_cat=0
split_feature=271 165 72 297 168 197 251 71 53 170 67 246 260 93
split_gain=1.0279 1.03655 0.852101 1.42739 1.16956 2.14443 1.60348 0.783314 0.765257 0.756383 0.637685 0.560568 0.557934 0.839458
threshold=1.0000000180025095e-35 1.0000000180025095e-35 1.0000000180025095e-35 1.5000000000000002 1.0000000180025095e-35 1.0000000180025095e-35 1.0000000180025095e-35 1.0000000180025095e-35 1.0000000180025095e-35 1.0000000180025095e-35 1.0000000180025095e-35 1.0000000180025095e-35 1.0000000180025095e-35 1.0000000180025095e-35
decision_type=2 2 2 2 2 2 2 2 2 2 2 2 2 2
left_child=2 8 7 4 5 6 -4 -1 12 10 11 -9 13 -2
right_child=1 -3 3 -5 -6 -7 -8 9 -10 -11 -12 -13 -14 -15
leaf_value=0.022427595676046509 -0.016255873881671257 -0.041756156439215444 -0.055067996862924608 0.016757479382653404 -0.12827013331125167 0.059228230416146346 0.050141436414081197 -0.0013847694006606983 0.075629920326075295 0.05040587799967379 0.048080439543846248 -0.057223723885784096 0.062365363726691853 0.030817861887139204
leaf_weight=3.6779696386074638 1.541628414706792 0.61003405443625514 3.0874548905994739 1.9314414391992611 0.31095706624910224 0.60494085354730476 0.410279428702779 114.55691932410991 0.70362554304301728 0.71096116444095869 0.64946224447339673 0.45123309455811877 0.65751229226589192 2.4556461238535121
leaf_count=57 95 43 247 111 5 19 69 5690 12 13 8 9 4 41
internal_value=-0.000277109 0.0199995 -0.00123461 -0.0190918 -0.0347797 -0.0276937 -0.0427271 -0.000290763 0.0270301 -0.0010088 -0.00132486 -0.00160385 0.0196837 0.0126629
internal_weight=132.36 5.96845 126.392 6.34507 4.41363 4.10268 3.49773 120.047 5.35841 116.369 115.658 115.008 4.65479 3.99727
internal_count=6423 195 6228 451 340 335 316 5777 152 5720 5707 5699 140 136
is_linear=0
shrinkage=0.05


end of trees

feature_importances:
k_QUINOLONE=302
k_BETA-LACTAM=198
mdtM=131
emrD=113
k_TETRACYCLINE=104
gyrA_S83L=100
k_STREPTOMYCIN=99
cyaA_S352T=96
k_TRIMETHOPRIM=86
qnrS1=83
uhpT_E350Q=82
blaTEM-1=80
k_CEPHALOSPORIN=79
qnrB19=73
k_SULFONAMIDE=68
blaCTX-M-15=66
floR=65
parC_S80I=63
blaCTX-M-1=61
cirA_Q56Ter=61
tet(B)=61
tet(A)=60
marR_S3N=58
blaCMY-2=56
lnu(F)=52
parE_D475E=52
sul1=50
erm(B)=45
mph(B)=44
aac(3)-IIe=42
k_NITROFURAN=42
ptsI_V25I=41
acrF=40
blaSHV-12=40
mph(A)=40
aadA22=37
dfrA1=37
aadA1=36
gyrA_D87N=36
catA1=35
blaEC=34
dfrA17=34
aac(3)-VIa=33
aadA2=33
dfrA14=32
k_CHLORAMPHENICOL=32
k_GENTAMICIN=31
blaHER-3=30
sul2=30
sul3=30
k_rule=30
gyrA_D87Y=29
aph(3')-Ia=27
mrx(A)=27
aadA5=26
parE_S458A=25
sat2=25
aac(3)-IVa=24
blaTEM=24
aph(3'')-Ib=23
blaEC-5=23
gyrA_D87G=23
aac(3)-IId=22
blaCTX-M-27=22
gyrA_S83A=22
cirA_E450AfsTer30=21
parE_I355T=21
blaCTX-M-14=20
k_AZITHROMYCIN=20
dfrA16=19
nfsA_Q113Ter=19
nfsA_W212Ter=19
aph(6)-Id=18
blaOXA-1=18
cmlA1=18
tet(D)=18
tet(M)=18
dfrA8=17
parC_A56T=17
soxS_A12S=17
estX=16
k_KANAMYCIN=16
dfrA7=15
mcr-1.1=15
parC_E84V=14
parC_S57T=14
k_TOBRAMYCIN=14
parE_I529L=13
ampC_T-32A=12
k_COLISTIN=12
blaCTX-M=11
blaCTX-M-8=11
cirA_W21Ter=11
dfrA12=11
qnrA1=11
blaCTX-M-55=10
dfrA5=10
parC_S80R=10
estX-3=8
lnu(A)=8
parC_E84G=8
fosA3=7
blaCARB-2=6
catB3=6
k_NITROFURANTOIN=6
aph(4)-Ia=4
arr-3=4
lnu(G)=4
parE_L416F=4
pmrB_V161G=4
aac(6')-Ib-cr5=3
ampC_C-42T=3
rdmCL=3
bleO=2
nfsA_D210LfsTer46=2
tet(C)=2
cmlA5=1
ftsI_N337NYRIN=1
nfsA_W77Ter=1
k_AMIKACIN=1
k_AMOXICILLIN-CLAVULANIC_ACID=1

parameters:
[boosting: gbdt]
[objective: binary]
[metric: binary_logloss]
[tree_learner: serial]
[device_type: cpu]
[data_sample_strategy: bagging]
[data: ]
[valid: ]
[num_iterations: 300]
[learning_rate: 0.05]
[num_leaves: 15]
[num_threads: 12]
[seed: 0]
[deterministic: 0]
[force_col_wise: 0]
[force_row_wise: 0]
[histogram_pool_size: -1]
[max_depth: -1]
[min_data_in_leaf: 10]
[min_sum_hessian_in_leaf: 0.001]
[bagging_fraction: 0.8]
[pos_bagging_fraction: 1]
[neg_bagging_fraction: 1]
[bagging_freq: 1]
[bagging_seed: 3]
[bagging_by_query: 0]
[feature_fraction: 0.8]
[feature_fraction_bynode: 1]
[feature_fraction_seed: 2]
[extra_trees: 0]
[extra_seed: 6]
[early_stopping_round: 0]
[early_stopping_min_delta: 0]
[first_metric_only: 0]
[max_delta_step: 0]
[lambda_l1: 0]
[lambda_l2: 0]
[linear_lambda: 0]
[min_gain_to_split: 0]
[drop_rate: 0.1]
[max_drop: 50]
[skip_drop: 0.5]
[xgboost_dart_mode: 0]
[uniform_drop: 0]
[drop_seed: 4]
[top_rate: 0.2]
[other_rate: 0.1]
[min_data_per_group: 100]
[max_cat_threshold: 32]
[cat_l2: 10]
[cat_smooth: 10]
[max_cat_to_onehot: 4]
[top_k: 20]
[monotone_constraints: ]
[monotone_constraints_method: basic]
[monotone_penalty: 0]
[feature_contri: ]
[forcedsplits_filename: ]
[refit_decay_rate: 0.9]
[cegb_tradeoff: 1]
[cegb_penalty_split: 0]
[cegb_penalty_feature_lazy: ]
[cegb_penalty_feature_coupled: ]
[path_smooth: 0]
[interaction_constraints: ]
[verbosity: -1]
[saved_feature_importance_type: 0]
[use_quantized_grad: 0]
[num_grad_quant_bins: 4]
[quant_train_renew_leaf: 0]
[stochastic_rounding: 1]
[linear_tree: 0]
[max_bin: 255]
[max_bin_by_feature: ]
[min_data_in_bin: 3]
[bin_construct_sample_cnt: 200000]
[data_random_seed: 1]
[is_enable_sparse: 1]
[enable_bundle: 1]
[use_missing: 1]
[zero_as_missing: 0]
[feature_pre_filter: 1]
[pre_partition: 0]
[two_round: 0]
[header: 0]
[label_column: ]
[weight_column: ]
[group_column: ]
[ignore_column: ]
[categorical_feature: ]
[forcedbins_filename: ]
[precise_float_parser: 0]
[parser_config_file: ]
[objective_seed: 5]
[num_class: 1]
[is_unbalance: 0]
[scale_pos_weight: 1]
[sigmoid: 1]
[boost_from_average: 1]
[reg_sqrt: 0]
[alpha: 0.9]
[fair_c: 1]
[poisson_max_delta_step: 0.7]
[tweedie_variance_power: 1.5]
[lambdarank_truncation_level: 30]
[lambdarank_norm: 1]
[label_gain: ]
[lambdarank_position_bias_regularization: 0]
[eval_at: ]
[multi_error_top_k: 1]
[auc_mu_weights: ]
[num_machines: 1]
[local_listen_port: 12400]
[time_out: 120]
[machine_list_filename: ]
[machines: ]
[gpu_platform_id: -1]
[gpu_device_id: -1]
[gpu_device_id_list: ]
[gpu_use_dp: 0]
[num_gpu: 1]

end of parameters

pandas_categorical:[]
