tree
version=v4
num_class=1
num_tree_per_iteration=1
label_index=0
max_feature_idx=249
objective=binary sigmoid:1
feature_names=aac(3)-IId aac(3)-IIe aac(3)-IIg aac(3)-IVa aac(3)-VIa aac(6')-IIc aac(6')-Ib aac(6')-Ib' aac(6')-Ib-cr aac(6')-Ib-cr5 aac(6')-Ib3 aac(6')-Ib4 aadA1 aadA16 aadA2 aadA22 aadA5 acrB_R717L acrF acrR_E190RfsTer20 acrR_E67Ter acrR_G28R acrR_K80NfsTer9 acrR_L109YfsTer28 acrR_P182RfsTer62 acrR_Q143Ter acrR_Q78Ter acrR_R45C acrR_S30HfsTer59 acrR_T5N acrR_V29YfsTer44 ampC_C-11T ampC_C-42T ampC_T-32A ant(2'')-Ia aph(3'')-Ib aph(3')-IIa aph(3')-Ia aph(3')-VI aph(4)-Ia aph(6)-Ic aph(6)-Id armA arr arr-2 arr-3 blaCMY blaCMY-2 blaCMY-4 blaCMY-42 blaCMY-6 blaCTX-M blaCTX-M-1 blaCTX-M-14 blaCTX-M-15 blaCTX-M-27 blaCTX-M-3 blaCTX-M-32 blaCTX-M-55 blaCTX-M-65 blaCTX-M-8 blaDHA-1 blaEC blaEC-5 blaHER-3 blaKPC-2 blaKPC-3 blaNDM-1 blaNDM-5 blaNDM-7 blaOXA blaOXA-1 blaOXA-10 blaOXA-181 blaOXA-2 blaOXA-244 blaOXA-9 blaSHV blaSHV-1 blaSHV-12 blaTEM blaTEM-1 blaTEM-135 blaTEM-176 blaTEM-30 blaTEM-40 blaTEMp_C32T blaTEMp_G162T ble bleO catA1 catA2 catB3 cirA_D46MfsTer21 cirA_E211KfsTer2 cirA_E41Ter cirA_E450AfsTer30 cirA_E532Ter cirA_E57KfsTer10 cirA_G88AfsTer1 cirA_I130AfsTer24 cirA_I160NfsTer22 cirA_I160SfsTer34 cirA_I229YfsTer1 cirA_P304LfsTer6 cirA_P421TfsTer1 cirA_Q260Ter cirA_Q56Ter cirA_Q65Ter cirA_R284VfsTer8 cirA_R61Ter cirA_S90YfsTer15 cirA_V239RfsTer47 cirA_V74CfsTer5 cirA_W164Ter cirA_W21Ter cirA_W243Ter cirA_W370Ter cirA_W430GfsTer17 cirA_W455Ter cirA_W621Ter cirA_Y390Ter cmlA1 cmlA5 cmlA6 cyaA_S352T dfrA1 dfrA12 dfrA14 dfrA15 dfrA17 dfrA27 dfrA29 dfrA36 dfrA5 dfrA7 dfrA8 emrD ere(A) erm(B) estT estX estX-3 floR fosA fosA3 fosA4 fosA7 fosA7.5 ftsI_I336IKYRI ftsI_N337NYRIN gyrA_D87G gyrA_D87N gyrA_D87Y gyrA_S83A gyrA_S83L lnu(A) lnu(F) lnu(G) marR_S3N mcr-1.1 mdtM mef(B) mph(A) mph(B) mph(E) mrx(A) msr(E) nfsA_G126R nfsA_G131D nfsA_G96SfsTer16 nfsA_H11Y nfsA_L43CfsTer18 nfsA_N134IfsTer94 nfsA_Q113Ter nfsA_Q195Ter nfsA_Q26Ter nfsA_Q67Ter nfsA_R203C nfsA_W159Ter nfsA_W212Ter nfsA_W77Ter nfsA_Y128PfsTer6 nfsA_Y200Ter nfsB_F167LfsTer11 nfsB_F84S nfsB_Q101Ter ompC_Q82Ter ompF_D34RfsTer1 ompF_Q88Ter ompF_Y253EfsTer3 parC_A108T parC_A56T parC_E84G parC_E84V parC_S57T parC_S80I parC_S80R parE_D475E parE_E460D parE_I355T parE_I529L parE_L416F parE_L445H parE_S458A parE_S458T pmrB_V161G ptsI_V25I qepA4 qnrB19 qnrB4 qnrS1 qnrS2 rdmCL rmtB1 rmtC sat2 soxR_G121D soxS_A12S sul1 sul2 sul3 tet(A) tet(B) tet(C) tet(D) tet(M) uhpT_E350Q k_AMIKACIN k_AMOXICILLIN-CLAVULANIC_ACID k_AZITHROMYCIN k_BETA-LACTAM k_CARBAPENEM k_CEPHALOSPORIN k_CHLORAMPHENICOL k_COLISTIN k_GENTAMICIN k_KANAMYCIN k_NITROFURAN k_NITROFURANTOIN k_PIPERACILLIN-TAZOBACTAM k_QUINOLONE k_STREPTOMYCIN k_SULFONAMIDE k_TETRACYCLINE k_TICARCILLIN-CLAVULANIC_ACID k_TIGECYCLINE k_TOBRAMYCIN k_TRIMETHOPRIM k_rule
feature_infos=[0:1] [0:1] none none [0:1] none [0:1] none none [0:1] [0:1] none [0:1] none [0:1] none [0:1] none [0:1] none none none none none none none none none none none none none [0:1] [0:1] [0:1] [0:1] none [0:1] none none none [0:1] none none none none none [0:1] none none none [0:1] [0:1] [0:1] [0:1] [0:1] none none [0:1] none none [0:1] [0:1] [0:1] none none [0:1] none none none none [0:1] none none none none none none [0:1] none [0:1] [0:1] none none none none [0:1] none [0:1] none [0:1] none [0:1] none [0:1] none [0:1] none none none none none none none none none none [0:1] none none none none [0:1] none none none [0:1] none none none none none [0:1] none none [0:1] [0:1] [0:1] [0:1] none [0:1] none none none [0:1] [0:1] [0:1] [0:1] none [0:1] none none [0:1] [0:1] none [0:1] none none none none [0:1] none [0:1] [0:1] [0:1] [0:1] none none none [0:1] [0:1] [0:1] none [0:1] none none [0:1] none [0:1] none none none none none none none none [0:1] none none none none none none none none none none none none [0:1] none [0:1] [0:1] [0:1] [0:1] [0:1] none [0:1] [0:1] [0:1] [0:1] [0:1] none [0:1] [0:1] [0:1] [0:1] none [0:1] [0:1] [0:1] none none none none [0:1] none [0:1] [0:1] [0:1] [0:1] [0:1] [0:1] none [0:1] [0:1] [0:1] [0:3] [0:1] [0:4] [0:10] [0:3] [0:5] [0:3] [0:1] [0:2] [0:3] [0:2] [0:2] [0:1] [0:7] [0:5] [0:3] [0:3] [0:1] none [0:3] [0:3] [0:1]
tree_sizes=1765 1769 1767 1775 1768 1760 1773 1782 1765 1775 1766 1768 1774 1774 1765 1771 1776 1760 1776 1787 1772 1778 1776 1783 1772 1772 1773 1755 1772 1771 1779 1775 1771 1767 1766 1763 1776 1785 1775 1775 1786 1770 1783 1774 1776 1766 1784 1773 1771 1782 1778 1774 1775 1781 1775 1772 1781 1779 1773 1775 1787 1783 1791 1770 1768 1771 1770 1778 1781 1784 1773 1787 1782 1783 1792 1791 1791 1786 1768 1784 1773 1771 1769 1774 1789 1791 1789 1784 1780 1781 1763 1765 1782 1786 1779 1778 1769 1782 1770 1786 1781 1799 1788 1787 1780 1781 1784 1783 1777 1770 1781 1785 1787 1789 1784 1794 1774 1790 1770 1790 1780 1795 1789 1782 1773 1800 1792 1794 1795 1778 1790 1786 1784 1806 1788 1793 1788 1782 1777 1789 1790 1796 1790 1814 1770 1796 1774 1803 1801 1795 1779 1772 1796 1796 1814 1785 1797 1794 1776 1798 1793 1779 1785 1808 1816 1786 1779 1783 1794 1782 1790 1800 1805 1802 1801 1810 1789 1779 1789 1793 1807 1792 1779 1797 1787 1794 1786 1790 1801 1794 1796 1802 1802 1778 1785 1789 1790 1792 1799 1782 1788 1808 1781 1782 1779 1790 1801 1796 1792 1803 1800 1801 1781 1809 1795 1797 1784 1786 1788 1805 1789 1809 1791 1798 1807 1806 1812 1789 1808 1804 1794 1789 1810 1814 1789 1808 1796 1799 1788 1808 1792 1795 1802 1795 1791 1791 1781 1793 1799 1803 1793 1797 1810 1796 1805 1776 1805 1787 1794 1793 1793 1800 1797 1790 1806 1791 1787 1797 1800 1804 1785 1802 1779 1797 1805 1797 1792 1801 1795 1792 1799 1803 1807 1801 1788 1820 1812 1799 1789 1781 1792 1792 1803 1786 1789 1802 1802 1814 1797 1805

Tree=0
num_leaves=15
num_cat=0
split_feature=233 229 201 241 231 231 231 0 137 219 241 152 136 16
split_gain=1516.71 105.68 83.1438 21.3228 20.0562 11.78 5.27845 4.16707 3.08441 2.79067 2.66229 2.19852 1.42746 1.13712
threshold=1.0000000180025095e-35 1.0000000180025095e-35 1.0000000180025095e-35 2.5000000000000004 1.5000000000000002 1.0000000180025095e-35 1.0000000180025095e-35 1.0000000180025095e-35 1.0000000180025095e-35 1.0000000180025095e-35 2.5000000000000004 1.0000000180025095e-35 1.0000000180025095e-35 1.0000000180025095e-35
decision_type=2 2 2 2 2 2 2 2 2 2 2 2 2 2
left_child=1 2 3 6 7 11 -1 8 -5 -7 -11 -4 13 -8
right_child=-2 -3 5 4 -6 9 12 -9 -10 10 -12 -13 -14 -15
leaf_value=-0.093653820086927839 0.096369177911555193 0.10000005862751934 -0.08070219556008712 -0.021894797044946328 0.085523215504019104 0.004977156046548064 -0.077504399377217217 -0.0058232875733635787 -0.074908693565734083 0.018976061453339802 0.070903300719550491 -0.027217854248273981 -0.037203840379590292 -0.099999941372480666
leaf_weight=174.24906791746616 234.85669939219952 8.7813983559608442 3.3707250505685833 3.3312732875347217 2.8049283474683753 12.392683133482933 72.289206504821777 3.4534777253866187 15.554601922631264 6.0139971971511841 4.1867043524980545 4.4686404168605804 2.0717017203569403 6.0909761488437644
leaf_count=848 730 27 16 14 9 49 341 14 73 23 14 19 9 30
internal_value=-6.54293e-05 -0.0710501 -0.0758911 -0.0844264 -0.0404997 0.00259594 -0.0887629 -0.0563232 -0.0655576 0.02092 0.0402887 -0.0502147 -0.0781698 -0.0792525
internal_weight=553.916 319.059 310.278 279.845 25.1443 30.4328 254.701 22.3394 18.8859 22.5934 10.2007 7.83937 80.4519 78.3802
internal_count=2216 1486 1459 1338 110 121 1228 101 87 86 37 35 380 371
is_linear=0
shrinkage=1


Tree=1
num_leaves=15
num_cat=0
split_feature=233 201 86 241 231 81 236 231 248 81 161 152 155 130
split_gain=1350.73 99.2413 66.8021 16.9959 22.3779 16.2476 6.36004 5.7235 4.26514 2.82582 2.37543 1.55983 1.10618 0.969732
threshold=1.0000000180025095e-35 1.0000000180025095e-35 1.0000000180025095e-35 2.5000000000000004 1.5000000000000002 1.0000000180025095e-35 1.0000000180025095e-35 1.5000000000000002 1.5000000000000002 1.0000000180025095e-35 1.0000000180025095e-35 1.0000000180025095e-35 1.0000000180025095e-35 1.0000000180025095e-35
decision_type=2 2 2 2 2 2 2 2 2 2 2 2 2 2
left_child=1 2 3 8 6 11 -5 10 9 -1 -7 -3 -12 -11
right_child=-2 5 -4 4 -6 7 -8 -9 -10 13 12 -13 -14 -15
leaf_value=-0.088146139297984663 0.09159182496247073 -0.064986717262195556 0.095241865513248564 -0.070811517291902423 0.082905218323677213 -0.012301625921684416 -0.0016248612661247793 0.095642932696688499 -0.020900374100260792 -0.072731884153169807 0.051568125548379376 -0.025138690815461159 0.024131266869656439 -0.095360734781745171
leaf_weight=191.51030550897121 234.19035133719444 4.0961669683456403 5.5152292549610129 20.038532286882408 3.1244486123323432 3.6552173644304338 3.9816771149635306 3.2454624474048606 2.5954809337854376 46.878640502691269 5.1206325292587289 6.1327791661024094 13.000374093651772 5.2662774473428717
leaf_count=932 730 19 17 94 10 15 16 10 11 221 18 26 49 26
internal_value=0.000701647 -0.0670521 -0.0770427 -0.0805182 -0.0429696 0.0119956 -0.0593429 0.0336995 -0.0846573 -0.0853364 0.0244676 -0.0410958 0.0318844 -0.0750172
internal_weight=548.352 314.161 278.911 273.395 27.1447 35.2506 24.0202 25.0217 246.251 243.655 21.7762 10.2289 18.121 52.1449
internal_count=2194 1464 1327 1310 120 137 110 92 1190 1179 82 45 67 247
is_linear=0
shrinkage=0.05


Tree=2
num_leaves=15
num_cat=0
split_feature=233 231 207 86 241 231 241 81 62 227 152 248 244 90
split_gain=1214.4 82.6423 55.6513 14.6955 25.884 12.9718 8.37697 3.07449 4.22985 6.17317 2.99198 2.57328 2.00204 1.83494
threshold=1.0000000180025095e-35 1.5000000000000002 1.0000000180025095e-35 1.0000000180025095e-35 3.5000000000000004 1.0000000180025095e-35 2.5000000000000004 1.0000000180025095e-35 1.0000000180025095e-35 1.0000000180025095e-35 1.0000000180025095e-35 1.0000000180025095e-35 1.0000000180025095e-35 1.0000000180025095e-35
decision_type=2 2 2 2 2 2 2 2 2 2 2 2 2 2
left_child=1 2 6 4 11 10 7 -1 9 -9 -4 -3 -7 -10
right_child=-2 3 5 -5 -6 12 -8 8 13 -11 -12 -13 -14 -15
leaf_value=-0.083261310242424114 0.087598189022799672 -0.092986566946880608 -0.092796425927464038 0.09112696817548277 0.092691739764169265 0.0011439259636895633 -0.048711792378902406 0.010843625729423163 -0.078391562485777083 -0.07756878121405078 -0.033354069573522653 -0.029542298255842342 0.031715384590595058 -0.029874124526997614
leaf_weight=190.73882593214512 232.99576511979103 3.4319047778844851 3.6322873681783694 7.7316825091838828 4.5242775678634644 12.784722447395325 22.773184880614281 3.7574723213911048 36.084594652056694 4.1603830903768539 5.0742599368095398 2.9912786930799484 9.2154248207807541 2.0600554496049872
leaf_count=932 731 17 18 24 14 51 103 15 174 20 22 13 34 9
internal_value=0.00141026 -0.0635865 -0.0701463 0.038355 0.00108453 -0.00649419 -0.0776761 -0.0804616 -0.0688682 -0.0356121 -0.0581528 -0.0634405 0.0139497 -0.0757713
internal_weight=541.956 308.96 290.281 18.6791 10.9475 30.7067 259.575 236.801 46.0625 7.91786 8.70655 6.42318 22.0001 38.1447
internal_count=2177 1446 1378 68 44 125 1253 1150 218 35 40 30 85 183
is_linear=0
shrinkage=0.05


Tree=3
num_leaves=15
num_cat=0
split_feature=233 201 86 241 161 81 231 81 152 90 219 14 219 231
split_gain=1120.76 77.4343 61.0375 15.5809 11.7993 11.7122 5.8333 4.51636 2.85232 2.51484 2.01802 1.44621 1.74916 1.18611
threshold=1.0000000180025095e-35 1.0000000180025095e-35 1.0000000180025095e-35 2.5000000000000004 1.0000000180025095e-35 1.0000000180025095e-35 1.5000000000000002 1.0000000180025095e-35 1.0000000180025095e-35 1.0000000180025095e-35 1.0000000180025095e-35 1.0000000180025095e-35 1.0000000180025095e-35 1.0000000180025095e-35
decision_type=2 2 2 2 2 2 2 2 2 2 2 2 2 2
left_child=1 2 3 7 10 8 -7 -1 -3 11 13 12 -9 -5
right_child=-2 5 -4 4 -6 6 -8 9 -10 -11 -12 -13 -14 -15
leaf_value=-0.080214030196682551 0.08455176709260083 -0.061344001410051342 0.087549280210122579 -0.048829656394340566 0.013914839408463088 0.021519186128682338 0.089456714880769075 -0.064207616899643272 -0.0082186954118698956 -0.015755884189425473 -0.016260213601187967 -0.035655585651684939 -0.089075944530461623 -0.077435028873141354
leaf_weight=197.57748876512051 226.54518267512321 4.4520088285207766 6.0545234084129325 6.1180757582187661 8.1530066281557101 17.735648363828663 3.8445248007774344 39.852671429514885 5.8420612812042236 2.5771847963333121 2.3849664181470862 3.5725686252117148 8.5960993170738202 8.8889870941638947
leaf_count=975 717 21 19 28 32 67 12 189 24 11 10 16 43 43
internal_value=-0.000302655 -0.0612036 -0.0695033 -0.0729272 -0.0357171 0.0126892 0.0336223 -0.0766965 -0.0311945 -0.0639676 -0.0589835 -0.0663561 -0.0686199 -0.0657732
internal_weight=542.195 315.65 283.776 277.721 25.545 31.8742 21.5802 252.176 10.2941 54.5985 17.392 52.0213 48.4488 15.0071
internal_count=2207 1490 1366 1347 113 124 79 1234 45 259 81 248 232 71
is_linear=0
shrinkage=0.05


Tree=4
num_leaves=15
num_cat=0
split_feature=233 201 86 232 81 241 137 248 231 159 81 161 155 130
split_gain=989.426 77.5496 46.2166 19.4737 18.7427 15.3363 5.54454 5.39431 3.46162 2.65023 2.40099 1.90114 2.6374 1.43234
threshold=1.0000000180025095e-35 1.0000000180025095e-35 1.0000000180025095e-35 1.0000000180025095e-35 1.0000000180025095e-35 3.5000000000000004 1.0000000180025095e-35 1.5000000000000002 1.5000000000000002 1.0000000180025095e-35 1.0000000180025095e-35 1.0000000180025095e-35 1.0000000180025095e-35 1.0000000180025095e-35
decision_type=2 2 2 2 2 2 2 2 2 2 2 2 2 2
left_child=1 2 3 5 -3 7 -7 10 11 -8 -1 -6 -13 -12
right_child=-2 4 -4 -5 8 6 9 -9 -10 -11 13 12 -14 -15
leaf_value=-0.076501641707945531 0.081527065841087001 -0.044032589481790202 0.084401659025750725 0.082322763509022415 -0.0068864331302176673 0.026507460598364681 -0.0012221267508476647 0.0092238785487952068 0.086025512258778303 -0.050117030623437669 -0.061399725145640238 0.069410622371744085 0.025652727661650818 -0.086106768694368591
leaf_weight=195.06337049603462 217.99681010842323 9.294081121683119 5.0260558128356925 2.1207839250564566 2.7200581729412141 3.6701852083206203 3.4159990549087533 1.9656008332967747 3.479226976633071 14.686376616358757 46.481224402785301 4.8215027600526819 12.048732802271843 6.71326720714569
leaf_count=973 699 42 16 7 11 14 14 8 11 68 222 16 45 34
internal_value=-0.00017553 -0.0573522 -0.0658468 -0.0686017 0.0159152 -0.0697784 -0.0295291 -0.0732806 0.0400666 -0.0408903 -0.0739339 0.0319043 0.0381587 -0.0645178
internal_weight=529.503 311.506 279.143 274.117 32.3636 271.996 21.7726 250.223 23.0695 18.1024 248.258 19.5903 16.8702 53.1945
internal_count=2180 1481 1356 1340 125 1333 96 1237 83 82 1229 72 61 256
is_linear=0
shrinkage=0.05


Tree=5
num_leaves=15
num_cat=0
split_feature=231 231 137 161 33 241 241 52 130 47 54 55 227 127
split_gain=591.036 137.218 83.9712 22.7097 24.9567 12.3686 12.1854 11.7494 9.37119 8.21214 10.2885 9.64845 7.04061 5.50078
threshold=1.0000000180025095e-35 1.5000000000000002 1.0000000180025095e-35 1.0000000180025095e-35 1.0000000180025095e-35 3.5000000000000004 2.5000000000000004 1.0000000180025095e-35 1.0000000180025095e-35 1.0000000180025095e-35 1.0000000180025095e-35 1.0000000180025095e-35 1.0000000180025095e-35 1.0000000180025095e-35
decision_type=2 2 2 2 2 2 2 2 2 2 2 2 2 2
left_child=-1 2 5 4 13 8 7 12 9 10 11 -2 -5 -4
right_child=1 -3 3 6 -6 -7 -8 -9 -10 -11 -12 -13 -14 -15
leaf_value=-0.072030603846645974 -0.023201435026356708 0.074398233422866486 -0.050375897394106008 -0.037496343240069813 0.082149115998922093 0.075434700240184033 0.036530103882080597 0.082149115998922093 0.062977938688766569 0.06920599018992217 0.073188691874240125 0.082149115998922093 0.0092305431006984521 0.024077036678181032
leaf_weight=184.61161755025387 17.623278617858897 151.49013802409172 51.906941458582878 20.980354189872742 4.0284363627433768 30.672519370913506 21.071937143802643 3.0987972021102896 18.705303370952606 6.2746059000492087 4.5317616909742346 2.4790377616882315 13.091995775699614 2.6053737998008719
leaf_count=929 78 501 245 97 13 101 77 10 64 21 15 8 52 10
internal_value=0.000305102 0.038617 0.0111116 -0.0159501 -0.0379427 0.0504751 0.00615495 -0.0110644 0.0350446 0.0181399 0.00513269 -0.0102095 -0.019542 -0.0468175
internal_weight=533.172 348.56 197.07 116.784 58.5408 80.2865 58.2431 37.1711 49.614 30.9087 24.6341 20.1023 34.0723 54.5123
internal_count=2221 1292 791 504 268 287 236 159 186 122 101 86 149 255
is_linear=0
shrinkage=0.05


Tree=6
num_leaves=15
num_cat=0
split_feature=249 137 54 159 33 196 47 245 52 201 196 130 47 54
split_gain=550.099 92.0165 50.1623 33.1928 20.5622 24.5284 30.5672 22.9296 16.9887 19.5119 12.1624 7.36341 9.35493 14.5012
threshold=1.0000000180025095e-35 1.0000000180025095e-35 1.0000000180025095e-35 1.0000000180025095e-35 1.0000000180025095e-35 1.0000000180025095e-35 1.0000000180025095e-35 1.0000000180025095e-35 1.0000000180025095e-35 1.0000000180025095e-35 1.0000000180025095e-35 1.0000000180025095e-35 1.0000000180025095e-35 1.0000000180025095e-35
decision_type=2 2 2 2 2 2 2 2 2 2 2 2 2 2
left_child=-1 10 3 4 5 6 7 8 9 -3 11 12 13 -2
right_child=1 2 -4 -5 -6 -7 -8 -9 -10 -11 -12 -13 -14 -15
leaf_value=-0.07097261335918631 0.0031483280811961793 -0.050426864480306692 0.080184323524478629 -0.042070661922864926 0.079791855419172567 0.042533755608272855 0.08099266474114937 0.079902134760381396 0.079613659958827465 0.026090433427560639 0.074184266114132799 0.070477370796644442 0.07346828807440331 0.072298116407955637
leaf_weight=180.01592934131622 25.808338657021523 45.550597608089447 22.89557957649231 34.805943489074707 10.65290594100952 33.162710279226303 8.2890314757823926 5.1741382479667655 3.3430242836475363 10.196441054344175 99.215345144271851 23.126611649990082 12.569612637162207 10.735285356640814
leaf_count=922 107 218 75 162 35 120 27 17 11 38 331 78 42 36
internal_value=-0.000101095 0.0368224 0.0112144 0.000768794 0.0135821 0.00691018 -0.00937268 -0.0210283 -0.0298662 -0.0364314 0.062821 0.0472145 0.0362603 0.0234622
internal_weight=525.541 345.526 174.07 151.175 116.369 105.716 72.5532 64.2642 59.0901 55.747 171.455 72.2398 49.1132 36.5436
internal_count=2219 1297 703 628 466 431 311 284 267 256 594 263 185 143
is_linear=0
shrinkage=0.05


Tree=7
num_leaves=15
num_cat=0
split_feature=233 231 201 229 152 231 196 236 137 231 152 220 14 134
split_gain=815.62 66.7837 35.4916 8.8505 14.2015 7.29638 5.7709 3.99796 3.92974 3.82802 2.67572 2.48417 2.19103 1.56415
threshold=1.0000000180025095e-35 1.5000000000000002 1.0000000180025095e-35 1.0000000180025095e-35 1.0000000180025095e-35 1.0000000180025095e-35 1.0000000180025095e-35 1.0000000180025095e-35 1.0000000180025095e-35 1.0000000180025095e-35 1.0000000180025095e-35 1.0000000180025095e-35 1.0000000180025095e-35 1.0000000180025095e-35
decision_type=2 2 2 2 2 2 2 2 2 2 2 2 2 2
left_child=1 2 6 4 11 10 9 8 -8 -1 -4 -3 -7 -11
right_child=-2 3 5 -5 -6 12 7 -9 -10 13 -12 -13 -14 -15
leaf_value=-0.071997215075815912 0.074629835375860695 -0.067920223755713702 -0.080727498374156548 0.078060415402503289 0.073967742055045069 -0.00019921727039979404 -0.0023177398867254713 0.0038972212988425572 -0.060986018092217036 -0.059647643586528146 -0.022428769747768917 -0.0062938077197436607 0.036396298555042603 -0.024274867603557581
leaf_weight=161.3514906167984 211.38972915709019 3.4839337170124072 3.254833400249483 7.778092384338378 4.8284879773855209 13.886199563741686 3.4340365231037202 3.9485647529363623 16.906821712851524 66.599232316017151 4.978831022977829 3.0817539542913437 5.7977703511714926 3.2790835648775092
leaf_count=850 712 17 17 26 16 55 14 16 83 331 22 13 21 15
internal_value=-0.000728599 -0.0533708 -0.0594798 0.0369434 0.00887531 -0.00595225 -0.0653281 -0.0421439 -0.0510814 -0.0677635 -0.0454747 -0.0389945 0.0105797 -0.0579878
internal_weight=513.999 302.609 283.437 19.1723 11.3942 27.9176 255.519 24.2894 20.3409 231.23 8.23366 6.56569 19.684 69.8783
internal_count=2208 1496 1424 72 46 115 1309 113 97 1196 39 30 76 346
is_linear=0
shrinkage=0.05


Tree=8
num_leaves=15
num_cat=0
split_feature=233 81 229 207 241 241 231 159 130 159 243 137 126 41
split_gain=730.406 58.246 34.512 28.1666 8.98713 5.81298 11.1623 2.80916 2.05981 1.8664 1.25243 1.37833 1.12542 0.946665
threshold=1.0000000180025095e-35 1.0000000180025095e-35 1.0000000180025095e-35 1.0000000180025095e-35 4.5000000000000009 2.5000000000000004 1.5000000000000002 1.0000000180025095e-35 1.0000000180025095e-35 1.0000000180025095e-35 1.0000000180025095e-35 1.0000000180025095e-35 1.0000000180025095e-35 1.0000000180025095e-35
decision_type=2 2 2 2 2 2 2 2 2 2 2 2 2 2
left_child=1 4 3 5 12 8 7 -7 9 10 11 -3 -1 -9
right_child=-2 2 -4 -5 -6 6 -8 13 -10 -11 -12 -13 -14 -15
leaf_value=-0.06865621425362993 0.072178320183259523 -0.082801044209748001 0.076071422398660993 0.020784246621012994 -0.024254856398942343 -0.0027598408629630434 0.081015104986074254 -0.019117381626104324 -0.080366769817759504 -0.0615544528324007 -0.030166852406683126 -0.043851799595763463 -0.047168789581762433 -0.057781881429467954
leaf_weight=180.65549446642399 208.94025388360023 2.7181564867496535 8.7801219224929792 22.694006711244583 12.569641858339308 4.7035921961069116 2.4478531479835501 1.9921134412288664 5.4984341114759436 16.673614278435707 14.621385395526884 13.820245146751404 6.306502476334571 7.7108273208141327
leaf_count=965 720 14 30 86 57 19 8 9 29 84 68 67 32 38
internal_value=0.000345731 -0.0494853 -0.018681 -0.0276381 -0.06518 -0.043295 -0.0176985 -0.0344713 -0.0513843 -0.0480527 -0.0408279 -0.0502533 -0.0679314 -0.0498437
internal_weight=510.132 301.192 101.66 92.8802 199.532 70.1862 16.8544 14.4065 53.3318 47.8334 31.1598 16.5384 186.962 9.70294
internal_count=2226 1506 452 422 1054 336 74 66 262 233 149 81 997 47
is_linear=0
shrinkage=0.05


Tree=9
num_leaves=15
num_cat=0
split_feature=241 248 47 33 54 137 137 159 55 161 86 122 81 54
split_gain=243.11 90.7446 64.0789 55.1099 33.2238 26.1605 23.6669 19.8553 16.3074 12.4842 11.2955 9.77073 8.75022 8.09715
threshold=2.5000000000000004 1.0000000180025095e-35 1.0000000180025095e-35 1.0000000180025095e-35 1.0000000180025095e-35 1.0000000180025095e-35 1.0000000180025095e-35 1.0000000180025095e-35 1.0000000180025095e-35 1.0000000180025095e-35 1.0000000180025095e-35 1.0000000180025095e-35 1.0000000180025095e-35 1.0000000180025095e-35
decision_type=2 2 2 2 2 2 2 2 2 2 2 2 2 2
left_child=1 2 3 4 8 11 -2 13 12 10 -7 -3 -1 -8
right_child=6 5 -4 -5 -6 9 7 -9 -10 -11 -12 -13 -14 -15
leaf_value=-0.062083347886821322 0.066723958728725816 0.053856492081659373 0.065403839591227211 0.074289460561786216 0.067142706068864591 -0.043470678015289872 0.030157451263416648 -0.017921235252962363 0.075564319300113675 0.016061154989898737 0.073616421338155782 -0.031080411453283569 -0.035262505730040111 0.073852377544138176
leaf_weight=175.71178255975246 89.076788574457169 37.276546463370323 13.186055094003676 8.8648158907890302 5.6207776069641104 22.643213033676151 34.228906840085983 17.7581876963377 2.3297959566116324 27.465792685747147 2.2659381926059714 3.7241733670234671 36.774241581559181 15.360543787479399
leaf_count=949 318 139 47 31 20 112 131 81 8 114 8 18 176 54
internal_value=-0.00167314 -0.0256522 -0.0417799 -0.0479435 -0.0528591 0.0162297 0.049813 0.027446 -0.055999 -0.00718613 -0.0328195 0.0461415 -0.0574416 0.0436921
internal_weight=492.288 335.863 242.487 229.301 220.437 93.3757 156.424 67.3476 214.816 52.3749 24.9092 41.0007 212.486 49.5895
internal_count=2206 1622 1231 1184 1153 391 584 266 1133 234 120 157 1125 185
is_linear=0
shrinkage=0.05


Tree=10
num_leaves=15
num_cat=0
split_feature=233 201 86 241 231 231 137 231 244 220 137 152 198 0
split_gain=623.326 58.4256 33.9948 11.9803 10.8185 6.60081 5.34215 2.52211 2.4085 2.98525 3.76023 1.75228 1.74561 1.70071
threshold=1.0000000180025095e-35 1.0000000180025095e-35 1.0000000180025095e-35 3.5000000000000004 1.5000000000000002 1.0000000180025095e-35 1.0000000180025095e-35 1.5000000000000002 1.0000000180025095e-35 1.0000000180025095e-35 1.0000000180025095e-35 1.0000000180025095e-35 1.0000000180025095e-35 1.0000000180025095e-35
decision_type=2 2 2 2 2 2 2 2 2 2 2 2 2 2
left_child=1 2 3 8 6 11 -5 13 9 12 -11 -3 -1 -7
right_child=-2 5 -4 4 -6 7 -8 -9 -10 10 -12 -13 -14 -15
leaf_value=-0.05884797274966979 0.069165450432898096 -0.053123059111633564 0.073662857279223545 0.025860373794735377 0.078273007201057482 0.01077536237429088 -0.044892115511850905 0.07410606992664609 -0.065626203102171543 0.026263232020319494 -0.047409735436380801 -0.0041521103616343367 -0.025328697494824859 0.038820781052459008
leaf_weight=103.59974530339241 197.53884077072144 2.9910081923007956 5.0914959013462058 3.1450543552637162 2.3858511745929709 11.395710766315464 17.585597276687622 2.8506442606449118 110.47620895504951 2.3911923766136152 6.2822680622339249 4.6925918757915497 4.0354710221290579 10.283793061971664
leaf_count=565 710 16 18 12 8 44 86 10 603 10 32 20 21 37
internal_value=0.000799207 -0.0462226 -0.0542382 -0.056844 -0.0225542 0.0172253 -0.0341582 0.0298925 -0.0603392 -0.0553174 -0.0270988 -0.0232151 -0.0575913 0.0240789
internal_weight=484.745 287.207 254.993 249.901 23.1165 32.2137 20.7307 24.5301 226.785 116.309 8.67346 7.6836 107.635 21.6795
internal_count=2192 1482 1355 1337 106 127 98 91 1231 628 42 36 586 81
is_linear=0
shrinkage=0.05


Tree=11
num_leaves=15
num_cat=0
split_feature=233 201 86 241 231 231 231 248 244 204 62 81 234 159
split_gain=585.511 42.5488 26.5565 10.9842 10.1882 7.53962 4.06738 3.58699 3.48753 2.55908 2.18772 3.40805 5.63563 0.918567
threshold=1.0000000180025095e-35 1.0000000180025095e-35 1.0000000180025095e-35 3.5000000000000004 1.5000000000000002 1.0000000180025095e-35 1.5000000000000002 1.5000000000000002 1.0000000180025095e-35 1.0000000180025095e-35 1.0000000180025095e-35 1.0000000180025095e-35 1.0000000180025095e-35 1.0000000180025095e-35
decision_type=2 2 2 2 2 2 2 2 2 2 2 2 2 2
left_child=1 2 3 7 9 -3 8 10 -7 -5 11 13 -13 -1
right_child=-2 5 -4 4 -6 6 -8 -9 -10 -11 -12 12 -14 -15
leaf_value=-0.060449118629081769 0.067124638198512318 -0.034578397175912427 0.071725768663769771 -0.042173864366522734 0.07558545385763335 -0.0054437730006439717 0.072166276254397199 0.00462554153020538 0.035815299313417225 0.0063745720499759828 -0.063007593670015918 0.010832075733326625 -0.076184591122716971 -0.032548863702762477
leaf_weight=27.518884390592579 187.99548192322254 8.260521247982977 4.1088307201862326 18.16084465384484 2.3116984069347373 11.732035994529728 3.3191573321819297 2.1262791603803626 9.0901947468519211 3.1913971304893485 175.99780607223511 5.1039577275514585 2.9282189905643463 3.3043146282434455
leaf_count=156 695 40 15 89 8 47 12 9 33 13 984 23 16 18
internal_value=-0.000988089 -0.0471894 -0.0543175 -0.0564696 -0.0241227 0.00665384 0.0207624 -0.0599974 0.0125684 -0.0349176 -0.0606369 -0.049899 -0.0208908 -0.0574582
internal_weight=465.15 277.154 244.752 240.643 23.6639 32.4019 24.1414 216.979 20.8222 21.3522 214.853 38.8554 8.03218 30.8232
internal_count=2158 1463 1331 1316 110 132 92 1206 80 102 1197 213 39 174
is_linear=0
shrinkage=0.05


Tree=12
num_leaves=15
num_cat=0
split_feature=233 231 207 229 152 231 241 244 14 152 231 0 219 35
split_gain=551.231 43.5112 19.2358 6.6882 10.8732 6.44387 3.72806 2.32352 1.89581 1.84965 1.79147 1.52373 1.60245 1.42835
threshold=1.0000000180025095e-35 1.5000000000000002 1.0000000180025095e-35 1.0000000180025095e-35 1.0000000180025095e-35 1.0000000180025095e-35 2.5000000000000004 1.0000000180025095e-35 1.0000000180025095e-35 1.0000000180025095e-35 1.0000000180025095e-35 1.0000000180025095e-35 1.0000000180025095e-35 1.0000000180025095e-35
decision_type=2 2 2 2 2 2 2 2 2 2 2 2 2 2
left_child=1 2 6 4 13 9 10 8 -7 -4 -1 12 -8 -3
right_child=-2 3 5 -5 -6 7 11 -9 -10 -11 -12 -13 -14 -15
leaf_value=-0.061378121232320539 0.06566332976468657 -0.058540884882907596 -0.072275785690511171 0.07030214147898016 0.073299243754239213 -0.024360689788758938 -0.047383648012028823 0.017114865430659668 0.025226090494754827 -0.027169956763709618 -0.051262801583230433 -0.0029461066272745049 -0.0009495251867552559 -0.0084614426089581248
leaf_weight=141.11038929224014 185.84228917956352 3.2938308417797106 4.6703386306762713 6.9291796386241904 3.6452592313289642 10.179307654500006 14.417564600706106 10.246395170688629 2.3777957409620294 4.42738938331604 63.454340040683746 3.051094025373458 2.1328826099634162 2.5079149305820465
leaf_count=829 706 17 27 26 13 43 73 39 9 20 340 13 9 11
internal_value=-0.000731573 -0.0460216 -0.0510747 0.0329922 0.00562616 -0.0147477 -0.0562445 -0.000553722 -0.014971 -0.0503251 -0.0582404 -0.0354141 -0.0413996 -0.0368931
internal_weight=458.286 272.444 256.067 16.3762 9.44701 31.9012 224.166 22.8035 12.5571 9.09773 204.565 19.6015 16.5504 5.80175
internal_count=2175 1469 1402 67 41 138 1264 91 52 47 1169 95 82 28
is_linear=0
shrinkage=0.05


Tree=13
num_leaves=15
num_cat=0
split_feature=241 248 47 33 54 137 159 137 55 229 223 234 54 81
split_gain=168.916 67.9517 43.4206 44.461 29.0078 24.9151 19.063 17.9826 14.8776 11.1918 9.24869 7.66629 7.19269 6.14047
threshold=2.5000000000000004 1.0000000180025095e-35 1.0000000180025095e-35 1.0000000180025095e-35 1.0000000180025095e-35 1.0000000180025095e-35 1.0000000180025095e-35 1.0000000180025095e-35 1.0000000180025095e-35 1.0000000180025095e-35 1.0000000180025095e-35 1.0000000180025095e-35 1.0000000180025095e-35 1.0000000180025095e-35
decision_type=2 2 2 2 2 2 2 2 2 2 2 2 2 2
left_child=1 2 3 4 8 -2 12 11 9 -1 -9 -3 13 -7
right_child=5 7 -4 -5 -6 6 -8 10 -10 -11 -12 -13 -14 -15
leaf_value=-0.051913141469226091 0.06241944383137648 0.053166084933005897 0.058418397641562481 0.068268663678288308 0.068549579372869859 -0.00160461875881101 -0.024729315783418009 0.0087234124475252337 0.069342807733141776 0.070686633095751447 -0.043706782874842059 -0.007639283115123705 0.068117543291964525 0.041918532783398119
leaf_weight=188.08071675896645 83.042820483446121 31.10915344953537 11.611130669713019 8.9168268442153913 5.388788789510726 13.284317195415495 16.844995781779289 36.510456055402756 2.6166429519653311 1.8801021277904499 10.928972065448759 6.2201897650957099 13.460402518510817 20.781970739364624
leaf_count=1086 328 125 46 35 21 58 82 165 10 7 58 30 53 79
internal_value=0.000416771 -0.0209251 -0.0356672 -0.0409477 -0.045867 0.0443216 0.0209744 0.017073 -0.0490687 -0.0506997 -0.00335532 0.0430341 0.0371733 0.0249465
internal_weight=450.677 303.263 218.494 206.883 197.966 147.415 64.3717 84.7688 192.577 189.961 47.4394 37.3293 47.5267 34.0663
internal_count=2183 1583 1205 1159 1124 600 272 378 1103 1093 223 155 190 137
is_linear=0
shrinkage=0.05


Tree=14
num_leaves=15
num_cat=0
split_feature=231 231 81 207 220 63 241 126 241 53 33 207 211 227
split_gain=296.626 73.1068 53.9493 21.6058 16.4357 10.235 7.23887 4.97246 4.45118 3.17859 3.26677 3.91228 5.79281 4.51053
threshold=1.0000000180025095e-35 1.5000000000000002 1.0000000180025095e-35 1.0000000180025095e-35 1.0000000180025095e-35 1.0000000180025095e-35 3.5000000000000004 1.0000000180025095e-35 1.0000000180025095e-35 1.0000000180025095e-35 1.0000000180025095e-35 1.0000000180025095e-35 1.0000000180025095e-35 1.0000000180025095e-35
decision_type=2 2 2 2 2 2 2 2 2 2 2 2 2 2
left_child=6 2 4 -4 5 7 -1 9 -7 10 11 12 13 -2
right_child=1 -3 3 -5 -6 8 -8 -9 -10 -11 -12 -13 -14 -15
leaf_value=-0.059747155425142175 0.01483721056325742 0.059509899229868816 -0.040128135862286675 0.018694965591410605 0.060154238209863091 -0.05446490759057674 -0.018421321520181968 -0.042861297659163453 0.018822941048175092 0.07198249318599019 0.067644658072161565 0.047108139102935542 0.068111382078970398 -0.035011049837565728
leaf_weight=140.46737985312939 20.662074327468879 119.71851621568203 53.607525765895844 22.023684501647949 35.901925206184387 6.3163676857948285 11.461234807968138 2.4804686009883872 3.0830930769443512 4.0759122073650351 4.2532056272029868 11.06601709127426 4.0480179339647284 5.815240040421485
leaf_count=866 96 485 281 84 143 37 54 13 14 15 17 45 16 31
internal_value=6.69177e-05 0.0294604 0.00870575 -0.0229989 0.0332483 0.0176177 -0.0566296 0.0262356 -0.0304259 0.0296689 0.0259069 0.0216388 0.0124056 0.00388899
internal_weight=444.981 293.052 173.334 75.6312 97.7023 61.8004 151.929 52.4009 9.39946 49.9205 45.8446 41.5913 30.5253 26.4773
internal_count=2197 1277 792 365 427 284 920 233 51 220 205 188 143 127
is_linear=0
shrinkage=0.05


Tree=15
num_leaves=15
num_cat=0
split_feature=233 231 207 229 241 231 248 231 130 225 127 242 163 63
split_gain=479.665 33.7772 19.2916 7.12942 13.8254 5.10256 4.22676 2.79316 2.52667 1.67883 1.39766 1.26929 2.33108 1.23427
threshold=1.0000000180025095e-35 1.5000000000000002 1.0000000180025095e-35 1.0000000180025095e-35 3.5000000000000004 1.0000000180025095e-35 1.5000000000000002 1.0000000180025095e-35 1.0000000180025095e-35 1.0000000180025095e-35 1.0000000180025095e-35 1.0000000180025095e-35 1.0000000180025095e-35 1.0000000180025095e-35
decision_type=2 2 2 2 2 2 2 2 2 2 2 2 2 2
left_child=1 2 6 4 -3 -4 7 8 13 -9 11 -7 -13 -1
right_child=-2 3 5 -5 -6 10 -8 9 -10 -11 -12 12 -14 -15
leaf_value=-0.061091091600462888 0.06272899053759827 -0.049948539219922171 -0.041723626169674732 0.067217489167972863 0.069398097998969788 0.0062861354151671975 0.021472812542146173 -0.047132746623023358 0.0033588462032513749 0.0024952335074511283 0.024952493525177581 -0.0557959405295438 0.0071977820471839848 -0.049017668611313174
leaf_weight=111.32068459689617 181.15232726931572 5.8310840427875537 9.2123845070600527 6.4307146817445746 4.1561995446681976 9.9338103383779544 1.875741347670554 70.379764214158058 1.6548006981611241 1.7463756799697865 5.3483172655105582 2.8223830610513678 3.0617283880710602 26.138912782073021
leaf_count=709 743 29 49 26 16 39 8 387 8 9 20 13 12 159
internal_value=0.00027219 -0.0432585 -0.0479389 0.0261563 -0.000282538 -0.0106626 -0.0532525 -0.053916 -0.0580559 -0.0459311 0.0028564 -0.00461468 -0.0230179 -0.0587952
internal_weight=441.065 259.913 243.495 16.418 9.98728 30.3786 213.116 211.241 139.114 72.1261 21.1662 15.8179 5.88411 137.46
internal_count=2227 1484 1413 71 45 133 1280 1272 876 396 84 64 25 868
is_linear=0
shrinkage=0.05


Tree=16
num_leaves=15
num_cat=0
split_feature=233 81 229 201 241 236 163 14 159 241 161 241 14 220
split_gain=437.786 32.7562 19.8617 15.532 5.65054 3.48056 5.53023 3.03549 2.94732 4.64385 3.49978 7.11605 3.16458 1.71179
threshold=1.0000000180025095e-35 1.0000000180025095e-35 1.0000000180025095e-35 1.0000000180025095e-35 4.5000000000000009 1.0000000180025095e-35 1.0000000180025095e-35 1.0000000180025095e-35 1.0000000180025095e-35 3.5000000000000004 1.0000000180025095e-35 1.0000000180025095e-35 1.0000000180025095e-35 1.0000000180025095e-35
decision_type=2 2 2 2 2 2 2 2 2 2 2 2 2 2
left_child=1 4 3 5 -1 8 -7 -5 9 10 11 13 -12 -3
right_child=-2 2 -4 7 -6 6 -8 -9 -10 -11 12 -13 -14 -15
leaf_value=-0.056748615597697151 0.062123809424098314 -0.052947128544313639 0.066157261055209124 0.002916805496951422 -0.020787583647587989 0.037764208499930133 -0.054423594714401516 0.046465206365878947 -0.05518299122271008 0.025959536810570685 -0.058137915411519019 0.048598664278113241 0.0035387966192842978 -0.0067758066242054162
leaf_weight=156.00326003134251 170.76374232769012 6.3538636714220065 6.7072837501764289 14.07296207547188 11.746074348688124 3.8097975254058829 2.8391411453485489 5.5913674980401984 20.030342698097229 3.2339629232883444 16.658191502094272 3.150669887661933 2.3764612525701514 2.9346306025981903
leaf_count=1003 722 35 28 56 56 15 15 20 115 13 93 14 11 15
internal_value=0.000142323 -0.0412818 -0.0165304 -0.0233731 -0.0542306 -0.0357612 -0.0016006 0.0152994 -0.0399106 -0.0310966 -0.0369592 -0.0163343 -0.0504376 -0.0383596
internal_weight=426.272 255.508 87.7587 81.0514 167.749 61.3871 6.64894 19.6643 54.7381 34.7078 31.4738 12.4392 19.0347 9.28849
internal_count=2211 1489 430 402 1059 326 30 76 296 181 168 64 104 50
is_linear=0
shrinkage=0.05


Tree=17
num_leaves=15
num_cat=0
split_feature=231 231 81 137 16 201 33 161 241 241 241 16 47 12
split_gain=225.491 56.995 51.4421 15.6257 12.3428 12.1656 9.37113 8.92263 5.20425 3.24219 2.61574 2.49477 2.53315 2.11889
threshold=1.0000000180025095e-35 1.5000000000000002 1.0000000180025095e-35 1.0000000180025095e-35 1.0000000180025095e-35 1.0000000180025095e-35 1.0000000180025095e-35 1.0000000180025095e-35 4.5000000000000009 3.5000000000000004 1.0000000180025095e-35 1.0000000180025095e-35 1.0000000180025095e-35 1.0000000180025095e-35
decision_type=2 2 2 2 2 2 2 2 2 2 2 2 2 2
left_child=8 2 3 10 6 13 7 -5 -1 -3 11 12 -2 -4
right_child=1 9 5 4 -6 -7 -8 -9 -10 -11 -12 -13 -14 -15
leaf_value=-0.054169717803836663 0.0076529157702600829 0.044406455641311848 -0.032343632187273 -0.045449279192029728 0.056808640329665809 0.010444389343589329 0.064389875259266913 0.016001659093043994 -0.015478988219358215 0.062132112461354305 0.059163940967557241 0.056456663267463174 0.055249326768690113 -0.077197300994432547
leaf_weight=129.12269550561905 8.8287290930747968 42.930436015129089 51.881454780697823 14.134587407112125 9.8208412677049619 20.628968805074692 3.8295066356658927 10.148280292749405 9.3185191452503187 64.639870524406433 32.979314997792244 9.5194849073886871 4.0906898081302652 2.773774489760398
leaf_count=863 42 191 283 84 40 80 17 47 45 286 146 42 18 16
internal_value=0.00051558 0.0266199 0.00847961 0.0332793 0.00855379 -0.0222717 -0.00830368 -0.0197677 -0.0515654 0.0550579 0.0502037 0.0370344 0.0227234 -0.03462
internal_weight=414.647 276.206 168.636 93.3514 37.9332 75.2842 28.1124 24.2829 138.441 107.57 55.4182 22.4389 12.9194 54.6552
internal_count=2200 1292 815 436 188 379 148 131 908 477 248 102 60 299
is_linear=0
shrinkage=0.05


Tree=18
num_leaves=15
num_cat=0
split_feature=233 207 86 232 81 204 62 231 244 41 163 94 81 234
split_gain=382.219 29.1094 16.9778 9.45591 6.76737 5.8129 4.78638 2.71344 1.64672 2.05219 1.59578 1.52558 1.28037 7.9526
threshold=1.0000000180025095e-35 1.0000000180025095e-35 1.0000000180025095e-35 1.0000000180025095e-35 1.0000000180025095e-35 1.0000000180025095e-35 1.0000000180025095e-35 1.5000000000000002 1.0000000180025095e-35 1.0000000180025095e-35 1.0000000180025095e-35 1.0000000180025095e-35 1.0000000180025095e-35 1.0000000180025095e-35
decision_type=2 2 2 2 2 2 2 2 2 2 2 2 2 2
left_child=1 2 3 5 10 6 11 -6 9 -8 -3 12 -1 -14
right_child=-2 4 -4 -5 7 -7 8 -9 -10 -11 -12 -13 13 -15
leaf_value=-0.040155708253494092 0.059997078399321307 -0.043240836258347778 0.064614793975069362 0.073096228531496901 0.011852599778988761 0.016208501406816827 -0.051373876819447953 0.06470526287908436 -0.059145635192331014 -0.02144543917685246 0.0078640017161931159 -0.068979300958228795 0.024227179788715837 -0.048761064380573378
leaf_weight=29.072253286838531 160.63433754444122 7.2805058509111387 3.405852571129798 1.6015023887157429 21.647454574704174 3.3752664774656287 66.640982180833817 2.7352846562862387 81.46483114361763 6.2664346247911444 1.9331125915050504 3.3217363357543936 5.8135968297719964 10.423045143485069
leaf_count=186 721 40 15 6 84 14 440 12 538 34 8 21 28 59
internal_value=5.71058e-05 -0.0392455 -0.0461166 -0.0479299 0.00398712 -0.0488691 -0.0499511 0.0177817 -0.0542603 -0.0488015 -0.0325185 -0.0362722 -0.0338743 -0.0226273
internal_weight=405.616 244.982 211.386 207.98 33.5964 206.378 203.003 24.3827 154.372 72.9074 9.21362 48.6306 45.3089 16.2366
internal_count=2206 1485 1341 1326 144 1320 1306 96 1012 474 48 294 273 87
is_linear=0
shrinkage=0.05


Tree=19
num_leaves=15
num_cat=0
split_feature=233 81 240 207 204 227 242 194 242 159 241 130 62 219
split_gain=352.471 25.4372 14.2547 13.4797 3.84498 3.32674 1.90765 2.11139 1.88663 1.78811 6.41206 3.60899 1.51538 1.35518
threshold=1.0000000180025095e-35 1.0000000180025095e-35 1.0000000180025095e-35 1.0000000180025095e-35 1.0000000180025095e-35 1.0000000180025095e-35 1.5000000000000002 1.0000000180025095e-35 1.0000000180025095e-35 1.0000000180025095e-35 3.5000000000000004 1.0000000180025095e-35 1.0000000180025095e-35 1.0000000180025095e-35
decision_type=2 2 2 2 2 2 2 2 2 2 2 2 2 2
left_child=1 5 3 4 9 -1 7 8 -7 10 11 12 -3 -14
right_child=-2 2 -4 -5 -6 6 -8 -9 -10 -11 -12 -13 13 -15
leaf_value=-0.054463767934400366 0.058269240950001883 -0.0046679460091243524 0.063660412452030843 0.013676938115213935 0.034297144961124522 -0.042782998757290649 -0.079885188112492789 -0.0026902917653204069 0.0029935572925932647 -0.047540245047253085 0.048305996181464278 -0.071976377030563338 -0.038683474293439934 -0.0057799066921957985
leaf_weight=115.44426362216473 157.97592318058014 5.7099926173687008 5.2457768619060507 20.394059762358665 2.0258794873952857 27.857203692197803 2.4564564675092688 4.5885730385780326 2.4486728757619849 20.724787980318069 2.4892764687538138 5.4858421832323065 19.538847416639332 3.7260902225971213
leaf_count=810 735 29 24 80 8 184 14 20 13 124 10 33 111 19
internal_value=0.00036105 -0.0380544 -0.0161884 -0.0214181 -0.0334067 -0.0502673 -0.0372966 -0.0342986 -0.0390843 -0.0357849 -0.0291914 -0.0347895 -0.0277488 -0.0334137
internal_weight=396.112 238.136 85.3406 80.0948 59.7007 152.795 37.3509 34.8944 30.3059 57.6748 36.95 34.4608 28.9749 23.2649
internal_count=2214 1479 438 414 334 1041 231 217 197 326 202 192 159 130
is_linear=0
shrinkage=0.05


Tree=20
num_leaves=15
num_cat=0
split_feature=233 207 86 232 241 81 137 81 130 125 63 231 227 222
split_gain=304.773 31.1193 17.7727 8.41347 6.00113 4.52041 4.01435 2.66431 2.7721 2.86333 3.07281 2.51023 2.06704 1.66007
threshold=1.0000000180025095e-35 1.0000000180025095e-35 1.0000000180025095e-35 1.0000000180025095e-35 3.5000000000000004 1.0000000180025095e-35 1.0000000180025095e-35 1.0000000180025095e-35 1.0000000180025095e-35 1.0000000180025095e-35 1.0000000180025095e-35 1.5000000000000002 1.0000000180025095e-35 1.0000000180025095e-35
decision_type=2 2 2 2 2 2 2 2 2 2 2 2 2 2
left_child=1 2 3 4 7 -3 -6 -1 9 10 -9 -7 -12 -11
right_child=-2 5 -4 -5 6 11 -8 8 -10 13 12 -13 -14 -15
leaf_value=-0.051337507179896935 0.057834909899587686 -0.016966450610217496 0.062733236433849301 0.071259289988937005 0.027598061613833182 0.016279200922074345 -0.029677137332176542 -0.051933988191793193 -0.069914575825637135 0.00048453813317274617 0.0047367012510946688 0.063636236561532375 -0.047247733621142797 -0.047060398523980029
leaf_weight=131.195685967803 145.96801933646202 10.2086034566164 3.9880989193916312 1.5736262500286091 3.7717119157314327 19.488707721233371 16.196765154600143 18.713784158229828 5.5670194774866095 8.243074953556059 5.0160719007253665 3.2673703581094733 3.0903514176607132 2.3620161116123191
leaf_count=947 703 53 19 6 15 75 88 115 35 45 25 15 19 13
internal_value=0.00119898 -0.0343302 -0.041759 -0.0438881 -0.0448213 0.0106775 -0.0188588 -0.0477976 -0.0369953 -0.0320985 -0.0407951 0.0230788 -0.0150809 -0.0101049
internal_weight=378.651 232.683 199.718 195.73 194.156 32.9647 19.9685 174.188 42.9923 37.4253 26.8202 22.7561 8.10642 10.6051
internal_count=2173 1470 1327 1308 1302 143 103 1199 252 217 159 90 44 58
is_linear=0
shrinkage=0.05


Tree=21
num_leaves=15
num_cat=0
split_feature=233 207 86 241 234 248 161 81 62 234 241 136 90 130
split_gain=277.868 28.5389 14.7278 7.95275 3.62365 2.60867 2.52639 1.91242 1.7454 3.21814 1.42588 1.26036 1.19238 1.14576
threshold=1.0000000180025095e-35 1.0000000180025095e-35 1.0000000180025095e-35 2.5000000000000004 1.0000000180025095e-35 1.5000000000000002 1.0000000180025095e-35 1.0000000180025095e-35 1.0000000180025095e-35 1.0000000180025095e-35 4.5000000000000009 1.0000000180025095e-35 1.0000000180025095e-35 1.0000000180025095e-35
decision_type=2 2 2 2 2 2 2 2 2 2 2 2 2 2
left_child=1 2 3 5 6 7 -3 -1 9 -9 -8 12 -10 -5
right_child=-2 4 -4 13 -6 -7 10 8 11 -11 -12 -13 -14 -15
leaf_value=-0.050226359714376029 0.055782474477435812 -0.029324598932686824 0.061825560058720468 -0.023503764371628388 0.06909375050036147 0.0079335863774384948 0.024685432617561787 0.0076147071618226292 -0.047554631526378621 -0.066401046571250441 0.0010018978880887697 -0.0016299326689720784 -0.0080646868554773328 0.00038095761113957159
leaf_weight=127.21802768111229 140.84243352711201 4.7329346835613277 3.4149275273084632 12.321192651987076 2.320109859108924 2.1692466139793387 10.477026492357256 4.8375200480222693 28.331068783998493 2.1087559014558792 16.154078155755997 1.7824508845806111 2.0498346388339987 8.4744862020015717
leaf_count=947 704 25 17 65 8 10 44 24 177 14 69 9 11 43
internal_value=0.000640588 -0.0336642 -0.0410862 -0.0429428 0.00879726 -0.0465432 0.00433692 -0.0472537 -0.037584 -0.0148551 0.0103193 -0.0424928 -0.0448902 -0.0137705
internal_weight=367.234 226.392 192.708 189.293 33.6841 168.497 31.364 166.328 39.1096 6.94628 26.6311 32.1634 30.3809 20.7957
internal_count=2167 1463 1317 1300 146 1192 138 1182 235 38 113 197 188 108
is_linear=0
shrinkage=0.05


Tree=22
num_leaves=15
num_cat=0
split_feature=233 201 86 66 241 137 231 161 130 248 231 230 81 137
split_gain=274.452 22.6069 16.6582 10.3272 7.49047 4.94254 3.1294 2.38133 2.30352 2.1167 1.51214 1.47226 1.99327 3.1746
threshold=1.0000000180025095e-35 1.0000000180025095e-35 1.0000000180025095e-35 1.0000000180025095e-35 3.5000000000000004 1.0000000180025095e-35 1.5000000000000002 1.0000000180025095e-35 1.0000000180025095e-35 1.5000000000000002 1.0000000180025095e-35 1.0000000180025095e-35 1.0000000180025095e-35 1.0000000180025095e-35
decision_type=2 2 2 2 2 2 2 2 2 2 2 2 2 2
left_child=1 2 3 4 9 -6 7 -3 -7 11 -9 12 -1 -14
right_child=-2 6 -4 -5 5 8 -8 10 -10 -11 -12 -13 13 -15
leaf_value=-0.049973124813798182 0.055111542902733603 -0.040188271510621584 0.061311135091225516 0.083359179161774072 0.040491698945317525 -0.043199228346938429 0.062297222801966229 -0.013043548631941774 -0.0050348059313788732 0.012028782269255776 0.014118682307915589 -0.067526044682329603 -0.072058767034388946 -0.029529089164621991
leaf_weight=121.05096904188395 139.44998210668564 3.1091042757034364 3.9026743471622458 1.6013790667057026 3.3488851189613369 8.9277307987213153 2.2549386471509925 7.2225583046674755 7.0967102050781241 1.4742174893617619 17.634225353598595 9.2525010108947736 5.198799028992652 28.12645748257637
leaf_count=931 720 15 20 6 13 51 11 37 37 7 68 62 32 169
internal_value=0.000225351 -0.0345332 -0.0409229 -0.0430671 -0.0441646 -0.0147522 0.00563489 0.00106611 -0.0262974 -0.0476158 0.00622624 -0.0481532 -0.0469921 -0.0361638
internal_weight=359.651 220.201 189.98 186.078 184.476 19.3733 30.2208 27.9659 16.0244 165.103 24.8568 163.629 154.376 33.3253
internal_count=2179 1459 1328 1308 1302 101 131 120 88 1201 105 1194 1132 201
is_linear=0
shrinkage=0.05


Tree=23
num_leaves=15
num_cat=0
split_feature=233 229 201 66 81 14 244 163 227 137 62 220 161 161
split_gain=265.735 18.685 13.4434 8.58296 5.79034 2.54585 2.90147 3.21555 2.30282 3.07154 1.71226 3.04057 2.65872 1.51742
threshold=1.0000000180025095e-35 1.0000000180025095e-35 1.0000000180025095e-35 1.0000000180025095e-35 1.0000000180025095e-35 1.0000000180025095e-35 1.0000000180025095e-35 1.0000000180025095e-35 1.0000000180025095e-35 1.0000000180025095e-35 1.0000000180025095e-35 1.0000000180025095e-35 1.0000000180025095e-35 1.0000000180025095e-35
decision_type=2 2 2 2 2 2 2 2 2 2 2 2 2 2
left_child=1 2 3 4 8 6 7 10 -1 -10 -6 12 -12 -11
right_child=-2 -3 -4 -5 5 -7 -8 -9 9 13 11 -13 -14 -15
leaf_value=-0.051198748616648887 0.055247799251696331 0.060719618578484492 -0.0032644758903732905 0.083890226202293097 0.025728632612937376 0.0097315867763196149 -0.040196383489896584 -0.069174658322823698 0.025461466268726959 -0.032643271192009958 0.011814374525255286 0.025471915036742128 -0.050641155010800534 -0.062606504657161818
leaf_weight=101.71786081790924 137.05272320657969 5.0921248048543921 26.957961931824684 1.3632797151803959 3.3071704208850869 4.0944363921880713 31.91009509563446 2.3291586637496939 1.9717425033450151 18.600396387279037 2.4473212808370572 3.2736174911260614 5.6103578060865402 5.4674490615725508
leaf_count=803 732 27 118 5 16 21 198 15 11 132 14 16 34 43
internal_value=0.000881688 -0.0339129 -0.036218 -0.0410966 -0.0420394 -0.0281407 -0.0313132 -0.014607 -0.0478023 -0.0345348 -0.00592461 -0.015163 -0.0316718 -0.03945
internal_weight=351.196 214.143 209.051 182.093 180.73 52.9722 48.8777 16.9676 127.757 26.0396 14.6385 11.3313 8.05768 24.0678
internal_count=2185 1453 1426 1308 1303 314 293 95 989 186 80 64 48 175
is_linear=0
shrinkage=0.05


Tree=24
num_leaves=15
num_cat=0
split_feature=233 207 86 241 81 137 244 0 223 231 243 231 161 242
split_gain=238.503 22.6203 9.99522 6.59235 5.26491 3.55596 3.18122 2.35508 1.96431 2.68755 2.09099 1.755 1.62581 1.51322
threshold=1.0000000180025095e-35 1.0000000180025095e-35 1.0000000180025095e-35 3.5000000000000004 1.0000000180025095e-35 1.0000000180025095e-35 1.0000000180025095e-35 1.0000000180025095e-35 1.0000000180025095e-35 1.0000000180025095e-35 1.5000000000000002 1.5000000000000002 1.0000000180025095e-35 1.0000000180025095e-35
decision_type=2 2 2 2 2 2 2 2 2 2 2 2 2 2
left_child=1 2 3 8 12 -5 -6 -7 9 -1 11 -11 -3 -14
right_child=-2 4 -4 5 6 7 -8 -9 -10 10 -12 -13 13 -15
leaf_value=-0.047181520644569749 0.053675469305128287 -0.063376512110694838 0.059864648507040298 0.031548648650246057 0.0064153980535692177 -0.03231464028022734 0.047881708580110482 0.02049322045542502 -0.060865256209245322 -0.026387090618157874 -0.070079114254166644 -0.060193050492321182 0.0031770066748091196 -0.043190576702951178
leaf_weight=95.134837403893471 128.73662724345922 1.8746033981442458 2.4971681684255591 3.6304499506950387 11.281153574585916 12.682694628834723 7.8396041989326468 2.5329521596431741 15.900077424943445 39.661083564162254 3.4511463642120352 4.2505436539649954 5.4874899983406067 2.5901364535093307
leaf_count=789 714 14 14 15 47 75 30 12 116 261 23 24 27 12
internal_value=0.00014809 -0.0328523 -0.0394708 -0.0408703 0.00806609 -0.0129147 0.0234168 -0.0235237 -0.0441965 -0.0423365 -0.0326047 -0.0296594 -0.0214265 -0.011691
internal_weight=337.551 208.814 179.741 177.244 29.073 18.8461 19.1208 15.2156 158.398 142.498 47.3628 43.9116 9.95223 8.07763
internal_count=2173 1459 1329 1315 130 102 77 87 1213 1097 308 285 53 39
is_linear=0
shrinkage=0.05


Tree=25
num_leaves=15
num_cat=0
split_feature=233 81 207 86 241 155 159 161 241 231 135 223 125 244
split_gain=222.489 22.2884 10.5252 7.31963 4.86093 4.51387 2.69514 3.19017 4.35036 2.34302 1.60493 2.04495 1.60464 1.93181
threshold=1.0000000180025095e-35 1.0000000180025095e-35 1.0000000180025095e-35 1.0000000180025095e-35 4.5000000000000009 1.0000000180025095e-35 1.0000000180025095e-35 1.0000000180025095e-35 2.5000000000000004 1.5000000000000002 1.0000000180025095e-35 1.0000000180025095e-35 1.0000000180025095e-35 1.0000000180025095e-35
decision_type=2 2 2 2 2 2 2 2 2 2 2 2 2 2
left_child=1 4 3 5 12 10 7 -7 -9 -4 11 -3 13 -1
right_child=-2 2 9 -5 -6 6 -8 8 -10 -11 -12 -13 -14 -15
leaf_value=-0.037250238528327803 0.053431609458579971 -0.032514633538733892 0.013303603113548838 0.059188660302891286 -0.011446897694732809 0.057836847878937218 -0.025752611220896615 -0.068066778082714344 0.017874512747496418 0.061286906017822509 0.012979602608268265 -0.065831797022604457 -0.062411844422373755 -0.050566179472585515
leaf_weight=59.071808099746704 128.45677400380373 26.463892251253128 20.513255655765537 2.7252759933471671 11.603172481060026 2.7654131501913071 8.8189735561609268 2.0044301897287369 5.5489987730979919 2.9043093472719184 1.6012804508209217 5.5760349705815306 12.334562212228773 50.540546290576458
leaf_count=478 738 171 80 16 58 12 53 13 24 15 9 39 99 431
internal_value=0.00148404 -0.0299225 -0.00885657 -0.0207168 -0.0423716 -0.0248428 -0.00545612 0.0118902 -0.00493146 0.0192546 -0.0358715 -0.038313 -0.045314 -0.04339
internal_weight=340.929 212.472 78.9219 55.5043 133.55 52.779 19.1378 10.3188 7.55343 23.4176 33.6412 32.0399 121.947 109.612
internal_count=2236 1498 432 337 1066 321 102 49 37 95 219 210 1008 909
is_linear=0
shrinkage=0.05


Tree=26
num_leaves=15
num_cat=0
split_feature=231 231 81 161 207 55 33 47 54 241 130 242 194 196
split_gain=121.743 31.5179 23.3661 11.8006 9.81651 7.36988 6.13939 3.48051 3.53664 3.03831 2.79738 2.53993 2.53513 2.41794
threshold=1.0000000180025095e-35 1.5000000000000002 1.0000000180025095e-35 1.0000000180025095e-35 1.0000000180025095e-35 1.0000000180025095e-35 1.0000000180025095e-35 1.0000000180025095e-35 1.0000000180025095e-35 3.5000000000000004 1.0000000180025095e-35 1.5000000000000002 1.0000000180025095e-35 1.0000000180025095e-35
decision_type=2 2 2 2 2 2 2 2 2 2 2 2 2 2
left_child=10 2 3 5 11 6 7 8 13 -3 12 -4 -1 -2
right_child=1 9 4 -5 -6 -7 -8 -9 -10 -11 -12 -13 -14 -15
leaf_value=-0.044810093926643119 -0.05379428422356939 0.035351107328289104 -0.040031067559575251 0.040574718384911737 0.015260229047326185 0.060492374680748084 0.058559105071509389 0.037865166252162519 0.034483432747986653 0.054894750750716051 0.0022520007350771611 -0.015838566935054147 -0.00023921457544519851 0.001199718858121679
leaf_weight=104.04357501864433 10.58533656597138 33.830427005887032 21.855312667787075 49.453122928738594 18.764744877815247 3.816512241959571 2.4299924820661536 1.8612036481499679 1.6404112502932555 48.248998381197453 3.4571119397878638 21.544015474617481 3.2912740856409064 2.4639912992715827
leaf_count=901 81 197 146 290 73 21 15 11 10 292 18 131 15 15
internal_value=0.000610701 0.0224259 0.00751792 0.0268549 -0.0149566 -0.00290667 -0.0156544 -0.0265503 -0.0347118 0.0468395 -0.0420175 -0.0280216 -0.0434434 -0.0434102
internal_weight=327.286 216.494 134.415 72.2506 62.1641 22.7974 18.9809 16.5509 14.6897 82.0794 110.792 43.3993 107.335 13.0493
internal_count=2216 1282 793 443 350 153 132 117 106 489 934 277 916 96
is_linear=0
shrinkage=0.05


Tree=27
num_leaves=15
num_cat=0
split_feature=231 231 81 55 161 207 33 137 241 234 137 54 16 47
split_gain=111.349 37.1076 23.606 9.24552 6.80389 6.01533 5.50118 6.6494 3.55652 2.96526 2.78681 2.6199 2.68975 3.9116
threshold=1.0000000180025095e-35 1.5000000000000002 1.0000000180025095e-35 1.0000000180025095e-35 1.0000000180025095e-35 1.0000000180025095e-35 1.0000000180025095e-35 1.0000000180025095e-35 3.5000000000000004 1.0000000180025095e-35 1.0000000180025095e-35 1.0000000180025095e-35 1.0000000180025095e-35 1.0000000180025095e-35
decision_type=2 2 2 2 2 2 2 2 2 2 2 2 2 2
left_child=8 2 3 4 6 -4 7 -2 -1 11 -10 12 13 -6
right_child=1 -3 5 -5 9 -7 -8 -9 10 -11 -12 -13 -14 -15
leaf_value=-0.045938534197190982 0.034591112582395819 0.04691314569524685 -0.028968515781100219 0.059065320069675534 -0.01087322975525417 0.0040740945335509121 0.058306055990715505 -0.039802811955109423 0.035161389086725982 0.067259324061376594 -0.028712375134480841 0.047767857068008526 0.036976584116809173 0.047905137255225931
leaf_weight=95.521842896938324 4.0103025659918794 79.487117923796177 42.992577128112316 14.683136433362959 12.704782262444498 20.2666045576334 2.5239434093236914 11.965745031833649 2.2096066176891309 4.0546765178441992 7.5173354595899582 7.5100876912474623 8.4421213865280169 3.6418348699808112
leaf_count=865 25 492 278 88 76 81 16 90 9 23 42 47 51 22
internal_value=-0.000955308 0.019893 0.00371962 0.0238265 0.0143938 -0.0183825 -0.0102913 -0.0211285 -0.0430055 0.0269558 -0.0142026 0.0218962 0.0140581 0.0022219
internal_weight=317.532 212.283 132.796 69.5366 54.8535 63.2592 18.5 15.976 105.249 36.3535 9.72694 32.2988 24.7887 16.3466
internal_count=2205 1289 797 438 350 359 131 115 916 219 51 196 149 98
is_linear=0
shrinkage=0.05


Tree=28
num_leaves=15
num_cat=0
split_feature=233 81 229 14 241 231 207 241 241 242 135 248 155 161
split_gain=197.055 21.4844 7.97131 7.47968 4.4316 5.04318 3.84124 3.72829 3.30783 3.15747 2.63471 2.32006 3.17726 1.60198
threshold=1.0000000180025095e-35 1.0000000180025095e-35 1.0000000180025095e-35 1.0000000180025095e-35 3.5000000000000004 1.5000000000000002 1.0000000180025095e-35 4.5000000000000009 4.5000000000000009 1.0000000180025095e-35 1.0000000180025095e-35 1.0000000180025095e-35 1.0000000180025095e-35 1.0000000180025095e-35
decision_type=2 2 2 2 2 2 2 2 2 2 2 2 2 2
left_child=1 8 3 4 6 7 10 -6 -1 -8 11 12 -3 -5
right_child=-2 2 -4 13 5 -7 9 -9 -10 -11 -12 -13 -14 -15
leaf_value=-0.046910840424423034 0.051173816621614882 -0.035734684999879383 0.058455339850179179 -0.0071674393174905307 0.042945815440920049 0.064706301432693805 0.043123273882499112 -0.020784699092537721 -0.016504489958646243 -0.027907060023230509 0.018455306409585825 -0.057794648616658444 0.032047969568576563 0.041223869066925323
leaf_weight=109.26359225809574 116.07322732359171 20.020225949585441 4.0086908638477317 2.3063105493783933 2.7352553158998534 2.5639635324478141 3.0392177402973166 14.252928361296654 9.7419628053903562 3.2244940847158432 2.0946260541677466 11.274328447878359 1.8922482877969731 6.6175216436386108
leaf_count=988 736 138 25 12 10 12 11 73 51 14 11 76 10 28
internal_value=-0.000308734 -0.0312655 -0.0101163 -0.014042 -0.0202875 -0.000658263 -0.0295254 -0.0105235 -0.0444217 0.00655759 -0.0359314 -0.0393641 -0.0298813 0.0287174
internal_weight=309.109 193.035 74.0298 70.0211 61.0973 19.5521 41.5451 16.9882 119.006 6.26371 35.2814 33.1868 21.9125 8.92383
internal_count=2195 1459 420 395 355 95 260 83 1039 25 235 224 148 40
is_linear=0
shrinkage=0.05


Tree=29
num_leaves=15
num_cat=0
split_feature=233 81 207 86 241 241 159 130 244 90 242 62 135 14
split_gain=160.836 24.3117 7.27006 5.74957 4.36431 2.97194 6.29383 3.11452 2.02663 4.0285 2.17983 2.37966 2.08671 2.45617
threshold=1.0000000180025095e-35 1.0000000180025095e-35 1.0000000180025095e-35 1.0000000180025095e-35 4.5000000000000009 3.5000000000000004 1.0000000180025095e-35 1.0000000180025095e-35 1.0000000180025095e-35 1.0000000180025095e-35 1.0000000180025095e-35 1.0000000180025095e-35 1.0000000180025095e-35 1.0000000180025095e-35
decision_type=2 2 2 2 2 2 2 2 2 2 2 2 2 2
left_child=1 4 3 5 -1 7 -7 8 10 12 11 -3 13 -10
right_child=-2 2 -4 -5 -6 6 -8 -9 9 -11 -12 -13 -14 -15
leaf_value=-0.043479382953047596 0.049802334934451013 0.015121452472880959 0.020635885142349777 0.05753811693965704 -0.010134297210972002 0.054067535303456232 -0.02893984492704111 -0.064466380345571853 -0.047186413150944712 0.049561666990927317 0.027666454383697737 -0.034450736589584009 0.023029982014866189 0.0058402956862628232
leaf_weight=108.80818808078766 107.27620673179626 3.809949964284896 21.430668845772743 2.6611028909683219 10.785454779863356 4.0740798562765104 5.1961751282215118 4.2286515086889258 15.46285593509675 1.5154186189174641 3.8420891463756552 6.6401998102664939 1.4312050789594639 2.5429123491048804
leaf_count=1013 705 20 87 18 56 17 33 32 115 7 20 47 8 14
internal_value=0.000745631 -0.0266027 -0.00382946 -0.0140291 -0.0404722 -0.0179362 0.00754013 -0.0239193 -0.0190545 -0.028957 -0.00453748 -0.0163775 -0.0350787 -0.0396976
internal_weight=299.705 192.429 72.8353 51.4046 119.594 48.7435 9.27025 39.4733 35.2446 20.9524 14.2922 10.4501 19.437 18.0058
internal_count=2192 1487 418 331 1069 313 50 263 231 144 87 67 137 129
is_linear=0
shrinkage=0.05


Tree=30
num_leaves=15
num_cat=0
split_feature=233 81 196 137 229 232 201 204 243 62 234 243 161 155
split_gain=160.211 21.1854 10.1238 6.57483 6.42303 3.8548 2.80844 2.10768 2.02189 1.46853 2.9991 1.49115 1.11439 1.51488
threshold=1.0000000180025095e-35 1.0000000180025095e-35 1.0000000180025095e-35 1.0000000180025095e-35 1.0000000180025095e-35 1.0000000180025095e-35 1.0000000180025095e-35 1.0000000180025095e-35 1.0000000180025095e-35 1.0000000180025095e-35 1.0000000180025095e-35 1.5000000000000002 1.0000000180025095e-35 1.0000000180025095e-35
decision_type=2 2 2 2 2 2 2 2 2 2 2 2 2 2
left_child=1 2 -1 -4 5 6 7 9 -5 10 -3 -11 -8 -14
right_child=-2 4 3 8 -6 -7 12 -9 -10 11 -12 -13 13 -15
leaf_value=-0.046666525234679318 0.049239767269570391 0.020184221097366849 0.084465143966840447 -0.0045821165309867656 0.057585373606087092 0.065056390671003786 -0.023215411127885111 0.033876928271587177 -0.056954548871696799 -0.021969895655984169 -0.025327735770264415 -0.054082139755628672 0.034155326284103844 -0.00026552141473431965
leaf_weight=100.65350795537233 105.77363546937704 6.0162566304206821 1.9424747675657243 9.3588706701993924 3.6983152180910102 1.666287526488303 2.8598296344280252 1.8817697465419758 2.2947175949811944 28.284297287464142 9.0872056037187576 4.1448758989572516 4.7357825189828864 9.8343828767538071
leaf_count=978 723 31 7 51 25 9 12 7 12 191 59 30 18 40
internal_value=8.61997e-05 -0.0277975 -0.0411963 -0.000699219 -0.00659783 -0.0100625 -0.0119351 -0.0180219 -0.0148948 -0.0200766 -0.00719867 -0.0260743 0.00532122 0.0109224
internal_weight=292.232 186.459 114.25 13.5961 72.209 68.5107 66.8444 49.4144 11.6536 47.5326 15.1035 32.4292 17.43 14.5702
internal_count=2193 1470 1048 70 422 397 388 318 63 311 90 221 70 58
is_linear=0
shrinkage=0.05


Tree=31
num_leaves=15
num_cat=0
split_feature=231 231 81 55 161 137 137 248 152 62 33 127 248 241
split_gain=87.9766 25.5181 14.3911 6.74152 4.94831 4.43053 4.11252 4.85499 3.91515 3.48117 3.36537 3.03002 3.40461 3.89156
threshold=1.0000000180025095e-35 1.5000000000000002 1.0000000180025095e-35 1.0000000180025095e-35 1.0000000180025095e-35 1.0000000180025095e-35 1.0000000180025095e-35 1.0000000180025095e-35 1.0000000180025095e-35 1.0000000180025095e-35 1.0000000180025095e-35 1.0000000180025095e-35 1.0000000180025095e-35 3.5000000000000004
decision_type=2 2 2 2 2 2 2 2 2 2 2 2 2 2
left_child=5 2 3 4 6 8 -2 10 -1 -7 -8 12 -4 -14
right_child=1 -3 11 -5 -6 9 7 -9 -10 -11 -12 -13 13 -15
leaf_value=-0.025282650340601221 0.040925129795584186 0.044364401474508479 -0.0052074257905888321 0.057341605663949649 0.02663584226469062 -0.02427695689455589 -0.022149350381964705 -0.10721040800369988 0.04205167212787804 -0.049177152669258706 0.056610936599376639 0.020198690879589556 -0.048864651273679782 -0.0028442317425697921
leaf_weight=13.896891720592977 3.3320985287427876 70.66928206384182 33.457209587097168 12.047186583280562 31.67420206964016 18.31379421800375 8.7262984216213191 1.4635678231716163 2.5558554232120505 60.099775686860085 1.6059107929468162 6.9594451934099189 12.156826458871366 7.3838335424661627
leaf_count=140 23 496 200 84 212 168 73 12 10 608 12 31 85 39
internal_value=0.000893486 0.0205729 0.00642108 0.023986 0.0154001 -0.0384121 -0.00812493 -0.0219807 -0.0148226 -0.0433616 -0.00990783 -0.0108193 -0.0148924 -0.0314749
internal_weight=284.342 189.476 118.807 58.8493 46.8021 94.8663 15.1279 11.7958 16.4527 78.4136 10.3322 59.9573 52.9979 19.5407
internal_count=2193 1267 771 416 332 926 120 97 150 776 85 355 324 124
is_linear=0
shrinkage=0.05


Tree=32
num_leaves=15
num_cat=0
split_feature=233 81 229 241 130 241 207 236 130 41 159 161 78 90
split_gain=139.276 16.6063 7.10304 6.8996 4.05519 3.6782 3.52485 2.57626 4.03385 3.93389 2.14314 1.5896 1.26996 1.20614
threshold=1.0000000180025095e-35 1.0000000180025095e-35 1.0000000180025095e-35 2.5000000000000004 1.0000000180025095e-35 4.5000000000000009 1.0000000180025095e-35 1.0000000180025095e-35 1.0000000180025095e-35 1.0000000180025095e-35 1.0000000180025095e-35 1.0000000180025095e-35 1.0000000180025095e-35 1.0000000180025095e-35
decision_type=2 2 2 2 2 2 2 2 2 2 2 2 2 2
left_child=1 5 3 4 6 12 13 8 -5 -9 -10 -8 -1 -3
right_child=-2 2 -4 7 -6 -7 11 9 10 -11 -12 -13 -14 -15
leaf_value=-0.041988200417918675 0.048368969298259103 -0.027583586309404967 0.056816474492235348 -0.020312671419586061 -0.067996183565695617 -0.011529607523914999 -0.023549056935943762 0.068804597248559848 0.050130217622831291 -0.011447579365559454 -0.0049358551738850221 0.022949785814371799 -0.0048172141601126317 0.010342734365380593
leaf_weight=94.415590904653072 98.414574347436428 30.619334131479263 4.098187491297721 9.6752218455076271 4.3602372035384169 11.813146635890005 2.5426322221755964 3.9819389879703513 4.5346782356500617 2.4768962115049362 2.8949669748544693 6.63230000436306 2.3551685139536849 2.2503910213708869
leaf_count=965 720 215 30 48 36 62 11 15 19 12 18 26 20 12
internal_value=0.00041924 -0.0254167 -0.00716233 -0.0109097 -0.0220981 -0.0378683 -0.0173383 0.0111242 0.000964969 0.0380287 0.0286737 0.0100636 -0.0410835 -0.024987
internal_weight=281.065 182.651 74.0668 69.9686 46.4049 108.584 42.0447 23.5637 17.1049 6.45884 7.42965 9.17493 96.7708 32.8697
internal_count=2209 1489 442 412 300 1047 264 112 85 27 37 37 985 227
is_linear=0
shrinkage=0.05


Tree=33
num_leaves=15
num_cat=0
split_feature=233 81 241 229 227 236 130 242 241 249 201 201 222 71
split_gain=130.108 12.8556 7.69613 6.2411 4.84616 4.54933 3.18016 2.89149 2.75658 1.06048 3.15477 1.37282 1.04485 1.33766
threshold=1.0000000180025095e-35 1.0000000180025095e-35 5.5000000000000009 1.0000000180025095e-35 1.0000000180025095e-35 1.0000000180025095e-35 1.0000000180025095e-35 1.5000000000000002 1.0000000180025095e-35 1.0000000180025095e-35 1.0000000180025095e-35 1.0000000180025095e-35 1.0000000180025095e-35 1.0000000180025095e-35
decision_type=2 2 2 2 2 2 2 2 2 2 2 2 2 2
left_child=1 4 3 5 -1 -3 -7 8 -6 11 -11 -10 13 -2
right_child=12 2 -4 -5 7 6 -8 -9 9 10 -12 -13 -14 -15
leaf_value=-0.041445583572003619 0.047570593964351884 -0.020094915685428098 0.086093239060995766 0.056492592631055417 -0.033160835845638031 0.027071261981408298 -0.028092055307526616 -0.073271519301019439 0.021715210238815192 -0.064138289525028008 0.02170940076609898 -0.011792843953132244 0.054519213820857199 0.026962542535895275
leaf_weight=78.795380689203739 43.704486265778542 57.290050029754639 2.1061977446079245 3.2887419462203971 10.627338282763963 9.7741091549396497 3.5658750534057608 2.1666950583457938 6.8875385224819201 2.1813329756259909 2.1008389294147491 5.4957671314477921 40.391449466347694 9.6048044189810735
leaf_count=837 326 364 8 25 112 39 21 15 52 17 8 34 308 77
internal_value=0.000482044 -0.02391 -0.0081512 -0.0108365 -0.034977 -0.0139716 0.0123257 -0.0176756 -0.013262 -0.000572764 -0.0220213 0.00684418 0.0484535 0.0438576
internal_weight=277.981 184.28 76.025 73.9188 108.255 70.63 13.34 29.4595 27.2928 16.6655 4.28217 12.3833 93.7007 53.3093
internal_count=2243 1532 457 449 1075 424 60 238 223 111 25 86 711 403
is_linear=0
shrinkage=0.05


Tree=34
num_leaves=15
num_cat=0
split_feature=231 231 81 220 202 137 125 33 41 231 161 196 243 227
split_gain=63.46 22.1058 14.41 6.74246 4.7492 3.85443 3.72404 3.64784 3.03979 2.85986 2.55162 2.04947 1.91974 1.68473
threshold=1.0000000180025095e-35 1.5000000000000002 1.0000000180025095e-35 1.0000000180025095e-35 1.0000000180025095e-35 1.0000000180025095e-35 1.0000000180025095e-35 1.0000000180025095e-35 1.0000000180025095e-35 2.5000000000000004 1.0000000180025095e-35 1.0000000180025095e-35 1.5000000000000002 1.0000000180025095e-35
decision_type=2 2 2 2 2 2 2 2 2 2 2 2 2 2
left_child=4 2 3 5 13 11 -3 10 -4 12 -7 -2 -8 -1
right_child=1 6 8 -5 -6 7 9 -9 -10 -11 -12 -13 -14 -15
leaf_value=-0.042543544434946838 0.014464190754871407 0.046968926854984633 -0.0042232656463252558 0.046467181467623991 0.013293683911478425 -0.028577189164793983 -0.01028755044488376 0.055794201536468128 -0.026972287470547085 0.04823477368259689 0.010369699175277261 0.049599197255675256 0.046958741994538172 -0.02498307630879628
leaf_weight=62.848519079387188 12.366622738540174 48.777982614934444 39.353077314794064 18.851958110928535 4.6409381777048102 10.535951837897306 7.3052302449941617 2.1626286208629599 23.425626441836357 4.9968615397810927 6.9991337507963172 6.2472197934985152 1.8316982164978979 17.450763285160065
leaf_count=715 93 383 227 143 26 93 50 18 153 39 46 50 14 160
internal_value=-0.000172911 0.0164162 0.00382551 0.0219875 -0.035885 0.00994174 0.0404206 -0.00547509 -0.012712 0.0178214 -0.0130315 0.0262563 0.00118873 -0.0387273
internal_weight=267.794 182.854 119.942 57.1635 84.9402 38.3116 62.9118 19.6977 62.7787 14.1338 17.5351 18.6138 9.13693 80.2993
internal_count=2210 1309 823 443 901 300 486 157 380 103 139 143 64 875
is_linear=0
shrinkage=0.05


Tree=35
num_leaves=15
num_cat=0
split_feature=231 231 55 161 241 81 33 241 241 16 242 234 47 201
split_gain=55.7488 20.1323 12.2459 6.93933 5.17532 4.39982 4.16763 3.79912 3.18569 3.82723 2.22381 2.17906 2.10507 1.94376
threshold=1.0000000180025095e-35 1.5000000000000002 1.0000000180025095e-35 1.0000000180025095e-35 3.5000000000000004 1.0000000180025095e-35 1.0000000180025095e-35 3.5000000000000004 2.5000000000000004 1.0000000180025095e-35 1.0000000180025095e-35 1.0000000180025095e-35 1.0000000180025095e-35 1.0000000180025095e-35
decision_type=2 2 2 2 2 2 2 2 2 2 2 2 2 2
left_child=4 2 3 6 -1 11 12 -3 9 13 -6 -5 -2 -7
right_child=1 7 -4 5 10 8 -8 -9 -10 -11 -12 -13 -14 -15
leaf_value=-0.037722481492583837 -0.024220007574583348 0.025219100172285638 0.055942712865267856 0.017610125371293212 0.013222802465128997 -0.018234950234347243 0.055480370563892628 0.050131173480749636 0.015153152498216289 -0.071615369258176617 -0.044117294371171158 0.059320496429900373 0.033247503794523361 0.016135020656485574
leaf_weight=74.937260583043098 35.64886287599802 27.59747801721096 10.23734964430332 27.03739552944899 7.7526134550571424 13.220704071223741 1.8375557363033284 34.355446763336658 14.118164092302321 2.6526246890425673 2.1625943332910538 3.5414198711514464 1.6681039407849301 5.9717149436473838
leaf_count=867 267 205 84 200 42 99 16 286 56 23 12 25 12 24
internal_value=0.000116831 0.0160237 0.00372755 -0.0013298 -0.0332308 0.00849766 -0.0180313 0.0390339 -0.00335785 -0.0153213 0.000716421 0.0224407 -0.0216512 -0.00754074
internal_weight=262.739 177.887 115.934 105.697 84.8525 66.542 39.1545 61.9529 35.9632 21.845 9.91521 30.5788 37.317 19.1924
internal_count=2218 1297 806 722 921 427 295 491 202 146 54 225 279 123
is_linear=0
shrinkage=0.05


Tree=36
num_leaves=15
num_cat=0
split_feature=233 81 248 229 207 130 221 241 227 130 244 241 161 35
split_gain=121.063 14.4438 6.23107 5.23309 4.95215 4.41647 2.73078 2.38078 3.05024 1.94222 1.73248 1.56316 1.93022 2.30455
threshold=1.0000000180025095e-35 1.0000000180025095e-35 1.5000000000000002 1.0000000180025095e-35 1.0000000180025095e-35 1.0000000180025095e-35 1.0000000180025095e-35 3.5000000000000004 1.0000000180025095e-35 1.0000000180025095e-35 1.0000000180025095e-35 1.0000000180025095e-35 1.0000000180025095e-35 1.0000000180025095e-35
decision_type=2 2 2 2 2 2 2 2 2 2 2 2 2 2
left_child=1 5 3 4 6 -1 7 9 -9 10 11 12 -3 -14
right_child=-2 2 -4 -5 -6 -7 -8 8 -10 -11 -12 -13 13 -15
leaf_value=-0.040171626576245179 0.046588998856123734 -0.041583364743788293 0.088204793439695672 0.055623463674092516 0.007447734757414318 0.026524804544750643 -0.087539875368280951 0.053375780008293384 -0.013395299138309958 -0.061244806577437798 -0.033256458071397148 0.026089762464266853 -0.017684141254089108 0.052285357646233023
leaf_weight=96.636188596487045 86.323368214070797 4.6814712584018725 1.6185908019542683 2.820296421647071 19.123852387070656 2.5474783554673186 1.5740899443626393 2.1509764641523335 8.3504551202058792 3.6823413595557204 17.165392704308033 2.5402199923992148 4.3277677595615387 1.6163361668586729
leaf_count=1051 720 29 7 24 79 14 9 9 53 34 133 14 32 9
internal_value=-0.00157673 -0.0262032 -0.00875175 -0.0110585 -0.0139423 -0.0384586 -0.0228177 -0.0205291 0.000281219 -0.0269541 -0.0227911 -0.00914641 -0.0175702 0.00134215
internal_weight=255.159 168.835 69.6518 68.0332 65.2129 99.1837 46.0891 44.515 10.5014 34.0135 30.3312 13.1658 10.6256 5.9441
internal_count=2217 1497 432 425 401 1065 322 313 62 251 217 84 70 41
is_linear=0
shrinkage=0.05


Tree=37
num_leaves=15
num_cat=0
split_feature=233 241 232 86 81 204 130 125 90 244 244 78 196 194
split_gain=106.385 10.3609 8.09089 6.73516 4.59036 2.97394 2.95479 2.01374 1.86122 2.44336 1.76394 1.99218 2.07126 1.59559
threshold=1.0000000180025095e-35 5.5000000000000009 1.0000000180025095e-35 1.0000000180025095e-35 1.0000000180025095e-35 1.0000000180025095e-35 1.0000000180025095e-35 1.0000000180025095e-35 1.0000000180025095e-35 1.0000000180025095e-35 1.0000000180025095e-35 1.0000000180025095e-35 1.0000000180025095e-35 1.0000000180025095e-35
decision_type=2 2 2 2 2 2 2 2 2 2 2 2 2 2
left_child=1 2 3 4 6 8 7 10 9 -6 11 12 -1 -8
right_child=-2 -3 -4 -5 5 -7 13 -9 -10 -11 -12 -13 -14 -15
leaf_value=-0.031575329134973601 0.046939105497757039 0.078862987882322239 0.071077664416653169 0.055241934477722826 -0.0077638590526888573 0.046431707941718976 0.044142049969080416 -0.057904283565776628 0.031640491061436349 -0.028136992643018707 -0.04089431198792972 0.031875253567641586 0.0065673429955875294 -0.020669450459573038
leaf_weight=38.443364016711712 83.545101471245289 2.4920708984136573 2.2133213132619849 2.5619095414876929 25.492282189428806 1.8430315256118763 1.7796816825866693 8.9252420961856824 1.8313402533531178 34.816171608865261 37.144545271992683 1.4341479986906041 3.9223321527242652 2.0360975414514542
leaf_count=444 723 10 10 23 141 7 11 101 10 248 432 13 19 10
internal_value=0.00097054 -0.022314 -0.0238662 -0.0251777 -0.0264844 -0.0161609 -0.0335348 -0.0353646 -0.0180174 -0.0195253 -0.0328792 -0.026082 -0.028044 0.00955867
internal_weight=248.481 164.936 162.443 160.23 157.668 63.9828 93.6854 89.8696 62.1398 60.3085 80.9444 43.7998 42.3657 3.81578
internal_count=2202 1479 1469 1459 1436 406 1030 1009 399 389 908 476 463 21
is_linear=0
shrinkage=0.05


Tree=38
num_leaves=15
num_cat=0
split_feature=233 81 241 229 232 125 231 159 234 62 14 219 241 244
split_gain=92.19 11.33 4.98713 4.14441 4.18838 1.88313 1.75461 1.82484 1.75979 2.51621 2.51168 1.75401 3.38689 2.55686
threshold=1.0000000180025095e-35 1.0000000180025095e-35 4.5000000000000009 1.0000000180025095e-35 1.0000000180025095e-35 1.0000000180025095e-35 1.5000000000000002 1.0000000180025095e-35 1.0000000180025095e-35 1.0000000180025095e-35 1.0000000180025095e-35 1.0000000180025095e-35 2.5000000000000004 1.0000000180025095e-35
decision_type=2 2 2 2 2 2 2 2 2 2 2 2 2 2
left_child=1 2 5 4 6 -1 7 8 9 -3 11 13 -13 -11
right_child=-2 3 -4 -5 -6 -7 -8 -9 -10 10 -12 12 -14 -15
leaf_value=-0.032592189680357604 0.045822536793647568 0.03366763133534556 -0.00065788039170909432 0.055075346398809615 0.067913357710057215 -0.057500619834145929 -0.03436109692294697 -0.020968065170062857 0.026063638823765636 0.0011350133224901852 0.018451314474231036 -0.067770827004281581 0.0020457076988993845 -0.038772455295027757
leaf_weight=74.689927347004414 80.014725029468536 3.8427254706621161 12.013063110411165 2.8100330159068099 1.8225200101733197 8.4460804834961873 6.1495519131422034 15.781455449759958 5.2277145460247985 16.868971362710006 6.8073250949382773 3.9414973631501189 3.1059560626745224 5.266770862042903
leaf_count=899 717 21 64 26 10 99 35 124 25 88 29 35 13 38
internal_value=0.00170326 -0.0194643 -0.0307714 -0.00444353 -0.00687398 -0.0351227 -0.00890857 -0.006336 -0.00121149 -0.00479108 -0.00889733 -0.0152767 -0.0370013 -0.0083602
internal_weight=246.788 166.774 95.1491 71.6245 68.8145 83.136 66.992 60.8424 45.061 39.8332 35.9905 29.1832 7.04745 22.1357
internal_count=2223 1506 1062 444 418 998 408 373 249 224 203 174 48 126
is_linear=0
shrinkage=0.05


Tree=39
num_leaves=15
num_cat=0
split_feature=233 207 66 86 234 241 241 198 227 62 225 216 241 94
split_gain=94.2406 11.3685 4.98905 5.10553 2.45291 2.16483 1.71107 3.53789 9.61488 1.82294 3.99709 2.8768 2.17436 1.84519
threshold=1.0000000180025095e-35 1.0000000180025095e-35 1.0000000180025095e-35 1.0000000180025095e-35 1.0000000180025095e-35 2.5000000000000004 1.5000000000000002 1.0000000180025095e-35 1.0000000180025095e-35 1.0000000180025095e-35 1.0000000180025095e-35 1.0000000180025095e-35 1.0000000180025095e-35 1.0000000180025095e-35
decision_type=2 2 2 2 2 2 2 2 2 2 2 2 2 2
left_child=1 2 3 5 -3 6 7 9 -9 11 -11 12 13 -1
right_child=-2 4 -4 -5 -6 -7 -8 8 -10 10 -12 -13 -14 -15
leaf_value=-0.0098289218490905661 0.045458357909760209 0.002563635023004517 0.071231562251262912 0.05463716298839625 0.058764394125360164 -0.014197354604212113 -0.058910205524411167 -0.055871985074214973 0.15604851559561905 -0.037218951458789493 0.063400329953361173 0.060232430909480307 -0.059042817130685557 -0.061343631898628709
leaf_weight=14.481266625225551 78.835974629968405 27.775647878646854 1.261628434062003 1.8127221539616574 2.087403491139411 18.775077857077122 5.8411309048533431 1.2981109023094171 0.91073341667652119 78.154921069741249 0.99963440746068855 1.076045162975787 3.5732196494936934 1.9753903150558478
leaf_count=151 732 137 6 18 8 113 66 17 8 891 6 9 38 20
internal_value=0.000713087 -0.0213309 -0.0277144 -0.0286828 0.00649202 -0.0298713 -0.0325883 -0.0310878 0.0315054 -0.0324668 -0.0359482 -0.0194103 -0.0236889 -0.0160125
internal_weight=238.859 160.023 130.16 128.898 29.8631 127.086 108.31 102.469 2.20884 100.26 79.1546 21.1059 20.0299 16.4567
internal_count=2220 1488 1343 1337 145 1319 1206 1140 25 1115 897 218 209 171
is_linear=0
shrinkage=0.05


Tree=40
num_leaves=15
num_cat=0
split_feature=233 207 86 248 128 204 225 78 137 166 231 161 62 137
split_gain=81.7133 9.23145 3.98453 2.96505 2.35832 3.2501 1.94357 1.9599 1.86429 3.81872 4.45479 3.52295 2.05657 1.64546
threshold=1.0000000180025095e-35 1.0000000180025095e-35 1.0000000180025095e-35 1.5000000000000002 1.0000000180025095e-35 1.0000000180025095e-35 1.0000000180025095e-35 1.0000000180025095e-35 1.0000000180025095e-35 1.0000000180025095e-35 1.0000000180025095e-35 1.0000000180025095e-35 1.0000000180025095e-35 1.0000000180025095e-35
decision_type=2 2 2 2 2 2 2 2 2 2 2 2 2 2
left_child=1 2 3 4 5 6 7 8 9 10 11 -1 -10 -3
right_child=-2 13 -4 -5 -6 -7 -8 -9 12 -11 -12 -13 -14 -15
leaf_value=0.074216291802194065 0.043705394496874356 0.043746109418044549 0.054293872953029079 0.028796532491104782 -0.071196253073027654 0.035203852062300693 0.020455874805337976 0.02736496126104623 -0.021938051011096957 0.045446227913756881 -0.052660469236644983 -0.013529272537174753 -0.037823638812417029 0.0016188380682307501
leaf_weight=1.3055320829153103 72.059865824878216 2.5541231930255917 1.5132145732641209 2.3104591891169539 3.1334161609411231 2.0471806377172461 2.0065759420394889 1.5129760652780522 29.612849213182926 2.2352975830435744 7.7162422016262999 9.2409349158406258 65.304414249956608 25.065212734043598
leaf_count=9 698 11 16 12 25 9 13 14 273 13 61 120 770 124
internal_value=-0.000310825 -0.0207006 -0.0263599 -0.0273253 -0.02837 -0.0272608 -0.028336 -0.0291733 -0.0299145 -0.0162399 -0.0237901 -0.00266737 -0.0328676 0.0055146
internal_weight=227.618 155.558 127.939 126.426 124.115 120.982 118.935 116.928 115.415 20.498 18.2627 10.5465 94.9173 27.6193
internal_count=2168 1470 1335 1319 1307 1282 1273 1260 1246 203 190 129 1043 135
is_linear=0
shrinkage=0.05


Tree=41
num_leaves=15
num_cat=0
split_feature=233 81 241 229 207 248 234 62 241 125 227 125 244 137
split_gain=77.6894 9.93809 5.34416 4.32418 4.12702 2.37204 2.74033 3.76055 2.75735 2.23947 2.19733 2.14716 1.83801 1.50724
threshold=1.0000000180025095e-35 1.0000000180025095e-35 5.5000000000000009 1.0000000180025095e-35 1.0000000180025095e-35 1.5000000000000002 1.0000000180025095e-35 1.0000000180025095e-35 3.5000000000000004 1.0000000180025095e-35 1.0000000180025095e-35 1.0000000180025095e-35 1.5000000000000002 1.0000000180025095e-35
decision_type=2 2 2 2 2 2 2 2 2 2 2 2 2 2
left_child=1 9 3 4 5 6 7 -3 -9 10 -1 -8 13 -12
right_child=-2 2 -4 -5 -6 -7 11 8 -10 -11 12 -13 -14 -15
leaf_value=-0.033890444741171109 0.043046232281861802 0.029961969634355573 0.083770668991952527 0.054421185684443908 0.0087791044648391908 0.040541468426672556 -0.040098672843947664 -0.026074815166986499 0.033206385162902134 -0.057389993623745042 0.022378462823224816 0.015658830674434132 0.046629500553642247 -0.022925085119398014
leaf_weight=55.65490648150444 72.515144124627113 4.8274713754653957 1.6343079656362522 2.6885526180267325 19.798003658652306 1.6365467235445965 17.710567690432075 17.256955131888393 2.2131018042564383 7.344183921813964 2.0232554078102174 1.9131428897380818 1.1312956362962712 19.831048294901848
leaf_count=736 725 26 7 28 81 8 148 140 9 94 14 9 6 187
internal_value=0.000300533 -0.0196124 -0.00557813 -0.00772414 -0.0102806 -0.0185634 -0.0207657 -0.0095418 -0.0193365 -0.0309852 -0.0285193 -0.0346628 -0.015514 -0.0187309
internal_weight=228.178 155.663 69.6786 68.0443 65.3558 45.5578 43.9212 24.2975 19.4701 85.9847 78.6405 19.6237 22.9856 21.8543
internal_count=2218 1493 456 449 421 340 332 175 149 1037 943 157 207 201
is_linear=0
shrinkage=0.05


Tree=42
num_leaves=15
num_cat=0
split_feature=233 81 241 232 204 245 130 207 125 126 222 242 54 71
split_gain=72.4572 8.48182 4.98925 3.90578 3.63418 3.55486 2.62963 1.79731 1.52537 1.61826 1.26315 1.71148 2.59822 10.2005
threshold=1.0000000180025095e-35 1.0000000180025095e-35 5.5000000000000009 1.0000000180025095e-35 1.0000000180025095e-35 1.0000000180025095e-35 1.0000000180025095e-35 1.0000000180025095e-35 1.0000000180025095e-35 1.0000000180025095e-35 1.0000000180025095e-35 1.0000000180025095e-35 1.0000000180025095e-35 1.0000000180025095e-35
decision_type=2 2 2 2 2 2 2 2 2 2 2 2 2 2
left_child=1 6 3 4 5 7 8 -3 9 -1 11 -2 13 -13
right_child=10 2 -4 -5 -6 -7 -8 -9 -10 -11 -12 12 -14 -15
leaf_value=-0.032288654149861137 0.046196810002440969 -0.021271274194305467 0.083819194718063733 0.066088524974991444 0.062658150898872583 0.054379318935510651 0.010050499448245095 -0.0021186395835661705 -0.056206990772745408 0.0051382573308504749 0.048898211944622211 0.024299816990135378 0.045408091723722573 -0.14054138056677434
leaf_weight=72.773961834609509 18.826696865260601 39.616188727319241 1.4812734127044667 1.6840749233961094 1.6253055930137623 1.8880221769213665 3.7462887540459624 17.731659814715385 6.408829227089881 3.007521077990531 29.816790103912354 10.661458551883696 9.1094087138772011 1.0290733128786094
leaf_count=914 189 310 6 10 6 20 20 73 88 30 318 108 97 11
internal_value=-0.00110011 -0.0206529 -0.00687666 -0.00902463 -0.0111031 -0.0131269 -0.0309168 -0.0153494 -0.0327842 -0.0308033 0.0411242 0.0352747 0.0253888 0.00978947
internal_weight=219.407 149.963 64.0265 62.5453 60.8612 59.2359 85.9366 57.3478 82.1903 75.7815 69.4434 39.6266 20.7999 11.6905
internal_count=2200 1477 425 419 409 403 1052 383 1032 944 723 405 216 119
is_linear=0
shrinkage=0.05


Tree=43
num_leaves=15
num_cat=0
split_feature=233 227 137 241 229 241 241 125 231 41 222 81 135 248
split_gain=60.8703 10.5808 5.92 4.33257 3.75071 2.74327 2.24862 1.9221 2.32909 1.74357 1.62788 1.34494 2.33498 2.27867
threshold=1.0000000180025095e-35 1.0000000180025095e-35 1.0000000180025095e-35 5.5000000000000009 1.0000000180025095e-35 1.0000000180025095e-35 3.5000000000000004 1.0000000180025095e-35 1.5000000000000002 1.0000000180025095e-35 1.0000000180025095e-35 1.0000000180025095e-35 1.0000000180025095e-35 1.0000000180025095e-35
decision_type=2 2 2 2 2 2 2 2 2 2 2 2 2 2
left_child=1 4 -3 5 6 -4 11 8 9 -7 -11 -1 13 -13
right_child=-2 2 3 -5 -6 7 -8 -9 -10 10 -12 12 -14 -15
leaf_value=-0.034210712683074122 0.041506424651573823 0.054675263806033297 -0.03093289367182709 0.077944968153134953 0.05370768964227271 0.0047460163672042597 0.010913154657462416 -0.049212655150003955 0.05782232187670952 0.00066073017537397695 -0.039126914593405643 -0.013239418600443108 0.035368728578457367 -0.044627717023617897
leaf_weight=57.868282236158848 66.076445281505585 4.6129696294665328 9.5966525003314 1.5541663020849217 1.4168173521757115 28.985801823437214 3.5111835077404967 2.0013728439807883 1.7255925685167302 5.1454853117465955 5.1376611590385437 16.046163886785514 1.7386109903454769 9.0393520444631559
leaf_count=812 710 24 115 6 17 173 17 20 13 35 26 133 11 78
internal_value=0.00158854 -0.0161876 0.000301797 -0.00433049 -0.026999 -0.00676182 -0.0282954 -0.00136685 0.000969002 -0.0015293 -0.019218 -0.0299209 -0.0206663 -0.0245499
internal_weight=214.457 148.38 58.7597 54.1467 89.6204 52.5926 88.2036 42.9959 40.9945 39.2689 10.2831 84.6924 26.8241 25.0855
internal_count=2190 1480 412 388 1068 382 1051 267 247 234 61 1034 222 211
is_linear=0
shrinkage=0.05


Tree=44
num_leaves=15
num_cat=0
split_feature=233 81 241 229 235 227 241 242 137 155 223 71 54 207
split_gain=61.8105 10.9079 4.48935 3.14561 2.43924 2.3516 2.08588 2.60209 2.22065 1.84623 1.56499 2.40369 8.55365 1.52568
threshold=1.0000000180025095e-35 1.0000000180025095e-35 5.5000000000000009 1.0000000180025095e-35 1.0000000180025095e-35 1.0000000180025095e-35 1.0000000180025095e-35 1.5000000000000002 1.0000000180025095e-35 1.0000000180025095e-35 1.0000000180025095e-35 1.0000000180025095e-35 1.0000000180025095e-35 1.0000000180025095e-35
decision_type=2 2 2 2 2 2 2 2 2 2 2 2 2 2
left_child=1 5 3 4 13 -1 -7 8 -8 -10 -2 -12 -13 -3
right_child=10 2 -4 -5 -6 6 7 -9 9 -11 11 12 -14 -15
leaf_value=-0.035738357126317309 0.044086904128466158 -0.014092183226881216 0.078097744620145071 0.053755583925724527 0.053219198276882901 -0.038908467423638786 0.048860868841053784 -0.071735195287353642 0.014792761527066399 -0.022552089949059273 0.036512827505365185 -0.12366173000106728 0.053852970116638303 0.002855050971870506
leaf_weight=58.460714619606733 52.21886046603322 43.116494722664356 1.6548061072826374 2.1818489581346503 1.6229210644960392 7.8937519565224674 1.881817623972897 1.4673113748431195 5.2115701511502257 9.0680194720625877 9.1889019012451154 1.1199829876422873 1.7219997420907021 19.191364966332912
leaf_count=831 582 329 7 26 7 111 7 9 54 58 102 11 20 80
internal_value=-0.000764566 -0.0181684 -0.00324521 -0.00528123 -0.00729606 -0.0302101 -0.0175474 -0.00798242 -0.00219424 -0.00892247 0.0403413 0.0240837 -0.0161029 -0.00887229
internal_weight=216 151.751 67.7674 66.1126 63.9308 83.9832 25.5225 17.6287 16.1614 14.2796 64.2497 12.0309 2.84198 62.3079
internal_count=2234 1519 449 442 416 1070 239 128 119 112 715 133 31 409
is_linear=0
shrinkage=0.05


Tree=45
num_leaves=15
num_cat=0
split_feature=233 207 66 86 241 137 243 248 241 198 227 81 222 161
split_gain=64.0555 10.6151 3.79171 3.3776 3.59827 1.77007 1.57574 1.55967 2.16814 3.69477 6.60457 1.72866 2.68412 2.17538
threshold=1.0000000180025095e-35 1.0000000180025095e-35 1.0000000180025095e-35 1.0000000180025095e-35 3.5000000000000004 1.0000000180025095e-35 1.5000000000000002 1.5000000000000002 1.5000000000000002 1.0000000180025095e-35 1.0000000180025095e-35 1.0000000180025095e-35 1.0000000180025095e-35 1.0000000180025095e-35
decision_type=2 2 2 2 2 2 2 2 2 2 2 2 2 2
left_child=1 2 3 4 6 -6 7 8 9 11 -11 -1 13 -13
right_child=-2 -3 -4 -5 5 -7 -8 -9 -10 10 -12 12 -14 -15
leaf_value=-0.032952518431889642 0.043298070107807812 0.01009484881170386 0.070121800733865577 0.053358982725293706 0.027882865720824768 -0.012343089434569902 -0.06085052875488986 0.027466409235212669 -0.058449132292174272 -0.054703755983552642 0.12680323847186722 -0.039377140862555601 0.0209319238639104 -0.0069317918458484222
leaf_weight=58.640845086425543 63.871641907840967 29.271744318306446 1.0689683631062497 1.3767362982034672 3.4150852560997018 13.727848865091801 3.777094852179288 1.2546240314841259 5.725736077874898 0.95717825740575713 1.0520398616790771 11.128481470048431 3.891769438982009 9.6425315663218498
leaf_count=869 733 145 5 18 14 95 40 6 71 15 9 92 29 82
internal_value=0.00158168 -0.0168029 -0.0236104 -0.0244848 -0.0254314 -0.00432958 -0.0291969 -0.0279014 -0.0286645 -0.0266655 0.0403345 -0.0282815 -0.0171751 -0.024315
internal_weight=208.802 144.931 115.659 114.59 113.213 17.1429 96.0703 92.2932 91.0386 85.3128 2.00922 83.3036 24.6628 20.771
internal_count=2223 1490 1345 1340 1322 109 1213 1173 1167 1096 24 1072 203 174
is_linear=0
shrinkage=0.05


Tree=46
num_leaves=15
num_cat=0
split_feature=233 81 241 229 232 137 152 216 128 236 219 201 242 223
split_gain=57.1992 7.51234 4.0781 3.1057 2.97216 2.28977 4.39779 1.67922 1.57022 1.22806 3.87977 1.65429 1.42473 1.59469
threshold=1.0000000180025095e-35 1.0000000180025095e-35 5.5000000000000009 1.0000000180025095e-35 1.0000000180025095e-35 1.0000000180025095e-35 1.0000000180025095e-35 1.0000000180025095e-35 1.0000000180025095e-35 1.0000000180025095e-35 1.0000000180025095e-35 1.0000000180025095e-35 1.5000000000000002 1.0000000180025095e-35
decision_type=2 2 2 2 2 2 2 2 2 2 2 2 2 2
left_child=1 4 3 8 5 6 -1 -7 9 12 -11 -12 13 -3
right_child=-2 2 -4 -5 -6 7 -8 -9 -10 10 11 -13 -14 -15
leaf_value=-0.023951928190711416 0.040096132351300023 -0.015691218393248559 0.077014070899942152 0.053611677173320417 0.070638798826949609 -0.035241219497639878 0.05077749557191405 0.013296005987019256 -0.051013115629259656 0.046564839938953606 -0.05642925681481005 -0.0014694108993953141 -0.00099020042746168465 -0.063685717629172564
leaf_weight=12.101159285753964 58.876244880259037 26.001528561115268 1.4557143300771702 2.0022514462470999 0.74418257176875968 61.778699081391096 2.3512872606515876 1.8348853066563595 2.2140370309352866 3.964240148663519 1.7940500453114507 5.7814494594931602 18.513757042586803 1.8541606664657582
leaf_count=165 703 185 7 25 3 869 9 20 16 15 17 25 130 17
internal_value=-0.00135628 -0.0184961 -0.00570986 -0.00764824 -0.0288116 -0.0297596 -0.0117941 -0.0338412 -0.00968834 -0.00810838 0.00648732 -0.0144851 -0.0117407 -0.0188859
internal_weight=201.268 142.391 63.5812 62.1255 78.8102 78.066 14.4524 63.6136 60.1232 57.9092 11.5397 7.5755 46.3694 27.8557
internal_count=2206 1503 437 430 1066 1063 174 889 405 389 57 42 332 202
is_linear=0
shrinkage=0.05


Tree=47
num_leaves=15
num_cat=0
split_feature=233 201 81 130 232 86 126 125 41 159 241 130 0 231
split_gain=45.1396 9.37608 4.17104 3.40704 2.89122 2.39844 1.81311 1.45713 1.41561 1.31849 1.65216 3.5329 1.31366 1.3001
threshold=1.0000000180025095e-35 1.0000000180025095e-35 1.0000000180025095e-35 1.0000000180025095e-35 1.0000000180025095e-35 1.0000000180025095e-35 1.0000000180025095e-35 1.0000000180025095e-35 1.0000000180025095e-35 1.0000000180025095e-35 3.5000000000000004 1.0000000180025095e-35 1.0000000180025095e-35 1.5000000000000002
decision_type=2 2 2 2 2 2 2 2 2 2 2 2 2 2
left_child=1 2 3 6 5 9 7 -1 -3 10 11 13 -11 -4
right_child=-2 8 4 -5 -6 -7 -8 -9 -10 12 -12 -13 -14 -15
leaf_value=-0.029000802225406869 0.037877469921468676 0.017770182741142112 0.0025978842687071247 0.039190819052062134 0.067073233514810635 0.052995744568988395 0.009373728740627963 -0.0553448975063833 -0.011821644597036562 -0.031156792652862961 0.021998055456837362 -0.059505456569156824 0.019428774683201089 -0.031587223299916853
leaf_weight=58.029045902192593 61.225228123366833 22.565118156373504 15.873531267046937 1.8476486429572094 1.2496713921427716 1.4522660970687855 2.8505769819021216 5.7709445506334296 4.9232621043920508 11.517786063253876 4.3777406066656104 3.283584162592887 1.4443664252758033 3.3721164166927329
leaf_count=869 755 108 121 12 7 21 30 91 24 110 18 37 8 20
internal_value=0.00212387 -0.0136748 -0.0201453 -0.0277839 -0.00785461 -0.0101206 -0.0296406 -0.0313837 0.0124702 -0.0124197 -0.00610874 -0.0115703 -0.0255201 -0.00339184
internal_weight=199.783 138.558 111.069 68.4982 42.5711 41.3214 66.6506 63.8 27.4884 39.8691 26.907 22.5292 12.9622 19.2456
internal_count=2231 1476 1344 1002 342 335 990 960 132 314 196 178 118 141
is_linear=0
shrinkage=0.05


Tree=48
num_leaves=15
num_cat=0
split_feature=231 55 231 196 248 54 155 242 47 216 53 52 33 58
split_gain=19.5539 9.31841 6.15535 5.75811 5.16767 3.93128 3.92135 3.06822 2.61958 2.41731 2.13634 2.21179 2.24455 2.18735
threshold=1.5000000000000002 1.0000000180025095e-35 1.0000000180025095e-35 1.0000000180025095e-35 1.5000000000000002 1.0000000180025095e-35 1.0000000180025095e-35 1.0000000180025095e-35 1.0000000180025095e-35 1.0000000180025095e-35 1.0000000180025095e-35 1.0000000180025095e-35 1.0000000180025095e-35 1.0000000180025095e-35
decision_type=2 2 2 2 2 2 2 2 2 2 2 2 2 2
left_child=1 2 3 -1 5 8 -2 -5 9 10 11 12 13 -4
right_child=6 -3 4 7 -6 -7 -8 -9 -10 -11 -12 -13 -14 -15
leaf_value=-0.027624405753533005 0.0091428829791853176 0.053340474498963487 -0.011286197493634416 0.031128231250539456 0.1044148975936055 0.038800783043731087 0.042502774185000973 -0.0395489448769379 0.040594826153704473 -0.060865522615879991 0.054617503433831198 0.031414775091661171 0.053163099656296356 0.054414671142813488
leaf_weight=53.146697498857975 12.834221318364142 6.1595219597220412 64.174419678747654 7.0162432901561242 1.155461236834525 5.4939606301486483 28.086916424334049 1.9657981246709821 3.0294134095311156 2.0143126770853987 1.4560753628611554 3.6351923197507849 1.4378882497549046 1.2923348322510708
leaf_count=868 137 82 488 40 6 69 358 12 35 18 15 44 20 14
internal_value=0.00136122 -0.0068993 -0.0094439 -0.0213667 -0.000592682 -0.00206278 0.03204 0.0156599 -0.0049769 -0.00684226 -0.00533078 -0.00656823 -0.008632 -0.00998924
internal_weight=192.898 151.977 145.818 62.1287 83.6891 82.5336 40.9211 8.98204 77.0396 74.0102 71.9959 70.5398 66.9046 65.4668
internal_count=2206 1711 1629 920 709 703 495 52 634 599 581 566 522 502
is_linear=0
shrinkage=0.05


Tree=49
num_leaves=15
num_cat=0
split_feature=233 207 66 86 241 244 136 198 220 16 249 220 62 94
split_gain=45.8476 6.11957 2.60596 2.58437 2.53926 3.70176 3.40209 3.37244 1.70027 1.58374 1.66137 2.1746 1.51313 2.40471
threshold=1.0000000180025095e-35 1.0000000180025095e-35 1.0000000180025095e-35 1.0000000180025095e-35 3.5000000000000004 1.0000000180025095e-35 1.0000000180025095e-35 1.0000000180025095e-35 1.0000000180025095e-35 1.0000000180025095e-35 1.0000000180025095e-35 1.0000000180025095e-35 1.0000000180025095e-35 1.0000000180025095e-35
decision_type=2 2 2 2 2 2 2 2 2 2 2 2 2 2
left_child=1 2 3 4 5 6 7 12 -7 10 -6 -12 13 -1
right_child=-2 -3 -4 -5 9 8 -8 -9 -10 -11 11 -13 -14 -15
leaf_value=0.0040876648600918367 0.039446452993124 0.0065065039729819158 0.066614997698978426 0.052826575795290431 0.010617129980543982 -0.030181005437588261 0.083801350433258981 0.049887940658775373 -0.054568239695061561 0.032478274831435568 -0.054100262037013659 -0.0017651730307750861 -0.025403126082529589 -0.060924650708382516
leaf_weight=10.590390127152201 54.89067018777132 27.207667618989944 0.86132566630840202 1.1819430142641056 5.6644857451319703 35.341601714491844 0.85744559019803901 1.8227334916591633 8.9588983319699746 2.5922032073140135 3.5352503657341003 4.5260444581508636 31.077599979937077 1.6430396288633353
leaf_count=139 723 137 5 18 35 525 5 22 88 13 23 34 432 19
internal_value=0.000881562 -0.0146995 -0.0200097 -0.0207019 -0.021517 -0.0247975 -0.0148614 -0.0167358 -0.0351128 -0.00336539 -0.0101347 -0.0247165 -0.0195396 -0.00464397
internal_weight=190.751 135.861 108.653 107.792 106.61 90.2917 45.9912 45.1338 44.3005 16.318 13.7258 8.06129 43.311 12.2334
internal_count=2218 1495 1358 1353 1335 1230 617 612 613 105 92 57 590 158
is_linear=0
shrinkage=0.05


Tree=50
num_leaves=15
num_cat=0
split_feature=233 81 241 134 232 161 221 63 244 198 137 0 135 243
split_gain=42.2623 6.43092 3.25426 2.62555 2.34993 1.93564 2.16025 1.70084 1.64771 2.13905 2.36608 1.44145 1.48518 1.44528
threshold=1.0000000180025095e-35 1.0000000180025095e-35 4.5000000000000009 1.0000000180025095e-35 1.0000000180025095e-35 1.0000000180025095e-35 1.0000000180025095e-35 1.0000000180025095e-35 1.0000000180025095e-35 1.0000000180025095e-35 1.0000000180025095e-35 1.0000000180025095e-35 1.0000000180025095e-35 1.5000000000000002
decision_type=2 2 2 2 2 2 2 2 2 2 2 2 2 2
left_child=1 2 8 4 5 11 -7 -4 9 10 -1 12 13 -3
right_child=-2 3 7 -5 -6 6 -8 -9 -10 -11 -12 -13 -14 -15
leaf_value=-0.0019869361819739701 0.03950816016635092 -0.023985375637482643 -0.014184779540794879 -0.063061346407360289 0.062737603910840614 0.008835293849448745 -0.050274567246065063 0.028269604910373849 -0.037499885086404214 0.041086863444762117 -0.031428386549458988 0.022514653292203205 0.034416906884806538 0.030020977864960642
leaf_weight=9.4014593623578531 52.57687696069479 18.281331010162841 5.777596637606619 1.6896366849541653 1.462654873728751 33.101970579475164 1.6214041933417309 3.9872835576534271 25.956836137920618 1.3378636799752701 24.893582630902529 2.6136522814631453 1.3225513622164715 1.3288493305444706
leaf_count=131 714 155 29 15 10 205 9 24 444 17 392 13 9 13
internal_value=0.00156706 -0.0134568 -0.0236662 -0.00159657 0.000142068 -0.00142917 0.00607517 0.00315058 -0.0279179 -0.0209379 -0.0233575 -0.0124957 -0.016867 -0.0203257
internal_weight=185.354 132.777 71.3546 61.4221 59.7324 58.2698 34.7234 9.76488 61.5897 35.6329 34.295 23.5464 20.9327 19.6102
internal_count=2180 1466 1037 429 414 404 214 53 984 540 523 190 177 168
is_linear=0
shrinkage=0.05


Tree=51
num_leaves=15
num_cat=0
split_feature=233 241 81 229 125 207 242 194 216 242 127 128 227 241
split_gain=40.4683 4.98422 3.97093 2.64743 2.56694 2.27092 2.9362 1.83403 1.81993 1.80542 1.71075 1.61228 1.56142 2.44282
threshold=1.0000000180025095e-35 5.5000000000000009 1.0000000180025095e-35 1.0000000180025095e-35 1.0000000180025095e-35 1.0000000180025095e-35 2.5000000000000004 1.0000000180025095e-35 1.0000000180025095e-35 1.0000000180025095e-35 1.0000000180025095e-35 1.0000000180025095e-35 1.0000000180025095e-35 3.5000000000000004
decision_type=2 2 2 2 2 2 2 2 2 2 2 2 2 2
left_child=1 2 4 5 -1 10 7 9 -2 -7 11 12 13 -4
right_child=8 -3 3 -5 -6 6 -8 -9 -10 -11 -12 -13 -14 -15
leaf_value=-0.0207112015924957 0.039883633479156605 0.080642807148445142 -0.013445379891770408 0.052998380085363408 -0.055084920918064773 0.039021938944964217 0.058584608993613507 -0.021988714232529322 -0.01045990643647017 -0.0032969348473347012 0.020741849556596133 -0.063006160688160118 -0.032458327524685859 0.044879759189021512
leaf_weight=63.773391902446747 48.825280863791704 1.3633851036429394 23.215540274977688 1.8300579078495491 5.9369013980031005 3.8189919739961677 2.3156221583485594 6.6818019747734061 1.8637016601860512 7.4111524224281311 3.0954497829079619 1.8846786990761746 9.8030228614807111 1.9456861093640316
leaf_count=933 692 7 210 27 101 14 10 29 24 32 19 16 79 8
internal_value=1.46429e-05 -0.0144665 -0.015451 -0.00624552 -0.0236387 -0.00804735 0.00560255 -0.00124687 0.0380326 0.0110943 -0.0149596 -0.0179586 -0.0155304 -0.00893517
internal_weight=183.765 133.076 131.712 62.002 69.7103 60.1719 20.2276 17.9119 50.689 11.2301 39.9444 36.8489 34.9642 25.1612
internal_count=2201 1485 1478 444 1034 417 85 75 716 46 332 313 297 218
is_linear=0
shrinkage=0.05


Tree=52
num_leaves=15
num_cat=0
split_feature=233 232 201 204 86 233 71 234 126 161 159 161 155 244
split_gain=38.8313 5.6396 4.73368 3.33936 2.8303 1.94965 21.148 1.92487 1.16722 1.92143 1.23186 1.06384 1.36288 0.997404
threshold=1.0000000180025095e-35 1.0000000180025095e-35 1.0000000180025095e-35 1.0000000180025095e-35 1.0000000180025095e-35 1.5000000000000002 1.0000000180025095e-35 1.5000000000000002 1.0000000180025095e-35 1.0000000180025095e-35 1.0000000180025095e-35 1.0000000180025095e-35 1.0000000180025095e-35 1.5000000000000002
decision_type=2 2 2 2 2 2 2 2 2 2 2 2 2 2
left_child=1 2 3 4 7 6 -2 8 13 10 -10 -4 -13 -1
right_child=5 -3 11 -5 -6 -7 -8 -9 9 -11 -12 12 -14 -15
leaf_value=-0.028957291652377471 0.03594358703085522 0.065327841263838241 -0.025067922257751597 0.032452011703782362 0.05251069221989562 0.052754921928255372 -0.20638790309533783 0.055622926330061155 -0.058102875163901814 0.036011373394320013 0.015326738786005434 0.024756279166102839 -0.0027275836861594418 -0.011478010183828378
leaf_weight=83.055216692388058 35.386999294161797 2.0580779165029517 3.4218796715140369 2.6435385793447486 1.1789646297693241 12.380472261458634 0.92380955442786117 0.72705024480819602 1.5201469063758843 1.9583387970924375 0.91491840407252301 6.2270569950342205 16.364866711199284 9.0507562793791276
leaf_count=1172 509 12 19 13 20 194 11 4 18 15 12 31 79 90
internal_value=-0.00242945 -0.016778 -0.0181079 -0.0230045 -0.0244943 0.0356204 0.0297783 -0.025428 -0.0260387 -0.000860317 -0.0305134 0.0009127 0.00484785 -0.0272397
internal_weight=177.812 129.121 127.063 101.049 98.4054 48.6913 36.3108 97.2264 96.4994 4.3934 2.43507 26.0138 22.5919 92.106
internal_count=2199 1485 1473 1344 1331 714 520 1311 1307 45 30 129 110 1262
is_linear=0
shrinkage=0.05


Tree=53
num_leaves=15
num_cat=0
split_feature=233 241 232 81 227 242 137 229 63 233 222 242 227 163
split_gain=30.9302 6.60175 4.80749 3.66379 2.60081 2.62404 2.70648 2.36117 1.97908 1.69424 1.80461 2.32784 2.65497 3.69587
threshold=1.0000000180025095e-35 5.5000000000000009 1.0000000180025095e-35 1.0000000180025095e-35 1.0000000180025095e-35 1.5000000000000002 1.0000000180025095e-35 1.0000000180025095e-35 1.0000000180025095e-35 1.5000000000000002 1.0000000180025095e-35 1.0000000180025095e-35 1.0000000180025095e-35 1.0000000180025095e-35
decision_type=2 2 2 2 2 2 2 2 2 2 2 2 2 2
left_child=1 2 3 4 8 6 -6 -5 -1 10 11 -2 -13 -14
right_child=9 -3 -4 7 5 -7 -8 -9 -10 -11 -12 12 13 -15
leaf_value=-0.033937431407543232 0.037868294790983317 0.082150564345430888 0.063784905587445692 -0.0069070005495362428 0.065800545768106386 -0.068787516043179661 -0.0077971648415450755 0.052819580756212028 -0.0068198689662816144 0.052632421012646251 0.044291415016539298 0.016847585388693236 -0.11925854350086736 0.015858330933870065
leaf_weight=37.457860328257084 10.644808884710075 1.8435659408569325 1.9980632588267315 55.686312239617109 1.341849073767668 1.6285800859332074 18.083295531570911 1.7054284252226342 8.2014178968965989 11.247441582381724 14.06686446815729 8.812931187450884 0.93980636075138968 1.0966835729777813
leaf_count=668 156 9 12 393 9 13 210 27 134 184 213 123 14 17
internal_value=0.000940604 -0.0117826 -0.0131558 -0.0143945 -0.0223627 -0.00782427 -0.00271319 -0.00513219 -0.0290665 0.0357181 0.0303683 0.0212564 0.00495771 -0.0464959
internal_weight=174.755 127.946 126.103 124.105 66.713 21.0537 19.4251 57.3917 45.6593 46.8085 35.5611 21.4942 10.8494 2.03649
internal_count=2182 1475 1466 1454 1034 232 219 420 802 707 523 310 154 31
is_linear=0
shrinkage=0.05


Tree=54
num_leaves=15
num_cat=0
split_feature=231 54 71 55 231 227 241 225 136 230 137 241 90 229
split_gain=13.9421 7.0826 9.69403 6.45539 2.85423 2.67095 2.49986 2.15697 2.04688 1.74329 1.9901 1.57049 1.80727 1.47607
threshold=1.0000000180025095e-35 1.0000000180025095e-35 1.0000000180025095e-35 1.0000000180025095e-35 1.5000000000000002 1.0000000180025095e-35 2.5000000000000004 1.0000000180025095e-35 1.0000000180025095e-35 1.5000000000000002 1.0000000180025095e-35 5.5000000000000009 1.0000000180025095e-35 1.0000000180025095e-35
decision_type=2 2 2 2 2 2 2 2 2 2 2 2 2 2
left_child=5 2 3 4 7 -1 13 8 11 10 -7 12 -2 -6
right_child=1 -3 -4 -5 6 9 -8 -9 -10 -11 -12 -13 -14 -15
leaf_value=-0.029218482884733488 -0.0022022484745091646 0.038496267415014732 -0.11714526320548234 0.052677315767767324 -0.0016746602059970221 0.04533490930923622 0.042802830497326347 0.057519216011236066 -0.068861783727573955 -0.066555980455518041 -0.0080488413954226245 0.04983275547469939 -0.061939765381319345 0.052646274448835476
leaf_weight=37.081698004156351 67.836223460733891 17.277612797915936 1.6289415359497059 6.8439151756465426 9.9014887660741806 1.9741062670946163 7.2371983826160422 1.4861924126744259 1.1723817139863957 1.1094412505626667 15.095914043486118 1.4183741435408581 1.2901831604540337 1.431368317455054
leaf_count=717 598 288 18 111 104 11 103 11 10 10 180 7 12 24
internal_value=-0.00080924 0.00893006 0.00383427 0.00583259 0.00233919 -0.0215218 0.0198463 -0.00210198 -0.00333751 -0.00582243 -0.00187514 -0.00224856 -0.0033172 0.00518621
internal_weight=172.785 117.524 100.246 98.6173 91.7734 55.2612 18.5701 73.2034 71.7172 18.1795 17.07 70.5448 69.1264 11.3329
internal_count=2204 1286 998 980 869 918 231 638 627 201 191 617 610 128
is_linear=0
shrinkage=0.05


Tree=55
num_leaves=15
num_cat=0
split_feature=233 241 231 130 241 248 137 62 244 94 207 71 233 248
split_gain=27.9629 4.38164 2.96892 3.14474 2.71551 2.49887 2.29335 3.0707 2.08958 1.8807 1.84248 5.95549 26.6434 1.55203
threshold=1.0000000180025095e-35 2.5000000000000004 1.0000000180025095e-35 1.0000000180025095e-35 5.5000000000000009 1.5000000000000002 1.0000000180025095e-35 1.0000000180025095e-35 1.0000000180025095e-35 1.0000000180025095e-35 1.0000000180025095e-35 1.0000000180025095e-35 1.5000000000000002 1.0000000180025095e-35
decision_type=2 2 2 2 2 2 2 2 2 2 2 2 2 2
left_child=1 2 6 5 -3 9 8 13 -1 -4 11 -2 -13 -8
right_child=10 4 3 -5 -6 -7 7 -9 -10 -11 -12 12 -14 -15
leaf_value=0.010556895804909566 0.034071046921635484 -0.00085581730083764259 -0.0066858104196411069 -0.05926343614267833 0.063030041988672444 0.066449005161902427 0.0043005766914916569 -0.040432239910283857 -0.053693739608327809 -0.060218216525435568 0.047124716877487455 -0.28637155224538718 0.038331393098399613 -0.05462799015462802
leaf_weight=6.0400705784559241 25.83264080807567 31.379417240619659 43.356338575482368 3.0529179796576491 1.7564496174454678 1.1336903423070896 6.6861323639750463 29.448956049978733 1.6008328720927236 1.705215536057948 15.073864206671713 0.81360706686973516 2.826714564114809 1.3415381684899328
leaf_count=106 396 182 380 37 9 5 115 590 31 21 261 7 47 22
internal_value=-0.00119647 -0.0131113 -0.0186038 -0.0101151 0.00253061 -0.00686704 -0.0278696 -0.0329597 -0.00290415 -0.00871158 0.0329059 0.0256338 -0.0342393 -0.00554723
internal_weight=172.048 127.502 94.3657 49.2482 33.1359 46.1952 45.1175 37.4766 7.6409 45.0616 44.5468 29.473 3.64032 8.02767
internal_count=2209 1498 1307 443 191 406 864 727 137 401 711 450 54 137
is_linear=0
shrinkage=0.05


Tree=56
num_leaves=15
num_cat=0
split_feature=233 207 232 241 244 234 78 220 137 227 222 242 236 54
split_gain=29.2251 4.49755 2.61378 2.12905 3.19717 2.12247 2.05903 2.31386 5.90794 2.87647 1.84697 2.82833 2.17577 2.56338
threshold=1.0000000180025095e-35 1.0000000180025095e-35 1.0000000180025095e-35 2.5000000000000004 1.0000000180025095e-35 1.0000000180025095e-35 1.0000000180025095e-35 1.0000000180025095e-35 1.0000000180025095e-35 1.0000000180025095e-35 1.0000000180025095e-35 1.0000000180025095e-35 1.0000000180025095e-35 1.0000000180025095e-35
decision_type=2 2 2 2 2 2 2 2 2 2 2 2 2 2
left_child=1 2 3 4 6 -3 7 9 -9 -1 11 -2 13 -13
right_child=10 5 -4 -5 -6 -7 -8 8 -10 -11 -12 12 -14 -15
leaf_value=-0.028538164797048099 0.042549118163086333 -0.00062348413718962001 0.063658894149140707 -0.0042123376396824798 -0.034763011269579036 0.053257388275153889 0.049384091280965978 0.12132466902975046 -0.015407561018095617 0.0046741489601788734 0.045640226321458137 -0.0223047958173248 0.041906457017187315 0.030312752030039525
leaf_weight=27.033724147826433 11.831229917705061 25.852569062262777 0.93173202499747176 16.535262688994408 36.411600410938263 1.9667794331908215 1.2269265577197064 1.0514541491866101 3.1772488877177238 8.5911081694066507 17.801813121885061 6.3089390285313112 3.6984399594366542 3.6560539491474628
leaf_count=434 190 136 6 113 600 9 14 7 33 127 313 88 59 63
internal_value=-0.00203908 -0.0144946 -0.0196743 -0.0205 -0.0239755 0.0031858 -0.014414 -0.016378 0.0185905 -0.0205288 0.0332817 0.0246523 0.00915538 -0.00299996
internal_weight=166.075 122.778 94.9591 94.0273 77.4921 27.8193 41.0805 39.8535 4.2287 35.6248 43.2965 25.4947 13.6634 9.96499
internal_count=2192 1479 1334 1328 1215 145 615 601 40 561 713 400 210 151
is_linear=0
shrinkage=0.05


Tree=57
num_leaves=15
num_cat=0
split_feature=233 207 231 130 86 161 225 78 241 216 94 241 234 243
split_gain=24.4594 6.83749 2.12267 1.7316 1.66396 1.59325 1.53964 2.32961 1.52731 1.29674 1.33575 1.39094 1.60003 2.28707
threshold=1.0000000180025095e-35 1.0000000180025095e-35 1.0000000180025095e-35 1.0000000180025095e-35 1.0000000180025095e-35 1.0000000180025095e-35 1.0000000180025095e-35 1.0000000180025095e-35 1.5000000000000002 1.0000000180025095e-35 1.0000000180025095e-35 1.0000000180025095e-35 1.0000000180025095e-35 1.0000000180025095e-35
decision_type=2 2 2 2 2 2 2 2 2 2 2 2 2 2
left_child=1 2 3 -1 6 -3 7 9 -7 10 11 12 13 -4
right_child=-2 5 4 -5 -6 8 -8 -9 -10 -11 -12 -13 -14 -15
leaf_value=-0.027500561080172698 0.032601036315596348 -0.01597223185997235 -0.013259086063008997 0.029338716548282434 0.052281920500912286 0.038829355830622796 0.035778948809085755 0.056491107960050552 0.0083100929358585866 -0.061546682123629404 -0.059638051249899786 -0.020265513986740934 -0.05935313567905838 0.026897514957510402
leaf_weight=45.421996220946312 41.931017972528934 4.9271980077028301 8.4931877516210026 1.3806870728731144 1.027556974440812 5.3272342383861568 1.6183382123708714 1.1432358473539341 17.785796988755465 1.4971700720489014 1.5504753962159146 22.482697851955891 1.087906617671252 6.0868847519159326
leaf_count=879 709 30 86 10 19 24 12 12 87 16 20 207 11 48
internal_value=-0.00026682 -0.0117679 -0.0183692 -0.0258238 -0.0106138 0.00984144 -0.012084 -0.0139134 0.0153444 -0.0158671 -0.0141445 -0.0122956 -0.000859109 0.00350548
internal_weight=161.761 119.83 91.7901 46.8027 44.9875 28.0402 43.9599 42.3416 23.113 41.1983 39.7012 38.1507 15.668 14.5801
internal_count=2170 1461 1320 889 431 141 412 400 111 388 372 352 145 134
is_linear=0
shrinkage=0.05


Tree=58
num_leaves=15
num_cat=0
split_feature=231 71 55 241 231 241 137 231 125 244 63 159 159 81
split_gain=12.7274 10.1366 6.09151 4.02842 3.83109 7.63301 3.18844 2.3821 2.2248 2.13656 2.06563 2.06507 1.77837 2.03975
threshold=1.5000000000000002 1.0000000180025095e-35 1.0000000180025095e-35 3.5000000000000004 1.0000000180025095e-35 4.5000000000000009 1.0000000180025095e-35 2.5000000000000004 1.0000000180025095e-35 1.0000000180025095e-35 1.0000000180025095e-35 1.0000000180025095e-35 1.0000000180025095e-35 1.0000000180025095e-35
decision_type=2 2 2 2 2 2 2 2 2 2 2 2 2 2
left_child=1 2 4 7 5 6 9 8 -2 -1 -8 -12 -6 -14
right_child=3 -3 -4 -5 12 -7 10 -9 -10 -11 11 -13 13 -15
leaf_value=0.013783270960139218 0.017128940132214932 -0.18361843261433619 0.052226181165606733 0.04545550656755809 0.0028077308479817409 0.02663124888852917 -0.039579275684677985 0.054996989807835996 -0.02548362721251601 -0.053504992638650828 -0.021861191627296481 0.048439322987539876 -0.063143209263833044 -0.0091442920838136401
leaf_weight=6.5270050764083853 8.3037150166928786 0.80993276834487815 4.3160339072346678 16.178846986964345 60.427384059876204 7.8497512862086287 28.017379939556122 2.4619379267096511 4.8533705361187449 1.4399833790957925 6.0836104676127425 1.2611767351627348 2.023760870099065 12.872912220656872
leaf_count=110 120 6 83 291 553 44 601 35 50 30 111 19 26 132
internal_value=-0.000419895 -0.00727797 -0.0061862 0.0279695 -0.00817912 -0.0187352 -0.026954 0.00985667 0.00141007 0.00162134 -0.033392 -0.00978986 -0.0010068 -0.0164802
internal_weight=163.427 131.629 130.819 31.7979 126.503 51.1789 43.3292 15.619 13.1571 7.96699 35.3622 7.34479 75.3241 14.8967
internal_count=2211 1715 1709 496 1626 915 871 205 170 140 731 130 711 158
is_linear=0
shrinkage=0.05


Tree=59
num_leaves=15
num_cat=0
split_feature=233 81 125 225 159 241 16 62 241 207 194 236 216 161
split_gain=21.0792 4.48641 3.12676 2.78269 1.96169 2.52248 2.87844 1.98677 1.8834 1.87846 1.378 1.77893 1.35958 3.00761
threshold=1.0000000180025095e-35 1.0000000180025095e-35 1.0000000180025095e-35 1.0000000180025095e-35 1.0000000180025095e-35 2.5000000000000004 1.0000000180025095e-35 1.0000000180025095e-35 3.5000000000000004 1.0000000180025095e-35 1.0000000180025095e-35 1.0000000180025095e-35 1.0000000180025095e-35 1.0000000180025095e-35
decision_type=2 2 2 2 2 2 2 2 2 2 2 2 2 2
left_child=1 2 8 4 5 6 7 -3 -1 -9 11 -7 -2 -14
right_child=12 3 -4 -5 -6 10 -8 9 -10 -11 -12 -13 13 -15
leaf_value=-0.019434979072959283 0.034612236725799987 0.031288809666563687 -0.055467532812294676 0.066928625833636804 -0.018391203102295774 0.01639142581775558 -0.049606234255379737 -0.017913448013812557 0.0044268321054866337 0.012506602930832332 0.0076896511280061062 0.070562066062703724 -0.078340205010469871 0.052634729576617412
leaf_weight=46.300315983593464 38.402950923889875 4.4506136886775556 5.2640495002269736 1.5479448586702336 12.608231514692305 3.70007502287626 3.1665953062474719 12.423696808516979 10.067527130246161 8.5793155133724213 8.5168088413774967 2.5669853761792183 0.84474330022930988 0.91101095080375671
leaf_count=881 691 32 105 7 132 20 39 112 55 37 39 11 9 15
internal_value=0.00131556 -0.00924012 -0.0186147 0.000797638 -0.00102994 0.00401324 -0.00464992 0.00094294 -0.0151732 -0.00548746 0.0207843 0.0385797 0.0326451 -0.010381
internal_weight=159.351 119.192 61.6319 57.5603 56.0123 43.4041 28.6202 25.4536 56.3678 21.003 14.7839 6.26706 40.1587 1.75575
internal_count=2185 1470 1041 429 422 290 220 181 936 149 70 31 715 24
is_linear=0
shrinkage=0.05


Tree=60
num_leaves=15
num_cat=0
split_feature=233 227 216 220 231 236 225 78 86 231 152 159 161 196
split_gain=22.7737 4.53867 3.19743 3.27393 3.01351 2.05346 1.73613 2.28884 1.8965 1.22576 2.85072 1.3799 1.26754 1.1231
threshold=1.0000000180025095e-35 1.0000000180025095e-35 1.0000000180025095e-35 1.0000000180025095e-35 1.0000000180025095e-35 1.0000000180025095e-35 1.0000000180025095e-35 1.0000000180025095e-35 1.0000000180025095e-35 1.0000000180025095e-35 1.0000000180025095e-35 1.0000000180025095e-35 1.0000000180025095e-35 1.0000000180025095e-35
decision_type=2 2 2 2 2 2 2 2 2 2 2 2 2 2
left_child=1 4 3 9 -1 -5 7 8 13 10 12 -11 -3 -6
right_child=-2 2 -4 5 6 -7 -8 -9 -10 11 -12 -13 -14 -15
leaf_value=-0.032903690288260901 0.03092593045386377 -0.013394555527032498 0.077120069064145466 -0.040597739829842758 -0.022834916038494413 0.0073758170535485673 0.04076673325569885 0.055137758568484456 0.052158992642129455 0.014436493598998441 0.012942931500561836 -0.028269679287242562 -0.054967881322176532 0.0035282861227962474
leaf_weight=31.929468009620905 38.941848233342171 4.7683763727545712 1.2455639168620098 8.253703407943247 25.731237459927804 3.0566819086670867 1.5160251632332791 1.1557879224419583 0.97454711422324081 20.425739623606209 8.1795963943004608 2.0845406241714945 2.9788442142307758 4.7922060824930659
leaf_count=713 712 82 10 67 281 17 11 12 19 110 45 19 51 29
internal_value=-0.00219733 -0.0132133 -0.00200566 -0.00398678 -0.0218595 -0.0276327 -0.0115394 -0.0139679 -0.0165036 0.00297118 -0.00764391 0.0104817 -0.0293797 -0.0186959
internal_weight=156.034 117.092 50.993 49.7475 66.0993 11.3104 34.1698 32.6538 31.498 38.4371 15.9268 22.5103 7.74722 30.5234
internal_count=2178 1466 401 391 1065 84 352 341 329 307 178 129 133 310
is_linear=0
shrinkage=0.05


Tree=61
num_leaves=15
num_cat=0
split_feature=233 81 137 161 227 222 219 231 163 204 229 223 220 155
split_gain=15.1845 6.35875 1.56905 1.77645 2.05813 1.55748 3.12912 4.0099 4.04274 1.68079 1.47576 1.41141 1.36685 1.35641
threshold=1.0000000180025095e-35 1.0000000180025095e-35 1.0000000180025095e-35 1.0000000180025095e-35 1.0000000180025095e-35 1.0000000180025095e-35 1.0000000180025095e-35 1.5000000000000002 1.0000000180025095e-35 1.0000000180025095e-35 1.0000000180025095e-35 1.0000000180025095e-35 1.0000000180025095e-35 1.0000000180025095e-35
decision_type=2 2 2 2 2 2 2 2 2 2 2 2 2 2
left_child=1 2 3 -1 -5 6 11 8 -8 -9 -3 -2 -4 -13
right_child=5 10 12 4 -6 -7 7 9 -10 -11 -12 13 -14 -15
leaf_value=0.067969689863511526 0.04215360350399644 0.0039392101242570476 -0.020237934816473291 -0.016589837280503488 0.046649530811437967 0.041706545648155097 -0.12840093553855969 0.039663095245559665 -0.0020834587952715581 -0.037694279471596884 0.05248161000903221 0.035226697949023687 -0.062697709648440555 -0.020583887648251295
leaf_weight=0.86242527887224874 11.744103480130439 53.659089658409357 47.180567551404238 8.3597384691238386 1.5206085480749614 15.475382376462219 1.1103065758943549 3.2570371553301811 1.4747321307659149 0.89516962692141522 1.6127795390784729 2.3046790063381186 1.974758069962262 2.0633557476103306
leaf_count=8 209 395 862 147 10 316 18 66 25 17 29 37 25 33
internal_value=0.00219703 -0.00687477 -0.0181605 -0.000850083 -0.00685715 0.0294588 0.0211636 -0.00745046 -0.0563384 0.0229857 0.00535563 0.0331285 -0.0219437 0.0088631
internal_weight=153.495 115.17 59.8981 10.7428 9.88035 38.3248 22.8494 6.73725 2.58504 4.15221 55.2719 16.1121 49.1553 4.36803
internal_count=2197 1476 1052 165 157 721 405 126 43 83 424 279 887 70
is_linear=0
shrinkage=0.05


Tree=62
num_leaves=15
num_cat=0
split_feature=233 81 125 235 128 229 137 241 35 126 236 12 220 249
split_gain=15.8574 3.21064 2.91128 2.11266 2.00245 1.45809 1.44504 4.02486 1.54773 1.47239 1.41844 1.31712 1.96855 1.61552
threshold=1.0000000180025095e-35 1.0000000180025095e-35 1.0000000180025095e-35 1.0000000180025095e-35 1.0000000180025095e-35 1.0000000180025095e-35 1.0000000180025095e-35 4.5000000000000009 1.0000000180025095e-35 1.0000000180025095e-35 1.0000000180025095e-35 1.0000000180025095e-35 1.0000000180025095e-35 1.0000000180025095e-35
decision_type=2 2 2 2 2 2 2 2 2 2 2 2 2 2
left_child=1 2 6 4 5 -3 7 11 9 10 -8 12 13 -1
right_child=-2 3 -4 -5 -6 -7 8 -9 -10 -11 -12 -13 -14 -15
leaf_value=0.0013860812448457697 0.029464330742928549 -0.00092210192103318791 -0.055263014714224623 0.059435342873445929 -0.055112310454387296 0.05244878186785943 -0.018533452890885142 0.09989180039877936 -0.061226889875698104 0.034771117194732422 0.042340740951729905 -0.062388107025176213 0.065516997936732144 -0.056444048873076261
leaf_weight=6.9997790567576814 36.890265421941876 53.506252679973841 4.4356132149696341 1.4694402068853367 1.6769631095230568 1.3110818006098259 39.16866709664464 0.9741704463958748 1.9171081408858288 1.4193888455629338 0.98090618848800559 0.95378496497869569 1.0022637397050864 1.4594559818506239
leaf_count=136 714 392 95 6 18 24 731 3 27 18 5 13 9 18
internal_value=0.000872681 -0.00812118 -0.0162997 0.000247427 -0.00129208 0.000354385 -0.0131502 0.00270397 -0.0173026 -0.0152769 -0.0170462 -0.00638628 -0.000740901 -0.00859124
internal_weight=154.165 117.275 59.3111 57.9637 56.4943 54.8173 54.8755 11.3895 43.4861 41.569 40.1496 10.4153 9.4615 8.45924
internal_count=2209 1495 1055 440 434 416 960 179 781 754 736 176 163 154
is_linear=0
shrinkage=0.05


Tree=63
num_leaves=15
num_cat=0
split_feature=233 248 241 81 125 242 130 216 240 125 9 155 241 241
split_gain=16.0159 3.59725 3.61964 2.50636 2.27922 2.01271 2.72757 2.39255 1.62612 1.58177 4.8816 2.61257 1.64484 1.24471
threshold=1.0000000180025095e-35 1.5000000000000002 5.5000000000000009 1.0000000180025095e-35 1.0000000180025095e-35 1.5000000000000002 1.0000000180025095e-35 1.0000000180025095e-35 1.0000000180025095e-35 1.0000000180025095e-35 1.0000000180025095e-35 1.0000000180025095e-35 1.0000000180025095e-35 3.5000000000000004
decision_type=2 2 2 2 2 2 2 2 2 2 2 2 2 2
left_child=1 2 3 4 5 6 7 -1 -5 13 11 12 -11 -2
right_child=9 -3 -4 8 -6 -7 -8 -9 -10 10 -12 -13 -14 -15
leaf_value=-0.01764165590019675 0.023346099012628411 0.059430563006815054 0.062798829355218425 -0.0048917217751663364 -0.053678719215792307 -0.059511537807346283 0.043929688184742473 0.055344093398214583 0.052256481309798125 0.01459544093539979 -0.11485989882418046 0.052226368539513172 -0.061590775596263858 0.044108508449828998
leaf_weight=46.06457531452179 13.495723543688657 1.8969313167035569 1.6822635047137726 54.415909383445978 4.2693228125572196 2.4914047159254542 1.9876254051923741 1.1509111113846291 1.2739093527197827 2.1479281522333618 0.72316218726336945 3.4359524473547935 1.0571268200874326 15.519940260797737
leaf_count=861 237 11 9 405 101 38 9 13 25 40 14 67 17 346
internal_value=0.000276622 -0.00885442 -0.00999732 -0.0110941 -0.018567 -0.0156672 -0.0134472 -0.0158626 -0.00358445 0.0291991 0.00850411 0.0219376 -0.0105331 0.0344515
internal_weight=151.613 115.233 113.336 111.654 55.9638 51.6945 49.2031 47.2155 55.6898 36.3798 7.36417 6.64101 3.20505 29.0157
internal_count=2193 1472 1461 1452 1022 921 883 874 430 721 138 124 57 583
is_linear=0
shrinkage=0.05


Tree=64
num_leaves=15
num_cat=0
split_feature=233 241 66 229 90 222 219 230 35 241 155 127 231 92
split_gain=17.472 3.79125 2.64032 2.35012 1.89234 1.85759 4.41554 4.88395 11.1683 1.70534 4.32774 3.5633 2.33997 1.48851
threshold=1.0000000180025095e-35 5.5000000000000009 1.0000000180025095e-35 1.0000000180025095e-35 1.0000000180025095e-35 1.0000000180025095e-35 1.0000000180025095e-35 1.0000000180025095e-35 1.0000000180025095e-35 2.5000000000000004 1.0000000180025095e-35 1.0000000180025095e-35 1.5000000000000002 1.0000000180025095e-35
decision_type=2 2 2 2 2 2 2 2 2 2 2 2 2 2
left_child=1 2 3 4 9 6 -2 8 -8 10 12 -11 -1 -9
right_child=5 -3 -4 -5 -6 -7 7 13 -10 11 -12 -13 -14 -15
leaf_value=-0.013356017819614423 0.035476947970588653 0.073887130796981657 0.065803554138907747 0.052182840292431844 0.031020719837558393 0.043324448335351151 -0.20678685613704306 0.02998682639536604 0.021089049407850592 -0.0086074366045433715 -0.05953642144297553 0.065982686491214027 -0.064732472909369052 -0.044198734864751198
leaf_weight=69.16050823777914 14.443113500252368 1.3026109635829914 1.0827807039022435 1.380665436387061 2.3412919305264941 14.141110846772788 0.92639628052711409 3.663127314299345 1.2814480178058147 29.751659478992227 5.9062265213578931 1.6922102421522129 2.2896429300308219 0.82922928407788266
leaf_count=1164 277 8 7 28 15 317 15 75 22 178 75 6 17 16
internal_value=-0.00147883 -0.0109289 -0.0119014 -0.0126492 -0.0134545 0.0292964 0.0199141 -0.0136335 -0.0745261 -0.0144116 -0.0184026 -0.00459323 -0.0150024 0.0162932
internal_weight=150.192 114.908 113.605 112.522 111.142 35.2844 21.1433 6.7002 2.20784 108.8 77.3564 31.4439 71.4502 4.49236
internal_count=2220 1498 1490 1483 1455 722 405 128 37 1440 1256 184 1181 91
is_linear=0
shrinkage=0.05


Tree=65
num_leaves=15
num_cat=0
split_feature=233 241 232 225 137 231 227 134 166 244 35 241 231 241
split_gain=13.8062 4.15008 2.4033 1.66403 1.71793 2.78226 2.50796 2.27537 2.19926 3.17265 4.3207 4.0706 2.16019 1.85148
threshold=1.0000000180025095e-35 5.5000000000000009 1.0000000180025095e-35 1.0000000180025095e-35 1.0000000180025095e-35 1.0000000180025095e-35 1.0000000180025095e-35 1.0000000180025095e-35 1.0000000180025095e-35 1.0000000180025095e-35 1.0000000180025095e-35 3.5000000000000004 1.0000000180025095e-35 1.0000000180025095e-35
decision_type=2 2 2 2 2 2 2 2 2 2 2 2 2 2
left_child=1 2 3 4 8 6 -6 -7 9 10 12 -11 -1 -8
right_child=-2 -3 -4 -5 5 7 13 -9 -10 11 -12 -13 -14 -15
leaf_value=0.017393724347484027 0.029195512108487576 0.079938957442657388 0.05478804532466286 0.040529476481626928 -0.033499067669171552 -0.0040625270204768917 -0.036017913980568243 -0.070347332377895366 0.042064627263284041 -0.057867341316275717 0.105920471564665 0.039057167810033266 -0.032512732647874652 0.0051872641565403914
leaf_weight=6.7578388564288652 32.9969222843647 1.3401084952056397 1.4770216457545746 1.6431619748473156 23.481443887576461 51.315330080688 3.7967611812055102 1.3281947746872891 3.0664543919265261 4.3743707612156859 1.0974067673087127 1.4398066774010656 3.1926976256072521 9.668287876993416
leaf_count=115 697 7 11 11 594 435 85 13 18 64 6 6 29 92
internal_value=0.000714179 -0.00753118 -0.00857184 -0.00941371 -0.010163 -0.0131165 -0.0236343 -0.00573489 0.00311459 -0.00396865 0.011765 -0.0338652 0.0013809 -0.00643143
internal_weight=146.976 113.979 112.639 111.162 109.519 89.59 36.9465 52.6435 19.9286 16.8621 11.0479 5.81418 9.95054 13.465
internal_count=2183 1486 1479 1468 1457 1219 771 448 238 220 150 70 144 177
is_linear=0
shrinkage=0.05


Tree=66
num_leaves=15
num_cat=0
split_feature=233 241 229 55 231 231 163 219 236 244 1 71 137 234
split_gain=11.0317 2.89989 1.87033 1.85988 1.53734 1.52404 1.58488 6.29848 7.83193 1.77272 1.76962 3.04375 2.95558 3.10909
threshold=1.0000000180025095e-35 2.5000000000000004 1.0000000180025095e-35 1.0000000180025095e-35 1.5000000000000002 2.5000000000000004 1.0000000180025095e-35 1.0000000180025095e-35 1.0000000180025095e-35 1.0000000180025095e-35 1.0000000180025095e-35 1.0000000180025095e-35 1.0000000180025095e-35 1.0000000180025095e-35
decision_type=2 2 2 2 2 2 2 2 2 2 2 2 2 2
left_child=1 2 -1 5 -3 6 7 9 -9 -2 11 12 13 -11
right_child=3 4 -4 -5 -6 -7 -8 8 -10 10 -12 -13 -14 -15
leaf_value=-0.015985396541773868 0.03442365149728531 -0.00020109078158248698 0.052064493568145902 0.051717695355832552 0.044507043985401298 0.043444174703365923 0.031260423993978131 -0.20262502110955657 -0.0048893151856783893 0.0045050910053235091 0.051870975867879934 -0.11208692880122778 0.052093510598842874 -0.096285069233382356
leaf_weight=79.196002721786499 6.8292818702757447 30.092886071652174 1.0227633677422989 4.7004995122551909 2.0540623739361754 4.8403260782361022 7.8176786731928578 0.77648609876632635 1.4102981202304361 2.5471550654619937 1.312687776982784 0.6770559288561343 1.8319452479481695 1.093651548027992
leaf_count=1252 135 171 22 116 17 113 180 10 25 50 31 8 37 23
internal_value=-0.00249605 -0.010033 -0.0151178 0.0225324 0.00265558 0.0178241 0.01272 0.00392416 -0.0751016 0.0160159 -0.000829939 -0.012079 0.000293328 -0.025771
internal_weight=146.203 112.366 80.2188 33.8371 32.1469 29.1366 24.2962 16.4786 2.18678 14.2918 7.4625 6.14981 5.47275 3.64081
internal_count=2190 1462 1274 728 188 612 499 319 35 284 149 118 110 73
is_linear=0
shrinkage=0.05


Tree=67
num_leaves=15
num_cat=0
split_feature=233 232 241 248 225 234 198 81 62 125 35 204 222 248
split_gain=16.0041 3.72615 3.09518 2.457 2.30195 2.94721 3.55341 2.51217 2.17454 1.68512 1.52737 1.51822 3.36252 4.1823
threshold=1.0000000180025095e-35 1.0000000180025095e-35 5.5000000000000009 1.5000000000000002 1.0000000180025095e-35 1.0000000180025095e-35 1.0000000180025095e-35 1.0000000180025095e-35 1.0000000180025095e-35 1.0000000180025095e-35 1.0000000180025095e-35 1.0000000180025095e-35 1.0000000180025095e-35 1.0000000180025095e-35
decision_type=2 2 2 2 2 2 2 2 2 2 2 2 2 2
left_child=1 2 3 4 5 6 7 9 -9 10 -1 -2 13 -13
right_child=11 -3 -4 -5 -6 -7 -8 8 -10 -11 -12 12 -14 -15
leaf_value=-0.014134574037483295 0.032842264749325494 0.06021821248054942 0.056324416456983599 0.039342895667093793 0.060302838708151965 -0.027657626212573855 0.063671416219023363 0.029206733514565472 -0.0067272998496779764 -0.053259410542921153 -0.061370128752535086 0.052480919904974735 0.051569759491087712 -0.094460980887844825
leaf_weight=27.904328510165218 29.067925399169326 1.8159669563174237 1.6323963552713383 2.1915515512228003 1.0278818979859341 31.447232389822602 1.6303642094135273 4.8486607261002055 31.96990067511797 3.5983992591500273 1.8231909051537503 0.74773457273840849 1.7080623880028727 1.3741896115243433
leaf_count=497 636 14 8 12 7 533 25 33 220 93 23 15 45 26
internal_value=-0.00165056 -0.0108095 -0.012003 -0.0130509 -0.0141523 -0.0148937 -0.00930136 -0.0109975 -0.00199512 -0.0209433 -0.0170315 0.0289433 -0.000647818 -0.0426808
internal_weight=142.788 109.89 108.074 106.442 104.25 103.222 71.7748 70.1445 36.8186 33.3259 29.7275 32.8979 3.82999 2.12192
internal_count=2187 1465 1451 1443 1431 1424 891 866 253 613 520 722 86 41
is_linear=0
shrinkage=0.05


Tree=68
num_leaves=15
num_cat=0
split_feature=249 241 242 227 222 0 234 71 219 33 54 94 163 41
split_gain=6.72047 3.82269 2.43265 2.32585 1.95033 2.54745 3.38783 1.97669 1.93867 1.83693 1.65383 1.47131 1.32517 3.91006
threshold=1.0000000180025095e-35 5.5000000000000009 1.0000000180025095e-35 1.0000000180025095e-35 1.0000000180025095e-35 1.0000000180025095e-35 1.0000000180025095e-35 1.0000000180025095e-35 1.0000000180025095e-35 1.0000000180025095e-35 1.0000000180025095e-35 1.0000000180025095e-35 1.0000000180025095e-35 1.0000000180025095e-35
decision_type=2 2 2 2 2 2 2 2 2 2 2 2 2 2
left_child=2 4 3 -1 7 12 -7 9 -9 10 11 -2 -6 -14
right_child=1 -3 -4 -5 5 6 -8 8 -10 -11 -12 -13 13 -15
leaf_value=-0.024948518146142074 -0.0040958962980397317 0.042565021563100068 -0.058309606348735644 0.00070024242008720483 0.011179377629425171 0.0054219927754976692 -0.077678525505104304 0.0060717818490037311 -0.099541924373235557 0.051719785792330164 0.025731655766728576 -0.058150913903420046 0.11085227007554221 0.021828685047472724
leaf_weight=25.516486575827003 56.521866749972105 6.0330539867281905 3.7335434071719638 13.522974103689192 9.8637473471462762 6.3646253533661357 1.5192167926579712 0.75095402821898338 1.031152356415987 1.5726193375885476 4.6381409280002108 1.2875179164111603 1.5166021883487699 6.6058137975633144
leaf_count=660 620 137 71 180 136 52 15 11 15 38 102 20 23 127
internal_value=-0.00322276 0.00401311 -0.0197515 -0.016064 0.00147597 0.0131072 -0.0105915 -0.00309684 -0.0550378 -0.00165097 -0.00299501 -0.0052998 0.023495 0.038451
internal_weight=140.478 97.7053 42.773 39.0395 91.6723 25.87 7.88384 65.8023 1.78211 64.0201 62.4475 57.8094 17.9862 8.12242
internal_count=2207 1296 911 840 1159 353 67 806 26 780 742 640 286 150
is_linear=0
shrinkage=0.05


Tree=69
num_leaves=15
num_cat=0
split_feature=233 232 204 233 71 192 229 200 241 243 159 81 63 231
split_gain=10.2694 2.91662 2.38866 2.22605 10.6935 1.8626 1.7497 1.37791 2.33708 1.35889 2.52354 2.29935 2.0725 2.34121
threshold=1.0000000180025095e-35 1.0000000180025095e-35 1.0000000180025095e-35 1.5000000000000002 1.0000000180025095e-35 1.0000000180025095e-35 1.0000000180025095e-35 1.0000000180025095e-35 5.5000000000000009 1.0000000180025095e-35 1.0000000180025095e-35 1.0000000180025095e-35 1.0000000180025095e-35 1.0000000180025095e-35
decision_type=2 2 2 2 2 2 2 2 2 2 2 2 2 2
left_child=1 2 5 4 -2 6 7 8 9 11 -11 12 -1 -14
right_child=3 -3 -4 -5 -6 -7 -8 -9 -10 10 -12 -13 13 -15
leaf_value=-0.018056487660898173 0.027511820734864436 0.059198260281117014 0.043080453637821717 0.051639229083108119 -0.11798711480762303 0.073386617779097829 0.051927746057058313 -0.063825051363826144 0.065765467470661504 -0.010161683321048878 -0.043095772027265306 0.007357473869265465 0.015888160245930507 -0.054921632554603361
leaf_weight=33.372231503948569 23.211427766829736 1.7043901421129692 2.3554866462945929 6.9559059198945752 1.3354704678058613 0.70134344324469466 1.1896642036736 1.1358152218163002 1.049943059682845 26.541224362328649 7.4488562121987334 23.893790457397699 9.4597997479140723 1.3316566720604903
leaf_count=766 523 13 12 185 12 4 27 16 6 222 83 180 148 24
internal_value=0.00149661 -0.00570107 -0.00672075 0.0266712 0.019596 -0.00782611 -0.00836639 -0.00905456 -0.00845116 -0.00921475 -0.0173791 -0.00513721 -0.0118972 0.00715029
internal_weight=141.687 110.184 108.48 31.5028 24.5469 106.124 105.423 104.233 103.098 102.048 33.9901 68.0575 44.1637 10.7915
internal_count=2221 1501 1488 720 535 1476 1472 1445 1429 1423 305 1118 938 172
is_linear=0
shrinkage=0.05


Tree=70
num_leaves=15
num_cat=0
split_feature=233 241 232 128 14 207 81 71 233 137 225 63 94 230
split_gain=6.40668 3.25753 1.98569 2.6661 2.198 1.79115 1.70747 1.39644 7.11087 2.10165 1.36602 1.47646 1.92271 1.91613
threshold=1.0000000180025095e-35 5.5000000000000009 1.0000000180025095e-35 1.0000000180025095e-35 1.0000000180025095e-35 1.0000000180025095e-35 1.0000000180025095e-35 1.0000000180025095e-35 1.5000000000000002 1.0000000180025095e-35 1.0000000180025095e-35 1.0000000180025095e-35 1.0000000180025095e-35 1.0000000180025095e-35
decision_type=2 2 2 2 2 2 2 2 2 2 2 2 2 2
left_child=1 2 3 4 10 7 -6 9 -9 -2 11 -1 13 -13
right_child=5 -3 -4 -5 6 -7 -8 8 -10 -11 -12 12 -14 -15
leaf_value=-0.009855439005992386 0.0089863548505030606 0.073135768102032025 0.055300095529214721 -0.064346368535657894 -0.026227856451518206 0.042481748488610971 0.030796353938032556 -0.14967867340641303 0.031569637882982386 0.045257615069779045 0.04021534624957615 0.014309311183916561 -0.058025313068861523 -0.026930262977269644
leaf_weight=68.983336478471756 12.2777392230928 1.408901136368512 1.4215103983879078 1.8102617897093285 1.5993670579045991 8.9649877138435858 7.3245678618550301 0.74202615022659246 1.9989301636815069 5.9190526679158202 1.6134664639830578 18.611540770158179 1.1584936976432789 3.3189598694443694
leaf_count=1083 279 9 12 22 22 253 36 5 48 126 10 237 19 29
internal_value=0.00331478 -0.00239132 -0.00339669 -0.00419576 -0.00313457 0.0237805 0.0205764 0.0157732 -0.0174975 0.0207847 -0.00539312 -0.00619236 0.00475187 0.00806812
internal_weight=137.153 107.25 105.842 104.42 102.61 29.9027 8.92393 20.9377 2.74096 18.1968 93.6858 92.0723 23.089 21.9305
internal_count=2190 1479 1470 1458 1436 711 58 458 53 405 1378 1368 285 266
is_linear=0
shrinkage=0.05


Tree=71
num_leaves=15
num_cat=0
split_feature=233 248 128 204 232 194 192 222 219 244 163 81 41 237
split_gain=8.45524 2.86609 2.3347 2.5121 1.84496 2.07468 1.70177 1.60999 1.89675 2.72971 1.83418 4.23205 5.65752 1.77195
threshold=1.0000000180025095e-35 1.5000000000000002 1.0000000180025095e-35 1.0000000180025095e-35 1.0000000180025095e-35 1.0000000180025095e-35 1.0000000180025095e-35 1.0000000180025095e-35 1.0000000180025095e-35 1.0000000180025095e-35 1.0000000180025095e-35 1.0000000180025095e-35 1.0000000180025095e-35 1.0000000180025095e-35
decision_type=2 2 2 2 2 2 2 2 2 2 2 2 2 2
left_child=1 2 3 4 5 6 -1 8 9 -2 11 12 -10 -11
right_child=7 -3 -4 -5 -6 -7 -8 -9 10 13 -12 -13 -14 -15
leaf_value=-0.0078538568075407055 0.041930561044760152 0.047487564116993841 -0.065723987110738805 0.044769638692829981 0.055344905342583586 -0.029374145934905917 0.070505814736311775 0.037171605372940619 -0.18146161492422558 -0.022775297695548015 0.012014790812344515 0.052230224201873704 0.0039844101356188719 0.052054073621267676
leaf_weight=86.636543665081263 8.113808477297427 2.2928589656949034 1.7845573760569085 2.2036577761173239 1.0951595716178406 12.031304400414227 0.69846274331211944 11.190131226554515 0.82223492115735941 3.5877328291535369 3.9891315586864948 0.78774277120828617 0.82286141812801361 1.0149335637688635
leaf_count=1342 188 14 23 11 8 61 4 309 9 74 90 16 13 22
internal_value=-0.00119131 -0.00781068 -0.00902458 -0.00803901 -0.00919739 -0.00990874 -0.00722717 0.0221058 0.013297 0.0244829 -0.00885287 -0.0430696 -0.0887033 -0.00627468
internal_weight=137.071 106.743 104.45 102.665 100.461 99.3663 87.335 30.3286 19.1384 12.7165 6.42197 2.43284 1.6451 4.60267
internal_count=2184 1463 1449 1426 1415 1407 1346 721 412 284 128 38 22 96
is_linear=0
shrinkage=0.05


Tree=72
num_leaves=15
num_cat=0
split_feature=231 241 248 177 159 71 206 204 216 136 125 242 231 125
split_gain=5.51605 4.05271 3.88465 3.35817 2.84552 2.83066 1.6865 1.65793 1.50155 1.37128 1.91357 3.30801 1.27075 1.34887
threshold=1.5000000000000002 2.5000000000000004 1.5000000000000002 1.0000000180025095e-35 1.0000000180025095e-35 1.0000000180025095e-35 1.0000000180025095e-35 1.0000000180025095e-35 1.0000000180025095e-35 1.0000000180025095e-35 1.0000000180025095e-35 2.5000000000000004 1.0000000180025095e-35 1.0000000180025095e-35
decision_type=2 2 2 2 2 2 2 2 2 2 2 2 2 2
left_child=2 9 3 4 5 6 7 12 -6 10 -2 -12 13 -1
right_child=1 -3 -4 -5 8 -7 -8 -9 -10 -11 11 -13 -14 -15
leaf_value=-0.0075215505297589365 0.014755412737270835 0.043640319059184168 0.072604161148008009 0.10378310725103979 -0.020310503107953577 -0.084166833501010715 0.066824932845252941 0.034959948734285824 0.06349787682182402 0.070180881270900899 -0.05747860533574134 0.045970118149755483 0.0028764820750794822 -0.051861589081057903
leaf_weight=23.671805102378134 5.7404787745326757 12.041543513536451 1.6640327312052239 0.71335696429014106 27.872968519106511 0.99573689699172874 0.95152665674686332 3.2317818347364655 0.54489422589540382 0.67076132073998529 2.9436773899942636 1.047870993614197 52.274150820448995 1.849204197525977
leaf_count=468 104 312 11 13 530 7 4 34 7 8 38 20 558 69
internal_value=0.00123892 0.0238923 -0.00323012 -0.00435577 -0.00504829 -0.000371502 0.000646303 -0.000130855 -0.0187035 0.00103338 -0.00373248 -0.030321 -0.0015886 -0.0107343
internal_weight=136.214 22.4443 113.769 112.105 111.392 82.9742 81.9785 81.0269 28.4179 10.4028 9.73203 3.99155 77.7952 25.521
internal_count=2183 482 1701 1690 1677 1140 1133 1129 537 170 162 58 1095 537
is_linear=0
shrinkage=0.05


Tree=73
num_leaves=15
num_cat=0
split_feature=233 201 12 225 137 125 204 130 241 161 81 161 155 55
split_gain=8.06522 6.28419 1.39311 2.69527 1.55472 1.32382 3.3591 1.89193 1.56756 2.08123 2.83989 1.30625 1.49487 1.29375
threshold=1.0000000180025095e-35 1.0000000180025095e-35 1.0000000180025095e-35 1.0000000180025095e-35 1.0000000180025095e-35 1.0000000180025095e-35 1.0000000180025095e-35 1.0000000180025095e-35 1.0000000180025095e-35 1.0000000180025095e-35 1.0000000180025095e-35 1.0000000180025095e-35 1.0000000180025095e-35 1.0000000180025095e-35
decision_type=2 2 2 2 2 2 2 2 2 2 2 2 2 2
left_child=1 2 3 5 -4 6 7 -1 9 -7 -11 -3 -13 -2
right_child=13 11 4 -5 -6 8 -8 -9 -10 10 -12 12 -14 -15
leaf_value=-0.013422542219866697 0.019871540457515827 -0.016845963804527523 -0.00231835595449765 0.076118521961517069 -0.055544663628443403 -0.048513010210630383 0.10086228267347763 0.01582022047774732 -0.047582641477727269 -0.052318601770307109 0.040622639346000244 0.045067637998172101 0.013301500051648762 0.051403363984821739
leaf_weight=53.359270425513387 24.743311138823632 2.6559693813324001 2.1541499495506278 0.87674859166145225 3.7783402036875486 2.2608447279781085 0.68629754334688087 6.1707022935152045 5.3040884546935558 1.1890879441052677 2.6617202609777451 4.7538997083902386 16.761899508535862 3.745478803291916
leaf_count=1007 605 17 20 4 56 35 3 47 79 43 27 24 84 113
internal_value=0.000480811 -0.00605364 -0.0129224 -0.0110164 -0.0362176 -0.0120829 -0.00912334 -0.0103913 -0.0276941 -0.0104335 0.0119234 0.0162364 0.0203202 0.0240171
internal_weight=131.102 102.613 78.4413 72.5088 5.93249 71.632 60.2163 59.53 11.4157 6.11165 3.85081 24.1718 21.5158 28.4888
internal_count=2164 1446 1321 1245 76 1241 1057 1054 184 105 70 125 108 718
is_linear=0
shrinkage=0.05


Tree=74
num_leaves=15
num_cat=0
split_feature=233 125 225 241 198 204 136 94 221 204 222 219 81 163
split_gain=10.0767 3.81305 5.66112 2.71578 2.37317 2.36204 1.81118 1.64684 1.55276 2.58289 1.47649 3.58754 4.31445 5.65615
threshold=1.0000000180025095e-35 1.0000000180025095e-35 1.0000000180025095e-35 5.5000000000000009 1.0000000180025095e-35 1.0000000180025095e-35 1.0000000180025095e-35 1.0000000180025095e-35 1.0000000180025095e-35 1.0000000180025095e-35 1.0000000180025095e-35 1.0000000180025095e-35 1.0000000180025095e-35 1.0000000180025095e-35
decision_type=2 2 2 2 2 2 2 2 2 2 2 2 2 2
left_child=1 3 5 4 7 6 -3 8 9 -1 11 -2 13 -13
right_child=10 2 -4 -5 -6 -7 -8 -9 -10 -11 -12 12 -14 -15
leaf_value=-0.00054833339931351251 0.035162297175419528 -0.051653621630728765 0.086717482390314793 0.076153668472843161 -0.053360787061299486 0.033947338357196565 0.029046539545738798 -0.057989191423746846 -0.045120856092838092 0.094563806693317626 0.043622110080356609 -0.12752836933926745 0.051824482789915374 0.0016937590371835613
leaf_weight=83.252314515411854 11.643565503880383 10.530036611482494 0.95282402634620744 1.0996676068752993 2.2711582500487557 0.99749635905027467 0.7444208040833481 1.2753427661955345 1.9276136979460705 0.71996977180242439 10.195647183805706 1.3192765638232224 1.6941711194813249 2.3645819965749979
leaf_count=1145 278 182 4 7 59 6 7 21 20 4 305 19 42 55
internal_value=0.00149617 -0.00560609 -0.030685 -0.00194316 -0.0029033 -0.0398005 -0.0463252 -0.00158874 -0.000751369 0.000267148 0.0285749 0.0195619 -0.0142135 -0.0445837
internal_weight=130.988 103.771 13.2248 90.5461 89.4464 12.272 11.2745 87.1752 85.8999 83.9723 27.2172 17.0216 5.37803 3.68386
internal_count=2154 1455 199 1256 1249 195 189 1190 1169 1149 699 394 116 74
is_linear=0
shrinkage=0.05


Tree=75
num_leaves=15
num_cat=0
split_feature=54 55 236 243 71 33 192 248 128 244 244 161 227 137
split_gain=4.98434 3.77167 3.86321 2.18934 1.93595 1.81275 1.61904 1.47824 1.77083 1.50357 2.46371 2.5771 3.18112 2.1343
threshold=1.0000000180025095e-35 1.0000000180025095e-35 1.0000000180025095e-35 1.5000000000000002 1.0000000180025095e-35 1.0000000180025095e-35 1.0000000180025095e-35 1.5000000000000002 1.0000000180025095e-35 1.5000000000000002 1.0000000180025095e-35 1.0000000180025095e-35 1.0000000180025095e-35 1.0000000180025095e-35
decision_type=2 2 2 2 2 2 2 2 2 2 2 2 2 2
left_child=1 2 4 -4 5 6 7 8 9 10 13 12 -12 -1
right_child=-2 -3 3 -5 -6 -7 -8 -9 -10 -11 11 -13 -14 -15
leaf_value=0.017518226288211744 0.037980684356935329 0.051270613476210605 0.032076232602306819 -0.009395982257002387 -0.074076123591946388 0.051453802732144872 0.064942579924732388 0.037092611506896293 -0.057925257698551502 0.016410406999088797 -0.044202480332382561 -0.0026515702971749672 -0.0030001572294731725 -0.0067195672498428158
leaf_weight=11.877261873334644 9.0316846296191198 3.4118888396769753 11.633663492277266 4.3805266823619595 1.0251939930021752 1.4012349601835001 0.80161320231854816 1.9141612444072951 1.6956627964973439 6.7227846756577483 13.333348069339992 15.354495594277976 7.2221307493746272 38.600610241293907
leaf_count=204 272 113 88 55 8 40 7 13 30 91 309 280 77 575
internal_value=0.00216674 -0.00054288 -0.00206735 0.0207319 -0.00572035 -0.00501194 -0.00582327 -0.00640977 -0.00728809 -0.00636593 -0.0081384 -0.0181495 -0.0297261 -0.0010165
internal_weight=128.406 119.375 115.963 16.0142 99.9485 98.9233 97.5221 96.7205 94.8063 93.1106 86.3878 35.91 20.5555 50.4779
internal_count=2162 1890 1777 143 1634 1626 1586 1579 1566 1536 1445 666 386 779
is_linear=0
shrinkage=0.05


Tree=76
num_leaves=15
num_cat=0
split_feature=233 232 159 94 41 130 161 222 161 155 243 53 159 241
split_gain=9.35701 2.22769 1.81297 1.49504 1.43996 2.25758 2.81606 1.20553 1.23315 2.16812 1.11107 1.63857 1.62585 3.64645
threshold=1.0000000180025095e-35 1.0000000180025095e-35 1.0000000180025095e-35 1.0000000180025095e-35 1.0000000180025095e-35 1.0000000180025095e-35 1.0000000180025095e-35 1.0000000180025095e-35 1.0000000180025095e-35 1.0000000180025095e-35 1.0000000180025095e-35 1.0000000180025095e-35 1.0000000180025095e-35 1.5000000000000002
decision_type=2 2 2 2 2 2 2 2 2 2 2 2 2 2
left_child=1 2 3 -1 5 6 -4 10 9 -9 12 -12 -2 -14
right_child=7 -3 4 -5 -6 -7 -8 8 -10 -11 11 -13 13 -15
leaf_value=-0.0034942186900741045 0.040809435069034547 0.055665858852795805 -0.028152784893494542 -0.057121706562787304 -0.042410031088440242 0.046297576956646914 0.015999665212345464 -0.070977081157388239 0.046583696651194793 0.051352783402530133 0.011644857378188326 -0.069907879046902072 -0.13916029914202474 0.051679388618737332
leaf_weight=75.608809728175402 6.5543520096689489 1.3772254288196553 15.686031118035325 1.3223574943840493 5.4491005651652804 1.4638250172138203 4.6914795804768792 0.65235069580376215 8.5127982217818499 0.81438246369361877 8.7222952563315594 0.66272519901394922 0.42453177645802476 0.60992170870304108
leaf_count=949 166 12 322 24 63 7 117 14 280 25 199 13 10 16
internal_value=-0.00079738 -0.00750892 -0.00834373 -0.00441601 -0.0194159 -0.0136792 -0.0179876 0.0254973 0.0392881 -0.00305519 0.0173892 0.00588599 0.0316152 -0.0266398
internal_weight=132.552 105.599 104.222 76.9312 27.2904 21.8413 20.3775 26.9534 9.97953 1.46673 16.9738 9.38502 7.58881 1.03445
internal_count=2217 1494 1482 973 509 446 439 723 319 39 404 212 192 26
is_linear=0
shrinkage=0.05


Tree=77
num_leaves=15
num_cat=0
split_feature=241 55 232 63 136 33 94 231 71 53 216 230 58 221
split_gain=4.54451 3.2963 2.83006 2.64998 1.89218 1.8797 1.8552 1.73711 2.72603 2.37393 1.65955 1.6573 1.46278 1.9327
threshold=5.5000000000000009 1.0000000180025095e-35 1.0000000180025095e-35 1.0000000180025095e-35 1.0000000180025095e-35 1.0000000180025095e-35 1.0000000180025095e-35 2.5000000000000004 1.0000000180025095e-35 1.0000000180025095e-35 1.0000000180025095e-35 1.0000000180025095e-35 1.0000000180025095e-35 1.0000000180025095e-35
decision_type=2 2 2 2 2 2 2 2 2 2 2 2 2 2
left_child=1 2 3 4 5 7 10 8 9 12 11 -5 13 -1
right_child=-2 -3 -4 6 -6 -7 -8 -9 -10 -11 -12 -13 -14 -15
leaf_value=-0.0080623123511610485 0.050456237590893099 0.051163436108388693 0.054088384336249878 0.019566967544931084 0.046742946010993262 0.051349718021488758 -0.057312983435444768 0.034746480553198469 -0.079303693641020537 0.052303914292328335 0.081078205202034223 -0.016506156148375532 0.051788473536920357 -0.058944312586895503
leaf_weight=86.749386940151453 4.6920880842953911 3.1131246220320454 2.2941279150545588 17.770821215584885 1.6980563346296538 1.3840032517909993 0.89915741980075736 2.3897501770406953 1.3371353186666954 1.6356126442551602 0.93677773699164291 3.8789948336780062 0.99560423940420051 1.9073059856891621
leaf_count=1404 129 112 35 236 15 43 16 64 20 35 10 44 25 23
internal_value=0.00213349 0.000348033 -0.000929 -0.00196712 -0.00557897 -0.00650062 0.0131191 -0.00734328 -0.00842921 -0.00739107 0.015923 0.0131038 -0.00848015 -0.00915696
internal_weight=131.682 126.99 123.877 121.583 98.0969 96.3988 23.4858 95.0148 92.625 91.2879 22.5866 21.6498 89.6523 88.6567
internal_count=2211 2082 1970 1935 1629 1614 306 1571 1507 1487 290 280 1452 1427
is_linear=0
shrinkage=0.05


Tree=78
num_leaves=15
num_cat=0
split_feature=233 248 221 204 71 233 200 243 234 220 161 219 152 163
split_gain=4.62556 1.86639 1.81451 1.76288 1.6712 6.53425 1.474 1.33222 1.98833 3.41569 5.98417 1.80545 3.10213 5.91039
threshold=1.0000000180025095e-35 1.5000000000000002 1.0000000180025095e-35 1.0000000180025095e-35 1.0000000180025095e-35 1.5000000000000002 1.0000000180025095e-35 1.5000000000000002 1.0000000180025095e-35 1.0000000180025095e-35 1.0000000180025095e-35 1.0000000180025095e-35 1.0000000180025095e-35 1.0000000180025095e-35
decision_type=2 2 2 2 2 2 2 2 2 2 2 2 2 2
left_child=1 2 3 6 7 -6 -1 8 11 -10 -11 -2 -13 -14
right_child=4 -3 -4 -5 5 -7 -8 -9 9 10 -12 12 13 -15
leaf_value=-0.0023532728489825006 0.039467594316570209 0.04312568319975392 -0.047429017423912027 0.058422552058876281 -0.094864983772345368 0.030222947116631906 -0.057918194019611735 0.051263500933387066 0.015610816779305453 0.051721463723521648 -0.22922579416637393 0.030550326689425807 -0.20547869805682717 0.051385488913426008
leaf_weight=96.579949526116252 9.9471264984458738 2.209957903251051 2.2793191745877257 1.1807391084730614 1.4322494193911541 3.8514428976923227 1.2084680050611485 4.6867348030209532 2.2350901514291759 0.33661000989377488 0.43379932828247547 1.8631806652992957 0.46815151348710049 0.42932378314435482
leaf_count=1405 263 13 23 7 11 137 20 160 53 9 13 38 7 14
internal_value=0.0023845 -0.0023303 -0.00332247 -0.00230667 0.0213766 -0.00368461 -0.00303994 0.0278675 0.0208893 -0.0156834 -0.106473 0.029539 -0.00623525 -0.082603
internal_weight=129.142 103.458 101.248 98.9692 25.6837 5.28369 97.7884 20.4 15.7133 3.0055 0.770409 12.7078 2.76066 0.897475
internal_count=2173 1468 1455 1432 705 148 1425 557 397 75 22 322 59 21
is_linear=0
shrinkage=0.05


Tree=79
num_leaves=15
num_cat=0
split_feature=241 231 71 137 33 229 125 71 161 126 219 227 198 137
split_gain=4.5906 4.05966 2.8996 2.49513 1.49219 1.51222 1.45187 2.73629 1.37117 2.77288 3.03673 1.59556 3.72867 2.86384
threshold=3.5000000000000004 1.5000000000000002 1.0000000180025095e-35 1.0000000180025095e-35 1.0000000180025095e-35 1.0000000180025095e-35 1.0000000180025095e-35 1.0000000180025095e-35 1.0000000180025095e-35 1.0000000180025095e-35 1.0000000180025095e-35 1.0000000180025095e-35 1.0000000180025095e-35 1.0000000180025095e-35
decision_type=2 2 2 2 2 2 2 2 2 2 2 2 2 2
left_child=2 3 4 -2 5 8 -3 -8 11 -10 -11 13 -13 -1
right_child=1 6 -4 -5 -6 -7 7 -9 9 10 -12 12 -14 -15
leaf_value=-0.091672448794150249 0.027930034982672158 0.047388857656406505 -0.10270410127850751 -0.0063878892268349119 0.051281038846208465 0.051931350589704661 0.051351718809082951 -0.09616204055657783 -0.0068069477570762097 0.0060969619874046005 0.12165344288379794 -0.0089423099018695867 0.10173132690000555 -0.019471600681967557
leaf_weight=1.4499689843505645 7.028644964098933 8.2843085285276139 0.82185264118015666 21.492242749780416 1.0367506574839342 1.0044786483049382 0.76208383031189508 0.53510254807770252 43.344943072646856 1.579976495355367 0.88811042718589295 11.67837073653936 0.81408668309450227 26.015927370637655
leaf_count=34 113 265 6 156 34 23 24 11 779 21 14 163 8 562
internal_value=-0.00298473 0.011529 -0.00922392 0.00206937 -0.00834903 -0.00906145 0.0396871 -0.0094992 -0.00977575 -0.00387165 0.0476785 -0.0165449 -0.00173012 -0.0232832
internal_weight=126.737 38.1024 88.6345 28.5209 87.8126 86.7759 9.58149 1.29719 85.7714 45.813 2.46809 39.9584 12.4925 27.4659
internal_count=2213 569 1644 269 1638 1604 300 35 1581 814 35 767 171 596
is_linear=0
shrinkage=0.05


Tree=80
num_leaves=15
num_cat=0
split_feature=241 248 16 128 137 241 234 14 220 37 244 35 47 81
split_gain=4.88577 2.53113 2.02246 1.93555 2.47481 4.11189 3.73499 2.14497 2.18094 2.43253 2.0423 1.90863 1.71155 1.68388
threshold=5.5000000000000009 1.5000000000000002 1.0000000180025095e-35 1.0000000180025095e-35 1.0000000180025095e-35 3.5000000000000004 1.0000000180025095e-35 1.0000000180025095e-35 1.0000000180025095e-35 1.0000000180025095e-35 1.0000000180025095e-35 1.0000000180025095e-35 1.0000000180025095e-35 1.0000000180025095e-35
decision_type=2 2 2 2 2 2 2 2 2 2 2 2 2 2
left_child=1 3 -3 4 5 6 7 8 -1 10 -10 -5 13 -6
right_child=-2 2 -4 11 12 -7 -8 -9 9 -11 -12 -13 -14 -15
leaf_value=-0.0096295984107711216 0.055405869479093608 0.09181675570256391 0.0048241224213457015 0.031754570274344106 -0.013292477609256155 0.037815377389434343 -0.059914061973686566 0.077403481619060369 0.07660425028259682 -0.07592904377871891 0.0080715632759175322 -0.065851445081956964 0.051681901714329459 0.00058694153782640527
leaf_weight=11.656907021999372 3.96786294132471 1.3014804143458596 1.3729145079851151 0.6531202401965851 42.01422219350934 9.8701717853546125 2.4169994927942744 1.0025870166718949 2.1630161963403216 0.48469206318259228 2.1854476016014814 2.1482591293752193 1.3018400073051442 45.539404863491654
leaf_count=234 132 9 21 15 933 209 46 10 32 9 54 39 34 410
internal_value=0.000789303 -0.000956802 0.0471586 -0.00201645 -0.00104644 0.0114278 -0.00165376 0.0063962 0.00207899 0.0303185 0.0421611 -0.0430953 -0.00522717 -0.00607335
internal_weight=128.079 124.111 2.67439 121.437 118.635 29.7798 19.9096 17.4926 16.4901 4.83316 4.34846 2.80138 88.8555 87.5536
internal_count=2187 2055 30 2025 1971 594 385 339 329 95 86 54 1377 1343
is_linear=0
shrinkage=0.05


Tree=81
num_leaves=15
num_cat=0
split_feature=233 232 243 243 47 244 47 137 125 71 237 81 234 152
split_gain=3.67698 1.8427 1.60756 2.72124 3.38689 2.00982 1.86179 1.73393 1.651 3.92955 3.68591 2.60126 3.30107 2.3291
threshold=1.0000000180025095e-35 1.0000000180025095e-35 1.5000000000000002 1.0000000180025095e-35 1.0000000180025095e-35 1.0000000180025095e-35 1.0000000180025095e-35 1.0000000180025095e-35 1.0000000180025095e-35 1.0000000180025095e-35 1.0000000180025095e-35 1.0000000180025095e-35 1.0000000180025095e-35 1.0000000180025095e-35
decision_type=2 2 2 2 2 2 2 2 2 2 2 2 2 2
left_child=1 -1 3 4 -2 -4 8 -6 10 11 13 -10 -13 -5
right_child=2 -3 5 6 7 -7 -8 -9 9 -11 -12 12 -14 -15
leaf_value=-0.0027594815401643172 0.051661051226930099 0.054363240608458867 -0.080459044925011353 0.0022875414337593415 -0.069328566028150504 0.051322222466998718 0.051733620687945327 0.051792638972569173 0.052106669549923428 -0.1384979391724353 0.051388310951875064 -0.12754677011249982 0.052376257352016842 -0.071949524192520944
leaf_weight=99.770183581858873 6.2622411660850092 1.4320775866508473 0.30683746933936973 3.0066374372690898 1.0061195399612186 5.0700907874852419 1.3814808074384934 0.41834317706525315 0.9900663066655403 0.77427174523472775 2.513990031555295 0.67835545167326927 0.40841542184352875 1.6289638634771106
leaf_count=1443 188 12 8 72 26 189 34 10 23 8 89 17 8 45
internal_value=0.00225267 -0.00195116 0.0196559 0.0128474 0.0358318 0.043802 -0.00267466 -0.0337571 -0.0101905 -0.0423613 0.00263852 -0.00652036 -0.0599305 -0.0237996
internal_weight=125.648 101.202 24.4458 19.0689 7.6867 5.37693 11.3822 1.42446 10.0007 2.85111 7.14959 2.07684 1.08677 4.6356
internal_count=2172 1455 717 520 224 197 296 36 262 56 206 48 25 117
is_linear=0
shrinkage=0.05


Tree=82
num_leaves=15
num_cat=0
split_feature=55 241 232 125 241 136 81 244 94 231 80 244 198 78
split_gain=2.44085 2.40599 1.82227 1.55704 3.29903 3.74206 2.53305 2.84687 1.47319 2.17278 1.7265 1.44282 3.31009 1.07343
threshold=1.0000000180025095e-35 5.5000000000000009 1.0000000180025095e-35 1.0000000180025095e-35 2.5000000000000004 1.0000000180025095e-35 1.0000000180025095e-35 1.0000000180025095e-35 1.0000000180025095e-35 1.5000000000000002 1.0000000180025095e-35 1.0000000180025095e-35 1.0000000180025095e-35 1.0000000180025095e-35
decision_type=2 2 2 2 2 2 2 2 2 2 2 2 2 2
left_child=1 2 3 8 5 -5 7 -6 9 10 11 12 13 -1
right_child=-2 -3 -4 4 6 -7 -8 -9 -10 -11 -12 -13 -14 -15
leaf_value=0.0042261136423735381 0.051096287435994994 0.039807445964097743 0.051257095072075987 -0.033920507925682825 -0.082892946007885812 0.069288341345447674 0.06010137919799724 0.044995273473557765 -0.056932329124601347 0.027820747558961668 -0.076096798035693025 -0.0047403337257086045 0.083923307640307088 0.05250372286828732
leaf_weight=42.21882757730782 2.6235946435481301 4.1421536197885862 1.7790311947464932 11.825633050873876 0.88314408250152954 0.94870486855506975 2.29502241499722 0.85785629600286484 1.026697203516959 8.2565878927707654 0.71997622027993102 44.444359052926302 1.390128407627343 1.1836695671081532
leaf_count=595 108 129 30 237 14 6 31 21 19 213 6 715 21 13
internal_value=0.00337957 0.00235319 0.00103653 0.000266658 -0.0138052 -0.0262556 0.0256012 -0.0198776 0.0026503 0.00327316 0.00102009 0.00164228 0.00797526 0.00554274
internal_weight=124.595 121.972 117.83 116.051 16.8104 12.7743 4.03602 1.741 99.2402 98.2135 89.957 89.237 44.7926 43.4025
internal_count=2158 2050 1921 1891 309 243 66 35 1582 1563 1350 1344 629 608
is_linear=0
shrinkage=0.05


Tree=83
num_leaves=15
num_cat=0
split_feature=233 41 127 238 243 16 204 233 237 201 222 161 244 163
split_gain=3.52144 1.5739 2.49187 2.34116 1.56695 1.50479 4.01734 2.08518 1.88151 5.95014 5.04651 1.50034 3.29939 2.08792
threshold=1.0000000180025095e-35 1.0000000180025095e-35 1.0000000180025095e-35 1.0000000180025095e-35 1.5000000000000002 1.0000000180025095e-35 1.0000000180025095e-35 1.5000000000000002 1.0000000180025095e-35 1.0000000180025095e-35 1.0000000180025095e-35 1.0000000180025095e-35 1.0000000180025095e-35 1.0000000180025095e-35
decision_type=2 2 2 2 2 2 2 2 2 2 2 2 2 2
left_child=1 3 11 -1 5 -2 8 -8 9 10 -7 13 -13 -3
right_child=4 2 -4 -5 -6 6 7 -9 -10 -11 -12 12 -14 -15
leaf_value=0.00057600863697687601 0.020508938916813577 -0.050770492713999721 0.05359100972335154 -0.069716008559968887 0.043213834734182284 0.051902437296262149 -0.17124061407256144 -0.028174789614069631 0.051570892685861014 -0.16035297316702907 -0.13584906184454781 0.040740393824019547 -0.022580855818393291 -0.0029478107706093887
leaf_weight=79.473576255142689 13.182857708074158 6.3802839219570195 1.2323409002274264 1.2024862989783276 4.7861442230641833 2.0514708235859871 0.51294728741049744 0.5058621633797884 1.6890916936099527 0.56702088750898827 0.4335381407290696 2.7358164936304084 8.293392363935709 3.5535643436014652
leaf_count=1239 381 71 8 13 182 48 6 14 59 13 13 25 79 37
internal_value=0.000289394 -0.00371562 -0.0155067 -0.000471702 0.0176523 0.0111938 -0.010126 -0.100205 0.00923095 -0.0142013 0.019147 -0.0195687 -0.0068739 -0.0336632
internal_weight=126.6 102.871 22.1954 80.6761 23.7289 18.9428 5.75993 1.01881 4.74112 3.05203 2.48501 20.9631 11.0292 9.93385
internal_count=2188 1472 220 1252 716 534 153 20 133 74 61 212 104 108
is_linear=0
shrinkage=0.05


Tree=84
num_leaves=15
num_cat=0
split_feature=241 71 177 233 159 130 248 222 227 198 136 125 161 155
split_gain=3.77436 3.84035 3.23086 2.79459 2.60434 2.49644 3.04739 1.55662 2.29475 6.84023 2.47128 2.25987 1.81317 1.76443
threshold=2.5000000000000004 1.0000000180025095e-35 1.0000000180025095e-35 1.0000000180025095e-35 1.0000000180025095e-35 1.0000000180025095e-35 1.5000000000000002 1.0000000180025095e-35 1.0000000180025095e-35 1.0000000180025095e-35 1.0000000180025095e-35 1.0000000180025095e-35 1.0000000180025095e-35 1.0000000180025095e-35
decision_type=2 2 2 2 2 2 2 2 2 2 2 2 2 2
left_child=1 2 3 5 -5 6 7 8 10 11 12 -10 -1 -14
right_child=-2 -3 -4 4 -6 -7 -8 -9 9 -11 -12 -13 13 -15
leaf_value=-0.021383702964752754 0.015521837911739637 -0.1165025131540367 0.10963569058896419 0.025470178288716113 -0.080643057092174536 -0.051446161904974808 0.089955127811262081 -0.025863529410137677 0.010663556324606178 0.14146650865587382 0.068631007614361 -0.056735717342407871 0.0039796086192958723 -0.055250424947073655
leaf_weight=21.169851463288069 39.14630043040961 0.74269405007362266 0.63971153274178405 10.792558072134849 0.61095940880477506 3.0106228664517394 0.83608638495206733 8.6628784853965026 13.865026874467729 0.97135732322931367 0.99109159409999747 1.3662464227527387 17.900540314614776 1.3523567542433728
leaf_count=495 606 4 14 276 14 48 4 105 179 8 8 28 378 28
internal_value=0.00272593 -0.00331557 -0.00229252 -0.00317075 0.019785 -0.00690369 -0.00490563 -0.00610226 -0.00313107 0.012822 -0.0093725 0.00461784 -0.011285 -0.000180811
internal_weight=122.058 82.912 82.1693 81.5296 11.4035 70.1261 67.1154 66.2793 57.6165 16.2026 41.4138 15.2313 40.4227 19.2529
internal_count=2195 1589 1585 1571 290 1281 1233 1229 1124 215 909 207 901 406
is_linear=0
shrinkage=0.05


Tree=85
num_leaves=15
num_cat=0
split_feature=233 232 142 200 222 219 242 163 54 35 47 54 229 94
split_gain=2.91281 2.07699 1.55878 1.50583 1.36149 3.34278 2.20244 3.03632 1.67731 1.30019 1.26394 2.48003 1.21497 1.13555
threshold=1.0000000180025095e-35 1.0000000180025095e-35 1.0000000180025095e-35 1.0000000180025095e-35 1.0000000180025095e-35 1.0000000180025095e-35 1.5000000000000002 1.0000000180025095e-35 1.0000000180025095e-35 1.0000000180025095e-35 1.0000000180025095e-35 1.0000000180025095e-35 1.0000000180025095e-35 1.0000000180025095e-35
decision_type=2 2 2 2 2 2 2 2 2 2 2 2 2 2
left_child=1 2 3 12 5 9 7 -7 -9 -2 11 -11 13 -1
right_child=4 -3 -4 -5 -6 6 -8 8 -10 10 -12 -13 -14 -15
leaf_value=0.00024358605252170593 0.037665576881871762 0.062703035416011799 -0.076165959204184522 -0.063747270650824236 0.036225040913007274 -0.098922647944540087 0.028117722237843479 -0.056973393314536394 0.02521069682436073 -0.083994862491905131 0.051585884003831461 0.051419191159140676 0.051849243589405507 -0.055761257154219757
leaf_weight=98.86643205024302 7.8639247566461545 1.3051733132451762 0.68100689351558585 0.92571311444044013 8.0154528431594372 1.411201484501363 1.6923874635249374 1.0362119600176811 1.5487683620303869 0.89471071586012862 0.64127511903643597 0.54351961798965931 1.1308844592422236 0.91346022114157577
leaf_count=1406 232 13 5 17 321 17 44 18 50 21 17 17 27 20
internal_value=0.00363357 2.63854e-05 -0.000771565 -0.000267383 0.0194707 0.0108797 -0.0196894 -0.0399358 -0.00773351 0.0283681 -0.00679153 -0.0328207 0.000314954 -0.000269124
internal_weight=127.47 103.823 102.517 101.836 23.6475 15.632 5.68857 3.99618 2.58498 9.94343 2.07951 1.43823 100.911 99.7799
internal_count=2225 1488 1475 1470 737 416 129 85 68 287 55 38 1453 1426
is_linear=0
shrinkage=0.05


Tree=86
num_leaves=15
num_cat=0
split_feature=177 62 232 241 71 233 233 12 225 125 234 94 137 159
split_gain=2.89651 2.55931 2.38599 1.72209 2.71541 3.73047 2.3861 2.46996 2.29314 1.91779 1.98567 1.46514 1.41235 2.3214
threshold=1.0000000180025095e-35 1.0000000180025095e-35 1.0000000180025095e-35 5.5000000000000009 1.0000000180025095e-35 1.5000000000000002 1.0000000180025095e-35 1.0000000180025095e-35 1.0000000180025095e-35 1.0000000180025095e-35 1.0000000180025095e-35 1.0000000180025095e-35 1.0000000180025095e-35 1.0000000180025095e-35
decision_type=2 2 2 2 2 2 2 2 2 2 2 2 2 2
left_child=1 11 3 4 6 -6 7 8 9 -3 -11 -1 13 -8
right_child=-2 2 -4 -5 5 -7 12 -9 -10 10 -12 -13 -14 -15
leaf_value=0.015582405457107561 0.10348890183676823 -0.0050822390686923137 0.050927647697004197 0.032008722738207582 -0.11618656819720979 0.011724308908841408 0.0076498597487156556 -0.050556825430369559 0.057482670381844285 -0.035532160425813107 0.040488771070878588 -0.054953373881996725 0.034907702359782571 -0.099210357253710635
leaf_weight=23.821723857894543 0.66594995930790801 63.247563380748034 1.8988743107765902 2.9446367472410193 1.3042514920234674 1.0125479754060505 10.147451093420383 3.4255400188267222 1.3481075763702381 9.2362688779830897 0.94705014675855714 0.75968293100595374 4.8178669624030581 0.53502245992422182
leaf_count=336 18 928 36 114 7 31 314 47 6 178 5 19 150 11
internal_value=-0.000512065 -0.00106417 -0.00458978 -0.005655 -0.00681001 -0.0602836 -0.0054879 -0.00904002 -0.00713818 -0.00832455 -0.0284622 0.0134025 0.0124338 0.00229786
internal_weight=126.113 125.447 100.865 98.9663 96.0217 2.3168 93.7049 78.2045 74.779 73.4309 10.1833 24.5814 15.5003 10.6825
internal_count=2200 2182 1827 1791 1677 38 1639 1164 1117 1111 183 355 475 325
is_linear=0
shrinkage=0.05


Tree=87
num_leaves=15
num_cat=0
split_feature=233 232 204 192 242 126 242 81 231 130 81 241 55 159
split_gain=2.83245 2.15153 1.86211 1.37824 1.45327 1.98457 2.91106 1.64909 2.68569 2.92551 1.43631 1.38978 1.36889 1.28587
threshold=1.0000000180025095e-35 1.0000000180025095e-35 1.0000000180025095e-35 1.0000000180025095e-35 2.5000000000000004 1.0000000180025095e-35 1.5000000000000002 1.0000000180025095e-35 1.0000000180025095e-35 1.0000000180025095e-35 1.0000000180025095e-35 2.5000000000000004 1.0000000180025095e-35 1.0000000180025095e-35
decision_type=2 2 2 2 2 2 2 2 2 2 2 2 2 2
left_child=1 2 3 4 5 7 10 8 9 -1 -7 -6 13 -2
right_child=12 -3 -4 -5 11 6 -8 -9 -10 -11 -12 -13 -14 -15
leaf_value=-0.011534006834757587 0.013700981378853345 0.06168371379676283 0.040662561215867692 0.064346597664951141 -0.054520754299024289 0.028314304193271675 0.098835754773108422 -9.3667842708590419e-05 -0.042833577452650554 0.059559605776240303 -0.054050729350477514 -0.0078705333776991678 0.051042227603663615 -0.036896746297907845
leaf_weight=36.508986620232463 19.021253781393177 1.1925769448280323 2.1038189753890029 0.67438819259405036 3.0899524800479403 1.5457462370395654 1.0942714344710114 41.885898457840085 6.8000523075461379 1.5067586787044991 0.80492598935961712 3.30331676825881 2.3015189245343199 1.3444153238087881
leaf_count=891 586 13 10 4 45 24 8 344 105 9 11 22 107 35
internal_value=-0.00147442 -0.00507504 -0.00587665 -0.00688381 -0.0073814 -0.00574768 0.0314702 -0.00722647 -0.0138929 -0.0087162 0.000110561 -0.0304172 0.0144914 0.0103608
internal_weight=123.178 100.511 99.3181 97.2143 96.5399 90.1466 3.44494 86.7017 44.8158 38.0157 2.35067 6.39327 22.6672 20.3657
internal_count=2214 1486 1473 1463 1459 1392 43 1349 1005 900 35 67 728 621
is_linear=0
shrinkage=0.05


Tree=88
num_leaves=15
num_cat=0
split_feature=231 177 1 55 14 221 161 128 241 35 192 33 227 136
split_gain=3.02708 2.77644 2.27074 2.3198 1.42829 2.29437 2.85277 1.72949 1.42365 1.33393 1.27307 1.25674 1.21084 2.88287
threshold=2.5000000000000004 1.0000000180025095e-35 1.0000000180025095e-35 1.0000000180025095e-35 1.0000000180025095e-35 1.0000000180025095e-35 1.0000000180025095e-35 1.0000000180025095e-35 1.5000000000000002 1.0000000180025095e-35 1.0000000180025095e-35 1.0000000180025095e-35 1.0000000180025095e-35 1.0000000180025095e-35
decision_type=2 2 2 2 2 2 2 2 2 2 2 2 2 2
left_child=1 2 3 4 7 6 -6 10 -4 -9 11 12 13 -1
right_child=-2 -3 8 -5 5 -7 -8 9 -10 -11 -12 -13 -14 -15
leaf_value=-0.012781218480905285 0.051298544550336389 0.10460608556434257 -0.037881734716266671 0.050844404581869562 -0.024046810753373948 -0.041502743621162685 0.042003494125508592 0.014859159534367939 0.059146299602933716 -0.077626844249484073 0.06105124681955957 0.05110963350034186 -0.00043013916862237567 0.074645915506962188
leaf_weight=56.172875909134746 2.7024975558742872 0.60543300583958526 0.4551225677132601 1.9136064229533065 2.24216314218938 1.587959952652455 6.034730052575469 0.53408455289900181 2.2323951441794634 1.4438776262104511 0.7145219836384048 0.95724589750170608 46.238926657475531 0.9590142797678699
leaf_count=1213 106 16 8 97 18 26 34 13 76 30 6 38 516 8
internal_value=-0.00104286 -0.00220144 -0.00273372 -0.00376187 -0.00465587 0.0135489 0.0241108 -0.00633393 0.0427149 -0.052654 -0.00546172 -0.00591726 -0.00644534 -0.0113137
internal_weight=124.794 122.092 121.487 118.799 116.885 9.86485 8.27689 107.021 2.68752 1.97796 105.043 104.328 103.371 57.1319
internal_count=2205 2099 2083 1999 1902 78 52 1824 84 43 1781 1775 1737 1221
is_linear=0
shrinkage=0.05


Tree=89
num_leaves=15
num_cat=0
split_feature=54 143 248 1 232 71 16 159 229 125 90 47 238 53
split_gain=4.2638 2.39308 2.01584 1.78477 1.5652 1.72616 1.30836 1.2739 1.19366 1.23833 2.1247 1.77062 1.53123 1.66226
threshold=1.0000000180025095e-35 1.0000000180025095e-35 1.5000000000000002 1.0000000180025095e-35 1.0000000180025095e-35 1.0000000180025095e-35 1.0000000180025095e-35 1.0000000180025095e-35 1.0000000180025095e-35 1.0000000180025095e-35 1.0000000180025095e-35 1.0000000180025095e-35 1.0000000180025095e-35 1.0000000180025095e-35
decision_type=2 2 2 2 2 2 2 2 2 2 2 2 2 2
left_child=2 7 3 4 5 8 -4 -2 9 -1 11 12 13 -11
right_child=1 -3 6 -5 -6 -7 -8 -9 -10 10 -12 -13 -14 -15
leaf_value=0.00060768606264990433 0.051262082890568862 -0.11278288758296336 0.083040364243298137 0.056183670511560993 0.048732452756654741 -0.059969679666879043 0.0069774131641435026 -0.033371403170424488 0.051828395890047854 -0.038866511582484241 0.036479035710504558 0.051526367232553473 0.038020148159342307 0.05147661981969618
leaf_weight=94.283136242069304 6.5824457071721545 0.24701098725199688 1.2080762404948464 1.3892711140215386 1.5698261391371477 1.2500361762940873 1.0626561399549246 0.47683088108897198 1.0637451913207758 9.401461048051706 1.6958183664828546 0.73629878647625524 0.79784916061908084 0.53830718807876188
leaf_count=1556 268 8 8 27 24 11 19 15 26 188 22 20 18 17
internal_value=0.00315491 0.0401926 0.000801722 -0.000137843 -0.00084063 -0.0015496 0.0474445 0.0455454 -0.00087664 -0.0013984 -0.0157601 -0.023481 -0.0286244 -0.0339738
internal_weight=122.303 7.30629 114.996 112.726 111.336 109.767 2.27073 7.05928 108.517 107.453 13.1697 11.4739 10.7376 9.93977
internal_count=2227 291 1936 1909 1882 1858 27 283 1847 1821 265 243 223 205
is_linear=0
shrinkage=0.05


Tree=90
num_leaves=15
num_cat=0
split_feature=233 242 243 4 47 81 53 35 242 241 241 244 159 229
split_gain=2.04404 1.73671 2.10759 2.32727 2.1582 2.72526 3.38972 3.58406 2.59183 1.84397 3.38377 1.67648 1.25618 1.18176
threshold=1.0000000180025095e-35 1.0000000180025095e-35 1.5000000000000002 1.0000000180025095e-35 1.0000000180025095e-35 1.0000000180025095e-35 1.0000000180025095e-35 1.0000000180025095e-35 1.5000000000000002 5.5000000000000009 4.5000000000000009 1.0000000180025095e-35 1.0000000180025095e-35 1.0000000180025095e-35
decision_type=2 2 2 2 2 2 2 2 2 2 2 2 2 2
left_child=13 -2 4 12 5 8 7 -7 9 10 11 -3 -4 -1
right_child=1 2 3 -5 -6 6 -8 -9 -10 -11 -12 -13 -14 -15
leaf_value=-0.0051717088354954286 0.033381329202199633 0.028030155566974791 0.051023991284635334 -0.12047630902189817 0.051508516490042726 0.05126251070168919 -0.22734295584561501 -0.098114995587202644 0.051954206130570141 0.050683198198718783 -0.10406767351929427 -0.042534765933200949 -0.040508255260906151 0.05166425484610912
leaf_weight=98.104492808692157 6.7576509006321457 1.7182701043784585 3.5713109541684385 0.23506594076752652 1.2685649674385793 0.63799341488629591 0.29071603156626213 1.0835379688069224 1.623953068628907 0.7844141637906431 1.2083558747544882 1.6499421298503874 0.41879265382885922 0.92319134436547656
leaf_count=1461 242 45 174 5 37 25 8 34 42 47 19 26 13 24
internal_value=-0.00162252 0.0124489 0.00268734 0.0324101 -0.00954592 -0.0181543 -0.0694241 -0.0427562 -0.00338435 -0.0201476 -0.0322878 -0.00653656 0.041417 -0.00464185
internal_weight=120.276 21.2486 14.4909 4.22517 10.2657 8.99718 2.01225 1.72153 6.98494 5.36098 4.57657 3.36821 3.9901 99.0277
internal_count=2202 717 475 192 283 246 67 59 179 137 90 71 187 1485
is_linear=0
shrinkage=0.05


Tree=91
num_leaves=15
num_cat=0
split_feature=233 193 241 71 231 130 163 241 143 230 234 231 142 135
split_gain=2.53136 1.85222 2.40585 1.54285 3.37269 1.59027 2.16254 4.12347 1.83332 1.58148 1.63576 2.0546 1.45802 1.33697
threshold=1.0000000180025095e-35 1.0000000180025095e-35 5.5000000000000009 1.0000000180025095e-35 1.5000000000000002 1.0000000180025095e-35 1.0000000180025095e-35 3.5000000000000004 1.0000000180025095e-35 1.0000000180025095e-35 1.0000000180025095e-35 2.5000000000000004 1.0000000180025095e-35 1.0000000180025095e-35
decision_type=2 2 2 2 2 2 2 2 2 2 2 2 2 2
left_child=1 2 12 5 -5 -2 7 -7 -8 10 11 -6 13 -1
right_child=3 -3 -4 4 9 6 8 -9 -10 -11 -12 -13 -14 -15
leaf_value=-0.0020526726600905844 0.035342670324373764 -0.086835539950293028 0.069494106104863396 -0.090471549020820163 -0.14988246848361039 0.0016613511506061993 0.03932191168668199 -0.14441770153034425 -0.09350985403062137 0.050924882247728634 0.022253771819492566 0.050701970054072724 -0.0713569769180145 -0.047784876799828346
leaf_weight=96.452686912380159 10.041017342358833 0.65558595210313697 1.1465590745210636 1.0170878134667867 0.40287204738706373 2.4275245387107129 3.4706917330622677 0.60311095416545857 0.28077558800578106 1.5067047374323008 0.8424434345215559 0.1868875315412879 0.78195170685648818 1.625080034136771
leaf_count=1445 332 5 7 7 20 59 157 9 12 81 27 11 6 24
internal_value=0.00021321 -0.00306657 -0.00251743 0.0161017 -0.0119942 0.0227085 0.00400348 -0.0274091 0.0293802 0.015165 -0.0224552 -0.0863197 -0.00335261 -0.00281042
internal_weight=121.441 100.662 100.006 20.7791 3.956 16.8231 6.7821 3.03064 3.75147 2.93891 1.4322 0.58976 98.8597 98.0778
internal_count=2202 1487 1482 715 146 569 237 68 169 139 58 31 1475 1469
is_linear=0
shrinkage=0.05


Tree=92
num_leaves=15
num_cat=0
split_feature=231 227 16 62 137 244 204 55 232 125 9 152 130 0
split_gain=2.95708 2.16224 2.48272 2.17646 2.4908 1.98934 1.7557 1.64781 1.7041 1.67204 1.46801 1.38535 3.31099 2.30441
threshold=1.0000000180025095e-35 1.0000000180025095e-35 1.0000000180025095e-35 1.0000000180025095e-35 1.0000000180025095e-35 1.0000000180025095e-35 1.0000000180025095e-35 1.0000000180025095e-35 1.0000000180025095e-35 1.0000000180025095e-35 1.0000000180025095e-35 1.0000000180025095e-35 1.0000000180025095e-35 1.0000000180025095e-35
decision_type=2 2 2 2 2 2 2 2 2 2 2 2 2 2
left_child=1 2 6 -3 -5 -6 -1 8 9 11 -11 -2 -13 -14
right_child=7 3 -4 4 5 -7 -8 -9 -10 10 -12 12 13 -15
leaf_value=-0.023534129247541981 0.014034353218209648 -0.022224520124012982 0.10364561767153069 0.077244062787496404 0.016443609290757673 -0.058513581087769308 0.082952813842691431 0.050996620496307321 0.05797975594263869 -0.006435733028431501 -0.073966454810388257 -0.017128567098671773 0.033570168451946387 -0.032237551386603024
leaf_weight=22.568855538032956 38.845671396702528 5.0025850143283597 0.40191182121634383 1.5137345045804949 7.5602334756404161 1.0025402940809724 0.39383259415626426 2.0584309082478276 1.5269005987793196 14.3215865381062 0.85267553851008493 13.601293550804257 7.4697584267705679 1.6185323186218736
leaf_count=704 510 59 4 9 119 15 2 112 35 238 14 175 143 31
internal_value=0.00137815 -0.0100253 -0.0195515 0.00473518 0.0181196 0.00766753 -0.0217078 0.00683792 0.00567609 0.00463498 -0.0102304 0.00830072 -0.00151555 0.0218505
internal_weight=118.739 38.4437 23.3646 15.0791 10.0765 8.56277 22.9627 80.2948 78.2364 76.7095 15.1743 61.5353 22.6896 9.08829
internal_count=2170 912 710 202 143 134 706 1258 1146 1111 252 859 349 174
is_linear=0
shrinkage=0.05


Tree=93
num_leaves=15
num_cat=0
split_feature=55 241 232 63 192 139 161 244 137 201 81 137 241 227
split_gain=1.9901 1.85968 1.59739 1.41826 1.46432 1.31694 1.35868 1.71747 7.4876 2.90754 2.70483 2.57616 8.20348 1.83575
threshold=1.0000000180025095e-35 5.5000000000000009 1.0000000180025095e-35 1.0000000180025095e-35 1.0000000180025095e-35 1.0000000180025095e-35 1.0000000180025095e-35 1.0000000180025095e-35 1.0000000180025095e-35 1.0000000180025095e-35 1.0000000180025095e-35 1.0000000180025095e-35 1.5000000000000002 1.0000000180025095e-35
decision_type=2 2 2 2 2 2 2 2 2 2 2 2 2 2
left_child=1 2 3 4 5 6 7 8 -1 10 13 12 -9 -10
right_child=-2 -3 -4 -5 -6 -7 -8 11 9 -11 -12 -13 -14 -15
leaf_value=0.13083814981312994 0.050913123107623338 0.03642466143415405 0.055129259912986374 0.00933510137184374 0.063300752713998432 -0.05737553788158626 -0.00048634471000671823 -0.20222056128038202 -0.043153505917426158 -0.067463041493995776 0.04189535963369722 -0.018822931748694566 0.042541302209000244 0.0091182004384114772
leaf_weight=1.0005709063261754 1.9340924229472864 3.3611826784908763 1.2396588725969184 22.31097225099802 0.78343644924461742 1.2002908485010255 60.505221497267485 0.75085083767771432 3.4000458009541017 1.9465862065553672 2.7033048663288355 13.17019284889102 0.62920936942100525 3.3195333760231733
leaf_count=19 113 130 31 302 10 24 958 17 108 13 29 335 17 73
internal_value=0.000610835 -0.000225551 -0.0013161 -0.00194242 -0.00475659 -0.0053582 -0.00464404 -0.0139888 -0.0002918 -0.0118319 -0.000339577 -0.0256334 -0.0906265 -0.0173308
internal_weight=118.255 116.321 112.96 111.72 89.4092 88.6258 87.4255 26.9203 12.37 11.3695 9.42288 14.5503 1.38006 6.71958
internal_count=2179 2066 1936 1905 1603 1593 1569 611 242 223 210 369 34 181
is_linear=0
shrinkage=0.05


Tree=94
num_leaves=15
num_cat=0
split_feature=241 231 71 216 128 235 233 221 204 242 242 126 227 241
split_gain=1.77584 1.37924 3.08993 1.24812 1.11656 1.64915 1.39773 1.66415 1.30937 1.07841 1.56956 2.62293 2.52105 1.33541
threshold=5.5000000000000009 2.5000000000000004 1.0000000180025095e-35 1.0000000180025095e-35 1.0000000180025095e-35 1.0000000180025095e-35 1.0000000180025095e-35 1.0000000180025095e-35 1.0000000180025095e-35 2.5000000000000004 1.5000000000000002 1.0000000180025095e-35 1.0000000180025095e-35 2.5000000000000004
decision_type=2 2 2 2 2 2 2 2 2 2 2 2 2 2
left_child=1 2 4 -3 6 -6 7 8 9 10 -1 12 -12 -11
right_child=-2 3 -4 -5 5 -7 -8 -9 -10 13 11 -13 -14 -15
leaf_value=-0.0036392552408665707 0.039044404047618969 0.051807773698364507 -0.073267201459840364 -0.042004729900288043 -0.050142499602738755 0.049231157456521811 0.015021462012655388 -0.060920854535271407 0.042556503914373656 -0.050069894359183256 0.030575934504856014 0.088225363438595578 -0.017094316890132601 -0.0029230939895254484
leaf_weight=74.028363420628011 2.8177237259224048 2.061962415464222 1.4983388241380442 0.42817168310284603 2.2997800651937719 0.5101063773036002 13.275696488097308 1.1952967010438431 1.6530637312680472 2.5691194152459493 5.9361047102138365 1.1307665314525372 5.205728018656373 3.615715816617012
leaf_count=1246 135 82 21 9 49 5 455 19 9 43 67 8 47 25
internal_value=-0.000173501 -0.00113102 -0.00194273 0.035677 -0.000983578 -0.0321022 -0.000178495 -0.00229516 -0.00155078 -0.00233914 -0.000893759 0.0156671 0.00830326 -0.0225074
internal_weight=118.226 115.408 112.918 2.49013 111.42 2.80989 108.61 95.3342 94.1389 92.4858 86.301 12.2726 11.1418 6.18484
internal_count=2220 2085 1994 91 1973 54 1919 1464 1445 1436 1368 122 114 68
is_linear=0
shrinkage=0.05


Tree=95
num_leaves=15
num_cat=0
split_feature=231 137 244 241 177 227 243 241 12 159 231 241 155 207
split_gain=3.44015 2.36178 4.34336 2.22844 2.15167 1.86827 1.74177 2.58228 2.30167 1.82854 1.67601 1.66429 3.07772 2.77581
threshold=1.0000000180025095e-35 1.0000000180025095e-35 1.0000000180025095e-35 1.0000000180025095e-35 1.0000000180025095e-35 1.0000000180025095e-35 1.5000000000000002 2.5000000000000004 1.0000000180025095e-35 1.0000000180025095e-35 1.5000000000000002 1.0000000180025095e-35 1.0000000180025095e-35 1.0000000180025095e-35
decision_type=2 2 2 2 2 2 2 2 2 2 2 2 2 2
left_child=1 2 3 -1 6 -3 -2 8 10 -9 -8 -7 13 -13
right_child=4 5 -4 -5 -6 11 7 9 -10 -11 -12 12 -14 -15
leaf_value=0.047463433803901334 0.0010264633803829548 -0.03021172486903085 -0.069858129091978596 -0.026328312293847786 0.099443269362316455 -0.034458919521083646 -0.053276416682164984 0.051256713396551939 0.058763180066752067 -0.030459503073069872 0.033260058332366768 0.085355039397191482 -0.014761755741282646 -0.0083497177066777575
leaf_weight=4.515040159225463 67.998938728123903 17.736533147282898 1.3145076781511305 1.3228863552212713 0.59446149971336026 3.5624590218067196 2.1966475304216138 5.8876901511102915 0.93606401048600663 0.77465758658945549 0.75075507909059513 1.8482378646731359 6.2921790592372417 1.3807482346892357
leaf_count=98 1008 601 33 16 18 93 42 157 18 14 23 29 50 19
internal_value=-0.00126013 -0.0136315 0.0122533 0.0307421 0.00467592 -0.0196386 0.00395867 0.0228654 -0.00954128 0.0417552 -0.0312341 -0.00530545 0.00560267 0.0452859
internal_weight=117.112 37.9726 7.15243 5.83793 79.1392 30.8202 78.5448 10.5458 3.88347 6.66235 2.9474 13.0836 9.52117 3.22899
internal_count=2219 939 147 114 1280 792 1262 254 83 171 65 191 98 48
is_linear=0
shrinkage=0.05


Tree=96
num_leaves=15
num_cat=0
split_feature=233 71 233 193 241 163 219 222 222 230 242 41 94 0
split_gain=2.06075 1.58744 3.18422 1.56896 2.07311 1.25087 1.39521 1.48553 1.21145 1.93656 2.82382 1.89152 1.15338 1.0877
threshold=1.0000000180025095e-35 1.0000000180025095e-35 1.5000000000000002 1.0000000180025095e-35 5.5000000000000009 1.0000000180025095e-35 1.0000000180025095e-35 1.0000000180025095e-35 1.0000000180025095e-35 1.5000000000000002 2.5000000000000004 1.0000000180025095e-35 1.0000000180025095e-35 1.0000000180025095e-35
decision_type=2 2 2 2 2 2 2 2 2 2 2 2 2 2
left_child=3 -2 -3 4 8 6 7 -4 12 10 -10 -11 13 -1
right_child=1 2 5 -5 -6 -7 -8 -9 9 11 -12 -13 -14 -15
leaf_value=-0.0003091959392225956 0.023155273327503782 -0.07777437621413294 0.051197849815551394 -0.077150243452873135 0.067501197217460063 0.050814204219315165 -0.13381929817825669 -0.083920119455235073 -0.049462544048678364 0.023944208553951137 0.044278314564634685 -0.018588270501629436 -0.055748567976422005 0.022854984922941041
leaf_weight=75.030596602708101 15.635496275499465 1.2623811103403562 0.62396309059113264 0.68401134666055341 1.087213011458515 1.4099851595237851 0.21659431699663401 0.30181855522096157 5.4790061227977285 4.4512169770896435 0.94141490384936322 6.33333526737988 0.89726217277347942 5.4348083958029738
leaf_count=1284 554 10 29 6 8 91 7 20 89 20 7 53 20 25
internal_value=0.0012045 0.0160997 -0.012819 -0.00168287 -0.00116488 0.0193075 -0.0195799 0.00714739 -0.00192227 -0.0139766 -0.0357175 -0.00103341 0.000626728 0.00125536
internal_weight=119.789 19.4502 3.81474 100.339 99.6549 2.55236 1.14238 0.925782 98.5676 17.205 6.42042 10.7846 81.3627 80.4654
internal_count=2223 711 157 1512 1506 147 56 49 1498 169 96 73 1329 1309
is_linear=0
shrinkage=0.05


Tree=97
num_leaves=15
num_cat=0
split_feature=231 177 55 41 52 1 71 47 143 128 137 231 248 243
split_gain=3.09857 2.22497 1.66347 1.51492 1.40488 1.34285 3.14924 1.31507 1.03049 1.97537 1.62966 1.03751 5.20828 1.40263
threshold=2.5000000000000004 1.0000000180025095e-35 1.0000000180025095e-35 1.0000000180025095e-35 1.0000000180025095e-35 1.0000000180025095e-35 1.0000000180025095e-35 1.0000000180025095e-35 1.0000000180025095e-35 1.0000000180025095e-35 1.0000000180025095e-35 1.5000000000000002 1.0000000180025095e-35 1.5000000000000002
decision_type=2 2 2 2 2 2 2 2 2 2 2 2 2 2
left_child=1 2 3 4 5 6 -1 8 9 11 -11 13 -13 -5
right_child=-2 -3 -4 7 -6 -7 -8 -9 -10 10 -12 12 -14 -15
leaf_value=-0.00015424906627750729 0.051684893486911646 0.097548993838386847 0.050904617769362906 -0.01129488666837 0.051469608271979932 0.046378770522005487 -0.077443022928741598 0.051326713327283106 0.02458457477809586 -0.16144537302983319 -0.02940334666223542 -0.11621674208140742 0.033231000378287766 -0.042682702030785308
leaf_weight=82.934245370328426 2.7950356835499397 0.56290693394839664 1.4605813566595305 11.208815599791722 1.3179350662976492 1.4978401893749822 1.3392754774540652 0.74506019242107768 1.4521289058029641 0.43034769408404727 0.51131235435605049 0.70686080679297347 3.3265440938994288 5.215362796559929
leaf_count=1468 122 16 91 123 38 65 32 24 23 11 15 12 86 70
internal_value=-0.000319203 -0.00160883 -0.00210655 -0.00280607 0.000238738 -0.000548459 -0.00138252 -0.0140438 -0.0161752 -0.0189411 -0.0897478 -0.0156818 0.00704004 -0.0212618
internal_weight=115.504 112.709 112.146 110.686 87.0893 85.7714 84.2735 23.5964 22.8514 21.3992 0.94166 20.4576 4.0334 16.4242
internal_count=2196 2074 2058 1967 1603 1565 1500 364 340 317 26 291 98 193
is_linear=0
shrinkage=0.05


Tree=98
num_leaves=15
num_cat=0
split_feature=248 231 159 161 241 230 242 137 161 81 35 94 135 192
split_gain=2.3824 1.66843 1.86466 2.90988 1.81106 1.5931 1.5823 1.74024 2.89949 1.50253 1.64671 1.47988 1.25228 1.018
threshold=1.5000000000000002 1.0000000180025095e-35 1.0000000180025095e-35 1.0000000180025095e-35 2.5000000000000004 1.0000000180025095e-35 1.5000000000000002 1.0000000180025095e-35 1.0000000180025095e-35 1.0000000180025095e-35 1.0000000180025095e-35 1.0000000180025095e-35 1.0000000180025095e-35 1.0000000180025095e-35
decision_type=2 2 2 2 2 2 2 2 2 2 2 2 2 2
left_child=1 6 11 4 9 -6 7 8 -1 -4 -11 12 13 -3
right_child=-2 2 3 -5 5 -7 -8 -9 -10 10 -12 -13 -14 -15
leaf_value=0.092548978622585765 0.052467439787183281 0.006777872611477425 -0.1001099110222707 0.042850432663289306 0.019787726328531589 -0.033833645840652925 -0.057106773362367483 -0.012236337050890899 0.002584212888960262 -0.050721073438511767 0.02703815503695603 -0.055157385206961673 0.057454744356069821 0.070029803353051645
leaf_weight=1.0290115606039751 2.2053399942815295 63.218469031155109 1.0361369326710663 1.917077191174031 3.0120664993301034 2.5645772935822606 1.6097870068624605 28.384713700972497 6.9082222878932953 2.8358280044049029 0.89596718363463868 0.92910768277943034 1.2752198055386532 0.64258840214460988
leaf_count=8 34 1011 17 23 43 39 40 745 131 46 18 23 12 6
internal_value=0.00098502 8.43794e-06 0.00417671 -0.0137304 -0.0242161 -0.00487158 -0.00859883 -0.00644896 0.0142476 -0.0468418 -0.0320519 0.00750026 0.00839401 0.00741433
internal_weight=118.464 116.259 78.327 12.2617 10.3446 5.57664 37.9317 36.3219 7.93723 4.76793 3.7318 66.0654 65.1363 63.8611
internal_count=2196 2162 1238 186 163 82 924 884 139 81 64 1052 1029 1017
is_linear=0
shrinkage=0.05


Tree=99
num_leaves=15
num_cat=0
split_feature=177 125 90 155 107 241 234 14 204 198 63 12 220 161
split_gain=1.76102 1.47275 3.3768 2.74408 1.89421 1.44726 1.50647 2.00763 2.00996 2.07904 1.78017 2.64477 1.51542 1.78666
threshold=1.0000000180025095e-35 1.0000000180025095e-35 1.0000000180025095e-35 1.0000000180025095e-35 1.0000000180025095e-35 5.5000000000000009 1.0000000180025095e-35 1.0000000180025095e-35 1.0000000180025095e-35 1.0000000180025095e-35 1.0000000180025095e-35 1.0000000180025095e-35 1.0000000180025095e-35 1.0000000180025095e-35
decision_type=2 2 2 2 2 2 2 2 2 2 2 2 2 2
left_child=1 4 -3 -4 5 6 7 8 9 -1 12 -12 13 -8
right_child=-2 2 3 -5 -6 -7 10 -9 -10 -11 11 -13 -14 -15
leaf_value=0.0029443732807037525 0.094845175593332096 -0.018348598109943423 -0.018879297390080162 0.11293841238455041 0.096786915884381375 0.041784533402170448 -0.023724696054845149 0.034257551938071285 0.071687607088101193 0.059818843533129808 0.002536415476155632 0.080726813164948535 -0.045372621344898674 0.010214755516848058
leaf_weight=58.242659812793136 0.53333957865834136 14.07370985858142 0.6785094719380147 0.94425257481634617 0.57104690745472808 2.6709206998348227 8.2683328818529862 6.8779554385691872 1.134681419469415 1.6524117179214943 10.863820817321539 1.201051406562329 3.2441590018570414 7.3023276319727293
leaf_count=1000 15 293 14 10 12 125 260 40 24 24 124 8 70 183
internal_value=0.00419502 0.00378434 -0.0104737 0.0578228 0.00597784 0.00546673 0.0044848 0.00864847 0.00576237 0.00451345 -0.00467155 0.0103202 -0.0142849 -0.00780777
internal_weight=118.259 117.726 15.6965 1.62276 102.029 101.458 98.7874 67.9077 61.0298 59.8951 30.8797 12.0649 18.8148 15.5707
internal_count=2202 2187 317 24 1870 1858 1733 1088 1048 1024 645 132 513 443
is_linear=0
shrinkage=0.05


Tree=100
num_leaves=15
num_cat=0
split_feature=241 232 71 233 233 229 137 194 223 12 244 243 220 152
split_gain=3.96871 1.62649 1.50684 2.06866 1.95498 1.26048 1.21912 1.21352 1.15403 1.09912 1.75289 2.20546 2.37532 3.02417
threshold=5.5000000000000009 1.0000000180025095e-35 1.0000000180025095e-35 1.5000000000000002 1.0000000180025095e-35 1.0000000180025095e-35 1.0000000180025095e-35 1.0000000180025095e-35 1.0000000180025095e-35 1.0000000180025095e-35 1.0000000180025095e-35 1.5000000000000002 1.0000000180025095e-35 1.0000000180025095e-35
decision_type=2 2 2 2 2 2 2 2 2 2 2 2 2 2
left_child=1 2 4 -4 5 -1 7 9 -5 10 -6 12 -12 -14
right_child=-2 -3 3 8 6 -7 -8 -9 -10 -11 11 -13 13 -15
leaf_value=-0.006747328736148671 0.056579164256189751 0.054595443595361164 -0.093509409219543094 -0.063904887653019424 0.020389432350528071 0.051641314791479764 0.034385381356591256 0.05098298466171533 0.051488856504767304 0.03064460569510127 -0.0091820115143391636 0.050713909165113959 -0.047407594631051736 -0.19380144364612617
leaf_weight=93.672581212595105 2.7989447722211471 1.1841818252578367 1.0971980988979333 0.34742842707782973 2.6271940432488883 0.93352469801902671 4.7031197780743232 1.1919681010767824 0.57567531336098909 1.9349945336580274 1.9783043107017875 0.69162650080397714 1.2271735239773987 0.49510638229548942
leaf_count=1438 126 33 6 15 91 25 176 69 19 57 52 44 32 15
internal_value=-0.00223322 -0.00369436 -0.00431356 -0.0471018 -0.00352378 -0.00617118 0.0133428 0.00358895 0.00805813 -0.00271992 -0.0119173 -0.0312415 -0.0465587 -0.0894917
internal_weight=115.459 112.66 111.476 2.0203 109.456 94.6061 14.8495 10.1464 0.923104 8.9544 7.0194 4.39221 3.70058 1.72228
internal_count=2198 2072 2039 40 1999 1463 536 360 34 291 234 143 99 47
is_linear=0
shrinkage=0.05


Tree=101
num_leaves=15
num_cat=0
split_feature=177 55 232 229 54 230 0 16 159 9 222 200 221 233
split_gain=1.78628 1.67229 1.33847 1.23907 1.15413 1.06744 2.04406 1.85066 0.951656 0.906217 1.2174 0.851576 0.767438 2.12012
threshold=1.0000000180025095e-35 1.0000000180025095e-35 1.0000000180025095e-35 1.0000000180025095e-35 1.0000000180025095e-35 1.0000000180025095e-35 1.0000000180025095e-35 1.0000000180025095e-35 1.0000000180025095e-35 1.0000000180025095e-35 1.0000000180025095e-35 1.0000000180025095e-35 1.0000000180025095e-35 1.0000000180025095e-35
decision_type=2 2 2 2 2 2 2 2 2 2 2 2 2 2
left_child=1 2 3 4 11 7 -7 8 9 -6 -11 12 -1 -14
right_child=-2 -3 -4 -5 5 6 -8 -9 -10 10 -12 -13 13 -15
leaf_value=-0.0032640084551669871 0.088756356208913645 0.05081113462305839 0.045341575277964591 0.051446076216095794 0.05133319518279527 0.05096882747990187 -0.087863746579640287 -0.082937458922333604 -0.057045768999886587 0.050981313382256505 -0.099795043578571371 -0.053598514582219696 -0.06369534427364984 0.051187827296985712
leaf_weight=100.94380532484502 0.55440571811050077 1.524167421273886 1.478650739416479 1.0525787519291032 1.4115330185741184 2.8784708920866255 0.29202233161777247 0.58867045678198326 0.37108802329748858 0.26546735037118185 0.27008053753525019 0.86867769248783488 1.5472537651658052 0.54236665740609158
leaf_count=1666 16 104 38 34 52 149 15 13 12 15 20 17 22 21
internal_value=-0.000775662 -0.00121094 -0.00191568 -0.00254502 -0.00306175 0.0181168 0.0381815 -0.00376772 0.0163365 0.0303221 -0.0250563 -0.00430051 -0.00388487 -0.0338771
internal_weight=114.589 114.035 112.511 111.032 109.979 6.07733 3.17049 2.90684 2.31817 1.94708 0.535548 103.902 103.033 2.08962
internal_count=2194 2178 2074 2036 2002 276 164 112 99 87 35 1726 1709 43
is_linear=0
shrinkage=0.05


Tree=102
num_leaves=15
num_cat=0
split_feature=241 55 192 229 90 225 216 227 241 53 139 219 242 227
split_gain=1.83511 1.71702 1.37818 1.09717 1.0712 1.41828 1.60008 1.52338 1.3913 1.2034 1.55511 1.12337 1.07929 2.46433
threshold=5.5000000000000009 1.0000000180025095e-35 1.0000000180025095e-35 1.0000000180025095e-35 1.0000000180025095e-35 1.0000000180025095e-35 1.0000000180025095e-35 1.0000000180025095e-35 1.0000000180025095e-35 1.0000000180025095e-35 1.0000000180025095e-35 1.0000000180025095e-35 2.5000000000000004 1.0000000180025095e-35
decision_type=2 2 2 2 2 2 2 2 2 2 2 2 2 2
left_child=1 2 3 4 5 6 9 11 -6 10 12 -8 -1 -14
right_child=-2 -3 -4 -5 8 -7 7 -9 -10 -11 -12 -13 13 -15
leaf_value=-0.0031876502074015857 0.04075770180219266 0.050772886490331896 0.066546449349233025 0.051386247114385025 -0.031911762736917801 -0.066765460483205738 -0.027352653536667673 0.076209344498011714 0.038653719640884092 0.052029003552656751 -0.062505802581762582 0.058120150840002938 -0.047689743123615361 0.0061743594844194602
leaf_weight=87.804315698333085 2.5909646814689031 1.53029179945588 0.71656007412820955 0.91844781395047803 0.91094464808702413 0.90587755851447482 1.1056525316089381 1.1878905408084393 2.995400158688426 0.9164504474028935 1.183300683274864 0.58932021725922834 4.4246041560545546 4.0828946772962809
leaf_count=1592 129 110 11 31 19 16 24 9 35 27 25 8 89 53
internal_value=-0.000831562 -0.00181769 -0.00256465 -0.00302737 -0.00349837 -0.00448055 -0.00392354 0.0327928 0.0221981 -0.0049991 -0.00553517 0.00236514 -0.00483522 -0.0218394
internal_weight=111.863 109.272 107.742 107.025 106.107 102.2 101.294 2.88286 3.90634 98.4116 97.4951 1.69497 96.3118 8.5075
internal_count=2178 2049 1939 1928 1897 1843 1827 41 54 1786 1759 32 1734 142
is_linear=0
shrinkage=0.05


Tree=103
num_leaves=15
num_cat=0
split_feature=231 177 235 128 134 137 14 161 166 0 194 248 16 248
split_gain=2.56202 1.6839 1.69411 1.69399 1.12934 1.64874 1.03079 1.21956 1.38907 1.03512 1.34736 4.70558 2.74035 0.995167
threshold=2.5000000000000004 1.0000000180025095e-35 1.0000000180025095e-35 1.0000000180025095e-35 1.0000000180025095e-35 1.0000000180025095e-35 1.0000000180025095e-35 1.0000000180025095e-35 1.0000000180025095e-35 1.0000000180025095e-35 1.0000000180025095e-35 1.0000000180025095e-35 1.0000000180025095e-35 1.0000000180025095e-35
decision_type=2 2 2 2 2 2 2 2 2 2 2 2 2 2
left_child=1 2 3 4 6 -6 9 -8 -9 13 11 -11 -12 -1
right_child=-2 -3 -4 -5 5 -7 7 8 -10 10 12 -13 -14 -15
leaf_value=-0.0053750671252121539 0.051593254341071398 0.085312851361215525 0.04966194765611779 -0.046790564667930676 0.020960716236317904 -0.065983838825520794 -0.022220549278901252 -0.017556736394183828 0.036947755931693464 0.052018190032307059 -0.1308409445483929 -0.059384501646484726 -0.0014236803068264502 0.006971955037251773
leaf_weight=69.249731452204287 2.206996805034577 0.53946350794285436 1.4929197095334519 2.2611317904666057 0.82245120964944285 1.6178725827485323 1.777867628261445 1.5174407297745345 5.0901512801647186 1.7418148554861539 0.77777615189552285 2.0796419270336628 0.86276890151202679 21.351457312703133
leaf_count=1414 108 15 9 50 12 18 22 26 30 9 6 34 15 421
internal_value=-0.00175154 -0.00281045 -0.00324011 -0.00396369 -0.00305773 -0.0366813 -0.00227215 0.0145398 0.0244307 -0.00373969 -0.0248784 -0.0086073 -0.0627799 -0.00246532
internal_weight=113.389 111.182 110.643 109.15 106.889 2.44032 104.449 8.38546 6.60759 96.0632 5.462 3.82146 1.64055 90.6012
internal_count=2189 2081 2066 2057 2007 30 1977 78 56 1899 64 43 21 1835
is_linear=0
shrinkage=0.05


Tree=104
num_leaves=15
num_cat=0
split_feature=241 193 55 94 71 231 244 220 130 227 126 192 201 153
split_gain=2.03774 1.44785 1.42181 1.07668 1.07297 2.03157 1.11135 1.67634 2.7938 1.29789 1.38227 1.37439 1.29278 1.23041
threshold=5.5000000000000009 1.0000000180025095e-35 1.0000000180025095e-35 1.0000000180025095e-35 1.0000000180025095e-35 2.5000000000000004 1.0000000180025095e-35 1.0000000180025095e-35 1.0000000180025095e-35 1.0000000180025095e-35 1.0000000180025095e-35 1.0000000180025095e-35 1.0000000180025095e-35 1.0000000180025095e-35
decision_type=2 2 2 2 2 2 2 2 2 2 2 2 2 2
left_child=2 -2 3 4 6 -6 7 8 -1 11 -11 13 -9 -8
right_child=1 -3 -4 -5 5 -7 9 12 -10 10 -12 -13 -14 -15
leaf_value=0.006929104993786731 0.056594478756259503 -0.079478706899656457 0.050726900852867511 -0.054916748070640287 -0.064256813028526469 0.05107323972550866 -0.012401857188353248 0.04454340642754176 -0.049282186985452073 0.0034901849392310817 0.06393721909039235 0.058842115984858716 -0.019498146288681396 0.072583467239798333
leaf_weight=45.9535280643031 2.4637244176119562 0.21233521029353131 1.4565326659940172 0.85416454635560413 1.4942073132842772 0.51292137056589115 30.028171983547516 4.5288050053641191 2.3221890032291403 21.805542468093339 0.98864247370511193 0.71693330444395442 0.95403258968144644 0.43202054128050704
leaf_count=770 126 2 112 22 19 24 750 77 36 230 10 11 11 7
internal_value=0.00267838 0.0457976 0.00164855 0.00100217 0.00143743 -0.0347842 0.00211228 0.00720073 0.00422519 -0.00295611 0.00611193 -0.00958593 0.0334 -0.0111965
internal_weight=114.724 2.67606 112.048 110.591 109.737 2.00713 107.73 53.7586 48.2757 53.9713 22.7942 31.1771 5.48284 30.4602
internal_count=2207 128 2079 1967 1945 43 1902 894 806 1008 240 768 88 757
is_linear=0
shrinkage=0.05


Tree=105
num_leaves=15
num_cat=0
split_feature=231 1 128 35 55 241 71 222 249 234 137 163 14 16
split_gain=2.46304 1.94466 2.32161 1.4683 1.46826 1.28103 1.20833 0.994846 1.4992 1.81201 1.85314 3.17094 2.18032 1.37348
threshold=2.5000000000000004 1.0000000180025095e-35 1.0000000180025095e-35 1.0000000180025095e-35 1.0000000180025095e-35 1.5000000000000002 1.0000000180025095e-35 1.0000000180025095e-35 1.0000000180025095e-35 1.0000000180025095e-35 1.0000000180025095e-35 1.0000000180025095e-35 1.0000000180025095e-35 1.0000000180025095e-35
decision_type=2 2 2 2 2 2 2 2 2 2 2 2 2 2
left_child=1 2 4 -4 6 -3 7 -1 -9 10 11 -10 -13 -12
right_child=-2 5 3 -5 -6 -7 -8 8 9 -11 13 12 -14 -15
leaf_value=-2.8812314081624039e-05 0.051342169692429322 -0.038836539708084816 0.017592166949523824 -0.080727173890877843 0.05068389269779059 0.058362307913123856 -0.043253566681300891 -0.054824911500891998 -0.030041248227183764 -0.048348841548787304 -0.022233204394778296 0.036114952779485607 0.16466393220711528 0.017036460414306561
leaf_weight=87.515005206689239 2.1862515350803724 0.40741152316331808 0.50585378147661608 1.5230331630446017 1.295420720707624 2.018194573931396 1.8206593366339792 1.9261534027755267 0.95147506706416352 2.3370076697319755 6.8988465145230293 0.80324415117502213 0.55969778262078762 3.2877844916656613
leaf_count=1543 120 8 13 30 107 90 43 51 24 43 54 26 3 41
internal_value=-0.00121743 -0.00224478 -0.00322636 -0.0562136 -0.00222534 0.0420365 -0.00287133 -0.00216628 -0.0133246 -0.00793737 -0.000382655 0.0400047 0.0889041 -0.00955873
internal_weight=114.036 111.85 109.424 2.02889 107.395 2.42561 106.1 104.279 16.7642 14.8381 12.501 2.31442 1.36294 10.1866
internal_count=2196 2076 1978 43 1935 98 1828 1785 242 191 148 53 29 95
is_linear=0
shrinkage=0.05


Tree=106
num_leaves=15
num_cat=0
split_feature=55 58 128 242 127 241 14 125 81 155 136 227 227 241
split_gain=1.26806 1.18414 1.18015 1.05064 0.961605 2.17466 0.985229 0.872744 2.25589 2.62119 2.83518 1.94813 1.59529 1.30801
threshold=1.0000000180025095e-35 1.0000000180025095e-35 1.0000000180025095e-35 1.5000000000000002 1.0000000180025095e-35 1.5000000000000002 1.0000000180025095e-35 1.0000000180025095e-35 1.0000000180025095e-35 1.0000000180025095e-35 1.0000000180025095e-35 1.0000000180025095e-35 1.0000000180025095e-35 4.5000000000000009
decision_type=2 2 2 2 2 2 2 2 2 2 2 2 2 2
left_child=1 2 4 -4 6 -6 7 -1 12 10 11 -10 13 -9
right_child=-2 -3 3 -5 5 -7 -8 8 9 -11 -12 -13 -14 -15
leaf_value=0.00097328824031653674 0.050469137526374844 0.051566125709127435 0.018429983515903022 -0.064619145185376078 -0.032071449238556697 0.032586937172898532 0.062749222668233448 -0.012131689813753396 -0.044684996261517639 0.037459260364113005 0.058447360341063362 0.046720674239218572 -0.10076388218225137 -0.089226615537875309
leaf_weight=87.541824631858617 1.1641768757253874 1.0230508064851154 0.52723598666489024 1.3713530395179985 6.2483150074258438 1.6421924242749808 0.61204520333558221 2.9231690783053614 4.4952774988487363 3.286981413140893 1.0184382647275922 0.66977685410529364 0.90920454077422608 0.67773033399134863
leaf_count=1639 110 33 15 33 55 29 9 102 75 42 7 8 24 9
internal_value=-0.00144714 -0.00198226 -0.00247172 -0.0415565 -0.00179728 -0.0186146 -0.000498038 -0.000879335 -0.0124799 0.00138049 -0.017798 -0.032832 -0.0415843 -0.0266418
internal_weight=114.111 112.947 111.924 1.89859 110.025 7.89051 102.134 101.522 13.9806 9.47047 6.18349 5.16505 4.5101 3.6009
internal_count=2190 2080 2047 48 1999 84 1915 1906 267 132 90 83 135 111
is_linear=0
shrinkage=0.05


Tree=107
num_leaves=15
num_cat=0
split_feature=232 63 177 125 107 153 241 230 1 143 242 243 241 196
split_gain=2.05224 1.95104 1.74393 1.90582 2.66662 2.41098 1.66371 4.0522 2.4022 2.23532 2.04794 1.99121 1.81958 1.47581
threshold=1.0000000180025095e-35 1.0000000180025095e-35 1.0000000180025095e-35 1.0000000180025095e-35 1.0000000180025095e-35 1.0000000180025095e-35 1.5000000000000002 1.5000000000000002 1.0000000180025095e-35 1.0000000180025095e-35 1.0000000180025095e-35 1.5000000000000002 2.5000000000000004 1.0000000180025095e-35
decision_type=2 2 2 2 2 2 2 2 2 2 2 2 2 2
left_child=1 2 3 4 6 -5 11 8 10 12 -8 -1 -9 -12
right_child=-2 -3 -4 5 -6 -7 7 9 -10 -11 13 -13 -14 -15
leaf_value=0.00063863649027106804 0.056283196732511122 0.0078393530311385851 0.083373226603764783 -0.030573481090039958 0.11171954638373004 0.066219240881924227 -0.023297888977478892 -0.038563698002907362 0.057811775830511142 -0.0806765672801249 -0.0039424552368451929 -0.078447580414773954 0.029183064392878457 -0.075674155132104237
leaf_weight=44.586599458009005 1.3800560738891352 23.10266628023237 0.51331884087994595 13.36473119538277 0.47966204769909282 0.67588620353490192 12.379638074897235 1.1642428059130923 0.74434916488826175 0.60454868152737606 0.8840353861451139 0.81035868544131417 6.6661254204809666 3.7961077773943543
leaf_count=966 42 344 13 305 9 17 167 25 36 14 11 14 176 52
internal_value=-0.00430985 -0.00507162 -0.00851317 -0.00906063 -0.00577934 -0.0259141 -0.00656609 -0.0165887 -0.0301132 0.0119583 -0.0339496 -0.000773093 0.0191103 -0.0621247
internal_weight=111.152 109.772 86.6696 86.1563 72.1157 14.0406 71.636 26.239 17.8041 8.43492 17.0598 45.397 7.83037 4.68014
internal_count=2191 2149 1805 1792 1470 322 1461 481 266 215 230 980 201 63
is_linear=0
shrinkage=0.05


Tree=108
num_leaves=15
num_cat=0
split_feature=248 1 55 128 229 211 202 244 35 62 137 231 130 81
split_gain=1.88847 1.95546 1.4123 1.15644 1.07538 0.896678 1.04518 1.34064 2.49887 1.97819 1.10965 1.31622 1.07765 0.862974
threshold=1.5000000000000002 1.0000000180025095e-35 1.0000000180025095e-35 1.0000000180025095e-35 1.0000000180025095e-35 1.0000000180025095e-35 1.0000000180025095e-35 1.5000000000000002 1.0000000180025095e-35 1.0000000180025095e-35 1.0000000180025095e-35 1.0000000180025095e-35 1.0000000180025095e-35 1.0000000180025095e-35
decision_type=2 2 2 2 2 2 2 2 2 2 2 2 2 2
left_child=1 2 3 4 5 6 7 -1 13 -10 11 -8 -12 -9
right_child=-2 -3 -4 -5 -6 -7 10 8 9 -11 12 -13 -14 -15
leaf_value=-0.0026020042566806062 0.046250908739222954 0.045804332324591607 0.050658927304112235 -0.041243996769918405 0.0513782968449914 0.039278874818489483 0.067075219440578579 0.024783384185818054 0.14618156982955327 0.030608428344943962 -0.043213007180049175 -0.026547572151633194 -0.0058080952720567739 -0.039493406356452508
leaf_weight=88.064906955696642 2.1469821273349217 2.1771633597090831 1.2551994002424169 1.9100303361192335 0.93570643616840143 1.2702625589445222 0.7528320923447589 1.0469062123447648 0.6148374080657959 0.9307175111025574 4.3225041069090366 0.74881945177912712 3.4724918249994516 1.041869499720633
leaf_count=1630 35 108 111 40 32 34 3 36 3 21 43 18 33 21
internal_value=-0.000185362 -0.00110386 -0.002064 -0.00269359 -0.00198011 -0.00246833 -0.0029934 -0.00137385 0.0283861 0.0765846 -0.0189681 0.0203889 -0.02655 -0.00727752
internal_weight=110.691 108.544 106.367 105.112 103.202 102.266 100.996 91.6992 3.63433 1.54555 9.29665 1.50165 7.795 2.08878
internal_count=2168 2133 2025 1914 1874 1842 1808 1711 81 24 97 21 76 57
is_linear=0
shrinkage=0.05


Tree=109
num_leaves=15
num_cat=0
split_feature=81 243 248 241 241 0 241 152 241 241 90 127 130 130
split_gain=1.61348 1.16272 2.23044 2.28516 1.26892 2.58723 1.17643 2.47385 2.67422 2.51536 3.27918 1.8332 1.53563 1.20446
threshold=1.0000000180025095e-35 1.0000000180025095e-35 1.0000000180025095e-35 1.5000000000000002 4.5000000000000009 1.0000000180025095e-35 3.5000000000000004 1.0000000180025095e-35 2.5000000000000004 1.0000000180025095e-35 1.0000000180025095e-35 1.0000000180025095e-35 1.0000000180025095e-35 1.0000000180025095e-35
decision_type=2 2 2 2 2 2 2 2 2 2 2 2 2 2
left_child=-1 4 3 -3 5 -2 7 8 9 12 11 -11 -4 -8
right_child=1 2 6 -5 -6 -7 13 -9 -10 10 -12 -13 -14 -15
leaf_value=-0.0055062458309477723 0.016581795465423321 -0.0062135954516499827 0.035725415844503602 -0.075097178967868439 -0.0036266014059271666 0.091424045846173183 -0.017844274018031108 -0.075290656957119992 0.074456559817464657 -0.053720046485613307 0.060794250516264581 -0.0059289027997086489 -0.037616803383523467 0.029705370258111694
leaf_weight=59.200881742406636 15.557691667228941 3.6359567083418396 4.6124642333015808 1.8000635392963884 6.6787982243113211 1.2473095189780004 1.6318744337186197 1.0648131445050246 1.2232756987214095 4.0050040762871486 1.1415250254794962 4.0213268157094717 0.84435201622545708 7.2425754931755364
leaf_count=1551 191 32 61 22 54 6 38 16 9 76 11 21 17 104
internal_value=0.000214227 0.0064046 8.29386e-05 -0.0290234 0.0148097 0.0221368 0.00621865 -0.00151732 0.00343946 -0.00250074 -0.0184986 -0.0297759 0.0243769 0.0209617
internal_weight=113.908 54.707 31.2232 5.43602 23.4838 16.805 25.7872 16.9128 15.8479 14.6247 9.16786 8.02633 5.45682 8.87445
internal_count=2209 658 407 54 251 197 353 211 195 186 108 97 78 142
is_linear=0
shrinkage=0.05


Tree=110
num_leaves=15
num_cat=0
split_feature=241 143 55 33 232 229 0 241 241 166 231 222 41 241
split_gain=1.62945 1.41258 1.37484 1.04338 1.02095 0.972506 0.962692 1.5218 2.01622 0.934154 2.21382 2.27423 2.68313 2.74801
threshold=5.5000000000000009 1.0000000180025095e-35 1.0000000180025095e-35 1.0000000180025095e-35 1.0000000180025095e-35 1.0000000180025095e-35 1.0000000180025095e-35 2.5000000000000004 4.5000000000000009 1.0000000180025095e-35 1.0000000180025095e-35 1.0000000180025095e-35 1.0000000180025095e-35 3.5000000000000004
decision_type=2 2 2 2 2 2 2 2 2 2 2 2 2 2
left_child=1 2 3 4 5 6 9 -8 -9 -1 -11 -12 -13 -14
right_child=-2 -3 -4 -5 -6 -7 7 8 -10 10 11 12 13 -15
leaf_value=-0.0088638676332169798 0.039407253778521001 0.040623721610610293 0.050631159051095921 0.050926012104898888 0.042240035019761327 0.051370585173263539 -0.0074185717172779737 0.068079317061872702 0.0029104624294779527 -0.065602315229355584 -0.0056676151294932685 0.10698401080048035 -0.046440963204064122 0.050101952596807248
leaf_weight=77.795497524552047 2.3913261983543626 1.881050994619726 1.1776736341416825 0.86697892751544614 1.1723468475975085 0.76787632890045543 6.4040766321122629 2.0091500151902437 2.8999144537374377 0.99406193196773429 6.925350100733338 1.1231112666428087 1.1129701808094981 2.1824543299153447
leaf_count=1517 129 43 109 42 24 26 38 22 33 14 107 17 21 29
internal_value=-0.0014139 -0.00232355 -0.0030898 -0.00369664 -0.00415469 -0.00468682 -0.00511113 0.00863708 0.0295823 -0.00683674 0.00594506 0.0122147 0.0402425 0.0174963
internal_weight=109.704 107.313 105.431 104.254 103.387 102.214 101.447 11.3131 4.90906 90.1334 12.3379 11.3439 4.41854 3.29542
internal_count=2171 2042 1999 1890 1848 1824 1798 93 55 1705 188 174 67 50
is_linear=0
shrinkage=0.05


Tree=111
num_leaves=15
num_cat=0
split_feature=231 207 206 0 243 238 71 241 130 223 62 227 241 233
split_gain=2.12497 2.0813 1.26344 1.09051 0.841699 0.78523 1.73474 0.866282 2.8553 4.05096 1.73123 3.05435 1.74543 2.95065
threshold=2.5000000000000004 1.0000000180025095e-35 1.0000000180025095e-35 1.0000000180025095e-35 1.5000000000000002 1.0000000180025095e-35 1.0000000180025095e-35 3.5000000000000004 1.0000000180025095e-35 1.0000000180025095e-35 1.0000000180025095e-35 1.0000000180025095e-35 1.5000000000000002 1.0000000180025095e-35
decision_type=2 2 2 2 2 2 2 2 2 2 2 2 2 2
left_child=1 3 -3 5 -5 6 7 10 9 -9 11 -1 -12 -14
right_child=-2 2 -4 4 -6 -7 -8 8 -10 -11 12 -13 13 -15
leaf_value=-0.0078138867362851777 0.051531708016120628 0.011186316121932887 0.073224327461874308 -0.067119739935928902 -0.0065326984516429322 0.03191336267673904 -0.07493983727830511 0.0045166890687540154 0.042683890480456926 -0.1119395144973791 0.0029373294903460557 -0.068253300694209526 -0.054778744657453297 0.051475046656678895
leaf_weight=9.7633188366889936 2.1698775179684153 28.24807889433578 0.84524676203727622 1.1392070529982439 1.1538506564684212 1.7048901561647642 0.81528486590832372 7.6801060205325467 4.4330738638527682 0.82717288099229325 44.865879827179015 2.6598175838589659 3.0495926020666952 0.83154701441526402
leaf_count=179 118 364 3 18 19 42 16 96 61 14 1089 47 78 27
internal_value=0.00254145 0.00155732 0.0129887 -0.00265658 -0.0366328 -0.00163989 -0.00240338 -0.00160541 0.0101478 -0.00680649 -0.00409176 -0.0207541 0.000154613 -0.0320135
internal_weight=110.187 108.017 29.0933 78.9237 2.29306 76.6307 74.9258 74.1105 12.9404 8.50728 61.1702 12.4231 48.747 3.88114
internal_count=2171 2053 367 1686 37 1649 1607 1591 171 110 1420 226 1194 105
is_linear=0
shrinkage=0.05


Tree=112
num_leaves=15
num_cat=0
split_feature=233 220 159 241 193 198 227 234 137 62 206 222 9 219
split_gain=2.65965 2.08019 2.30155 1.66568 1.47612 1.29807 13.3035 1.17786 1.31787 1.56108 1.11187 1.06115 1.58754 1.436
threshold=1.0000000180025095e-35 1.0000000180025095e-35 1.0000000180025095e-35 3.5000000000000004 1.0000000180025095e-35 1.0000000180025095e-35 1.0000000180025095e-35 1.0000000180025095e-35 1.0000000180025095e-35 1.0000000180025095e-35 1.0000000180025095e-35 1.0000000180025095e-35 1.0000000180025095e-35 1.0000000180025095e-35
decision_type=2 2 2 2 2 2 2 2 2 2 2 2 2 2
left_child=1 4 3 7 5 10 -7 8 -3 -10 -1 13 -13 -2
right_child=11 2 -4 -5 -6 6 -8 -9 9 -11 -12 12 -14 -15
leaf_value=-0.0022092194299034658 0.021916238360759514 0.005708963323772475 -0.048797659414885175 0.023103635527838118 -0.078638678766866615 -0.053310003018886234 0.21571910683921613 0.016705771407672747 0.023552691378545685 -0.051499590955699427 0.051494485688815088 0.051153966323950112 -0.016735831568695635 -0.014522613155762622
leaf_weight=70.365942129865289 7.4901483794674295 2.1319282799959201 5.0042431224137536 3.1003225967288008 0.60706594400107761 1.3394212778657668 0.69950676709413517 1.852511031553149 0.81137577444315123 4.7428487781435233 0.97718092054128547 3.9180021421052507 1.1036714408546684 4.231035219039768
leaf_count=1213 277 23 65 22 5 49 4 12 10 76 6 218 88 125
internal_value=-0.00132238 -0.00467055 -0.0200979 -0.00873466 -0.000991779 -0.000349431 0.0389874 -0.019083 -0.0277087 -0.0405358 -0.00147364 0.0170019 0.036233 0.00876278
internal_weight=108.375 91.6323 17.6432 12.639 73.9891 73.3821 2.03893 9.53866 7.68615 5.55422 71.3431 16.7429 5.02167 11.7212
internal_count=2193 1485 208 143 1277 1272 53 121 109 86 1219 708 306 402
is_linear=0
shrinkage=0.05


Tree=113
num_leaves=15
num_cat=0
split_feature=233 71 125 152 248 80 193 128 243 225 163 194 143 220
split_gain=1.99833 1.62105 1.67038 1.94138 1.21681 1.20733 1.2267 1.07126 1.03927 1.40765 1.12964 2.96457 1.75229 1.15297
threshold=1.0000000180025095e-35 1.0000000180025095e-35 1.0000000180025095e-35 1.0000000180025095e-35 1.5000000000000002 1.0000000180025095e-35 1.0000000180025095e-35 1.0000000180025095e-35 1.0000000180025095e-35 1.0000000180025095e-35 1.0000000180025095e-35 1.0000000180025095e-35 1.0000000180025095e-35 1.0000000180025095e-35
decision_type=2 2 2 2 2 2 2 2 2 2 2 2 2 2
left_child=4 8 3 -3 5 6 7 -1 -2 10 11 13 -12 -10
right_child=1 2 -4 -5 -6 -7 -8 -9 9 -11 12 -13 -14 -15
leaf_value=-0.00097229144210156783 0.042812940141086754 -0.081073199120598016 -0.077027838651091141 0.02933153033343321 0.040252584139888949 -0.068662342597982803 -0.072579249190111675 -0.046132829481921662 0.052567501566033764 -0.099313859857796782 0.050971746238629989 -0.11868272643437708 -0.068856739889942828 0.00030305448561792025
leaf_weight=89.934496656060219 4.7467103516683009 0.50700609013438191 0.82450021617114533 1.8549871942959726 1.6868477873504151 0.68645108491182227 0.6133564542978992 1.3326177932322014 1.4399106064811311 0.26539253816008646 3.2263650468084966 0.45468208473175753 0.33695028536021698 3.9498024266213179
leaf_count=1452 187 4 12 138 10 8 5 26 33 4 196 9 15 130
internal_value=0.00105639 0.016519 -0.0157554 0.00563296 -0.00183197 -0.00259888 -0.00210531 -0.00163169 0.0236509 0.0142479 0.0174515 0.00392284 0.0396407 0.014266
internal_weight=111.86 17.6063 3.18649 2.36199 94.2538 92.5669 91.8805 91.2671 14.4198 9.6731 9.40771 5.8444 3.56332 5.38971
internal_count=2229 728 154 142 1501 1491 1483 1478 574 387 383 172 211 163
is_linear=0
shrinkage=0.05


Tree=114
num_leaves=15
num_cat=0
split_feature=232 63 244 241 230 130 219 163 231 248 236 241 207 125
split_gain=1.6723 1.30647 1.18678 1.98341 1.88558 1.74621 3.35017 5.29376 1.60335 1.58952 1.56421 1.53511 1.3763 1.22457
threshold=1.0000000180025095e-35 1.0000000180025095e-35 1.0000000180025095e-35 3.5000000000000004 1.0000000180025095e-35 1.0000000180025095e-35 1.0000000180025095e-35 1.0000000180025095e-35 1.0000000180025095e-35 1.0000000180025095e-35 1.0000000180025095e-35 2.5000000000000004 1.0000000180025095e-35 1.0000000180025095e-35
decision_type=2 2 2 2 2 2 2 2 2 2 2 2 2 2
left_child=1 2 5 9 10 -1 -7 -8 -6 12 -5 -9 13 -4
right_child=-2 -3 3 4 8 6 7 11 -10 -11 -12 -13 -14 -15
leaf_value=0.0024525126855670077 0.056210021206113993 0.007257956293904206 -0.015324139436322376 -0.051799538985427697 -0.024871965526273448 0.051246372477618624 -0.14744942914612738 -0.063044045551291991 0.03815656865597794 -0.031059529312857714 0.017370140443895059 0.020078221014887376 0.046629375571471537 0.046746100748178039
leaf_weight=40.417132609523833 1.1823112983256567 22.072256579995155 15.020532391965387 1.9225914487615212 1.2874439135193823 0.96613979805260797 1.0517636649310591 0.91075276583433185 4.6654525017365813 14.127282389439644 1.421768977306783 1.4237921102903781 1.0668349321931607 0.83900245139375407
leaf_count=677 34 335 467 52 10 34 9 23 168 253 44 29 11 22
internal_value=-0.00292977 -0.00358207 -0.00639296 -0.0126117 0.00764778 -0.000787981 -0.0308794 -0.0543105 0.0245253 -0.0186773 -0.0223938 -0.0123494 -0.00834265 -0.0120405
internal_weight=108.375 107.193 85.1205 40.3509 9.29726 44.7696 4.35245 3.38631 5.9529 31.0537 3.34436 2.33454 16.9264 15.8595
internal_count=2168 2134 1799 1027 274 772 95 61 178 753 96 52 500 489
is_linear=0
shrinkage=0.05


Tree=115
num_leaves=15
num_cat=0
split_feature=248 81 211 204 206 229 16 155 125 227 233 92 241 227
split_gain=1.51135 1.12225 0.946892 0.88359 0.926713 0.818166 0.816074 1.16837 0.815081 2.22607 2.1612 1.75009 1.19488 0.991451
threshold=1.5000000000000002 1.0000000180025095e-35 1.0000000180025095e-35 1.0000000180025095e-35 1.0000000180025095e-35 1.0000000180025095e-35 1.0000000180025095e-35 1.0000000180025095e-35 1.0000000180025095e-35 1.0000000180025095e-35 1.0000000180025095e-35 1.0000000180025095e-35 1.0000000180025095e-35 1.0000000180025095e-35
decision_type=2 2 2 2 2 2 2 2 2 2 2 2 2 2
left_child=1 2 8 4 5 -3 -2 -8 13 10 -10 -12 -11 -1
right_child=6 3 -4 -5 -6 -7 7 -9 9 12 11 -13 -14 -15
leaf_value=-0.0093560368340362913 0.072563476245938549 0.0025945779749444934 0.04821420326110884 0.038646174410216352 0.054089277914122637 0.051367515727515994 -0.051269023294732687 0.055644526868725314 -0.05257189312715993 -0.17529137680146775 0.051329967000820875 -0.062222933600386693 -0.054882946206003161 0.0048489560337168745
leaf_weight=29.975950859952718 1.1089084614068261 49.594436152372509 0.83816205617040296 1.9488415727391828 0.91956800222396751 0.87502293195575376 0.43820806965231895 0.61301415087655187 1.5178052317351096 0.30707213468849648 1.5591431888751683 0.43370247818529595 0.62622530851513147 20.812260151840746
leaf_count=882 10 553 30 40 4 30 5 23 68 15 60 4 18 437
internal_value=0.00122541 0.000407701 -0.00453132 0.00559974 0.00434651 0.00344019 0.0426412 0.011077 -0.00533175 -0.0258656 -0.00761949 0.0266175 -0.0944995 -0.00353504
internal_weight=111.568 109.408 56.0703 53.3379 51.389 50.4695 2.16013 1.05122 55.2322 4.44395 3.51065 1.99285 0.933297 50.7882
internal_count=2179 2141 1514 627 587 583 38 28 1484 165 132 64 33 1319
is_linear=0
shrinkage=0.05


Tree=116
num_leaves=15
num_cat=0
split_feature=241 236 177 243 241 155 81 238 94 63 242 249 159 244
split_gain=1.29692 1.94888 1.24754 1.23398 1.15287 1.04484 3.79818 1.04648 0.882777 1.37347 1.16293 2.12236 2.50453 1.62411
threshold=2.5000000000000004 1.0000000180025095e-35 1.0000000180025095e-35 1.5000000000000002 1.5000000000000002 1.0000000180025095e-35 1.0000000180025095e-35 1.0000000180025095e-35 1.0000000180025095e-35 1.0000000180025095e-35 1.5000000000000002 1.0000000180025095e-35 1.0000000180025095e-35 1.0000000180025095e-35
decision_type=2 2 2 2 2 2 2 2 2 2 2 2 2 2
left_child=2 3 4 -2 5 7 -7 8 9 -1 11 12 -11 -13
right_child=1 -3 -4 -5 -6 6 -8 -9 -10 10 -12 13 -14 -15
leaf_value=-0.0015117251420751678 0.0020882321734905147 0.033951264607028547 0.078553700711006147 0.035512451504164495 -0.021699855227461057 -0.031691800360587996 0.071053750973507565 -0.04667964051726016 -0.054509506688389331 0.01924644371581602 0.058714962652272717 0.0081491711398819274 0.11995023899211724 -0.055824300442776156
leaf_weight=50.26543833874166 24.067651613149796 8.0350753311067802 0.50987171614542504 3.1192500973120323 5.6089563639834514 1.5543392049148672 2.1349375220015645 1.1592651726678003 0.70116389729082484 3.6187788601964694 1.5281661748886097 3.0930861476808786 0.74441860616207112 1.4605816192924974
leaf_count=1119 314 195 14 98 122 45 22 20 20 92 15 34 12 21
internal_value=0.00444813 0.0123171 0.000618836 0.00592311 6.59315e-05 0.00190842 0.0277657 0.000383828 0.00127224 0.00191648 0.0184143 0.0115076 0.0364278 -0.0123702
internal_weight=107.601 35.222 72.379 27.1869 71.8691 66.2602 3.68928 62.5709 61.4116 60.7105 10.445 8.91687 4.3632 4.55367
internal_count=2143 607 1536 412 1522 1400 67 1333 1313 1293 174 159 104 55
is_linear=0
shrinkage=0.05


Tree=117
num_leaves=15
num_cat=0
split_feature=136 58 55 125 90 231 242 241 231 126 163 78 244 236
split_gain=1.73672 1.34432 1.28505 1.19505 2.38377 1.01792 1.02053 1.3725 1.48483 1.35915 1.95861 0.989129 1.07562 1.59175
threshold=1.0000000180025095e-35 1.0000000180025095e-35 1.0000000180025095e-35 1.0000000180025095e-35 1.0000000180025095e-35 2.5000000000000004 2.5000000000000004 3.5000000000000004 1.5000000000000002 1.0000000180025095e-35 1.0000000180025095e-35 1.0000000180025095e-35 1.0000000180025095e-35 1.0000000180025095e-35
decision_type=2 2 2 2 2 2 2 2 2 2 2 2 2 2
left_child=1 2 3 5 -5 6 9 -8 -9 11 -11 12 -1 -14
right_child=-2 -3 -4 4 -6 -7 7 8 -10 10 -12 -13 13 -15
leaf_value=0.00077835295769460597 0.046988839947550189 0.051495916992593219 0.050694315388703004 -0.030377557566790076 0.032524813334168255 0.050670443455725245 -0.042406207001987474 -0.018600691116836359 0.052910075328396956 0.0080704050292764937 0.099178191808950322 -0.055303636501682907 -0.015721670080166998 0.013321777893638621
leaf_weight=43.472189335618168 1.5871519716456521 1.0173827586695541 0.98128503374755283 10.568003292195495 1.7564899241551764 0.8187301317229857 4.1381468065083009 2.9777351040393119 0.95989329833537329 3.0954744908958669 0.7287800759077071 0.96859234198927779 29.140492592006922 5.6288293497636905
leaf_count=699 17 38 107 264 23 73 66 26 40 45 7 14 683 80
internal_value=-0.00492774 -0.00570325 -0.00625624 -0.00679229 -0.0214127 -0.00483219 -0.00533095 -0.0222992 -0.00116819 -0.00368065 0.0254326 -0.00508623 -0.00446457 -0.0110198
internal_weight=107.839 106.252 105.235 104.253 12.3245 91.9289 91.1101 8.07578 3.93763 83.0344 3.82425 79.2101 78.2415 34.7693
internal_count=2182 2165 2127 2020 287 1733 1660 132 66 1528 52 1476 1462 763
is_linear=0
shrinkage=0.05


Tree=118
num_leaves=15
num_cat=0
split_feature=241 137 231 130 231 244 0 219 159 241 53 222 163 219
split_gain=1.13325 1.25735 2.06052 3.9378 1.95343 1.57858 1.46834 2.7489 1.64369 2.01129 1.67579 1.44573 1.37407 2.06002
threshold=5.5000000000000009 1.0000000180025095e-35 1.0000000180025095e-35 1.0000000180025095e-35 1.0000000180025095e-35 1.5000000000000002 1.0000000180025095e-35 1.0000000180025095e-35 1.0000000180025095e-35 1.5000000000000002 1.0000000180025095e-35 1.0000000180025095e-35 1.0000000180025095e-35 1.0000000180025095e-35
decision_type=2 2 2 2 2 2 2 2 2 2 2 2 2 2
left_child=1 2 3 11 5 -3 8 -8 10 -10 12 -1 13 -4
right_child=-2 4 6 -5 -6 -7 7 -9 9 -11 -12 -13 -14 -15
leaf_value=0.03111627895649385 0.038617377316374116 -0.014141978456981201 0.014606345594694647 0.16755958575698227 0.0055523861575122978 0.031586485703988358 -0.14618664012210422 0.017899948338497104 -0.13860188237696411 0.0094601667267570494 -0.066319058403075934 -0.052111492462568777 0.039746395743406326 -0.039344548126923264
leaf_weight=6.7044708672910955 2.2897536191157988 25.752643404528502 10.679903962416587 0.51616981625556935 53.452687594573945 2.0365140400826922 0.45562545955181011 0.58036329783499241 0.42146859876811404 0.50321667455136776 0.68385206488892336 0.56582104042172421 3.8469434655271462 2.1206863871775559
leaf_count=124 126 734 246 2 672 37 7 27 7 17 20 23 141 39
internal_value=0.00380799 0.00307216 0.012403 0.0341133 -3.78751e-05 -0.0107908 0.00364051 -0.054265 0.00692651 -0.058026 0.0103919 0.024639 0.0135431 0.00566825
internal_weight=110.61 108.32 27.0785 7.78646 81.2418 27.7892 19.2921 1.03599 18.2561 0.924685 17.3314 7.27029 16.6475 12.8006
internal_count=2222 2096 653 149 1443 771 504 34 470 24 446 147 426 285
is_linear=0
shrinkage=0.05


Tree=119
num_leaves=15
num_cat=0
split_feature=177 62 94 235 78 14 125 90 155 47 241 116 241 1
split_gain=1.10346 0.904102 1.11407 1.03179 0.948201 0.931364 0.812116 2.01148 1.2761 1.02934 1.10535 1.2113 0.892189 0.842985
threshold=1.0000000180025095e-35 1.0000000180025095e-35 1.0000000180025095e-35 1.0000000180025095e-35 1.0000000180025095e-35 1.0000000180025095e-35 1.0000000180025095e-35 1.0000000180025095e-35 1.0000000180025095e-35 1.0000000180025095e-35 1.5000000000000002 1.0000000180025095e-35 4.5000000000000009 1.0000000180025095e-35
decision_type=2 2 2 2 2 2 2 2 2 2 2 2 2 2
left_child=1 2 5 4 6 -1 13 9 -9 10 11 -8 -12 -3
right_child=-2 3 -4 -5 -6 -7 7 8 -10 -11 12 -13 -14 -15
leaf_value=0.014848820365449192 0.074914118914794103 -9.4471093239066774e-06 -0.054512083023935613 0.040930869226556858 0.068192845158344506 -0.046158216789066397 -0.038838748320940239 -0.017266046304164142 0.069558989954853184 0.051231731222765531 0.012153708219047746 0.03637980593759213 -0.04391607344699397 0.036634764030510289
leaf_weight=20.746372598223395 0.5214494657702734 71.375496577937156 0.62886308878660102 1.4967020777985443 0.49324414134025474 0.6450553173199286 7.2907259166240639 0.67721312120556887 1.1281951945275068 0.4935052804648884 3.0383673752658074 0.57763915695250023 0.92561496281996358 1.6047428841702629
leaf_count=325 14 1460 18 15 3 14 191 15 13 17 61 5 22 96
internal_value=0.00234924 0.00200872 0.0110809 -0.000233348 -0.000936627 0.0130092 -0.00132805 -0.0122992 0.0369907 -0.0195189 -0.0224698 -0.0333167 -0.000938941 0.000796313
internal_weight=111.643 111.122 22.0203 89.1014 87.6047 21.3914 87.1115 14.1313 1.80541 12.3259 11.8323 7.86837 3.96398 72.9802
internal_count=2269 2255 357 1898 1883 339 1880 324 28 296 279 196 83 1556
is_linear=0
shrinkage=0.05


Tree=120
num_leaves=15
num_cat=0
split_feature=159 198 47 63 163 232 137 241 222 163 241 248 244 236
split_gain=1.96052 2.50854 2.35936 1.997 1.92541 1.26291 1.20938 1.33559 2.92095 1.0273 2.48412 1.56221 1.61074 1.98864
threshold=1.0000000180025095e-35 1.0000000180025095e-35 1.0000000180025095e-35 1.0000000180025095e-35 1.0000000180025095e-35 1.0000000180025095e-35 1.0000000180025095e-35 1.5000000000000002 1.0000000180025095e-35 1.0000000180025095e-35 3.5000000000000004 1.5000000000000002 1.0000000180025095e-35 1.0000000180025095e-35
decision_type=2 2 2 2 2 2 2 2 2 2 2 2 2 2
left_child=1 2 5 6 -5 9 -2 8 -8 11 -11 12 -1 -14
right_child=3 -3 -4 4 -6 -7 7 -9 -10 10 -12 -13 13 -15
leaf_value=0.0017831447489479934 -0.095599230026503779 0.068139469522178017 0.051213843260557758 0.014230045858181503 -0.032113953557289715 0.056003959092701484 -0.019706648405253217 -0.059926784214595831 0.12381820896753648 -0.003483728911792377 0.03595192074047323 0.074163655145356555 -0.02457013349785532 0.025074261449918506
leaf_weight=47.690325044794008 0.57847718335688014 1.5103977229446162 2.4755228166468433 9.305443328805266 2.952194049488754 1.055441113654523 10.454764026217159 1.9364626165479428 0.36693702265620309 10.191750461002814 6.5660233451053491 0.66717304103076358 12.956284298328681 2.3892190260812631
leaf_count=835 11 21 95 102 48 39 341 62 8 162 207 7 245 56
internal_value=0.000640164 0.00427419 0.00312572 -0.0114999 0.00306831 0.00166536 -0.0248895 -0.0216834 -0.0148401 0.000952574 0.0119679 -0.00194514 -0.00275067 -0.0168407
internal_weight=111.096 85.5021 83.9917 25.5943 12.2576 81.5162 13.3366 12.7582 10.8217 80.4608 16.7578 63.703 63.0358 15.3455
internal_count=2239 1667 1646 572 150 1551 422 411 349 1512 369 1143 1136 301
is_linear=0
shrinkage=0.05


Tree=121
num_leaves=15
num_cat=0
split_feature=231 71 125 152 242 1 177 55 63 135 236 235 128 204
split_gain=1.91721 1.16308 1.3698 1.55942 1.13857 2.58116 1.05547 0.871623 0.849409 1.15514 1.18499 0.910396 1.20927 1.38073
threshold=2.5000000000000004 1.0000000180025095e-35 1.0000000180025095e-35 1.0000000180025095e-35 1.0000000180025095e-35 1.0000000180025095e-35 1.0000000180025095e-35 1.0000000180025095e-35 1.0000000180025095e-35 1.0000000180025095e-35 1.0000000180025095e-35 1.0000000180025095e-35 1.0000000180025095e-35 1.0000000180025095e-35
decision_type=2 2 2 2 2 2 2 2 2 2 2 2 2 2
left_child=1 6 3 -3 5 -5 7 8 11 10 -10 12 -1 -14
right_child=-2 2 -4 4 -6 -7 -8 -9 9 -11 -12 -13 13 -15
leaf_value=-0.0026892309880978921 0.051652560793448425 -0.077871596766909135 -0.094414679606629442 -0.20911775127470478 0.051605723046559165 0.050465591386988556 0.071090332503589121 0.050425312331927367 0.0028818008154385274 0.05877098249705081 0.059889520901014896 0.04243629079559777 -0.018852881870645682 -0.11771181869640564
leaf_weight=77.934457376599312 1.7779595879837859 0.60697411745786589 0.68614113517105568 0.15617277659475803 0.87253380613401532 0.24757296312600374 0.52125057671219011 0.8421406620182087 20.466739770956345 1.0650685466825951 0.95406076312065025 1.0858918279409397 1.4562640190124501 0.46628943178802718
leaf_count=1480 114 4 6 9 63 24 14 98 302 15 11 11 40 5
internal_value=0.000156148 -0.000696658 -0.033932 -0.0118958 0.019481 -0.0499438 0.000118238 -0.000236552 -0.000649052 0.00794786 0.00542087 -0.00303727 -0.00365561 -0.0428298
internal_weight=109.14 107.362 2.56939 1.88325 1.27628 0.403746 104.792 104.271 103.429 22.4859 21.4208 80.9429 79.857 1.92255
internal_count=2196 2082 106 100 96 33 1976 1962 1864 328 313 1536 1525 45
is_linear=0
shrinkage=0.05


Tree=122
num_leaves=15
num_cat=0
split_feature=241 14 200 177 58 229 241 222 223 204 237 237 219 204
split_gain=2.34968 1.45505 1.10603 1.08799 1.06348 1.04099 0.96407 1.01916 0.80715 1.44092 2.90345 1.4404 3.06478 2.00423
threshold=5.5000000000000009 1.0000000180025095e-35 1.0000000180025095e-35 1.0000000180025095e-35 1.0000000180025095e-35 1.0000000180025095e-35 2.5000000000000004 1.0000000180025095e-35 1.0000000180025095e-35 1.0000000180025095e-35 1.0000000180025095e-35 1.0000000180025095e-35 1.0000000180025095e-35 1.0000000180025095e-35
decision_type=2 2 2 2 2 2 2 2 2 2 2 2 2 2
left_child=1 3 -2 4 5 8 7 -3 11 -10 -11 13 -13 -1
right_child=2 6 -4 -5 -6 -7 -8 -9 9 10 -12 12 -14 -15
leaf_value=-0.009456146489798388 0.056288615714985571 -0.017980856114192957 -0.073698702628208421 0.067874039234927172 0.051200764466446919 0.051294990226575868 0.050633788802233654 0.024409551110272973 0.0094851166773767294 -0.12676364635445564 0.019844127241728675 0.0073130586636210304 -0.11705767974103609 0.046212223446799483
leaf_weight=77.688593817409128 2.1432569846510883 2.3832578845322123 0.17717422544956196 0.49378581950440903 0.79103201441466708 0.75936993025243182 1.6357087679207323 3.5004984112456441 11.962877370882776 0.60285668820142813 0.76782641373574734 1.0494098290801037 0.9381733639165758 1.6512214560061682
leaf_count=1566 131 27 1 15 33 31 33 31 218 10 17 21 22 30
internal_value=-0.0033997 -0.00450762 0.0463636 -0.006155 -0.00653493 -0.00701356 0.0166787 0.00723901 -0.00748131 0.00392137 -0.0446372 -0.00935077 -0.0513921 -0.00829758
internal_weight=106.545 104.225 2.32043 96.7051 96.2114 95.4203 7.51947 5.88376 94.661 13.3336 1.37068 81.3274 1.98758 79.3398
internal_count=2186 2054 132 1963 1948 1915 91 58 1884 245 27 1639 43 1596
is_linear=0
shrinkage=0.05


Tree=123
num_leaves=15
num_cat=0
split_feature=231 63 137 161 241 242 222 243 137 161 241 81 16 236
split_gain=1.05556 1.56964 1.75609 1.29596 1.28428 1.12588 0.883527 1.37231 1.66947 2.14924 2.91369 2.19215 1.79996 1.49071
threshold=1.0000000180025095e-35 1.0000000180025095e-35 1.0000000180025095e-35 1.0000000180025095e-35 1.0000000180025095e-35 1.0000000180025095e-35 1.0000000180025095e-35 1.5000000000000002 1.0000000180025095e-35 1.0000000180025095e-35 4.5000000000000009 1.0000000180025095e-35 1.0000000180025095e-35 1.0000000180025095e-35
decision_type=2 2 2 2 2 2 2 2 2 2 2 2 2 2
left_child=1 2 -1 -3 -4 -6 7 8 -2 13 -11 12 -12 -10
right_child=6 3 4 -5 5 -7 -8 -9 9 10 11 -13 -14 -15
leaf_value=0.010517871005589359 -0.014650464173037581 0.018599660407163075 -0.039613264370585488 -0.05263018652749693 -0.006015268081984191 -0.055665568705333013 0.015889462587041808 0.04449314260113324 -0.0092746619814399085 0.032226461216918682 -0.002192523142706499 0.0078772236754658335 -0.10338516882774439 0.039368177900303711
leaf_weight=7.1638500569388297 12.225944746052845 8.6149462424218619 5.2342495382763472 0.68969184160232622 12.55701865069568 1.255998316220938 17.757005413062871 1.9295883355662216 18.619102157652382 12.973793261684479 0.83429852221161016 6.0427066897973418 0.92852091835811734 1.720607048831879
leaf_count=147 300 128 197 18 383 27 417 48 282 144 10 42 13 16
internal_value=0.00274813 -0.00432232 -0.0105851 0.0133199 -0.0185221 -0.0105299 0.00618654 0.00306947 0.0015711 0.00639427 0.0177039 -0.00643451 -0.0554932 -0.00515979
internal_weight=108.547 35.5158 26.2111 9.30464 19.0473 13.813 73.0316 55.2746 53.345 41.119 20.7793 7.80553 1.76282 20.3397
internal_count=2172 900 754 146 607 410 1272 855 807 507 209 65 23 298
is_linear=0
shrinkage=0.05


Tree=124
num_leaves=15
num_cat=0
split_feature=231 201 71 234 136 193 243 41 242 135 223 52 155 225
split_gain=1.68901 1.61282 1.71826 1.2276 1.19056 1.17099 1.17166 1.70495 1.60655 2.56092 4.33488 1.6546 1.37805 1.42769
threshold=1.5000000000000002 1.0000000180025095e-35 1.0000000180025095e-35 1.0000000180025095e-35 1.0000000180025095e-35 1.0000000180025095e-35 1.5000000000000002 1.0000000180025095e-35 1.0000000180025095e-35 1.0000000180025095e-35 1.0000000180025095e-35 1.0000000180025095e-35 1.0000000180025095e-35 1.0000000180025095e-35
decision_type=2 2 2 2 2 2 2 2 2 2 2 2 2 2
left_child=1 2 5 -3 -2 6 8 -8 -1 10 12 -12 13 -10
right_child=4 3 -4 -5 -6 -7 7 -9 9 -11 11 -13 -14 -15
leaf_value=0.00091923901108367204 0.01626678731375544 -0.01512898839588828 -0.072807049796862519 0.03689735307811922 0.10465504141594278 -0.066141012801795837 0.040330490292773725 -0.041399973288799456 0.023914716137775779 0.11088144272758112 -0.033837403342080533 0.052227434788968463 0.053511432497386581 -0.056916414051411492
leaf_weight=47.138517254497856 11.865587558364492 21.18285651225597 0.73921358585357566 1.1979599408805359 0.39361711312085468 0.59312510024756093 0.82227851077914182 2.8486695140600204 8.8036985734943336 0.71434637904167075 4.7190699912607661 0.63340201601386059 4.145872773602604 0.58242119103670198
leaf_count=1143 475 170 5 14 8 5 7 82 159 3 77 12 47 9
internal_value=0.00164779 -0.000625957 0.00302977 -0.0123442 0.0191047 0.00381933 0.00440868 -0.0230927 0.00592142 0.0179525 0.0144373 -0.0236526 0.0295034 0.018899
internal_weight=106.381 94.1214 71.7406 22.3808 12.2592 71.0014 70.4083 3.67095 66.7373 19.5988 18.8845 5.35247 13.532 9.38612
internal_count=2216 1733 1549 184 483 1544 1539 89 1450 307 304 89 215 168
is_linear=0
shrinkage=0.05


Tree=125
num_leaves=15
num_cat=0
split_feature=54 63 235 0 219 177 41 47 192 81 62 239 159 139
split_gain=1.67187 1.36113 1.20555 1.02208 2.01993 0.923211 1.15399 1.47476 1.36184 1.23198 2.54937 1.03999 0.921049 1.05926
threshold=1.0000000180025095e-35 1.0000000180025095e-35 1.0000000180025095e-35 1.0000000180025095e-35 1.0000000180025095e-35 1.0000000180025095e-35 1.0000000180025095e-35 1.0000000180025095e-35 1.0000000180025095e-35 1.0000000180025095e-35 1.0000000180025095e-35 1.0000000180025095e-35 1.0000000180025095e-35 1.0000000180025095e-35
decision_type=2 2 2 2 2 2 2 2 2 2 2 2 2 2
left_child=1 2 5 12 -5 6 9 8 11 10 -1 -8 13 -2
right_child=3 -3 -4 4 -6 -7 7 -9 -10 -11 -12 -13 -14 -15
leaf_value=-0.13865413662056636 0.051613471980697871 0.010099939776546449 0.041537934454620673 -0.17344982269408671 0.050768505021127119 0.061219817525954338 -0.025974197056548121 0.051008150644069654 0.055789321595174905 0.006298960010664649 -0.0066698578571648005 0.035717136828999053 -0.030501591736598478 -0.022637344265900507
leaf_weight=0.36976496875286002 3.758036835351958 22.499695049598813 1.4378306423313905 0.17908215895295132 0.22875320399180055 0.52810484496876497 14.381369329523292 0.76287556579336602 0.56846228335052806 25.999282343313098 34.747450458817184 0.71722532343119461 0.48579113092273463 0.55072326865047205
leaf_count=9 227 322 19 8 17 15 275 36 11 259 952 14 16 27
internal_value=0.000652631 -0.000757374 -0.00382968 0.028301 -0.0476867 -0.00466517 -0.00511386 -0.0168777 -0.0201833 -0.00195138 -0.00805958 -0.0230437 0.0347647 0.0421231
internal_weight=107.214 102.012 79.5124 5.20239 0.407835 78.0745 77.5464 16.4299 15.6671 61.1165 35.1172 15.0986 4.79455 4.30876
internal_count=2207 1912 1590 295 25 1571 1556 336 300 1220 961 289 270 254
is_linear=0
shrinkage=0.05


Tree=126
num_leaves=15
num_cat=0
split_feature=58 221 14 241 33 229 243 47 241 241 166 220 231 243
split_gain=1.03934 0.863735 1.62042 1.13643 0.868314 0.718511 0.737283 1.42009 1.42859 1.41861 2.26668 2.22513 2.01708 2.54985
threshold=1.0000000180025095e-35 1.0000000180025095e-35 1.0000000180025095e-35 2.5000000000000004 1.0000000180025095e-35 1.0000000180025095e-35 1.0000000180025095e-35 1.0000000180025095e-35 5.5000000000000009 1.0000000180025095e-35 1.0000000180025095e-35 1.0000000180025095e-35 1.5000000000000002 1.5000000000000002
decision_type=2 2 2 2 2 2 2 2 2 2 2 2 2 2
left_child=1 2 4 -4 5 6 -1 8 9 12 11 -11 13 -8
right_child=-2 -3 3 -5 -6 -7 7 -9 -10 10 -12 -13 -14 -15
leaf_value=-0.00047204711816072585 0.05131790872740797 -0.039512905783325017 0.012398828199785848 0.064467710736635167 0.050919381850867133 0.051175689306807853 0.020952085288768168 0.051087444432411214 0.05407005375250408 -0.079334677859107111 -0.0049775864444244157 -0.024439254872164855 -0.047606818790637183 -0.068920157412504707
leaf_weight=62.397745801135898 0.93013671506196161 1.4942818791605521 6.4216493470594278 1.2522631906904278 0.74206181336194177 0.5999621800146987 7.8712026379071158 0.93789170403033395 0.81551854335702856 2.3940924759954205 11.707910189405084 8.0627463655546308 1.6981664737686504 0.87718381197191764
leaf_count=1319 41 34 42 22 39 29 126 42 82 32 258 113 22 24
internal_value=-0.00130825 -0.00176456 -0.00123131 0.0208957 -0.00296212 -0.00337279 -0.00371101 -0.00959215 -0.0112947 -0.0129293 -0.0200886 -0.0370076 0.00226086 0.0119408
internal_weight=108.203 107.273 105.778 7.67391 98.1045 97.3624 96.7625 34.3647 33.4268 32.6113 22.1647 10.4568 10.4466 8.74839
internal_count=2225 2184 2150 64 2086 2047 2018 699 657 575 403 145 172 150
is_linear=0
shrinkage=0.05


Tree=127
num_leaves=15
num_cat=0
split_feature=231 216 139 196 55 94 220 243 47 241 47 241 231 137
split_gain=1.79056 1.20884 1.39444 1.12483 0.900474 0.792155 0.78027 0.618184 2.76999 1.14897 1.19505 0.958485 2.27083 5.72646
threshold=2.5000000000000004 1.0000000180025095e-35 1.0000000180025095e-35 1.0000000180025095e-35 1.0000000180025095e-35 1.0000000180025095e-35 1.0000000180025095e-35 1.0000000180025095e-35 1.0000000180025095e-35 5.5000000000000009 1.0000000180025095e-35 1.5000000000000002 1.0000000180025095e-35 1.0000000180025095e-35
decision_type=2 2 2 2 2 2 2 2 2 2 2 2 2 2
left_child=1 2 4 -4 5 7 -3 8 11 10 -9 12 -1 -14
right_child=-2 6 3 -5 -6 -7 -8 9 -10 -11 -12 -13 13 -15
leaf_value=0.00064583268693861357 0.051712117490972598 -0.048312545541375929 -0.098240617014603029 0.0027553386444915187 0.050712869677212905 -0.054163117826880672 0.0024919616647345964 -0.0060680117246963055 -0.081727104068625878 0.054113920895772688 0.051214704125960443 -0.0025003262777171442 -0.038744087159216262 0.038988270738946763
leaf_weight=23.177806341089308 1.7118786037899543 2.0737022180110207 0.6339978864416469 0.48780589876696467 0.92964725638739665 0.64022460579872031 1.1891269758343699 36.641296449117362 0.91248618252575298 0.85080905677750607 0.9337001908570518 21.298123060725629 2.885680604726077 13.240781661123037
leaf_count=739 123 34 12 17 115 20 18 499 29 68 34 240 53 193
internal_value=0.000984364 0.00016431 0.00111682 -0.0543235 0.0017295 0.00127676 -0.029797 0.00163191 0.00473989 -0.00334359 -0.00464459 0.00604182 0.0106706 0.0250788
internal_weight=107.607 105.895 102.632 1.1218 101.511 100.581 3.26283 99.9407 61.5149 38.4258 37.575 60.6024 39.3043 16.1265
internal_count=2194 2071 2019 29 1990 1875 52 1855 1254 601 533 1225 985 246
is_linear=0
shrinkage=0.05


Tree=128
num_leaves=15
num_cat=0
split_feature=137 249 161 16 243 243 0 54 53 126 47 63 206 126
split_gain=1.54312 1.66371 4.16489 4.07382 1.66159 1.6055 2.05534 1.34231 1.1223 1.81005 0.892092 0.823173 1.1582 0.968529
threshold=1.0000000180025095e-35 1.0000000180025095e-35 1.0000000180025095e-35 1.0000000180025095e-35 1.0000000180025095e-35 1.5000000000000002 1.0000000180025095e-35 1.0000000180025095e-35 1.0000000180025095e-35 1.0000000180025095e-35 1.0000000180025095e-35 1.0000000180025095e-35 1.0000000180025095e-35 1.0000000180025095e-35
decision_type=2 2 2 2 2 2 2 2 2 2 2 2 2 2
left_child=1 2 -1 4 -4 6 8 10 9 -3 11 12 13 -2
right_child=7 5 3 -5 -6 -7 -8 -9 -10 -11 -12 -13 -14 -15
leaf_value=0.16963181129628316 -0.0085763262510155959 -0.0030495101255550851 0.017952740800096904 0.15142395087245203 -0.058200011733699077 0.038035792337106404 -0.090096868944709377 0.05115512754801195 -0.062789111140078263 0.059193372980006598 0.051042368904200441 0.0024994199455251843 0.048472411037370954 -0.043930531272001749
leaf_weight=0.49255256727338093 54.176203459966928 13.971456591505557 5.8038896061480045 0.53962063789367665 0.81714658439159382 2.5905675918329498 0.66965687647461969 1.0666977185755957 0.69560077041387636 1.2745804237201817 0.69616064848378201 21.623596380464733 0.86462543345987697 2.0090193757787338
leaf_count=6 1019 377 120 2 21 157 13 72 15 23 33 306 6 33
internal_value=-0.00109576 0.00928192 0.0289946 0.0193208 0.00855422 0.00142511 -0.00428441 -0.00456053 -0.0006797 0.00215404 -0.00530933 -0.00580797 -0.00895672 -0.00984049
internal_weight=107.291 26.8551 7.65321 7.16066 6.62104 19.2019 16.6113 80.4363 15.9416 15.246 79.3696 78.6734 57.0498 56.1852
internal_count=2203 734 149 143 141 585 428 1469 415 400 1397 1364 1058 1052
is_linear=0
shrinkage=0.05


Tree=129
num_leaves=15
num_cat=0
split_feature=137 244 161 219 233 130 1 234 41 243 53 198 244 201
split_gain=1.60636 1.5414 4.87422 3.39276 2.57893 2.18932 1.53313 1.449 1.43909 2.18573 1.3028 1.28069 1.33649 1.32029
threshold=1.0000000180025095e-35 1.0000000180025095e-35 1.0000000180025095e-35 1.0000000180025095e-35 1.0000000180025095e-35 1.0000000180025095e-35 1.0000000180025095e-35 1.0000000180025095e-35 1.0000000180025095e-35 1.0000000180025095e-35 1.0000000180025095e-35 1.0000000180025095e-35 1.0000000180025095e-35 1.0000000180025095e-35
decision_type=2 2 2 2 2 2 2 2 2 2 2 2 2 2
left_child=1 2 4 6 -1 8 10 -2 9 -4 -3 12 -9 -14
right_child=7 3 5 -5 -6 -7 -8 11 -10 -11 -12 -13 13 -15
leaf_value=0.22413329955262881 -0.0068831838909319352 -0.031000214311861504 0.011815423783638264 0.032815775698198234 0.051426945882479216 0.074834520703796689 0.056078266879333885 -0.057332100660345046 0.06046555260922374 -0.054972892816538103 0.054002335476781529 -0.053426979928675206 0.0089147466034171906 0.064695587790038631
leaf_weight=0.43508602306246835 53.79223838634789 7.281548638828097 9.2833876106888003 4.8577215741388491 0.4295633751899004 1.4057717123068876 0.61818468151614059 0.72755513526499882 1.2131476197391755 1.411218749824912 0.48051379062235344 0.83633566834032436 23.548664495348934 1.110852344892918
leaf_count=3 881 181 201 207 17 48 34 18 19 19 9 40 507 17
internal_value=0.00139351 0.0118385 0.0232943 -0.000430887 0.138332 0.0158232 -0.0197028 -0.00218532 0.00885658 0.0030023 -0.0257381 0.00745145 0.00945699 0.0114275
internal_weight=107.432 27.4161 14.1782 13.238 0.864649 13.3135 8.38025 80.0156 11.9078 10.6946 7.76206 26.2234 25.3871 24.6595
internal_count=2201 738 307 431 20 287 224 1463 239 220 190 582 542 524
is_linear=0
shrinkage=0.05


Tree=130
num_leaves=15
num_cat=0
split_feature=201 63 231 130 231 225 211 232 134 244 137 33 58 137
split_gain=1.25923 1.09751 2.31838 1.8403 1.62513 2.1517 1.83395 1.29437 1.23579 1.02308 1.2022 1.01378 1.05211 0.986565
threshold=1.0000000180025095e-35 1.0000000180025095e-35 1.0000000180025095e-35 1.0000000180025095e-35 1.5000000000000002 1.0000000180025095e-35 1.0000000180025095e-35 1.0000000180025095e-35 1.0000000180025095e-35 1.0000000180025095e-35 1.0000000180025095e-35 1.0000000180025095e-35 1.0000000180025095e-35 1.0000000180025095e-35
decision_type=2 2 2 2 2 2 2 2 2 2 2 2 2 2
left_child=1 2 3 -1 5 8 7 11 13 10 -2 12 -6 -4
right_child=9 -3 4 -5 6 -7 -8 -9 -10 -11 -12 -13 -14 -15
leaf_value=-0.023843548468818511 0.035786384885532221 0.0048471338998088186 -0.0064850540756004414 0.075789151832360124 -0.038778415600581373 0.086400269657113796 0.05238399501884388 0.052779106216843501 -0.058516858687981857 0.02160360579884691 -0.0041454693662513207 0.050651734292646494 0.050892027305653724 0.013098837725084567
leaf_weight=19.90861260518432 2.1627521947957584 23.523522536735982 11.052006233017899 0.474519994109868 7.1634296451229567 0.79730851948261161 0.82384970504790622 0.49312010430730868 0.79093360900878806 9.364020276116209 14.668525686021894 0.36496078222990025 0.34276959346607316 15.380034153815359
leaf_count=714 57 343 217 5 192 4 26 25 11 194 114 23 22 256
internal_value=-0.00117511 -0.00425307 -0.00797008 -0.0215241 -0.000545062 0.00543865 -0.0187931 -0.0258038 0.00306744 0.00835592 0.000985615 -0.0307269 -0.0346836 0.00491024
internal_weight=107.31 81.1151 57.5915 20.3831 37.2084 28.0203 9.18813 8.36428 27.223 26.1953 16.8313 7.87116 7.5062 26.432
internal_count=2203 1838 1495 719 776 488 288 262 484 365 171 237 214 473
is_linear=0
shrinkage=0.05


Tree=131
num_leaves=15
num_cat=0
split_feature=134 232 161 166 231 0 244 244 137 207 219 235 242 234
split_gain=2.24901 0.943681 0.840765 2.40925 2.28705 2.22556 2.39994 2.58852 3.93399 2.07471 2.12078 1.50622 1.40757 4.54457
threshold=1.0000000180025095e-35 1.0000000180025095e-35 1.0000000180025095e-35 1.0000000180025095e-35 1.5000000000000002 1.0000000180025095e-35 1.5000000000000002 1.0000000180025095e-35 1.0000000180025095e-35 1.0000000180025095e-35 1.0000000180025095e-35 1.0000000180025095e-35 1.0000000180025095e-35 1.0000000180025095e-35
decision_type=2 2 2 2 2 2 2 2 2 2 2 2 2 2
left_child=1 2 3 5 -5 6 7 8 -1 10 -10 -4 -9 -14
right_child=-2 -3 11 4 -6 -7 -8 12 9 -11 -12 -13 13 -15
leaf_value=0.14050552856754492 -0.052859860375556768 0.055798315013271205 0.0051503985102895342 -0.052191567122453458 0.01895965271902909 0.076068915747331919 0.035047640662574583 -0.028773841798289831 0.013939049477065327 -0.063031588027254282 -0.052199582729686791 0.065151994106610142 -0.052769982320859166 0.057911410968017989
leaf_weight=0.54395227879286068 1.8510675113648165 0.83147658593952556 57.172572300070897 4.2063273605890563 1.543969430029392 0.97854380868375201 4.2441469477489582 11.418499208055435 14.630384924821554 1.0837681889534003 1.3215490225702531 1.0654219626449037 1.7288244147785001 2.0007445029914379
leaf_count=18 33 38 1184 61 42 6 69 329 327 14 25 11 34 21
internal_value=0.00176345 0.00274731 0.00231459 -0.00292741 -0.0330873 0.00164246 -0.000327406 -0.00491486 0.00813816 0.00391165 0.00845975 0.00624808 -0.0200632 0.00660556
internal_weight=104.621 102.77 101.939 43.7007 5.7503 37.9504 36.9719 32.7277 17.5797 17.0357 15.9519 58.238 15.1481 3.72957
internal_count=2212 2179 2141 946 103 843 837 768 384 366 352 1195 384 55
is_linear=0
shrinkage=0.05


Tree=132
num_leaves=15
num_cat=0
split_feature=241 12 223 248 139 35 135 248 242 196 81 155 163 161
split_gain=0.916964 1.80883 1.30975 1.748 1.26442 1.18944 1.12569 1.40074 1.3321 1.04044 0.981981 1.60251 1.69312 1.38348
threshold=4.5000000000000009 1.0000000180025095e-35 1.0000000180025095e-35 1.0000000180025095e-35 1.0000000180025095e-35 1.0000000180025095e-35 1.0000000180025095e-35 1.5000000000000002 3.5000000000000004 1.0000000180025095e-35 1.0000000180025095e-35 1.0000000180025095e-35 1.0000000180025095e-35 1.0000000180025095e-35
decision_type=2 2 2 2 2 2 2 2 2 2 2 2 2 2
left_child=2 -2 4 9 6 -5 7 8 10 -4 13 -12 -13 -1
right_child=1 -3 3 5 -6 -7 -8 -9 -10 -11 11 12 -14 -15
leaf_value=-0.0075060610308257314 -0.0095353665979346462 0.068545248526745525 -0.031511570357006274 -0.023984041189874645 -0.060305413889553551 0.019359392749867876 -0.050249653639490223 0.069085456402446649 -0.065072993110165955 -0.11713615684946964 0.0076988982029957409 0.051296920621126979 -0.00048615067267810622 0.011734672087884583
leaf_weight=18.652301629539579 24.128938747104261 0.76526557933539052 3.1727645285427557 2.6102323029190302 0.70572988362982769 4.0213812016882002 0.84931836649775405 0.91597950691357155 0.63793895626440544 0.3994488026946782 22.386789806187156 4.9359655417501918 2.3206761600449681 18.718276449711993
leaf_count=569 448 14 86 56 20 68 15 8 9 6 258 49 47 548
internal_value=0.00124937 -0.00713511 0.00384781 -0.0128894 0.0062833 0.00229923 0.00696027 0.00766891 0.00683735 -0.0410862 0.0075219 0.0143177 0.0347367 0.00213129
internal_weight=105.221 24.8942 80.3268 10.2038 70.123 6.63161 69.4172 68.5679 67.6519 3.57221 67.014 29.6434 7.25664 37.3706
internal_count=2201 462 1739 216 1523 124 1503 1488 1480 92 1471 354 96 1117
is_linear=0
shrinkage=0.05


Tree=133
num_leaves=15
num_cat=0
split_feature=63 235 136 227 12 33 177 241 12 107 125 55 231 225
split_gain=1.28052 1.19064 1.13979 0.890212 2.25145 0.840893 0.841662 0.758182 0.744713 0.743711 1.8605 0.745176 0.683645 1.52748
threshold=1.0000000180025095e-35 1.0000000180025095e-35 1.0000000180025095e-35 1.0000000180025095e-35 1.0000000180025095e-35 1.0000000180025095e-35 1.0000000180025095e-35 1.0000000180025095e-35 1.0000000180025095e-35 1.0000000180025095e-35 1.0000000180025095e-35 1.0000000180025095e-35 2.5000000000000004 1.0000000180025095e-35
decision_type=2 2 2 2 2 2 2 2 2 2 2 2 2 2
left_child=1 2 5 8 7 6 9 -5 -2 11 -11 12 -1 -14
right_child=3 -3 -4 4 -6 -7 -8 -9 -10 10 -12 -13 13 -15
leaf_value=-0.0073212451599349972 0.028644721829347426 0.046006137198412123 0.036875314391944171 -0.055077147710482194 0.067617890211114876 0.050906953414633561 0.05741362205948275 -0.0016268676260975069 -0.0095574502945100243 0.11129133085561507 -0.03385710290363414 0.050363952679081073 0.051138053287792008 -0.071216051774536174
leaf_weight=76.183813326992095 7.6120671210810542 1.2091070082969952 1.6727734827436496 0.70647603645920476 1.1797484084963805 0.67118081729859014 0.53154213493689795 10.895863647572696 1.5325551657006142 0.44890993274748225 0.43441808316856623 0.57738056080415745 1.2445008580107231 0.32084278948605049
leaf_count=1577 143 15 18 14 7 37 15 140 27 9 12 80 101 4
internal_value=-0.000419193 -0.00324921 -0.00397474 0.0103314 0.00180998 -0.00482452 -0.00529361 -0.0048815 0.0222424 -0.00571441 0.0399078 -0.00622891 -0.00664918 0.0260596
internal_weight=105.221 83.2945 82.0854 21.9267 12.7821 80.4126 79.7414 11.6023 9.14462 79.2099 0.883328 78.3265 77.7492 1.56534
internal_count=2199 1868 1853 331 161 1835 1798 154 170 1783 21 1762 1682 105
is_linear=0
shrinkage=0.05


Tree=134
num_leaves=15
num_cat=0
split_feature=241 152 219 244 242 236 161 1 207 155 233 136 231 231
split_gain=1.18503 1.79677 1.70251 2.47822 3.66377 1.75904 1.67156 1.49437 1.46334 1.41311 1.75863 1.23723 1.56256 0.968615
threshold=2.5000000000000004 1.0000000180025095e-35 1.0000000180025095e-35 1.0000000180025095e-35 1.0000000180025095e-35 1.0000000180025095e-35 1.0000000180025095e-35 1.0000000180025095e-35 1.0000000180025095e-35 1.0000000180025095e-35 1.0000000180025095e-35 1.0000000180025095e-35 1.5000000000000002 1.0000000180025095e-35
decision_type=2 2 2 2 2 2 2 2 2 2 2 2 2 2
left_child=2 -2 8 4 -4 -6 -5 -3 9 11 -11 12 -1 -10
right_child=1 7 3 6 5 -7 -8 -9 13 10 -12 -13 -14 -15
leaf_value=-0.0015311447441812424 0.055869214847514809 0.00087685290179140621 0.0319213728549732 -0.043549135812233734 -0.057679406469607002 -0.14269000811531662 0.0065300152196946723 0.05786954721241943 -0.013071660377231896 -0.057832658811398874 0.022639519050037724 0.048862424794186059 -0.036757500692331205 0.032478819761165782
leaf_weight=44.425782687030733 1.6895784074440587 31.180124891689047 0.86755671352147823 2.3371211052872241 1.8279529772698881 0.91216243430972088 5.8050437897909433 1.1942122562322754 1.5679254680871952 2.5011567668989296 0.93187878839671601 1.1319062840193499 3.3881267616525284 4.5652816123329103
leaf_count=1129 40 474 14 50 42 8 96 98 26 54 25 12 85 30
internal_value=-0.0020508 0.00560254 -0.00576125 -0.0231297 -0.0576267 -0.0859788 -0.00784467 0.00297918 -0.00227347 -0.0049792 -0.0359889 -0.0028042 -0.00402731 0.0208341
internal_weight=104.326 34.0639 70.2619 11.7498 3.60767 2.74012 8.14216 32.3743 58.5121 52.3789 3.43304 48.9458 47.8139 6.13321
internal_count=2183 612 1571 210 64 50 146 572 1361 1305 79 1226 1214 56
is_linear=0
shrinkage=0.05


Tree=135
num_leaves=15
num_cat=0
split_feature=231 94 55 33 58 128 18 200 229 136 231 219 161 41
split_gain=1.43004 0.836922 0.7513 0.714373 0.722724 0.886568 0.707355 0.703494 0.543242 0.494475 0.526236 2.28202 1.79659 1.31872
threshold=2.5000000000000004 1.0000000180025095e-35 1.0000000180025095e-35 1.0000000180025095e-35 1.0000000180025095e-35 1.0000000180025095e-35 1.0000000180025095e-35 1.0000000180025095e-35 1.0000000180025095e-35 1.0000000180025095e-35 1.5000000000000002 1.0000000180025095e-35 1.0000000180025095e-35 1.0000000180025095e-35
decision_type=2 2 2 2 2 2 2 2 2 2 2 2 2 2
left_child=1 2 3 4 5 6 -1 8 9 10 -8 12 -12 -14
right_child=-2 -3 -4 -5 -6 -7 7 -9 -10 -11 11 -13 13 -15
leaf_value=-0.04433663394384954 0.05188804067147338 -0.053760452385064141 0.050632908552198264 0.050867361758073409 0.051444482903854671 -0.031429467711265972 0.0024302450809395222 -0.041016106635811678 0.05128756030306552 0.028546797253233093 0.013916844670002588 0.024051235253460562 -0.026515945992470716 -0.095469559181949951
leaf_weight=0.83996811881661315 1.4206013176590193 0.6836377140134563 0.77991963946260412 0.72380741406232019 0.70555480010807414 2.1069410983473054 87.500082498881966 0.95246397610753675 0.5595932281576087 1.7074143663048733 1.2588158324360836 2.6409000330604613 1.5174742029048502 1.2768166158348322
leaf_count=24 110 23 107 41 27 41 1489 24 21 11 34 137 62 31
internal_value=0.0020638 0.00137829 0.0017458 0.00137122 0.00101675 0.000662228 0.0013504 0.00174435 0.00216657 0.00187994 0.00139656 -0.0121151 -0.0356802 -0.0580234
internal_weight=104.674 103.253 102.57 101.79 101.066 100.36 98.2535 97.4136 96.4611 95.9015 94.1941 6.69401 4.05311 2.79429
internal_count=2182 2072 2049 1942 1901 1874 1833 1809 1785 1764 1753 264 127 93
is_linear=0
shrinkage=0.05


Tree=136
num_leaves=15
num_cat=0
split_feature=137 231 241 216 194 71 233 230 12 244 227 0 219 207
split_gain=1.96532 1.83354 1.67996 1.76189 1.59412 1.58131 1.41613 1.21084 2.06037 1.19036 1.27237 1.11364 2.07407 1.28567
threshold=1.0000000180025095e-35 1.0000000180025095e-35 1.0000000180025095e-35 1.0000000180025095e-35 1.0000000180025095e-35 1.0000000180025095e-35 1.0000000180025095e-35 1.5000000000000002 1.0000000180025095e-35 1.5000000000000002 1.0000000180025095e-35 1.0000000180025095e-35 1.0000000180025095e-35 1.0000000180025095e-35
decision_type=2 2 2 2 2 2 2 2 2 2 2 2 2 2
left_child=11 2 -2 9 5 6 7 8 -3 10 -4 13 -13 -1
right_child=1 4 3 -5 -6 -7 -8 -9 -10 -11 -12 12 -14 -15
leaf_value=0.0089212910031618124 -0.03201990113201985 0.012432733626816822 -0.026355747667280119 0.095242092533107101 -0.017802107848463582 -0.064536327196455731 0.038249707215874042 -0.010821293965042514 -0.032717817833951487 0.038690337236688362 0.0033335240241327852 -0.12480880152447743 0.019908802211529766 0.042985960024145391
leaf_weight=23.157483538845561 9.6454941658303159 28.276216456200931 7.6628978904336673 0.42145346663892347 9.7112204276490939 0.81512306816875835 3.1171560382936141 11.133235228247939 2.7746796719729891 1.2388651091605432 6.8209117138758302 0.42383631272241362 0.59535973775200546 3.1462123834062359
leaf_count=532 323 305 343 6 116 10 146 107 42 23 74 7 30 170
internal_value=-0.000598209 -0.00448387 -0.0155101 -0.00564611 0.000609703 0.00448687 0.00572883 0.00332573 0.00839812 -0.00835046 -0.0123741 0.0110088 -0.0402725 0.0129958
internal_weight=108.94 81.6173 25.7896 16.1441 55.8276 46.1164 45.3013 42.1841 31.0509 15.7227 14.4838 27.3229 1.0192 26.3037
internal_count=2234 1495 769 446 726 610 600 454 347 440 417 739 37 702
is_linear=0
shrinkage=0.05


Tree=137
num_leaves=15
num_cat=0
split_feature=125 177 153 243 16 223 222 233 242 155 248 52 16 163
split_gain=1.70713 1.096 1.06351 1.00882 2.03317 1.53343 1.49586 1.68421 0.815157 1.6635 1.3339 1.00327 1.27356 1.95694
threshold=1.0000000180025095e-35 1.0000000180025095e-35 1.0000000180025095e-35 1.0000000180025095e-35 1.0000000180025095e-35 1.0000000180025095e-35 1.0000000180025095e-35 1.0000000180025095e-35 2.5000000000000004 1.0000000180025095e-35 1.5000000000000002 1.0000000180025095e-35 1.0000000180025095e-35 1.0000000180025095e-35
decision_type=2 2 2 2 2 2 2 2 2 2 2 2 2 2
left_child=8 2 3 4 5 -2 -5 -8 10 -10 11 12 -1 -14
right_child=1 -3 -4 6 -6 -7 7 -9 9 -11 -12 -13 13 -15
leaf_value=0.005215327707527472 -0.025730599005492245 0.053487218769191935 0.057797369615340571 -0.052817999975645097 0.10426540649035201 0.050302354988904285 -0.039354850720631586 0.051970215608385155 -0.045741087655631923 0.0025892831514903189 0.077559471601103977 0.051367376565262718 -0.072690725883819876 0.0030251131411342322
leaf_weight=78.2675562184304 4.5159190734848327 0.54546011984348375 0.43566153198480684 4.1787137524224818 0.38622327707707871 0.77726650051772583 1.1971588144078853 0.872979859355837 2.4694283525459451 6.3810387852136046 0.62968546384945412 1.1269093439914275 1.3533841189928346 2.3098910171538591
leaf_count=1502 134 19 14 82 3 17 28 41 45 180 5 38 13 89
internal_value=0.00115851 -0.0158745 -0.0189346 -0.0217371 -0.0064847 -0.0145657 -0.0355996 -0.000842965 0.00353469 -0.0108957 0.00506079 0.00451116 0.00386668 -0.0249478
internal_weight=105.447 12.9094 12.3639 11.9283 5.67941 5.29319 6.24885 2.07014 92.5379 8.85047 83.6874 83.0577 81.9308 3.66328
internal_count=2210 338 319 305 154 151 151 69 1872 225 1647 1642 1604 102
is_linear=0
shrinkage=0.05


Tree=138
num_leaves=15
num_cat=0
split_feature=233 204 71 231 241 225 216 241 220 241 163 90 220 244
split_gain=1.98768 1.63697 1.21319 1.18948 1.1585 2.53592 1.23917 1.26724 1.08624 1.05073 0.956303 0.876699 1.09207 1.41735
threshold=1.0000000180025095e-35 1.0000000180025095e-35 1.0000000180025095e-35 2.5000000000000004 1.0000000180025095e-35 1.0000000180025095e-35 1.0000000180025095e-35 5.5000000000000009 1.0000000180025095e-35 2.5000000000000004 1.0000000180025095e-35 1.0000000180025095e-35 1.0000000180025095e-35 1.5000000000000002
decision_type=2 2 2 2 2 2 2 2 2 2 2 2 2 2
left_child=1 4 -2 8 11 6 7 -6 10 -10 -4 12 -1 -14
right_child=2 -3 3 -5 5 -7 -8 -9 9 -11 -12 -13 13 -15
leaf_value=-0.0048361779171612147 0.016645468184826925 0.03795211767842939 -0.093940134371115827 0.050753309676370574 -0.017961872992542049 0.053922195878651269 0.027445823021842716 0.040167770416173997 -0.084227192321198477 0.051663699978973437 -0.011410877854248897 -0.057362973072605239 0.0089872969762854454 0.079781463369841432
leaf_weight=24.576079707592733 13.58778850163799 1.8602228332310904 0.87330238847061969 0.48224032763391722 50.717928124591708 1.3473600931465615 1.6258080862462509 0.95523102534934778 0.19591255486011494 0.51931826816871762 0.58690930693410337 0.6907118484377851 4.4946303088217965 0.83897715434432019
leaf_count=566 581 12 34 51 768 7 15 9 1 37 40 10 63 4
internal_value=-0.00545365 -0.00844814 0.0106026 -0.0202926 -0.00946067 -0.0138224 -0.015535 -0.0168873 -0.0360417 0.0144411 -0.0607688 -0.00167142 -0.000385323 0.0201232
internal_weight=103.352 87.1069 16.2455 2.65768 85.2467 54.6463 53.299 51.6732 2.17544 0.715231 1.46021 30.6004 29.9097 5.33361
internal_count=2198 1454 744 163 1442 799 792 777 112 38 74 643 633 67
is_linear=0
shrinkage=0.05


Tree=139
num_leaves=15
num_cat=0
split_feature=94 161 126 159 201 227 198 136 198 244 126 54 232 81
split_gain=0.970071 0.693439 1.73434 1.77282 1.40183 1.31965 2.22605 2.02548 1.37625 1.26834 1.12051 1.38746 1.11267 0.972726
threshold=1.0000000180025095e-35 1.0000000180025095e-35 1.0000000180025095e-35 1.0000000180025095e-35 1.0000000180025095e-35 1.0000000180025095e-35 1.0000000180025095e-35 1.0000000180025095e-35 1.0000000180025095e-35 1.5000000000000002 1.0000000180025095e-35 1.0000000180025095e-35 1.0000000180025095e-35 1.0000000180025095e-35
decision_type=2 2 2 2 2 2 2 2 2 2 2 2 2 2
left_child=1 4 3 12 5 7 -7 8 10 -5 11 -1 13 -3
right_child=-2 2 -4 9 -6 6 -8 -9 -10 -11 -12 -13 -14 -15
leaf_value=0.010222847684595185 -0.053969244234145369 -0.012223542350624958 0.044434049685101951 0.035015871926019418 -0.023224433912649063 0.016660704898813654 0.084598108758009397 0.11722699066927392 -0.049084956343525735 -0.062583816596625222 -0.03609797221075562 -0.060608282886763613 0.056346254206198071 0.0016391621404920538
leaf_weight=19.812415823806091 0.7221760842949142 23.222229510196485 2.1747729275375596 4.5028245178982607 3.1593330833129576 16.43607779592276 1.3012083917856205 0.38594647403806348 1.2600333709269751 0.35944433137774456 1.5682113664224733 0.7163687595166256 0.75827504228800435 27.806345029035583
leaf_count=530 23 695 47 132 27 243 8 5 57 5 32 20 36 328
internal_value=0.00377912 0.00418221 0.000616349 -0.00106582 0.00888112 0.0113264 0.0216446 0.0036182 0.00174095 0.0278008 0.00463919 0.00775114 -0.00377611 -0.00466952
internal_weight=104.186 103.463 58.8239 56.6491 44.6396 41.4803 17.7373 23.743 23.357 4.86227 22.097 20.5288 51.7868 51.0286
internal_count=2188 2165 1243 1196 922 895 251 644 639 137 582 550 1059 1023
is_linear=0
shrinkage=0.05


Tree=140
num_leaves=15
num_cat=0
split_feature=231 130 194 159 12 62 244 63 227 248 159 152 230 243
split_gain=0.983795 1.10449 1.47638 1.34036 2.19753 2.70969 2.27839 1.66892 1.24794 1.26544 1.06502 1.21403 2.2596 1.29585
threshold=1.0000000180025095e-35 1.0000000180025095e-35 1.0000000180025095e-35 1.0000000180025095e-35 1.0000000180025095e-35 1.0000000180025095e-35 1.5000000000000002 1.0000000180025095e-35 1.0000000180025095e-35 1.0000000180025095e-35 1.0000000180025095e-35 1.0000000180025095e-35 1.0000000180025095e-35 1.0000000180025095e-35
decision_type=2 2 2 2 2 2 2 2 2 2 2 2 2 2
left_child=1 2 3 7 5 -5 -7 -1 9 -9 11 -2 13 -13
right_child=10 -3 -4 4 -6 6 -8 8 -10 -11 -12 12 -14 -15
leaf_value=-0.03051474183690614 0.010447439991429832 0.024554939128899861 0.02622453899920927 -0.042691850717793023 0.085653957635125927 0.0059451699130250984 0.13830879174222285 0.028330680104197526 -0.054597531372055176 -0.052750841134816685 -0.010580410277262775 -0.0070082291176071718 0.020662751103668633 -0.042481478314455506
leaf_weight=13.654936422128239 39.229461535229348 2.4478717371821395 2.5410565584897986 3.2899013608694068 0.70765346847474653 6.3681198982521865 0.34260063432157029 3.2130182385444637 0.74550226610153902 0.5659828558564185 12.664232422597705 9.6152516582515108 5.9379882183857253 3.5158802524674675
leaf_count=412 642 16 14 38 6 297 14 81 15 15 203 142 250 78
internal_value=-0.000784565 -0.00779468 -0.0103143 -0.0135283 0.000504804 -0.00552043 0.0127027 -0.0217943 0.00452389 0.0161871 0.00256196 0.00541689 -0.00493208 -0.0165062
internal_weight=104.839 33.8766 31.4288 28.8877 10.7083 10.0006 6.71072 18.1794 4.5245 3.779 70.9628 58.2986 19.0691 13.1311
internal_count=2223 908 892 878 355 349 311 523 111 96 1315 1112 470 220
is_linear=0
shrinkage=0.05


Tree=141
num_leaves=15
num_cat=0
split_feature=55 242 229 94 33 78 232 219 230 16 241 241 14 241
split_gain=0.82162 0.729452 0.693756 0.613417 0.594399 0.585399 0.583261 0.593198 2.02435 1.86615 2.27282 1.35327 2.48768 1.44746
threshold=1.0000000180025095e-35 3.5000000000000004 1.0000000180025095e-35 1.0000000180025095e-35 1.0000000180025095e-35 1.0000000180025095e-35 1.0000000180025095e-35 1.0000000180025095e-35 1.0000000180025095e-35 1.0000000180025095e-35 2.5000000000000004 2.5000000000000004 1.0000000180025095e-35 4.5000000000000009
decision_type=2 2 2 2 2 2 2 2 2 2 2 2 2 2
left_child=1 2 3 4 5 6 7 -1 9 10 -9 12 -10 -13
right_child=-2 -3 -4 -5 -6 -7 -8 8 11 -11 -12 13 -14 -15
leaf_value=0.00076652522754931175 0.050621145494988709 0.034440979878665665 0.051183239535087105 -0.053928171353866017 0.050792310200565363 0.030804540444339779 0.052054784575493375 -0.04523170662417933 -0.052499516012734518 -0.08061463815003711 0.042079594271643657 0.056627738341388338 0.0054428812175668743 0.0031962637121174448
leaf_weight=77.086191900074482 0.8207783525576805 1.549497884698211 0.65447869780473311 0.53362467512488265 0.56874560238793392 1.4740620702505101 0.51642043120227654 2.1626334674656404 2.7057292335666698 1.6237576138228176 1.1373418048024175 1.7280987615231431 5.8739030947908759 4.7556753733661026
leaf_count=1547 117 30 31 17 36 19 34 55 60 19 14 33 34 128
internal_value=0.000794867 0.000395373 -0.000127869 -0.000463132 -0.000176777 -0.000469401 -0.000941784 -0.00122372 -0.00889968 -0.0367322 -0.0151397 0.000197844 -0.0128302 0.0174372
internal_weight=103.191 102.37 100.821 100.166 99.6326 99.0638 97.5898 97.0733 19.9871 4.92373 3.29998 15.0634 8.57963 6.48377
internal_count=2174 2057 2027 1996 1979 1943 1924 1890 343 88 69 255 94 161
is_linear=0
shrinkage=0.05


Tree=142
num_leaves=15
num_cat=0
split_feature=241 161 134 159 136 159 12 125 137 242 155 137 127 227
split_gain=1.67467 1.09492 1.11737 1.30097 0.9955 1.1214 1.41056 1.1433 2.92296 1.28244 1.22353 1.19618 1.05841 1.14229
threshold=5.5000000000000009 1.0000000180025095e-35 1.0000000180025095e-35 1.0000000180025095e-35 1.0000000180025095e-35 1.0000000180025095e-35 1.0000000180025095e-35 1.0000000180025095e-35 1.0000000180025095e-35 1.0000000180025095e-35 1.0000000180025095e-35 1.0000000180025095e-35 1.0000000180025095e-35 1.0000000180025095e-35
decision_type=2 2 2 2 2 2 2 2 2 2 2 2 2 2
left_child=1 4 3 -3 5 7 -7 8 9 -1 11 -9 13 -10
right_child=-2 2 -4 -5 -6 6 -8 10 12 -11 -12 -13 -14 -15
leaf_value=0.14245037089696078 0.04482149427564381 -0.00067380207290539248 -0.045955989371964441 0.026193799896504218 -0.068195351422662129 -0.021857992458031727 0.035895801741446687 -0.12477449036589675 -0.0089061973327433912 0.038551234165829035 0.0026938301534686331 -0.032972580472504544 -0.054793054731513906 0.016768792497208179
leaf_weight=0.45999921532348398 1.7993169974070031 53.100608330103569 1.261710732243954 4.9233012208715072 0.71865019574761291 17.083161080256108 1.1269759945571411 0.4544379170984022 11.877788551151758 0.83814785396680236 1.8686529537662866 1.6190259694121778 0.90892915055155654 6.8191695967689148
leaf_count=15 129 989 21 139 6 408 14 9 273 14 45 36 6 108
internal_value=-0.00299987 -0.00383477 0.000593694 0.0016059 -0.00983237 -0.00885824 -0.0182838 -0.00195012 0.00270756 0.075368 -0.0266486 -0.0530927 -0.00210343 0.000458006
internal_weight=104.86 103.061 59.2856 58.0239 43.7749 43.0563 18.2101 24.8462 20.904 1.29815 3.94212 2.07346 19.6059 18.697
internal_count=2212 2083 1149 1128 934 928 422 506 416 29 90 45 387 381
is_linear=0
shrinkage=0.05


Tree=143
num_leaves=15
num_cat=0
split_feature=58 55 229 136 33 80 206 241 127 243 161 127 238 225
split_gain=0.890465 0.854134 0.727481 0.751117 0.721168 0.744585 0.794116 0.67484 2.48995 1.9532 1.72315 2.40078 1.30945 1.88682
threshold=1.0000000180025095e-35 1.0000000180025095e-35 1.0000000180025095e-35 1.0000000180025095e-35 1.0000000180025095e-35 1.0000000180025095e-35 1.0000000180025095e-35 1.5000000000000002 1.0000000180025095e-35 1.5000000000000002 1.0000000180025095e-35 1.0000000180025095e-35 1.0000000180025095e-35 1.0000000180025095e-35
decision_type=2 2 2 2 2 2 2 2 2 2 2 2 2 2
left_child=1 2 3 4 5 6 7 9 -9 10 11 12 13 -1
right_child=-2 -3 -4 -5 -6 -7 -8 8 -10 -11 -12 -13 -14 -15
leaf_value=-0.0062105834209741336 0.051182364927853136 0.05060133088943769 0.051033239536876662 -0.039303474501303781 0.050740223959072239 -0.054246525449915872 0.04525733939187844 -0.012384934197366089 0.048994905925749441 -0.057291269006175774 0.0090085204973936774 -0.073599192345242051 -0.077767930091622209 0.053562437021938296
leaf_weight=26.259512989781808 0.75786185660399397 0.73194435425102611 0.60554049885831673 1.4790532239712764 0.61113036703318258 0.72444942593574424 0.83246700651943584 33.262043828610331 1.7386256053578097 1.4855028246529389 30.856571055017412 1.3273311257362355 0.60164019092917342 1.3901541121304024
leaf_count=614 39 114 33 14 41 10 6 554 23 48 644 17 7 11
internal_value=-0.00281523 -0.0032168 -0.00360615 -0.00393514 -0.00340722 -0.00374324 -0.00336896 -0.00378662 -0.00933595 -0.000649863 0.000742388 -0.00788088 -0.00479324 -0.00320535
internal_weight=102.664 101.906 101.174 100.568 99.0894 98.4783 97.7538 96.9214 35.0007 61.9207 60.4352 29.5786 28.2513 27.6497
internal_count=2175 2136 2022 1989 1975 1934 1924 1918 577 1341 1293 649 632 625
is_linear=0
shrinkage=0.05


Tree=144
num_leaves=15
num_cat=0
split_feature=241 241 152 0 80 128 244 233 126 243 63 244 233 233
split_gain=1.44001 1.76288 1.62932 1.52701 1.07184 0.644565 1.13108 0.744504 0.587248 1.05475 1.04249 0.946751 0.847152 0.776464
threshold=2.5000000000000004 1.5000000000000002 1.0000000180025095e-35 1.0000000180025095e-35 1.0000000180025095e-35 1.0000000180025095e-35 1.5000000000000002 1.0000000180025095e-35 1.0000000180025095e-35 1.5000000000000002 1.0000000180025095e-35 1.0000000180025095e-35 1.0000000180025095e-35 1.0000000180025095e-35
decision_type=2 2 2 2 2 2 2 2 2 2 2 2 2 2
left_child=1 8 -2 -3 5 -4 7 -7 9 -1 12 -11 -10 -13
right_child=2 3 4 -5 -6 6 -8 -9 10 11 -12 13 -14 -15
leaf_value=0.0021812323849680878 0.058328466359995196 -0.051181920227391611 0.010331131503182446 0.019627695768868664 -0.057932002888255764 -0.06025935887521966 -0.1161283798707123 0.051136582163642801 -0.055490391595533241 -0.11291698768135001 0.015657948825653082 -0.040063122602253601 0.0014611750049584957 0.051403305804889769
leaf_weight=58.360910147428513 1.681576351635157 3.1235676482319823 30.652624442707751 1.0067780921235678 0.6076986575499167 0.25573965418152411 0.27946573868393898 0.36274089151993394 1.8684915564954274 0.33830219879746337 1.5163425877690313 1.0135903297923503 1.0037291049957273 0.30090967309661198
leaf_count=1301 36 106 536 9 9 4 5 26 37 8 17 32 27 23
internal_value=0.00191082 -0.00225622 0.0103499 -0.033922 0.00784109 0.00910795 -0.032647 0.00507473 -0.000225382 0.00106574 -0.0178815 -0.0383227 -0.035588 -0.019125
internal_weight=102.372 68.5326 33.8398 4.13035 32.1583 31.5506 0.897946 0.618481 64.4023 60.0137 4.38856 1.6528 2.87222 1.3145
internal_count=2176 1560 616 115 580 571 35 30 1445 1364 81 63 64 55
is_linear=0
shrinkage=0.05


Tree=145
num_leaves=15
num_cat=0
split_feature=90 241 225 78 241 198 127 155 143 12 219 244 249 163
split_gain=1.47332 1.79735 1.10219 1.40693 0.777082 2.38435 1.28446 0.786926 0.820299 0.941396 0.73936 3.52135 1.89544 0.895808
threshold=1.0000000180025095e-35 1.0000000180025095e-35 1.0000000180025095e-35 1.0000000180025095e-35 1.5000000000000002 1.0000000180025095e-35 1.0000000180025095e-35 1.0000000180025095e-35 1.0000000180025095e-35 1.0000000180025095e-35 1.0000000180025095e-35 1.0000000180025095e-35 1.0000000180025095e-35 1.0000000180025095e-35
decision_type=2 2 2 2 2 2 2 2 2 2 2 2 2 2
left_child=2 -2 3 4 5 -1 7 -6 9 10 -9 13 -13 -12
right_child=1 -3 -4 -5 6 -7 -8 8 -10 -11 11 12 -14 -15
leaf_value=0.0031811459307529346 -0.028740063042559119 0.058742944805867087 -0.052128346475113732 0.057097273219083394 -0.047262537421241466 0.06716031242514188 0.036239223388953086 -0.0011777676489498085 -0.055262405971670529 0.048379561524569119 -0.10627690646603893 -0.074557075129127459 0.012494457020226838 -0.040770930656058323
leaf_weight=58.157472661114298 0.78847496770322267 2.2990607148967683 0.95483242068439622 1.1391161680221547 1.1405190331861366 1.493640113621949 1.8572913391981263 26.097045037196949 0.79575829906389017 0.83966154349036415 1.0682800710201255 0.71478936448693264 4.9952630682382733 1.020444120047614
leaf_count=1363 20 45 19 14 50 19 26 330 24 16 7 8 187 39
internal_value=0.00238267 0.0364021 0.00133518 0.00184916 0.00120816 0.00478316 -0.0043267 -0.00638122 -0.00506897 -0.00391908 -0.00521462 -0.0187231 0.00159727 -0.074274
internal_weight=103.362 3.08754 100.274 99.3193 98.1802 59.6511 38.5291 36.6718 35.5312 34.7355 33.8958 7.79878 5.71005 2.08872
internal_count=2167 65 2102 2083 2069 1382 687 661 611 587 571 241 195 46
is_linear=0
shrinkage=0.05


Tree=146
num_leaves=15
num_cat=0
split_feature=242 241 107 242 125 195 231 248 161 242 12 233 222 219
split_gain=1.21395 1.0455 1.94807 1.24783 0.954324 0.905761 0.869706 1.3789 1.91549 1.36436 1.56341 1.02691 1.01669 2.46322
threshold=3.5000000000000004 1.0000000180025095e-35 1.0000000180025095e-35 2.5000000000000004 1.0000000180025095e-35 1.0000000180025095e-35 1.5000000000000002 1.0000000180025095e-35 1.0000000180025095e-35 1.5000000000000002 1.0000000180025095e-35 1.0000000180025095e-35 1.0000000180025095e-35 1.0000000180025095e-35
decision_type=2 2 2 2 2 2 2 2 2 2 2 2 2 2
left_child=1 2 3 6 -5 -3 9 8 11 10 12 -8 -1 -14
right_child=-2 5 -4 4 -6 -7 7 -9 -10 -11 -12 -13 13 -15
leaf_value=0.010180463434717757 0.040920540517910123 -0.0061336009299859974 0.11077529891988323 -0.07062523248174267 0.018082233031060282 0.04997079983708367 -0.048374789277659147 0.017539811327638277 -0.12836769381944188 0.035253010589977159 -0.040364703518741253 0.051151643639883754 -0.062018832644343116 0.071850196856029669
leaf_weight=23.487426519393932 1.6949152550660063 64.777848311583512 0.43081584013998409 0.95516633428633102 0.44418379012495279 0.72746093478053708 0.74245322868227848 1.3606861210428178 0.5341016035526992 4.0518668914446598 1.8389017153531302 0.39816946815699339 1.3725231140851963 0.45838401839137066
leaf_count=564 37 1333 6 18 30 16 12 26 15 57 39 24 40 4
internal_value=-0.00104596 -0.00174619 0.00508922 0.00381182 -0.0424676 -0.00551054 0.00570296 -0.0198471 -0.0502234 0.00818798 0.00414987 -0.013632 0.00738301 -0.0285035
internal_weight=103.275 101.58 36.0747 35.6439 1.39935 65.5053 34.2445 3.03541 1.67472 31.2091 27.1572 1.14062 25.3183 1.83091
internal_count=2221 2184 835 829 48 1349 781 77 51 704 647 36 608 44
is_linear=0
shrinkage=0.05


Tree=147
num_leaves=15
num_cat=0
split_feature=240 58 55 242 220 41 135 47 238 233 163 241 236 244
split_gain=0.797549 0.758497 0.713179 0.712259 1.76663 3.33716 1.56749 1.55365 1.50515 1.0828 1.26318 1.13059 1.93569 0.865434
threshold=1.0000000180025095e-35 1.0000000180025095e-35 1.0000000180025095e-35 1.0000000180025095e-35 1.0000000180025095e-35 1.0000000180025095e-35 1.0000000180025095e-35 1.0000000180025095e-35 1.0000000180025095e-35 1.0000000180025095e-35 1.0000000180025095e-35 5.5000000000000009 1.0000000180025095e-35 1.0000000180025095e-35
decision_type=2 2 2 2 2 2 2 2 2 2 2 2 2 2
left_child=1 2 3 7 13 -6 8 9 -7 10 -1 -11 -13 -5
right_child=-2 -3 -4 4 5 6 -8 -9 -10 11 -12 12 -14 -15
leaf_value=0.00092112799944651382 0.051126370733671926 0.051133116993652916 0.050641742031769223 -0.034126586198585045 0.061172362337495567 -0.012138987406258964 0.052310546789846958 -0.057845477977782792 0.047361182934975841 0.038833594499151053 -0.072106039758753349 -0.16966656998413812 0.05047001136657743 -0.010957178136196255
leaf_weight=56.084279287140816 0.71373724087607016 0.66939730453304847 0.63288930198177595 6.6249822292011258 2.1168180110398707 17.180352381663404 1.1264514653012145 1.1110561117529858 1.1329676597379137 3.1286901456769551 0.59847353398799796 0.18401681026443828 0.21835315506905317 10.29093991499394
leaf_count=1107 36 39 105 107 65 300 12 38 22 130 7 11 25 174
internal_value=-0.00154224 -0.00191406 -0.00226764 -0.00260318 -0.00793619 0.0015551 -0.00493669 0.000742517 -0.00845796 0.00182357 0.000150085 0.0286874 -0.0502056 -0.0200313
internal_weight=101.813 101.1 100.43 99.7974 38.4725 21.5566 19.4398 61.3249 18.3133 60.2138 56.6828 3.53106 0.40237 16.9159
internal_count=2178 2142 2103 1998 680 399 334 1318 322 1280 1114 166 36 281
is_linear=0
shrinkage=0.05


Tree=148
num_leaves=15
num_cat=0
split_feature=58 128 248 161 78 126 234 239 139 116 231 227 248 244
split_gain=0.772756 0.893889 1.19985 0.788727 1.41938 1.30484 0.967152 0.951411 0.822908 1.15801 1.01322 3.04014 1.91501 2.42281
threshold=1.0000000180025095e-35 1.0000000180025095e-35 1.5000000000000002 1.0000000180025095e-35 1.0000000180025095e-35 1.0000000180025095e-35 1.0000000180025095e-35 1.0000000180025095e-35 1.0000000180025095e-35 1.0000000180025095e-35 1.5000000000000002 1.0000000180025095e-35 1.0000000180025095e-35 1.0000000180025095e-35
decision_type=2 2 2 2 2 2 2 2 2 2 2 2 2 2
left_child=1 3 -3 4 7 8 -7 -1 9 10 -5 12 13 -12
right_child=-2 2 -4 5 -6 6 -8 -9 -10 -11 11 -13 -14 -15
leaf_value=0.0075998981857961362 0.05111198221000432 -0.048035534098664484 0.04881379344723713 -0.0032054887838921181 -0.054347784907494583 0.051794569573459848 -0.018628594165422827 -0.039900282949137653 -0.052425052318713784 0.07212962295482396 -0.22486450869532359 0.018935510018939183 -0.031813263120694164 -0.057021430359065123
leaf_weight=42.371594378259033 0.72700042021460731 1.8878171730320894 0.38501824636477966 48.940865268930793 0.98272266238927741 1.7447723341174417 0.67658795695751894 1.0810833293944586 0.91439986042678256 0.4873856664635231 0.35243924590758924 1.9508869764395056 1.6385419140569863 0.55137896630913019
leaf_count=891 39 46 12 821 17 25 22 15 29 7 13 174 77 15
internal_value=-0.000258166 -0.000617383 -0.0316293 7.5734e-05 0.00507423 -0.00380343 0.0321166 0.00641811 -0.00538953 -0.0045919 -0.0052917 -0.0280149 -0.0640424 -0.122471
internal_weight=104.692 103.965 2.27284 101.693 44.4354 57.2573 2.42136 43.4527 54.8359 53.9215 53.4341 4.49325 2.54236 0.903818
internal_count=2203 2164 58 2106 923 1183 47 906 1136 1107 1100 279 105 28
is_linear=0
shrinkage=0.05


Tree=149
num_leaves=15
num_cat=0
split_feature=47 211 241 234 94 231 16 126 78 62 222 163 227 81
split_gain=0.948081 0.953548 0.922021 0.984697 0.877607 0.983196 2.3173 0.909284 1.62305 0.881117 0.908928 2.29798 0.995804 1.88035
threshold=1.0000000180025095e-35 1.0000000180025095e-35 1.0000000180025095e-35 1.0000000180025095e-35 1.0000000180025095e-35 1.0000000180025095e-35 1.0000000180025095e-35 1.0000000180025095e-35 1.0000000180025095e-35 1.0000000180025095e-35 1.0000000180025095e-35 1.0000000180025095e-35 1.0000000180025095e-35 1.0000000180025095e-35
decision_type=2 2 2 2 2 2 2 2 2 2 2 2 2 2
left_child=1 2 3 4 5 6 -1 8 9 -7 12 -12 -11 -14
right_child=-2 -3 -4 -5 -6 7 -8 -9 -10 10 11 -13 13 -15
leaf_value=-0.0064559416820987887 0.032019450423486077 0.032803732895210318 -0.0060873860968218597 -0.044390881496224679 -0.05354376060519514 0.035448436039597839 0.12576785054104606 0.052582827876927245 -0.054611431963705874 0.021057475279104027 -0.051186934974317824 0.064307841309963171 0.041807107105700757 -0.060241026869612718
leaf_weight=14.101433450821784 2.112592921126633 1.9497661677887652 63.896618589060381 1.0216277069412161 0.61958156898617645 3.8248912440612957 0.33933569490909654 1.4090516697615374 0.89887245371937652 8.9788709385320544 1.6438400110928353 0.58358718384988595 0.75746238417923506 1.1171929500997066
leaf_count=428 88 65 1266 27 21 27 2 13 15 166 38 16 17 11
internal_value=-0.00113149 -0.00182392 -0.00250458 0.00398145 0.00542331 0.0065089 -0.00334889 0.0139179 0.0108579 0.0143389 0.00816645 -0.0209272 0.0141372 -0.019008
internal_weight=103.255 101.142 99.1924 35.2957 34.2741 33.6545 14.4408 19.2138 17.8047 16.9058 13.081 2.22743 10.8535 1.87466
internal_count=2200 2112 2047 781 754 733 430 303 290 275 248 54 194 28
is_linear=0
shrinkage=0.05


Tree=150
num_leaves=15
num_cat=0
split_feature=244 241 219 241 0 137 47 231 194 198 107 231 198 137
split_gain=0.788382 1.8127 2.61782 1.67232 1.25062 1.50235 1.136 0.909019 1.39582 0.748296 0.722512 0.718695 0.645795 0.652533
threshold=1.0000000180025095e-35 3.5000000000000004 1.0000000180025095e-35 2.5000000000000004 1.0000000180025095e-35 1.0000000180025095e-35 1.0000000180025095e-35 1.5000000000000002 1.0000000180025095e-35 1.0000000180025095e-35 1.0000000180025095e-35 1.0000000180025095e-35 1.0000000180025095e-35 1.0000000180025095e-35
decision_type=2 2 2 2 2 2 2 2 2 2 2 2 2 2
left_child=1 3 4 6 5 -3 10 -4 -9 -2 12 -7 13 -1
right_child=9 2 7 -5 -6 11 -8 8 -10 -11 -12 -13 -14 -15
leaf_value=0.020914364272243077 -0.00043720930858939116 0.052374518774425387 -0.07947101073146462 0.079201446902411599 -0.043663733411374125 0.020008499586736221 -0.046437182602710209 -0.1034148574715186 0.052493242764321837 -0.05308219603646061 0.06722743412947417 -0.011499560036758769 0.040405515777566514 0.0059192597196129869
leaf_weight=10.206680150702594 49.04328918189276 1.5733284857124044 1.5360264480113976 0.93073940533213217 1.3529807352460927 2.7148956656455994 0.83138735825195809 0.23267267551273096 0.37482987646944821 0.68441328778862853 0.59679683670401473 5.4290270106866956 1.870184652507304 25.088416713755578
leaf_count=193 1145 49 13 11 11 16 31 5 28 41 12 43 22 533
internal_value=0.00335483 0.00761362 -0.00841847 0.0129735 0.00137447 0.00764536 0.0113763 -0.058994 -0.00721935 -0.00116177 0.0126491 -0.000995888 0.0117727 0.0102556
internal_weight=102.466 52.738 13.2138 39.5242 11.0702 9.71725 38.5935 2.14353 0.607503 49.7277 37.7621 8.14392 37.1653 35.2951
internal_count=2153 967 165 802 119 108 791 46 33 1186 760 59 748 726
is_linear=0
shrinkage=0.05


Tree=151
num_leaves=15
num_cat=0
split_feature=159 243 134 244 161 0 232 241 81 230 0 125 196 243
split_gain=0.965906 2.46055 1.62408 1.54676 1.82341 1.24565 1.11467 0.863562 0.852656 1.83931 1.30256 1.23289 1.22081 1.57592
threshold=1.0000000180025095e-35 1.0000000180025095e-35 1.0000000180025095e-35 1.5000000000000002 1.0000000180025095e-35 1.0000000180025095e-35 1.0000000180025095e-35 1.5000000000000002 1.0000000180025095e-35 1.5000000000000002 1.0000000180025095e-35 1.0000000180025095e-35 1.0000000180025095e-35 1.5000000000000002
decision_type=2 2 2 2 2 2 2 2 2 2 2 2 2 2
left_child=2 3 6 4 5 -2 8 -5 9 -1 -10 12 -12 -14
right_child=1 -3 -4 7 -6 -7 -8 -9 10 -11 11 -13 13 -15
leaf_value=-0.01487882480822251 -0.0039231072250301832 -0.019169688056725073 0.04558680143188288 0.09449193462337116 0.038740199292120747 0.083519176831810635 0.055778821120004124 0.030847593249544683 0.0042843769359294835 0.019803932723689022 -0.01178618342204997 0.033950322822881573 -0.085302315090421924 0.0031241764813425329
leaf_weight=34.709725909517147 9.5536460443399882 6.2967054941691449 1.6038145348429669 0.89101572707295362 4.3038610219955435 0.42541490495205003 0.74162302818149228 1.3264089208096264 30.621846188791096 4.2957764583406961 5.8169911378063226 1.0409294767305262 1.4800992109812798 0.76391141442582
leaf_count=901 275 113 19 21 121 2 38 10 393 202 36 17 16 22
internal_value=-0.00167123 0.00742145 -0.00422796 0.0175689 0.011537 -0.000195377 -0.00523328 0.0564215 -0.00580801 -0.0110591 -0.000651851 -0.0172589 -0.0238717 -0.0552
internal_weight=103.872 22.7971 81.0747 16.5003 14.2829 9.97906 79.4709 2.21742 78.7293 39.0055 39.7238 9.10193 8.061 2.24401
internal_count=2186 542 1644 429 398 277 1625 31 1587 1103 484 91 74 38
is_linear=0
shrinkage=0.05


Tree=152
num_leaves=15
num_cat=0
split_feature=41 238 47 236 47 238 62 94 136 227 12 130 207 222
split_gain=0.848398 1.66025 1.16068 0.934335 1.24035 0.996364 0.817842 0.791605 0.757927 1.21871 0.995355 0.787854 1.82323 0.875986
threshold=1.0000000180025095e-35 1.0000000180025095e-35 1.0000000180025095e-35 1.0000000180025095e-35 1.0000000180025095e-35 1.0000000180025095e-35 1.0000000180025095e-35 1.0000000180025095e-35 1.0000000180025095e-35 1.0000000180025095e-35 1.0000000180025095e-35 1.0000000180025095e-35 1.0000000180025095e-35 1.0000000180025095e-35
decision_type=2 2 2 2 2 2 2 2 2 2 2 2 2 2
left_child=3 2 8 4 5 7 -5 -1 9 -2 11 12 -11 -13
right_child=1 -3 -4 6 -6 -7 -8 -9 -10 10 -12 13 -14 -15
leaf_value=0.0039991373265906996 -0.026851146485784651 0.050061946117950354 0.050934544526426019 0.069555657052819478 -0.048386483246462379 -0.038195157427146055 0.013938139633870153 -0.053349302237570354 0.017000960273460878 -0.060630466049933454 0.061789405558957969 0.032729980030612317 0.01865695702925357 -0.011035124911068679
leaf_weight=66.346841909224167 10.575986044015746 1.2016161569626991 0.74648834043182333 0.70874080155044694 1.2146444227546442 1.465644048526882 9.8078777380287629 0.60724260099232097 1.9688100102357555 1.6740715908817947 0.58227708470076311 1.9145620125345884 1.2790075708180666 2.8384385104291141
leaf_count=1439 226 41 42 7 38 29 149 22 17 30 7 29 17 98
internal_value=0.00137504 -0.00713947 -0.0103246 0.00379511 0.00169717 0.0025863 0.0176863 0.00347901 -0.0125196 -0.0156006 -0.00124485 -0.00600776 -0.0262903 0.00659395
internal_weight=102.932 22.7813 21.5796 80.151 69.6344 68.4197 10.5166 66.9541 20.8332 18.8643 8.28836 7.70608 2.95308 4.753
internal_count=2191 507 466 1684 1528 1490 156 1461 424 407 181 174 47 127
is_linear=0
shrinkage=0.05


Tree=153
num_leaves=15
num_cat=0
split_feature=0 125 234 227 107 47 130 47 81 177 90 248 136 128
split_gain=1.02444 1.63492 1.93572 1.28922 1.20051 1.1761 1.12627 1.1914 1.08392 1.03486 0.976644 2.02463 0.890861 0.822642
threshold=1.0000000180025095e-35 1.0000000180025095e-35 1.0000000180025095e-35 1.0000000180025095e-35 1.0000000180025095e-35 1.0000000180025095e-35 1.0000000180025095e-35 1.0000000180025095e-35 1.0000000180025095e-35 1.0000000180025095e-35 1.0000000180025095e-35 1.0000000180025095e-35 1.0000000180025095e-35 1.0000000180025095e-35
decision_type=2 2 2 2 2 2 2 2 2 2 2 2 2 2
left_child=1 4 3 5 6 9 7 10 -5 -3 12 -12 13 -1
right_child=-2 2 -4 8 -6 -7 -8 -9 -10 -11 11 -13 -14 -15
leaf_value=0.0043782532922555769 -0.013017023758481447 -0.025675249311803535 0.023153123302742246 -0.13487236963871249 0.079757423729762064 0.051398984308223455 0.021060896185518759 0.051292163119094326 -0.037918795718321074 0.047360435521894027 -0.10417127242911689 0.020499447466730165 -0.055838587354500591 -0.041254681039803565
leaf_weight=65.419072736985981 10.772475043777375 7.9106799238361365 2.8905034442432216 0.42676690872758694 0.54719670675694843 0.59745069872587997 10.084532899898475 1.2634931169450272 0.88834664737805724 0.51669146283529688 0.63842496275901683 0.66472496232017875 0.63450866006314655 1.002768397098406
leaf_count=1363 112 209 49 26 9 19 288 48 15 13 7 14 11 29
internal_value=0.00158365 0.00326612 -0.0130192 -0.0231311 0.00595084 -0.0163914 0.00544415 0.00318215 -0.0693812 -0.0211974 0.00229293 -0.0405779 0.00312606 0.00368933
internal_weight=104.258 93.4852 13.2304 10.3399 80.2547 9.02482 79.7075 69.623 1.31511 8.42737 68.3595 1.30315 67.0563 66.4218
internal_count=2212 2100 331 282 1769 241 1760 1472 41 222 1424 21 1403 1392
is_linear=0
shrinkage=0.05


Tree=154
num_leaves=15
num_cat=0
split_feature=232 245 55 221 233 14 33 4 243 35 241 47 238 238
split_gain=0.964481 0.707296 0.67824 0.610421 1.74225 1.39823 0.577926 0.529796 0.564601 1.24618 1.17993 1.16827 1.14518 1.07919
threshold=1.0000000180025095e-35 1.0000000180025095e-35 1.0000000180025095e-35 1.0000000180025095e-35 1.0000000180025095e-35 1.0000000180025095e-35 1.0000000180025095e-35 1.0000000180025095e-35 1.0000000180025095e-35 1.0000000180025095e-35 5.5000000000000009 1.0000000180025095e-35 1.0000000180025095e-35 1.0000000180025095e-35
decision_type=2 2 2 2 2 2 2 2 2 2 2 2 2 2
left_child=1 2 3 5 -5 6 7 8 9 12 11 13 -1 -10
right_child=-2 -3 -4 4 -6 -7 -8 -9 10 -11 -12 -13 -14 -15
leaf_value=-0.00061445300720698072 0.055204097134805764 0.051086752400628689 0.050685497776351722 -0.059571729271775925 0.051016217105873944 0.021796364824216454 0.050666907688920008 0.037359715396481467 -0.014788312915929587 0.062900315557361891 0.053325170995291694 0.050938646929453761 -0.055542979738926246 0.025297637445505273
leaf_weight=60.003917233552784 0.76564437476918001 0.64458227530121703 0.61988930602092196 1.3486981242895115 0.48394775949418534 6.1733239805325857 0.50310990400612254 0.80335952341556449 26.647377248853456 0.76095528248697419 0.73927228571846981 0.75049039372242887 0.96414468064904113 1.791921714786439
leaf_count=1254 38 32 105 24 29 53 38 16 433 14 74 40 19 27
internal_value=-0.000705077 -0.00112378 -0.00145506 -0.00177516 -0.0303687 -0.00124659 -0.00277676 -0.00306756 -0.00342189 -0.000689412 -0.00905767 -0.0106376 -0.00148309 -0.0122626
internal_weight=103.001 102.235 101.59 100.971 1.83265 99.1379 92.9645 92.4614 91.6581 61.729 29.9291 29.1898 60.9681 28.4393
internal_count=2196 2158 2126 2021 53 1968 1915 1877 1861 1287 574 500 1273 460
is_linear=0
shrinkage=0.05


Tree=155
num_leaves=15
num_cat=0
split_feature=233 221 137 71 125 90 239 16 230 223 237 47 242 54
split_gain=1.3494 1.50075 1.02518 1.46911 0.932258 1.9359 0.923715 1.04094 1.37707 0.896187 1.81755 2.31624 1.77625 1.52758
threshold=1.0000000180025095e-35 1.0000000180025095e-35 1.0000000180025095e-35 1.0000000180025095e-35 1.0000000180025095e-35 1.0000000180025095e-35 1.0000000180025095e-35 1.0000000180025095e-35 1.5000000000000002 1.0000000180025095e-35 1.0000000180025095e-35 1.0000000180025095e-35 1.0000000180025095e-35 1.0000000180025095e-35
decision_type=2 2 2 2 2 2 2 2 2 2 2 2 2 2
left_child=1 4 9 -4 -1 6 7 -6 -9 10 11 13 -13 -2
right_child=2 -3 3 -5 5 -7 -8 8 -10 -11 -12 12 -14 -15
leaf_value=0.0017881942924828445 0.051746961251159442 -0.057408002459394897 0.051698592851886417 -0.026492467031145883 -0.038080602848311322 0.049743902055078754 0.044777432226639213 0.052308470785103992 -0.038018167566064055 0.028024303316026372 -0.051101335576692754 -0.08950223229667581 0.050854531250093198 -0.0059373372449945108
leaf_weight=79.280603922205046 2.5843907984672096 1.1506466222926963 3.2529807264218102 0.73679351643659163 5.7338830288499576 1.0142820626497266 0.46428491175174702 0.83366118930280186 0.85441065207123756 3.6160585233010352 1.5185210760682819 0.85977747943252303 0.30550799891352654 2.0645385419484228
leaf_count=1270 153 23 178 36 156 7 2 9 25 109 120 25 16 81
internal_value=0.00165135 -0.000674661 0.0155607 0.037259 6.56337e-05 -0.0152779 -0.0236406 -0.0279206 0.00659001 0.00765381 -0.00239167 0.01033 -0.0527043 0.02613
internal_weight=104.27 89.3318 14.9386 3.98977 88.1811 8.90052 7.88624 7.42195 1.68807 10.9488 7.33274 5.81421 1.16529 4.64893
internal_count=2210 1492 718 214 1469 199 192 190 34 504 395 275 41 234
is_linear=0
shrinkage=0.05


Tree=156
num_leaves=15
num_cat=0
split_feature=78 195 225 231 71 244 219 16 14 12 137 161 47 227
split_gain=1.38121 0.751458 0.622276 1.13317 1.24346 0.700876 2.95564 3.44083 1.94879 1.59453 1.14628 4.01519 3.00044 2.6764
threshold=1.0000000180025095e-35 1.0000000180025095e-35 1.0000000180025095e-35 2.5000000000000004 1.0000000180025095e-35 1.0000000180025095e-35 1.0000000180025095e-35 1.0000000180025095e-35 1.0000000180025095e-35 1.0000000180025095e-35 1.0000000180025095e-35 1.0000000180025095e-35 1.0000000180025095e-35 1.0000000180025095e-35
decision_type=2 2 2 2 2 2 2 2 2 2 2 2 2 2
left_child=1 2 3 4 5 6 7 10 -8 -7 11 -1 13 -13
right_child=-2 -3 -4 -5 -6 9 8 -9 -10 -11 -12 12 -14 -15
leaf_value=0.13168477381221252 -0.055897704419951559 -0.052523718004360891 0.02870471834866338 0.050622172121402437 -0.041180713914055624 -0.0077842799699918671 -0.055824085244414158 0.086399722993847572 0.0078201142489116634 0.023044135662285383 0.0010330051091469105 0.0069561335915068806 -0.10573211187391632 0.085073671155903252
leaf_weight=0.75013752002268752 1.1276600100100029 0.68274709698744018 1.8670330308377732 1.0745499014155928 1.8885265737771977 41.068168529891409 3.1976982448250046 1.364875704050063 1.927978206425905 4.6715187130030236 31.578223146963865 7.549320179037748 0.51606617402285415 1.2827754900790749
leaf_count=14 18 19 16 122 109 926 68 37 13 93 535 153 16 30
internal_value=-0.000872584 -0.000248466 0.000113008 -0.000438058 -0.00101081 -0.000202965 0.00400637 0.00828056 -0.0318849 -0.00463569 0.00572221 0.0203858 0.0114546 0.0183019
internal_weight=100.547 99.4196 98.7369 96.8698 95.7953 93.9068 48.1671 43.0414 5.12568 45.7397 41.6765 10.0983 9.34816 8.8321
internal_count=2169 2151 2132 2116 1994 1885 866 785 81 1019 748 213 199 183
is_linear=0
shrinkage=0.05


Tree=157
num_leaves=15
num_cat=0
split_feature=241 244 222 35 163 231 200 135 78 159 71 1 243 233
split_gain=1.65979 1.60046 3.87559 1.25078 2.16504 1.20564 0.970727 0.798779 0.550546 0.51015 0.424467 0.558462 0.548653 1.53029
threshold=5.5000000000000009 1.5000000000000002 1.0000000180025095e-35 1.0000000180025095e-35 1.0000000180025095e-35 2.5000000000000004 1.0000000180025095e-35 1.0000000180025095e-35 1.0000000180025095e-35 1.0000000180025095e-35 1.0000000180025095e-35 1.0000000180025095e-35 1.0000000180025095e-35 1.0000000180025095e-35
decision_type=2 2 2 2 2 2 2 2 2 2 2 2 2 2
left_child=1 5 -3 -4 -5 7 -2 8 10 -6 11 12 13 -1
right_child=6 2 3 4 9 -7 -8 -9 -10 -11 -12 -13 -14 -15
leaf_value=-0.0014133055623570766 0.055778740790802472 -0.057452357083818878 -0.036514824708306998 0.064023218316200864 0.02056319028384735 0.051871939250538318 -0.070445843947848572 -0.056614316512151555 0.028684083812219759 -0.048989944606348076 -0.036050116259724575 0.037041899273607667 -0.0077833437218389027 0.030933306414383879
leaf_weight=55.747650730423629 1.7010399592109013 4.2340587759390456 0.9965333174914125 1.7211042402777821 0.40718209755141288 1.0570418469142158 0.16729767620563496 0.66065758839249511 1.4922094494104374 0.74782710336148739 0.90277502220123906 0.92567004635929961 27.925861681927927 3.9130659864749751
leaf_count=1083 132 69 27 23 11 85 1 12 20 18 17 29 511 164
internal_value=-0.00221976 -0.00308586 -0.0243894 0.0117592 0.0284855 -0.00122134 0.0444761 -0.00183424 -0.00143613 -0.02447 -0.0019388 -0.00159088 -0.00199918 0.000708265
internal_weight=102.6 100.732 8.10671 3.87265 2.87611 92.6249 1.86834 91.5679 90.9072 1.15501 89.415 88.5122 87.5866 59.6607
internal_count=2202 2069 148 79 52 1921 133 1836 1824 29 1804 1787 1758 1247
is_linear=0
shrinkage=0.05


Tree=158
num_leaves=15
num_cat=0
split_feature=207 234 206 137 233 0 236 243 244 161 0 78 47 248
split_gain=0.980423 1.1229 0.971175 0.841346 1.63213 2.13265 2.05442 0.75578 1.7054 2.7124 1.6151 1.55707 1.18172 1.11662
threshold=1.0000000180025095e-35 1.0000000180025095e-35 1.0000000180025095e-35 1.0000000180025095e-35 1.5000000000000002 1.0000000180025095e-35 1.0000000180025095e-35 1.0000000180025095e-35 1.5000000000000002 1.0000000180025095e-35 1.0000000180025095e-35 1.0000000180025095e-35 1.0000000180025095e-35 1.0000000180025095e-35
decision_type=2 2 2 2 2 2 2 2 2 2 2 2 2 2
left_child=7 2 3 4 5 -2 -6 8 10 13 -1 12 -9 -10
right_child=1 -3 -4 -5 6 -7 -8 11 9 -11 -12 -13 -14 -15
leaf_value=0.00057409654317922931 0.057375558066654675 0.060427490701362253 0.06641867918754156 0.0042761696506162126 -0.20504305715216209 -0.056912059899843673 0.05020544324140605 -0.011185143371375909 0.11960417347286822 -0.045136881363937349 0.069794709265436461 0.048819349177593174 0.050950425022908745 0.042770215599940396
leaf_weight=44.723202525172383 2.8033651632722574 1.1216479204595078 0.72628802061080833 22.863216180354357 0.15883177006617177 0.47775218868628133 0.15651309711392969 23.769456381211064 0.7606282643973824 0.65768571943044651 0.85887549817562003 1.2141847424209107 0.79064906970597704 1.2499129083007574
leaf_count=1150 96 45 3 194 19 18 38 536 19 12 5 17 45 17
internal_value=0.00348661 0.0114008 0.00937805 0.00781235 0.0302923 0.0407345 -0.0783572 0.000460154 0.00415268 0.0430051 0.00187838 -0.00645237 -0.00918485 0.0718381
internal_weight=102.332 28.3076 27.186 26.4597 3.59646 3.28112 0.315345 74.0246 48.2503 2.66823 45.5821 25.7743 24.5601 2.01054
internal_count=2214 413 368 365 171 114 57 1801 1203 48 1155 598 581 36
is_linear=0
shrinkage=0.05


Tree=159
num_leaves=15
num_cat=0
split_feature=136 94 128 244 0 135 81 53 137 233 53 231 137 163
split_gain=0.953861 0.744222 0.60445 0.759265 1.66888 0.956559 0.779448 0.93227 3.6161 1.60178 0.793965 0.870745 2.22216 1.81265
threshold=1.0000000180025095e-35 1.0000000180025095e-35 1.0000000180025095e-35 1.5000000000000002 1.0000000180025095e-35 1.0000000180025095e-35 1.0000000180025095e-35 1.0000000180025095e-35 1.0000000180025095e-35 1.0000000180025095e-35 1.0000000180025095e-35 1.0000000180025095e-35 1.0000000180025095e-35 1.0000000180025095e-35
decision_type=2 2 2 2 2 2 2 2 2 2 2 2 2 2
left_child=1 2 3 5 -5 6 10 9 -9 -8 11 12 -1 -13
right_child=-2 -3 -4 4 -6 -7 7 8 -10 -11 -12 13 -14 -15
leaf_value=0.024574806034032906 0.041041883096466246 -0.05309206622112194 -0.023481325523533544 0.026056662800976561 -0.047184174201536366 -0.057165261305095499 0.0058458011344206711 -0.15859066127581825 0.05484564808096748 0.050973357563747171 0.052925068174489776 -0.019432075528992124 -0.0056448943900422712 0.02564480572212717
leaf_weight=8.0772481784224492 1.5807082701940078 0.61151893809437652 2.2349057265091679 6.9044890374643719 0.87652266677469004 0.68877453170716663 37.758585067931563 0.37773053650744159 0.4181049969047308 2.074367156950756 0.64479492790996928 13.971957151312383 24.641695157624781 2.6538236369378856
leaf_count=146 20 24 73 126 13 13 329 10 12 168 17 356 737 175
internal_value=0.00249891 0.00190122 0.00223312 0.0028131 0.0178062 0.00153542 0.0019816 0.00712533 -0.0464585 0.00819589 -0.00219895 -0.00291926 0.00181537 -0.0122369
internal_weight=103.515 101.935 101.323 99.0881 7.78101 91.3071 90.6183 40.6288 0.795836 39.833 49.9895 49.3447 32.7189 16.6258
internal_count=2219 2199 2175 2102 139 1963 1950 519 22 497 1431 1414 883 531
is_linear=0
shrinkage=0.05


Tree=160
num_leaves=15
num_cat=0
split_feature=63 244 1 206 135 159 242 135 231 222 227 130 198 152
split_gain=0.969917 1.25892 1.51924 1.09189 0.917612 0.729027 1.23446 0.651056 0.731121 1.59195 2.02591 2.26433 1.74058 1.33212
threshold=1.0000000180025095e-35 1.5000000000000002 1.0000000180025095e-35 1.0000000180025095e-35 1.0000000180025095e-35 1.0000000180025095e-35 2.5000000000000004 1.0000000180025095e-35 1.0000000180025095e-35 1.0000000180025095e-35 1.0000000180025095e-35 1.0000000180025095e-35 1.0000000180025095e-35 1.0000000180025095e-35
decision_type=2 2 2 2 2 2 2 2 2 2 2 2 2 2
left_child=1 2 3 7 -2 6 -3 8 9 10 11 -1 -12 -10
right_child=4 5 -4 -5 -6 -7 -8 -9 13 -11 12 -13 -14 -15
leaf_value=-0.021850870427087016 0.0057103899225657423 -0.040886930657284021 0.051459270318231588 0.056346956174621446 0.05403572476953037 -0.05252299796653459 0.051691089950001039 -0.058551909069438829 0.0052378661949879128 -0.06408274227546723 0.0039940918670135495 0.10174171915562057 0.076406407952009148 -0.012580390862602143
leaf_weight=14.483916047029199 21.005470597650859 0.98436699388548665 1.281799166696145 0.75611612945794959 1.0305033847689617 2.0338406916707754 0.56777273234911263 0.54378193523734708 34.628111714031547 1.3222728176042426 7.2884780159220099 0.38032128475606519 0.93649941682815541 15.047639210824853
leaf_count=567 329 24 101 4 15 45 16 10 586 40 124 3 6 303
internal_value=-0.00132125 -0.00387248 -0.00251814 -0.00343591 0.0079703 -0.0328285 -0.00702189 -0.00404159 -0.0036415 -0.010727 -0.00767138 -0.0186886 0.012239 -0.00015959
internal_weight=102.291 80.2549 76.6689 75.3871 22.036 3.58598 1.55214 74.631 74.0872 24.4115 23.0892 14.8642 8.22498 49.6758
internal_count=2173 1829 1744 1643 344 85 40 1639 1629 740 700 570 130 889
is_linear=0
shrinkage=0.05


Tree=161
num_leaves=15
num_cat=0
split_feature=231 12 233 0 194 248 243 243 16 136 94 137 206 18
split_gain=1.32562 1.20459 1.49862 1.20985 1.19437 1.78447 1.05519 0.919571 1.92733 0.916818 0.722955 0.682134 0.624915 0.595758
threshold=2.5000000000000004 1.0000000180025095e-35 1.0000000180025095e-35 1.0000000180025095e-35 1.0000000180025095e-35 1.0000000180025095e-35 1.5000000000000002 1.5000000000000002 1.0000000180025095e-35 1.0000000180025095e-35 1.0000000180025095e-35 1.0000000180025095e-35 1.0000000180025095e-35 1.0000000180025095e-35
decision_type=2 2 2 2 2 2 2 2 2 2 2 2 2 2
left_child=1 3 6 9 5 -5 -3 11 -9 10 12 -4 13 -1
right_child=-2 2 7 4 -6 -7 -8 8 -10 -11 -12 -13 -14 -15
leaf_value=-0.048423395650143877 0.051937411313319005 -0.049051620704168325 0.044623492469544633 0.033072202692917711 -0.050419139897300604 -0.019681899163193975 0.024324064352733099 0.05087293753939777 -0.17976200603261336 -0.037732253587051158 -0.053005477744427043 -0.033463460611710981 -0.056131435905267403 0.0040629271348129074
leaf_weight=0.54431907692924042 1.1886050951434288 3.6833185572177163 1.3350125302094968 2.0785457659512723 1.9856820269487805 7.0067748734727502 0.56514317449182261 0.1893639895133673 0.17364710848778486 1.4058041877578933 0.57236182782798906 0.35379069671034802 0.43865027278661628 80.248655316070653
leaf_count=18 116 77 41 11 22 65 8 12 8 15 23 6 6 1766
internal_value=-0.000556548 -0.00117689 -0.0223441 0.000237601 -0.0152905 -0.00761278 -0.039291 0.0127459 -0.0594518 0.0023036 0.00299162 0.0282649 0.00338618 0.00370932
internal_weight=101.77 100.581 6.30028 94.2808 11.071 9.08532 4.24846 2.05181 0.363011 83.2098 81.804 1.6888 81.2316 80.793
internal_count=2194 2078 152 1926 98 76 85 67 20 1828 1813 47 1790 1784
is_linear=0
shrinkage=0.05


Tree=162
num_leaves=15
num_cat=0
split_feature=233 221 241 241 241 163 201 130 163 219 35 12 78 223
split_gain=1.51076 1.50465 1.15738 1.63757 1.0677 0.978464 1.28955 0.948743 0.88691 1.55852 1.1725 0.868441 0.967931 0.840855
threshold=1.0000000180025095e-35 1.0000000180025095e-35 2.5000000000000004 1.5000000000000002 4.5000000000000009 1.0000000180025095e-35 1.0000000180025095e-35 1.0000000180025095e-35 1.0000000180025095e-35 1.0000000180025095e-35 1.0000000180025095e-35 1.0000000180025095e-35 1.0000000180025095e-35 1.0000000180025095e-35
decision_type=2 2 2 2 2 2 2 2 2 2 2 2 2 2
left_child=1 2 3 5 -4 7 -7 11 9 -2 -11 -1 -13 -12
right_child=8 -3 4 -5 -6 6 -8 -9 -10 10 13 12 -14 -15
leaf_value=0.0023615606050767612 0.019589780629129923 -0.05677827165262888 0.029492651379372348 -0.035930195659868568 0.0043538951452041915 -0.05084238084447306 -0.0039857029373922201 0.072669301992544788 0.037738994720079876 -0.065758770950616205 -0.042592347671861125 -0.047532613925628658 0.01475587620299957 0.052023226322644979
leaf_weight=46.765260557644069 8.0616663725813833 1.1540192030370224 5.3534085778519538 3.5670835939235976 20.016811529872939 2.1485617510043076 4.638238400220871 0.46280713751912017 3.9396979954326516 1.0604549045674496 0.41741050546988834 1.8377918810583644 0.9440823309123515 0.53681251266971231
leaf_count=1065 349 24 39 88 144 53 22 7 310 21 21 41 17 14
internal_value=0.00239129 -6.59466e-05 0.000697427 -0.00306879 0.00965846 -0.00100495 -0.0188196 0.00141265 0.0176241 0.00975952 -0.0295759 0.00074706 -0.0263938 0.0106351
internal_weight=100.904 86.8881 85.734 60.3638 25.3702 56.7967 6.7868 50.0099 14.016 10.0763 2.01468 49.5471 2.78187 0.954223
internal_count=2215 1500 1476 1293 183 1205 75 1130 715 405 56 1123 58 35
is_linear=0
shrinkage=0.05


Tree=163
num_leaves=15
num_cat=0
split_feature=136 241 204 192 78 229 81 137 248 55 18 225 90 248
split_gain=1.06054 1.32319 0.960605 0.726346 0.732924 0.721084 0.690912 0.873744 0.959872 0.591328 0.579734 0.519532 0.725565 1.35678
threshold=1.0000000180025095e-35 1.0000000180025095e-35 1.0000000180025095e-35 1.0000000180025095e-35 1.0000000180025095e-35 1.0000000180025095e-35 1.0000000180025095e-35 1.0000000180025095e-35 1.0000000180025095e-35 1.0000000180025095e-35 1.0000000180025095e-35 1.0000000180025095e-35 1.0000000180025095e-35 1.0000000180025095e-35
decision_type=2 2 2 2 2 2 2 2 2 2 2 2 2 2
left_child=2 -2 3 4 5 9 7 8 -4 10 -1 12 -12 -14
right_child=1 -3 6 -5 -6 -7 -8 -9 -10 -11 11 -13 13 -15
leaf_value=-0.04918867339132859 0.085972845124851996 -0.0062602651768783437 0.073449650184666648 0.060333209243233203 0.035269718780760989 0.051110473181816232 0.051899602898648173 -0.038048552141871826 -0.0030414073180590768 0.050695715408627308 -0.0015129099703377457 0.025143055279971533 -0.09416534065640686 0.00064750017105155624
leaf_weight=0.64388347789645095 0.81702669430524 0.74201056524179876 0.68872185889631432 0.48929638939443876 1.3931998163461674 0.6529642385430624 1.4724286134587603 0.7124159913510083 1.0139644183218479 0.53730787849053641 91.657206273521297 1.784068252891301 0.60957610979676136 0.99033112707547843
leaf_count=21 7 13 21 14 20 31 43 13 28 106 1868 13 7 39
internal_value=0.0011462 0.0420753 0.000524544 -0.00043513 -0.000737707 -0.00125554 0.0249039 0.00844523 0.0278986 -0.0016109 -0.00190462 -0.00158428 -0.00209559 -0.0354769
internal_weight=104.204 1.55904 102.645 98.7578 98.2685 96.8753 3.88753 2.4151 1.70269 96.2224 95.6851 95.0412 93.2571 1.59991
internal_count=2244 20 2224 2119 2105 2085 105 62 49 2054 1948 1927 1914 46
is_linear=0
shrinkage=0.05


Tree=164
num_leaves=15
num_cat=0
split_feature=231 128 35 143 94 200 107 55 229 18 195 78 166 12
split_gain=0.923354 0.707378 0.881651 0.957958 0.634639 0.595009 1.68972 0.516387 0.520863 0.585066 0.404359 0.403843 0.428078 1.91878
threshold=2.5000000000000004 1.0000000180025095e-35 1.0000000180025095e-35 1.0000000180025095e-35 1.0000000180025095e-35 1.0000000180025095e-35 1.0000000180025095e-35 1.0000000180025095e-35 1.0000000180025095e-35 1.0000000180025095e-35 1.0000000180025095e-35 1.0000000180025095e-35 1.0000000180025095e-35 1.0000000180025095e-35
decision_type=2 2 2 2 2 2 2 2 2 2 2 2 2 2
left_child=1 4 -3 -4 5 6 7 8 9 -1 11 12 -11 -14
right_child=-2 2 3 -5 -6 -7 -8 -9 -10 10 -12 -13 13 -15
leaf_value=-0.049312027719763417 0.051563131391605427 0.0421372775587016 -0.081400254141809195 -0.0048892994980935679 -0.052908975161347627 -0.038848965573091532 0.092932344903648864 0.050662014100949428 0.051005699572379694 -0.00082868293417705436 0.040205436101310443 0.026595207698278413 0.0037740258339207088 0.075139972723661463
leaf_weight=0.57090695481747289 0.90804011689033259 0.36152799008414027 0.8399339112220332 0.79759687418118119 0.53310214169323344 0.89279986638575692 0.50996803119778533 0.53532888175686721 0.52684001438319583 77.897502007195726 0.66849952004849811 1.5389923267066468 17.017595560289923 0.99703304236754675
leaf_count=17 109 13 25 15 22 25 10 107 25 1533 16 21 275 14
internal_value=0.00136262 0.000922987 -0.0285318 -0.0441338 0.00150203 0.00178878 0.00215064 0.00168654 0.00142229 0.0011576 0.00145126 0.00118541 0.000777686 0.00772383
internal_weight=104.596 103.688 1.99906 1.63753 101.689 101.155 100.263 99.7527 99.2174 98.6905 98.1196 97.4511 95.9121 18.0146
internal_count=2227 2118 53 40 2065 2043 2018 2008 1901 1876 1859 1843 1822 289
is_linear=0
shrinkage=0.05


Tree=165
num_leaves=15
num_cat=0
split_feature=242 207 47 211 54 81 63 134 230 241 231 244 54 231
split_gain=1.3392 2.25143 1.26089 1.19012 1.1615 0.975495 0.916716 0.785969 0.811008 1.37344 0.776081 0.859173 0.77088 0.741062
threshold=1.0000000180025095e-35 1.0000000180025095e-35 1.0000000180025095e-35 1.0000000180025095e-35 1.0000000180025095e-35 1.0000000180025095e-35 1.0000000180025095e-35 1.0000000180025095e-35 1.5000000000000002 2.5000000000000004 1.5000000000000002 1.0000000180025095e-35 1.0000000180025095e-35 1.5000000000000002
decision_type=2 2 2 2 2 2 2 2 2 2 2 2 2 2
left_child=1 4 3 5 10 6 7 8 -2 -10 -1 -12 -11 -7
right_child=2 -3 -4 -5 -6 13 -8 -9 9 12 11 -13 -14 -15
leaf_value=0.00025600093770944778 -0.042527376044153277 0.02299733152819999 0.051010695038287937 0.036638284308818117 0.051941436426961821 -8.5528637739861881e-05 0.010181476340653315 0.045167474431546346 -0.062726732242520275 -0.011108927737173511 -0.059704755685220073 0.013251980690561639 0.050666151281878929 -0.021778830985115124
leaf_weight=45.726081263041124 5.7793173424433864 13.874849605606867 0.92600256798323144 1.4329803712898854 1.0592548013664771 20.07582608982921 1.8316981852985925 0.34827306121587831 0.91273714439012144 1.4765738176647576 1.1282978437375266 0.62823571823537339 0.76750982424709935 4.8971032899571574
leaf_count=1099 157 164 55 50 45 185 51 2 31 60 32 31 87 163
internal_value=0.000713524 0.0052353 -0.00662715 -0.00804959 0.000158333 -0.009824 -0.0221452 -0.0285229 -0.0313948 -0.0110141 -0.000996859 -0.0336113 0.0100191 -0.00433951
internal_weight=100.865 62.4167 38.448 37.522 48.5419 36.089 11.1161 9.28441 8.93614 3.15682 47.4826 1.75653 2.24408 24.9729
internal_count=2212 1371 841 786 1207 736 388 337 335 178 1162 63 147 348
is_linear=0
shrinkage=0.05


Tree=166
num_leaves=15
num_cat=0
split_feature=244 219 0 136 125 238 233 35 231 237 248 194 81 241
split_gain=1.01093 1.54723 1.62689 1.15835 1.42037 1.58501 1.3908 1.10175 0.979871 0.946822 1.20359 1.04449 0.924795 0.705988
threshold=1.0000000180025095e-35 1.0000000180025095e-35 1.0000000180025095e-35 1.0000000180025095e-35 1.0000000180025095e-35 1.0000000180025095e-35 1.0000000180025095e-35 1.0000000180025095e-35 2.5000000000000004 1.0000000180025095e-35 1.0000000180025095e-35 1.0000000180025095e-35 1.0000000180025095e-35 1.5000000000000002
decision_type=2 2 2 2 2 2 2 2 2 2 2 2 2 2
left_child=1 2 3 4 6 7 -1 12 -2 10 -3 13 -6 -12
right_child=8 9 -4 -5 5 -7 -8 -9 -10 -11 11 -13 -14 -15
leaf_value=0.0119466208642283 -0.0035031303753601411 -0.052855461701847885 -0.052799429588016401 0.068408267245733262 -0.035874506306620278 0.084615395550174846 0.05098041933403779 -0.081786369174285431 0.05210571458928695 -0.070352323183127383 0.0033522613273185547 -0.030784633030855119 0.011329363785394557 0.054354453914255987
leaf_weight=34.695699837757275 48.313868356053717 1.2200757786631573 0.98195387562736769 0.90025258157402177 2.0303784678690127 0.38187545281834889 2.4427097847219548 0.64937763800844539 0.80538040096871455 0.69417517643887539 2.1503268228843813 1.5433744515758006 2.1220482485368848 0.99131507892161597
leaf_count=526 1131 21 9 6 105 5 151 14 81 26 38 15 31 18
internal_value=0.00252334 0.00746845 0.0108399 0.0122857 0.0110919 -0.0134258 0.014514 -0.0212228 -0.00259134 -0.0151147 -0.00862121 0.00289831 -0.0117515 0.0194455
internal_weight=99.9228 50.8036 44.2043 43.2223 42.3221 5.18368 37.1384 4.8018 49.1192 6.59927 5.90509 4.68502 4.15243 3.14164
internal_count=2177 965 847 838 832 155 677 150 1212 118 92 71 136 56
is_linear=0
shrinkage=0.05


Tree=167
num_leaves=15
num_cat=0
split_feature=211 233 139 116 166 161 220 130 242 152 244 231 242 242
split_gain=0.638289 0.941453 0.734842 0.834417 0.641955 2.08949 1.76004 1.64445 1.05734 1.20034 1.1701 0.791232 0.724055 1.01055
threshold=1.0000000180025095e-35 1.0000000180025095e-35 1.0000000180025095e-35 1.0000000180025095e-35 1.0000000180025095e-35 1.0000000180025095e-35 1.0000000180025095e-35 1.0000000180025095e-35 1.5000000000000002 1.0000000180025095e-35 1.0000000180025095e-35 1.5000000000000002 1.0000000180025095e-35 1.5000000000000002
decision_type=2 2 2 2 2 2 2 2 2 2 2 2 2 2
left_child=2 -2 3 4 7 6 -6 -1 9 10 -9 -8 -7 -14
right_child=1 -3 -4 -5 5 12 11 8 -10 -11 -12 -13 13 -15
leaf_value=0.0016482202094526468 -0.01959741874461091 0.051883761812445264 -0.040527710591510391 0.067978313940666085 -0.058385033722357642 -0.035289275827081017 -0.0084123809548471724 0.028427059943600813 -0.0019194729004470123 -0.069543901362438695 -0.076285071472020363 0.053297467106363884 0.039013415436812311 0.0081880066382537513
leaf_weight=75.766391133889556 0.67617334239184801 1.4450574306538326 1.0351826371625055 0.47430965979583462 1.6829090709798009 0.5202670188155033 2.2657857276499276 0.8074267189949742 2.492913905531168 1.9645831861998886 0.39844507165253162 0.67394309490919102 5.893890794250181 4.8438170918961987
leaf_count=1597 17 59 36 8 33 16 45 31 53 19 10 21 89 179
internal_value=0.0019604 0.0290981 0.00137787 0.00182149 0.00149903 0.0106951 -0.0176085 -0.000294399 -0.0262834 -0.0454406 -0.006172 0.00573482 0.0223168 0.025108
internal_weight=100.941 2.12123 98.8199 97.7847 97.3104 15.8806 4.62264 81.4298 5.66337 3.17045 1.20587 2.93973 11.258 10.7377
internal_count=2213 76 2137 2101 2093 383 99 1710 113 60 41 66 284 268
is_linear=0
shrinkage=0.05


Tree=168
num_leaves=15
num_cat=0
split_feature=195 202 206 161 201 107 159 244 81 155 135 243 225 126
split_gain=0.839839 0.798097 0.794049 0.630736 1.93146 1.69518 1.38538 1.6816 1.2526 3.1255 3.13204 2.0225 1.90525 1.17815
threshold=1.0000000180025095e-35 1.0000000180025095e-35 1.0000000180025095e-35 1.0000000180025095e-35 1.0000000180025095e-35 1.0000000180025095e-35 1.0000000180025095e-35 1.5000000000000002 1.0000000180025095e-35 1.0000000180025095e-35 1.0000000180025095e-35 1.5000000000000002 1.0000000180025095e-35 1.0000000180025095e-35
decision_type=2 2 2 2 2 2 2 2 2 2 2 2 2 2
left_child=1 2 3 4 5 8 13 -8 -1 10 11 -10 -11 -5
right_child=-2 -3 -4 6 -6 -7 7 -9 9 12 -12 -13 -14 -15
leaf_value=0.0017802792375596751 0.05684562569001779 0.012874905107245052 0.061083200924481607 -0.0035090435226445443 -0.049741050734904091 0.09596883938301215 0.035864998883086967 -0.060385874953620078 -0.050010256409526548 -0.0042158157835018965 0.05274064003677878 0.047758028315690065 0.098692902141709893 0.035177121650125938
leaf_weight=18.358444091398276 0.63387025229167093 9.5049228137359005 0.49027971737086673 49.136262030748185 2.5880314866080871 0.4124493757262816 4.3826600052416316 0.50620027817785729 7.20469926064834 1.0619609702844179 0.96345295943319786 0.57088626455515612 0.78020285349339236 2.0501252489630124
leaf_count=616 16 125 3 1052 26 4 122 6 121 25 8 10 9 47
internal_value=-0.000522131 -0.000893149 -0.00237175 -0.00272522 -0.00833352 -0.00468254 0.000469244 0.025899 -0.00611703 -0.0198189 -0.0322955 -0.0428321 0.0393686 -0.00195958
internal_weight=98.6444 98.0106 88.5057 88.0154 31.9401 29.3521 56.0752 4.88886 28.9396 10.5812 8.73904 7.77559 1.84216 51.1864
internal_count=2190 2174 2049 2046 819 793 1227 128 789 173 139 131 34 1099
is_linear=0
shrinkage=0.05


Tree=169
num_leaves=15
num_cat=0
split_feature=233 71 0 219 236 14 220 128 244 135 227 242 241 241
split_gain=1.81439 0.690736 0.677275 1.07203 0.774107 0.688475 0.994166 0.595839 0.631296 1.27609 0.573434 0.513209 0.509636 0.96569
threshold=1.5000000000000002 1.0000000180025095e-35 1.0000000180025095e-35 1.0000000180025095e-35 1.0000000180025095e-35 1.0000000180025095e-35 1.0000000180025095e-35 1.0000000180025095e-35 1.5000000000000002 1.0000000180025095e-35 1.0000000180025095e-35 2.5000000000000004 2.5000000000000004 4.5000000000000009
decision_type=2 2 2 2 2 2 2 2 2 2 2 2 2 2
left_child=1 2 4 -4 5 7 -7 8 9 -1 -9 -10 -5 -14
right_child=-2 -3 3 12 -6 6 -8 10 11 -11 -12 -13 13 -15
leaf_value=0.0030585555785344188 0.051419634438330267 -0.040727154925832648 -0.036270820267246512 -0.0093596707218402738 0.035932273809539249 -0.04656087032783611 0.019161747210600422 -0.011487313116709795 0.022868542538573469 -0.069536310007726365 -0.086805958573497266 -0.018508048397779094 0.06110351209062434 -0.005653521523818021
leaf_weight=73.883726390311494 1.841709168977103 0.96669354010373254 2.8850600682198984 4.9003332507563755 1.7659181065391738 1.6245365235954516 0.89097629627212871 1.1077526747249056 6.3402713770046821 0.61035298183560271 0.3273954924661665 0.84987434884533275 0.86045229365117881 1.462511093704961
leaf_count=1591 200 11 24 37 56 38 18 38 96 12 7 25 16 29
internal_value=0.00224955 0.00132996 0.00174691 -0.0105062 0.00316405 0.00248832 -0.0232824 0.00326824 0.00382937 0.00246376 -0.0286695 0.0179778 -0.000215578 0.019074
internal_weight=100.318 98.4759 97.5092 10.1084 87.4008 85.6349 2.51551 83.1194 81.6842 74.4941 1.43515 7.19015 7.2233 2.32296
internal_count=2198 1998 1987 106 1881 1825 56 1769 1724 1603 45 121 82 45
is_linear=0
shrinkage=0.05


Tree=170
num_leaves=15
num_cat=0
split_feature=152 231 241 242 248 225 63 231 137 235 166 143 219 16
split_gain=0.671698 1.25058 0.917813 1.19971 1.0146 0.795562 0.714093 1.81685 1.02683 0.988334 1.18663 1.34352 0.815027 0.918658
threshold=1.0000000180025095e-35 1.5000000000000002 2.5000000000000004 2.5000000000000004 1.5000000000000002 1.0000000180025095e-35 1.0000000180025095e-35 1.0000000180025095e-35 1.0000000180025095e-35 1.0000000180025095e-35 1.0000000180025095e-35 1.0000000180025095e-35 1.0000000180025095e-35 1.0000000180025095e-35
decision_type=2 2 2 2 2 2 2 2 2 2 2 2 2 2
left_child=1 2 3 4 -1 -3 7 8 -2 10 12 -12 13 -9
right_child=6 5 -4 -5 -6 -7 -8 9 -10 -11 11 -13 -14 -15
leaf_value=0.0047097278708826355 -0.0081155943748860756 -0.013567469312143629 0.054312103632494925 -0.031233110568120823 0.070976856427877238 -0.079662700042104476 0.0056762082599196018 -0.015666690559507795 -0.064327749915637569 0.047931275082214002 0.021029806944426938 -0.058607979252442016 -0.051970570296145595 0.039530922268315331
leaf_weight=62.241066286806017 1.2742695808410673 5.6112704183906308 0.91994830267503758 2.3273135725175953 0.58302691951393981 0.49547559954226006 9.0298573230393249 9.5713393706828374 2.2414581812918186 0.85116420825943251 4.7788451774977139 0.5956041608005761 1.3990573245100684 0.81823520595207888
leaf_count=1354 6 190 16 57 3 8 108 160 22 10 207 20 33 12
internal_value=8.75261e-05 0.00271818 0.00471906 0.0040188 0.00532471 -0.0189302 -0.00612572 -0.0110756 -0.0439537 -0.00465892 -0.00726702 0.0122042 -0.016144 -0.0113196
internal_weight=102.738 72.1781 66.0714 65.1514 62.8241 6.10675 30.5598 21.53 3.51573 18.0142 17.1631 5.37445 11.7886 10.3896
internal_count=2206 1628 1430 1414 1357 198 578 470 28 442 432 227 205 172
is_linear=0
shrinkage=0.05


Tree=171
num_leaves=15
num_cat=0
split_feature=238 233 53 139 210 196 222 0 14 221 234 243 233 163
split_gain=0.617014 1.14158 0.999031 1.04344 0.976668 0.653442 0.626118 1.40378 1.19259 2.07783 0.907632 1.43731 1.26156 0.867359
threshold=1.0000000180025095e-35 1.0000000180025095e-35 1.0000000180025095e-35 1.0000000180025095e-35 1.0000000180025095e-35 1.0000000180025095e-35 1.0000000180025095e-35 1.0000000180025095e-35 1.0000000180025095e-35 1.0000000180025095e-35 1.0000000180025095e-35 1.0000000180025095e-35 1.0000000180025095e-35 1.0000000180025095e-35
decision_type=2 2 2 2 2 2 2 2 2 2 2 2 2 2
left_child=2 -2 3 6 -3 -5 -1 8 10 -10 13 -12 -13 -8
right_child=1 4 -4 5 -6 -7 7 -9 9 -11 11 12 -14 -15
leaf_value=0.003237496332743969 -0.054668927209612285 0.051132626448260804 0.052863559495894802 -0.082278488434229705 -0.049342488313151807 0.00078985399100423264 -0.02271782210962324 -0.029287146256908193 0.11006983006168088 -0.0097745234195063865 0.10194635834252347 -0.056452479914914477 0.051425972153681089 0.0090582977983728555
leaf_weight=81.558083692914806 1.3503776583820575 0.67008664010791086 0.93364067049696942 0.60937420418485899 0.37846916913986206 0.3871505978750065 5.3617417451459897 5.0910883870674288 0.6600170927122242 0.80011066398583353 0.49285374255850989 0.52745474223047473 0.55739830620586872 3.5823433550540358
leaf_count=1624 20 65 35 18 3 21 126 59 7 23 17 9 50 135
internal_value=0.000785079 -0.0242754 0.00138291 0.000900466 0.0148668 -0.0500064 0.00141481 -0.00729222 0.00205337 0.0443984 -0.00382291 0.0311422 -0.00102445 -0.00999064
internal_weight=102.96 2.39893 100.561 99.6276 1.04856 0.996525 98.6311 17.073 11.9819 1.46013 10.5218 1.57771 1.08485 8.94409
internal_count=2212 88 2124 2089 68 39 2050 426 367 30 337 76 59 261
is_linear=0
shrinkage=0.05


Tree=172
num_leaves=15
num_cat=0
split_feature=135 241 231 139 200 58 134 137 86 196 216 227 78 136
split_gain=2.17668 1.69145 1.24706 0.804424 0.693945 0.690743 0.672717 0.878579 0.640055 0.603277 0.575755 1.08879 0.613584 0.573401
threshold=1.0000000180025095e-35 5.5000000000000009 2.5000000000000004 1.0000000180025095e-35 1.0000000180025095e-35 1.0000000180025095e-35 1.0000000180025095e-35 1.0000000180025095e-35 1.0000000180025095e-35 1.0000000180025095e-35 1.0000000180025095e-35 1.0000000180025095e-35 1.0000000180025095e-35 1.0000000180025095e-35
decision_type=2 2 2 2 2 2 2 2 2 2 2 2 2 2
left_child=1 2 3 5 -3 6 8 -8 10 -5 13 12 -12 -1
right_child=-2 4 -4 9 -6 -7 7 -9 -10 -11 11 -13 -14 -15
leaf_value=-0.0055321200133293825 -0.069814329705467804 0.056033929700345077 0.052470368377352861 -0.082280275712632134 -0.062999660073846692 0.051078233087294478 0.010649022705629696 -0.061135674051887225 0.050941963712072338 -0.00085140113885915714 -0.028753925172905783 0.057402466202801705 0.032372237386760386 0.023274258294553048
leaf_weight=87.165864533337299 1.2428483804687847 1.5422385004349042 0.96476433030329545 0.57991411071270604 0.13299983739852894 0.56174417352303763 0.67673177458345768 1.1515572499483824 0.5282728667370965 0.37424612697213888 1.1178933181799937 1.080999257043004 0.6488223858177663 1.7624408826231945
leaf_count=1777 23 131 91 13 1 32 13 17 26 14 31 9 4 12
internal_value=-0.00405916 -0.00322769 -0.0040914 -0.00466192 0.0465837 -0.00420164 -0.00453152 -0.0345649 -0.00393664 -0.0503418 -0.00425253 0.0178782 -0.00630548 -0.00496122
internal_weight=99.5313 98.2885 96.6133 95.6485 1.67524 94.6943 94.1326 1.82829 92.3043 0.95416 91.776 2.84771 1.76672 88.9283
internal_count=2194 2171 2039 1948 132 1921 1889 30 1859 27 1833 44 35 1789
is_linear=0
shrinkage=0.05


Tree=173
num_leaves=15
num_cat=0
split_feature=53 244 220 219 137 16 194 90 47 62 207 0 81 242
split_gain=1.41432 0.935369 1.80848 1.65224 3.48595 2.00522 1.53657 0.862432 0.821968 0.972989 1.08763 1.76365 1.51211 0.883832
threshold=1.0000000180025095e-35 1.0000000180025095e-35 1.0000000180025095e-35 1.0000000180025095e-35 1.0000000180025095e-35 1.0000000180025095e-35 1.0000000180025095e-35 1.0000000180025095e-35 1.0000000180025095e-35 1.0000000180025095e-35 1.0000000180025095e-35 1.0000000180025095e-35 1.0000000180025095e-35 1.0000000180025095e-35
decision_type=2 2 2 2 2 2 2 2 2 2 2 2 2 2
left_child=1 2 8 5 -5 6 -3 -6 9 -1 11 12 13 -11
right_child=-2 3 -4 4 7 -7 -8 -9 -10 10 -12 -13 -14 -15
leaf_value=0.018564775603192678 0.053242846159441665 -0.0051330866625073409 0.034146569571219781 0.046519822179471683 -0.0086759799656144446 -0.080257484652656155 -0.063066307202885363 0.051846949620956366 -0.045766749787422317 0.00096646276897992983 0.010073565865177748 0.075886847962207016 -0.035344975637037722 -0.04906289913948414
leaf_weight=9.500751394312827 1.3607044948730607 30.552539412165064 5.3353663659654549 4.6591698561096537 10.221508659305981 0.97070134803652663 1.1890988298691798 0.62457254971377629 0.83419157774187525 13.84529888024554 16.53973931260407 0.61771315429359575 4.4928247660864136 0.94291603378951627
leaf_count=174 45 763 94 207 157 19 40 17 30 396 172 4 66 24
internal_value=0.00260959 0.00192286 0.00656695 -0.00309602 0.0103477 -0.0094682 -0.00730337 -0.00519076 0.00342099 0.00431417 0.000598555 -0.00727702 -0.00994137 -0.00222348
internal_weight=101.687 100.326 52.1088 48.2176 15.5053 32.7123 31.7416 10.8461 46.7734 45.9392 36.4385 19.8988 19.281 14.7882
internal_count=2208 2163 960 1203 381 822 803 174 866 836 662 490 486 420
is_linear=0
shrinkage=0.05


Tree=174
num_leaves=15
num_cat=0
split_feature=198 78 225 231 71 159 206 231 241 244 241 0 47 243
split_gain=1.76554 1.15839 1.11875 0.87397 0.777912 0.606172 1.05841 0.891835 0.998698 0.910837 0.808359 0.710057 0.655669 0.639897
threshold=1.0000000180025095e-35 1.0000000180025095e-35 1.0000000180025095e-35 2.5000000000000004 1.0000000180025095e-35 1.0000000180025095e-35 1.0000000180025095e-35 1.0000000180025095e-35 1.0000000180025095e-35 1.0000000180025095e-35 3.5000000000000004 1.0000000180025095e-35 1.0000000180025095e-35 1.0000000180025095e-35
decision_type=2 2 2 2 2 2 2 2 2 2 2 2 2 2
left_child=1 2 3 4 5 6 7 8 9 13 -10 -7 -9 -1
right_child=-2 -3 -4 -5 -6 11 -8 12 10 -11 -12 -13 -14 -15
leaf_value=-0.0010622444241235487 -0.053879741493338087 0.046084484286466401 0.039009797527775558 0.050841657061280368 -0.037063854516307455 0.0026120910300324791 0.054443576624075896 -0.0031820082928286381 -0.053078284319367619 -0.051663088017644791 -0.016620543711189418 0.050360493705144005 0.028049555570823437 -0.052908611680574681
leaf_weight=12.58200344350189 1.648541286587714 1.2519095353782166 1.6104330122470845 0.74749169667484139 1.6891730789793644 21.682439940515909 0.73877323418855567 47.954698737652507 2.4981716466136268 1.0611573485657562 3.8847299255430698 0.80760252848267455 1.7415229524485756 0.62468005903065282
leaf_count=363 60 18 16 108 102 504 4 782 80 56 27 8 65 21
internal_value=-0.00256187 -0.00170625 -0.00231912 -0.00301233 -0.0034349 -0.00282785 -0.0050914 -0.00571662 -0.01445 -0.00709559 -0.0308896 0.0043267 -0.00208755 -0.00351459
internal_weight=100.523 98.8748 97.6229 96.0124 95.265 93.5758 71.0857 70.347 20.6507 14.2678 6.3829 22.49 49.6962 13.2067
internal_count=2214 2154 2136 2120 2012 1910 1398 1394 547 440 107 512 847 384
is_linear=0
shrinkage=0.05


Tree=175
num_leaves=15
num_cat=0
split_feature=52 232 195 71 231 238 16 94 55 233 137 18 242 243
split_gain=2.23971 0.904222 0.809165 0.554751 0.687072 0.640993 1.35761 0.574728 0.492604 0.447183 1.67833 0.404995 0.449956 0.768685
threshold=1.0000000180025095e-35 1.0000000180025095e-35 1.0000000180025095e-35 1.0000000180025095e-35 2.5000000000000004 1.0000000180025095e-35 1.0000000180025095e-35 1.0000000180025095e-35 1.0000000180025095e-35 1.0000000180025095e-35 1.0000000180025095e-35 1.0000000180025095e-35 2.5000000000000004 1.5000000000000002
decision_type=2 2 2 2 2 2 2 2 2 2 2 2 2 2
left_child=1 2 3 5 -5 7 9 8 11 -7 -11 -1 -13 -14
right_child=-2 -3 -4 4 -6 6 -8 -9 -10 10 -12 12 13 -15
leaf_value=-0.042577527111795736 0.052343616437781619 0.055054637388582323 -0.05402458098179036 -0.039164077962067965 0.050510225582496182 -0.066715673497989667 0.059191856535962553 -0.052434726335047567 0.050841796492324468 -0.11722893045230359 0.053865169782625247 0.0019391138892196744 -0.040567396995430487 -0.0016518017187849669
leaf_weight=0.53760791989043255 2.051015402423217 0.72829585568979283 0.71063877013511856 1.6291069601429615 0.24583530460949976 1.0534938350319856 0.36728612263686944 0.50674030184745689 0.49230052786879142 0.23465790261980135 0.36829159874469042 84.304921207483858 1.6999800009652961 5.0045739928027615
leaf_count=20 58 43 18 99 37 14 19 23 93 12 13 1575 29 126
internal_value=0.000633181 -0.000450339 -0.000866415 -0.000474727 -0.0274063 5.92191e-05 -0.0277778 0.000667939 0.000960306 -0.0470618 -0.0127218 0.000692065 0.000947665 -0.0115191
internal_weight=99.9347 97.8837 97.1554 96.4448 1.87494 94.5699 2.02373 92.5461 92.0394 1.65644 0.60295 91.5471 91.0095 6.70455
internal_count=2179 2121 2078 2060 136 1924 58 1866 1843 39 25 1750 1730 155
is_linear=0
shrinkage=0.05


Tree=176
num_leaves=15
num_cat=0
split_feature=232 128 161 244 233 198 227 229 177 234 242 192 238 238
split_gain=0.676972 0.839916 1.0878 0.810271 1.47789 0.582618 3.88946 0.477079 0.41873 0.424156 0.453507 0.825481 0.795868 0.781889
threshold=1.0000000180025095e-35 1.0000000180025095e-35 1.0000000180025095e-35 1.5000000000000002 1.0000000180025095e-35 1.0000000180025095e-35 1.0000000180025095e-35 1.0000000180025095e-35 1.0000000180025095e-35 1.5000000000000002 2.5000000000000004 1.0000000180025095e-35 1.0000000180025095e-35 1.0000000180025095e-35
decision_type=2 2 2 2 2 2 2 2 2 2 2 2 2 2
left_child=1 5 -3 4 -4 7 -7 8 9 10 12 13 -1 -12
right_child=-2 2 3 -5 -6 6 -8 -9 -10 -11 11 -13 -14 -15
leaf_value=0.0021890664776944737 0.054510802576481603 -0.12012924934848244 -0.055456115983386782 -0.08441313357798462 0.05185876324421676 -0.051662379480776503 0.083232365728516611 0.050917692343528026 0.046864320444824845 0.032283998617886035 -0.017918285188524907 0.060521190091549826 -0.034575843886850831 0.05307521831740844
leaf_weight=85.836395303835161 0.60068799334112455 0.29314298601820943 0.59374517668038584 0.33812993625178944 0.69794324587564915 0.91244148742407483 1.28963702917099 0.48266954673454066 0.49693903559818764 1.0613361637806509 7.449033046141265 0.38762798812240351 1.4977049377048377 0.40913747204467643
leaf_count=1682 48 10 15 7 35 52 7 30 14 32 219 4 44 10
internal_value=0.00158678 0.00127433 -0.0314567 -0.0155078 0.00252977 0.00190485 0.0273381 0.00133114 0.00108475 0.00084935 0.000500294 -0.0107084 0.00155858 -0.014222
internal_weight=102.347 101.746 1.92296 1.62982 1.29169 99.8229 2.20208 97.6208 97.1382 96.6412 95.5799 8.2458 87.3341 7.85817
internal_count=2209 2161 67 57 50 2094 59 2035 2005 1991 1959 233 1726 229
is_linear=0
shrinkage=0.05


Tree=177
num_leaves=15
num_cat=0
split_feature=161 244 244 244 155 219 219 137 233 243 136 206 227 63
split_gain=1.9486 1.17365 1.15542 2.17601 2.75982 2.66877 1.3453 1.32642 1.78259 1.16858 1.15142 0.824063 0.784741 2.1177
threshold=1.0000000180025095e-35 1.5000000000000002 1.5000000000000002 1.0000000180025095e-35 1.0000000180025095e-35 1.0000000180025095e-35 1.0000000180025095e-35 1.0000000180025095e-35 1.0000000180025095e-35 1.5000000000000002 1.0000000180025095e-35 1.0000000180025095e-35 1.0000000180025095e-35 1.0000000180025095e-35
decision_type=2 2 2 2 2 2 2 2 2 2 2 2 2 2
left_child=2 11 3 10 7 -6 -4 -5 9 -9 12 -2 -1 -14
right_child=1 -3 6 4 5 -7 -8 8 -10 -11 -12 -13 13 -15
leaf_value=-0.010381844529247029 0.0071463386862265325 -0.030871270830118619 0.020618896660932279 -0.091711433519872682 -0.014637951807184425 0.067085299280631269 -0.041938920014532304 -0.04542669128704907 0.052594123401257166 0.028010147761909427 0.080073411082039511 0.063562038469643686 0.022919712267984567 -0.056123108216865829
leaf_weight=9.7943435399793142 54.594598172465339 2.0325996368192127 5.6595230735838404 1.1450838125310845 5.3590695140883318 1.2278770144330335 1.0132671566680072 7.7489167200401408 0.55065220501273948 0.58243318763561536 0.4465901218354692 0.6550590991973867 5.9265829685609779 0.98875494860112656
leaf_count=260 1180 48 82 21 69 29 33 278 23 13 4 3 94 18
internal_value=0.000509943 0.00644247 -0.0078927 -0.0116494 -0.0245469 0.000596133 0.0111195 -0.0410638 -0.0345342 -0.0402928 0.000840522 0.00781522 -0.00127709 0.0116182
internal_weight=97.7254 57.2823 40.4431 33.7703 16.614 6.58695 6.67279 10.0271 8.882 8.33135 17.1563 55.2497 16.7097 6.91534
internal_count=2155 1231 924 809 433 98 115 335 314 291 376 1183 372 112
is_linear=0
shrinkage=0.05


Tree=178
num_leaves=15
num_cat=0
split_feature=62 78 204 241 222 227 136 107 161 0 54 231 248 81
split_gain=0.891284 0.976306 0.847562 1.62668 0.930637 0.738625 2.06587 1.16414 1.2565 1.48347 1.21832 1.63632 3.387 1.44936
threshold=1.0000000180025095e-35 1.0000000180025095e-35 1.0000000180025095e-35 4.5000000000000009 1.0000000180025095e-35 1.0000000180025095e-35 1.0000000180025095e-35 1.0000000180025095e-35 1.0000000180025095e-35 1.0000000180025095e-35 1.0000000180025095e-35 1.5000000000000002 1.0000000180025095e-35 1.0000000180025095e-35
decision_type=2 2 2 2 2 2 2 2 2 2 2 2 2 2
left_child=-1 2 5 -4 -5 6 7 8 -2 10 11 -10 -13 -14
right_child=1 -3 3 4 -6 -7 -8 -9 9 -11 -12 12 13 -15
leaf_value=0.0070608854175591394 -0.026227495474014168 0.066812880623407664 0.038096992112344512 -0.0572622806601846 0.05076028254631279 -0.00049518117358515821 0.0623003918524399 0.051521360859480315 -0.0032542753260044258 -0.077189306085596376 0.05108088765314072 -0.13516335712011582 -0.10752719943654838 0.026133124133108417
leaf_weight=21.737423952203244 12.948098966618998 0.47833478078246017 2.8150283389259125 0.87915733910631366 0.25786596850957721 32.772956396220252 0.94851975445635517 0.70005169790238042 21.860674001567542 0.73338938248343666 0.93097040319116686 0.74285109760239665 0.25367699109483477 1.0116872352082282
leaf_count=362 472 3 62 19 24 553 10 17 543 15 52 17 9 49
internal_value=-0.0018842 -0.00439856 -0.00484177 0.01771 -0.0327638 -0.00606429 -0.0106124 -0.0123775 -0.01354 -0.00710605 -0.00503353 -0.00722218 -0.0504153 -0.000662756
internal_weight=99.0707 77.3333 76.8549 3.95205 1.13702 72.9029 40.1299 39.1814 38.4813 25.5332 24.7999 23.8689 2.00822 1.26536
internal_count=2207 1845 1842 105 43 1737 1184 1174 1157 685 670 618 75 58
is_linear=0
shrinkage=0.05


Tree=179
num_leaves=15
num_cat=0
split_feature=81 211 161 219 62 155 41 244 159 125 227 241 233 71
split_gain=1.30551 0.846824 0.842772 1.36199 1.0332 0.985337 0.910113 0.892777 1.89589 0.766488 1.66513 1.71432 1.45091 1.89949
threshold=1.0000000180025095e-35 1.0000000180025095e-35 1.0000000180025095e-35 1.0000000180025095e-35 1.0000000180025095e-35 1.0000000180025095e-35 1.0000000180025095e-35 1.5000000000000002 1.0000000180025095e-35 1.0000000180025095e-35 1.0000000180025095e-35 1.0000000180025095e-35 1.0000000180025095e-35 1.0000000180025095e-35
decision_type=2 2 2 2 2 2 2 2 2 2 2 2 2 2
left_child=1 9 3 7 -4 -5 -7 8 -2 -1 12 -12 -11 -14
right_child=2 -3 4 5 -6 6 -8 -9 -10 10 11 -13 13 -15
leaf_value=-0.0040094445576782612 0.0090646592876610314 0.048773996046413214 0.061377695155951012 -0.059703371942442289 0.0099147595074546013 0.058804793328221805 -0.03134873013734963 0.025308038897731797 -0.035300467449262962 -0.052318274415229106 -0.21946875398532706 -0.042478314254740294 0.051406008079459047 -0.063817098859504276
leaf_weight=46.585493045509793 9.1351124125067198 0.72274769516661663 1.0088978344574595 1.5981390615925184 29.277149428555276 0.42695525102317333 0.81301557400729507 3.7160191675648084 3.2700802413746706 1.312870110152289 0.20888769254088391 0.39652766613289714 1.2143559489632023 0.5070255547761916
leaf_count=1326 98 31 7 29 401 6 22 40 53 76 15 18 56 7
internal_value=0.000648589 -0.00496267 0.00645384 -0.00181324 0.0116291 -0.0337528 -0.000306451 0.00380967 -0.00263024 -0.00573595 -0.0278341 -0.103546 -0.0127276 0.0174675
internal_weight=100.193 50.9479 49.2454 18.9593 30.286 2.83811 1.23997 16.1212 12.4052 50.2252 3.63967 0.605415 3.03425 1.72138
internal_count=2185 1529 656 248 408 57 28 191 151 1498 172 33 139 63
is_linear=0
shrinkage=0.05


Tree=180
num_leaves=15
num_cat=0
split_feature=207 152 63 136 231 248 161 241 90 53 222 14 12 223
split_gain=0.942854 0.754449 0.633448 0.694772 0.643327 0.932004 1.16483 1.54927 0.685411 0.656166 0.601774 1.25398 1.07004 1.15366
threshold=1.0000000180025095e-35 1.0000000180025095e-35 1.0000000180025095e-35 1.0000000180025095e-35 1.5000000000000002 1.0000000180025095e-35 1.0000000180025095e-35 1.0000000180025095e-35 1.0000000180025095e-35 1.0000000180025095e-35 1.0000000180025095e-35 1.0000000180025095e-35 1.0000000180025095e-35 1.0000000180025095e-35
decision_type=2 2 2 2 2 2 2 2 2 2 2 2 2 2
left_child=2 -2 3 4 9 6 -6 -8 -7 10 12 -12 -1 -14
right_child=1 -3 -4 -5 5 8 7 -9 -10 -11 11 -13 13 -15
leaf_value=-0.0015674990247760642 0.017125871695471345 0.00016206387928197421 0.003885089947024706 0.030139509341551903 -0.011400130690907857 -0.015898002979571522 -0.15593331361914509 -0.038585778875945276 0.040013888353536239 0.053492077076148115 -0.039165943776338211 0.01841063962868127 -0.080642269148076262 -0.004567883173865586
leaf_weight=35.963013663189486 11.825651625171304 14.703562589536887 21.655295115895569 1.2745325744617719 1.1981774698942891 3.8354535204125568 0.43923640064895153 0.78207372792530805 0.63952430011704553 0.47459728270769019 3.298060613917186 1.3258369716349987 0.91142330504953784 1.0996278626844287
leaf_count=992 108 285 346 15 45 140 11 25 39 13 112 25 20 29
internal_value=-0.000347285 0.00772384 -0.0032846 -0.00631459 -0.00724444 -0.021425 -0.0464263 -0.0807891 -0.00790757 -0.00497461 -0.00562601 -0.0226567 -0.00355227 -0.0390454
internal_weight=99.4261 26.5292 72.8969 51.2416 49.967 6.89447 2.41949 1.22131 4.47498 43.0726 42.598 4.6239 37.9741 2.01105
internal_count=2205 393 1812 1466 1451 260 81 36 179 1191 1178 137 1041 49
is_linear=0
shrinkage=0.05


Tree=181
num_leaves=15
num_cat=0
split_feature=241 194 220 238 248 204 52 35 244 235 0 16 18 94
split_gain=1.29463 1.02342 0.981672 1.46684 1.18899 1.10467 0.722341 0.909296 1.12045 0.695094 1.06856 1.56284 0.62732 0.63156
threshold=5.5000000000000009 1.0000000180025095e-35 1.0000000180025095e-35 1.0000000180025095e-35 1.5000000000000002 1.0000000180025095e-35 1.0000000180025095e-35 1.0000000180025095e-35 1.0000000180025095e-35 1.0000000180025095e-35 1.0000000180025095e-35 1.0000000180025095e-35 1.0000000180025095e-35 1.0000000180025095e-35
decision_type=2 2 2 2 2 2 2 2 2 2 2 2 2 2
left_child=1 2 12 4 5 6 -4 8 -8 10 -3 -12 -1 -14
right_child=-2 9 3 -5 -6 -7 7 -9 -10 -11 11 -13 13 -15
leaf_value=-0.051951174934640826 0.046462252867444404 -0.0089364150042457041 -0.012942658783925799 0.059276073503351318 0.040714527141835023 0.053410411252340563 0.050725635046942941 -0.10351374500608904 -0.083304218218303056 0.033122959160428414 -0.099417533602822628 -0.00026688984800460428 0.0071096024312135367 -0.052474962705599926
leaf_weight=0.45900006173178454 1.62987655494362 10.000714509049425 14.280172329628845 0.8000855129212131 1.0829324564547267 0.59536131826462302 0.32408473081886835 0.51477460423484445 0.30052547575905919 0.8022918254137047 0.84876394458115167 0.74740101164206862 65.504567567724735 0.44776060152798791
leaf_count=17 134 138 299 35 23 33 18 10 9 4 6 17 1428 20
internal_value=0.00227104 0.00152626 0.00349878 -0.00689408 -0.00999048 -0.0134192 -0.0159995 -0.0543117 -0.0137616 -0.0118861 -0.0149999 -0.0529904 0.00629967 0.00670507
internal_weight=98.3383 96.7084 84.3093 17.8979 17.0979 16.0149 15.4196 1.13938 0.62461 12.3992 11.5969 1.59616 66.4113 65.9523
internal_count=2191 2057 1892 427 392 369 336 37 27 165 161 23 1465 1448
is_linear=0
shrinkage=0.05


Tree=182
num_leaves=15
num_cat=0
split_feature=201 243 233 35 231 241 220 155 90 235 234 244 161 231
split_gain=2.27606 1.60151 0.990706 1.06271 0.87565 1.17849 0.874534 1.61787 1.41656 0.800278 0.780051 1.1624 0.761127 0.732891
threshold=1.0000000180025095e-35 1.5000000000000002 1.0000000180025095e-35 1.0000000180025095e-35 1.0000000180025095e-35 2.5000000000000004 1.0000000180025095e-35 1.0000000180025095e-35 1.0000000180025095e-35 1.0000000180025095e-35 1.0000000180025095e-35 1.0000000180025095e-35 1.0000000180025095e-35 1.5000000000000002
decision_type=2 2 2 2 2 2 2 2 2 2 2 2 2 2
left_child=2 9 13 -4 -3 -6 -5 -8 -9 10 12 -12 -2 -1
right_child=1 4 3 6 5 -7 7 8 -10 -11 11 -13 -14 -15
leaf_value=0.0036137060149181591 -0.049164569141079917 -0.054751014696933033 0.030870641339303756 0.052162703639266228 -0.040639169629988738 0.049207238617227533 -0.043519977654940804 0.0511070734760413 -0.06564497992043343 0.031885532475240369 -0.064590487560583373 0.057879748708226847 -0.018008425156736847 -0.01997886511923834
leaf_weight=60.929471646202728 2.2038597408682241 0.32173909991979543 6.7354858347680402 0.63539746880996961 0.44556298642419312 2.0179035383043811 1.8330790871405043 1.2084422560874371 0.33095607953146111 0.79202263057231803 0.26675975578836997 0.70786963414866477 17.733107490465045 3.4797616770956656
leaf_count=1273 20 5 275 18 12 81 56 91 16 4 11 28 206 56
internal_value=0.000369945 -0.0128683 0.00468369 0.0187401 0.0228251 0.0329569 -0.00164605 -0.011784 0.0260065 -0.0174488 -0.0193173 0.0243592 -0.0214525 0.0023391
internal_weight=99.6414 24.4888 75.1526 10.7434 2.78521 2.46347 4.00787 3.37248 1.5394 21.7036 20.9116 0.974629 19.937 64.4092
internal_count=2152 367 1785 456 98 93 181 163 107 269 265 39 226 1329
is_linear=0
shrinkage=0.05


Tree=183
num_leaves=15
num_cat=0
split_feature=202 0 248 139 242 232 81 163 63 163 244 223 243 90
split_gain=1.30374 1.39234 1.51634 0.890233 0.790026 0.701686 0.685279 0.869437 0.682657 0.950912 0.77935 1.52304 1.55693 0.742054
threshold=1.0000000180025095e-35 1.0000000180025095e-35 1.0000000180025095e-35 1.0000000180025095e-35 1.0000000180025095e-35 1.0000000180025095e-35 1.0000000180025095e-35 1.0000000180025095e-35 1.0000000180025095e-35 1.0000000180025095e-35 1.5000000000000002 1.0000000180025095e-35 1.0000000180025095e-35 1.0000000180025095e-35
decision_type=2 2 2 2 2 2 2 2 2 2 2 2 2 2
left_child=3 2 4 5 -2 8 -4 -8 10 -10 13 12 -12 -1
right_child=1 -3 6 -5 -6 -7 7 -9 9 -11 11 -13 -14 -15
leaf_value=-0.00058861049343065857 -0.05882467542523051 0.039053071247198756 0.041860885655329701 -0.046928203246962001 -0.011869453665006116 0.054916045965256566 -0.044926195057872716 0.01566476935040317 0.014567084325735594 -0.050283612774166653 0.092481178483458118 -0.048089171748494697 -0.020869384717219733 0.027240764014948224
leaf_weight=68.558858599048108 3.16374907735735 0.90237373765557993 0.74476999044418368 0.96138608921319146 1.2496349168941376 0.60935908509418268 1.127545730676502 1.2466508048819378 12.460544397588816 0.59212487144395787 0.46900201309472256 2.2909846748225391 0.85560623439960182 2.4820686243474475
leaf_count=1615 39 12 21 30 18 36 13 18 223 15 9 56 21 50
internal_value=-0.000848974 -0.019639 -0.0266703 0.000926215 -0.0455295 0.00144713 1.56748e-05 -0.0131109 0.00107566 0.0116252 -0.000768783 -0.0234135 0.0192645 0.000383708
internal_weight=97.7147 8.43472 7.53235 89.2799 4.41338 88.3185 3.11897 2.3742 87.7092 13.0527 74.6565 3.61559 1.32461 71.0409
internal_count=2176 121 109 2055 57 2025 52 31 1989 238 1751 86 30 1665
is_linear=0
shrinkage=0.05


Tree=184
num_leaves=15
num_cat=0
split_feature=242 154 229 200 107 231 243 233 62 161 159 219 163 242
split_gain=1.18514 0.531196 0.4974 0.473327 0.472766 0.536899 1.64057 0.798448 1.27283 3.31164 0.850255 0.863611 1.02663 0.654238
threshold=3.5000000000000004 1.0000000180025095e-35 1.0000000180025095e-35 1.0000000180025095e-35 1.0000000180025095e-35 1.5000000000000002 1.5000000000000002 1.0000000180025095e-35 1.0000000180025095e-35 1.0000000180025095e-35 1.0000000180025095e-35 1.0000000180025095e-35 1.0000000180025095e-35 2.5000000000000004
decision_type=2 2 2 2 2 2 2 2 2 2 2 2 2 2
left_child=1 2 3 4 5 7 -7 13 9 -9 11 -10 -13 -1
right_child=-2 -3 -4 -5 -6 6 -8 8 10 -11 -12 12 -14 -15
leaf_value=0.0042044431891343397 0.05181450746865373 -0.04589774798563527 0.050941568437375254 -0.034676678514264578 0.043331457854207486 -0.016115351715417729 0.045628466149454934 0.05053413890326789 0.048810890891387515 -0.27995754227360603 -0.022329586796916406 -0.031089382163334175 0.051117142510513108 -0.015701642033654588
leaf_weight=77.595299059525132 1.2696432842640195 0.54784366022795339 0.54879916895879333 0.81762371538206835 0.74024726497009297 8.259552911622448 1.2369591281749297 0.19990158523432899 3.4377023777924469 0.1220944607630372 0.7481317464262246 0.89251006394624688 0.66111015278147534 4.3595685793552539
leaf_count=1331 37 10 36 25 17 329 116 22 150 4 11 10 67 62
internal_value=0.00381032 0.00320186 0.00347188 0.00320892 0.00352419 0.003222 -0.00807297 0.00444067 0.0219517 -0.0747817 0.0273786 0.0348292 0.00389186 0.00314554
internal_weight=101.437 100.167 99.6195 99.0707 98.2531 97.5128 9.49651 88.0163 6.06145 0.321996 5.73945 4.99132 1.55362 81.9549
internal_count=2227 2190 2180 2144 2119 2102 445 1657 264 26 238 227 77 1393
is_linear=0
shrinkage=0.05


Tree=185
num_leaves=15
num_cat=0
split_feature=81 0 194 207 222 248 211 125 62 233 9 222 47 242
split_gain=1.11587 0.829124 2.16153 1.17683 1.35729 0.963423 0.764914 0.930811 0.971938 1.53847 1.32479 0.906156 1.32532 3.17263
threshold=1.0000000180025095e-35 1.0000000180025095e-35 1.0000000180025095e-35 1.0000000180025095e-35 1.0000000180025095e-35 1.0000000180025095e-35 1.0000000180025095e-35 1.0000000180025095e-35 1.0000000180025095e-35 1.0000000180025095e-35 1.0000000180025095e-35 1.0000000180025095e-35 1.0000000180025095e-35 1.0000000180025095e-35
decision_type=2 2 2 2 2 2 2 2 2 2 2 2 2 2
left_child=6 3 5 -2 -5 -3 7 11 -9 -10 -11 12 -1 -14
right_child=1 2 -4 4 -6 -7 -8 8 9 10 -12 -13 13 -15
leaf_value=0.0038890148768934438 0.0080513287551697409 0.036265343927892199 -0.061441424873048781 0.02111023869944248 0.076697610965260232 -0.0027904907434120464 0.048805807660943779 -0.12330241898525063 -0.052870330389186128 0.044791032762006931 -0.048230566342826429 -0.021378557245062262 -0.16502078119719477 0.051423610034081614
leaf_weight=40.598345621721819 27.402923492656555 2.0620234375819528 1.3567577612120665 8.7528564531821722 1.2556852640118457 6.7409289638744667 0.7674884838052084 0.23867651377804611 1.6914263693615788 1.1624066046788355 0.57065709214657534 4.305036333971656 0.37144891126081248 0.31110195582732558
leaf_count=1050 458 10 23 67 24 65 36 7 96 58 11 220 11 12
internal_value=0.00448846 0.00997077 -0.0026961 0.0134107 0.0280843 0.00635804 -0.000725803 -0.00149769 -0.0257464 -0.0189471 0.0141612 0.000450869 0.00272738 -0.0663669
internal_weight=97.5878 47.5712 10.1597 37.4115 10.0085 8.80295 50.0166 49.2491 3.66317 3.42449 1.73306 45.5859 41.2809 0.682551
internal_count=2148 647 98 549 91 75 1501 1465 172 165 69 1293 1073 23
is_linear=0
shrinkage=0.05


Tree=186
num_leaves=15
num_cat=0
split_feature=229 241 137 242 1 55 126 225 225 243 244 159 47 161
split_gain=0.58156 0.587111 1.04583 1.09955 1.89805 0.58444 0.557695 1.82784 1.09208 0.871675 1.40522 1.52036 0.974459 0.841629
threshold=1.0000000180025095e-35 5.5000000000000009 1.0000000180025095e-35 1.0000000180025095e-35 1.0000000180025095e-35 1.0000000180025095e-35 1.0000000180025095e-35 1.0000000180025095e-35 1.0000000180025095e-35 1.0000000180025095e-35 1.5000000000000002 1.0000000180025095e-35 1.0000000180025095e-35 1.0000000180025095e-35
decision_type=2 2 2 2 2 2 2 2 2 2 2 2 2 2
left_child=1 5 3 4 -3 6 8 13 9 10 -1 -12 -11 -8
right_child=-2 2 -4 -5 -6 -7 7 -9 -10 12 11 -13 -14 -15
leaf_value=-0.0034429339500498821 0.050886177531349802 -0.21673647586741662 0.057522189664128143 0.050326098992398441 0.050291970074718167 0.050827049335648869 0.0052293585709878351 -0.069262623644996912 0.038201051462698463 -0.013135038439760202 -0.037244634050073347 0.052630611823509345 0.05089885522477048 0.053625944803485481
leaf_weight=56.77164634258952 0.50118196790572156 0.15140946768224128 0.99678429425694048 0.22469520638696849 0.11873333074618131 0.49106861668405954 1.9927138630300751 0.570052359253168 1.4630258344113816 31.801564089662861 0.60145584866404478 2.1619648654013872 0.6054445164045309 1.63569725304842
leaf_count=1200 34 7 55 55 20 111 40 6 17 540 18 29 33 41
internal_value=-0.00283921 -0.00310959 0.0280236 -0.0313973 -0.099372 -0.003583 -0.00385675 0.0139701 -0.00465805 -0.00534005 -0.00174815 0.0330694 -0.0119387 0.0270467
internal_weight=100.087 99.5863 1.49162 0.494838 0.270143 98.0946 97.6036 4.19846 93.4051 91.9421 59.5351 2.76342 32.407 3.62841
internal_count=2206 2172 137 82 27 2035 1924 87 1837 1820 1247 47 573 81
is_linear=0
shrinkage=0.05


Tree=187
num_leaves=15
num_cat=0
split_feature=125 0 136 244 238 161 241 243 198 227 136 54 137 231
split_gain=0.870738 2.2966 0.86012 0.963375 2.38561 1.48424 1.25133 3.59637 0.780109 3.8586 0.638036 0.54627 0.521199 0.892921
threshold=1.0000000180025095e-35 1.0000000180025095e-35 1.0000000180025095e-35 1.0000000180025095e-35 1.0000000180025095e-35 1.0000000180025095e-35 1.0000000180025095e-35 1.0000000180025095e-35 1.0000000180025095e-35 1.0000000180025095e-35 1.0000000180025095e-35 1.0000000180025095e-35 1.0000000180025095e-35 1.5000000000000002
decision_type=2 2 2 2 2 2 2 2 2 2 2 2 2 2
left_child=8 2 3 4 -2 12 7 -7 10 -10 -1 -8 -5 -14
right_child=1 -3 -4 5 -6 6 11 -9 9 -11 -12 -13 13 -15
leaf_value=-0.0011536075349433306 -0.048240720959076347 0.072264096737784778 0.043094704024601534 -0.078533429085740208 0.079428299709641936 0.22208129878938576 -0.013961031006686414 -0.017788269801219479 -0.047340920577748621 0.087058331205024486 -0.057563379891313785 0.052293632935154613 -0.062315376076055362 0.010415130913594564
leaf_weight=86.713170846982393 4.9489273650105989 0.70416968490462828 0.50124538515228856 0.59727514185942721 0.39511909103021015 0.25717264693230424 1.7966598526109012 0.3982386133284308 0.94221284892409962 1.232773169875145 0.50419005798175831 0.37626481917686749 0.80534312734380364 0.88658722350373864
leaf_count=1802 164 14 5 15 6 8 52 32 55 6 11 14 16 18
internal_value=-0.0024188 -0.0152656 -0.0208879 -0.0239535 -0.0388013 -0.00844841 0.0157769 0.0763326 -0.000742098 0.028836 -0.0014797 -0.00248834 -0.038379 -0.0242039
internal_weight=101.059 11.667 10.9628 10.4616 5.34405 5.11754 2.82834 0.655411 89.3923 2.17499 87.2174 2.17292 2.28921 1.69193
internal_count=2218 344 330 325 170 155 106 40 1874 61 1813 66 49 34
is_linear=0
shrinkage=0.05


Tree=188
num_leaves=15
num_cat=0
split_feature=231 225 248 134 128 236 241 244 130 35 248 139 78 166
split_gain=1.05679 0.616885 0.594845 0.782027 0.665682 0.664085 0.810095 1.69541 2.16018 0.648137 0.62944 1.20254 0.913492 0.791535
threshold=2.5000000000000004 1.0000000180025095e-35 1.5000000000000002 1.0000000180025095e-35 1.0000000180025095e-35 1.0000000180025095e-35 3.5000000000000004 1.0000000180025095e-35 1.0000000180025095e-35 1.0000000180025095e-35 1.0000000180025095e-35 1.0000000180025095e-35 1.0000000180025095e-35 1.0000000180025095e-35
decision_type=2 2 2 2 2 2 2 2 2 2 2 2 2 2
left_child=1 2 3 4 5 10 -7 -8 -9 -6 12 13 -1 -12
right_child=-2 -3 -4 -5 9 6 7 8 -10 -11 11 -13 -14 -15
leaf_value=0.00097374142452604862 0.052100061571438018 -0.032944457805656857 0.035151338154715703 -0.043853914074681255 0.027443025109867666 -0.021024919790701493 -0.027309214527084638 0.078151167374518687 -0.0074840492974498664 -0.0482029859814442 0.00541180164097724 -0.048024080730916317 -0.055236860932738913 0.027491808703976345
leaf_weight=59.843160239222925 0.98235910356743161 1.4022552426904429 1.2199949404457573 1.0051623261533666 0.36514294426888105 6.9376555809285474 2.3045673812739551 1.3023831667378545 1.6946300362469628 1.2611968833953142 10.766041724476969 0.82583568780682881 0.73161984980106254 6.515269423427525
leaf_count=1332 118 21 25 25 15 71 27 40 64 29 180 28 11 191
internal_value=0.000503265 -2.376e-05 0.000463334 1.09774e-05 0.000487396 0.00105454 -0.00977998 0.00493516 0.0297296 -0.0312191 0.00273989 0.0109195 0.000294832 0.0137362
internal_weight=97.1573 96.1749 94.7727 93.5527 92.5475 90.9212 12.2392 5.30158 2.99701 1.62634 78.6819 18.1071 60.5748 17.2813
internal_count=2177 2059 2038 2013 1988 1944 202 131 104 44 1742 399 1343 371
is_linear=0
shrinkage=0.05


Tree=189
num_leaves=15
num_cat=0
split_feature=219 244 16 233 234 16 90 12 241 230 223 81 242 154
split_gain=0.646146 1.68269 2.65084 1.54794 2.28489 1.65931 1.01005 1.00043 0.871176 0.995556 0.937539 0.998578 0.797512 0.708719
threshold=1.0000000180025095e-35 1.0000000180025095e-35 1.0000000180025095e-35 1.0000000180025095e-35 1.0000000180025095e-35 1.0000000180025095e-35 1.0000000180025095e-35 1.0000000180025095e-35 1.5000000000000002 1.0000000180025095e-35 1.0000000180025095e-35 1.0000000180025095e-35 1.0000000180025095e-35 1.0000000180025095e-35
decision_type=2 2 2 2 2 2 2 2 2 2 2 2 2 2
left_child=3 2 12 5 -5 6 8 -6 9 10 13 -12 -2 -1
right_child=1 -3 -4 4 7 -7 -8 -9 -10 -11 11 -13 -14 -15
leaf_value=0.0086704168537526227 -0.045025122525957285 0.0031950119425999748 -0.069243665402867569 0.0413265464847258 -0.035772863749931418 0.070354681313364226 -0.046651870783952873 0.051605148800997737 -0.0074092961599045775 -0.059326506021224003 -0.052375486976579427 0.0032890235979151855 0.013415619228881083 -0.054727434989426185
leaf_weight=41.753694274462759 0.75885051605291964 13.635533417400437 2.3919698719400913 5.739563188632018 1.7321758689358833 0.86329291760921378 1.1126385279931117 0.40398406039457757 19.713601001887582 0.59104309696704049 1.3665819959715 1.9629904311150312 2.530338819604367 0.44552783668041129
leaf_count=967 18 384 61 275 64 6 8 24 200 19 51 24 34 8
internal_value=0.00183172 -0.0063305 -0.029193 0.00391492 0.0248966 0.00147799 0.000589805 -0.0192482 0.00138823 0.00514867 0.00598567 -0.0195578 -6.72735e-05 0.00800108
internal_weight=95.0018 19.3167 5.68116 75.6851 7.87572 67.8094 66.9461 2.13616 65.8334 46.1198 45.5288 3.32957 3.28919 42.1992
internal_count=2143 497 113 1646 363 1283 1277 88 1269 1069 1050 75 52 975
is_linear=0
shrinkage=0.05


Tree=190
num_leaves=15
num_cat=0
split_feature=53 139 241 135 116 219 16 231 41 155 161 236 220 248
split_gain=0.947944 1.03229 0.904568 0.64891 0.653943 0.45002 0.962591 0.742012 0.718447 0.654684 0.961843 1.56225 1.09888 0.868702
threshold=1.0000000180025095e-35 1.0000000180025095e-35 2.5000000000000004 1.0000000180025095e-35 1.0000000180025095e-35 1.0000000180025095e-35 1.0000000180025095e-35 1.0000000180025095e-35 1.0000000180025095e-35 1.0000000180025095e-35 1.0000000180025095e-35 1.0000000180025095e-35 1.0000000180025095e-35 1.0000000180025095e-35
decision_type=2 2 2 2 2 2 2 2 2 2 2 2 2 2
left_child=1 3 -3 4 5 6 -1 -7 -8 10 11 -9 -12 -11
right_child=-2 2 -4 -5 -6 7 8 9 -10 13 12 -13 -14 -15
leaf_value=0.0033229866157548694 0.053396907344683824 -0.091991544173769924 0.0099974495832054564 0.041068590205815922 0.064135691698691433 -0.019486405113725142 -0.00074481918438894885 0.0071582149447270947 -0.06698640539746531 -0.048968618452314532 0.023036738731020662 -0.068788013171293017 -0.037136546742947703 0.028245473662529677
leaf_weight=73.476353285543155 1.0017827689880494 0.51621255557984014 0.37559076631441712 1.2313837353140105 0.4580877055414011 1.8239562215749199 0.78244136087596305 2.0517689287662506 0.85839283023960888 0.38238448975607742 6.1842894027940929 1.0106995925307276 0.86482151248492289 7.6873866703826934
leaf_count=1575 39 16 22 23 7 38 37 47 16 9 49 10 38 270
internal_value=0.00500648 0.00451032 -0.049038 0.00500359 0.00453896 0.00425195 0.00247716 0.0109161 -0.0353987 0.013966 0.00548998 -0.0179061 0.0156544 0.0245867
internal_weight=98.7056 97.7038 0.891803 96.812 95.5806 95.1225 75.1172 20.0053 1.64083 18.1814 10.1116 3.06247 7.04911 8.06977
internal_count=2196 2157 38 2119 2096 2089 1628 461 53 423 144 57 87 279
is_linear=0
shrinkage=0.05


Tree=191
num_leaves=15
num_cat=0
split_feature=78 195 58 128 35 137 94 238 16 81 225 243 47 16
split_gain=1.86157 0.572122 0.526353 0.551957 0.852693 1.25052 0.523447 0.505782 1.22939 1.50955 0.868431 0.687935 1.28658 0.925326
threshold=1.0000000180025095e-35 1.0000000180025095e-35 1.0000000180025095e-35 1.0000000180025095e-35 1.0000000180025095e-35 1.0000000180025095e-35 1.0000000180025095e-35 1.0000000180025095e-35 1.0000000180025095e-35 1.0000000180025095e-35 1.0000000180025095e-35 1.0000000180025095e-35 1.0000000180025095e-35 1.0000000180025095e-35
decision_type=2 2 2 2 2 2 2 2 2 2 2 2 2 2
left_child=1 2 3 6 -5 -6 7 10 9 -9 11 12 13 -1
right_child=-2 -3 -4 4 5 -7 -8 8 -10 -11 -12 -13 -14 -15
leaf_value=0.005691218868684466 -0.059510169698058002 0.053583414356906722 0.051047311950613627 0.042371356176613327 -0.087961254629399813 0.025535563871071844 -0.05228539664703085 0.0033814065847725494 0.042923058473539895 -0.092028724303087173 0.042415266321973163 -0.0039322619155538257 -0.045170526085057151 0.077577936213400381
leaf_weight=59.590436382452026 1.2462246268987645 0.53428688854910333 0.53748615883523498 0.31921125249937055 0.73486310202861205 0.36237541446462274 0.44386659003794093 0.8522975452942767 0.55523760383948673 0.80720569042023271 1.3562044966965903 31.193314714997541 1.242562460945918 0.45103714009746809
leaf_count=1285 17 14 39 14 19 13 21 33 35 16 12 660 36 6
internal_value=0.00121856 0.00198317 0.00170313 0.00143224 -0.0295532 -0.0504776 0.00188709 0.00213744 -0.0214796 -0.0430274 0.00269487 0.00211236 0.00518904 0.00623124
internal_weight=100.227 98.9804 98.4461 97.9086 1.41645 1.09724 96.4922 96.0483 2.21474 1.6595 93.8336 92.4774 61.284 60.0415
internal_count=2220 2203 2189 2150 46 32 2104 2083 84 49 1999 1987 1327 1291
is_linear=0
shrinkage=0.05


Tree=192
num_leaves=15
num_cat=0
split_feature=236 233 195 235 231 242 227 198 227 125 219 63 244 161
split_gain=1.01373 1.30937 0.726559 0.702021 0.628521 1.28988 1.26741 2.08164 1.1405 1.40589 1.12583 1.06169 1.54409 2.51363
threshold=1.0000000180025095e-35 1.0000000180025095e-35 1.0000000180025095e-35 1.0000000180025095e-35 1.0000000180025095e-35 1.5000000000000002 1.0000000180025095e-35 1.0000000180025095e-35 1.0000000180025095e-35 1.0000000180025095e-35 1.0000000180025095e-35 1.0000000180025095e-35 1.5000000000000002 1.0000000180025095e-35
decision_type=2 2 2 2 2 2 2 2 2 2 2 2 2 2
left_child=2 -2 3 4 5 6 11 -8 10 -10 -6 12 13 -1
right_child=1 -3 -4 -5 8 -7 7 -9 9 -11 -12 -13 -14 -15
leaf_value=-0.038222787603024888 0.008672826088418354 0.052023642451868649 -0.060907463851204095 -0.052737593751092417 -0.00083534307063534675 -0.055072728849275027 0.015145540412053066 0.099072718605503873 -0.0086055082015845663 -0.067919629364402351 0.024414035434021958 0.021311245424575465 0.080028186012990388 0.0064385176900591803
leaf_weight=4.9945868412032715 11.281223293161018 2.059881468594539 0.47886968590319057 0.60632853343849902 23.938088940689344 0.82440347922965784 12.268574234098196 0.7861681282520302 17.842658586334441 1.0582773463102046 5.4130977828172027 4.3826149171218267 0.49306942149996835 8.5328748528845608
leaf_count=281 73 187 15 14 470 35 174 4 335 32 153 105 18 270
internal_value=0.00258829 0.0153662 0.000499676 0.000862084 0.00126563 0.00666589 0.00828385 0.0201997 -0.00234734 -0.0119265 0.00382128 -0.000168967 -0.00688337 -0.0100513
internal_weight=94.9607 13.3411 81.6196 81.1407 80.5344 32.2823 31.4579 13.0547 48.2521 18.9009 29.3512 18.4031 14.0205 13.5275
internal_count=2166 260 1906 1891 1877 887 852 178 990 367 623 674 569 551
is_linear=0
shrinkage=0.05


Tree=193
num_leaves=15
num_cat=0
split_feature=130 242 234 241 233 248 204 223 47 249 241 223 47 81
split_gain=1.49262 1.11442 1.45338 0.748463 0.856317 0.723835 0.738962 0.705755 0.923224 0.683648 0.717392 0.945302 0.679928 1.76219
threshold=1.0000000180025095e-35 2.5000000000000004 1.0000000180025095e-35 3.5000000000000004 1.0000000180025095e-35 1.5000000000000002 1.0000000180025095e-35 1.0000000180025095e-35 1.0000000180025095e-35 1.0000000180025095e-35 2.5000000000000004 1.0000000180025095e-35 1.0000000180025095e-35 1.0000000180025095e-35
decision_type=2 2 2 2 2 2 2 2 2 2 2 2 2 2
left_child=5 -2 9 -4 -5 6 7 12 -9 -3 11 -11 -1 -14
right_child=1 2 3 4 -6 -7 -8 8 -10 10 -12 -13 13 -15
leaf_value=0.002468595504865171 0.031883982265267161 -0.053836983581806233 -0.102661495592685 -0.049782186126093531 0.052477976734650558 0.048790028522108113 0.03105807977803874 -0.020979956636391385 0.051264325433317104 -0.028694314990490501 0.037119023930795393 0.038964062409861284 -0.069108840345323178 0.051212437906997747
leaf_weight=73.414631193096284 7.7874027850339171 0.33006742410361756 0.37193821743130662 0.68781188316643238 0.29147532128263265 0.80630823003593732 2.0201979692792511 5.8809413856361052 0.47817875957116474 1.2751797247328798 2.8059040198568255 0.86744505539536465 0.99482985911890753 0.4384060010779649
leaf_count=1460 206 7 7 10 33 7 66 142 20 50 98 19 30 30
internal_value=0.004194 0.0190575 0.00399149 -0.042279 -0.0193454 0.00164394 0.00118719 0.000444087 -0.0155475 0.0158359 0.0204831 -0.00130271 0.00180274 -0.0323043
internal_weight=98.4507 14.4172 6.62982 1.35123 0.979287 84.0335 83.2272 81.207 6.35912 5.2786 4.94853 2.14262 74.8479 1.43324
internal_count=2185 430 224 50 43 1755 1748 1682 162 174 167 69 1520 60
is_linear=0
shrinkage=0.05


Tree=194
num_leaves=15
num_cat=0
split_feature=242 231 243 195 241 202 231 248 0 35 243 241 90 155
split_gain=0.664674 1.23552 0.788508 0.661911 0.641524 1.01118 0.921196 0.771952 0.701482 0.799271 1.28739 0.76664 0.85105 0.701737
threshold=1.5000000000000002 1.0000000180025095e-35 1.0000000180025095e-35 1.0000000180025095e-35 3.5000000000000004 1.0000000180025095e-35 1.5000000000000002 1.0000000180025095e-35 1.0000000180025095e-35 1.0000000180025095e-35 1.5000000000000002 1.0000000180025095e-35 1.0000000180025095e-35 1.0000000180025095e-35
decision_type=2 2 2 2 2 2 2 2 2 2 2 2 2 2
left_child=3 -2 -3 -1 6 -6 8 -8 9 -4 11 -11 13 -13
right_child=1 2 4 -5 5 -7 7 -9 -10 10 -12 12 -14 -15
leaf_value=-0.0064394752772458583 -0.054783697188143271 0.060771576794487449 0.05091594722267162 0.04688703930495805 0.041723094258779854 0.0021117968723644688 -0.066032907698169496 -0.010943999804787777 0.052094512887022319 0.024107756008668758 -0.04613020184237164 -0.053820971839651115 0.033318753248534755 0.00014701088337601358
leaf_weight=75.407313664501999 0.86150527140125888 0.64427999313920992 0.77659194509033103 0.58643228467553754 2.5808121593436217 4.2880128963151947 0.80270033143460695 3.0606153008993715 0.77715900633484203 3.2754919082508422 1.3794274535612201 1.1354654808528726 0.83641819655895222 1.2828842280432582
leaf_count=1637 37 11 11 13 171 74 12 88 7 40 48 22 4 19
internal_value=-0.00382406 0.00389356 0.00631924 -0.00602796 0.0045821 0.0169949 -0.00181565 -0.0223901 0.00658358 0.00251173 -0.00224071 0.00703033 -0.0101558 -0.0251921
internal_weight=97.6951 21.7014 20.8399 75.9937 20.1956 6.86883 13.3268 3.86332 9.46344 8.68628 7.90969 6.53026 3.25477 2.41835
internal_count=2194 544 507 1650 496 245 251 100 151 144 133 85 45 41
is_linear=0
shrinkage=0.05


Tree=195
num_leaves=15
num_cat=0
split_feature=78 207 234 161 242 152 242 63 135 227 236 216 242 135
split_gain=1.80078 1.29772 0.814722 0.563665 1.40615 0.739528 0.541799 1.23625 2.22869 0.892487 1.09134 0.96644 1.15316 0.884686
threshold=1.0000000180025095e-35 1.0000000180025095e-35 1.0000000180025095e-35 1.0000000180025095e-35 1.0000000180025095e-35 1.0000000180025095e-35 1.0000000180025095e-35 1.0000000180025095e-35 1.0000000180025095e-35 1.0000000180025095e-35 1.0000000180025095e-35 1.0000000180025095e-35 2.5000000000000004 1.0000000180025095e-35
decision_type=2 2 2 2 2 2 2 2 2 2 2 2 2 2
left_child=1 6 3 4 -3 -5 -1 9 -9 11 -11 12 13 -8
right_child=-2 2 -4 5 -6 -7 7 8 -10 10 -12 -13 -14 -15
leaf_value=-0.0047404756362664268 -0.05895723259978735 0.026728599331232051 0.060394364420674064 0.025692960928935905 -0.041952525465443063 0.0059803270257016107 0.01644852753550732 0.013484814059207206 0.11161365919199331 -0.054262065684140263 0.034482003740338822 -0.035735746106791116 -0.018316380904234313 -0.060912360120495772
leaf_weight=46.296573175815865 1.2321323081850994 1.3864125320687954 0.83265768643468518 7.3918107615318158 1.6114514991641042 13.351720524893608 10.638213328260466 5.7446864298544815 0.64343136548995961 1.5174894757801656 0.44892279198393215 1.5631297744112096 3.7567942063324162 0.38286124868318516
leaf_count=1193 18 18 38 71 16 251 266 98 2 34 12 41 138 9
internal_value=0.00110338 0.00187774 0.0117809 0.010076 -0.0101898 0.0130048 -0.00155027 0.00443039 0.0233687 -0.00217785 -0.0340022 0.00165176 0.00560643 0.0137611
internal_weight=96.7983 95.5662 24.5741 23.7414 2.99786 20.7435 70.9921 24.6955 6.38812 18.3074 1.96641 16.341 14.7779 11.0211
internal_count=2205 2187 394 356 34 322 1793 600 100 500 46 454 413 275
is_linear=0
shrinkage=0.05


Tree=196
num_leaves=15
num_cat=0
split_feature=242 62 47 230 155 231 233 35 161 125 161 216 230 242
split_gain=1.20968 1.50909 1.13716 1.01127 0.859055 1.87247 0.877183 1.024 0.875675 1.6123 0.769025 0.820273 0.802377 1.36925
threshold=1.0000000180025095e-35 1.0000000180025095e-35 1.0000000180025095e-35 1.0000000180025095e-35 1.0000000180025095e-35 1.5000000000000002 1.0000000180025095e-35 1.0000000180025095e-35 1.0000000180025095e-35 1.0000000180025095e-35 1.0000000180025095e-35 1.0000000180025095e-35 1.0000000180025095e-35 2.5000000000000004
decision_type=2 2 2 2 2 2 2 2 2 2 2 2 2 2
left_child=-1 3 4 -2 5 8 -7 -8 9 -3 -6 12 13 -12
right_child=1 2 -4 -5 10 6 7 -9 -10 -11 11 -13 -14 -15
leaf_value=0.0043796067567466049 0.028953175460187771 -0.054198471597106557 0.050911691172966525 -0.0077145465166327106 0.026173153024023524 -0.032858100529460109 -0.041088083114522334 -0.13832839262128702 -0.0069302576151502775 0.031303501516681417 -0.041354359933522489 0.053893360375177973 -0.00056300887791436072 0.027383826920234736
leaf_weight=62.994622002122924 4.2541605250444254 2.6773848212324096 0.69544095516903226 3.3698376691900194 1.7688313242979337 1.0877310906071227 0.47814804897643604 0.62413574894890189 9.4984167825314216 0.69434371893294144 3.7150794905610365 0.49230471812188703 6.3604631958296522 0.89999045676086087
leaf_count=1377 63 49 53 60 42 20 10 14 157 12 52 17 246 24
internal_value=0.000178754 -0.00704839 -0.0122536 0.0127459 -0.013806 -0.0219735 -0.0647131 -0.0961475 -0.0147008 -0.036591 -0.00451342 -0.00924661 -0.0120787 -0.0279496
internal_weight=99.6109 36.6163 28.9923 7.624 28.2968 15.0602 2.19001 1.10228 12.8701 3.37173 13.2367 11.4678 10.9755 4.61507
internal_count=2196 819 696 123 643 262 44 24 218 61 381 339 322 76
is_linear=0
shrinkage=0.05


Tree=197
num_leaves=15
num_cat=0
split_feature=231 137 231 161 54 207 54 230 143 237 35 222 196 244
split_gain=0.856282 0.644866 2.33532 2.67179 0.949157 0.74056 2.64762 1.34856 1.86465 1.37768 0.807964 1.73839 1.61321 0.723018
threshold=2.5000000000000004 1.0000000180025095e-35 1.0000000180025095e-35 1.0000000180025095e-35 1.0000000180025095e-35 1.0000000180025095e-35 1.0000000180025095e-35 1.0000000180025095e-35 1.0000000180025095e-35 1.0000000180025095e-35 1.0000000180025095e-35 1.0000000180025095e-35 1.0000000180025095e-35 1.0000000180025095e-35
decision_type=2 2 2 2 2 2 2 2 2 2 2 2 2 2
left_child=1 2 3 -1 -3 7 -7 9 -9 -4 11 12 -8 -5
right_child=-2 4 5 13 -6 6 10 8 -10 -11 -12 -13 -14 -15
leaf_value=0.11231079691780017 0.051630601548469726 -0.0056677355282973166 -0.025948689525563992 0.023246384760258899 0.051868368978131657 0.05761472334139392 -0.1359594047883306 0.04119231651982494 -0.063373134872718492 0.020574235700048155 0.050412023406871703 -0.23510097455272849 0.050531134580109764 -0.022621371832963758
leaf_weight=0.81618055514991539 0.73078067766618815 70.987514956155792 9.5420691536855902 6.1050685849040747 0.72411019657738407 1.5359797351411537 0.2150063095614313 2.1996700921445149 0.52884622081182886 1.9097976140910748 0.14209944626782089 0.14212522748857737 0.25173475686460733 0.99987035337835539
leaf_count=8 118 1342 211 110 57 76 5 80 15 55 30 25 24 30
internal_value=-0.00228816 -0.00269818 0.00432519 0.0266336 -0.00508676 -0.00640563 0.0199975 -0.0106638 0.0209252 -0.0181902 -0.0569426 -0.0819974 -0.0353765 0.0167915
internal_weight=96.8309 96.1001 24.3884 7.92112 71.7116 16.4673 2.28695 14.1804 2.72852 11.4519 0.750966 0.608866 0.466741 7.10494
internal_count=2186 2068 669 148 1399 521 160 361 95 266 84 54 29 140
is_linear=0
shrinkage=0.05


Tree=198
num_leaves=15
num_cat=0
split_feature=248 242 225 137 18 233 238 243 161 63 231 161 155 242
split_gain=1.33836 0.910151 1.41872 0.953656 0.680887 0.633148 1.28317 1.07285 1.26968 0.823268 1.72508 1.31086 0.839823 0.82087
threshold=1.0000000180025095e-35 1.0000000180025095e-35 1.0000000180025095e-35 1.0000000180025095e-35 1.0000000180025095e-35 1.0000000180025095e-35 1.0000000180025095e-35 1.0000000180025095e-35 1.0000000180025095e-35 1.0000000180025095e-35 1.0000000180025095e-35 1.0000000180025095e-35 1.0000000180025095e-35 1.5000000000000002
decision_type=2 2 2 2 2 2 2 2 2 2 2 2 2 2
left_child=4 2 3 -2 -1 6 7 9 -9 13 11 12 -11 -6
right_child=1 -3 -4 -5 5 -7 -8 8 -10 10 -12 -13 -14 -15
leaf_value=-0.053039131879781924 0.018406416977274558 -0.006214955098816876 0.04533266163406021 -0.060920393563525355 0.009289972655981759 0.020357182515353775 -0.069261414508413693 -0.0032523323659645466 -0.057820078011814428 0.029838684643961229 -0.032514526705850332 -0.0531363188528741 -0.0055650476438450945 -0.054462768348887483
leaf_weight=0.529823949909768 0.45316384511534114 28.819004837772809 0.47851480543613423 2.3110110929701477 41.777588712517172 5.3478032875573254 0.61818794254213472 3.8974551265127948 1.4673534687608478 3.9146675746887905 4.1198941627517343 0.79514889046549786 2.9278696216642857 0.51109023950993915
leaf_count=17 23 690 2 47 875 261 9 65 24 82 54 18 26 10
internal_value=-0.000661934 -0.00904079 -0.0341551 -0.0479154 0.00341412 0.00387163 0.00240299 0.00314867 -0.0181774 0.00526557 -0.0064378 0.00762842 0.0146897 0.00851947
internal_weight=97.9686 32.0617 3.24269 2.76417 65.9069 65.3771 60.0293 59.4111 5.36481 54.0463 11.7576 7.63769 6.84254 42.2887
internal_count=2203 762 72 70 1441 1424 1163 1154 89 1065 180 126 108 885
is_linear=0
shrinkage=0.05


Tree=199
num_leaves=15
num_cat=0
split_feature=243 35 222 244 194 201 233 241 216 219 244 233 35 223
split_gain=2.17184 1.52487 1.14747 1.39081 1.15533 2.07657 0.997107 0.950574 1.24958 1.13954 1.0513 1.09272 1.30856 0.869309
threshold=1.0000000180025095e-35 1.0000000180025095e-35 1.0000000180025095e-35 1.5000000000000002 1.0000000180025095e-35 1.0000000180025095e-35 1.0000000180025095e-35 1.0000000180025095e-35 1.0000000180025095e-35 1.0000000180025095e-35 1.0000000180025095e-35 1.0000000180025095e-35 1.0000000180025095e-35 1.0000000180025095e-35
decision_type=2 2 2 2 2 2 2 2 2 2 2 2 2 2
left_child=1 2 3 -1 5 6 -4 8 10 -9 11 -2 -13 -11
right_child=7 -3 4 -5 -6 -7 -8 9 -10 13 -12 12 -14 -15
leaf_value=0.0084307332281327498 0.041641101758215282 0.08641510228954663 -0.052755011745979824 0.056169116209994013 -0.097250388057271375 0.10019437718402367 0.050991580643332514 -0.02613892184718616 -0.058409934390795462 -0.0080537783252340612 -0.004423744839337761 0.050692832261896095 -0.057648137033901592 0.029545491328739171
leaf_weight=55.96928279614076 3.4832225784193689 0.63182889251038332 1.2640553144738071 1.5684695281088341 0.4567670035175978 0.35592568805441249 0.28354881668929 9.050297343172133 0.71392113808542568 12.866663628548848 5.6891027353121899 0.4641864290460942 0.69750813860446215 1.7458832803531557
leaf_count=1217 49 13 43 19 23 3 18 192 13 323 131 30 11 69
internal_value=0.00342781 0.00914549 0.00833042 0.00973207 -0.0258381 -0.0087022 -0.0337468 -0.00654288 0.00556655 -0.0121966 0.00998633 0.0276358 -0.0143576 -0.00356148
internal_weight=95.2407 60.5299 59.898 57.5378 2.3603 1.90353 1.5476 34.7108 11.0479 23.6628 10.334 4.64492 1.16169 14.6125
internal_count=2154 1336 1323 1236 87 64 61 818 234 584 221 90 41 392
is_linear=0
shrinkage=0.05


Tree=200
num_leaves=15
num_cat=0
split_feature=54 241 242 234 137 241 16 159 222 16 134 248 219 241
split_gain=0.913809 0.936909 0.863167 0.863434 0.841869 0.788004 0.719378 0.963062 0.701315 0.893848 0.61646 0.710127 0.680587 1.28363
threshold=1.0000000180025095e-35 1.5000000000000002 1.5000000000000002 1.0000000180025095e-35 1.0000000180025095e-35 5.5000000000000009 1.0000000180025095e-35 1.0000000180025095e-35 1.0000000180025095e-35 1.0000000180025095e-35 1.0000000180025095e-35 1.5000000000000002 1.0000000180025095e-35 1.5000000000000002
decision_type=2 2 2 2 2 2 2 2 2 2 2 2 2 2
left_child=5 -2 3 4 8 6 10 -8 9 -3 11 12 -1 -14
right_child=1 2 -4 -5 -6 -7 7 -9 -10 -11 -12 -13 13 -15
leaf_value=-0.0054351375255742504 0.05246027896416821 0.050605505806543397 0.05082345567849398 0.051169409814380999 0.051166474292561617 0.040908160348009752 0.011667996181639675 -0.043915820104987235 -0.12180359442767573 -0.049664771896932025 -0.04300129669924721 0.05161123354988989 -0.026808238409768571 0.027944214940483682
leaf_weight=72.350544927059673 1.367624929640441 0.28375703026540633 0.70276216333149921 0.42958063696278248 0.28619729337515298 0.91527422383660351 9.1716072768904233 0.85164967644959766 0.23463219276163716 1.0255186104914173 1.1873468346893776 0.5185666250763451 8.2360242840368283 1.2303824613918539
leaf_count=1466 48 25 95 45 28 21 223 24 24 25 29 7 108 28
internal_value=-0.00423061 0.0182298 0.00242717 -0.0126241 -0.0275983 -0.00526018 -0.00571191 0.00694519 -0.0421991 -0.0279334 -0.00723083 -0.00671499 -0.00708467 -0.0196919
internal_weight=98.7915 4.33007 2.96245 2.25969 1.83011 94.4614 93.5461 10.0233 1.54391 1.30928 83.5229 82.3355 81.817 9.46641
internal_count=2196 290 242 147 102 1906 1885 247 74 50 1638 1609 1602 136
is_linear=0
shrinkage=0.05


Tree=201
num_leaves=15
num_cat=0
split_feature=232 195 240 78 126 54 243 225 33 177 202 53 231 219
split_gain=0.63048 0.688158 0.580851 0.57916 0.558184 1.34404 0.904939 0.555426 0.534313 0.523635 0.364393 0.67207 0.548688 0.869713
threshold=1.0000000180025095e-35 1.0000000180025095e-35 1.0000000180025095e-35 1.0000000180025095e-35 1.0000000180025095e-35 1.0000000180025095e-35 1.5000000000000002 1.0000000180025095e-35 1.0000000180025095e-35 1.0000000180025095e-35 1.0000000180025095e-35 1.0000000180025095e-35 1.5000000000000002 1.0000000180025095e-35
decision_type=2 2 2 2 2 2 2 2 2 2 2 2 2 2
left_child=1 2 3 4 7 6 -6 8 9 10 11 12 -1 -14
right_child=-2 -3 -4 -5 5 -7 -8 -9 -10 -11 -12 -13 13 -15
leaf_value=-0.003330368367230259 0.054866337422005688 -0.05348517655666777 0.050883693158382093 0.026248787417623182 -0.052622308201775228 0.051683476344852743 0.025038124498449173 0.036696323614354528 0.050595240658480492 0.048317461753907193 -0.014931291892182483 0.052934691432411168 -0.02838164086780064 0.019059495120998787
leaf_weight=76.090157066239044 0.44838480465114017 0.71347475447691877 0.47622549196239461 1.5105659570544947 2.2169961375184357 0.47647254122421134 0.45150471152737726 0.82078124256804486 0.43611336639150877 0.460262717155273 8.6193061126396042 0.5127987916348492 4.8616137757198876 1.2056390208890659
leaf_count=1516 38 20 33 19 51 20 14 10 39 14 122 24 155 148
internal_value=-0.0042895 -0.00455782 -0.00420212 -0.00447073 -0.00495334 -0.0256704 -0.0394823 -0.0042528 -0.00461739 -0.00487983 -0.00514804 -0.00412803 -0.0044842 -0.0189545
internal_weight=99.3003 98.8519 98.1384 97.6622 96.1516 3.14497 2.6685 93.0067 92.1859 91.7498 91.2895 82.6702 82.1574 6.06725
internal_count=2223 2185 2165 2132 2113 85 65 2028 2018 1979 1965 1843 1819 303
is_linear=0
shrinkage=0.05


Tree=202
num_leaves=15
num_cat=0
split_feature=161 63 107 230 243 234 201 223 231 81 159 166 126 241
split_gain=1.43626 1.8145 2.10983 1.05228 0.937372 0.773165 1.17612 1.22746 1.69314 3.37535 2.26707 1.38384 0.87447 0.770005
threshold=1.0000000180025095e-35 1.0000000180025095e-35 1.0000000180025095e-35 1.0000000180025095e-35 1.5000000000000002 1.0000000180025095e-35 1.0000000180025095e-35 1.0000000180025095e-35 1.0000000180025095e-35 1.0000000180025095e-35 1.0000000180025095e-35 1.0000000180025095e-35 1.0000000180025095e-35 4.5000000000000009
decision_type=2 2 2 2 2 2 2 2 2 2 2 2 2 2
left_child=1 2 -1 -3 -5 12 7 8 -7 10 -10 -11 -2 -6
right_child=5 3 -4 4 13 6 -8 -9 9 11 -12 -13 -14 -15
leaf_value=-0.018202943805870783 0.0077851079896203192 0.010023750343912785 0.09749644445107554 -0.047818589923670676 0.061711996446884632 -0.031019451852676024 0.058686565596057984 -0.054035181094733944 0.050950231207400609 0.013697202151533267 0.25778375214020083 -0.074886369499890276 0.045621216164082767 -0.020546563217058569
leaf_weight=20.679548277519647 45.859829939639894 16.538630689494315 0.40168053936213155 1.6215001894161096 0.45499490527436137 3.0556394131854141 0.63434010185301382 1.4340080641559323 0.33359316142741624 2.7862515579909091 0.21976050361990929 0.52375352411763731 1.5797193543985475 0.75918667018413544
leaf_count=634 907 258 4 31 4 113 40 49 22 54 3 16 27 21
internal_value=0.00134279 -0.00584704 -0.0159984 0.0051987 -0.0229426 0.00649757 -0.00694918 -0.0119337 -0.00320784 0.0187891 0.133093 -0.000319682 0.00904504 0.0102785
internal_weight=96.8824 40.4555 21.0812 19.3743 2.83568 56.4269 8.98735 8.35301 6.919 3.86336 0.553354 3.31001 47.4395 1.21418
internal_count=2183 952 638 314 56 1231 297 257 208 95 25 70 934 25
is_linear=0
shrinkage=0.05


Tree=203
num_leaves=15
num_cat=0
split_feature=52 243 207 152 231 163 236 231 244 222 243 243 231 241
split_gain=0.887005 0.850374 0.407662 0.597109 1.38121 0.703233 1.28768 0.988012 1.17695 0.526806 0.570969 0.442719 1.22656 0.677356
threshold=1.0000000180025095e-35 1.5000000000000002 1.0000000180025095e-35 1.0000000180025095e-35 1.0000000180025095e-35 1.0000000180025095e-35 1.0000000180025095e-35 1.5000000000000002 1.5000000000000002 1.0000000180025095e-35 1.0000000180025095e-35 1.0000000180025095e-35 1.0000000180025095e-35 1.5000000000000002
decision_type=2 2 2 2 2 2 2 2 2 2 2 2 2 2
left_child=2 -2 -1 11 -5 9 7 8 -7 -6 -11 12 -4 -13
right_child=1 -3 3 4 5 6 -8 -9 -10 10 -12 13 -14 -15
leaf_value=-0.0028448992551885583 0.051944862020367702 -0.024363220089412566 -0.011378322411833799 0.02447852219665559 -0.014580501494119573 -0.094503154294037342 0.06860203091076332 0.052620059539570045 0.058247570968086027 -0.092137780007171335 0.0032373633514405017 -0.0032166937868885527 0.044253027097996105 0.02993474716868872
leaf_weight=71.473090498126112 1.4755383869633067 0.48513646982610215 1.5093728117644776 3.4209753945469865 7.4420912710484082 0.48812389362137831 0.70364452808280475 0.31513962644385174 0.17003111424855888 0.46438150573521841 0.23701103799976408 5.9339403137564659 2.8839490700047463 2.081241316976957
leaf_count=1725 51 9 26 22 90 37 57 43 4 22 9 32 22 36
internal_value=-0.000232162 0.0330637 -0.000904324 0.00450306 -0.00288187 -0.012413 0.017072 -0.0201816 -0.0550408 -0.0184846 -0.0599091 0.0123837 0.0251403 0.00539149
internal_weight=99.0837 1.96067 97.123 25.6499 13.2414 9.82042 1.67694 0.973295 0.658155 8.14348 0.701393 12.4085 4.39332 8.01518
internal_count=2185 60 2125 400 284 262 141 84 41 121 31 116 48 68
is_linear=0
shrinkage=0.05


Tree=204
num_leaves=15
num_cat=0
split_feature=1 47 234 231 81 234 216 71 231 241 54 231 223 233
split_gain=0.811043 0.644169 1.13552 1.96742 0.634662 0.924908 1.34147 0.839946 1.15162 0.656193 1.38167 1.22902 1.28538 0.929683
threshold=1.0000000180025095e-35 1.0000000180025095e-35 1.0000000180025095e-35 1.5000000000000002 1.0000000180025095e-35 1.0000000180025095e-35 1.0000000180025095e-35 1.0000000180025095e-35 1.5000000000000002 1.5000000000000002 1.0000000180025095e-35 1.0000000180025095e-35 1.0000000180025095e-35 1.0000000180025095e-35
decision_type=2 2 2 2 2 2 2 2 2 2 2 2 2 2
left_child=1 4 -3 -4 5 7 9 8 -1 10 11 12 -7 -11
right_child=-2 2 3 -5 -6 6 -8 -9 -10 13 -12 -13 -14 -15
leaf_value=-0.011533379327741922 0.041021375475354421 0.051302829141738143 -0.1701218869638601 0.050944309795550036 0.0015256616026661711 0.0028064233579760773 0.090479222648988528 -0.079539818027930531 0.049430870994777699 -0.020612402952644299 -0.10276149363436889 0.082135736686523741 0.089618827692541508 0.034006903147862054
leaf_weight=33.465327962767333 1.1010497913230199 1.2943119818810362 0.17658840026706446 0.23402714711846784 45.687329925305676 5.9730349574238026 0.43869284493848759 0.44137908285483618 0.79299682908458535 4.615555077791214 0.25576814170926798 0.63083064183592785 0.45917003555223335 0.9372909809462725
leaf_count=878 110 55 3 23 588 279 7 21 43 81 4 17 16 67
internal_value=-0.00164607 -0.0021385 0.0283195 -0.0441269 -0.00269272 -0.00670701 0.00449823 -0.0110052 -0.0101222 0.00156782 0.0114013 0.0155354 0.00900362 -0.011393
internal_weight=96.5034 95.4023 1.70493 0.410616 93.6974 48.01 13.3103 34.6997 34.2583 12.8716 7.3188 7.06304 6.4322 5.55285
internal_count=2192 2082 81 26 2001 1413 471 942 921 464 316 312 295 148
is_linear=0
shrinkage=0.05


Tree=205
num_leaves=15
num_cat=0
split_feature=78 81 161 207 233 155 16 63 159 241 126 227 16 235
split_gain=1.27527 0.786233 1.6129 1.53682 3.39144 2.04402 2.00528 1.71667 1.51954 1.19378 1.45576 1.16995 1.20848 1.00138
threshold=1.0000000180025095e-35 1.0000000180025095e-35 1.0000000180025095e-35 1.0000000180025095e-35 1.0000000180025095e-35 1.0000000180025095e-35 1.0000000180025095e-35 1.0000000180025095e-35 1.0000000180025095e-35 4.5000000000000009 1.0000000180025095e-35 1.0000000180025095e-35 1.0000000180025095e-35 1.0000000180025095e-35
decision_type=2 2 2 2 2 2 2 2 2 2 2 2 2 2
left_child=1 2 -1 4 6 -5 7 8 -4 10 -3 12 -6 -11
right_child=-2 9 3 5 11 -7 -8 -9 -10 13 -12 -13 -14 -15
leaf_value=0.0055000944307314536 -0.056632874190437124 0.011492417330389365 -0.053367874705358191 0.074436337293971533 0.047687977303681413 -0.003692579315517508 0.068664694843147175 0.036824543899892592 -0.013766711361123774 -0.011493991993998984 -0.037688960418226662 -0.072497292035792346 -0.0018500183051123782 0.048650801712939451
leaf_weight=22.129006672650576 1.004942389205097 33.748969229694922 8.7404050282202643 0.94735324266366827 2.1263401998439795 7.1963215591676999 0.45709800813347179 0.72489253990352231 3.3510613646358243 12.694454777752977 1.5748365395702411 0.37528617214411486 2.9242288033419754 0.73196207545697767
leaf_count=681 16 449 270 11 96 222 5 17 114 175 44 17 92 5
internal_value=-0.000595364 -1.90933e-05 -0.00449379 -0.0127326 -0.0206278 0.00539615 -0.034242 -0.0379122 -0.0423927 0.00447596 0.00929977 0.012677 0.019006 -0.0082151
internal_weight=98.7272 97.7222 48.972 26.843 18.6993 8.14367 13.2735 12.8164 12.0915 48.7502 35.3238 5.42586 5.05057 13.4264
internal_count=2214 2198 1525 844 611 233 406 401 384 673 493 205 188 180
is_linear=0
shrinkage=0.05


Tree=206
num_leaves=15
num_cat=0
split_feature=241 116 78 159 242 216 161 222 63 231 244 206 233 62
split_gain=1.62745 0.63566 0.543867 0.591014 1.21012 1.71883 1.24816 1.19297 1.11461 2.01868 1.54623 0.852442 0.734984 0.729883
threshold=5.5000000000000009 1.0000000180025095e-35 1.0000000180025095e-35 1.0000000180025095e-35 2.5000000000000004 1.0000000180025095e-35 1.0000000180025095e-35 1.0000000180025095e-35 1.0000000180025095e-35 1.0000000180025095e-35 1.5000000000000002 1.0000000180025095e-35 1.0000000180025095e-35 1.0000000180025095e-35
decision_type=2 2 2 2 2 2 2 2 2 2 2 2 2 2
left_child=1 2 3 11 5 6 7 8 9 10 -5 12 -1 -14
right_child=-2 -3 -4 4 -6 -7 -8 -9 -10 -11 -12 -13 13 -15
leaf_value=-0.0059457315195612422 0.054844553361187813 0.057591922482797611 0.029677498373488705 -0.0091415356279567275 -0.051569499220832538 0.087802814901448784 0.028324612283588804 0.073485088727158837 0.0076958955898728913 -0.055798914346148726 0.089071655086918014 0.053059533014962357 -0.063093300466073643 0.010500733167801516
leaf_weight=60.808104838826694 1.3539310082851432 0.47086670342832704 1.456139788031577 3.1000407454557783 0.87121905595995386 0.66282645799219508 4.7567644109949461 0.51910861767828542 8.7746288552880287 2.3970782905817032 0.46024687960743893 0.66523244231939216 0.34801347623579104 10.555367534165269
leaf_count=929 130 8 20 201 22 6 118 11 108 57 14 4 16 532
internal_value=0.000409452 -0.000359508 -0.000645615 -0.00111575 0.00615451 0.00858744 0.00596317 -0.00101128 -0.0036363 -0.0203275 0.00355472 -0.00327965 -0.00380228 0.00815176
internal_weight=97.1996 95.8456 95.3748 93.9186 21.5419 20.6707 20.0079 15.2511 14.732 5.95737 3.56029 72.3767 71.7115 10.9034
internal_count=2176 2046 2038 2018 537 515 509 391 380 272 215 1481 1477 548
is_linear=0
shrinkage=0.05


Tree=207
num_leaves=15
num_cat=0
split_feature=234 225 225 78 244 198 134 198 233 231 107 248 241 161
split_gain=0.852443 0.833779 0.818559 0.866905 0.69845 0.65499 0.625556 0.64831 0.599401 0.573503 1.04654 1.71714 1.89313 1.76942
threshold=1.0000000180025095e-35 1.0000000180025095e-35 1.0000000180025095e-35 1.0000000180025095e-35 1.0000000180025095e-35 1.0000000180025095e-35 1.0000000180025095e-35 1.0000000180025095e-35 1.0000000180025095e-35 1.5000000000000002 1.0000000180025095e-35 1.0000000180025095e-35 1.5000000000000002 1.0000000180025095e-35
decision_type=2 2 2 2 2 2 2 2 2 2 2 2 2 2
left_child=2 4 3 5 8 9 7 -6 -2 -1 11 12 13 -11
right_child=1 -3 -4 -5 6 -7 -8 -9 -10 10 -12 -13 -14 -15
leaf_value=-0.0038132993751372837 -0.070374162096203799 0.05009783617643037 -0.052303248790737555 0.039416830184563462 0.010984694600572827 0.034127303254679123 -0.054362398895062648 -0.044351977655492147 0.017768740598544424 -0.021829759491608827 0.081433908248795234 0.027544519838049439 0.020420316588320796 -0.14006508194380349
leaf_weight=60.100932180590462 0.52385497419164195 1.1864336729049672 0.78047840669751067 1.313896320760249 23.647697254986277 1.2600411996245373 0.3865991672500958 0.54141188971698184 0.30527815141249448 0.84180273697711461 0.49632815131917585 3.7368141986080445 1.181135711725801 0.50701358076184988
leaf_count=1085 10 7 14 16 651 18 11 46 21 36 9 202 70 9
internal_value=0.00150389 0.00912818 -0.00138337 -0.000811038 0.00721485 -0.00158691 0.00873764 0.00974612 -0.0379209 -0.00225993 0.0115442 0.00600895 -0.0257997 -0.0662738
internal_weight=96.8097 26.5913 70.2184 69.438 25.4048 68.1241 24.5757 24.1891 0.829133 66.864 6.76309 6.26677 2.52995 1.34882
internal_count=2205 746 1459 1445 739 1429 708 697 31 1411 326 317 115 45
is_linear=0
shrinkage=0.05


Tree=208
num_leaves=15
num_cat=0
split_feature=241 78 243 152 163 12 241 47 125 242 233 242 54 241
split_gain=1.28168 0.506368 0.620663 1.45754 2.47902 2.2236 1.12169 0.928224 0.827814 1.09542 0.957308 0.763607 0.861647 0.707112
threshold=5.5000000000000009 1.0000000180025095e-35 1.0000000180025095e-35 1.0000000180025095e-35 1.0000000180025095e-35 1.0000000180025095e-35 2.5000000000000004 1.0000000180025095e-35 1.0000000180025095e-35 1.0000000180025095e-35 1.0000000180025095e-35 2.5000000000000004 1.0000000180025095e-35 3.5000000000000004
decision_type=2 2 2 2 2 2 2 2 2 2 2 2 2 2
left_child=1 2 7 6 5 -5 11 8 -1 10 -10 -4 -13 -6
right_child=-2 -3 3 4 13 -7 -8 -9 9 -11 -12 12 -14 -15
leaf_value=0.0056254365661794967 0.054613268700649635 0.029766234446923091 0.0034517337230173758 -0.063831590874037836 -0.053377398777952917 0.023953769580375501 0.05576331571234492 -0.038467251043240738 -0.032983404127924464 0.052345204927281168 0.050900356901139324 -0.031594937435055981 0.051685411060967829 0.0042733768597121432
leaf_weight=54.688432963332161 1.1017695701739274 1.4440427031368006 19.024174134247012 3.8823578592855466 0.58100278512574721 0.88597965147346247 0.92657722753938188 1.3205292732454825 3.681196901947259 0.512531068176031 0.37474745512008656 2.9162564745638515 0.34760906221345056 6.2915435821050778
leaf_count=1129 130 19 313 59 17 24 25 37 115 10 23 95 15 186
internal_value=0.000989307 0.000379448 -6.52178e-05 -0.00538102 -0.0198199 -0.0475207 0.00185929 0.00299343 0.00391737 -0.0165296 -0.025233 -0.00038165 -0.0227254 -0.000600401
internal_weight=97.9788 96.877 95.4329 34.8555 11.6409 4.76834 23.2146 60.5774 59.2569 4.56848 4.05594 22.288 3.26387 6.87255
internal_count=2197 2067 2048 734 286 83 448 1314 1277 148 138 423 110 203
is_linear=0
shrinkage=0.05


Tree=209
num_leaves=15
num_cat=0
split_feature=78 62 47 234 243 232 135 195 81 53 223 201 242 125
split_gain=1.78202 1.01396 0.653861 0.807842 1.11855 0.582609 0.750475 0.729296 0.574151 0.607066 0.520445 1.15402 1.22289 1.49245
threshold=1.0000000180025095e-35 1.0000000180025095e-35 1.0000000180025095e-35 1.0000000180025095e-35 1.0000000180025095e-35 1.0000000180025095e-35 1.0000000180025095e-35 1.0000000180025095e-35 1.0000000180025095e-35 1.0000000180025095e-35 1.0000000180025095e-35 1.0000000180025095e-35 1.5000000000000002 1.0000000180025095e-35
decision_type=2 2 2 2 2 2 2 2 2 2 2 2 2 2
left_child=1 -1 5 -4 -5 6 7 8 9 -3 -10 12 13 -12
right_child=-2 2 3 4 -6 -7 -8 -9 10 -11 11 -13 -14 -15
leaf_value=0.010043290470231302 -0.058125043090790529 -0.0078967198387891856 0.05107738993351827 -0.097841746917282993 0.050718102635908202 0.054727843590792906 -0.070018407157103099 -0.059527841917815849 0.0037473999700253463 0.053177725649004505 -0.022364874326553829 0.063415754589216528 -0.047755638801930927 0.085811112295526529
leaf_weight=20.94963788415771 1.3227985221892584 34.843844933377113 1.1801475206157181 0.25627440586686123 0.25060630368534476 0.43336180126061563 0.4205494960770001 0.5668849665671577 33.604212404228747 0.41167820524424215 1.0398892201483243 0.42039229272631917 2.1984218711731955 0.45983643829822529
leaf_count=349 20 1192 57 3 28 36 10 17 379 14 34 7 58 5
internal_value=-0.000482941 0.000302841 -0.00237911 0.0284019 -0.0243924 -0.00307708 -0.00341575 -0.0030349 -0.00259607 -0.00718355 0.00169137 -0.0150843 -0.024008 0.0108034
internal_weight=98.3585 97.0357 76.0861 1.68703 0.506881 74.3991 73.9657 73.5452 72.9783 35.2555 37.7228 4.11854 3.69815 1.49973
internal_count=2209 2189 1840 88 31 1752 1716 1706 1689 1206 483 104 97 39
is_linear=0
shrinkage=0.05


Tree=210
num_leaves=15
num_cat=0
split_feature=241 201 225 78 241 244 152 200 116 136 81 47 223 125
split_gain=1.02243 1.09328 1.4698 1.59436 0.691978 1.93348 1.50851 0.677484 0.637102 0.74337 0.562018 0.825926 1.47621 0.812713
threshold=5.5000000000000009 1.0000000180025095e-35 1.0000000180025095e-35 1.0000000180025095e-35 2.5000000000000004 1.0000000180025095e-35 1.0000000180025095e-35 1.0000000180025095e-35 1.0000000180025095e-35 1.0000000180025095e-35 1.0000000180025095e-35 1.0000000180025095e-35 1.0000000180025095e-35 1.0000000180025095e-35
decision_type=2 2 2 2 2 2 2 2 2 2 2 2 2 2
left_child=1 2 3 8 5 -3 -6 -2 9 10 11 -1 13 -13
right_child=7 4 -4 -5 6 -7 -8 -9 -10 -11 -12 12 -14 -15
leaf_value=-0.00097356608288129475 0.054596668286833898 -0.046476633445390048 -0.049652603677982791 0.062871807024567641 0.061788022579883223 -0.00088401111759567731 -0.0080822307117222221 -0.063415556701793732 0.061342756638259478 -0.052958873043116472 0.0069236997075790554 -0.12159257785481943 0.0512983519697532 -0.028899909071099284
leaf_weight=38.05999090053956 1.1897818429570168 4.2534062112681568 1.3825951698236156 1.0735128447413433 0.81956127809826185 5.1299346697051078 13.456149169243872 0.13546054065227497 0.44139692094176908 0.63056281802710046 28.530460923706414 0.45389468083158024 0.31732373661361635 0.49367862846702337
leaf_count=1217 130 46 19 14 12 41 164 1 6 14 478 15 15 12
internal_value=-0.00108063 -0.00168878 0.0013985 0.00240682 -0.0110036 -0.0215508 -0.00407101 0.042534 0.0014651 0.00107919 0.00158135 -0.00229456 -0.0420424 -0.0733004
internal_weight=96.3677 95.0425 71.3834 70.0008 23.6591 9.38334 14.2757 1.32524 68.9273 68.4859 67.8553 39.3249 1.2649 0.947573
internal_count=2184 2053 1790 1771 263 87 176 131 1757 1751 1737 1259 42 27
is_linear=0
shrinkage=0.05


Tree=211
num_leaves=15
num_cat=0
split_feature=116 243 47 47 0 71 233 239 159 248 234 78 231 159
split_gain=0.619153 0.538446 0.824526 0.811707 0.786044 0.577961 0.858077 0.965206 0.670108 0.516205 2.01499 1.06972 1.0348 0.588633
threshold=1.0000000180025095e-35 1.0000000180025095e-35 1.0000000180025095e-35 1.0000000180025095e-35 1.0000000180025095e-35 1.0000000180025095e-35 1.0000000180025095e-35 1.0000000180025095e-35 1.0000000180025095e-35 1.0000000180025095e-35 1.0000000180025095e-35 1.0000000180025095e-35 1.5000000000000002 1.0000000180025095e-35
decision_type=2 2 2 2 2 2 2 2 2 2 2 2 2 2
left_child=1 2 4 9 5 6 7 -1 -8 10 -3 -11 13 -12
right_child=-2 3 -4 -5 -6 -7 8 -9 -10 11 12 -13 -14 -15
leaf_value=0.0061134834388846902 0.061090213063796722 -0.039775835625837044 -0.03439501545709147 0.050742763915231172 -0.019994527742663245 -0.042093715394158536 0.050893368186178456 -0.053056074411655899 -0.0077610010578188079 -0.0030146597436521718 0.070698567894171338 0.075243178708925273 -0.038798580894705843 0.014240078884979508
leaf_weight=54.184656489174813 0.43320988060440768 3.99534899968421 1.3681888633873303 0.67205291718710114 3.0251617634203276 0.61426306766224925 1.8348132956307375 0.69810877274721761 0.66287276614457358 28.128559403907278 0.70185555098578389 0.4435582309961309 0.65089045977219928 1.3490149308927357
leaf_count=1094 8 80 37 56 18 48 141 10 20 634 14 2 10 24
internal_value=0.00144643 0.00118365 0.00399197 -0.00369111 0.00485268 0.00614878 0.00666522 0.00536085 0.0353268 -0.00472834 -0.0172226 -0.00179977 0.016129 0.0335615
internal_weight=98.7626 98.3293 62.3881 35.9413 61.0199 57.9947 57.3805 54.8828 2.49769 35.2692 6.69711 28.5721 2.70176 2.05087
internal_count=2196 2188 1368 820 1331 1313 1265 1104 161 764 128 636 48 38
is_linear=0
shrinkage=0.05


Tree=212
num_leaves=15
num_cat=0
split_feature=90 241 248 225 241 152 1 14 244 243 243 241 236 163
split_gain=0.612301 1.3147 1.09344 0.993944 0.602236 1.21608 0.824858 0.685237 0.632674 1.07482 1.06516 1.45137 1.12881 0.719246
threshold=1.0000000180025095e-35 1.5000000000000002 1.0000000180025095e-35 1.0000000180025095e-35 2.5000000000000004 1.0000000180025095e-35 1.0000000180025095e-35 1.0000000180025095e-35 1.0000000180025095e-35 1.0000000180025095e-35 1.0000000180025095e-35 3.5000000000000004 1.0000000180025095e-35 1.0000000180025095e-35
decision_type=2 2 2 2 2 2 2 2 2 2 2 2 2 2
left_child=4 3 -3 -2 7 -6 8 -1 9 -7 12 -12 -10 -11
right_child=1 2 -4 -5 5 6 -8 -9 10 13 11 -13 -14 -15
leaf_value=-0.0015457629436848859 0.010192680265675373 -0.074083470000183241 0.050666418517203063 0.084551107722316582 0.052882289177320102 0.016057584686088047 0.056672611992700239 -0.020245138967705082 -0.030784651238763047 -0.057182400777789549 -0.051677431698047095 0.014632111306066023 0.023814379218660666 0.0030211948680297241
leaf_weight=58.87755266512977 0.88916376442648404 0.50017406791448582 0.2707263749325648 0.90868347883224487 1.2969185473630229 11.032703855191363 0.70712224155431513 5.3438787255436173 5.1237054849043471 0.89198335749097091 0.93508493551053096 7.0229408710438292 1.1612003296613691 1.1178059973753989
leaf_count=1504 25 5 29 4 38 98 95 56 67 11 18 213 6 21
internal_value=0.000269618 0.0243524 -0.0302736 0.0477756 -0.000391938 0.0055497 0.00335675 -0.00310174 0.00197502 0.00993138 -0.00531074 0.0068406 -0.0206969 -0.0236983
internal_weight=96.0796 2.56875 0.7709 1.79785 93.5109 29.2895 27.9925 64.2214 27.2854 13.0425 14.2429 7.95803 6.28491 2.00979
internal_count=2190 63 34 29 2127 567 529 1560 434 130 304 231 73 32
is_linear=0
shrinkage=0.05


Tree=213
num_leaves=15
num_cat=0
split_feature=14 125 227 0 161 195 231 241 1 177 244 35 54 220
split_gain=0.808901 0.553745 0.956331 0.733824 0.803641 0.77734 0.720763 0.957214 0.634018 0.560588 0.551433 0.901083 1.7334 1.44194
threshold=1.0000000180025095e-35 1.0000000180025095e-35 1.0000000180025095e-35 1.0000000180025095e-35 1.0000000180025095e-35 1.0000000180025095e-35 1.5000000000000002 1.0000000180025095e-35 1.0000000180025095e-35 1.0000000180025095e-35 1.0000000180025095e-35 1.0000000180025095e-35 1.0000000180025095e-35 1.0000000180025095e-35
decision_type=2 2 2 2 2 2 2 2 2 2 2 2 2 2
left_child=1 3 9 5 -5 8 7 -4 10 -3 -1 12 -12 -13
right_child=-2 2 6 4 -6 -7 -8 -9 -10 -11 11 13 -14 -15
leaf_value=0.0034732584834140249 0.014607301159818906 -0.0097524440960679443 -0.16944077089775317 0.014196629623076211 -0.031917830691987045 0.064758302824961742 -0.01801088216706621 -0.042707495462153321 0.056320262909577472 0.046732393418566866 -0.0080928004257951134 0.066826092890684238 -0.078866963345906371 0.0010780065285738883
leaf_weight=41.366387152927928 7.692048818076727 9.8675404512323386 0.24035093095153637 1.287301699630915 3.5506899056199472 0.46694944240152736 0.73244542855536565 0.39198605250567198 0.49709197369520453 0.45972308464115563 20.832213267683986 0.91573926992714483 0.90263197186868538 9.3323326557292603
leaf_count=725 101 277 15 15 53 5 22 17 91 15 573 20 38 231
internal_value=-0.000961211 -0.00227946 -0.0124364 -0.0007791 -0.0196476 0.000449289 -0.0517723 -0.0908787 4.26468e-05 -0.00723799 -0.000338749 -0.00526916 -0.011032 0.00695307
internal_weight=98.5354 90.8434 11.692 79.1513 4.83799 74.3133 1.36478 0.632337 73.8464 10.3273 73.3493 31.9829 21.7348 10.2481
internal_count=2198 2097 346 1751 68 1683 54 32 1678 292 1587 862 611 251
is_linear=0
shrinkage=0.05


Tree=214
num_leaves=15
num_cat=0
split_feature=63 78 242 230 231 161 231 244 161 244 198 125 62 243
split_gain=1.06283 0.707893 0.811881 1.4154 0.840854 0.737575 0.69554 1.69907 1.76725 1.26832 0.789169 0.767282 0.659123 0.62568
threshold=1.0000000180025095e-35 1.0000000180025095e-35 1.0000000180025095e-35 1.0000000180025095e-35 1.0000000180025095e-35 1.0000000180025095e-35 1.0000000180025095e-35 1.0000000180025095e-35 1.0000000180025095e-35 1.5000000000000002 1.0000000180025095e-35 1.0000000180025095e-35 1.0000000180025095e-35 1.5000000000000002
decision_type=2 2 2 2 2 2 2 2 2 2 2 2 2 2
left_child=6 2 4 -4 -2 -6 7 11 9 -9 12 -1 -8 -5
right_child=1 -3 3 13 5 -7 10 8 -10 -11 -12 -13 -14 -15
leaf_value=0.005921474882719829 -0.0069973633252088654 -0.054595815957071296 0.023762515800940097 -0.046413998661652807 -0.041926540183450316 0.010129030086922144 0.058657464166056543 -0.010476332448410243 -0.045369499087078276 0.074139150045249097 -0.05533795309460833 -0.051083876875519851 0.0044285929262691268 0.0074307136076232107
leaf_weight=15.2754381140694 8.4323579333722645 0.91402202658355136 3.8883411947172126 1.4109690552577379 4.0278299220371983 0.81880608666688193 0.56634279468562354 3.2021297828760003 4.4979884787462652 0.51394452340900887 0.54739572480320831 0.61401517433114428 52.794953338074265 0.8735355061944573
leaf_count=315 140 16 47 27 69 6 11 211 163 15 6 63 1094 25
internal_value=-0.00142083 -0.0115923 -0.00957156 0.00541064 -0.0165362 -0.0331321 0.00123453 -0.00582603 -0.0242894 0.00122625 0.00439142 0.00371862 0.00500414 -0.0258252
internal_weight=98.3781 20.3659 19.4518 6.17285 13.279 4.84664 78.0122 24.1035 8.21406 3.71607 53.9087 15.8895 53.3613 2.2845
internal_count=2208 330 314 99 215 75 1878 767 389 226 1111 378 1105 52
is_linear=0
shrinkage=0.05


Tree=215
num_leaves=15
num_cat=0
split_feature=202 206 71 154 135 90 241 225 231 35 163 230 248 242
split_gain=0.77249 0.560035 0.501949 0.487997 0.477953 0.838214 0.752635 0.555684 0.454866 0.457612 0.516795 0.427357 0.666136 0.721783
threshold=1.0000000180025095e-35 1.0000000180025095e-35 1.0000000180025095e-35 1.0000000180025095e-35 1.0000000180025095e-35 1.0000000180025095e-35 1.0000000180025095e-35 1.0000000180025095e-35 2.5000000000000004 1.0000000180025095e-35 1.0000000180025095e-35 1.0000000180025095e-35 1.0000000180025095e-35 1.0000000180025095e-35
decision_type=2 2 2 2 2 2 2 2 2 2 2 2 2 2
left_child=1 2 3 4 5 7 -7 -1 9 10 -4 12 13 -2
right_child=11 -3 8 -5 -6 6 -8 -9 -10 -11 -12 -13 -14 -15
leaf_value=0.0050537080375824472 -0.02586771597420234 0.049849997934191273 -0.07347774745660289 -0.048546778633307114 -0.025428254417808122 -0.017467122896263301 0.053565719647401526 -0.036011069628383525 0.050333822712298387 0.014816680602010496 0.0091586859483516157 -0.029200427325331943 0.017225863955500735 0.018894691126663858
leaf_weight=80.568874890479492 3.713386641815303 0.67691690288483997 0.72580511006526538 0.42813122272491355 1.2737114029005159 0.48775273980572764 1.5838274537818504 0.83232442475855251 0.179424659552751 0.34765914489980787 0.25590482901316136 2.299208625103347 2.3805341359693557 1.188911583740264
leaf_count=1821 43 5 31 9 24 19 33 14 49 27 37 53 21 16
internal_value=0.00306947 0.00454766 0.00419389 0.00470029 0.00496929 0.00543312 0.0368411 0.00463382 -0.0243933 -0.0344792 -0.0519367 -0.0104074 -0.00447435 -0.0150119
internal_weight=96.9424 87.3603 86.6834 85.1746 84.7465 83.4728 2.07158 81.4012 1.50879 1.32937 0.98171 9.58204 7.28283 4.9023
internal_count=2202 2069 2064 1920 1911 1887 52 1835 144 95 68 133 80 59
is_linear=0
shrinkage=0.05


Tree=216
num_leaves=15
num_cat=0
split_feature=152 241 231 9 244 241 243 231 222 219 16 125 242 216
split_gain=0.75744 0.703838 1.00363 1.15569 0.890715 0.699753 0.676331 0.921747 0.796834 1.35459 2.24274 0.953833 0.933238 0.91662
threshold=1.0000000180025095e-35 3.5000000000000004 1.5000000000000002 1.0000000180025095e-35 1.5000000000000002 2.5000000000000004 1.5000000000000002 1.5000000000000002 1.0000000180025095e-35 1.0000000180025095e-35 1.0000000180025095e-35 1.0000000180025095e-35 1.0000000180025095e-35 1.0000000180025095e-35
decision_type=2 2 2 2 2 2 2 2 2 2 2 2 2 2
left_child=5 -2 -3 4 -4 6 8 -8 9 10 13 12 -10 -1
right_child=1 2 3 -5 -6 -7 7 -9 11 -11 -12 -13 -14 -15
leaf_value=0.0021672225585538702 -0.04865280892998463 -0.010170481299762951 0.053854723865259739 -0.021626951185467383 -0.028687277390460411 0.048756729023120206 -0.044563127688049563 0.038155601128461315 -0.022611867703242205 -0.023165442915319384 0.069986258493253073 -0.029405063712533371 0.03011758242539242 -0.039550427247264965
leaf_weight=49.568289275863208 1.0227611286100025 22.843432033434514 1.8819567173486569 1.169569253746886 0.39552504121093068 0.78709337092004616 1.5976635023253032 0.42673075688071538 0.96882093511521628 5.6271665035746983 1.2081487467512477 0.98416873125825066 6.2681532320566475 1.3526400406844903
leaf_count=1190 30 268 120 142 16 35 49 37 40 108 41 26 68 36
internal_value=-0.000914181 -0.00795868 -0.00637558 0.018773 0.0395198 0.0018829 0.00134036 -0.0271265 0.00221381 0.000140695 0.00265652 0.0167781 0.0230586 0.00105905
internal_weight=96.1021 27.3132 26.2905 3.44705 2.27748 68.7889 68.0018 2.02439 65.9774 57.7562 52.1291 8.22114 7.23697 50.9209
internal_count=2206 576 546 278 136 1630 1595 86 1509 1375 1267 134 108 1226
is_linear=0
shrinkage=0.05


Tree=217
num_leaves=15
num_cat=0
split_feature=130 241 249 235 0 242 12 242 166 233 62 227 137 81
split_gain=1.08929 1.32509 1.16282 1.68089 1.39783 0.7691 0.755413 1.12496 0.936028 1.12096 0.888498 1.21017 1.46483 1.08799
threshold=1.0000000180025095e-35 4.5000000000000009 1.0000000180025095e-35 1.0000000180025095e-35 1.0000000180025095e-35 3.5000000000000004 1.0000000180025095e-35 1.5000000000000002 1.0000000180025095e-35 1.0000000180025095e-35 1.0000000180025095e-35 1.0000000180025095e-35 1.0000000180025095e-35 1.0000000180025095e-35
decision_type=2 2 2 2 2 2 2 2 2 2 2 2 2 2
left_child=1 6 -3 4 -4 -2 10 -8 9 -9 -1 -12 -13 -14
right_child=5 2 3 -5 -6 -7 7 8 -10 -11 11 12 13 -15
leaf_value=0.012162479564570337 0.0067509897668504085 -9.7777580848809706e-05 -0.02713812253133582 0.045208204198927224 -0.084640217218484581 0.05653814358325579 -0.040864095699069819 -0.045261951655537119 0.053777999863630001 0.051400072032676672 -0.0089839821461686464 0.054098161725363261 0.018978360260362301 -0.0082897616000669454
leaf_weight=10.957951390882952 13.689332173031286 5.3569365404546234 7.6513967788196151 0.7035405673086651 1.2262675731908528 0.8222841497918133 2.9425131774041793 1.0068319574929776 0.70856902841478575 0.42718294076621521 33.806071182130836 1.5298263401491574 6.1522549302317193 9.0231984232086688
leaf_count=199 416 40 173 6 10 23 76 27 8 36 984 30 136 60
internal_value=-0.00304899 -0.00529647 -0.0187543 -0.0291853 -0.0350809 0.00957212 -0.00227586 -0.0207964 0.00676355 -0.016467 -0.000743736 -0.00354362 0.00746592 0.00276496
internal_weight=96.0042 81.4925 14.9381 9.5812 8.87766 14.5116 66.5544 5.0851 2.14258 1.43401 61.4693 50.5114 16.7053 15.1755
internal_count=2224 1785 229 189 183 439 1556 147 71 63 1409 1210 226 196
is_linear=0
shrinkage=0.05


Tree=218
num_leaves=15
num_cat=0
split_feature=231 78 225 236 241 137 244 241 244 71 241 243 241 223
split_gain=0.980744 0.926559 0.734629 0.611052 1.63706 1.05239 1.86682 1.18508 1.22094 0.611328 0.685908 0.634067 0.594214 0.914965
threshold=2.5000000000000004 1.0000000180025095e-35 1.0000000180025095e-35 1.0000000180025095e-35 2.5000000000000004 1.0000000180025095e-35 1.5000000000000002 3.5000000000000004 1.0000000180025095e-35 1.0000000180025095e-35 5.5000000000000009 1.0000000180025095e-35 4.5000000000000009 1.0000000180025095e-35
decision_type=2 2 2 2 2 2 2 2 2 2 2 2 2 2
left_child=1 2 3 9 -5 7 -7 -6 -9 10 12 -11 -1 -14
right_child=-2 -3 -4 4 5 6 -8 8 -10 11 -12 -13 13 -15
leaf_value=-0.0020707331376218379 0.053536781127595023 0.040270639771013965 0.034052193029366441 -0.0083153891081976065 -0.10891051007957962 0.06025068486075285 -0.031287335071107022 -0.068229598075900399 0.052257925175372436 -0.096091455100574041 0.058201877996893171 -0.0046250377579165518 -0.01837839756699745 0.010073699632908203
leaf_weight=62.501637445297092 0.80829207290662353 1.2926484718918789 1.3656955584883679 6.6204691499588062 0.24428969295695402 2.9879284271737565 0.6845930900890379 0.30711844470351934 0.66665422404184937 0.36879054363816877 0.44079123437404533 0.38968487165402621 13.763145485660063 3.5556178763508788
leaf_count=1532 120 19 15 68 4 44 12 9 77 9 14 35 198 33
internal_value=-0.00130701 -0.00177272 -0.00235152 -0.00288881 0.00789081 0.0298294 0.0431871 -0.0104447 0.0142573 -0.00442035 -0.00399814 -0.0490984 -0.00434163 -0.0125371
internal_weight=95.9974 95.1891 93.8964 92.5307 11.5111 4.89058 3.67252 1.21806 0.973773 81.0197 80.2612 0.758475 79.8204 17.3188
internal_count=2189 2069 2050 2035 214 146 56 90 86 1821 1777 44 1763 231
is_linear=0
shrinkage=0.05


Tree=219
num_leaves=15
num_cat=0
split_feature=231 130 216 125 227 47 136 223 241 233 231 139 107 248
split_gain=0.737435 0.695022 0.905862 0.651771 0.846231 0.794813 0.789322 1.06433 1.18797 1.06852 0.75442 0.701908 0.672631 0.617245
threshold=1.0000000180025095e-35 1.0000000180025095e-35 1.0000000180025095e-35 1.0000000180025095e-35 1.0000000180025095e-35 1.0000000180025095e-35 1.0000000180025095e-35 1.0000000180025095e-35 1.0000000180025095e-35 1.0000000180025095e-35 1.5000000000000002 1.0000000180025095e-35 1.0000000180025095e-35 1.0000000180025095e-35
decision_type=2 2 2 2 2 2 2 2 2 2 2 2 2 2
left_child=1 2 13 11 5 6 7 -5 -9 -10 -6 12 -2 -1
right_child=3 -3 -4 4 10 -7 -8 8 9 -11 -12 -13 -14 -15
leaf_value=-0.010511944733912279 0.0016784036229513671 0.016742711042819065 0.051392174017868414 -0.02265080546838311 -0.095508098293855065 0.051375963974737759 0.046659289714715842 0.087427770644036965 -0.070549593902947155 0.050906879218347058 -0.015653874427507829 0.053572933467887197 0.053743687738293959 -0.052797959331520962
leaf_weight=29.096913321642212 50.679192232753849 2.5212854333221904 0.57868565991520782 6.1103147650719585 0.52334398636594481 0.57134795846650366 0.57625644025392819 0.50274911895394303 0.3793264701962471 0.34649684303440154 0.68018303089775145 0.67670674674445663 0.62801342428428952 0.88936509424820442
leaf_count=850 988 17 14 153 22 29 6 9 12 21 22 23 11 42
internal_value=-0.00246691 -0.00848899 -0.0105703 0.000763753 -0.0111415 -0.00557713 -0.00968825 -0.0141127 0.0283516 -0.0125681 -0.0503778 0.00298294 0.0023157 -0.0117661
internal_weight=94.7602 33.0862 30.565 61.6739 9.69002 8.48649 7.91514 7.33889 1.22857 0.725823 1.20353 51.9839 51.3072 29.9863
internal_count=2219 923 906 1296 274 230 201 195 42 33 44 1022 999 892
is_linear=0
shrinkage=0.05


Tree=220
num_leaves=15
num_cat=0
split_feature=159 242 0 242 81 223 227 216 161 223 198 232 206 135
split_gain=1.54844 1.24565 1.78609 0.941505 1.65817 1.00426 0.797046 0.796896 0.963776 1.05595 0.691973 0.630765 0.560531 0.542186
threshold=1.0000000180025095e-35 2.5000000000000004 1.0000000180025095e-35 1.5000000000000002 1.0000000180025095e-35 1.0000000180025095e-35 1.0000000180025095e-35 1.0000000180025095e-35 1.0000000180025095e-35 1.0000000180025095e-35 1.0000000180025095e-35 1.0000000180025095e-35 1.0000000180025095e-35 1.0000000180025095e-35
decision_type=2 2 2 2 2 2 2 2 2 2 2 2 2 2
left_child=10 2 3 4 7 -5 -6 8 9 -2 11 12 13 -1
right_child=1 -3 -4 5 6 -7 -8 -9 -10 -11 -12 -13 -14 -15
leaf_value=-0.0039514954210555162 -0.0012624677977291074 -0.047476152355851287 0.11204304386179775 0.072066640351326761 -0.0046378434541074062 0.014930123433299837 -0.052102240841963847 0.082485543967122307 0.0394879821933352 0.042182596099331136 0.025453652410969554 0.054631100731818233 0.041758871269134017 -0.034642293779594983
leaf_weight=71.263458534755046 7.8765155328437775 0.83898937678895791 0.46047601476311584 1.2584636779502025 2.6369516262784591 1.9775752299465239 1.3308794237673285 0.44066739082336503 2.8691061986610302 1.7006120905280111 2.0798490988090625 0.45915683449129474 0.65876302123069663 1.4686940349638451
leaf_count=1567 261 23 5 25 46 30 23 4 105 18 26 43 5 25
internal_value=0.000358627 0.0122413 0.0146792 0.0124477 0.00770494 0.03715 -0.0205582 0.0164071 0.0140675 0.00645208 -0.00298885 -0.00378988 -0.00415538 -0.00457124
internal_weight=97.3202 21.3902 20.5512 20.0908 16.8547 3.23604 3.96783 12.8869 12.4462 9.57713 75.9299 73.8501 73.3909 72.7322
internal_count=2206 540 517 512 457 55 69 388 384 279 1666 1640 1597 1592
is_linear=0
shrinkage=0.05


Tree=221
num_leaves=15
num_cat=0
split_feature=135 223 130 125 248 78 204 237 55 244 16 163 204 125
split_gain=1.46254 0.632623 0.949281 1.05264 0.898864 0.686293 0.611957 0.85704 0.534339 0.625276 0.496886 0.492436 0.488219 0.931372
threshold=1.0000000180025095e-35 1.0000000180025095e-35 1.0000000180025095e-35 1.0000000180025095e-35 1.5000000000000002 1.0000000180025095e-35 1.0000000180025095e-35 1.0000000180025095e-35 1.0000000180025095e-35 1.5000000000000002 1.0000000180025095e-35 1.0000000180025095e-35 1.0000000180025095e-35 1.0000000180025095e-35
decision_type=2 2 2 2 2 2 2 2 2 2 2 2 2 2
left_child=1 4 12 -4 5 6 8 -8 9 -1 11 -9 13 -3
right_child=-2 2 3 -5 -6 -7 7 10 -10 -11 -12 -13 -14 -15
leaf_value=-0.0035929311946369617 -0.061783123874850812 -0.0076206308155532297 0.037843580654512814 -0.023336592054268798 0.049508841186289884 0.032413284319781348 0.044117510585212266 0.054078003306103239 0.051070106845168307 -0.038665730948074017 -0.069574811597954159 -0.042417302614222066 -0.04593348288261951 0.051800251140612832
leaf_weight=79.262928896147059 0.98753559030592342 4.0761481107911077 4.0136646798346192 0.85238007723819453 0.83761104874429193 1.3812637850642193 1.5346241578226902 0.29199852421879757 0.44040068058529769 1.2914879336021829 0.30552858661394566 0.24161451146937907 0.59657437703572203 0.78673536516726006
leaf_count=1671 26 126 71 30 16 18 38 21 104 29 6 7 13 27
internal_value=-0.00124589 -0.000622593 0.0110685 0.0271267 -0.00203303 -0.00254244 -0.00312159 0.0219014 -0.00385495 -0.00415524 -0.0187275 0.0103859 -0.00324436 0.0019927
internal_weight=96.9005 95.913 10.3255 4.86604 85.5875 84.7498 83.3686 2.37377 80.9948 80.5544 0.839142 0.533613 5.45946 4.86288
internal_count=2203 2177 267 101 1910 1894 1876 72 1804 1700 34 28 166 153
is_linear=0
shrinkage=0.05


Tree=222
num_leaves=15
num_cat=0
split_feature=211 231 244 236 241 216 241 234 233 241 47 166 4 222
split_gain=0.756321 0.658249 0.720342 1.55638 1.1738 0.784068 0.761031 0.662799 0.639436 0.614751 0.917484 1.00075 0.879909 0.735941
threshold=1.0000000180025095e-35 2.5000000000000004 1.0000000180025095e-35 1.0000000180025095e-35 1.5000000000000002 1.0000000180025095e-35 3.5000000000000004 1.0000000180025095e-35 1.0000000180025095e-35 1.0000000180025095e-35 1.0000000180025095e-35 1.0000000180025095e-35 1.0000000180025095e-35 1.0000000180025095e-35
decision_type=2 2 2 2 2 2 2 2 2 2 2 2 2 2
left_child=1 2 3 5 -5 7 -6 -1 -2 10 11 12 -4 -13
right_child=8 -3 9 4 6 -7 -8 -9 -10 -11 -12 13 -14 -15
leaf_value=0.0059096985937620167 -0.017478540020123379 0.052564984315824528 -0.040345974240747699 -0.067718694291820883 0.019459796189100674 -0.044309477896600773 -0.031518605479375114 -0.041588632154499636 0.052549877651455981 -0.00455109051245846 0.05131144948530663 -0.03437387608348956 0.037859502789440391 0.050746211679036285
leaf_weight=45.290650036069565 0.45572544180322339 0.54857647948665444 4.8965665479190639 1.2620848976075638 1.2549827275797727 0.81584738241508503 1.7571264798752961 0.74656169745139678 1.144967640400864 36.117146854230668 0.41234118118882168 0.41041650390252449 0.38818266429007042 0.66600157774519175
leaf_count=845 16 104 137 10 8 20 25 18 51 893 16 12 12 21
internal_value=-0.00146951 -0.0020464 -0.00236505 0.00164352 -0.0272396 0.00427839 -0.0102787 0.00513944 0.0326124 -0.00714341 -0.020966 -0.0256511 -0.0346015 0.0182916
internal_weight=96.1672 94.5665 94.0179 51.1273 4.27419 46.8531 3.01211 46.0372 1.60069 42.8907 6.77351 6.36117 5.28475 1.07642
internal_count=2188 2121 2017 926 43 883 33 863 67 1091 198 182 149 33
is_linear=0
shrinkage=0.05


Tree=223
num_leaves=15
num_cat=0
split_feature=227 198 136 230 78 225 47 159 249 127 126 241 237 198
split_gain=0.826922 2.36389 1.11067 0.985028 0.755986 0.938222 0.717206 1.88057 0.66674 0.633214 0.808028 0.733223 0.834798 0.576027
threshold=1.0000000180025095e-35 1.0000000180025095e-35 1.0000000180025095e-35 1.0000000180025095e-35 1.0000000180025095e-35 1.0000000180025095e-35 1.0000000180025095e-35 1.0000000180025095e-35 1.0000000180025095e-35 1.0000000180025095e-35 1.0000000180025095e-35 3.5000000000000004 1.0000000180025095e-35 1.0000000180025095e-35
decision_type=2 2 2 2 2 2 2 2 2 2 2 2 2 2
left_child=2 -2 3 4 5 6 13 -8 -5 10 11 -10 -13 -1
right_child=1 -3 -4 8 -6 -7 7 -9 9 -11 -12 12 -14 -15
leaf_value=-0.0090704771858954574 0.0044427376344248369 0.072020487194404084 0.049858543536711701 -0.05269642482143342 0.029528657032507896 0.03824285998056217 0.051336425252064347 -0.10082409836362172 -0.016796259143609844 0.080632672039442022 0.065653984956287298 0.059550875939269415 -0.018474428250018739 -0.052690619422435539
leaf_weight=39.2859499003971 45.870680285443086 1.3316450864076603 0.97803750436287273 0.31013081781566043 1.4281942714005698 1.0944107435643662 1.2111105407821003 0.24396495893597592 1.6624379773857079 0.43187046161619935 0.69318801630288351 0.95394024014240109 0.53510134672978893 0.77171508502215047
leaf_count=1092 753 6 13 20 18 12 60 4 88 16 9 23 36 53
internal_value=0.00161204 0.0063492 -0.00289613 -0.0039573 -0.00625411 -0.00745355 -0.00865826 0.0258245 0.0180938 0.0232274 0.0167791 0.00602877 0.0315117 -0.00991082
internal_weight=96.8024 47.2023 49.6001 48.622 44.0353 42.6072 41.5127 1.45508 4.58667 4.27654 3.84467 3.15148 1.48904 40.0577
internal_count=2203 759 1444 1431 1239 1221 1209 64 192 172 156 147 59 1145
is_linear=0
shrinkage=0.05


Tree=224
num_leaves=15
num_cat=0
split_feature=78 55 139 244 116 41 238 137 244 236 130 238 233 137
split_gain=0.487972 0.442929 0.411175 0.652918 0.396032 0.437152 0.963301 0.839855 3.52482 1.26503 0.743919 0.726266 0.660625 0.599688
threshold=1.0000000180025095e-35 1.0000000180025095e-35 1.0000000180025095e-35 1.0000000180025095e-35 1.0000000180025095e-35 1.0000000180025095e-35 1.0000000180025095e-35 1.0000000180025095e-35 1.0000000180025095e-35 1.0000000180025095e-35 1.0000000180025095e-35 1.0000000180025095e-35 1.0000000180025095e-35 1.0000000180025095e-35
decision_type=2 2 2 2 2 2 2 2 2 2 2 2 2 2
left_child=1 2 4 -4 5 11 7 8 -7 10 -10 -1 -13 -14
right_child=-2 -3 3 -5 -6 6 -8 -9 9 -11 -12 12 13 -15
leaf_value=0.0044535842549047709 0.031448434694861693 0.050933086720153009 -0.067678477642321044 0.012869736524945601 0.048693737477928101 0.075696469628124541 0.042910141833104966 -0.014579660024443303 -0.045666210447789651 0.050202932137269896 0.0011632053394085302 -0.05435307621493915 -0.03144638847043723 0.056085087244472212
leaf_weight=70.822801605681889 1.4284264966845501 0.46023843533475783 0.53728023800067493 0.47313604527153075 0.45398094865959038 1.4528848943300587 1.0020057998481195 12.647037939750589 2.0773467358667403 0.63379693351453159 1.4331277250021233 1.0150998923927534 0.45173279719892878 0.34520876040915027
leaf_count=1538 20 117 15 18 9 22 29 236 46 42 35 15 17 12
internal_value=0.00244449 0.00200284 0.00176159 -0.0299611 0.00210872 0.00187855 -0.00482143 -0.00744293 0.00868284 -0.0148106 -0.0265484 0.00365386 -0.0276032 0.00646936
internal_weight=95.2341 93.8057 93.3454 1.01042 92.335 91.881 19.2462 18.2442 5.59716 4.14427 3.51047 72.6348 1.81204 0.796942
internal_count=2171 2151 2034 33 2001 1992 410 381 145 123 81 1582 44 29
is_linear=0
shrinkage=0.05


Tree=225
num_leaves=15
num_cat=0
split_feature=231 152 241 4 227 137 243 161 233 243 234 243 159 216
split_gain=0.840996 0.731408 1.05777 0.625243 0.683244 0.806304 1.05455 0.949591 0.851715 1.25157 0.802104 0.751866 1.30118 0.959456
threshold=2.5000000000000004 1.0000000180025095e-35 2.5000000000000004 1.0000000180025095e-35 1.0000000180025095e-35 1.0000000180025095e-35 1.0000000180025095e-35 1.0000000180025095e-35 1.0000000180025095e-35 1.0000000180025095e-35 1.0000000180025095e-35 1.0000000180025095e-35 1.0000000180025095e-35 1.0000000180025095e-35
decision_type=2 2 2 2 2 2 2 2 2 2 2 2 2 2
left_child=1 2 3 4 11 8 -7 10 -6 -10 -8 -1 13 -13
right_child=-2 -3 -4 -5 5 6 7 -9 9 -11 -12 12 -14 -15
leaf_value=-0.0074421216454027056 0.052956421426318512 -0.0081342465071307709 0.050789498287186374 0.051092073264863327 0.063627354309364628 0.013533494110474359 -0.060733877970936871 0.0016841706323585091 -0.085351572713448842 0.053259136974263405 -0.00076869553927105989 0.015959336819246311 -0.046602995851122118 -0.038030936093566822
leaf_weight=31.688207474537194 0.71893534803530101 27.915645719040185 1.0706025294493873 0.60972557589411636 1.2172743696719432 12.302096950355919 1.3970372043550008 5.1626148102805018 0.28736248740460713 0.37586597935296595 0.92816446861252178 10.685494235687651 1.0392400221899158 0.89153121644631106
leaf_count=940 117 501 38 14 9 190 17 36 10 13 18 246 34 24
internal_value=-0.000919485 -0.00132477 0.00148493 0.000692174 0.000226389 0.00750182 0.00452878 -0.0102655 0.0387893 -0.00679787 -0.0367972 -0.0033322 0.00699065 0.0118016
internal_weight=96.2898 95.5709 67.6552 66.5846 65.9749 21.6704 19.7899 7.48782 1.8805 0.663228 2.3252 44.3045 12.6163 11.577
internal_count=2207 2090 1589 1551 1537 293 261 71 32 23 35 1244 304 270
is_linear=0
shrinkage=0.05


Tree=226
num_leaves=15
num_cat=0
split_feature=201 154 161 244 155 222 135 235 136 243 196 219 163 242
split_gain=0.569654 0.566278 0.48829 0.783634 0.605419 1.09608 0.467403 0.47426 0.43362 0.416408 0.414046 0.68121 0.576971 0.894875
threshold=1.0000000180025095e-35 1.0000000180025095e-35 1.0000000180025095e-35 1.0000000180025095e-35 1.0000000180025095e-35 1.0000000180025095e-35 1.0000000180025095e-35 1.0000000180025095e-35 1.0000000180025095e-35 1.0000000180025095e-35 1.0000000180025095e-35 1.0000000180025095e-35 1.0000000180025095e-35 1.0000000180025095e-35
decision_type=2 2 2 2 2 2 2 2 2 2 2 2 2 2
left_child=1 6 3 9 5 -4 7 8 -1 -2 11 -6 13 -12
right_child=2 -3 4 -5 10 -7 -8 -9 -10 -11 12 -13 -14 -15
leaf_value=0.0079000387161183468 -0.070049881623487673 -0.045693307612494904 0.041680072044256007 0.011754087646527618 -0.0043372516340323694 -0.0042369565204698149 -0.022854102919700477 -0.042620570742063282 0.039895461769967312 -0.018510243131909684 -0.0018162319171629406 -0.057867865119726185 0.017775870008350948 -0.054740531761374313
leaf_weight=68.905487868440105 0.78887885599397389 0.5034071346744885 2.2719670739024904 1.0263657565228641 1.8071754697011795 3.0369658917188644 1.2443259591236699 0.45860963262384657 1.0754746446618799 0.77879165299236774 9.4527059168321976 0.88553538382984687 3.2829064952384224 0.87243272067280564
leaf_count=1754 13 11 16 9 19 14 20 18 15 7 117 16 144 19
internal_value=0.00492619 0.0071519 -0.00171195 -0.0222096 0.000748591 0.0154133 0.00752301 0.00805962 0.00839175 -0.0444459 -0.00402751 -0.0219415 -0.000482745 -0.00628812
internal_weight=96.391 72.1873 24.2037 2.59404 21.6097 5.30893 71.6839 70.4396 69.981 1.56767 16.3008 2.69271 13.608 10.3251
internal_count=2192 1818 374 29 345 30 1807 1787 1769 20 315 35 280 136
is_linear=0
shrinkage=0.05


Tree=227
num_leaves=15
num_cat=0
split_feature=159 243 244 137 198 231 107 63 244 163 152 235 136 211
split_gain=0.723559 1.22592 1.40651 0.880627 0.754849 0.733647 0.70811 0.584991 0.734854 0.821456 0.664383 0.583009 0.548698 0.612158
threshold=1.0000000180025095e-35 1.0000000180025095e-35 1.5000000000000002 1.0000000180025095e-35 1.0000000180025095e-35 2.5000000000000004 1.0000000180025095e-35 1.0000000180025095e-35 1.5000000000000002 1.0000000180025095e-35 1.0000000180025095e-35 1.0000000180025095e-35 1.0000000180025095e-35 1.0000000180025095e-35
decision_type=2 2 2 2 2 2 2 2 2 2 2 2 2 2
left_child=5 2 3 -2 -5 6 11 -3 10 -10 -9 12 13 -1
right_child=1 7 -4 4 -6 -7 -8 8 9 -11 -12 -13 -14 -15
leaf_value=-0.0016195745697620502 -0.026225418606106624 -0.045782076242746633 0.0555352675345007 0.018373453886219117 -0.053144801352716403 0.052829017110783999 0.05407112684626314 -0.013620554879198483 -0.05671846056348423 0.0028363334745378 0.053135419074327742 0.049084316410788524 0.030290315170779864 0.038013772192179524
leaf_weight=67.923529951192904 1.3445173234213186 0.94336883444338937 2.1646589008159927 12.61485483124852 0.3800649889744826 0.6751926585129685 0.61076792533276503 0.64042819663882233 0.90757942409254622 1.5993991671130061 0.89162366185337305 0.59991292748600145 1.4253708985634137 0.98845475685084139
leaf_count=1445 17 34 30 356 38 108 13 12 14 33 13 6 11 47
internal_value=0.00335016 0.0114052 0.0179673 0.0122961 0.0162817 0.00095376 0.000464217 -0.0103315 -0.00205155 -0.0187238 0.0252301 2.66322e-06 -0.000415958 -0.00105108
internal_weight=93.7097 21.4865 16.5041 14.3394 12.9949 72.2232 71.548 4.9824 4.03903 2.50698 1.53205 70.9373 70.3374 68.912
internal_count=2177 547 441 411 394 1630 1522 106 72 47 25 1509 1503 1492
is_linear=0
shrinkage=0.05


Tree=228
num_leaves=15
num_cat=0
split_feature=135 211 233 229 154 248 80 207 16 241 249 230 238 71
split_gain=1.91457 0.518145 0.7923 0.445592 0.39534 0.365459 0.427953 0.37988 0.553083 1.37734 1.49082 1.81128 0.444395 0.561558
threshold=1.0000000180025095e-35 1.0000000180025095e-35 1.0000000180025095e-35 1.0000000180025095e-35 1.0000000180025095e-35 1.5000000000000002 1.0000000180025095e-35 1.0000000180025095e-35 1.0000000180025095e-35 2.5000000000000004 1.0000000180025095e-35 1.0000000180025095e-35 1.0000000180025095e-35 1.0000000180025095e-35
decision_type=2 2 2 2 2 2 2 2 2 2 2 2 2 2
left_child=1 3 -3 4 5 6 7 12 -9 -10 -11 -12 13 -1
right_child=-2 2 -4 -5 -6 -7 -8 8 9 10 11 -13 -14 -15
leaf_value=-0.00033393029983566343 -0.065152664183997414 -0.0222119810676474 0.052372956872077964 0.050843088691193451 -0.047400036234901521 0.038620000532866544 -0.042675382730738724 0.0089587980272312542 -0.06395614229067019 -0.085320197614856985 -0.078842661841838121 0.035616916854893509 -0.028023728910952946 -0.040630926698282943
leaf_weight=63.207622926885961 1.1075399536639441 0.52084646932780643 1.1254455672169568 0.43708376417634909 0.43344464153051276 0.62330348393879731 0.5782136635389169 21.060229003371209 0.94818701199255784 0.39853160455822978 0.40726271341554854 2.2842613662069198 1.5448234300129104 0.87653689458966155
leaf_count=1548 25 19 49 33 9 24 16 222 18 5 7 136 48 35
internal_value=0.000204632 0.000971059 0.0287761 0.000477789 0.000239447 0.000464067 0.000203593 0.000476864 0.00570863 -0.0112416 0.00493385 0.0182977 -0.00152392 -0.000885109
internal_weight=95.5533 94.4458 1.64629 92.7995 92.3624 91.929 91.3057 90.7275 25.0985 4.03824 3.09006 2.69152 65.629 64.0842
internal_count=2194 2169 68 2101 2068 2059 2035 2019 388 166 148 143 1631 1583
is_linear=0
shrinkage=0.05


Tree=229
num_leaves=15
num_cat=0
split_feature=135 241 196 231 225 78 242 248 216 233 116 244 248 161
split_gain=1.07703 0.793102 0.737521 0.674298 1.28142 1.11638 0.482393 0.560475 0.754524 0.550897 0.397691 0.355634 0.868133 1.22493
threshold=1.0000000180025095e-35 2.5000000000000004 1.0000000180025095e-35 1.5000000000000002 1.0000000180025095e-35 1.0000000180025095e-35 2.5000000000000004 1.5000000000000002 1.0000000180025095e-35 1.0000000180025095e-35 1.0000000180025095e-35 1.0000000180025095e-35 1.0000000180025095e-35 1.0000000180025095e-35
decision_type=2 2 2 2 2 2 2 2 2 2 2 2 2 2
left_child=1 3 -3 4 5 6 7 8 -1 -8 11 12 13 -5
right_child=-2 2 -4 10 -6 -7 9 -9 -10 -11 -12 -13 -14 -15
leaf_value=-0.0050953282404715521 -0.05736029848209398 0.052891285131217491 0.002779633932743962 -0.019821333126320662 0.049707931476475113 0.04129230547960254 -0.057336647957338442 0.047184165605345767 -0.048599728427714983 -0.0025656858765200682 0.017591296489307458 -0.016607536897226622 0.0071587748022068007 -0.11716109038831755
leaf_weight=54.089491750637535 0.90922780055552621 0.75308926682919519 29.332149040550576 0.66801582369953283 1.0809617657214392 1.261812537908553 0.97051668865606078 0.50182611495256324 1.0153686627745617 0.87124473648145795 0.55525665910681699 3.0810827167006209 0.56962466193363059 0.62614087108522654
leaf_count=1278 26 13 603 21 11 14 37 4 25 25 7 109 27 14
internal_value=-0.00319913 -0.00268281 0.00403402 -0.00577783 -0.00423671 -0.00522993 -0.00625176 -0.00541791 -0.00589695 -0.0314273 -0.0225311 -0.0270365 -0.0442769 -0.0669164
internal_weight=96.2858 95.3766 30.0852 65.2913 59.7912 58.7103 57.4484 55.6067 55.1049 1.84176 5.50012 4.94486 1.86378 1.29416
internal_count=2214 2188 616 1572 1394 1383 1369 1307 1303 62 178 171 62 35
is_linear=0
shrinkage=0.05


Tree=230
num_leaves=15
num_cat=0
split_feature=135 202 244 53 81 161 201 195 235 41 244 126 107 81
split_gain=1.46513 1.16281 0.786713 0.72482 0.687796 0.604881 2.10391 0.954693 0.799359 0.704872 0.813092 0.693215 0.663906 0.730668
threshold=1.0000000180025095e-35 1.0000000180025095e-35 1.5000000000000002 1.0000000180025095e-35 1.0000000180025095e-35 1.0000000180025095e-35 1.0000000180025095e-35 1.0000000180025095e-35 1.0000000180025095e-35 1.0000000180025095e-35 1.5000000000000002 1.0000000180025095e-35 1.0000000180025095e-35 1.0000000180025095e-35
decision_type=2 2 2 2 2 2 2 2 2 2 2 2 2 2
left_child=1 3 -3 5 -4 6 7 9 11 12 -11 -7 13 -1
right_child=-2 2 4 -5 -6 8 -8 -9 -10 10 -12 -13 -14 -15
leaf_value=0.011019316212873435 0.060746950304136488 -0.0056454732633794049 0.00010991353449067521 0.053047056071631071 -0.052503954141486335 -0.0029791176284494872 -0.04350082488424066 0.089501861941286398 0.049862419059180443 0.021460008860183139 0.091531869063414928 0.027927307373093315 0.066217339723348229 -0.0089835029198790019
leaf_weight=18.229432684369403 1.0291695273481298 5.6234357102948689 0.87404388817958567 0.70493519777664815 2.1468479050090536 49.979044020583387 1.8789754161261942 0.38328483700752158 0.75800742307910596 2.8714020818006243 0.48373619886115182 1.882648693746886 0.46665866300463577 6.0907580845523617
leaf_count=587 22 72 20 35 31 1139 24 3 11 65 15 50 3 111
internal_value=0.00141913 0.000758137 -0.016701 0.00256065 -0.037281 0.00213198 0.00774648 0.0111222 -0.00111213 0.0100547 0.0315628 -0.00185717 0.00714332 0.0060098
internal_weight=93.4024 92.3732 8.64433 83.7289 3.02089 83.0239 30.4042 28.5253 52.6197 28.142 3.35514 51.8617 24.7868 24.3202
internal_count=2188 2166 123 2043 51 2008 808 784 1200 781 80 1189 701 698
is_linear=0
shrinkage=0.05


Tree=231
num_leaves=15
num_cat=0
split_feature=219 241 241 242 12 14 207 0 241 136 244 242 207 134
split_gain=0.844079 0.921319 1.73525 1.22882 1.00242 0.777662 0.775692 0.859286 0.710964 0.683908 0.676804 0.773399 0.626839 0.540606
threshold=1.0000000180025095e-35 2.5000000000000004 4.5000000000000009 1.0000000180025095e-35 1.0000000180025095e-35 1.0000000180025095e-35 1.0000000180025095e-35 1.0000000180025095e-35 5.5000000000000009 1.0000000180025095e-35 1.0000000180025095e-35 3.5000000000000004 1.0000000180025095e-35 1.0000000180025095e-35
decision_type=2 2 2 2 2 2 2 2 2 2 2 2 2 2
left_child=6 3 -3 -2 8 10 9 -8 -4 13 12 -12 -5 -1
right_child=1 2 4 5 -6 -7 7 -9 -10 -11 11 -13 -14 -15
leaf_value=-0.0011038818871502369 0.02375638857672055 0.040118504916532904 -0.027850928928220265 -0.04728564725075482 0.059581280150405237 -0.011294800992848223 0.016167745800619013 -0.019009369765121603 0.052680641219506254 0.038907159294653812 -0.032671154419318379 0.051548315217351454 -0.11497529699442728 -0.042957023466055101
leaf_weight=60.60795720590977 1.4399616075679684 2.2308535104093599 3.6652381485037044 1.7073304853402063 0.41801950195804227 4.7482142231892794 13.355787152540866 1.995398024562747 0.29621530255826645 1.0580583552946325 2.5012455104733822 0.30593775212764729 0.42769800499081601 0.78149937000125547
leaf_count=1466 21 80 125 44 9 41 176 14 75 13 109 10 4 25
internal_value=-0.000718602 -0.0105603 0.00422508 -0.0193414 -0.0140586 -0.0257455 0.00152564 0.0115953 -0.0218292 -0.000949739 -0.039629 -0.0234926 -0.0608455 -0.00163668
internal_weight=95.5394 17.7407 6.61033 11.1304 4.37947 9.69043 77.7987 15.3512 3.96145 62.4475 4.94221 2.80718 2.13503 61.3895
internal_count=2212 518 289 229 209 208 1694 190 200 1504 167 119 48 1491
is_linear=0
shrinkage=0.05


Tree=232
num_leaves=15
num_cat=0
split_feature=52 243 58 128 55 143 177 63 159 54 222 161 223 81
split_gain=0.661086 1.00702 0.50339 0.571665 0.458779 0.369765 0.365733 0.350504 0.378282 0.550018 0.590869 0.635782 0.937685 1.35443
threshold=1.0000000180025095e-35 1.5000000000000002 1.0000000180025095e-35 1.0000000180025095e-35 1.0000000180025095e-35 1.0000000180025095e-35 1.0000000180025095e-35 1.0000000180025095e-35 1.0000000180025095e-35 1.0000000180025095e-35 1.0000000180025095e-35 1.0000000180025095e-35 1.0000000180025095e-35 1.0000000180025095e-35
decision_type=2 2 2 2 2 2 2 2 2 2 2 2 2 2
left_child=2 -2 3 4 6 -5 7 8 -1 10 11 12 -10 -14
right_child=1 -3 -4 5 -6 -7 -8 -9 9 -11 -12 -13 13 -15
leaf_value=-0.00052326074874495807 0.051667084815789445 -0.038015668650715234 0.050974106761437502 -0.048928454779170481 0.051173036576347475 0.00260708719436838 0.044716194583449942 0.0053609201085549436 -0.03557328194240271 0.05620085267295586 0.031414843924324067 -0.0019544775292586248 0.070998707661099836 -0.045796373771357639
leaf_weight=58.082969496070291 1.3410939574241627 0.4083115073153748 0.47639391632401284 0.9934046798152838 0.43513688325765443 0.53577778488397598 0.44912466034293075 19.770129233598709 4.7732973783276922 0.30248027294874269 0.73028310388326723 4.9704719288274646 0.54358832910656907 0.45683643966913223
leaf_count=1219 55 8 42 39 111 9 3 309 237 3 12 123 16 12
internal_value=0.000285188 0.0307351 -0.000290573 -0.000555906 -4.37342e-05 -0.030872 -0.000291142 -0.000516668 -0.00218001 -0.0103509 -0.0121053 -0.0150634 -0.0263486 0.0176651
internal_weight=94.2693 1.74941 92.5199 92.0435 90.5143 1.52918 90.0792 89.6301 69.8599 11.777 11.4745 10.7442 5.77372 1.00042
internal_count=2198 63 2135 2093 2045 48 1934 1931 1622 403 400 388 265 28
is_linear=0
shrinkage=0.05


Tree=233
num_leaves=15
num_cat=0
split_feature=78 229 58 128 137 163 177 154 234 221 139 237 90 219
split_gain=1.74346 0.567771 0.530395 0.53501 0.809428 0.425491 0.345399 0.280346 0.254464 0.359456 0.248116 0.24196 0.239744 0.70081
threshold=1.0000000180025095e-35 1.0000000180025095e-35 1.0000000180025095e-35 1.0000000180025095e-35 1.0000000180025095e-35 1.0000000180025095e-35 1.0000000180025095e-35 1.0000000180025095e-35 1.5000000000000002 1.0000000180025095e-35 1.0000000180025095e-35 1.0000000180025095e-35 1.0000000180025095e-35 1.0000000180025095e-35
decision_type=2 2 2 2 2 2 2 2 2 2 2 2 2 2
left_child=1 2 3 6 11 -6 7 8 9 10 12 -5 -1 -14
right_child=-2 -3 -4 4 5 -7 -8 -9 -10 -11 -12 -13 13 -15
leaf_value=-0.0010782723308836704 -0.059391616937940019 0.05082721727872172 0.050995744635491641 -0.077367476937274651 0.043112949094063435 -0.040898248436277949 0.042333134374251617 -0.039850058304185622 0.030009780618268589 -0.046270174849095382 -0.02487707306605997 -0.024512375839514183 -0.036103185208967714 0.021168693766767218
leaf_weight=85.465007522696396 1.331145554780959 0.51039661222603072 0.46881903798202884 0.64651915439753682 0.41242219001287594 0.23751039966009557 0.44091224254225281 0.48732188297435541 0.62340713321464036 0.45713061233982344 1.1515598491823755 0.32555975619470701 1.6078255381435149 0.79987165541388083
leaf_count=1917 19 39 36 15 13 13 14 12 31 19 40 16 13 27
internal_value=-0.00257206 -0.00176429 -0.00205254 -0.00232095 -0.0307845 0.012412 -0.00181379 -0.00202866 -0.0018241 -0.00204589 -0.0018188 -0.0596657 -0.00151662 -0.0170766
internal_weight=94.9654 93.6343 93.1239 92.655 1.62201 0.649933 91.033 90.5921 90.1048 89.4814 89.0243 0.972079 87.8727 2.4077
internal_count=2224 2205 2166 2130 57 26 2073 2059 2047 2016 1997 31 1957 40
is_linear=0
shrinkage=0.05


Tree=234
num_leaves=15
num_cat=0
split_feature=241 81 62 227 161 161 204 125 234 223 163 14 241 137
split_gain=1.36279 0.682193 1.02956 0.986505 1.0251 0.952892 0.782917 1.49955 0.78259 1.04789 0.967456 0.837039 0.788953 0.893346
threshold=5.5000000000000009 1.0000000180025095e-35 1.0000000180025095e-35 1.0000000180025095e-35 1.0000000180025095e-35 1.0000000180025095e-35 1.0000000180025095e-35 1.0000000180025095e-35 1.0000000180025095e-35 1.0000000180025095e-35 1.0000000180025095e-35 1.0000000180025095e-35 3.5000000000000004 1.0000000180025095e-35
decision_type=2 2 2 2 2 2 2 2 2 2 2 2 2 2
left_child=1 6 5 8 -5 -3 -1 -8 11 10 -10 12 13 -4
right_child=-2 2 3 4 -6 -7 7 -9 9 -11 -12 -13 -14 -15
leaf_value=-0.0080602169015673783 0.053931830369670856 0.010636702053849881 -0.018756320593966945 -0.042813645764604336 -0.0059814317871171238 0.060326230463194498 0.069616611099881806 -0.022451483135890987 0.009586672658600701 -0.044184747723300673 -0.05874466933421274 0.066286093119888687 0.057454010691878943 0.017717103122784583
leaf_weight=45.120549751707586 1.0801639908459026 8.8318211040459538 2.4076138062519021 2.1464608020032765 15.75370294705499 1.0831681002164266 0.92950737796490901 0.84370949590811506 5.6447944876272222 1.427773638628423 0.57033974007936183 0.75897823763080019 0.8463841471238992 5.5461946756113321
leaf_count=1363 126 99 52 22 138 9 30 34 94 44 18 9 27 117
internal_value=-0.00190271 -0.00255889 0.00183761 -0.00218107 -0.0103981 0.0160651 -0.00677947 0.0258099 0.0063694 -0.0055575 0.00331616 0.0159054 0.0115603 0.00667662
internal_weight=92.9912 91.911 45.0172 35.1022 17.9002 9.91499 46.8938 1.77322 17.2021 7.64291 6.21513 9.55917 8.80019 7.95381
internal_count=2182 2056 629 521 160 108 1427 64 361 156 112 205 196 169
is_linear=0
shrinkage=0.05


Tree=235
num_leaves=15
num_cat=0
split_feature=229 58 128 137 163 222 18 71 241 233 137 231 37 242
split_gain=0.473445 0.464721 0.412588 0.777534 0.566946 0.448857 0.447103 0.370828 0.717475 0.696428 0.997288 0.839509 1.35151 0.646261
threshold=1.0000000180025095e-35 1.0000000180025095e-35 1.0000000180025095e-35 1.0000000180025095e-35 1.0000000180025095e-35 1.0000000180025095e-35 1.0000000180025095e-35 1.0000000180025095e-35 5.5000000000000009 1.0000000180025095e-35 1.0000000180025095e-35 2.5000000000000004 1.0000000180025095e-35 2.5000000000000004
decision_type=2 2 2 2 2 2 2 2 2 2 2 2 2 2
left_child=1 2 6 4 -4 -5 -1 8 9 13 11 -11 -13 -8
right_child=-2 -3 3 5 -6 -7 7 -9 -10 10 -12 12 -14 -15
leaf_value=-0.050187679706695944 0.050792557976635538 0.050903948170102457 -0.091730462246622804 -0.036669317935968379 -0.011088965588654208 0.052176107129506204 -0.0017658361092138673 -0.025127195722409026 0.056658370998587976 0.0059505627952200482 0.040518862386924315 0.050484152903138138 -0.17217210976529992 -0.023584499918815977
leaf_weight=0.47046900831628491 0.43059148963948146 0.41709234126028505 0.51486860867589601 0.23822159343399107 0.37794495734851807 0.35254128836095333 76.775777439121157 1.6070041908387782 0.53826742328237642 6.5936932139738911 2.2755622124532238 0.11452538982848626 0.16832143871579319 3.5508068022318175
leaf_count=21 37 40 15 20 12 6 1333 146 16 294 160 24 4 63
internal_value=-0.00151685 -0.00175648 -0.00199119 -0.0281491 -0.0575934 0.0163497 -0.00156981 -0.00132017 -0.000895156 -0.00124138 0.0118269 0.00233223 -0.082018 -0.00273032
internal_weight=94.4257 93.9951 93.578 1.48358 0.892814 0.590763 92.0944 91.624 90.017 89.4787 9.1521 6.87654 0.282847 80.3266
internal_count=2191 2154 2114 53 27 26 2061 2040 1894 1878 482 322 28 1396
is_linear=0
shrinkage=0.05


Tree=236
num_leaves=15
num_cat=0
split_feature=127 244 242 135 137 54 155 227 243 136 242 233 234 81
split_gain=0.733896 0.620789 1.26978 0.540786 0.520814 0.947682 0.755419 1.50936 1.53537 1.33684 1.38819 1.04492 0.978228 0.756081
threshold=1.0000000180025095e-35 1.5000000000000002 2.5000000000000004 1.0000000180025095e-35 1.0000000180025095e-35 1.0000000180025095e-35 1.0000000180025095e-35 1.0000000180025095e-35 1.0000000180025095e-35 1.0000000180025095e-35 1.5000000000000002 1.0000000180025095e-35 1.0000000180025095e-35 1.0000000180025095e-35
decision_type=2 2 2 2 2 2 2 2 2 2 2 2 2 2
left_child=1 3 -3 4 -1 6 7 9 -9 10 11 13 -10 -6
right_child=-2 2 -4 -5 5 -7 -8 8 12 -11 -12 -13 -14 -15
leaf_value=0.0054214033422918528 0.01711425707581099 0.02164283278454909 -0.038377263931505187 -0.058582303980976969 -0.0017231868562488182 0.05179661645434494 -0.012097859666965862 0.021732934020127756 -0.054509725837952064 0.054039845581386095 -0.055104506412182813 0.05160043217492797 0.020149274674605713 -0.021814093375567573
leaf_weight=21.360531067388365 6.5378613421635228 6.4877613272983572 1.0197052622679619 0.41347960103303094 14.0866337188054 0.7588243292120741 20.632606448896695 10.365432788617905 1.2012982782907791 0.85547173186205228 1.5637845108285535 0.75141996878664841 0.69119178131222714 7.014771591871976
leaf_count=642 83 110 40 11 573 71 253 168 19 5 73 53 8 95
internal_value=0.000956883 -0.000254484 0.0134906 -0.00154929 -0.00125185 -0.00371284 -0.00444972 -0.000129958 0.0141717 -0.00735261 -0.00959544 -0.00633882 -0.0272421 -0.00840204
internal_weight=93.7408 87.2029 7.50747 79.6954 79.282 57.9214 57.1626 36.53 12.2579 24.2721 23.4166 21.8528 1.89249 21.1014
internal_count=2204 2121 150 1971 1960 1318 1247 994 195 799 794 721 27 668
is_linear=0
shrinkage=0.05


Tree=237
num_leaves=15
num_cat=0
split_feature=159 242 243 81 63 161 63 248 163 219 161 216 137 222
split_gain=1.56945 0.803152 1.23976 0.639347 0.810553 1.42974 0.55559 0.737244 1.40543 0.646206 0.536712 1.03649 1.07984 2.76181
threshold=1.0000000180025095e-35 1.0000000180025095e-35 1.0000000180025095e-35 1.0000000180025095e-35 1.0000000180025095e-35 1.0000000180025095e-35 1.0000000180025095e-35 1.0000000180025095e-35 1.0000000180025095e-35 1.0000000180025095e-35 1.0000000180025095e-35 1.0000000180025095e-35 1.0000000180025095e-35 1.0000000180025095e-35
decision_type=2 2 2 2 2 2 2 2 2 2 2 2 2 2
left_child=10 3 -3 4 5 -2 -4 -8 -9 -10 11 12 13 -1
right_child=1 2 6 -5 -6 -7 7 8 9 -11 -12 -13 -14 -15
leaf_value=0.10124055636118037 -0.053371793736384732 0.050801952574130442 -0.044581356180567036 -0.0020253590626620375 -0.0066796257597678604 -0.0078071696491611971 0.038516759860483578 -0.057715349556638831 0.057996638769355208 -0.0067982622271287865 0.00074002314364686082 -0.037869691261326582 0.0092252563358509159 -0.040773162841787149
leaf_weight=1.0040829235222251 4.082941930741077 1.1565304175019253 0.81525041512213636 4.8431328926235429 4.3292056079953909 2.9768859231844544 0.96790876355953548 1.0486089482437819 0.59356587706133712 1.0940279555507004 50.414379099485814 1.0844988785684098 20.999673100886866 0.51947215193649743
leaf_count=32 217 12 33 71 51 108 14 12 8 34 1125 27 442 20
internal_value=0.000174227 -0.0115814 0.00460831 -0.0172424 -0.0237134 -0.0341588 -0.00721291 0.00101164 -0.0122555 0.0159916 0.00365349 0.0098752 0.0121741 0.0528195
internal_weight=95.9302 21.9081 5.67589 16.2322 11.389 7.05983 4.51936 3.70411 2.7362 1.68759 74.0221 23.6077 22.5232 1.52356
internal_count=2206 560 113 447 376 325 101 68 54 42 1646 521 494 52
is_linear=0
shrinkage=0.05


Tree=238
num_leaves=15
num_cat=0
split_feature=161 159 62 63 235 107 81 231 241 230 241 236 201 155
split_gain=0.547841 0.861273 1.09915 0.797149 0.71276 0.610977 0.550496 1.88673 0.550119 0.969357 1.13244 0.543701 0.521724 1.01417
threshold=1.0000000180025095e-35 1.0000000180025095e-35 1.0000000180025095e-35 1.0000000180025095e-35 1.0000000180025095e-35 1.0000000180025095e-35 1.0000000180025095e-35 1.0000000180025095e-35 2.5000000000000004 1.0000000180025095e-35 4.5000000000000009 1.0000000180025095e-35 1.0000000180025095e-35 1.0000000180025095e-35
decision_type=2 2 2 2 2 2 2 2 2 2 2 2 2 2
left_child=5 2 3 -2 12 8 7 -3 -1 11 -11 -10 -4 -14
right_child=1 6 4 -5 -6 -7 -8 -9 9 10 -12 -13 13 -15
leaf_value=-0.0065408200934048942 0.086887902558608482 0.024856038636788622 -0.0041528058870446269 0.01919988702124395 0.049647799061600738 0.049529882981613739 0.0054120276271449226 0.15465071572919795 0.011331406989125896 0.053268324208591615 -0.037615304212435981 0.053131006407273557 0.024292747403676661 -5.0042524163387505e-05
leaf_weight=31.103840609546751 0.59788017743267041 2.5458016006741668 25.639004594675498 1.5962968850508332 0.75555740605341171 0.55334089696407218 2.0985070308670402 0.31458394974470127 5.9849140497390163 0.4202379057533111 1.859017905546352 0.89418920222669829 5.7970569629687843 16.335481335845543
leaf_count=790 14 96 738 23 14 6 24 3 78 14 45 17 33 318
internal_value=0.00174803 0.00497359 0.00302919 0.0376439 0.00146407 -0.00265225 0.0248617 0.0391308 -0.00336942 0.00740138 -0.0208586 0.0167648 0.00070199 0.00632593
internal_weight=96.4957 55.6802 50.7213 2.19418 48.5271 40.8155 4.95889 2.86039 40.2622 9.15836 2.27926 6.8791 47.7715 22.1325
internal_count=2213 1263 1140 37 1103 950 123 99 944 154 59 95 1089 351
is_linear=0
shrinkage=0.05


Tree=239
num_leaves=15
num_cat=0
split_feature=244 223 233 37 219 236 243 80 241 241 137 152 248 90
split_gain=0.676008 0.667754 1.28061 0.882204 1.24474 0.538326 0.605735 0.510393 0.508188 1.22909 1.10038 0.710436 0.698224 0.602581
threshold=1.5000000000000002 1.0000000180025095e-35 1.0000000180025095e-35 1.0000000180025095e-35 1.0000000180025095e-35 1.0000000180025095e-35 1.0000000180025095e-35 1.0000000180025095e-35 2.5000000000000004 1.5000000000000002 1.0000000180025095e-35 1.0000000180025095e-35 1.0000000180025095e-35 1.0000000180025095e-35
decision_type=2 2 2 2 2 2 2 2 2 2 2 2 2 2
left_child=1 3 -3 7 -5 6 -4 8 9 13 12 -10 -11 -1
right_child=-2 2 5 4 -6 -7 -8 -9 11 10 -12 -13 -14 -15
leaf_value=-0.0024636588431062464 0.011828204300446635 -0.047732022611652332 0.040469886949509232 -0.0062329287084079178 -0.10775876339364687 0.051185068801528316 -0.020569225989885913 -0.051900444280016889 0.057889057236051561 0.047555256069689765 -0.049461163710607985 0.0038367825290944175 -0.029709571683863109 0.030835244310261186
leaf_weight=50.991144573868951 8.2815740249934588 2.3602121666772282 0.51673432346433479 0.84128665225580224 0.47088034110493027 0.46520007180515666 1.9043920991825869 0.49581406312063236 0.62529056923813442 0.58612108428496801 2.5785209179157391 21.865992336490308 0.58346766838803887 1.3958016340620805
leaf_count=1220 167 70 29 36 9 34 47 12 27 11 83 419 18 23
internal_value=-0.00181305 -0.00313156 -0.0204146 -0.00200423 -0.0426662 0.00192342 -0.00754182 -0.00132989 -0.00101099 -0.00355541 -0.0312152 0.00533951 0.00901049 -0.00157644
internal_weight=93.9624 85.6809 5.24654 80.4343 1.31217 2.88633 2.42113 79.1222 78.6263 56.1351 3.74811 22.4913 1.16959 52.3869
internal_count=2205 2038 180 1858 45 110 76 1813 1801 1355 112 446 29 1243
is_linear=0
shrinkage=0.05


Tree=240
num_leaves=15
num_cat=0
split_feature=234 242 62 161 238 161 125 137 231 242 198 54 244 201
split_gain=1.32904 1.3214 1.05071 1.65917 0.738722 0.663454 1.08912 1.68693 2.14319 2.21283 1.44681 0.659886 0.643328 0.680735
threshold=1.0000000180025095e-35 1.5000000000000002 1.0000000180025095e-35 1.0000000180025095e-35 1.0000000180025095e-35 1.0000000180025095e-35 1.0000000180025095e-35 1.0000000180025095e-35 1.0000000180025095e-35 1.0000000180025095e-35 1.0000000180025095e-35 1.0000000180025095e-35 1.0000000180025095e-35 1.0000000180025095e-35
decision_type=2 2 2 2 2 2 2 2 2 2 2 2 2 2
left_child=1 2 3 -1 11 6 7 -4 10 -10 -9 -3 -2 -14
right_child=12 4 5 -5 -6 -7 -8 8 9 -11 -12 -13 13 -15
leaf_value=-0.01142466167548944 -0.035174864831642845 0.00457018779285049 0.099514550831174386 -0.062798396424301448 0.05946489107647477 -0.0076005693634291285 -0.030038287580993802 -0.032888126378194875 0.052730888770758093 -0.031435474342766417 0.027955658338550245 0.0518328724953009 0.0092357477431927685 0.058726547245828653
leaf_weight=7.2189047471620125 0.79153361375211062 11.333137936060661 0.53117019787895969 2.0090048625133932 0.72926118643954474 34.051522891473724 1.7438617405714474 3.3895871825516224 3.3539128340780735 1.0179448928683994 1.3727541640400884 0.79001975877326991 25.759042170902834 0.71407661028206248
leaf_count=147 33 258 14 35 23 630 54 122 58 12 17 71 697 29
internal_value=-7.4993e-05 -0.00383629 -0.00722665 -0.0226092 0.0105901 -0.0041042 0.00633091 0.0128928 0.00785557 0.0331336 -0.0153498 0.00765012 0.00924263 0.0105707
internal_weight=94.8057 67.5411 54.6887 9.22791 12.8524 45.4608 11.4092 9.66537 9.1342 4.37186 4.76234 12.1232 27.2647 26.4731
internal_count=2200 1441 1089 182 352 907 277 223 209 70 139 329 759 726
is_linear=0
shrinkage=0.05


Tree=241
num_leaves=15
num_cat=0
split_feature=241 200 12 226 238 163 126 81 159 137 249 177 35 194
split_gain=0.666132 0.770867 0.417223 0.473006 0.389202 0.507429 0.358295 0.341316 1.36843 1.01788 0.681352 0.322584 0.336746 0.673878
threshold=5.5000000000000009 1.0000000180025095e-35 1.0000000180025095e-35 1.0000000180025095e-35 1.0000000180025095e-35 1.0000000180025095e-35 1.0000000180025095e-35 1.0000000180025095e-35 1.0000000180025095e-35 1.0000000180025095e-35 1.0000000180025095e-35 1.0000000180025095e-35 1.0000000180025095e-35 1.0000000180025095e-35
decision_type=2 2 2 2 2 2 2 2 2 2 2 2 2 2
left_child=2 -2 6 4 5 7 11 8 10 -9 -4 12 -1 -14
right_child=1 -3 3 -5 -6 -7 -8 9 -10 -11 -12 -13 13 -15
leaf_value=0.0009831815470862375 0.053736781643648424 -0.06672998755265469 -0.053663250640753307 -0.041894276587381873 -0.017800256568563124 0.058271105005468921 -0.029383640821333563 0.044586180584412001 0.093832816359211105 -0.045844338547762438 0.01982035905792532 0.041890598317349856 -0.010531582852381849 0.028476744722535786
leaf_weight=70.774292740505189 1.0249294550740149 0.15256297588348378 0.3871374428272244 0.36411672481335688 0.70083069603424508 0.80559569579781953 1.0665669820737083 0.54924511327408276 0.5663247127085923 0.71791126183234155 1.7035421092878096 0.4522888547508036 13.4988824284228 1.2060689964564524
leaf_count=1481 132 1 21 12 14 25 23 16 5 28 56 17 324 66
internal_value=0.000757548 0.0381284 0.000283331 0.0132741 0.0169731 0.0221257 -0.000581951 0.0147054 0.0248888 -0.0066475 0.00621318 -0.00022447 -0.00044731 -0.0073322
internal_weight=93.9703 1.17749 92.7928 5.7947 5.43059 4.72976 86.9981 3.92416 2.657 1.26716 2.09068 85.9315 85.4792 14.705
internal_count=2221 133 2088 177 165 151 1911 126 82 44 77 1888 1871 390
is_linear=0
shrinkage=0.05


Tree=242
num_leaves=15
num_cat=0
split_feature=241 78 243 231 194 233 222 231 134 241 71 1 242 163
split_gain=1.2996 0.670334 0.698224 0.793075 1.17081 0.689876 0.782327 0.603898 0.538878 0.542768 0.346948 0.332261 0.349136 0.538166
threshold=5.5000000000000009 1.0000000180025095e-35 1.5000000000000002 1.0000000180025095e-35 1.0000000180025095e-35 1.0000000180025095e-35 1.0000000180025095e-35 2.5000000000000004 1.0000000180025095e-35 1.0000000180025095e-35 1.0000000180025095e-35 1.0000000180025095e-35 2.5000000000000004 1.0000000180025095e-35
decision_type=2 2 2 2 2 2 2 2 2 2 2 2 2 2
left_child=1 2 7 -4 5 6 -5 8 10 -10 11 12 -1 -14
right_child=-2 -3 3 4 -6 -7 -8 -9 9 -11 -12 -13 13 -15
leaf_value=-0.0028994048291270734 0.053635878244648917 0.032124140287762712 -0.052903420501951327 0.040459686586133518 0.06673287925825809 0.050565041951046621 -0.024670342504577808 0.052441654127080864 -0.0010467294911578882 -0.061525246460948181 -0.040273685221549504 0.037725875118241936 -0.0058135100219711949 -0.060342522968111462
leaf_weight=81.259607893531211 1.0564083682984335 1.4058456476777781 0.37593834975268592 0.63912868732586559 1.1132920944364739 0.68781153191230249 1.6549619967117906 0.47694984343252045 0.68616311531513818 0.80763983121141791 0.63484014617279072 0.49371905415318806 1.3709752387367182 0.67539008334279049
leaf_count=1671 123 20 12 13 58 115 40 68 16 16 12 16 35 11
internal_value=-0.00150666 -0.00213791 -0.00266794 0.0165986 0.0229789 0.00664331 -0.00652526 -0.00366491 -0.00397633 -0.0337451 -0.00344966 -0.0031707 -0.00341307 -0.0238105
internal_weight=93.3387 92.2823 90.8764 4.47113 4.09519 2.9819 2.29409 86.4053 85.9283 1.4938 84.4345 83.7997 83.306 2.04637
internal_count=2226 2103 2083 238 226 168 53 1845 1777 32 1745 1733 1717 46
is_linear=0
shrinkage=0.05


Tree=243
num_leaves=15
num_cat=0
split_feature=233 16 222 220 161 248 241 125 223 81 231 163 242 152
split_gain=0.951061 0.765488 0.908798 1.22991 1.20373 1.18624 0.718997 0.65651 0.953649 0.921172 0.591843 0.550511 0.79731 0.484079
threshold=1.0000000180025095e-35 1.0000000180025095e-35 1.0000000180025095e-35 1.0000000180025095e-35 1.0000000180025095e-35 1.0000000180025095e-35 4.5000000000000009 1.0000000180025095e-35 1.0000000180025095e-35 1.0000000180025095e-35 1.5000000000000002 1.0000000180025095e-35 1.0000000180025095e-35 1.0000000180025095e-35
decision_type=2 2 2 2 2 2 2 2 2 2 2 2 2 2
left_child=7 2 3 -2 -5 -6 -7 10 9 -9 -1 12 -11 -12
right_child=1 -3 -4 4 5 6 -8 8 -10 11 13 -13 -14 -15
leaf_value=-0.0028115799830879169 0.025671281525092522 -0.0033999138432547742 0.051833813682638744 0.052198274581029214 -0.12103248432362941 0.050910071989521535 -0.071496201213716692 -0.05184075005167689 -0.059018769015525954 -0.017477258967674516 0.0055335792001416544 -0.042829780366840396 0.023545977896690936 0.056491526998697299
leaf_weight=71.696785471402109 3.6683645046432485 4.8692190367146395 1.9085160950198767 0.315072182100266 0.43417249817866832 0.25337841035798192 0.22784255130682141 1.0947641409002233 1.167621682048775 2.2097590081393719 1.2251725755631913 0.70500055933371175 2.5526197496801615 0.75217388384044159
leaf_count=1241 217 330 137 16 9 15 6 87 33 31 29 28 23 16
internal_value=-0.00160762 0.0117371 0.0225645 0.0111615 -0.0320961 -0.0611096 -0.00704534 -0.00352178 -0.0173843 -0.00997616 -0.00206735 -0.00159338 0.00451106 0.0249178
internal_weight=93.0805 11.6766 6.80735 4.89883 1.23047 0.915393 0.481221 81.4039 7.72977 6.56214 73.6741 5.46738 4.76238 1.97735
internal_count=2218 730 400 263 46 30 21 1488 202 169 1286 82 54 45
is_linear=0
shrinkage=0.05


Tree=244
num_leaves=15
num_cat=0
split_feature=242 244 229 233 0 130 227 201 0 196 4 126 225 53
split_gain=0.573306 0.462173 0.454392 0.586151 0.719648 0.513708 0.643712 0.511382 0.474263 0.821698 0.500946 0.43001 1.07321 0.58805
threshold=2.5000000000000004 1.5000000000000002 1.0000000180025095e-35 1.0000000180025095e-35 1.0000000180025095e-35 1.0000000180025095e-35 1.0000000180025095e-35 1.0000000180025095e-35 1.0000000180025095e-35 1.0000000180025095e-35 1.0000000180025095e-35 1.0000000180025095e-35 1.0000000180025095e-35 1.0000000180025095e-35
decision_type=2 2 2 2 2 2 2 2 2 2 2 2 2 2
left_child=1 11 3 4 7 -5 8 -2 9 10 -7 13 -13 -1
right_child=2 -3 -4 5 -6 6 -8 -9 -10 -11 -12 12 -14 -15
leaf_value=-0.00081715229239518903 -0.039526960390279947 0.013633094059035079 0.050967912271075493 0.05117531767469681 -0.0016347940980545217 -0.081032289159129703 0.050340880966493529 -0.10565939790103551 -0.089817568368467215 0.052896247173914383 -0.0079447054518960378 0.033790991606970966 -0.038831836801168043 0.05314758149185294
leaf_weight=76.792799480361282 1.41443437244743 7.0335250670323139 0.24651070426625654 0.40663133122143347 1.0908391741104424 0.38193424395285525 0.3531962585693692 0.36846909113228332 0.23527920228661958 0.35082305109244771 0.6071225181221962 2.4323079911991949 0.64326070621609677 0.50815795746166159
leaf_count=1724 42 113 16 39 13 17 92 5 9 31 13 42 5 25
internal_value=0.000361151 0.00134259 -0.0153646 -0.0185038 -0.033623 0.000103769 -0.0106657 -0.0531944 -0.0243451 -0.0128483 -0.0361682 0.000267081 0.0186018 -0.000462401
internal_weight=92.8653 87.4101 5.45524 5.20873 2.87374 2.33499 1.92836 1.7829 1.57516 1.33988 0.989057 80.3765 3.07557 77.301
internal_count=2186 1909 277 261 60 201 162 47 70 61 30 1796 47 1749
is_linear=0
shrinkage=0.05


Tree=245
num_leaves=15
num_cat=0
split_feature=222 194 1 194 243 0 249 201 161 81 0 81 16 81
split_gain=0.557246 0.773189 0.548739 0.605617 1.41868 0.919612 0.5475 0.545091 1.2497 2.01591 1.16796 0.524761 0.542049 0.42363
threshold=1.0000000180025095e-35 1.0000000180025095e-35 1.0000000180025095e-35 1.0000000180025095e-35 1.0000000180025095e-35 1.0000000180025095e-35 1.0000000180025095e-35 1.0000000180025095e-35 1.0000000180025095e-35 1.0000000180025095e-35 1.0000000180025095e-35 1.0000000180025095e-35 1.0000000180025095e-35 1.0000000180025095e-35
decision_type=2 2 2 2 2 2 2 2 2 2 2 2 2 2
left_child=1 7 3 6 -5 -6 -2 10 -9 -10 -1 12 -3 -8
right_child=2 11 -4 4 5 -7 13 8 9 -11 -12 -13 -14 -15
leaf_value=0.00071979091076164285 -0.051483411097437974 0.0094443606717303074 0.036576095663991143 -0.12599512130580801 -0.0037715898222188357 -0.11269275498008618 0.018385247474916086 -0.052677109215568334 -0.049626393662410714 0.02134950432926613 0.04708738600242568 0.024872955093372614 -0.041144709985971327 -0.0076605883700811232
leaf_weight=59.865511065727333 0.62670413777231537 3.2002282913308577 0.65301278470724433 0.35495846299454692 1.6185217903694136 0.22014246531762172 1.8571704255591601 1.5493698831414793 1.4553427044302223 3.2005884321406484 1.3896453364286561 5.8495462659629993 0.63447744061704714 9.7950917831622064
leaf_count=1510 41 54 64 7 72 10 98 16 20 15 21 53 22 179
internal_value=0.00051721 0.00223775 -0.00825803 -0.010281 -0.0344799 -0.0168127 -0.00595787 0.000341187 -0.01378 -0.000836016 0.00177169 0.0154492 0.00107406 -0.00350933
internal_weight=92.2703 77.1447 15.1256 14.4726 2.19362 1.83866 12.279 67.4605 6.2053 4.65593 61.2552 9.68425 3.83471 11.6523
internal_count=2182 1711 471 407 89 82 318 1582 51 35 1531 129 76 277
is_linear=0
shrinkage=0.05


Tree=246
num_leaves=15
num_cat=0
split_feature=161 63 137 78 220 4 244 243 128 137 244 248 63 249
split_gain=0.772801 1.51744 1.24528 1.17181 0.71871 1.48931 1.8919 0.862457 0.594731 1.01376 1.50122 1.04633 0.926 1.52052
threshold=1.0000000180025095e-35 1.0000000180025095e-35 1.0000000180025095e-35 1.0000000180025095e-35 1.0000000180025095e-35 1.0000000180025095e-35 1.0000000180025095e-35 1.5000000000000002 1.0000000180025095e-35 1.0000000180025095e-35 1.0000000180025095e-35 1.0000000180025095e-35 1.0000000180025095e-35 1.0000000180025095e-35
decision_type=2 2 2 2 2 2 2 2 2 2 2 2 2 2
left_child=3 2 4 8 -2 6 -6 -8 9 10 11 -1 13 -11
right_child=1 -3 -4 -5 5 -7 7 -9 -10 12 -12 -13 -14 -15
leaf_value=0.14166272134065125 -0.019268083275049315 -0.055929069557946742 0.0031447348217251616 -0.054176984916368146 0.051465120115443054 -0.1124387035757075 -0.026706489492447385 0.02934345271376201 -0.050937310399313311 -0.019911838092009113 0.010826021138074255 0.037901052047607339 0.0131811518696128 0.0094553556739196201
leaf_weight=0.45088890520855729 13.351041289672141 1.3779108794406045 32.71101665624883 0.81515831127762695 1.6971043678349804 0.27018799539655436 2.7072040129569364 0.91940542240627099 0.44677326339296897 7.7557146202307203 2.1140613601892255 0.52685515565099195 16.510409658309072 10.210174290696159
leaf_count=13 393 24 597 15 42 4 68 126 12 368 68 9 258 207
internal_value=-0.000220548 -0.00414464 -0.0027633 0.00513895 -0.0129643 0.00208096 0.00789304 -0.0124969 0.00641087 0.00709288 0.0345201 0.085751 0.00463323 -0.0032222
internal_weight=91.8639 53.0339 51.656 38.83 18.9449 5.5939 5.32371 3.62661 38.0149 37.5681 3.09181 0.977744 34.4763 17.9659
internal_count=2204 1254 1230 950 633 240 236 194 935 923 90 22 833 575
is_linear=0
shrinkage=0.05


Tree=247
num_leaves=15
num_cat=0
split_feature=90 236 78 249 137 222 62 161 227 241 195 14 161 216
split_gain=0.744707 1.1161 0.632446 0.559249 1.04943 0.927782 0.832784 1.82815 0.963525 0.737658 0.606437 0.523307 0.630144 0.483531
threshold=1.0000000180025095e-35 1.0000000180025095e-35 1.0000000180025095e-35 1.0000000180025095e-35 1.0000000180025095e-35 1.0000000180025095e-35 1.0000000180025095e-35 1.0000000180025095e-35 1.0000000180025095e-35 1.0000000180025095e-35 1.0000000180025095e-35 1.0000000180025095e-35 1.0000000180025095e-35 1.0000000180025095e-35
decision_type=2 2 2 2 2 2 2 2 2 2 2 2 2 2
left_child=2 -2 3 4 6 -6 -1 -8 9 -9 11 13 -13 -5
right_child=1 -3 -4 10 5 -7 7 8 -10 -11 -12 12 -14 -15
leaf_value=-0.03707488056680288 -0.044664565733713225 0.056930182498462406 0.040048339895873475 0.00093303357900317266 0.0072669668601711189 -0.052356343135668816 0.11343846246300365 0.019359911764269992 0.063464070238470033 -0.051827658377564249 0.054650803012115827 -0.015058737043344823 0.022231033017954767 -0.026780859899467699
leaf_weight=0.46610421687364567 1.5108036434976373 0.3292487080907448 1.3162540923804034 50.61940577851783 24.748492813203487 0.67012711009010573 0.62494993582367797 4.3474658387713134 1.2052491516806183 0.3971472680568694 0.5475924966740412 1.4224808536237095 5.5655743630777579 1.6243769566062827
leaf_count=3 43 21 20 1086 757 27 7 113 8 17 9 23 57 37
internal_value=0.00501479 -0.0264858 0.00563434 0.00514325 0.0104267 0.00569508 0.0275086 0.0320871 0.0235423 0.0134012 0.00227439 0.00179017 0.0146404 7.13462e-05
internal_weight=95.3953 1.84005 93.5552 92.239 32.4595 25.4186 7.04092 6.57481 5.94986 4.74461 59.7794 59.2318 6.98806 52.2438
internal_count=2228 64 2164 2144 932 784 148 145 138 130 1212 1203 80 1123
is_linear=0
shrinkage=0.05


Tree=248
num_leaves=15
num_cat=0
split_feature=241 241 139 81 231 241 130 207 161 159 231 248 63 223
split_gain=0.847676 1.14525 0.947155 0.723427 0.760942 1.86619 0.718595 0.669817 0.639823 1.54497 2.26138 0.773746 0.712786 0.975498
threshold=4.5000000000000009 2.5000000000000004 1.0000000180025095e-35 1.0000000180025095e-35 1.5000000000000002 1.0000000180025095e-35 1.0000000180025095e-35 1.0000000180025095e-35 1.0000000180025095e-35 1.0000000180025095e-35 1.0000000180025095e-35 1.0000000180025095e-35 1.0000000180025095e-35 1.0000000180025095e-35
decision_type=2 2 2 2 2 2 2 2 2 2 2 2 2 2
left_child=1 2 3 4 8 -6 -5 -3 12 11 -11 -10 13 -1
right_child=-2 7 -4 6 5 -7 -8 -9 9 10 -12 -13 -14 -15
leaf_value=-0.021491370694007847 -0.0089506937806271124 0.015753836455125344 -0.05979066733011329 0.0086030196326216772 -0.11090733037134221 0.051121146010799048 -0.030829916909080934 0.061951720581330208 -0.0093187925380382418 0.022450260107727681 0.16818492799303608 0.016968264273981574 0.0032395770006161291 0.037682625793098723
leaf_weight=10.095346488174982 21.790810361228068 5.7569832003500769 0.64952949940925364 26.879669104295321 0.49612548807635803 0.27689286309760064 1.2072181017138053 0.90841277770232398 10.927811064349955 2.6272226721048351 0.29619815945625294 3.7633826026867601 6.8006965247914186 0.74808381649199951
leaf_count=405 460 150 17 335 18 18 53 22 348 95 3 97 158 24
internal_value=-0.000318233 0.0023151 0.000284144 0.000892709 -0.00379633 -0.0528692 0.00690813 0.02205 -0.00272045 0.00402064 0.037216 -0.00258495 -0.00945027 -0.017409
internal_weight=93.2244 71.4336 64.7682 64.1186 36.0318 0.773018 28.0869 6.6654 35.2587 17.6146 2.92342 14.6912 17.6441 10.8434
internal_count=2203 1743 1571 1554 1166 36 388 172 1130 543 98 445 587 429
is_linear=0
shrinkage=0.05


Tree=249
num_leaves=15
num_cat=0
split_feature=241 198 81 231 242 134 241 16 159 244 78 155 130 219
split_gain=1.16319 1.00714 2.80218 0.726189 0.56652 0.533962 0.517963 0.460582 0.446282 0.959821 0.988589 0.93906 0.889742 1.1134
threshold=5.5000000000000009 1.0000000180025095e-35 1.0000000180025095e-35 2.5000000000000004 3.5000000000000004 1.0000000180025095e-35 1.0000000180025095e-35 1.0000000180025095e-35 1.0000000180025095e-35 1.0000000180025095e-35 1.0000000180025095e-35 1.0000000180025095e-35 1.0000000180025095e-35 1.0000000180025095e-35
decision_type=2 2 2 2 2 2 2 2 2 2 2 2 2 2
left_child=1 3 -3 4 5 8 -7 -6 9 10 11 12 -1 -14
right_child=-2 2 -4 -5 7 6 -8 -9 -10 -11 -12 -13 13 -15
leaf_value=-0.006922118461900096 0.053512705304779029 -0.061420470496651371 0.094882794581974642 0.053149534611675403 -0.010007418439005992 0.0032825348155309897 -0.060941244650747156 0.057044033467347245 0.0058737839472664021 -0.011792198871213987 0.046629526367261781 0.010040761572659431 0.080306206803983593 -0.025564230295462006
leaf_weight=27.140023812477015 0.99500109585642249 1.7203369231428944 0.34410301595926274 0.63707484396581904 0.38598787499358767 0.55604372825473436 0.72103207092732191 0.76116098067723215 21.271308953873813 19.36082644094131 1.1823886483907688 15.84306883823592 0.65117174945771583 0.40143276145681739
leaf_count=610 130 62 2 87 11 15 15 24 498 480 13 185 29 19
internal_value=-0.000255037 -0.000843093 -0.0353677 -4.14656e-05 -0.000425344 -0.000884957 -0.032978 0.0344828 -0.000407554 -0.00247653 0.00151212 0.000300684 -0.00517283 0.0399303
internal_weight=91.971 90.976 2.06444 88.9115 88.2744 87.1273 1.27708 1.14715 85.8502 64.5789 45.2181 44.0357 28.1926 1.0526
internal_count=2180 2050 64 1986 1899 1864 30 35 1834 1336 856 843 658 48
is_linear=0
shrinkage=0.05


Tree=250
num_leaves=15
num_cat=0
split_feature=14 47 159 234 220 237 248 223 4 204 223 159 220 241
split_gain=0.700091 0.650702 1.77617 0.554403 0.689215 0.529718 0.777057 0.821375 1.50453 0.538031 0.732327 0.532633 1.46257 1.19431
threshold=1.0000000180025095e-35 1.0000000180025095e-35 1.0000000180025095e-35 1.0000000180025095e-35 1.0000000180025095e-35 1.0000000180025095e-35 1.5000000000000002 1.0000000180025095e-35 1.0000000180025095e-35 1.0000000180025095e-35 1.0000000180025095e-35 1.0000000180025095e-35 1.0000000180025095e-35 1.5000000000000002
decision_type=2 2 2 2 2 2 2 2 2 2 2 2 2 2
left_child=1 5 -3 -2 -5 9 7 8 -7 11 -11 -1 13 -13
right_child=3 2 -4 4 -6 6 -8 -9 -10 10 -12 12 -14 -15
leaf_value=-0.00070363846709294877 0.026657253516924398 0.051259490206481219 -0.091449081040382907 -0.034837898188093651 0.041736768383425826 -0.029465681761759926 0.058000589951953369 0.020719205483584899 -0.17699362980966277 0.049878983432553342 -0.011503832496964923 0.024609865830076905 -0.018860623414452656 -0.0024378374865283441
leaf_weight=60.414870896784123 5.1606585803965563 1.5871607862645749 0.25275614298880089 0.890132426691707 0.43865852008457296 1.8341014825273307 0.29455652716569591 0.66392183834977903 0.19079700112342823 1.3255475005571491 0.76710063638165582 11.100490143056964 3.9930254220962516 6.4543543769977978
leaf_count=1238 41 90 4 36 17 157 12 44 2 34 13 353 80 109
internal_value=0.00338745 0.00222987 0.0316551 0.0192415 -0.00955918 0.00160785 -0.0190967 -0.0275426 -0.0433666 0.00234272 0.0273779 0.00170353 0.00845262 0.0146653
internal_weight=95.3681 88.8787 1.83992 6.48945 1.32879 87.0388 2.98338 2.68882 2.0249 84.0554 2.09265 81.9627 21.5479 17.5548
internal_count=2230 2136 94 94 53 2042 215 203 159 1827 47 1780 542 462
is_linear=0
shrinkage=0.05


Tree=251
num_leaves=15
num_cat=0
split_feature=135 81 137 231 161 16 227 0 196 161 41 211 125 244
split_gain=1.83085 1.03249 0.963592 1.87952 1.68047 1.88791 0.987856 0.858225 0.857292 0.826235 0.708252 0.722621 0.70549 0.590407
threshold=1.0000000180025095e-35 1.0000000180025095e-35 1.0000000180025095e-35 1.0000000180025095e-35 1.0000000180025095e-35 1.0000000180025095e-35 1.0000000180025095e-35 1.0000000180025095e-35 1.0000000180025095e-35 1.0000000180025095e-35 1.0000000180025095e-35 1.0000000180025095e-35 1.0000000180025095e-35 1.5000000000000002
decision_type=2 2 2 2 2 2 2 2 2 2 2 2 2 2
left_child=1 2 3 4 -1 6 8 9 -6 13 11 -5 -11 -4
right_child=-2 -3 7 10 5 -7 -8 -9 -10 12 -12 -13 -14 -15
leaf_value=0.092720899726936909 -0.063873398174495652 0.0081121451487329837 -0.01558577558149158 -0.021693151791880298 -0.0071176502674216409 0.098781344969740462 0.055471125057020836 -0.071861015062267733 0.073174339008717906 0.00735520965040805 0.014917105032637363 0.051158213148940201 -0.03386213446017295 0.01144769084802813
leaf_weight=0.85311603732406993 1.0454414566047479 45.157185461313929 17.752420423086736 5.6194754798780178 4.2893533585593104 0.64652419090270985 0.93336408678442229 0.5045877480879416 0.36037995293736447 11.757805489236485 2.3905729901889572 0.36233658040873695 1.1387206208892173 2.2789872162975362
leaf_count=9 26 668 589 238 129 2 8 7 2 301 117 21 93 36
internal_value=0.00192959 0.00266108 -0.00237402 0.00795039 0.0269079 0.0178951 0.00852846 -0.00714677 -0.000894579 -0.00615509 -0.00808697 -0.0172803 0.00371585 -0.0125102
internal_weight=95.0903 94.0448 48.8876 15.4551 7.08274 6.22962 5.5831 33.4325 4.64973 32.9279 8.37239 5.98181 12.8965 20.0314
internal_count=2246 2220 1552 526 150 141 139 1026 131 1019 376 259 394 625
is_linear=0
shrinkage=0.05


Tree=252
num_leaves=15
num_cat=0
split_feature=52 231 58 232 128 161 125 161 234 201 35 126 238 41
split_gain=0.669006 0.970908 0.461121 0.348757 0.366049 0.594602 0.750719 0.429622 0.696883 0.842974 0.93664 0.605139 0.585558 0.58311
threshold=1.0000000180025095e-35 1.5000000000000002 1.0000000180025095e-35 1.0000000180025095e-35 1.0000000180025095e-35 1.0000000180025095e-35 1.0000000180025095e-35 1.0000000180025095e-35 1.0000000180025095e-35 1.0000000180025095e-35 1.0000000180025095e-35 1.0000000180025095e-35 1.0000000180025095e-35 1.0000000180025095e-35
decision_type=2 2 2 2 2 2 2 2 2 2 2 2 2 2
left_child=2 -2 3 4 7 -6 -7 -1 11 10 -10 12 -9 -14
right_child=1 -3 -4 -5 5 6 -8 8 9 -11 -12 -13 13 -15
leaf_value=0.0015428629219338052 0.054905658846044703 -0.029002118912678034 0.050877843181803863 0.036703843866053902 -0.086855718647171787 -0.051704527783566982 0.040542236295704533 -0.0050346146923601898 -0.015750846006816886 0.060614725033024668 -0.069478555012199725 0.027245626704109478 -0.0088391000127633953 0.06584651450702525
leaf_weight=39.102527420443948 1.1558963712304819 0.49128944252151985 0.40626762257306737 0.56348929696832684 0.33361291047185548 0.47131273668492213 0.41454194858670235 39.052094045837293 6.975015278439967 0.32135003857547406 0.91793077753391106 1.6075730978045601 0.47039876782218815 0.58806921477662399
leaf_count=934 42 14 40 39 10 19 16 788 180 30 41 28 25 18
internal_value=-0.0017018 0.0298793 -0.00227205 -0.00250981 -0.00275463 -0.0299629 -0.008537 -0.00238197 -0.00545555 -0.0187673 -0.0219993 -0.00283446 -0.00404003 0.0326551
internal_weight=92.8714 1.64719 91.2242 90.8179 90.2544 1.21947 0.885855 89.035 49.9324 8.2143 7.89295 41.7181 40.1106 1.05847
internal_count=2224 56 2168 2128 2089 45 35 2044 1110 251 221 859 831 43
is_linear=0
shrinkage=0.05


Tree=253
num_leaves=15
num_cat=0
split_feature=62 198 227 244 227 216 196 155 231 231 206 4 219 41
split_gain=0.538087 0.682308 1.57208 0.638935 0.93943 0.898659 1.55211 0.88283 0.767715 0.59509 0.564322 0.554774 0.545855 0.459536
threshold=1.0000000180025095e-35 1.0000000180025095e-35 1.0000000180025095e-35 1.0000000180025095e-35 1.0000000180025095e-35 1.0000000180025095e-35 1.0000000180025095e-35 1.0000000180025095e-35 1.0000000180025095e-35 1.0000000180025095e-35 1.0000000180025095e-35 1.0000000180025095e-35 1.0000000180025095e-35 1.0000000180025095e-35
decision_type=2 2 2 2 2 2 2 2 2 2 2 2 2 2
left_child=3 10 -3 4 7 6 13 9 -6 -1 11 -2 -11 -5
right_child=1 2 -4 5 8 -7 -8 -9 -10 12 -12 -13 -14 -15
leaf_value=0.031134833330248343 -0.0050418505537769311 -0.043624694035431198 0.051739478989939337 -0.053556897160108079 -0.053880123883355516 0.05118967635671523 0.0048395803418741033 0.08249382265186718 0.020813083461432957 -0.0046587635595245012 0.045529196365989309 0.042538687167133681 0.044632709469343945 -0.010919128152024728
leaf_weight=3.8657374298200011 67.28538587672665 0.60413726326078099 1.5181147158145905 1.7609113268554168 0.82203710405156083 0.74517964571714479 8.7311556831700727 0.55296064913272847 0.59159133955836296 3.3349683685228229 0.56590099167078634 0.61825762689113517 0.67541021108627308 0.985649880953133
leaf_count=89 1740 55 7 47 19 6 121 8 5 45 5 17 12 10
internal_value=-0.00119853 -0.00332881 0.0245923 0.00561662 0.015098 -0.0020184 -0.00547289 0.0214239 -0.0226217 0.0171363 -0.00419424 -0.00460863 0.00364269 -0.0382556
internal_weight=92.6574 70.5918 2.12225 22.0656 9.84271 12.2229 11.4777 8.42908 1.41363 7.87612 68.4695 67.9036 4.01038 2.74656
internal_count=2186 1824 62 362 178 184 178 154 24 146 1762 1757 57 57
is_linear=0
shrinkage=0.05


Tree=254
num_leaves=15
num_cat=0
split_feature=198 78 231 195 207 137 163 12 126 241 223 16 241 161
split_gain=1.99385 1.89854 0.737407 0.773027 0.332707 0.621965 1.35895 1.55306 1.16 0.903005 1.15062 0.860938 0.621007 2.82619
threshold=1.0000000180025095e-35 1.0000000180025095e-35 2.5000000000000004 1.0000000180025095e-35 1.0000000180025095e-35 1.0000000180025095e-35 1.0000000180025095e-35 1.0000000180025095e-35 1.0000000180025095e-35 1.5000000000000002 1.0000000180025095e-35 1.0000000180025095e-35 1.0000000180025095e-35 1.0000000180025095e-35
decision_type=2 2 2 2 2 2 2 2 2 2 2 2 2 2
left_child=1 2 3 4 5 8 7 11 9 12 -11 -7 13 -1
right_child=-2 -3 -4 -5 -6 6 -8 -9 -10 10 -12 -13 -14 -15
leaf_value=0.088520844373724553 -0.05956828590306712 -0.059523591824919342 0.052920728691510745 -0.059053551137035032 0.0049361110249701726 0.0044475913129852886 -0.029692969688828914 -0.048461388800467575 0.04743536619046157 0.023212048419480588 -0.030532989107183103 0.059339627263316902 -0.043244010808536792 -0.021349772074538195
leaf_weight=0.62453552649822519 1.474716139724477 1.3621657751500595 0.65243988639849604 0.55880041047930618 24.069174962569377 39.060405595810153 3.3027074148994862 1.3822112847119559 0.83966854307800431 3.1326925650937474 1.4599571502767501 0.72762725967913766 2.3065798822208299 9.3164231608388945
leaf_count=17 63 20 118 17 359 958 105 44 25 79 38 18 65 242
internal_value=-0.00190689 -0.000949252 -3.66929e-05 -0.00043484 -5.49352e-05 -0.00198776 0.00116589 0.00364142 -0.00992064 -0.0127805 0.00612704 0.00545143 -0.0198705 -0.0144472
internal_weight=90.2701 88.7954 87.4332 86.7808 86.222 62.1528 44.473 41.1702 17.6799 16.8402 4.59265 39.788 12.2475 9.94096
internal_count=2168 2105 2085 1967 1950 1591 1125 1020 466 441 117 976 324 259
is_linear=0
shrinkage=0.05


Tree=255
num_leaves=15
num_cat=0
split_feature=155 241 243 242 135 244 236 54 143 227 244 231 223 134
split_gain=0.466428 1.23137 0.830021 1.11086 1.08159 1.07947 0.817166 1.40427 1.34339 0.60653 1.04247 0.595698 1.18317 0.698792
threshold=1.0000000180025095e-35 4.5000000000000009 1.5000000000000002 1.5000000000000002 1.0000000180025095e-35 1.0000000180025095e-35 1.0000000180025095e-35 1.0000000180025095e-35 1.0000000180025095e-35 1.0000000180025095e-35 1.0000000180025095e-35 1.5000000000000002 1.0000000180025095e-35 1.0000000180025095e-35
decision_type=2 2 2 2 2 2 2 2 2 2 2 2 2 2
left_child=2 6 3 -1 9 -4 7 -2 -8 11 -11 12 13 -5
right_child=1 -3 5 4 -6 -7 8 -9 -10 10 -12 -13 -14 -15
leaf_value=-0.0063806086150823742 0.0017358005801435133 -0.004117804640511152 -0.14788378091642823 0.052517209576748297 0.067200165215391114 -0.022472365816106732 0.060775251210212856 0.055977092119988109 -0.03406064338886225 -0.057469495351580982 0.022672326240947921 -0.0086066107730372703 -0.01930867844951932 -0.013594462730455104
leaf_weight=49.69081812677905 8.4594045929406967 21.743313525345002 0.21674733329564222 2.4849378794315258 0.83785067498683918 0.82347721062251367 1.8987736355920781 1.3891981798806234 0.46483702410478134 0.86100890440866329 0.76745929894968867 1.8648701635538598 1.0773382806219158 0.47631179355084885
leaf_count=1251 184 448 8 53 3 59 41 48 15 11 11 35 30 7
internal_value=-0.00165214 0.00301801 -0.0043353 -0.00354218 0.0133094 -0.0486038 0.015723 0.00938683 0.0421244 0.00731459 -0.0197005 0.0147667 0.0255596 0.0418833
internal_weight=93.0563 33.9555 59.1008 58.0606 8.36978 1.04022 12.2122 9.8486 2.36361 7.53193 1.62847 5.90346 4.03859 2.96125
internal_count=2204 736 1468 1401 150 67 288 232 56 147 22 125 90 60
is_linear=0
shrinkage=0.05


Tree=256
num_leaves=15
num_cat=0
split_feature=78 194 198 227 81 236 242 63 231 222 236 116 139 202
split_gain=1.53701 1.47603 0.759884 2.37018 0.693838 0.846817 0.904359 0.656812 0.524547 0.98886 1.4171 0.483377 0.476444 0.645627
threshold=1.0000000180025095e-35 1.0000000180025095e-35 1.0000000180025095e-35 1.0000000180025095e-35 1.0000000180025095e-35 1.0000000180025095e-35 1.0000000180025095e-35 1.0000000180025095e-35 1.5000000000000002 1.0000000180025095e-35 1.0000000180025095e-35 1.0000000180025095e-35 1.0000000180025095e-35 1.0000000180025095e-35
decision_type=2 2 2 2 2 2 2 2 2 2 2 2 2 2
left_child=1 2 7 -4 8 6 -6 11 -3 -10 -11 12 13 -1
right_child=-2 4 3 -5 5 -7 -8 -9 9 10 -12 -13 -14 -15
leaf_value=-0.0035718393652706183 -0.059354906616976358 -0.0024764341592027101 -0.051984071023799178 0.068198655625410623 -0.035407425862388368 -0.063985883417610412 0.014900121765934882 0.0075874753571857946 0.050390771895738797 -0.21495911106422036 0.050163392595010271 0.052494123827702778 0.032270015675431883 -0.069119843670361641
leaf_weight=54.290298560445081 1.1810408513993014 5.253040488867553 0.59078412130474922 1.342402309179306 2.8760652373312041 1.4634762350469825 1.2958347018575294 19.657544462010264 0.11971880818600755 0.15215243138663936 0.07536878198152408 0.38916470261756231 0.91937200748361547 0.37828448414802451
leaf_count=1479 19 96 55 6 26 41 22 322 25 24 37 6 35 11
internal_value=-0.00269098 -0.00193738 0.000515982 0.0314707 -0.0188747 -0.0312611 -0.0197814 -0.000275205 -0.00641073 -0.0659287 -0.127135 -0.00303635 -0.00342511 -0.00402541
internal_weight=89.9845 88.8035 77.5679 1.93319 11.2357 5.63538 4.1719 75.6347 5.60028 0.34724 0.227521 55.9771 55.588 54.6686
internal_count=2204 2185 1914 61 271 89 48 1853 182 86 61 1531 1525 1490
is_linear=0
shrinkage=0.05


Tree=257
num_leaves=15
num_cat=0
split_feature=166 233 241 231 241 227 137 227 62 137 242 16 236 242
split_gain=0.55283 1.54614 1.14463 1.15879 1.03566 1.88324 1.28604 1.67443 1.27359 1.36893 1.05018 1.41794 0.78268 1.57061
threshold=1.0000000180025095e-35 1.0000000180025095e-35 1.5000000000000002 1.0000000180025095e-35 1.0000000180025095e-35 1.0000000180025095e-35 1.0000000180025095e-35 1.0000000180025095e-35 1.0000000180025095e-35 1.0000000180025095e-35 2.5000000000000004 1.0000000180025095e-35 1.0000000180025095e-35 1.0000000180025095e-35
decision_type=2 2 2 2 2 2 2 2 2 2 2 2 2 2
left_child=2 -2 4 -4 5 10 7 -6 -7 -10 11 -1 -5 -14
right_child=1 -3 3 12 6 8 -8 -9 9 -11 -12 -13 13 -15
leaf_value=0.0027029926445866245 0.0023315420911141529 0.045084742406678036 0.0061441987595808262 -0.023846558590462714 -0.040439831625787896 -0.084474462741479836 0.015434741936977006 0.074347134587893091 0.041292629813160175 -0.031689081579813719 -0.044226003452103327 0.065744309496999428 -0.015750325290825769 0.057861999809705855
leaf_weight=22.347104663203947 12.625637622782959 2.5401788930757894 7.5497920818161246 12.244665584352335 2.0796391580952363 0.88906068867072452 20.088458596961573 0.37499040307011444 0.77866773307323356 3.6750260774279013 1.1258228583028529 0.92904619127511878 3.081547600333578 0.94739196472801257
leaf_count=562 150 309 98 208 59 18 491 5 12 103 40 36 52 41
internal_value=0.000775242 0.00949243 -0.000961733 -0.0100457 0.00317712 -0.00294892 0.0112602 -0.022904 -0.0298363 -0.0189292 0.002938 0.00521923 -0.0175567 0.00155937
internal_weight=91.277 15.1658 76.1112 23.8234 52.2878 29.7447 22.5431 2.45463 5.34275 4.45369 24.402 23.2762 16.2736 4.02894
internal_count=2184 459 1725 399 1326 771 555 64 133 115 638 598 301 93
is_linear=0
shrinkage=0.05


Tree=258
num_leaves=15
num_cat=0
split_feature=241 200 107 125 81 62 233 241 220 204 248 223 220 244
split_gain=0.628706 0.721647 0.478241 0.481393 1.43475 1.64736 1.13919 1.21044 0.866781 0.448179 0.633974 0.422713 0.38536 0.352377
threshold=5.5000000000000009 1.0000000180025095e-35 1.0000000180025095e-35 1.0000000180025095e-35 1.0000000180025095e-35 1.0000000180025095e-35 1.0000000180025095e-35 4.5000000000000009 1.0000000180025095e-35 1.0000000180025095e-35 1.0000000180025095e-35 1.0000000180025095e-35 1.0000000180025095e-35 1.5000000000000002
decision_type=2 2 2 2 2 2 2 2 2 2 2 2 2 2
left_child=2 -2 3 9 5 -5 -7 -8 -6 13 -11 -10 -12 -1
right_child=1 -3 -4 4 8 6 7 -9 11 10 12 -13 -14 -15
leaf_value=-0.0001839348006513399 0.053447229875242301 -0.065492656316165049 -0.040451626041360676 -0.16475409754572787 0.039420382573502832 -0.051801727312900794 0.051046570961386789 -0.048607522845119544 0.011112346265540932 0.073625984816074616 -0.013907928947161741 -0.042838715217525213 0.053298054155515251 -0.012377081384701217
leaf_weight=74.257018033793429 0.97729099567368283 0.14666831493377686 0.71420909138396282 0.1861196780810136 3.6393443768029101 0.97141973383258884 0.94048976487829328 0.45075988001190126 3.5255494808661756 0.48138547164853562 0.77690957469167166 0.40474733361043025 0.29402419245161582 6.4391942095826371
leaf_count=1546 135 1 24 9 61 88 62 11 78 16 18 15 21 136
internal_value=0.000754779 0.0379265 0.000305929 0.000621079 0.0109124 -0.0215344 -0.0102523 0.018759 0.0218376 -0.00064498 0.0259664 0.00555639 0.00454343 -0.00115689
internal_weight=94.2051 1.12396 93.0812 92.367 10.1184 2.54879 2.36267 1.39125 7.56964 82.2485 1.55232 3.9303 1.07093 80.6962
internal_count=2221 136 2085 2061 324 170 161 73 154 1737 55 93 39 1682
is_linear=0
shrinkage=0.05


Tree=259
num_leaves=15
num_cat=0
split_feature=202 219 152 230 219 241 241 137 242 96 244 63 227 78
split_gain=2.74906 1.13756 0.612016 1.24437 1.14406 0.950848 0.88571 0.699106 0.766375 0.608497 0.58361 0.508908 2.1226 1.31012
threshold=1.0000000180025095e-35 1.0000000180025095e-35 1.0000000180025095e-35 1.0000000180025095e-35 1.0000000180025095e-35 3.5000000000000004 2.5000000000000004 1.0000000180025095e-35 3.5000000000000004 1.0000000180025095e-35 1.5000000000000002 1.0000000180025095e-35 1.0000000180025095e-35 1.0000000180025095e-35
decision_type=2 2 2 2 2 2 2 2 2 2 2 2 2 2
left_child=2 -2 6 4 -4 -5 9 8 -7 11 -3 -1 13 -13
right_child=1 10 3 5 -6 7 -8 -9 -10 -11 -12 12 -14 -15
leaf_value=0.0039021900540292575 -0.039767141187745131 0.055496397762754127 -0.011440406108927733 -0.050791886353166005 -0.061419770285687764 0.061803797465930732 0.050903000248589972 0.006659790212201905 -0.050506244689025537 -0.05878891664987218 -0.019531303191296027 0.0088115922100928824 -0.047290769500422963 -0.054200963462022335
leaf_weight=52.890738050366053 6.3963833849411449 0.50075743222259894 12.252215913322289 0.52079499722458322 1.2630350657273091 1.3051345649437278 0.91455593970022064 2.9782210617122473 0.17190172108530521 0.41784011374693264 0.53729155007749796 9.2091207425110007 2.6251485785469404 0.90605221875011999
leaf_count=1357 89 14 192 14 27 140 38 68 11 15 22 161 50 18
internal_value=-0.00272563 -0.0318881 -0.000188539 -0.00824081 -0.0161111 0.0131354 0.00203502 0.0206081 0.0487328 0.00135836 0.0166622 0.00174129 -0.00722958 0.00316733
internal_weight=92.8892 7.43443 85.4548 18.4913 13.5153 4.97605 66.9635 4.45526 1.47704 66.0489 1.03805 65.6311 12.7403 10.1152
internal_count=2216 125 2091 452 219 233 1639 219 151 1601 36 1586 229 179
is_linear=0
shrinkage=0.05


Tree=260
num_leaves=15
num_cat=0
split_feature=227 223 248 198 130 225 249 0 107 16 233 234 14 244
split_gain=0.886241 1.02657 0.838649 0.792272 0.759274 0.736979 0.753746 0.701222 0.649656 0.497029 0.795133 0.884869 0.638705 0.724271
threshold=1.0000000180025095e-35 1.0000000180025095e-35 1.0000000180025095e-35 1.0000000180025095e-35 1.0000000180025095e-35 1.0000000180025095e-35 1.0000000180025095e-35 1.0000000180025095e-35 1.0000000180025095e-35 1.0000000180025095e-35 1.0000000180025095e-35 1.0000000180025095e-35 1.0000000180025095e-35 1.5000000000000002
decision_type=2 2 2 2 2 2 2 2 2 2 2 2 2 2
left_child=2 -2 3 7 -3 6 -4 8 -1 10 11 12 13 -8
right_child=1 4 5 -5 -6 -7 9 -9 -10 -11 -12 -13 -14 -15
leaf_value=0.0085980796738289612 -0.006833736004027151 -0.02296477069021774 -0.051623527685298459 -0.051240703861825804 0.032973228346522526 -0.045570521346560255 -0.018655459371490227 0.06937898189709725 0.068265478465042537 -0.010287367571430216 0.043647245204536847 -0.047290276865430914 0.050434389538981252 0.033358393008518665
leaf_weight=34.517677819065284 38.89057664880238 0.77130943565862198 0.71800221735611103 0.53217839053831895 2.8413048701186199 1.0582014101091779 1.8576752815861259 0.49396258080378075 0.46230386011302371 5.0373195713036694 1.4235415713774271 0.78957142343278963 0.80429016286507238 1.0461868643760681
leaf_count=980 683 18 47 52 35 12 37 3 5 189 105 31 8 4
internal_value=0.000811506 -0.0044654 0.00541309 0.0093136 0.0210302 -0.00561513 -0.00199414 0.010222 0.00938666 0.00125756 0.011079 0.000771092 0.0110047 8.37942e-05
internal_weight=91.2441 42.5032 48.7409 36.0061 3.61261 12.7348 11.6766 35.4739 34.98 10.9586 5.92127 4.49772 3.70815 2.90386
internal_count=2209 736 1473 1040 53 433 421 988 985 374 185 80 49 41
is_linear=0
shrinkage=0.05


Tree=261
num_leaves=15
num_cat=0
split_feature=52 41 78 96 243 248 81 233 47 233 223 155 41 227
split_gain=0.637602 0.658998 0.645913 0.562854 0.525495 1.6009 1.27637 0.854221 0.758349 1.0857 1.26175 1.06094 0.942272 1.00122
threshold=1.0000000180025095e-35 1.0000000180025095e-35 1.0000000180025095e-35 1.0000000180025095e-35 1.0000000180025095e-35 1.0000000180025095e-35 1.0000000180025095e-35 1.0000000180025095e-35 1.0000000180025095e-35 1.0000000180025095e-35 1.0000000180025095e-35 1.0000000180025095e-35 1.0000000180025095e-35 1.0000000180025095e-35
decision_type=2 2 2 2 2 2 2 2 2 2 2 2 2 2
left_child=2 -2 3 4 8 6 7 -6 9 10 11 12 13 -1
right_child=1 -3 -4 -5 5 -7 -8 -9 -10 -11 -12 -13 -14 -15
leaf_value=0.0039609712427548117 -0.0040861230457184764 0.057822496514914681 0.036000698434995787 -0.057464994215617793 -0.028006398055992851 0.0016631083702883848 -0.043761487187668299 0.044863101534222856 -0.03275790491759515 0.034688394258461173 -0.026507411293251265 -0.0055464075265714546 0.081662585116496267 0.022525301306117719
leaf_weight=25.395258015953004 0.73492612072732177 1.0355357208754867 1.3618443394079793 0.40556104155257244 0.78757947823032981 24.379792650724994 3.8783354090119246 0.82186343497596681 1.3479095480870444 2.9574069035297716 3.2746581821702412 15.256251029262783 0.45525537105277081 10.172096782829611
leaf_count=764 41 21 21 16 26 625 52 51 39 197 69 132 6 171
internal_value=0.0024077 0.032124 0.00182631 0.00130416 0.00157279 -0.00382895 -0.0282278 0.00920448 0.00431388 0.00518274 0.00358321 0.00550479 0.0101852 0.00927028
internal_weight=92.2643 1.77046 90.4938 89.132 88.7264 29.8676 5.48778 1.60944 58.8588 57.5109 54.5535 51.2789 36.0226 35.5674
internal_count=2231 62 2169 2148 2132 754 129 77 1378 1339 1142 1073 941 935
is_linear=0
shrinkage=0.05


Tree=262
num_leaves=15
num_cat=0
split_feature=225 241 200 163 126 14 90 248 207 41 137 152 249 161
split_gain=0.606525 0.541269 0.680171 0.506597 0.50606 0.541428 0.514588 0.814101 0.561481 1.53596 1.85528 1.77271 1.5877 0.794289
threshold=1.0000000180025095e-35 5.5000000000000009 1.0000000180025095e-35 1.0000000180025095e-35 1.0000000180025095e-35 1.0000000180025095e-35 1.0000000180025095e-35 1.0000000180025095e-35 1.0000000180025095e-35 1.0000000180025095e-35 1.0000000180025095e-35 1.0000000180025095e-35 1.0000000180025095e-35 1.0000000180025095e-35
decision_type=2 2 2 2 2 2 2 2 2 2 2 2 2 2
left_child=1 4 -3 -2 5 6 8 -8 13 11 -11 12 -10 -1
right_child=3 2 -4 -5 -6 -7 7 -9 9 10 -12 -13 -14 -15
leaf_value=0.0052758646671842678 -0.06400012105476198 0.053596897758901911 -0.06443850967178405 -0.0012377696412790712 0.021248413952550158 -0.01389242157404099 -0.065941037697138813 0.025431590212374913 -0.00016922077382889331 0.068288839813390442 -0.042759458900969716 0.0063925613705911946 0.070353639393631748 -0.0062183502501940635
leaf_weight=32.499490602291189 0.6474764528684307 0.89995259093120583 0.14119750261306763 0.63865399919450283 3.0738799782120614 5.9904815041227257 0.67512171529233345 0.38153959358169232 1.1880456041544687 0.45200790822855141 2.2402737642405555 10.043800027342513 2.431406005169265 27.961272211759933
leaf_count=818 13 120 1 7 89 90 7 22 20 55 42 96 26 776
internal_value=0.00125371 0.00175203 0.0375893 -0.0328342 0.00132285 0.000592506 0.00170678 -0.0329482 0.00218348 0.0104024 -0.0241155 0.017204 0.0472053 -3.98617e-05
internal_weight=89.2646 87.9785 1.04115 1.28613 86.9373 83.8634 77.873 1.05666 76.8163 16.3555 2.69228 13.6633 3.61945 60.4608
internal_count=2182 2162 121 20 2041 1952 1862 29 1833 239 97 142 46 1594
is_linear=0
shrinkage=0.05


Tree=263
num_leaves=15
num_cat=0
split_feature=234 63 230 249 242 14 223 78 198 243 52 243 137 159
split_gain=1.73699 1.10798 0.926766 0.80836 0.721116 0.695947 0.614752 0.595376 0.605752 0.595273 0.595166 0.608185 0.584654 1.94993
threshold=1.0000000180025095e-35 1.0000000180025095e-35 1.0000000180025095e-35 1.0000000180025095e-35 1.0000000180025095e-35 1.0000000180025095e-35 1.0000000180025095e-35 1.0000000180025095e-35 1.0000000180025095e-35 1.5000000000000002 1.0000000180025095e-35 1.5000000000000002 1.0000000180025095e-35 1.0000000180025095e-35
decision_type=2 2 2 2 2 2 2 2 2 2 2 2 2 2
left_child=5 3 4 -2 -3 7 -6 8 10 -4 -1 -12 13 -5
right_child=1 2 9 12 6 -7 -8 -9 -10 -11 11 -13 -14 -15
leaf_value=0.00078145689493457115 -0.031867346105612634 0.00058852308190598815 -0.051678695383095455 -0.011381328291642116 0.056974373269585633 0.02237503461845676 0.0054135407416469484 0.036167743959817554 0.03066117412620439 0.010301702085042538 0.052015754550947736 -0.013944986632759924 -0.0017427664815380499 -0.12910190227106974
leaf_weight=54.635928897980193 6.5395158159080902 5.4796430153073761 1.1150582842528818 2.405472242564429 1.2844147945288569 5.2358493014180558 1.0512467576190829 1.3514833170920599 1.8613077751360823 0.59362399345263828 1.1210173191502679 0.50775241525843728 7.2236458973347908 0.41201797779649485
leaf_count=1292 339 69 25 112 15 44 16 19 23 17 52 6 151 7
internal_value=0.000507137 -0.0103802 0.00321138 -0.0181872 0.0105043 0.00489896 0.0337676 0.00336052 0.00259773 -0.0301457 0.00166935 0.0314532 -0.00927773 -0.0285963
internal_weight=90.818 26.1046 9.52399 16.5807 7.8153 64.7133 2.33566 59.4775 58.126 1.70868 56.2647 1.62877 10.0411 2.81749
internal_count=2187 751 142 609 100 1436 31 1392 1373 42 1350 58 270 119
is_linear=0
shrinkage=0.05


Tree=264
num_leaves=15
num_cat=0
split_feature=78 200 243 225 47 242 71 236 227 161 35 107 63 47
split_gain=1.84264 0.552699 0.387493 0.562121 0.594927 0.570882 0.530681 0.607874 0.585358 0.762664 3.18937 0.619629 0.519245 0.498699
threshold=1.0000000180025095e-35 1.0000000180025095e-35 1.0000000180025095e-35 1.0000000180025095e-35 1.0000000180025095e-35 1.0000000180025095e-35 1.0000000180025095e-35 1.0000000180025095e-35 1.0000000180025095e-35 1.0000000180025095e-35 1.0000000180025095e-35 1.0000000180025095e-35 1.0000000180025095e-35 1.0000000180025095e-35
decision_type=2 2 2 2 2 2 2 2 2 2 2 2 2 2
left_child=1 2 6 4 5 -4 8 -8 9 10 11 -1 13 -11
right_child=-2 -3 3 -5 -6 -7 7 -9 -10 12 -12 -13 -14 -15
leaf_value=-0.012765013031467157 -0.059000073128267543 -0.046126639121477062 -0.035080954725893669 0.028296090767396351 0.050701432918827373 -0.0024515626172840928 -0.08088097670330191 0.050202738572619948 0.011382996893497525 0.0041412213533647399 0.15611360587149126 0.041038239299621825 0.0386298506918413 0.051435902737023788
leaf_weight=13.487925508758051 1.2254574932157982 0.57498458027839561 1.4117420604452586 1.4979856447316695 0.50420522369677101 26.565153210620338 0.34864447615109284 0.11850223928922787 26.222425500454847 14.884508608491158 0.29275497421622354 0.55723238736391145 1.3158853929489858 0.57906764606013972
leaf_count=520 20 21 48 10 50 689 11 34 328 412 3 4 21 19
internal_value=0.00189058 0.00273506 0.00305509 -0.00155776 -0.00312795 -0.00409807 0.00544735 -0.0476287 0.00587976 0.00124222 -0.00722578 -0.0106304 0.00847807 0.00591227
internal_weight=89.5865 88.361 87.786 29.9791 28.4811 27.9769 57.8069 0.467147 57.3398 31.1174 14.3379 14.0452 16.7795 15.4636
internal_count=2190 2170 2149 797 787 737 1352 45 1307 979 527 524 452 431
is_linear=0
shrinkage=0.05


Tree=265
num_leaves=15
num_cat=0
split_feature=78 232 16 63 230 216 219 35 166 0 241 244 241 233
split_gain=0.872502 0.535784 0.524275 0.638642 1.62419 0.793935 0.776446 0.701395 0.553369 0.78861 1.0868 1.64389 0.881254 0.666663
threshold=1.0000000180025095e-35 1.0000000180025095e-35 1.0000000180025095e-35 1.0000000180025095e-35 1.0000000180025095e-35 1.0000000180025095e-35 1.0000000180025095e-35 1.0000000180025095e-35 1.0000000180025095e-35 1.0000000180025095e-35 4.5000000000000009 1.0000000180025095e-35 4.5000000000000009 1.5000000000000002
decision_type=2 2 2 2 2 2 2 2 2 2 2 2 2 2
left_child=1 2 3 5 7 8 -7 -5 9 10 -1 -12 -11 -13
right_child=-2 -3 -4 4 -6 6 -8 -9 -10 12 11 13 -14 -15
leaf_value=-0.0062166857408644249 0.042785162329443668 0.05433114532653173 0.0112012355503361 0.0076285002530039935 -0.039185080530013447 -0.020908039689129493 -0.11765661345463688 0.036156768406229285 0.011567075781223214 -0.002688808174258029 0.020936344291914624 -0.025799552760958317 -0.060530442613661001 -0.12742463105474189
leaf_weight=40.142009146104101 1.2633032128214825 0.46732626386801612 10.383650214149382 14.823699219035921 1.7184940418228496 0.8115346529521037 0.27856022166088223 2.5209284417796871 6.1863023690821128 1.3500388050742906 7.4762894049345032 0.56239598774118338 1.2855643467046318 0.22631997428834438
leaf_count=1134 19 40 365 231 32 33 7 31 95 15 79 21 10 22
internal_value=0.00152676 0.000936034 0.000651721 -0.000763883 0.00718098 -0.00336087 -0.0456309 0.0117749 -0.00255571 -0.00426738 -0.0028172 0.0136936 -0.0309021 -0.0549606
internal_weight=89.4964 88.2331 87.7658 77.3821 19.0631 58.319 1.09009 17.3446 57.2289 51.0426 48.407 8.26501 2.6356 0.788716
internal_count=2134 2115 2075 1710 294 1416 40 262 1376 1281 1256 122 25 43
is_linear=0
shrinkage=0.05


Tree=266
num_leaves=15
num_cat=0
split_feature=244 220 231 78 243 125 137 242 125 137 161 231 233 231
split_gain=0.819317 1.2604 1.06808 0.92258 1.17846 0.726332 0.658838 1.08936 0.746568 0.572808 2.57532 2.01414 1.05947 1.01251
threshold=1.0000000180025095e-35 1.0000000180025095e-35 1.5000000000000002 1.0000000180025095e-35 1.0000000180025095e-35 1.0000000180025095e-35 1.0000000180025095e-35 2.5000000000000004 1.0000000180025095e-35 1.0000000180025095e-35 1.0000000180025095e-35 1.0000000180025095e-35 1.0000000180025095e-35 1.0000000180025095e-35
decision_type=2 2 2 2 2 2 2 2 2 2 2 2 2 2
left_child=1 2 3 4 9 -4 7 -3 -8 10 -1 -12 -13 -11
right_child=-2 6 5 -5 -6 -7 8 -9 -10 13 11 12 -14 -15
leaf_value=0.13023814717935872 0.0083641478024893412 0.061232135581965122 0.044108596481205332 0.035779394848458601 -0.033421617012200242 -0.020405226382957227 -0.035993831525704886 -0.013722422476505845 0.027117243630134548 -0.017440207622353539 0.020806830402648219 -0.058295889417804551 0.009014638371632579 0.00098259995487567269
leaf_weight=0.40917911217547853 42.937947296981292 1.8311621335451485 1.8408942005626152 1.3203108049929131 3.7474461018573484 0.57179847778752435 0.76375412521883812 0.6592699342581908 1.212542453489732 13.309238832676785 4.6744652278721333 1.6475074812769892 0.90614655090030272 16.964339444879442
leaf_count=12 1207 39 97 15 58 20 25 15 24 356 100 25 44 171
internal_value=0.00330149 -0.00105849 -0.0035523 -0.00536954 -0.0066737 0.0288191 0.0242839 0.0413901 0.00272751 -0.0040297 0.00820672 0.00129861 -0.0344112 -0.00711666
internal_weight=92.796 49.8581 45.3913 42.9786 41.6583 2.41269 4.46673 2.49043 1.9763 37.9109 7.6373 7.22812 2.55365 30.2736
internal_count=2208 1001 898 781 766 117 103 54 49 708 181 169 69 527
is_linear=0
shrinkage=0.05


Tree=267
num_leaves=15
num_cat=0
split_feature=63 242 47 90 231 62 233 54 163 125 137 237 9 159
split_gain=1.11622 0.84737 0.910735 0.76899 0.766073 0.734117 0.975337 1.03956 0.709791 1.51016 0.999805 0.72263 0.516865 0.621179
threshold=1.0000000180025095e-35 1.0000000180025095e-35 1.0000000180025095e-35 1.0000000180025095e-35 1.0000000180025095e-35 1.0000000180025095e-35 1.0000000180025095e-35 1.0000000180025095e-35 1.0000000180025095e-35 1.0000000180025095e-35 1.0000000180025095e-35 1.0000000180025095e-35 1.0000000180025095e-35 1.0000000180025095e-35
decision_type=2 2 2 2 2 2 2 2 2 2 2 2 2 2
left_child=1 5 3 8 -2 -1 -7 -8 9 11 -11 -3 13 -9
right_child=4 2 -4 -5 -6 6 7 12 -10 10 -12 -13 -14 -15
leaf_value=-0.048173474667090141 0.022817038544773075 -0.041152975378419138 0.050850316843588511 0.018696583801480104 0.0034127655267915842 0.0017071038356055159 0.051571390515825821 0.050714470558173054 -0.0039293514039485371 -0.043821946326323642 0.022325919838675882 0.0012347020460282433 -0.053956838217895368 -0.027197031597791008
leaf_weight=0.68990166392177243 9.4183754189871252 6.2700994646002144 0.63003333051165 2.1172095299989442 11.058878268580884 42.645401032175869 2.0875680814497164 0.54831117513822414 10.928261718690919 0.74656703427899662 2.4325430443859659 1.1975250749674158 0.37888171366648737 0.47960629686713219
leaf_count=14 161 152 60 48 176 928 147 42 331 18 46 52 38 5
internal_value=0.0020507 -0.000909839 -0.00848116 -0.0100589 0.0123376 0.00302253 0.00378804 0.0291838 -0.0128808 -0.0220689 0.00679207 -0.0343556 -0.0040374 0.0143625
internal_weight=91.6292 71.1519 24.3222 23.6922 20.4773 46.8297 46.1398 3.49437 21.575 10.6467 3.17911 7.46762 1.4068 1.02792
internal_count=2218 1881 707 647 337 1174 1160 232 599 268 64 204 85 47
is_linear=0
shrinkage=0.05


Tree=268
num_leaves=15
num_cat=0
split_feature=0 16 225 78 81 161 137 244 244 233 159 63 204 155
split_gain=0.655771 0.643937 0.466875 0.96313 0.653494 0.922958 1.58837 1.24928 1.16012 0.97107 0.862305 1.01789 0.828166 0.779234
threshold=1.0000000180025095e-35 1.0000000180025095e-35 1.0000000180025095e-35 1.0000000180025095e-35 1.0000000180025095e-35 1.0000000180025095e-35 1.0000000180025095e-35 1.5000000000000002 1.0000000180025095e-35 1.0000000180025095e-35 1.0000000180025095e-35 1.0000000180025095e-35 1.0000000180025095e-35 1.0000000180025095e-35
decision_type=2 2 2 2 2 2 2 2 2 2 2 2 2 2
left_child=2 -2 3 4 5 6 8 13 -1 10 11 12 -7 -8
right_child=1 -3 -4 -5 -6 9 7 -9 -10 -11 -12 -13 -14 -15
leaf_value=0.11691588522720749 -0.0081643287443673961 -0.043423254113900439 -0.028489148300171616 0.045027828239232889 0.0047796692241587196 -0.029364762462932521 0.0083540548813317 -0.038531528339594411 0.025429047738987617 0.0054508825818290153 0.0049083804607186268 0.032771148767659297 0.039708839376343626 -0.024020622583313792
leaf_weight=0.44567671656841712 7.3700987237389182 1.5709407343820201 1.4200413636863221 1.1926261484622944 35.08127992964728 11.935734903905542 12.793020067154428 1.988471714314074 1.5574288526549933 6.3024590524291844 3.3799271006137124 0.75969868153333742 0.45031569898128587 2.1745841756928721
leaf_count=17 56 55 16 13 553 300 491 44 50 368 110 18 3 43
internal_value=-0.00152114 -0.0143593 -7.69411e-05 0.000439916 -0.000251871 -0.00447595 0.00367793 -0.0012963 0.0457842 -0.0112479 -0.0176164 -0.0234077 -0.0268535 0.00365047
internal_weight=88.4223 8.94104 79.4813 78.0612 76.8686 41.7873 18.9592 16.9561 2.00311 22.8281 16.5257 13.1457 12.3861 14.9676
internal_count=2137 111 2026 2010 1997 1444 645 578 67 799 431 321 303 534
is_linear=0
shrinkage=0.05


Tree=269
num_leaves=15
num_cat=0
split_feature=52 243 244 232 237 137 61 234 223 135 225 195 200 243
split_gain=0.579058 0.581577 0.573208 0.451674 0.476539 0.489672 0.908193 0.531548 0.478457 0.44407 0.418317 0.531634 0.388256 0.394243
threshold=1.0000000180025095e-35 1.5000000000000002 1.0000000180025095e-35 1.0000000180025095e-35 1.0000000180025095e-35 1.0000000180025095e-35 1.0000000180025095e-35 1.0000000180025095e-35 1.0000000180025095e-35 1.0000000180025095e-35 1.0000000180025095e-35 1.0000000180025095e-35 1.0000000180025095e-35 1.0000000180025095e-35
decision_type=2 2 2 2 2 2 2 2 2 2 2 2 2 2
left_child=3 2 -2 4 9 6 8 -7 -6 10 11 12 13 -1
right_child=1 -3 -4 -5 5 7 -8 -9 -10 -11 -12 -13 -14 -15
leaf_value=0.0060949643528474748 0.05041824433254586 -0.096956374203371498 -0.03197801622176262 0.054424016485166642 -0.034226041442213889 0.042639206194110428 -0.1365144391696991 -0.035533594901424791 0.03773616721972483 -0.026247642999475664 0.032324269150873733 0.056977313316649639 -0.0361953662331208 -0.0016117306174898444
leaf_weight=56.243701125495136 0.2706417767330993 0.25394482922274608 0.95902367495000362 0.43214625489781511 1.2291275856478017 0.55068986810510967 0.19060075414017763 0.35935907065868378 0.28443046871689137 1.2087661456316698 1.3085498106665898 0.46774691226892073 0.6107906443066885 23.540086915643769
leaf_count=1256 28 7 26 42 124 37 3 34 31 25 17 14 21 519
internal_value=0.00290309 -0.0280693 -0.0138431 0.00343477 0.00317853 -0.0178421 -0.0336557 0.0117704 -0.0207028 0.00383759 0.00428016 0.00382633 0.00351709 0.00382112
internal_weight=87.9096 1.48361 1.22967 86.426 85.9938 2.61421 1.70416 0.910049 1.51356 83.3796 82.1709 80.8623 80.3946 79.7838
internal_count=2184 61 54 2123 2081 229 158 71 155 1852 1827 1810 1796 1775
is_linear=0
shrinkage=0.05


Tree=270
num_leaves=15
num_cat=0
split_feature=130 241 198 227 222 163 234 236 194 137 231 0 242 231
split_gain=1.63752 1.12684 1.01999 1.70471 0.935417 1.39549 0.890454 0.869123 0.738015 0.542527 0.49098 0.548782 0.429248 0.408897
threshold=1.0000000180025095e-35 5.5000000000000009 1.0000000180025095e-35 1.0000000180025095e-35 1.0000000180025095e-35 1.0000000180025095e-35 1.0000000180025095e-35 1.0000000180025095e-35 1.0000000180025095e-35 1.0000000180025095e-35 1.0000000180025095e-35 1.0000000180025095e-35 1.5000000000000002 1.0000000180025095e-35
decision_type=2 2 2 2 2 2 2 2 2 2 2 2 2 2
left_child=1 2 8 -4 7 -6 -7 9 -1 13 -10 -12 -9 -2
right_child=4 -3 3 -5 5 6 -8 12 10 -11 11 -13 -14 -15
leaf_value=-0.006135965986940088 0.10235280257623869 0.05387695047725323 -0.042698964962745639 0.058442141668966378 -0.10369861585560623 0.013150011969288382 -0.043926847324305643 -0.048060463984531607 -0.043017264197968696 0.020423349282084925 -0.008211170958275121 -0.049473927798545869 0.0098869662236722652 0.041898891198345029
leaf_weight=63.161317228063126 0.32506510615348672 0.76900904110516322 0.59330922923982021 1.3989173769950867 0.32842243113555003 3.8211361915164161 0.83214310991752416 0.53433249102090463 2.0972526744008047 4.3406775452021975 4.985409421089571 0.96114222519099701 0.79516049566154834 2.0046333677018993
leaf_count=1546 1 57 53 6 10 173 49 22 13 76 61 7 38 69
internal_value=-0.00345809 -0.00633271 -0.00696527 0.0283211 0.0129209 -0.00408744 0.00294299 0.0235124 -0.00795254 0.03087 -0.0222166 -0.0148805 -0.0134025 0.0503341
internal_weight=86.9479 73.9664 73.1973 1.99223 12.9816 4.9817 4.65328 7.99987 71.2051 6.67038 8.0438 5.94655 1.32949 2.3297
internal_count=2181 1743 1686 59 438 232 222 206 1627 146 81 68 60 70
is_linear=0
shrinkage=0.05


Tree=271
num_leaves=15
num_cat=0
split_feature=202 159 241 244 134 220 238 35 242 195 139 231 243 201
split_gain=0.846833 1.62023 0.765262 0.624734 0.382757 0.293079 0.704035 0.848076 0.826169 0.552163 0.523145 0.451908 0.985425 0.418756
threshold=1.0000000180025095e-35 1.0000000180025095e-35 5.5000000000000009 1.5000000000000002 1.0000000180025095e-35 1.0000000180025095e-35 1.0000000180025095e-35 1.0000000180025095e-35 1.0000000180025095e-35 1.0000000180025095e-35 1.0000000180025095e-35 1.5000000000000002 1.5000000000000002 1.0000000180025095e-35
decision_type=2 2 2 2 2 2 2 2 2 2 2 2 2 2
left_child=1 2 4 -3 5 9 7 8 -7 10 -1 13 -13 -9
right_child=-2 3 -4 -5 -6 6 -8 11 -10 -11 -12 12 -14 -15
leaf_value=-0.0037056094698607934 0.01361119276082126 -0.014883320785151109 0.052943594233832492 -0.046861717207967675 0.024818905322341975 -0.018910867394572282 0.047403192062836386 0.014195494319569762 0.068393830952359957 0.049943342448906379 0.043908441365864609 -0.031698175064820595 0.042637550454456108 -0.01057507287282339
leaf_weight=51.913447237195214 8.3974942342028935 11.253764858003702 0.676702164040761 1.7671128660440452 1.4605658319778729 0.39409667067229281 0.94212897002580653 4.3687089043087326 0.86738603899721056 0.49380968976765771 0.58337121148360793 2.5045082357246433 0.54237819030822709 2.7995607402990572
leaf_count=1048 125 383 119 48 22 12 37 105 38 11 20 60 89 48
internal_value=-0.00149881 -0.00307371 3.94095e-05 -0.0192232 -0.000495964 -0.00106123 0.00585234 0.00244139 0.0411192 -0.00268148 -0.0031765 -0.00233499 -0.0184656 0.00452137
internal_weight=88.965 80.5675 67.5467 13.0209 66.87 65.4094 12.4188 11.4766 1.26148 52.9906 52.4968 10.2152 3.04689 7.16827
internal_count=2165 2040 1609 431 1490 1468 389 352 50 1079 1068 302 149 153
is_linear=0
shrinkage=0.05


Tree=272
num_leaves=15
num_cat=0
split_feature=241 62 220 161 81 107 231 81 241 137 161 78 248 35
split_gain=0.916848 1.49339 1.28441 1.61337 2.1871 1.09112 1.05118 1.0129 1.00437 0.864576 1.01814 0.833684 0.651953 0.976083
threshold=1.0000000180025095e-35 1.0000000180025095e-35 1.0000000180025095e-35 1.0000000180025095e-35 1.0000000180025095e-35 1.0000000180025095e-35 1.5000000000000002 1.0000000180025095e-35 5.5000000000000009 1.0000000180025095e-35 1.0000000180025095e-35 1.0000000180025095e-35 1.0000000180025095e-35 1.0000000180025095e-35
decision_type=2 2 2 2 2 2 2 2 2 2 2 2 2 2
left_child=1 2 3 -1 -5 6 9 -8 -2 10 -3 -11 13 -9
right_child=8 5 -4 4 -6 -7 7 12 -10 11 -12 -13 -14 -15
leaf_value=0.0075538495966884951 -0.0043620635420105721 0.078143995809414557 0.085507289253790517 0.013488537514198377 0.128215188528115 0.075924503905697133 -0.091813642537690948 -0.001254676743783513 0.052861557272217689 -0.013262249090393759 0.0081121829497352357 0.05383256505003095 0.012773562978248316 -0.12145768065385175
leaf_weight=7.0900970897637308 57.677912584636942 0.54940546466969564 0.76731897564604956 0.98796758893877246 0.7168138399720192 0.45940130203962226 0.5732415681704871 0.40663219022098929 0.77713552273780706 8.3224448900436965 9.3740422374976333 0.49025426805019456 0.93328612780896947 0.28885891288518906
leaf_count=140 1260 14 7 22 4 6 15 24 127 309 226 2 37 3
internal_value=8.33967e-05 0.00704046 0.0234676 0.0180548 0.0617279 -0.000300526 -0.00197297 -0.034652 -0.0036013 0.00186773 0.0119895 -0.00952974 -0.0145342 -0.0511787
internal_weight=89.4148 30.9598 9.5622 8.79488 1.70478 21.3976 20.9382 2.20202 58.455 18.7361 9.92345 8.8127 1.62878 0.695491
internal_count=2196 809 173 166 26 636 630 79 1387 551 240 311 64 27
is_linear=0
shrinkage=0.05


Tree=273
num_leaves=15
num_cat=0
split_feature=231 242 198 227 137 159 201 244 78 242 81 161 238 231
split_gain=0.894276 0.785516 0.716141 2.3675 0.704822 1.5796 1.23422 0.546694 0.525959 0.630428 0.693389 1.24844 1.03425 0.958091
threshold=1.0000000180025095e-35 1.5000000000000002 1.0000000180025095e-35 1.0000000180025095e-35 1.0000000180025095e-35 1.0000000180025095e-35 1.0000000180025095e-35 1.0000000180025095e-35 1.0000000180025095e-35 1.5000000000000002 1.0000000180025095e-35 1.0000000180025095e-35 1.0000000180025095e-35 1.5000000000000002
decision_type=2 2 2 2 2 2 2 2 2 2 2 2 2 2
left_child=1 2 4 -4 7 6 -6 -1 9 10 11 -2 13 -12
right_child=8 -3 3 -5 5 -7 -8 -9 -10 -11 12 -13 -14 -15
leaf_value=0.03052098095224845 0.0089231099786729259 -0.051887021486400536 -0.050896300477066204 0.10212482500571365 -0.016538861120265282 0.019886767402441635 0.018621388735657603 -0.0042626523825123721 0.02913872410267665 0.0063757686056775779 -0.0020350439648854596 -0.027447750704171534 -0.05221680248428745 0.030696949722238562
leaf_weight=5.4426205866038897 3.4793397329631244 0.50821980775799502 0.38357343547977396 0.74123989045619965 9.0444463244639319 9.9226365429349244 3.4471891671419153 1.4254892943426964 1.4402681346982706 17.875762501302233 26.338226906955249 7.3298947902076179 0.95236718584783275 2.4430072851246214
leaf_count=109 124 37 49 3 337 319 33 25 20 512 211 289 17 116
internal_value=0.00285588 0.00976147 0.0107919 0.049943 0.00928796 0.00499395 -0.00683605 0.0233016 -0.000710662 -0.00144658 -0.00489553 -0.0157405 -0.000953001 0.000743311
internal_weight=90.7743 30.9154 30.4072 1.12481 29.2824 22.4143 12.4916 6.86811 59.8589 58.4186 40.5428 10.8092 29.7336 28.7812
internal_count=2201 912 875 52 823 689 370 134 1289 1269 757 413 344 327
is_linear=0
shrinkage=0.05


Tree=274
num_leaves=15
num_cat=0
split_feature=225 96 139 54 161 1 152 125 242 63 161 81 12 249
split_gain=0.771242 0.604091 0.466222 0.565912 1.17307 0.478579 0.41409 0.74653 0.765258 0.661982 1.9717 1.13328 0.716715 0.809975
threshold=1.0000000180025095e-35 1.0000000180025095e-35 1.0000000180025095e-35 1.0000000180025095e-35 1.0000000180025095e-35 1.0000000180025095e-35 1.0000000180025095e-35 1.0000000180025095e-35 1.0000000180025095e-35 1.0000000180025095e-35 1.0000000180025095e-35 1.0000000180025095e-35 1.0000000180025095e-35 1.0000000180025095e-35
decision_type=2 2 2 2 2 2 2 2 2 2 2 2 2 2
left_child=1 2 3 6 -5 -6 9 -8 -9 -1 11 12 13 -11
right_child=-2 -3 -4 4 5 -7 7 8 -10 10 -12 -13 -14 -15
leaf_value=0.007567985137604598 -0.037424428461196688 -0.058703212565377583 -0.029848554364612347 -0.019651977641617139 0.054157587148005226 -0.012992700081077266 -0.00053977287365369474 -0.069184898317376745 0.0071666841101993718 0.013872181586815189 -0.06167584686802903 -0.019517638944045373 0.050111887019144465 -0.045596126891259504
leaf_weight=49.299639766555629 1.2018211141694326 0.39633428072556753 1.0572998489660665 1.0419958854326972 1.8926309208763998 0.30860143047175359 24.090397849366131 0.81761449424084165 0.54823359416332096 4.8370730271562898 1.3835727684199817 3.9208874662872404 1.1585989790037272 0.64946559304371465
leaf_count=1313 18 16 48 37 157 72 337 14 19 109 22 44 18 28
internal_value=0.00236876 0.00289199 0.00316023 0.00354824 0.0240543 0.0447435 0.00278121 -0.00257858 -0.0385384 0.00500882 -0.00554933 0.00180018 0.0143785 0.00683266
internal_weight=92.6042 91.4023 91.006 89.9487 3.24323 2.20123 86.7055 25.4562 1.36585 61.2492 11.9496 10.566 6.64514 5.48654
internal_count=2252 2234 2218 2170 266 229 1904 370 33 1534 221 199 155 137
is_linear=0
shrinkage=0.05


Tree=275
num_leaves=15
num_cat=0
split_feature=62 155 242 231 126 244 161 52 200 241 206 152 241 242
split_gain=0.992008 0.815054 1.20831 0.697101 0.747611 0.706033 0.650028 0.639592 0.524913 0.67476 0.495803 0.443764 0.796062 0.961241
threshold=1.0000000180025095e-35 1.0000000180025095e-35 1.5000000000000002 1.0000000180025095e-35 1.0000000180025095e-35 1.0000000180025095e-35 1.0000000180025095e-35 1.0000000180025095e-35 1.0000000180025095e-35 5.5000000000000009 1.0000000180025095e-35 1.0000000180025095e-35 3.5000000000000004 2.5000000000000004
decision_type=2 2 2 2 2 2 2 2 2 2 2 2 2 2
left_child=1 2 3 4 5 6 -1 8 9 10 11 -2 -13 -14
right_child=7 -3 -4 -5 -6 -7 -8 -9 -10 -11 -12 12 13 -15
leaf_value=0.00070469085884567167 0.0064710992976673007 0.0031240594945569741 0.02746572981524889 -0.036412932319297063 0.044109407284921187 -0.053696597928061321 -0.0528156801195813 -0.028824422734185985 -0.050415571657179498 0.053001191878197323 0.049107756953409826 -0.04677884551736558 -0.004639322424893246 0.032472791253179277
leaf_weight=3.6156676560640317 50.04848121656687 8.8432790280203335 1.3660022260155535 4.8857275140471756 0.55968916416168202 1.0353940185159443 0.67291341768577684 1.4571995236910869 0.43013688921928306 0.7241605801609684 0.61675824224948783 0.97084638022352265 14.565032300830355 1.9822389313485462
leaf_count=78 1298 126 13 78 5 30 19 56 18 117 5 31 197 113
internal_value=0.00112854 -0.00842096 -0.016834 -0.0224531 -0.0108609 -0.0166397 -0.00769309 0.00395835 0.00464732 0.00499103 0.00448113 0.00407377 -0.00277531 -0.00019357
internal_weight=91.7735 20.9787 12.1354 10.7694 5.88366 5.32398 4.28858 70.7949 69.3377 68.9075 68.1834 67.5666 17.5181 16.5473
internal_count=2184 349 223 210 132 127 97 1835 1779 1761 1644 1639 341 310
is_linear=0
shrinkage=0.05


Tree=276
num_leaves=15
num_cat=0
split_feature=62 161 81 125 231 234 47 242 206 47 16 219 195 81
split_gain=0.561015 2.33865 1.79286 0.767384 0.856254 0.864422 1.59262 2.1688 0.699202 0.601539 0.553452 0.640827 0.533714 0.504875
threshold=1.0000000180025095e-35 1.0000000180025095e-35 1.0000000180025095e-35 1.0000000180025095e-35 1.5000000000000002 1.0000000180025095e-35 1.0000000180025095e-35 1.0000000180025095e-35 1.0000000180025095e-35 1.0000000180025095e-35 1.0000000180025095e-35 1.0000000180025095e-35 1.0000000180025095e-35 1.0000000180025095e-35
decision_type=2 2 2 2 2 2 2 2 2 2 2 2 2 2
left_child=1 -1 -3 4 8 6 -6 -8 12 10 -5 -12 -2 -7
right_child=3 2 -4 9 5 13 7 -9 -10 -11 11 -13 -14 -15
leaf_value=0.0045593668357010219 -0.00015855552345692267 0.024362730589606724 0.12489700491230223 -0.021072905089356105 0.053656041463226306 0.050940502569319528 -0.19150414771328619 0.050797479441878304 0.056827208188026591 0.050927130378592415 0.071020666679199748 -0.0048544492937187397 0.054762162319950486 -0.022904679042318108
leaf_weight=18.913501765578989 52.908775537740439 1.1493174249771971 0.72207936388440419 7.4684721995145047 2.5490768529125485 0.29041510311071728 0.16614889027550805 0.20792555157095194 0.55273028183728357 0.35798344132490534 0.34667341224849191 1.4105495155818062 0.44609036110341449 1.1402280086622341
leaf_count=315 1150 31 6 216 229 45 7 18 4 27 6 80 4 59
internal_value=0.00264794 0.00983501 0.0631539 0.000446117 0.00260283 0.0239319 0.0395181 -0.0568232 0.00088021 -0.0126651 -0.0151326 0.0101146 0.000300627 -0.00791439
internal_weight=88.63 20.7849 1.8714 67.8451 58.2614 4.35379 2.92315 0.374074 53.9076 9.58368 9.2257 1.75722 53.3549 1.43064
internal_count=2197 352 37 1845 1516 358 254 25 1158 329 302 86 1154 104
is_linear=0
shrinkage=0.05


Tree=277
num_leaves=15
num_cat=0
split_feature=163 241 234 236 137 71 236 223 12 78 216 134 219 234
split_gain=0.643267 0.886383 0.654948 0.735488 0.702776 0.600642 0.764439 0.568232 0.406544 0.370972 1.12925 0.386876 0.797604 0.940971
threshold=1.0000000180025095e-35 2.5000000000000004 1.0000000180025095e-35 1.0000000180025095e-35 1.0000000180025095e-35 1.0000000180025095e-35 1.0000000180025095e-35 1.0000000180025095e-35 1.0000000180025095e-35 1.0000000180025095e-35 1.0000000180025095e-35 1.0000000180025095e-35 1.0000000180025095e-35 1.0000000180025095e-35
decision_type=2 2 2 2 2 2 2 2 2 2 2 2 2 2
left_child=5 8 3 4 -3 9 -7 -4 -2 10 11 12 -1 -14
right_child=1 2 7 -5 -6 6 -8 -9 -10 -11 -12 -13 13 -15
leaf_value=0.0058616794079840552 -0.021424191217538791 0.053186391103461753 -0.034452091998667909 0.05963380789638905 -0.01025453735759716 -0.08022899450156766 0.05027715465339605 0.013147863041524033 0.013928614588559131 0.030318497070320929 -0.046005863000308622 0.032076895775397511 -0.032036732910237307 0.034326828129133118
leaf_weight=69.840238695032895 7.3765835245721956 0.60288193218002528 1.2684917708102148 0.96646761121519364 1.5820949419867247 0.42905909765977313 0.15194342311588116 1.2397530999660376 0.9139599511399864 1.4124748799949873 1.0926494920859102 1.3148902296088625 2.7183896914357315 0.66476292922743585
leaf_count=1504 140 80 70 62 37 18 43 39 15 18 34 27 59 33
internal_value=0.00277182 -0.0071134 0.00814064 0.0233149 0.00725017 0.00454833 -0.0460991 -0.0109248 -0.0175269 0.00493028 0.00445613 0.00519585 0.00471314 -0.0189968
internal_weight=91.5746 13.9502 5.65969 3.15144 2.18498 77.6244 0.581003 2.50824 8.29054 77.0434 75.6309 74.5383 73.2234 3.38315
internal_count=2179 443 288 179 117 1736 61 109 155 1675 1657 1623 1596 92
is_linear=0
shrinkage=0.05


Tree=278
num_leaves=15
num_cat=0
split_feature=207 161 201 244 241 241 63 90 243 41 161 234 233 227
split_gain=0.524512 0.601022 0.780755 1.00974 0.561984 0.8026 1.53558 0.860821 0.847996 1.25051 1.01241 1.29598 0.979555 0.806083
threshold=1.0000000180025095e-35 1.0000000180025095e-35 1.0000000180025095e-35 1.0000000180025095e-35 1.0000000180025095e-35 3.5000000000000004 1.0000000180025095e-35 1.0000000180025095e-35 1.0000000180025095e-35 1.0000000180025095e-35 1.0000000180025095e-35 1.0000000180025095e-35 1.0000000180025095e-35 1.0000000180025095e-35
decision_type=2 2 2 2 2 2 2 2 2 2 2 2 2 2
left_child=4 2 -2 -4 -1 6 7 8 9 10 13 12 -12 -6
right_child=1 -3 3 -5 5 -7 -8 -9 -10 -11 11 -13 -14 -15
leaf_value=0.0047043592107075295 0.023551321760793414 0.011509346051002917 -0.0530953246212632 0.012583155206824487 -0.02630203699173957 0.0050584548777552786 -0.046568126555646031 0.053085569473822196 -0.028776799962429201 0.079420260406262266 -0.05301610645364771 0.020644015517316035 0.051274990553587224 0.015143101152011723
leaf_weight=31.751969541714061 1.1378122474998265 21.606090585140919 1.4521569791249933 0.98021605925168831 5.6877680260222476 13.463359036744803 2.5966405994258812 0.60596424934919824 3.7196201655897303 0.45669444277882654 1.1622990209143607 5.3099286137148738 0.27924407739192236 1.478082153946161
leaf_count=808 14 354 20 8 268 290 51 17 141 6 53 134 15 12
internal_value=0.00222227 0.00836901 -0.0106357 -0.0266277 -0.000104425 -0.00449712 -0.0105381 -0.00553494 -0.00749817 -0.00199182 -0.00466334 0.00922998 -0.0328137 -0.0177533
internal_weight=91.6878 25.1763 3.57019 2.43237 66.5116 34.7596 21.2962 18.6996 18.0936 14.374 13.9173 6.75147 1.44154 7.16585
internal_count=2191 396 42 28 1795 987 697 646 629 488 482 202 68 280
is_linear=0
shrinkage=0.05


Tree=279
num_leaves=15
num_cat=0
split_feature=53 243 241 243 241 231 244 161 231 159 63 161 81 41
split_gain=0.887567 0.568949 0.909474 0.746415 0.997401 0.808577 1.29622 0.887002 0.740586 0.948015 0.739111 0.682409 0.91589 0.662814
threshold=1.0000000180025095e-35 1.5000000000000002 2.5000000000000004 1.0000000180025095e-35 1.0000000180025095e-35 1.0000000180025095e-35 1.0000000180025095e-35 1.0000000180025095e-35 1.0000000180025095e-35 1.0000000180025095e-35 1.0000000180025095e-35 1.0000000180025095e-35 1.0000000180025095e-35 1.0000000180025095e-35
decision_type=2 2 2 2 2 2 2 2 2 2 2 2 2 2
left_child=1 3 -3 4 5 -1 7 -7 -4 -10 -9 -8 -13 -6
right_child=-2 2 8 -5 13 6 11 10 9 -11 -12 12 -14 -15
leaf_value=0.0012827559537696687 0.054311493940583822 -0.01027265826482333 -0.052347556761073201 -0.008922155578505583 0.0055534615185452709 -0.0085929248981364195 -0.023771552051304191 -0.050812527620353293 0.059835388733923349 -0.015272299624586606 0.0012773090270453613 0.007836703896321056 0.10938611700361459 0.062542872134285263
leaf_weight=13.101136948913336 0.73621812899364059 1.8677194333286014 0.22118751239031587 25.359816803473223 36.870557886373717 4.3006837449502182 0.42460232321173019 3.4882267498178408 1.8974373177043165 0.5396149499574675 0.84619489219039667 0.4976268894970417 0.40093294996768236 0.517362174927256
leaf_count=395 37 93 7 542 761 90 21 63 145 23 5 14 8 7
internal_value=-0.00036551 -0.00081113 0.0164667 -0.00172246 0.00129807 -0.00688014 -0.0176193 -0.0246807 0.0352542 0.043205 -0.0406432 0.0284642 0.0531475 0.00634206
internal_weight=91.0693 90.3331 4.52596 85.8071 60.4473 23.0594 9.95827 8.63511 2.65824 2.43705 4.33442 1.32316 0.89856 37.3879
internal_count=2211 2174 268 1906 1364 596 201 158 175 168 68 43 22 768
is_linear=0
shrinkage=0.05


Tree=280
num_leaves=15
num_cat=0
split_feature=81 62 248 227 161 241 161 231 47 47 62 161 135 235
split_gain=1.65759 0.828397 1.48776 0.834579 0.896134 0.75198 0.655912 0.642707 1.47257 0.690007 0.607783 1.38876 0.686399 0.587566
threshold=1.0000000180025095e-35 1.0000000180025095e-35 1.0000000180025095e-35 1.0000000180025095e-35 1.0000000180025095e-35 1.0000000180025095e-35 1.0000000180025095e-35 1.5000000000000002 1.0000000180025095e-35 1.0000000180025095e-35 1.0000000180025095e-35 1.0000000180025095e-35 1.0000000180025095e-35 1.0000000180025095e-35
decision_type=2 2 2 2 2 2 2 2 2 2 2 2 2 2
left_child=1 2 3 4 -1 -4 -3 9 -9 -8 11 12 -2 -12
right_child=10 6 5 -5 -6 -7 7 8 -10 -11 13 -13 -14 -15
leaf_value=-0.024071536109153611 0.006020536082003424 0.0064379934154134488 -0.048009408311245227 -0.045563638182123084 0.031715243311553641 0.031792456757149805 -0.00730012590773389 -0.021966922605229606 -0.17342019093365724 0.051172295778600288 0.0022236244361489607 0.075148693830957167 0.053400654597523328 0.048236962546084027
leaf_weight=4.4385100798681361 7.3283371048746595 11.10149081883719 0.35420278599485699 3.8720448648091406 0.85921671707183112 1.7722201696597037 21.954524789412979 1.5850706942001114 0.17857521900441486 0.51640225294977327 35.351726207489264 0.93949258764041665 0.85342592000961293 0.70768020431569212
leaf_count=106 94 480 19 66 19 34 634 146 10 22 555 7 3 12
internal_value=-0.000782008 -0.00739487 -0.0191815 -0.0279196 -0.0150237 0.0184997 -0.00362694 -0.00823753 -0.0373021 -0.00595638 0.00604331 0.0175739 0.0109627 0.00312665
internal_weight=91.8129 46.6323 11.2962 9.16977 5.29773 2.12642 35.3361 24.2346 1.76365 22.4709 45.1807 9.12126 8.18176 36.0594
internal_count=2207 1536 244 191 125 53 1292 812 156 656 671 104 97 567
is_linear=0
shrinkage=0.05


Tree=281
num_leaves=15
num_cat=0
split_feature=125 152 241 243 54 227 163 161 1 223 177 227 137 241
split_gain=0.704775 0.629067 0.645326 1.01115 0.605839 0.657578 0.570609 1.35095 0.549574 0.533077 0.86896 0.467312 1.89767 1.05262
threshold=1.0000000180025095e-35 1.0000000180025095e-35 2.5000000000000004 1.5000000000000002 1.0000000180025095e-35 1.0000000180025095e-35 1.0000000180025095e-35 1.0000000180025095e-35 1.0000000180025095e-35 1.0000000180025095e-35 1.0000000180025095e-35 1.0000000180025095e-35 1.0000000180025095e-35 1.0000000180025095e-35
decision_type=2 2 2 2 2 2 2 2 2 2 2 2 2 2
left_child=1 2 3 6 5 9 11 -8 -6 10 -2 -1 -13 -14
right_child=4 -3 -4 -5 8 -7 7 -9 -10 -11 -12 12 13 -15
leaf_value=0.0027923819454784217 -0.013418710425428446 -0.0086664696344350509 0.052829992708276888 -0.048492608485950967 0.051660637304635541 -0.055201526376390489 -0.033874608638087431 0.028442654470252522 -0.042977846361624571 -0.04925519680868759 0.072206306027895892 0.046232288794476883 -0.03519965595993213 -0.0041100101089531901
leaf_weight=35.304263284546323 6.8499895994609634 23.238749098083645 0.59677778580225904 1.0312055513495568 0.5746495814528324 1.1254820833128185 1.0747128827497352 4.5587145360768773 0.20926469145342708 0.96761457831598807 0.30970102900755581 1.4388393461704225 4.0824877308914429 8.1732053158339113
leaf_count=1013 215 527 16 38 37 52 22 35 5 34 15 22 104 82
internal_value=-0.00332226 -0.00174606 0.00111248 0.000558002 -0.0158071 -0.0193827 0.00148385 0.0165541 0.026397 -0.0144225 -0.0097149 -0.000248788 -0.00808887 -0.0144663
internal_weight=89.5357 79.499 56.2602 55.6634 10.0367 9.25279 54.6322 5.63343 0.783914 8.12731 7.15969 48.9988 13.6945 12.2557
internal_count=2217 1859 1332 1316 358 316 1278 57 42 264 230 1221 208 186
is_linear=0
shrinkage=0.05


Tree=282
num_leaves=15
num_cat=0
split_feature=244 54 130 135 243 62 35 220 159 227 137 231 137 220
split_gain=1.00545 0.64851 1.05259 0.429068 0.574488 0.392197 0.507766 0.387901 0.379891 0.41046 1.16559 0.862899 1.70575 0.758713
threshold=1.5000000000000002 1.0000000180025095e-35 1.0000000180025095e-35 1.0000000180025095e-35 1.0000000180025095e-35 1.0000000180025095e-35 1.0000000180025095e-35 1.0000000180025095e-35 1.0000000180025095e-35 1.0000000180025095e-35 1.0000000180025095e-35 1.0000000180025095e-35 1.0000000180025095e-35 1.0000000180025095e-35
decision_type=2 2 2 2 2 2 2 2 2 2 2 2 2 2
left_child=1 5 -3 4 -2 6 -1 -4 9 11 -11 12 13 -7
right_child=3 2 7 -5 -6 8 -8 -9 -10 10 -12 -13 -14 -15
leaf_value=-0.0010730512677338986 -0.0039806007893276162 0.052779962774098327 -0.013082937784932518 0.013112631556925367 -0.033859934270367341 -0.0048000852961562332 -0.036739949892585548 0.050940724849774958 0.014556846144360883 0.037887349657762137 0.0044535239852578224 0.0050085792334368159 -0.051204720056641756 0.067922922412407313
leaf_weight=14.608071744907644 3.0875858319923273 1.7610291085293275 1.4153405651741193 1.1913920370861886 3.3586800227494678 4.8079166880343136 1.07102818065323 0.28406342773814697 9.4710725785698724 2.8883920040243565 26.743488192936638 17.902135479853314 2.2859019137686118 0.38756339997053135
leaf_count=245 42 120 81 14 110 123 25 67 362 92 299 456 161 5
internal_value=0.00291189 0.00449791 0.0256906 -0.0144538 -0.0195485 0.00358311 -0.00350943 -0.00238108 0.00530757 0.00371528 0.00771251 -0.000950959 -0.0152115 0.000624779
internal_weight=91.2637 83.626 3.46043 7.63766 6.44627 80.1656 15.6791 1.6994 64.4865 55.0154 29.6319 25.3835 7.48138 5.19548
internal_count=2202 2036 268 166 152 1768 270 148 1498 1136 391 745 289 128
is_linear=0
shrinkage=0.05


Tree=283
num_leaves=15
num_cat=0
split_feature=202 236 204 128 137 130 231 94 63 231 227 216 230 107
split_gain=0.955508 0.813055 0.619631 0.962289 0.711846 0.545018 0.506601 0.470692 0.558657 0.396658 0.874771 0.715613 0.388103 0.373367
threshold=1.0000000180025095e-35 1.0000000180025095e-35 1.0000000180025095e-35 1.0000000180025095e-35 1.0000000180025095e-35 1.0000000180025095e-35 2.5000000000000004 1.0000000180025095e-35 1.0000000180025095e-35 1.0000000180025095e-35 1.0000000180025095e-35 1.0000000180025095e-35 1.5000000000000002 1.0000000180025095e-35
decision_type=2 2 2 2 2 2 2 2 2 2 2 2 2 2
left_child=2 5 6 4 -4 -2 7 8 13 11 -11 -10 -7 -1
right_child=1 -3 3 -5 -6 12 -8 -9 9 10 -12 -13 -14 -15
leaf_value=-0.0010817486363202164 -0.035481676935572574 0.029921532999653444 0.06321587337077976 -0.044868563825787341 0.0052848243698538182 0.0084144622446890131 0.054522074744952159 -0.052072294069518965 0.015314905130313961 0.01063425861010556 -0.036410164885147998 0.08359726945867188 -0.029447800212726322 0.037444028307355291
leaf_weight=64.935931974279811 3.6773305523674926 0.82475448958575714 1.2768433644814647 0.40373659570468579 0.90692742425017048 1.7369630353059622 0.44267061250138695 0.41739468835294147 5.7022003908641619 5.6286678926553577 1.1985495956614611 0.41139134019613255 1.1089202260482123 0.63503854349255462
leaf_count=1637 56 19 73 11 21 14 75 23 138 56 22 4 30 16
internal_value=0.00041908 -0.0168536 0.00196764 0.0260462 0.0391569 -0.0227675 0.00118268 0.000883533 0.00116506 0.0106591 0.00237539 0.0199097 -0.00633886 -0.000708636
internal_weight=89.3073 7.34797 81.9594 2.58751 2.18377 6.52321 79.3718 78.9292 78.5118 12.9408 6.82722 6.11359 2.84588 65.571
internal_count=2195 119 2076 105 94 100 1971 1896 1873 220 78 142 44 1653
is_linear=0
shrinkage=0.05


Tree=284
num_leaves=15
num_cat=0
split_feature=14 241 221 234 200 107 52 37 244 222 229 230 201 81
split_gain=0.657005 0.530911 0.498651 0.489904 0.467243 0.456414 0.46176 0.739942 1.54201 0.45499 0.383471 0.450379 1.22528 0.965777
threshold=1.0000000180025095e-35 5.5000000000000009 1.0000000180025095e-35 1.5000000000000002 1.0000000180025095e-35 1.0000000180025095e-35 1.0000000180025095e-35 1.0000000180025095e-35 1.0000000180025095e-35 1.0000000180025095e-35 1.0000000180025095e-35 1.5000000000000002 1.0000000180025095e-35 1.0000000180025095e-35
decision_type=2 2 2 2 2 2 2 2 2 2 2 2 2 2
left_child=1 5 9 -4 -3 6 10 8 -8 -2 11 -1 13 -13
right_child=2 4 3 -5 -6 -7 7 -9 -10 -11 -12 12 -14 -15
leaf_value=0.0037221098362354935 0.0043007197292701032 0.052878797662607439 -0.047335635530978748 0.037179362270322508 -0.059038559849259667 -0.041454792327230344 0.050311797694536788 0.0092957868194678481 -0.11072758729158463 0.03219024614461858 0.050862059356222206 0.016176628715553004 0.012764364171867779 -0.038531164069196919
leaf_weight=73.224100509134587 2.2336597923422223 0.81558360952476405 0.52550718188285817 0.25451362400781363 0.10529879480600357 0.60243586869910259 0.2125058309175063 0.73541726684197783 0.49468431854620576 4.2351058781641768 0.41150596713123277 1.0475130437989699 3.7041515642777085 3.5092851780209458
leaf_count=1560 38 126 21 10 1 23 27 15 11 30 31 101 93 110
internal_value=0.00355765 0.00232349 0.0180062 -0.0197592 0.0400815 0.00190926 0.00222273 -0.0258195 -0.0623363 0.02256 0.00271669 0.00247355 -0.0085935 -0.025955
internal_weight=92.1113 84.8625 7.24879 0.780021 0.920882 83.9416 83.3392 1.44261 0.70719 6.46877 81.8966 81.4851 8.26095 4.5568
internal_count=2197 2098 99 31 127 1971 1948 53 38 68 1895 1864 304 211
is_linear=0
shrinkage=0.05


Tree=285
num_leaves=15
num_cat=0
split_feature=139 227 136 231 54 244 243 127 223 237 204 198 159 231
split_gain=0.599154 0.504562 1.37795 0.835831 0.724761 0.5689 1.13887 1.30785 0.529746 0.871382 0.877142 0.580428 0.573633 0.823722
threshold=1.0000000180025095e-35 1.0000000180025095e-35 1.0000000180025095e-35 1.0000000180025095e-35 1.0000000180025095e-35 1.0000000180025095e-35 1.0000000180025095e-35 1.0000000180025095e-35 1.0000000180025095e-35 1.0000000180025095e-35 1.0000000180025095e-35 1.0000000180025095e-35 1.0000000180025095e-35 1.0000000180025095e-35
decision_type=2 2 2 2 2 2 2 2 2 2 2 2 2 2
left_child=1 2 8 -3 5 6 -5 -8 11 10 12 -1 -10 -14
right_child=-2 3 -4 4 -6 -7 7 -9 9 -11 -12 -13 13 -15
leaf_value=-0.00068250792132369393 -0.040152275673224741 0.015440942139533224 0.062366416356073956 -0.00052731119369585637 0.050606185626768413 0.006509898001473894 -0.058547624543255551 0.010220580212742074 -0.026094078398012473 0.038247881542796978 -0.091942676118072789 -0.051832316685152452 0.052860214631485984 -0.034409213145375588
leaf_weight=40.458689482336922 0.88778670629835588 13.406315607018767 0.8086375713464794 11.134178734093444 0.69677753667201514 13.026441647154568 2.0138673083856693 1.0528504997491839 4.1399783601518712 0.64229288238857396 0.42894365242682386 0.56233531422912975 0.6160629056394098 0.48190363962203264
leaf_count=1174 40 192 11 111 157 215 26 6 123 51 11 59 17 12
internal_value=0.000721114 0.00112669 -0.00235249 0.00517901 0.000252272 -0.00103634 -0.00795848 -0.0349385 -0.00345822 -0.0169463 -0.0232021 -0.00138369 -0.0175729 0.0145572
internal_weight=90.3571 89.4693 48.1388 41.3304 27.9241 27.2273 14.2009 3.06672 47.3302 6.30918 5.66689 41.021 5.23794 1.09797
internal_count=2205 2165 1458 707 515 358 143 32 1447 214 163 1233 152 29
is_linear=0
shrinkage=0.05


Tree=286
num_leaves=15
num_cat=0
split_feature=53 225 71 139 52 37 128 233 222 125 241 238 130 159
split_gain=0.763627 0.464916 0.457739 0.437549 0.369632 0.592916 0.413625 0.597748 0.505151 0.567603 1.30052 0.504842 0.458942 0.489523
threshold=1.0000000180025095e-35 1.0000000180025095e-35 1.0000000180025095e-35 1.0000000180025095e-35 1.0000000180025095e-35 1.0000000180025095e-35 1.0000000180025095e-35 1.0000000180025095e-35 1.0000000180025095e-35 1.0000000180025095e-35 1.0000000180025095e-35 1.0000000180025095e-35 1.0000000180025095e-35 1.0000000180025095e-35
decision_type=2 2 2 2 2 2 2 2 2 2 2 2 2 2
left_child=1 2 3 4 6 -6 7 11 9 12 -11 -1 13 -9
right_child=-2 -3 -4 -5 5 -7 -8 8 -10 10 -12 -13 -14 -15
leaf_value=0.0039705997148342673 0.053979119631270424 0.033637275163251906 -0.029353544528576005 -0.033695793710191234 -0.051285774039623311 0.010683894045132388 -0.022448315599149768 0.050945598124854843 0.050900936546375758 -0.062525365532903554 0.051413828747372728 -0.027361033031141666 -0.0057700744482453966 -0.0016356441947467293
leaf_weight=76.783334968611598 0.75052864762255822 1.2480329647660244 1.0861457670398511 0.79165037799975735 0.77943761134520062 0.76465988124255091 1.4435196203849034 1.5710649265674872 1.1042790321080245 0.65199196338653542 0.40664574364200234 1.307563152629881 0.93193018744932477 0.61627289419993747
leaf_count=1433 43 13 148 35 35 19 70 142 173 18 25 16 22 14
internal_value=0.00375489 0.00333365 0.00290504 0.00330707 0.00364627 -0.0205975 0.00408763 0.00454707 0.0208254 0.012876 -0.0187588 0.00344598 0.0236124 0.0361311
internal_weight=90.2371 89.4865 88.2385 87.1524 86.3607 1.5441 84.8166 83.3731 5.28218 4.17791 1.05864 78.0909 3.11927 2.18734
internal_count=2206 2163 2150 2002 1967 54 1913 1843 394 221 43 1449 178 156
is_linear=0
shrinkage=0.05


Tree=287
num_leaves=15
num_cat=0
split_feature=52 241 78 216 243 225 231 137 107 211 233 139 130 0
split_gain=1.22849 0.983374 0.633698 0.592862 0.518001 0.482203 0.468517 0.422784 0.382333 0.386885 0.77483 0.294329 0.316538 1.18111
threshold=1.0000000180025095e-35 5.5000000000000009 1.0000000180025095e-35 1.0000000180025095e-35 1.5000000000000002 1.0000000180025095e-35 1.5000000000000002 1.0000000180025095e-35 1.0000000180025095e-35 1.0000000180025095e-35 1.0000000180025095e-35 1.0000000180025095e-35 1.0000000180025095e-35 1.0000000180025095e-35
decision_type=2 2 2 2 2 2 2 2 2 2 2 2 2 2
left_child=1 2 3 5 -2 8 -5 -8 9 11 -11 12 -1 -14
right_child=4 -3 -4 6 -6 -7 7 -9 -10 10 -12 -13 13 -15
leaf_value=-0.0064320404936063467 0.052694053648109557 0.052777281826435797 0.027476569193233664 -0.05471073893550419 -0.0046251638081427305 0.024318274142209089 -0.041864096235586151 0.03229241259975809 -0.047688162805015359 -0.040602869564913054 0.052179366420411134 -0.033500322097756288 0.0098818754812332876 -0.04390392484559822
leaf_weight=68.519002185457794 1.3549613440409292 0.7425397807819526 1.474918721243738 1.0847469740547229 0.55585597350727756 1.3833379843272258 0.37347847275668744 0.39599130908027291 0.53233199194073577 0.32023572316393145 0.75677524319326039 0.93272792614879918 8.3451619348779751 1.1629335341858684
leaf_count=1552 54 128 21 32 7 14 14 8 20 16 38 31 210 44
internal_value=-0.003633 -0.00451379 -0.00501262 -0.0055844 0.0360199 -0.00495183 -0.0335425 -0.00370102 -0.00545439 -0.00517349 0.0245917 -0.00557949 -0.00524572 0.00330334
internal_weight=87.935 86.0242 85.2816 83.8067 1.91082 81.9525 1.85422 0.76947 80.5692 80.0368 1.07701 78.9598 78.0271 9.5081
internal_count=2189 2128 2000 1979 61 1925 54 22 1911 1891 54 1837 1806 254
is_linear=0
shrinkage=0.05


Tree=288
num_leaves=15
num_cat=0
split_feature=233 227 211 159 231 161 12 248 219 220 0 81 243 152
split_gain=0.978882 0.925133 0.626612 0.649856 0.95451 1.19461 1.05948 1.30403 1.04462 0.461536 0.427369 0.642803 0.332535 0.565666
threshold=1.0000000180025095e-35 1.0000000180025095e-35 1.0000000180025095e-35 1.0000000180025095e-35 1.5000000000000002 1.0000000180025095e-35 1.0000000180025095e-35 1.0000000180025095e-35 1.0000000180025095e-35 1.0000000180025095e-35 1.0000000180025095e-35 1.0000000180025095e-35 1.5000000000000002 1.0000000180025095e-35
decision_type=2 2 2 2 2 2 2 2 2 2 2 2 2 2
left_child=12 2 3 4 8 -6 7 -7 -2 -10 11 -9 -1 -14
right_child=1 -3 -4 -5 5 6 -8 10 9 -11 -12 -13 13 -15
leaf_value=-0.0014236255077253776 0.047372929666030877 0.042795498691396379 0.051946899879799981 -0.036977552388324009 0.052645674930742938 -0.093094127156035614 0.052168847303045496 -0.0279709190599742 0.0083135740204909984 -0.061455219818994225 -0.071100739655607301 0.052480647178000418 -0.0088453250276304025 0.03579459947002319
leaf_weight=75.682011193915969 2.1787918806949147 2.3971826960805629 0.71704087231773872 0.89349564583972085 0.57577517835306968 0.76390033116331402 0.35529197810683388 0.64189726111362666 0.85939171735662989 0.32732446238514967 0.23784249614982389 0.40489679461461492 1.2798294661333776 1.5929613662883639
leaf_count=1416 110 318 40 14 52 21 43 25 27 22 5 40 46 22
internal_value=0.0011148 0.0155666 0.00736206 0.00294558 0.00856741 -0.012043 -0.0275375 -0.0413615 0.0268145 -0.0109303 -0.0105991 0.0031475 -0.000789817 0.0159075
internal_weight=88.9076 10.3528 7.95565 7.23861 6.34511 2.9796 2.40383 2.04854 3.36551 1.18672 1.28464 1.04679 78.5548 2.87279
internal_count=2201 717 399 359 345 186 134 91 159 49 70 65 1484 68
is_linear=0
shrinkage=0.05


Tree=289
num_leaves=15
num_cat=0
split_feature=159 161 136 244 206 201 222 137 244 242 137 241 241 62
split_gain=1.00972 1.58797 1.23319 1.02548 0.798442 0.732533 1.02623 1.69447 0.784848 0.73056 0.870016 1.41585 2.18319 1.31818
threshold=1.0000000180025095e-35 1.0000000180025095e-35 1.0000000180025095e-35 1.5000000000000002 1.0000000180025095e-35 1.0000000180025095e-35 1.0000000180025095e-35 1.0000000180025095e-35 1.0000000180025095e-35 1.0000000180025095e-35 1.0000000180025095e-35 1.5000000000000002 5.5000000000000009 1.0000000180025095e-35
decision_type=2 2 2 2 2 2 2 2 2 2 2 2 2 2
left_child=1 2 3 5 9 6 7 -1 -7 10 11 -3 -13 -12
right_child=-2 4 -4 -5 -6 8 -8 -9 -10 -11 13 12 -14 -15
leaf_value=0.08112069915802593 -0.011670571866477903 -0.032474949890252125 -0.060449285602666547 0.068717266823363307 0.058741011735249198 -0.038294599443625614 -0.028552437025186679 0.014009872201643273 0.022715141377347675 0.0022749659476755352 0.034930852836633657 0.036365514360099681 -0.13115771236725349 -0.0089013154350993211
leaf_weight=0.99578224803555571 20.574821180547588 7.5014621703885513 0.57725645788013835 0.81230010243598272 0.49434489011764426 1.410499691293807 1.2832325196359295 16.962168897967786 0.84171221149153996 19.03904462292121 1.9458169904537506 1.6289774815959388 0.22085007693385694 14.475723420880968
leaf_count=32 552 183 6 14 3 21 50 399 6 578 29 66 26 238
internal_value=-0.00196232 0.000966968 0.0117033 0.0135706 -0.00445567 0.0114864 0.0146445 0.0177312 -0.0154936 -0.00515283 -0.0106399 -0.0228137 0.016365 -0.00370757
internal_weight=88.764 68.1892 22.883 22.3057 45.3062 21.4934 19.2412 17.958 2.25221 44.8119 25.7728 9.35129 1.84983 16.4215
internal_count=2203 1651 528 522 1123 508 481 431 27 1120 542 275 92 267
is_linear=0
shrinkage=0.05


Tree=290
num_leaves=15
num_cat=0
split_feature=63 244 231 81 241 0 220 219 241 16 223 220 222 201
split_gain=0.735877 0.880701 1.64615 0.980821 1.15589 1.11687 1.88028 0.868273 1.68895 1.68792 0.687275 1.19429 1.07528 1.02908
threshold=1.0000000180025095e-35 1.0000000180025095e-35 1.0000000180025095e-35 1.0000000180025095e-35 5.5000000000000009 1.0000000180025095e-35 1.0000000180025095e-35 1.0000000180025095e-35 2.5000000000000004 1.0000000180025095e-35 1.0000000180025095e-35 1.0000000180025095e-35 1.0000000180025095e-35 1.0000000180025095e-35
decision_type=2 2 2 2 2 2 2 2 2 2 2 2 2 2
left_child=1 7 -3 4 -4 10 -7 9 -9 -1 11 12 -5 -12
right_child=-2 2 3 5 -6 6 -8 8 -10 -11 13 -13 -14 -15
leaf_value=0.0025208826132320471 0.0074179267764890814 -0.030221750999293969 0.020462168852963702 0.0029492369769000483 -0.062416310800143718 -0.063589503790650662 0.013905247333287041 -0.048379844316388705 0.020501748614537723 0.071281793017585707 -0.031930802527262818 -0.018257845713202509 0.04810624658352939 0.060190164777660274
leaf_weight=33.133452346984996 21.560273907613009 7.3203115070937228 5.6146851323719629 3.9515112506342138 0.45477779270004237 2.1198144915979347 1.2409677138202826 2.2446563215926285 1.4745044669834895 0.91720449877902765 2.9319712034339314 3.6762700160034001 1.9782662369107127 0.33812309995118983
leaf_count=659 356 372 233 60 69 19 44 44 47 37 96 119 31 4
internal_value=-0.000622415 -0.00319454 -0.00964805 -0.00289636 0.0142522 -0.00930659 -0.0349746 0.00186761 -0.0210709 0.00437306 -0.00260702 0.00413283 0.0180143 -0.0224056
internal_weight=88.9568 67.3965 29.6267 22.3064 6.06946 16.2369 3.36078 37.7698 3.71916 34.0507 12.8761 9.60605 5.92978 3.27009
internal_count=2190 1834 1047 675 302 373 63 787 91 696 310 210 91 100
is_linear=0
shrinkage=0.05


Tree=291
num_leaves=15
num_cat=0
split_feature=135 54 143 241 241 231 107 248 161 233 231 166 130 241
split_gain=2.1949 1.47706 1.17681 0.592762 0.894388 0.668674 1.05245 0.619233 0.496809 0.51483 0.468977 0.663975 0.613068 0.569003
threshold=1.0000000180025095e-35 1.0000000180025095e-35 1.0000000180025095e-35 1.5000000000000002 2.5000000000000004 1.5000000000000002 1.0000000180025095e-35 1.0000000180025095e-35 1.0000000180025095e-35 1.0000000180025095e-35 1.0000000180025095e-35 1.0000000180025095e-35 1.0000000180025095e-35 3.5000000000000004
decision_type=2 2 2 2 2 2 2 2 2 2 2 2 2 2
left_child=1 3 -3 5 -5 -1 7 8 9 -7 -6 13 -13 -12
right_child=-2 2 -4 4 10 6 -8 -9 -10 -11 11 12 -14 -15
leaf_value=0.0078493127060669313 -0.071940333984767776 0.046869942190845726 -0.06890983217724965 -0.026931774170887365 0.011513308243211812 -0.043744549673301915 0.053178281536948584 -0.0054445149981134332 -0.073749782709095282 0.050943587748398703 0.031619871842292778 -0.04048299747863255 0.017187828658729126 -0.013032311459741201
leaf_weight=53.118191143061267 0.9447520561516275 2.9307833507082246 0.23723938362672914 3.3226132814888869 7.119985866360369 0.48920125886797838 0.53035093750804652 2.2375872487900779 0.80341721046715975 0.20317299925955012 0.76193748810328621 0.51248186550219443 4.5718124775303295 11.213445284258341
leaf_count=1266 25 277 6 104 58 11 10 66 12 23 12 25 122 160
internal_value=0.0038652 0.00467855 0.0381997 0.00342748 -0.00260783 0.00632012 -0.0127308 -0.0220936 -0.0469994 -0.0159589 0.000734608 -0.00376396 0.0113748 -0.0101913
internal_weight=88.997 88.0522 3.16802 84.8842 27.5023 57.3819 4.26373 3.73338 1.49579 0.692374 24.1797 17.0597 5.08429 11.9754
internal_count=2177 2152 283 1869 481 1388 122 112 46 34 377 319 147 172
is_linear=0
shrinkage=0.05


Tree=292
num_leaves=15
num_cat=0
split_feature=201 14 243 236 231 231 0 107 211 233 237 231 223 16
split_gain=0.640988 0.617365 0.437758 1.54267 1.07149 0.535009 0.412342 0.395521 0.430525 0.504264 0.415917 0.383498 0.376455 1.07365
threshold=1.0000000180025095e-35 1.0000000180025095e-35 1.0000000180025095e-35 1.0000000180025095e-35 1.5000000000000002 1.0000000180025095e-35 1.0000000180025095e-35 1.0000000180025095e-35 1.0000000180025095e-35 1.0000000180025095e-35 1.0000000180025095e-35 1.0000000180025095e-35 1.0000000180025095e-35 1.0000000180025095e-35
decision_type=2 2 2 2 2 2 2 2 2 2 2 2 2 2
left_child=7 2 6 4 5 -4 11 8 10 -10 -1 -2 13 -12
right_child=1 -3 3 -5 -6 -7 -8 -9 9 -11 12 -13 -14 -15
leaf_value=0.0037209982721634876 -0.015708051815480833 0.0085342080464683619 -0.010698675370231992 0.021807296789059558 0.051683383376135254 -0.061307198997094609 -0.027400436747541081 -0.039167287676430115 -0.02348861852780746 0.052037082500348414 -0.0058988902074683146 0.0044414959158094449 0.01341638318729026 -0.092154794592140737
leaf_weight=62.488491124182474 3.5790028274059331 5.1292352349846615 0.66409583389759053 1.3113635245681505 0.27965320015209716 2.4444195637479424 1.9584509384585551 0.54891367023810644 0.29385929787531384 0.89148362280684523 1.360703161255514 6.9412102679925738 0.74032321046979621 0.4909257277031428
leaf_count=1609 32 32 6 74 57 58 14 21 13 56 55 109 61 11
internal_value=0.000650564 -0.00668804 -0.0112332 -0.0242396 -0.0420617 -0.0504953 -0.00633499 0.0031007 0.00345083 0.0333134 0.00290693 -0.00241343 -0.0167192 -0.0287681
internal_weight=89.1221 22.3074 17.1782 4.69953 3.38817 3.10852 12.4787 66.8147 66.2658 1.18534 65.0804 10.5202 2.59195 1.85163
internal_count=2208 382 350 195 121 64 155 1826 1805 69 1736 141 127 66
is_linear=0
shrinkage=0.05


Tree=293
num_leaves=15
num_cat=0
split_feature=244 195 139 248 216 78 242 241 47 233 220 202 125 223
split_gain=1.00038 0.616312 0.51692 0.442647 0.454309 0.559677 0.48158 0.704774 1.15143 0.852731 0.771592 0.665885 0.557316 2.80077
threshold=1.5000000000000002 1.0000000180025095e-35 1.0000000180025095e-35 1.5000000000000002 1.0000000180025095e-35 1.0000000180025095e-35 1.0000000180025095e-35 1.5000000000000002 1.0000000180025095e-35 1.0000000180025095e-35 1.0000000180025095e-35 1.0000000180025095e-35 1.0000000180025095e-35 1.0000000180025095e-35
decision_type=2 2 2 2 2 2 2 2 2 2 2 2 2 2
left_child=1 2 3 4 6 -6 7 8 9 10 12 -8 -1 -14
right_child=-2 -3 -4 -5 5 -7 11 -9 -10 -11 -12 -13 13 -15
leaf_value=0.0045324335107599471 -0.01608396443318692 -0.04765671403945107 -0.034348718393263991 0.048254676869584442 -0.038590907693317827 0.01667179352343157 0.0080239123035102753 -0.0070344883500519364 -0.043623804236331915 0.052553750273142852 -0.05524541013417214 0.044265867751125065 0.011576828806388263 0.17866565982911353
leaf_weight=32.789111412595958 7.548230495362076 0.59748800238594313 0.90108166905701992 0.55444084297778218 1.3506173135247075 0.69335545226931561 21.228052029873655 16.766008530888939 1.1683949852595095 0.99058967083692451 0.51476281695067783 1.3478808617219318 2.6864788867533202 0.2766209163237362
leaf_count=799 151 19 33 24 43 4 584 285 32 68 12 24 99 8
internal_value=0.00133322 0.00293915 0.00331113 0.00373338 0.0034241 -0.0198447 0.00403567 0.00151922 0.00525137 0.0067841 0.00553395 0.0101877 0.00640906 0.0271754
internal_weight=89.4131 81.8649 81.2674 80.3663 79.8119 2.04397 77.7679 55.192 38.426 37.2576 36.267 22.5759 35.7522 2.9631
internal_count=2185 2034 2015 1982 1958 47 1911 1303 1018 986 918 608 906 107
is_linear=0
shrinkage=0.05


Tree=294
num_leaves=15
num_cat=0
split_feature=198 223 241 242 206 63 243 37 248 37 204 236 71 163
split_gain=1.05293 1.14765 1.33046 1.01046 0.496608 0.4714 0.616032 0.687705 0.406051 0.394732 0.452071 0.318302 0.303053 0.406989
threshold=1.0000000180025095e-35 1.0000000180025095e-35 4.5000000000000009 1.0000000180025095e-35 1.0000000180025095e-35 1.0000000180025095e-35 1.5000000000000002 1.0000000180025095e-35 1.5000000000000002 1.0000000180025095e-35 1.0000000180025095e-35 1.0000000180025095e-35 1.0000000180025095e-35 1.0000000180025095e-35
decision_type=2 2 2 2 2 2 2 2 2 2 2 2 2 2
left_child=1 2 8 -3 12 6 7 -5 9 10 -1 -11 -4 -14
right_child=-2 3 4 5 -6 -7 -8 -9 -10 11 -12 -13 13 -15
leaf_value=0.0068622498204136744 -0.035129170414413054 -0.037340165228599558 -0.0085681278783688794 -0.026892275924611349 0.035881109616521314 0.014134926765535486 0.036655520102054653 0.039781251487506358 0.047854069754277598 -0.044131710715570115 0.039110597665703573 0.0031536770679967806 -0.0614300511056175 0.050272521559565887
leaf_weight=57.754806587312487 1.9859034339897323 3.20272256125463 16.604673250170897 3.6010633707919624 0.61478205770254035 2.4697544788941741 0.55046964541543264 0.43328996156924393 0.60953607450937752 0.67319252784363814 1.1075963770563237 0.7550955088227056 0.525824858006671 0.0965118402709777
leaf_count=1385 68 92 266 104 6 31 31 23 10 25 34 15 42 72
internal_value=0.000878785 0.00168226 0.0037315 -0.0140492 -0.00827616 -0.00347525 -0.0129615 -0.0197315 0.00724936 0.00683885 0.00746906 -0.0191333 -0.009852 -0.0441072
internal_weight=90.9852 88.9993 78.742 10.2573 17.8418 7.05458 4.58482 4.03435 60.9002 60.2907 58.8624 1.42829 17.227 0.622337
internal_count=2204 2136 1855 281 386 189 158 127 1469 1459 1419 40 380 114
is_linear=0
shrinkage=0.05


Tree=295
num_leaves=15
num_cat=0
split_feature=55 222 249 244 163 126 219 233 225 194 238 236 81 241
split_gain=0.418961 0.413603 0.668669 0.456632 0.419703 0.384815 0.414392 0.551729 0.458717 0.371726 0.89236 0.717098 0.592051 1.76152
threshold=1.0000000180025095e-35 1.0000000180025095e-35 1.0000000180025095e-35 1.5000000000000002 1.0000000180025095e-35 1.0000000180025095e-35 1.0000000180025095e-35 1.0000000180025095e-35 1.0000000180025095e-35 1.0000000180025095e-35 1.0000000180025095e-35 1.0000000180025095e-35 1.0000000180025095e-35 1.0000000180025095e-35
decision_type=2 2 2 2 2 2 2 2 2 2 2 2 2 2
left_child=1 5 -3 9 -5 -1 7 -7 -8 12 11 -11 13 -4
right_child=-2 2 3 4 -6 6 8 -9 -10 10 -12 -13 -14 -15
leaf_value=0.003872878407645608 0.051833640543185934 -0.051572695738571643 -0.032297690074795549 0.025213744275915707 -0.01748059317670481 -0.055474754037097798 0.02040859533008961 0.021530907525149415 -0.033567131617127474 -0.081541401808207958 0.061549182567294837 -0.010898614487602746 -0.010839924485588216 0.077479461331501409
leaf_weight=72.04525011676742 0.41874596542038389 0.77208274835720381 0.70814779959618845 2.132283958490008 0.78848464635666449 0.93980233510956079 1.1176928079221395 0.30911289760842919 0.60762299597263347 0.69286470086080931 0.22801329563662864 0.74605542424251325 6.523908227623906 0.75507933269545902
leaf_count=1599 123 49 21 31 22 25 28 17 4 39 6 63 126 39
internal_value=0.00193886 0.00170243 -0.00640746 -0.00363436 0.0136881 0.00314528 -0.0144795 -0.0364155 0.00139938 -0.00887514 -0.0303516 -0.0449143 -0.00439295 0.0243514
internal_weight=88.7851 88.3664 13.3469 12.5748 2.92077 75.0195 2.97423 1.24892 1.72532 9.65407 1.66693 1.43892 7.98714 1.46323
internal_count=2192 2069 396 347 53 1673 74 42 32 294 108 102 186 60
is_linear=0
shrinkage=0.05


Tree=296
num_leaves=15
num_cat=0
split_feature=71 41 163 1 233 248 128 223 54 80 230 152 62 202
split_gain=0.615072 0.518525 0.450648 0.579758 0.35376 0.311548 0.424939 0.33959 0.640143 0.366189 0.330302 0.308849 0.32986 0.217946
threshold=1.0000000180025095e-35 1.0000000180025095e-35 1.0000000180025095e-35 1.0000000180025095e-35 1.5000000000000002 1.5000000000000002 1.0000000180025095e-35 1.0000000180025095e-35 1.0000000180025095e-35 1.0000000180025095e-35 1.5000000000000002 1.0000000180025095e-35 1.0000000180025095e-35 1.0000000180025095e-35
decision_type=2 2 2 2 2 2 2 2 2 2 2 2 2 2
left_child=5 2 3 -2 -4 6 7 9 10 13 11 -9 -13 -1
right_child=1 -3 4 -5 -6 -7 -8 8 -10 -11 -12 12 -14 -15
leaf_value=0.00050611530494655197 -0.12928910338357399 0.025428672517892416 -0.056485147719939399 -0.025367022327280376 0.050351619766999978 0.038006005017941685 -0.030437484929711458 0.010223282244543309 0.058849720725052596 -0.04497047865494664 0.031016162827550198 0.00080484604893736795 -0.033651409985682348 -0.010203869758098227
leaf_weight=72.768889041159127 0.30185046448605024 0.25681038268521661 0.16973772225901484 0.24164231974282302 0.14255968705037958 0.55095857720880204 1.111087702855001 5.3281570192193559 0.60953342018183398 0.45928306644782324 1.1687682458432398 2.424068503081799 0.97356629627756763 5.081925844307988
leaf_count=1672 13 39 3 26 69 32 49 136 28 12 23 17 18 85
internal_value=6.75629e-05 -0.036882 -0.0555805 -0.0830843 -0.00771556 0.000521937 0.000292278 0.000676715 0.00911854 -0.000455625 0.00605495 0.00271154 -0.00906833 -0.000193008
internal_weight=91.5888 1.1126 0.85579 0.543493 0.312297 90.4762 89.9253 88.8142 10.5041 78.3101 9.89456 8.72579 3.39763 77.8508
internal_count=2222 150 111 39 72 2072 2040 1991 222 1769 194 171 35 1757
is_linear=0
shrinkage=0.05


Tree=297
num_leaves=15
num_cat=0
split_feature=202 53 139 232 206 194 0 81 0 222 227 125 137 198
split_gain=0.747393 0.871169 0.829659 0.529467 0.476793 0.491597 2.51958 0.735087 0.581949 0.675837 0.476161 1.1565 1.38024 1.0565
threshold=1.0000000180025095e-35 1.0000000180025095e-35 1.0000000180025095e-35 1.0000000180025095e-35 1.0000000180025095e-35 1.0000000180025095e-35 1.0000000180025095e-35 1.0000000180025095e-35 1.0000000180025095e-35 1.0000000180025095e-35 1.0000000180025095e-35 1.0000000180025095e-35 1.0000000180025095e-35 1.0000000180025095e-35
decision_type=2 2 2 2 2 2 2 2 2 2 2 2 2 2
left_child=1 2 3 4 5 8 7 -7 10 -10 -1 12 -12 -14
right_child=-2 -3 -4 -5 -6 6 -8 -9 9 -11 11 -13 13 -15
leaf_value=0.00051368103805812327 0.01423667226455147 0.054563256577961232 -0.05517156473605031 0.054706254554467752 0.045037036887979276 -0.019766270210032619 -0.080870305468535283 0.007977647278845942 0.030291335071717662 -0.0015263094740708401 0.03627543199030063 -0.067756686540745403 -0.018226212037070765 0.022894586538906844
leaf_weight=45.080658709470299 8.3478197170334152 0.68734964210307126 0.72610826505115156 0.41708601080608687 0.54011051449924607 4.0961705982044769 1.1818028351990513 5.7235078634730598 3.1608107313513747 3.5360500426613726 1.6670656912319781 0.81355888780672181 10.610325319226829 1.8316762298345572
leaf_count=1351 127 36 28 35 5 168 23 52 25 36 39 46 196 8
internal_value=-4.94459e-07 -0.00148477 -0.00197006 -0.00147895 -0.00177846 -0.00210388 -0.0118965 -0.00359542 -0.000488694 0.0134911 -0.00204895 -0.00979058 -0.00644813 -0.0121725
internal_weight=88.4201 80.0723 79.3849 78.6588 78.2417 77.7016 11.0015 9.81968 66.7001 6.69686 60.0033 14.9226 14.1091 12.442
internal_count=2175 2048 2012 1984 1949 1944 243 220 1701 61 1640 289 243 204
is_linear=0
shrinkage=0.05


Tree=298
num_leaves=15
num_cat=0
split_feature=204 241 63 62 136 244 227 230 41 231 223 130 130 152
split_gain=0.487698 0.690405 0.48774 0.497556 0.439196 0.404104 1.05224 0.577132 0.726108 0.925755 0.639183 0.579423 0.549577 0.545216
threshold=1.0000000180025095e-35 4.5000000000000009 1.0000000180025095e-35 1.0000000180025095e-35 1.0000000180025095e-35 1.0000000180025095e-35 1.0000000180025095e-35 1.0000000180025095e-35 1.0000000180025095e-35 1.0000000180025095e-35 1.0000000180025095e-35 1.0000000180025095e-35 1.0000000180025095e-35 1.0000000180025095e-35
decision_type=2 2 2 2 2 2 2 2 2 2 2 2 2 2
left_child=2 -2 3 -1 -5 6 -4 8 9 10 -7 -9 -10 -11
right_child=1 -3 5 4 -6 7 -8 11 12 13 -12 -13 -14 -15
leaf_value=-0.046346005884446838 0.039931961137926117 -0.024536826658536414 0.0068195042606162166 0.00034318492635414006 0.028855447584119343 0.037737128259876546 -0.055483113607874404 -0.05382996593929186 0.066319514444489122 -0.054931088167849279 -0.0028673548031941877 0.007071575445578536 0.015660401902241678 0.0037936185656992057
leaf_weight=0.56118718162178893 1.8505554161674802 0.53544304735987669 8.0197226570453495 65.485960575402714 1.3790687569417048 3.0984965749084932 0.74026126414537508 0.50010394630953592 1.3634696989320221 0.63626763969659772 1.4103709645569322 1.7828739031683654 0.88148697011638422 1.0433963454561308
leaf_count=13 64 40 142 1732 15 31 14 14 17 13 16 47 11 21
internal_value=0.00316326 0.0254645 0.00255096 0.000537753 0.000931241 0.00952055 0.00155463 0.0160321 0.0220693 0.0132328 0.0250361 -0.00626938 0.0464281 -0.0184517
internal_weight=89.2887 2.386 86.9027 67.4262 66.865 19.4764 8.75998 10.7165 8.43349 6.18853 4.50887 2.28298 2.24496 1.67966
internal_count=2190 104 2086 1760 1747 326 156 170 109 81 47 61 28 34
is_linear=0
shrinkage=0.05


Tree=299
num_leaves=15
num_cat=0
split_feature=16 248 230 37 244 219 244 0 196 228 161 35 125 62
split_gain=1.0071 0.933651 0.767275 0.799204 0.852876 0.616102 0.495873 0.556445 0.670418 0.427574 0.392595 0.388622 0.386152 0.897487
threshold=1.0000000180025095e-35 1.0000000180025095e-35 1.0000000180025095e-35 1.0000000180025095e-35 1.0000000180025095e-35 1.0000000180025095e-35 1.0000000180025095e-35 1.0000000180025095e-35 1.0000000180025095e-35 1.0000000180025095e-35 1.0000000180025095e-35 1.0000000180025095e-35 1.0000000180025095e-35 1.0000000180025095e-35
decision_type=2 2 2 2 2 2 2 2 2 2 2 2 2 2
left_child=9 -2 3 4 5 -3 -4 -8 -9 12 -10 -6 -1 -14
right_child=1 2 6 -5 11 -7 7 8 10 -11 -12 -13 13 -15
leaf_value=0.0062529891616864668 0.065524668013775336 0.050451249373382259 -0.035924832252680027 0.0086181738645415614 -0.11394168411383182 -0.043905215505859838 0.011354170214347745 0.043134312832461857 -0.0087330196779277659 0.049164704542000871 -0.074669623062876694 -0.052847903304705048 0.05710836156027678 -0.010052460104130558
leaf_weight=71.636372081673471 0.36787831829860529 0.23655072867404681 1.1031007878846137 0.66913429211126629 0.55613973177969456 0.64396465010941029 3.5093654334777966 0.25837043405044802 0.38051664567319676 0.55441491905366902 0.55505216202436714 0.48932790965773165 0.53396132722264145 7.2717372217157381
leaf_count=1480 3 29 53 14 10 7 220 11 13 71 25 11 10 243
internal_value=0.00364433 -0.0124412 -0.0158551 -0.0384568 -0.0548118 -0.0185563 -0.00575343 0.00132289 -0.0281622 0.00540766 -0.0478517 -0.0853469 0.00510229 -0.00545822
internal_weight=88.7659 8.7694 8.40152 2.59512 1.92598 0.880515 5.80641 4.7033 1.19394 79.9965 0.935569 1.04547 79.4421 7.8057
internal_count=2200 396 393 71 57 36 322 269 49 1804 38 21 1733 253
is_linear=0
shrinkage=0.05


end of trees

feature_importances:
k_QUINOLONE=314
k_BETA-LACTAM=223
k_CEPHALOSPORIN=160
k_TETRACYCLINE=144
emrD=135
mdtM=135
blaTEM-1=130
k_STREPTOMYCIN=121
k_SULFONAMIDE=102
uhpT_E350Q=95
k_TRIMETHOPRIM=93
marR_S3N=78
cyaA_S352T=75
sul1=66
blaCMY-2=63
dfrA17=63
k_CHLORAMPHENICOL=62
tet(A)=61
aac(3)-IId=60
mph(A)=59
blaEC-5=58
blaSHV-1=58
blaEC=55
ptsI_V25I=54
aadA5=53
blaOXA-1=53
tet(B)=52
k_AMOXICILLIN-CLAVULANIC_ACID=51
tet(D)=50
k_CARBAPENEM=50
parE_I529L=48
k_GENTAMICIN=47
blaCTX-M-15=46
sul2=46
blaCTX-M-27=44
gyrA_D87N=44
gyrA_S83L=44
parE_D475E=43
dfrA8=41
parE_S458A=41
aph(3'')-Ib=38
aadA2=36
dfrA7=36
dfrA14=35
sat2=35
k_AZITHROMYCIN=35
aph(6)-Id=33
catA1=33
dfrA1=32
cirA_E211KfsTer2=31
aadA1=30
k_NITROFURAN=29
ampC_T-32A=26
parC_E84V=26
cirA_Q56Ter=25
nfsA_Q67Ter=25
blaTEMp_C32T=24
erm(B)=24
blaCTX-M-14=23
aac(3)-IIe=22
parC_S80I=22
k_rule=22
pmrB_V161G=21
k_COLISTIN=20
dfrA5=19
blaCTX-M-1=18
parC_S57T=18
parE_I355T=18
blaCTX-M-55=17
mrx(A)=16
qnrS1=16
k_KANAMYCIN=16
dfrA12=15
parE_L416F=15
sul3=15
floR=13
parC_A56T=12
cirA_W243Ter=10
aac(3)-VIa=8
acrF=8
aph(3')-Ia=8
aac(6')-Ib-cr5=7
blaTEM=7
blaKPC-3=6
gyrA_S83A=6
parC_E84G=6
k_NITROFURANTOIN=4
k_PIPERACILLIN-TAZOBACTAM=4
cirA_E450AfsTer30=3
gyrA_D87Y=3
k_TICARCILLIN-CLAVULANIC_ACID=3
catB3=2
estX-3=2
blaDHA-1=1
cmlA1=1
qnrB4=1
tet(M)=1
k_AMIKACIN=1

parameters:
[boosting: gbdt]
[objective: binary]
[metric: binary_logloss]
[tree_learner: serial]
[device_type: cpu]
[data_sample_strategy: bagging]
[data: ]
[valid: ]
[num_iterations: 300]
[learning_rate: 0.05]
[num_leaves: 15]
[num_threads: 12]
[seed: 0]
[deterministic: 0]
[force_col_wise: 0]
[force_row_wise: 0]
[histogram_pool_size: -1]
[max_depth: -1]
[min_data_in_leaf: 10]
[min_sum_hessian_in_leaf: 0.001]
[bagging_fraction: 0.8]
[pos_bagging_fraction: 1]
[neg_bagging_fraction: 1]
[bagging_freq: 1]
[bagging_seed: 3]
[bagging_by_query: 0]
[feature_fraction: 0.8]
[feature_fraction_bynode: 1]
[feature_fraction_seed: 2]
[extra_trees: 0]
[extra_seed: 6]
[early_stopping_round: 0]
[early_stopping_min_delta: 0]
[first_metric_only: 0]
[max_delta_step: 0]
[lambda_l1: 0]
[lambda_l2: 0]
[linear_lambda: 0]
[min_gain_to_split: 0]
[drop_rate: 0.1]
[max_drop: 50]
[skip_drop: 0.5]
[xgboost_dart_mode: 0]
[uniform_drop: 0]
[drop_seed: 4]
[top_rate: 0.2]
[other_rate: 0.1]
[min_data_per_group: 100]
[max_cat_threshold: 32]
[cat_l2: 10]
[cat_smooth: 10]
[max_cat_to_onehot: 4]
[top_k: 20]
[monotone_constraints: ]
[monotone_constraints_method: basic]
[monotone_penalty: 0]
[feature_contri: ]
[forcedsplits_filename: ]
[refit_decay_rate: 0.9]
[cegb_tradeoff: 1]
[cegb_penalty_split: 0]
[cegb_penalty_feature_lazy: ]
[cegb_penalty_feature_coupled: ]
[path_smooth: 0]
[interaction_constraints: ]
[verbosity: -1]
[saved_feature_importance_type: 0]
[use_quantized_grad: 0]
[num_grad_quant_bins: 4]
[quant_train_renew_leaf: 0]
[stochastic_rounding: 1]
[linear_tree: 0]
[max_bin: 255]
[max_bin_by_feature: ]
[min_data_in_bin: 3]
[bin_construct_sample_cnt: 200000]
[data_random_seed: 1]
[is_enable_sparse: 1]
[enable_bundle: 1]
[use_missing: 1]
[zero_as_missing: 0]
[feature_pre_filter: 1]
[pre_partition: 0]
[two_round: 0]
[header: 0]
[label_column: ]
[weight_column: ]
[group_column: ]
[ignore_column: ]
[categorical_feature: ]
[forcedbins_filename: ]
[precise_float_parser: 0]
[parser_config_file: ]
[objective_seed: 5]
[num_class: 1]
[is_unbalance: 0]
[scale_pos_weight: 1]
[sigmoid: 1]
[boost_from_average: 1]
[reg_sqrt: 0]
[alpha: 0.9]
[fair_c: 1]
[poisson_max_delta_step: 0.7]
[tweedie_variance_power: 1.5]
[lambdarank_truncation_level: 30]
[lambdarank_norm: 1]
[label_gain: ]
[lambdarank_position_bias_regularization: 0]
[eval_at: ]
[multi_error_top_k: 1]
[auc_mu_weights: ]
[num_machines: 1]
[local_listen_port: 12400]
[time_out: 120]
[machine_list_filename: ]
[machines: ]
[gpu_platform_id: -1]
[gpu_device_id: -1]
[gpu_device_id_list: ]
[gpu_use_dp: 0]
[num_gpu: 1]

end of parameters

pandas_categorical:[]
