tree
version=v4
num_class=1
num_tree_per_iteration=1
label_index=0
max_feature_idx=204
objective=binary sigmoid:1
feature_names=aac(3)-IId aac(3)-IIe aac(3)-IIg aac(3)-IVa aac(3)-VIa aac(6')-IIc aac(6')-Ib aac(6')-Ib' aac(6')-Ib-cr aac(6')-Ib-cr5 aac(6')-Ib3 aac(6')-Ib4 aac(6')-Il aadA1 aadA16 aadA2 aadA5 acrR_V165I acrR_Y114F ant(2'')-Ia aph(3'')-Ib aph(3')-Ia aph(3')-VI aph(3')-VIb aph(4)-Ia aph(6)-Id armA arr arr-2 arr-3 blaCARB-2 blaCMY-16 blaCMY-4 blaCMY-6 blaCTX-M blaCTX-M-14 blaCTX-M-15 blaCTX-M-2 blaCTX-M-3 blaCTX-M-55 blaDHA blaDHA-1 blaKPC-2 blaKPC-3 blaLAP blaLAP-2 blaNDM-1 blaNDM-5 blaNDM-7 blaOKP-B-6 blaOXA blaOXA-1 blaOXA-10 blaOXA-181 blaOXA-2 blaOXA-232 blaOXA-48 blaOXA-9 blaSHV blaSHV-1 blaSHV-11 blaSHV-12 blaSHV-14 blaSHV-168 blaSHV-187 blaSHV-207 blaSHV-26 blaSHV-27 blaSHV-28 blaSHV-2A blaSHV-30 blaSHV-31 blaSHV-32 blaSHV-33 blaSHV-36 blaSHV-38 blaSHV-41 blaSHV-5 blaSHV-52 blaSHV-60 blaSHV-7 blaSHV-71 blaSHV-75 blaSHV-76 blaSHV-77 blaSHV-80 blaSHV_C-112A blaTEM blaTEM-1 blaVIM-1 ble bleO catA1 catA2 catB catB11 catB3 cmlA cmlA1 cmlA5 dfrA1 dfrA12 dfrA14 dfrA15 dfrA17 dfrA19 dfrA27 dfrA30 dfrA5 dfrA50 dfrA7 emrD ere(A) erm(B) estX-3 floR fosA fosA10 fosA5 fosA7 gyrA_D87A gyrA_D87G gyrA_D87N gyrA_D87Y gyrA_S83F gyrA_S83I gyrA_S83Y mcr-9.1 mgrB_Q30Ter mgrB_W20Ter mph(A) mph(E) mrx(A) msr(E) nfsB_E102Ter ompK35_E132K ompK35_E42RfsTer47 ompK35_F300LfsTer25 ompK35_G134AfsTer11 ompK35_G208VfsTer5 ompK35_G62AfsTer1 ompK35_P255QfsTer5 ompK35_Q273Ter ompK35_R60LfsTer31 ompK35_T96PfsTer7 ompK35_Y108TerfsTer0 ompK36_D135DD ompK36_D135DGD ompK36_T136TDT oqxA oqxA10 oqxA11 oqxA3 oqxB oqxB14 oqxB19 oqxB20 oqxB25 oqxB32 oqxB5 oqxR_D95E parC_E84K parC_S80I pmrB_T157P qnrA1 qnrB qnrB1 qnrB19 qnrB2 qnrB4 qnrB6 qnrB9 qnrS1 ramR_A19V ramR_L60CfsTer13 rmtB1 rmtC rmtF rmtF1 sat2 sul1 sul2 sul3 tet(A) tet(B) tet(D) k_AMIKACIN k_AZITHROMYCIN k_BETA-LACTAM k_CARBAPENEM k_CEPHALOSPORIN k_CHLORAMPHENICOL k_COLISTIN k_GENTAMICIN k_KANAMYCIN k_NITROFURAN k_NITROFURANTOIN k_QUINOLONE k_STREPTOMYCIN k_SULFONAMIDE k_TETRACYCLINE k_TIGECYCLINE k_TOBRAMYCIN k_TRIMETHOPRIM k_rule
feature_infos=[0:1] [0:1] none [0:1] none none [0:1] none none [0:1] [0:1] none none [0:1] [0:1] [0:1] none none none none [0:1] [0:1] [0:1] none none [0:1] [0:1] none [0:1] [0:1] none none none none none [0:1] [0:1] none none none none none [0:1] [0:1] none [0:1] [0:1] none none none [0:1] [0:1] none [0:1] none [0:1] [0:1] [0:1] [0:1] [0:1] [0:1] [0:1] none none [0:1] none [0:1] [0:1] [0:1] none none none none none none none none none none none none none none none none none [0:1] [0:1] [0:1] none [0:1] none [0:1] [0:1] [0:1] none [0:1] none [0:1] [0:1] [0:1] [0:1] [0:1] none none none [0:1] none none [0:1] none none [0:1] [0:1] [0:1] [0:1] [0:1] [0:1] none none [0:1] [0:1] [0:1] none [0:1] [0:1] [0:1] none none none [0:1] [0:1] [0:1] [0:1] none [0:1] [0:1] none none none none none none none [0:1] none none [0:1] [0:1] [0:1] [0:1] [0:1] none [0:1] none [0:1] [0:1] [0:1] [0:1] [0:1] none [0:1] [0:1] none none none [0:1] none none none none none [0:1] [0:1] none none none none [0:1] [0:1] [0:1] [0:1] [0:1] [0:1] none [0:1] [0:4] [0:3] [0:14] [0:5] [0:6] [0:4] [0:2] [0:3] [0:5] [0:1] [0:1] [0:6] [0:5] [0:2] [0:3] [0:3] [0:3] [0:3] [0:1]
tree_sizes=1432 1772 1773 1767 1781 1778 1781 1776 1780 1769 1775 1775 1779 1778 1781 1779 1781 1782 1771 1777 1770 1772 1768 1771 1785 1782 1771 1782 1770 1773 1773 1774 1779 1765 1770 1779 1774 1778 1769 1784 1783 1776 1763 1769 1775 1774 1773 1771 1765 1775 1779 1784 1760 1763 1780 1769 1785 1784 1766 1775 1791 1783 1789 1788 1776 1773 1783 1782 1782 1777 1799 1787 1784 1772 1770 1786 1776 1791 1776 1779 1769 1773 1783 1778 1796 1796 1788 1800 1776 1782 1785 1800 1789 1776 1766 1809 1796 1811 1782 1784 1780 1782 1799 1791 1803 1787 1802 1786 1800 1792 1791 1795 1805 1798 1801 1800 1808 1796 1794 1788 1807 1803 1783 1797 1784 1797 1790 1805 1798 1814 1791 1786 1794 1785 1793 1798 1792 1797 1791 1790 1777 1790 1803 1794 1777 1806 1796 1792 1793 1820 1783 1796 1792 1790 1791 1792 1780 1810 1794 1799 1777 1798 1803 1803 1801 1801 1796 1788 1801 1800 1805 1805 1809 1802 1792 1798 1798 1794 1794 1815 1807 1803 1800 1806 1797 1802 1820 1812 1798 1806 1798 1788 1811 1808 1813 1798 1797 1684 1816 1796 1819 1800 1792 1804 1810 1811 1792 1819 1809 1813 1813 1822 1795 1812 1808 1801 1803 1806 1811 1812 1812 1834 1800 1819 1802 1814 1825 1818 1812 1821 1814 1805 1800 1809 1816 1793 1819 1797 1804 1816 1820 1793 1825 1805 1813 1818 1803 1798 1827 1813 1816 1799 1829 1802 1812 1804 1804 1593 1810 1801 1813 1824 1810 1815 1822 1801 1813 1688 1826 1821 1817 1814 1717 1814 1799 1805 1830 1830 1822 1822 1820 1809 1817 1812 1811 1827 1810 1822 1830 1821 1807 1827 1837 1830 1830 1808 1810 1828 1817 1825

Tree=0
num_leaves=12
num_cat=0
split_feature=197 190 155 186 203 93 117 150 155 153 0
split_gain=208.655 22.2394 16.6359 3.72226 2.85598 1.00583 0.487216 0.546954 0.466526 0.137651 1.42109e-14
threshold=1.0000000180025095e-35 1.0000000180025095e-35 1.0000000180025095e-35 1.0000000180025095e-35 1.0000000180025095e-35 1.0000000180025095e-35 1.0000000180025095e-35 1.0000000180025095e-35 1.0000000180025095e-35 1.0000000180025095e-35 1.0000000180025095e-35
decision_type=2 2 2 2 2 2 2 2 2 2 2
left_child=4 2 3 -2 6 10 7 8 9 -1 -3
right_child=1 5 -4 -5 -6 -7 -8 -9 -10 -11 -12
leaf_value=-0.090162477471142685 0.011794848302954452 0.099999977611913912 -0.08861621061799746 0.099999977611913898 -0.050839411842569189 0.070562324238130095 -0.10000002238808609 -0.10000002238808609 -0.065709814608899034 -0.080748874773357765 0.099999977611913926
leaf_weight=6.9231004416942676 2.1322274357080451 25.369601055979732 2.9913667291402817 2.724252462387085 6.2342269271612158 3.1944359540939322 6.5825688838958731 4.7018349170684806 3.9723475575447074 8.8444482535123825 6.2998338192701331
leaf_count=16 9 149 7 16 19 17 14 10 11 22 37
internal_value=0.00475239 0.080185 0.0041401 0.0612737 -0.0817206 0.0973027 -0.0879261 -0.0846744 -0.081024 -0.0848821 0.1
internal_weight=79.9702 42.7117 7.84785 4.85648 37.2585 34.8639 31.0243 24.4417 19.7399 15.7675 31.6694
internal_count=327 235 32 25 92 203 73 59 49 38 186
is_linear=0
shrinkage=1


Tree=1
num_leaves=15
num_cat=0
split_feature=188 135 188 153 203 59 155 116 153 186 200 188 203 120
split_gain=232.856 13.2813 12.0838 1.78296 0.55558 0.0959742 0.0800902 0.0587128 0.0192171 0.0021756 0.00181928 0.00268853 0.000751748 0.000137241
threshold=2.5000000000000004 1.0000000180025095e-35 1.5000000000000002 1.0000000180025095e-35 1.0000000180025095e-35 1.0000000180025095e-35 1.0000000180025095e-35 1.0000000180025095e-35 1.0000000180025095e-35 1.0000000180025095e-35 1.0000000180025095e-35 4.5000000000000009 1.0000000180025095e-35 1.0000000180025095e-35
decision_type=2 2 2 2 2 2 2 2 2 2 2 2 2 2
left_child=2 9 4 -4 5 6 7 -1 -9 10 11 -2 -11 -14
right_child=1 -3 3 -5 -6 -7 -8 8 -10 12 -12 -13 13 -15
leaf_value=-0.095286616434934648 0.098634028792599415 -0.034034589456384552 0.010797353194609331 -0.039662059412217135 -0.074170361075225136 -0.0856105590409314 -0.096417235178937299 -0.090760230166878786 -0.08706734381804887 0.096170502108930037 0.095422283852517706 0.095989024021582367 0.095327039441088571 0.095724980821822903
leaf_weight=4.6903191804885909 1.7001688778400414 2.0883252322673789 3.1081795245409003 4.0082351863384247 5.8477497398853293 6.9073697328567496 7.9816690087318412 6.7394689619541168 7.381178617477417 3.2272963970899609 2.5480387955904007 2.2089820206165314 24.28915706276894 2.3788375407457343
leaf_count=10 10 7 13 13 15 16 17 15 17 19 15 13 143 14
internal_value=-0.00253832 0.0885854 -0.0776038 -0.0176233 -0.088397 -0.0908657 -0.0922205 -0.0904398 -0.0888299 0.0956295 0.0964618 0.0971394 0.0954498 0.0953625
internal_weight=85.105 38.4408 46.6642 7.11641 39.5478 33.7 26.7926 18.811 14.1206 36.3525 6.45719 3.90915 29.8953 26.668
internal_count=337 221 116 26 90 75 59 42 32 214 38 23 176 157
is_linear=0
shrinkage=0.05


Tree=2
num_leaves=15
num_cat=0
split_feature=188 199 190 204 20 116 150 153 60 197 189 93 193 181
split_gain=201.632 5.36167 2.95418 0.706694 0.37866 0.112893 0.144743 0.135774 0.0333209 0.00193042 0.00157796 0.00138869 0.00024102 0.000377941
threshold=2.5000000000000004 1.0000000180025095e-35 1.0000000180025095e-35 1.0000000180025095e-35 1.0000000180025095e-35 1.0000000180025095e-35 1.0000000180025095e-35 1.0000000180025095e-35 1.0000000180025095e-35 1.5000000000000002 1.0000000180025095e-35 1.0000000180025095e-35 1.0000000180025095e-35 1.0000000180025095e-35
decision_type=2 2 2 2 2 2 2 2 2 2 2 2 2 2
left_child=1 3 -2 5 -3 -1 7 8 -7 10 -4 12 13 -11
right_child=2 4 9 -5 -6 6 -8 -9 -10 11 -12 -13 -14 -15
leaf_value=-0.091370645676287485 0.044091567882148075 -0.022215696800149135 0.091538407791128484 -0.062786918951348969 -0.045710180290229836 -0.081812045973704672 -0.091367715932206328 -0.07456763595546359 -0.086639559450656281 0.091112376321295527 0.093306729870896277 0.092350153822178371 0.091119501227788557 0.091995872712649807
leaf_weight=4.6598650813102749 3.6426264792680731 3.7001712769269934 2.699936479330062 4.4162840396165839 3.1965094804763794 9.3838012367487007 4.1938486993312827 5.646636337041854 5.773797094821929 2.6983306109905305 2.3680950105190277 2.8746569752693167 21.249711528420448 2.1952680498361588
leaf_count=10 18 13 16 12 10 22 9 14 13 16 14 17 126 13
internal_value=0.0034905 -0.0733096 0.0868906 -0.081447 -0.033105 -0.0842257 -0.0828938 -0.0811856 -0.0836509 0.0914643 0.0923647 0.0913071 0.0911924 0.0915087
internal_weight=78.6995 40.9709 37.7286 34.0742 6.89668 29.6579 24.9981 20.8042 15.1576 34.086 5.06803 29.018 26.1433 4.8936
internal_count=323 103 220 80 23 68 58 49 35 202 30 172 155 29
is_linear=0
shrinkage=0.05


Tree=3
num_leaves=15
num_cat=0
split_feature=197 204 204 88 202 198 203 59 153 190 36 93 60 183
split_gain=158.098 15.4832 4.59484 2.48533 3.75494 1.5698 0.536455 0.299356 0.241452 0.0071548 0.00285384 0.000570564 0.000261236 0.000232918
threshold=1.0000000180025095e-35 1.0000000180025095e-35 1.0000000180025095e-35 1.0000000180025095e-35 1.0000000180025095e-35 2.5000000000000004 1.0000000180025095e-35 1.0000000180025095e-35 1.0000000180025095e-35 1.0000000180025095e-35 1.0000000180025095e-35 1.0000000180025095e-35 1.0000000180025095e-35 1.0000000180025095e-35
decision_type=2 2 2 2 2 2 2 2 2 2 2 2 2 2
left_child=2 -2 6 4 -3 10 7 8 12 -5 -6 13 -1 -11
right_child=1 3 -4 9 5 -7 -8 -9 -10 11 -12 -13 -14 -15
leaf_value=-0.088352635893825041 -0.033597837466890948 0.018783681683808406 -0.031415983190360854 0.09062615278483975 0.08998291083132097 0.034051149810020206 -0.0634799635616103 -0.071585518519300437 -0.077985007170381565 0.087525408918897527 0.087635558422239579 0.088614909534596151 -0.088806495771729999 0.087875886123753799
leaf_weight=7.391701608896259 3.348795384168624 3.7566894739866248 6.0461895167827597 2.3569767326116589 1.6777134537696818 1.6385296136140821 4.867791458964347 6.0468545109033576 9.2971024215221405 12.844140842556959 5.6736809611320496 1.6745526194572438 5.551857590675354 7.513594761490821
leaf_count=16 11 17 20 14 10 8 13 15 22 77 34 10 12 45
internal_value=6.90321e-05 0.0693713 -0.0715017 0.0786567 0.0607644 0.0783072 -0.0788117 -0.08145 -0.084132 0.0880078 0.0881713 0.0877277 -0.0885473 0.0876548
internal_weight=79.6862 40.4847 39.2015 37.1359 12.7466 8.98992 33.1553 28.2875 22.2407 24.3893 7.35139 22.0323 12.9436 20.3577
internal_count=324 226 98 215 69 52 78 65 50 146 44 132 28 122
is_linear=0
shrinkage=0.05


Tree=4
num_leaves=15
num_cat=0
split_feature=197 204 204 93 190 187 203 59 153 186 20 25 60 6
split_gain=153.526 14.2122 4.18865 2.54135 2.52806 3.20761 0.771292 0.320953 0.0858513 0.00675605 0.00454371 0.000232219 0.000224923 0.00015872
threshold=1.0000000180025095e-35 1.0000000180025095e-35 1.0000000180025095e-35 1.0000000180025095e-35 1.0000000180025095e-35 1.0000000180025095e-35 1.0000000180025095e-35 1.0000000180025095e-35 1.0000000180025095e-35 1.0000000180025095e-35 1.0000000180025095e-35 1.0000000180025095e-35 1.0000000180025095e-35 1.0000000180025095e-35
decision_type=2 2 2 2 2 2 2 2 2 2 2 2 2 2
left_child=2 -2 6 4 5 -3 7 8 12 10 -6 -11 -1 -13
right_child=1 3 -4 -5 9 -7 -8 -9 -10 11 -12 13 -14 -15
leaf_value=-0.085154286849395119 -0.031764218418190986 -0.0035246731221210631 -0.029176857225060016 0.034806668686444504 0.087859973025027668 0.086777645942030357 -0.060029324072775773 -0.069966166779088998 -0.079127107711168002 0.084382599911803829 0.084869667073389582 0.084800193769502985 -0.085583787538856718 0.084391571428173329
leaf_weight=7.7495820224285161 3.3394361436367026 1.9395260363817206 5.4013140201568595 3.426807925105094 2.8265998959541347 1.994797557592392 5.9245638102293006 6.4405557811260215 9.9410056471824646 13.319108992815018 2.3072843253612518 8.5662094503641111 5.0246080458164215 3.2888280600309381
leaf_count=17 11 8 18 17 17 12 16 16 23 81 14 52 11 20
internal_value=-0.00109094 0.0670957 -0.0701652 0.0758598 0.0799681 0.0422608 -0.0764761 -0.0798182 -0.0826116 0.084863 0.0865161 0.0845259 -0.0853232 0.0846868
internal_weight=81.4902 41.0086 40.4816 37.6692 34.2424 3.93432 35.0803 29.1558 22.7152 30.308 5.13388 25.1741 12.7742 11.855
internal_count=333 232 101 221 204 20 83 67 51 184 31 153 28 72
is_linear=0
shrinkage=0.05


Tree=5
num_leaves=15
num_cat=0
split_feature=188 135 199 204 116 60 155 153 197 200 190 93 88 25
split_gain=164.611 12.4812 6.42905 0.148266 0.135595 0.0897235 0.16328 0.0829005 0.00863608 0.00926095 0.00729587 0.0076103 0.000625673 0.000654054
threshold=2.5000000000000004 1.0000000180025095e-35 1.0000000180025095e-35 1.0000000180025095e-35 1.0000000180025095e-35 1.0000000180025095e-35 1.0000000180025095e-35 1.0000000180025095e-35 1.5000000000000002 1.0000000180025095e-35 1.0000000180025095e-35 1.0000000180025095e-35 1.0000000180025095e-35 1.0000000180025095e-35
decision_type=2 2 2 2 2 2 2 2 2 2 2 2 2 2
left_child=2 8 3 4 -1 7 -7 -6 9 -2 -10 12 13 -12
right_child=1 -3 -4 -5 5 6 -8 -9 10 -11 11 -13 -14 -15
leaf_value=-0.082473893491304448 0.086394656111845325 -0.048806995942319256 -0.020316177923126365 -0.065241952506501721 -0.074110881948337967 -0.071139938698888919 -0.083478283269114398 -0.066759431830180613 0.084842468610247163 0.08217536796769799 0.081844592080191861 0.084571665088649564 0.081593324231270831 0.082878507148099953
leaf_weight=5.3868708610534659 2.7940886616706839 1.9029817283153523 6.5373602211475363 4.1984752267599097 10.874499499797823 5.3086746037006396 5.4179768860340118 5.9239474087953559 2.4690929651260403 2.4329455494880676 5.503311336040503 2.632997825741767 18.422480404376984 2.1184274703264236
leaf_count=12 17 6 23 11 26 13 12 15 15 15 34 16 114 13
internal_value=0.00033442 0.0760194 -0.0660365 -0.0740905 -0.0752193 -0.0737996 -0.077372 -0.0715184 0.0825501 0.0844308 0.0822345 0.0820099 0.081751 0.082132
internal_weight=81.9241 38.2763 43.6478 37.1104 32.912 27.5251 10.7267 16.7984 36.3733 5.22703 31.1463 28.6772 26.0442 7.62174
internal_count=342 230 112 89 78 66 25 41 224 32 192 177 161 47
is_linear=0
shrinkage=0.05


Tree=6
num_leaves=15
num_cat=0
split_feature=197 204 93 204 190 153 203 149 202 20 198 88 193 60
split_gain=122.844 15.7594 2.57071 2.13063 0.813891 0.164942 0.124311 0.0484589 0.00946202 0.0152761 0.000415598 0.000982545 0.00114252 0.000168966
threshold=1.0000000180025095e-35 1.0000000180025095e-35 1.0000000180025095e-35 1.0000000180025095e-35 1.0000000180025095e-35 1.0000000180025095e-35 1.0000000180025095e-35 1.0000000180025095e-35 1.0000000180025095e-35 1.0000000180025095e-35 1.5000000000000002 1.0000000180025095e-35 1.0000000180025095e-35 1.0000000180025095e-35
decision_type=2 2 2 2 2 2 2 2 2 2 2 2 2 2
left_child=3 -2 4 5 -3 6 7 -1 9 -6 -10 -12 -13 -9
right_child=1 2 -4 -5 8 -7 -8 13 10 -11 11 12 -14 -15
leaf_value=-0.074355995555719367 -0.035255786921778214 0.051226244745597664 0.031236494092483382 -0.041553038016842056 0.085231002884125995 -0.067858160504705264 -0.06835261526826697 -0.079930361025065524 0.079111765017571667 0.079424332508273882 0.080408592022442313 0.080370647865778008 0.07911403969963629 -0.080357917404123055
leaf_weight=5.8953908681869516 3.7618151307106009 2.7381233423948315 3.3755468279123297 6.5446103662252417 1.9514552503824258 9.9983327537775057 4.3987966179847708 4.4045690596103668 8.5533658415079135 2.6994865238666534 2.7154895067214939 2.234047695994378 9.5039380788803083 4.8608946204185486
leaf_count=14 12 15 17 20 12 25 11 10 54 17 17 14 60 11
internal_value=-0.00151881 0.0618192 0.0726324 -0.0673667 0.0772295 -0.0730823 -0.0757527 -0.0778998 0.0798038 0.0818607 0.079388 0.0795515 0.0793532 -0.0801547
internal_weight=73.6359 37.5333 33.7715 36.1026 30.3959 29.558 19.5597 15.1609 27.6578 4.65094 23.0068 14.4535 11.738 9.26546
internal_count=309 218 206 91 189 71 46 35 174 29 145 91 74 21
is_linear=0
shrinkage=0.05


Tree=7
num_leaves=15
num_cat=0
split_feature=188 188 135 200 157 153 203 203 36 194 200 155 60 188
split_gain=143.404 5.91831 4.98956 1.2543 0.536328 0.456076 0.0176566 0.00993312 0.0128276 0.00696878 0.00417135 0.00101618 0.000907319 0.00104851
threshold=2.5000000000000004 1.5000000000000002 1.0000000180025095e-35 1.0000000180025095e-35 1.0000000180025095e-35 1.0000000180025095e-35 1.0000000180025095e-35 1.0000000180025095e-35 1.0000000180025095e-35 1.0000000180025095e-35 1.0000000180025095e-35 1.0000000180025095e-35 1.0000000180025095e-35 6.5000000000000009
decision_type=2 2 2 2 2 2 2 2 2 2 2 2 2 2
left_child=1 4 7 -3 5 6 11 8 -2 10 -9 -1 -11 -14
right_child=2 3 -4 -5 -6 -7 -8 9 -10 12 -12 -13 13 -15
leaf_value=-0.079152669743004292 0.08380508461524383 0.00098994221648801279 -0.0084171241548738913 -0.042942676123173706 -0.05589774866277062 -0.067377092813018818 -0.082088257617418725 0.081169580241499104 0.078084319612158309 0.077056079892045937 0.078039422196725564 -0.078270941637490432 0.077976037723556851 0.076916930984276391
leaf_weight=5.2431411445140848 1.6148108392953897 3.324033483862876 1.7610830813646305 3.1779791712760925 4.3953475803136817 13.143182262778284 4.9188470542430869 2.0690848827362087 2.4921592772006989 11.944861829280853 2.191844716668129 8.6728515028953552 8.2940354049205762 3.2535557895898828
leaf_count=12 10 13 7 10 12 33 11 13 16 77 14 20 53 21
internal_value=-0.00379787 -0.0644202 0.0735101 -0.0204829 -0.0722743 -0.0745252 -0.0795133 0.0780386 0.0803337 0.077699 0.0795594 -0.0786032 0.0773616 0.0776776
internal_weight=76.4968 42.8754 33.6214 6.50201 36.3734 31.978 18.8348 31.8604 4.10697 27.7534 4.26093 13.916 23.4925 11.5476
internal_count=322 111 211 23 88 76 43 204 26 178 27 32 151 74
is_linear=0
shrinkage=0.05


Tree=8
num_leaves=15
num_cat=0
split_feature=188 188 135 199 60 149 116 153 155 186 93 200 188 153
split_gain=129.814 4.93029 4.70545 0.694995 0.485079 0.45509 0.268785 0.0333666 0.0333327 0.00977353 0.00665005 0.00498846 0.00802295 0.00198414
threshold=2.5000000000000004 1.5000000000000002 1.0000000180025095e-35 1.0000000180025095e-35 1.0000000180025095e-35 1.0000000180025095e-35 1.0000000180025095e-35 1.0000000180025095e-35 1.0000000180025095e-35 1.0000000180025095e-35 1.0000000180025095e-35 1.0000000180025095e-35 4.5000000000000009 1.0000000180025095e-35
decision_type=2 2 2 2 2 2 2 2 2 2 2 2 2 2
left_child=1 4 9 -3 5 8 -7 -8 -1 11 -11 12 -2 -6
right_child=2 3 -4 -5 13 6 7 -9 -10 10 -12 -13 -14 -15
leaf_value=-0.076339169263327483 0.081052108397003178 -0.040843125236713969 -0.0081157712583029996 -0.0088278551178580002 -0.076790409680173144 -0.06915084612570073 -0.056488892037022537 -0.050409834855984603 -0.070388199659504588 0.075180483648808125 0.078263939300272575 0.075838798224724627 0.076316346185202569 -0.078158799169692442
leaf_weight=4.2494420409202558 1.901549607515338 2.9412240833044043 1.7620361447334278 4.0012078881263733 5.9723179936408979 4.4186201244592658 6.2473668605089205 3.5341944694519043 5.2728242725133896 24.095372900366787 1.8854202330112446 2.2914683073759079 1.6883961111307142 4.7607045471668243
leaf_count=10 12 9 7 15 14 11 17 10 13 159 12 15 11 11
internal_value=-0.00155684 -0.060832 0.0714223 -0.0223914 -0.0685774 -0.0645869 -0.0589159 -0.0542925 -0.0730439 0.0758209 0.0754042 0.0776614 0.0788248 -0.0773974
internal_weight=75.0221 41.3979 33.6242 6.94243 34.4555 23.7224 14.2002 9.78156 9.52227 31.8622 25.9808 5.88141 3.58995 10.733
internal_count=326 110 216 24 86 61 38 27 23 209 171 38 23 25
is_linear=0
shrinkage=0.05


Tree=9
num_leaves=15
num_cat=0
split_feature=188 188 135 60 157 59 155 60 194 190 93 88 197 198
split_gain=117.266 6.00601 4.43591 1.92499 0.0800345 0.15835 0.188603 0.0874758 0.00844362 0.00564464 0.00582042 0.00428821 0.000910427 3.01945e-05
threshold=2.5000000000000004 1.5000000000000002 1.0000000180025095e-35 1.0000000180025095e-35 1.0000000180025095e-35 1.0000000180025095e-35 1.0000000180025095e-35 1.0000000180025095e-35 1.0000000180025095e-35 1.0000000180025095e-35 1.0000000180025095e-35 1.0000000180025095e-35 1.5000000000000002 2.5000000000000004
decision_type=2 2 2 2 2 2 2 2 2 2 2 2 2 2
left_child=1 4 8 -3 5 6 7 -1 11 -10 12 -2 -11 -14
right_child=2 3 -4 -5 -6 -7 -8 -9 9 10 -12 -13 13 -15
leaf_value=-0.068726567318251094 0.077783514377021301 -0.03731843043369109 -0.0075867717552564997 0.015281689474363683 -0.060411218824556072 -0.061137317621818593 -0.075578207962015267 -0.059964515567134259 0.076561838374263003 0.07414568746943942 0.07614095812469053 0.07472386122960413 0.073077696931881694 0.073223658913433465
leaf_weight=9.175044998526575 1.8552928566932703 4.3850630819797507 1.7618970125913609 2.8829166740179062 4.5008447915315619 7.1693832725286475 8.391892671585083 4.1310282051563272 1.5369180738925958 2.3721317797899308 1.8423905074596394 2.991941899061203 15.745726794004442 4.5719300508499137
leaf_count=23 12 14 7 12 12 19 20 11 10 16 12 20 107 31
internal_value=-0.000935047 -0.0576416 0.069581 -0.0164541 -0.0666127 -0.0675797 -0.0697083 -0.0660063 0.0739787 0.0736224 0.0734382 0.075895 0.0732188 0.0731105
internal_weight=73.3144 40.6362 32.6782 7.26798 33.3682 28.8673 21.698 13.3061 30.9163 26.0691 24.5322 4.84723 22.6898 20.3177
internal_count=326 111 215 26 85 73 54 34 208 176 166 32 154 138
is_linear=0
shrinkage=0.05


Tree=10
num_leaves=15
num_cat=0
split_feature=188 188 135 200 203 116 150 60 153 197 200 93 190 88
split_gain=98.4379 5.34938 4.83369 0.594041 0.563673 0.126395 0.170624 0.265828 0.00989975 0.00948535 0.012709 0.00511594 0.00431496 0.000161608
threshold=2.5000000000000004 1.5000000000000002 1.0000000180025095e-35 1.0000000180025095e-35 1.0000000180025095e-35 1.0000000180025095e-35 1.0000000180025095e-35 1.0000000180025095e-35 1.0000000180025095e-35 1.5000000000000002 1.0000000180025095e-35 1.0000000180025095e-35 1.0000000180025095e-35 1.0000000180025095e-35
decision_type=2 2 2 2 2 2 2 2 2 2 2 2 2 2
left_child=1 4 9 -3 5 -1 7 8 -7 10 -2 12 -11 -14
right_child=2 3 -4 -5 -6 6 -8 -9 -10 11 -12 -13 13 -15
leaf_value=-0.073592968645212573 0.076911698117264282 0.0043923280984244232 -0.016911221534366069 -0.02727922256363027 -0.047780279300750669 -0.05413612594748185 -0.072703770540827967 -0.068465941707292713 -0.057507026862098923 0.073840118481859326 0.071719117552512757 0.074508645520306518 0.07175409197101025 0.071447210028544803
leaf_weight=3.6788595616817537 2.4172453731298509 3.297809123992919 1.5975040942430485 2.6867188960313797 5.8772059828042975 5.3301114886999184 4.036784201860427 7.0675913393497458 3.6831316649913788 2.2315371185541215 2.2992146015167236 1.8034076988697041 5.8976761251688012 15.737929746508598
leaf_count=9 16 13 6 9 17 15 10 18 10 15 16 12 41 110
internal_value=0.00417577 -0.0529498 0.0678627 -0.00982643 -0.0616468 -0.0650716 -0.0635133 -0.0612062 -0.0555136 0.0723195 0.0743804 0.0719408 0.0717468 0.0715309
internal_weight=67.6427 35.6582 31.9845 5.98453 29.6737 23.7965 20.1176 16.0808 9.01324 30.387 4.71646 25.6706 23.8671 21.6356
internal_count=317 101 216 22 79 62 53 43 25 210 32 178 166 151
is_linear=0
shrinkage=0.05


Tree=11
num_leaves=15
num_cat=0
split_feature=188 135 188 153 149 116 155 153 188 200 93 203 190 150
split_gain=95.6428 8.16514 4.05002 2.66803 0.326845 0.223962 0.247646 0.192948 0.00505625 0.00799071 0.0047855 0.00273425 0.00215213 0.00137603
threshold=2.5000000000000004 1.0000000180025095e-35 1.5000000000000002 1.0000000180025095e-35 1.0000000180025095e-35 1.0000000180025095e-35 1.0000000180025095e-35 1.0000000180025095e-35 3.5000000000000004 1.0000000180025095e-35 1.0000000180025095e-35 1.0000000180025095e-35 1.0000000180025095e-35 1.0000000180025095e-35
decision_type=2 2 2 2 2 2 2 2 2 2 2 2 2 2
left_child=2 8 4 -4 13 -6 7 -7 9 -2 11 -10 -13 -1
right_child=1 -3 3 -5 5 6 -8 -9 10 -11 -12 12 -14 -15
leaf_value=-0.07231341261501982 0.07539276617291836 -0.032251179726239927 0.015584864740765057 -0.047419121046663848 -0.071704172828705129 -0.046462035017402488 -0.066509951914025367 -0.059275120266217833 0.071872803204430652 0.070467226077178632 0.072635277987046096 0.07203536405872922 0.070031082791490035 -0.071050718981424399
leaf_weight=4.8002245128154772 1.5014487951994007 2.0588994473218909 2.882295385003089 4.0294211059808731 3.5626014471054104 5.0600769370794314 5.7510436922311774 7.0064484775066376 2.7023798376321855 1.8233716934919355 2.6290839910507193 1.444747850298884 18.357257828116417 3.9192309975624084
leaf_count=12 10 7 12 12 9 15 15 19 19 13 18 10 132 10
internal_value=-0.00162854 0.0639026 -0.0556613 -0.0211455 -0.0635871 -0.0602598 -0.0579715 -0.053902 0.0708591 0.0726915 0.0706167 0.0703809 0.0701773 -0.0717459
internal_weight=67.5285 30.5172 37.0113 6.91172 30.0996 21.3802 17.8176 12.0665 28.4583 3.32482 25.1335 22.5044 19.802 8.71946
internal_count=313 209 104 24 80 58 49 34 202 23 179 161 142 22
is_linear=0
shrinkage=0.05


Tree=12
num_leaves=15
num_cat=0
split_feature=197 190 194 93 203 117 150 59 155 186 20 153 162 193
split_gain=81.4499 8.19051 10.0149 2.50641 1.21859 0.478504 0.390765 0.737007 0.0952596 0.0217192 0.0221742 0.0191131 0.00316862 0.00468829
threshold=1.0000000180025095e-35 1.0000000180025095e-35 1.0000000180025095e-35 1.0000000180025095e-35 1.0000000180025095e-35 1.0000000180025095e-35 1.0000000180025095e-35 1.0000000180025095e-35 1.0000000180025095e-35 1.0000000180025095e-35 1.0000000180025095e-35 1.0000000180025095e-35 1.0000000180025095e-35 1.0000000180025095e-35
decision_type=2 2 2 2 2 2 2 2 2 2 2 2 2 2
left_child=4 2 -2 9 5 6 7 8 11 10 -3 -1 13 -11
right_child=1 3 -4 -5 -6 -7 -8 -9 -10 12 -12 -13 -14 -15
leaf_value=-0.056692401245602868 -0.05144060722521987 0.07612983569780081 0.078636458012183871 0.023042834180159191 -0.032153083539116306 -0.070341274376954699 -0.069742553540359964 -0.032008929173099644 -0.063572090227179218 0.072288103509165313 0.068760327844305733 -0.05274670838350351 0.068682461178250082 0.069244226407654583
leaf_weight=5.9669197797775393 3.6797232776880255 2.4383714348077836 2.4750245809555054 3.2385544627904883 5.1855153590440741 6.5561884343624106 3.8143237233161917 3.6618731021881095 3.9696672707796088 1.6768693625926978 1.7556795328855512 6.320038303732872 14.294604405760765 5.1507310420274734
leaf_count=17 11 17 17 18 17 17 10 12 11 12 13 18 106 38
internal_value=-0.00127024 0.0531837 0.000867617 0.06446 -0.05455 -0.0583844 -0.0550813 -0.0522737 -0.0568384 0.0697583 0.0730449 -0.0546629 0.0691057 0.0699918
internal_weight=70.1841 34.7096 6.15475 28.5548 35.4745 30.289 23.7328 19.9185 16.2566 25.3163 4.19405 12.287 21.1222 6.8276
internal_count=334 232 28 204 102 85 68 58 46 186 30 35 156 50
is_linear=0
shrinkage=0.05


Tree=13
num_leaves=15
num_cat=0
split_feature=188 135 188 197 157 60 153 155 153 186 93 197 36 188
split_gain=83.4945 9.89121 5.32407 0.572382 0.390566 0.102497 0.273424 0.107734 0.0655135 0.00752441 0.00513825 0.00425089 0.0013232 0.000446659
threshold=2.5000000000000004 1.0000000180025095e-35 1.5000000000000002 1.0000000180025095e-35 1.0000000180025095e-35 1.0000000180025095e-35 1.0000000180025095e-35 1.0000000180025095e-35 1.0000000180025095e-35 1.0000000180025095e-35 1.0000000180025095e-35 1.5000000000000002 1.0000000180025095e-35 3.5000000000000004
decision_type=2 2 2 2 2 2 2 2 2 2 2 2 2 2
left_child=2 9 4 -4 5 6 7 -1 -7 11 13 -2 -13 -11
right_child=1 -3 3 -5 -6 8 -8 -9 -10 10 -12 12 -14 -15
leaf_value=-0.069590879340214226 0.071944522727212259 -0.055588917586284592 0.0060963428658169037 -0.023490643022358836 -0.044362672680924038 -0.061833968049841093 -0.051536635616172478 -0.059761627817981694 -0.070639469724762302 0.068333648645170275 0.070430117038492113 0.070088267799617243 0.068098394358158273 0.067495688387739686
leaf_weight=4.9295396208763211 1.6773048341274321 1.7117178142070759 3.086137279868125 3.4755747616291046 3.8932106345891944 4.6426227986812574 7.1283477097749701 6.4161886125802994 3.8757529854774475 1.7276128530502379 1.6828623712062825 1.3791421651840212 2.1191514283418655 20.003004983067513
leaf_count=13 12 5 12 12 12 13 21 18 10 13 12 10 16 153
internal_value=-0.000547198 0.0611597 -0.0504778 -0.00957514 -0.0591676 -0.0613029 -0.0592108 -0.0640323 -0.0658404 0.0681498 0.0677684 0.0698751 0.0688829 0.0675623
internal_weight=67.7482 30.3008 37.4474 6.56171 30.8857 26.9925 18.4741 11.3457 8.51838 28.5891 23.4135 5.1756 3.49829 21.7306
internal_count=332 221 111 24 87 75 52 31 23 216 178 38 26 166
is_linear=0
shrinkage=0.05


Tree=14
num_leaves=15
num_cat=0
split_feature=188 135 188 153 203 59 155 153 93 203 162 188 43 88
split_gain=82.5521 10.4672 3.96006 0.680052 0.499232 0.0754096 0.0939275 0.0166327 0.00458135 0.00485095 0.00606426 0.00119283 0.000114042 0.000116585
threshold=1.5000000000000002 1.0000000180025095e-35 2.5000000000000004 1.0000000180025095e-35 1.0000000180025095e-35 1.0000000180025095e-35 1.0000000180025095e-35 1.0000000180025095e-35 1.0000000180025095e-35 1.0000000180025095e-35 1.0000000180025095e-35 3.5000000000000004 1.0000000180025095e-35 1.0000000180025095e-35
decision_type=2 2 2 2 2 2 2 2 2 2 2 2 2 2
left_child=4 2 3 -2 5 6 7 -1 9 10 -4 -11 13 -13
right_child=1 -3 8 -5 -6 -7 -8 -9 -10 11 -12 12 -14 -15
leaf_value=-0.057808805850066952 0.036126781605433034 -0.036624143452259582 0.070879890311374399 -0.001726828577073248 -0.046374715510143098 -0.068167394043653393 -0.067590759215639104 -0.061191842214720842 0.069191515052578798 0.067566282159632299 0.066683203544800493 0.066524702407433009 0.066734696100204313 0.066230521346982638
leaf_weight=6.5159051120281299 2.4104902893304816 3.0889503210782996 1.4901728332042758 2.3366537690162659 5.3304977715015402 5.8704456686973563 5.061066508293151 8.2123129367828369 2.0470672994852057 2.1937498971819904 2.0381530225276947 4.4489852339029357 1.661005213856696 13.859344698488712
leaf_count=19 11 10 11 9 16 16 14 23 15 17 16 35 13 110
internal_value=-0.000640233 0.0513299 0.0596932 0.0174944 -0.0602983 -0.0631907 -0.0617144 -0.0596952 0.0669151 0.0667337 0.0684557 0.0664596 0.066338 0.066302
internal_weight=66.5648 35.5746 32.4856 4.74714 30.9902 25.6597 19.7893 14.7282 27.7385 25.6914 3.52833 22.1631 19.9693 18.3083
internal_count=335 247 237 20 88 72 56 42 217 202 27 175 158 145
is_linear=0
shrinkage=0.05


Tree=15
num_leaves=15
num_cat=0
split_feature=197 204 93 204 190 203 117 60 153 186 88 59 183 200
split_gain=59.0559 7.09699 2.6036 2.29891 0.787328 0.416059 0.137614 0.0629425 0.072538 0.0349049 0.0445698 0.00366574 0.0102747 0.00257269
threshold=1.0000000180025095e-35 1.0000000180025095e-35 1.0000000180025095e-35 1.0000000180025095e-35 1.0000000180025095e-35 1.0000000180025095e-35 1.0000000180025095e-35 1.0000000180025095e-35 1.0000000180025095e-35 1.0000000180025095e-35 1.0000000180025095e-35 1.0000000180025095e-35 1.0000000180025095e-35 1.0000000180025095e-35
decision_type=2 2 2 2 2 2 2 2 2 2 2 2 2 2
left_child=3 -2 4 5 -3 6 7 8 -1 10 -6 -11 -13 -12
right_child=1 2 -4 -5 9 -7 -8 -9 -10 11 13 12 -14 -15
leaf_value=-0.056807651938945117 -0.023035511662167038 0.036580807553191846 0.013858434667262682 -0.018520213670034258 0.076336070329421843 -0.040235890393694129 -0.066204154729507012 -0.059917782434317612 -0.048841267788936417 0.065226424214208434 0.064934708889341483 0.065171742861200241 0.070171377352618622 0.068027834150360164
leaf_weight=6.3581557720899706 2.9442053288221386 2.4109477922320428 2.9183593243360511 5.5731352120637885 1.9189124330878282 4.4344212561845771 3.4764021933078757 5.0539957135915747 5.189942255616188 13.526830293238165 1.4473119974136355 3.040921986103057 1.5521440729498861 1.2553344070911405
leaf_count=19 10 16 17 20 14 14 10 15 16 111 12 25 12 10
internal_value=0.00240246 0.0508168 0.0585629 -0.0475067 0.0637498 -0.054097 -0.0571583 -0.0552641 -0.0532274 0.0666301 0.0705088 0.0656408 0.0668613 0.0663714
internal_weight=61.101 31.015 28.0708 30.0861 25.1524 24.5129 20.0785 16.6021 11.5481 22.7415 4.62156 18.1199 4.59307 2.70265
internal_count=321 227 217 94 200 74 60 50 35 184 36 148 37 22
is_linear=0
shrinkage=0.05


Tree=16
num_leaves=15
num_cat=0
split_feature=188 135 199 204 153 116 149 155 60 93 197 200 190 88
split_gain=67.2471 5.57112 2.18199 0.665154 0.494712 0.154879 0.0641102 0.10578 0.0193297 0.00606264 0.00600245 0.0069213 0.00414819 3.98201e-05
threshold=2.5000000000000004 1.0000000180025095e-35 1.0000000180025095e-35 1.0000000180025095e-35 1.0000000180025095e-35 1.0000000180025095e-35 1.0000000180025095e-35 1.0000000180025095e-35 1.0000000180025095e-35 1.0000000180025095e-35 1.5000000000000002 1.0000000180025095e-35 1.0000000180025095e-35 1.0000000180025095e-35
decision_type=2 2 2 2 2 2 2 2 2 2 2 2 2 2
left_child=2 9 3 5 -4 -1 -7 8 -8 10 11 -2 -12 -14
right_child=1 -3 4 -5 -6 6 7 -9 -10 -11 12 -13 13 -15
leaf_value=-0.065069735880140409 0.06841135190355653 -0.018027843975421769 -0.0073644883541204888 -0.033312673867436582 -0.035719142542089147 -0.058948349727620655 -0.051028440556305711 -0.058833940842811565 -0.046182612189591576 0.067648262524204139 0.06679961501588623 0.064155257210687267 0.064390133974122063 0.064227780556469202
leaf_weight=4.0155446231365266 2.2889756336808307 2.1853125542402259 3.4437648653984061 3.7060564309358623 2.7802110910415649 5.211435392498978 5.9056432545184965 4.3378586173057565 3.1585921347141266 2.1006118655204764 1.785062469542029 1.6393468305468557 5.3171662241220483 13.03659737855196
leaf_count=12 18 8 13 12 9 16 18 13 10 16 14 14 45 111
internal_value=0.00236953 0.0586673 -0.0466556 -0.0529481 -0.0200303 -0.0561639 -0.0542426 -0.0524128 -0.0493398 0.0650722 0.0648474 0.0666352 0.0644986 0.0642748
internal_weight=60.9122 28.3531 32.5591 26.3351 6.22398 22.6291 18.6135 13.4021 9.06424 26.1678 24.0671 3.92832 20.1388 18.3538
internal_count=329 226 103 81 22 69 57 41 28 218 202 32 170 156
is_linear=0
shrinkage=0.05


Tree=17
num_leaves=15
num_cat=0
split_feature=197 204 204 157 157 150 59 155 162 202 189 180 193 153
split_gain=64.1096 6.96076 1.88618 1.65242 0.334094 0.302186 0.367848 0.170467 0.0432419 0.0511868 0.020909 0.0137295 0.0120572 0.00794256
threshold=1.0000000180025095e-35 1.0000000180025095e-35 1.0000000180025095e-35 1.0000000180025095e-35 1.0000000180025095e-35 1.0000000180025095e-35 1.0000000180025095e-35 1.0000000180025095e-35 1.0000000180025095e-35 1.0000000180025095e-35 1.0000000180025095e-35 1.0000000180025095e-35 1.0000000180025095e-35 1.0000000180025095e-35
decision_type=2 2 2 2 2 2 2 2 2 2 2 2 2 2
left_child=2 -2 4 8 5 6 7 13 9 -3 -4 12 -11 -1
right_child=1 3 10 -5 -6 -7 -8 -9 -10 11 -12 -13 -14 -15
leaf_value=-0.045791484177427608 -0.020554566242339655 0.074888804293105474 -0.018280453102986621 0.011246783408049977 -0.065985795866877875 -0.064479000309479714 -0.035238423018590641 -0.0591383067993854 0.063959554252820239 0.072012002322656393 -0.024277991372807551 0.063546548785061469 0.0657352144120293 -0.048872470713318406
leaf_weight=3.3166122883558398 2.7858073115348843 2.1954767256975227 2.7085969001054755 1.4915791153907765 4.1298741400241843 3.271440625190734 4.3289065808057776 5.1600065827369681 17.472953088581562 1.2861931324005129 3.1354093551635742 2.9647479876875877 1.8883847892284391 5.6643128842115402
leaf_count=11 10 17 10 10 12 10 15 16 151 10 11 26 16 18
internal_value=0.00244594 0.0547329 -0.0471537 0.0624158 -0.052949 -0.0504726 -0.0479917 -0.0518958 0.0653731 0.0683365 -0.0214982 0.0659933 0.0682783 -0.0477347
internal_weight=61.8003 30.0851 31.7152 27.2993 25.8712 21.7413 18.4698 14.1409 25.8078 8.3348 5.84401 6.13933 3.17458 8.98093
internal_count=343 240 103 230 82 70 60 45 220 69 21 52 26 29
is_linear=0
shrinkage=0.05


Tree=18
num_leaves=15
num_cat=0
split_feature=188 135 199 60 157 116 59 155 60 188 200 36 188 132
split_gain=65.4809 3.71091 3.1801 0.311927 0.0875636 0.100423 0.151874 0.201048 0.0305646 0.00452499 0.0105985 0.00145742 0.00560847 0.000411588
threshold=2.5000000000000004 1.0000000180025095e-35 1.0000000180025095e-35 1.0000000180025095e-35 1.0000000180025095e-35 1.0000000180025095e-35 1.0000000180025095e-35 1.0000000180025095e-35 1.0000000180025095e-35 3.5000000000000004 1.0000000180025095e-35 1.0000000180025095e-35 4.5000000000000009 1.0000000180025095e-35
decision_type=2 2 2 2 2 2 2 2 2 2 2 2 2 2
left_child=2 9 4 -4 5 -1 7 8 -7 10 -2 12 -11 -13
right_child=1 -3 3 -5 -6 6 -8 -9 -10 11 -12 13 -14 -15
leaf_value=-0.064571542318097197 0.068893848854697209 -0.016193478463547632 -0.0075905198478470551 -0.0303995533156463 -0.065106644042749948 -0.050056306979234827 -0.044835543963461261 -0.063942014599514624 -0.055514861130920606 0.066821973471104662 0.062758894971271642 0.062693602901700576 0.062915075196265366 0.063274694683889673
leaf_weight=3.2609280645847383 1.1728736758232181 1.5652052015066136 3.4557998329401007 2.6470620036125183 3.3409179747104636 5.4012792706489616 3.0471889749169341 6.38803806900978 4.882867768406868 1.2035078853368766 1.7609378471970556 10.656590238213537 3.8801147416234016 4.2676305100321779
leaf_count=10 9 6 13 9 10 17 10 20 15 10 16 97 35 38
internal_value=-0.00338414 0.0582957 -0.0500031 -0.0174837 -0.0575431 -0.0564435 -0.0550994 -0.0569754 -0.052648 0.0633777 0.0652115 0.0631088 0.06384 0.0628598
internal_weight=56.9309 24.5069 32.4241 6.10286 26.3212 22.9803 19.7194 16.6722 10.2841 22.9417 2.93381 20.0078 5.08362 14.9242
internal_count=315 211 104 22 82 72 62 52 32 205 25 180 45 135
is_linear=0
shrinkage=0.05


Tree=19
num_leaves=15
num_cat=0
split_feature=188 135 188 180 203 60 117 153 197 200 190 148 120 198
split_gain=55.2817 6.29828 4.82913 1.36037 0.740444 0.125674 0.188899 0.171939 0.00822626 0.00981543 0.00186916 0.000414235 0.000306906 0.000136241
threshold=2.5000000000000004 1.0000000180025095e-35 1.5000000000000002 1.0000000180025095e-35 1.0000000180025095e-35 1.0000000180025095e-35 1.0000000180025095e-35 1.0000000180025095e-35 1.5000000000000002 1.0000000180025095e-35 1.0000000180025095e-35 1.0000000180025095e-35 1.0000000180025095e-35 2.5000000000000004
decision_type=2 2 2 2 2 2 2 2 2 2 2 2 2 2
left_child=2 8 4 -4 5 6 7 -1 9 -2 -10 12 13 -12
right_child=1 -3 3 -5 -6 -7 -8 -9 10 -11 11 -13 -14 -15
leaf_value=-0.057286412400120348 0.067225368247743555 -0.029722372732255871 0.018017505068260223 -0.02991633196902839 -0.03661378913137233 -0.063560792257260565 -0.063617035850258338 -0.044295312216656439 0.063728410691826554 0.061798504039153379 0.061805237944598947 0.062806495669323878 0.062544583222662695 0.062167117973555369
leaf_weight=5.4593209698796361 1.9203495979309146 2.0074524730443946 3.3230779320001593 2.6690162569284439 5.3811997026205054 5.964403271675109 4.3970644772052756 4.7743487879633904 1.8295393735170389 1.471785172820091 10.835276335477834 1.6473663970828045 2.0630019530653945 3.4223501384258261
leaf_count=18 16 7 14 9 18 19 14 16 16 14 103 15 19 32
internal_value=-0.000142554 0.0552407 -0.043795 -0.00333333 -0.0531285 -0.0574435 -0.0549497 -0.0512256 0.0625957 0.0648708 0.0622059 0.0620509 0.0619746 0.0618921
internal_weight=57.1656 25.1971 31.9684 5.99209 25.9763 20.5951 14.6307 10.2337 23.1897 3.39213 19.7975 17.968 16.3206 14.2576
internal_count=330 222 108 23 85 67 48 34 215 30 185 169 154 135
is_linear=0
shrinkage=0.05


Tree=20
num_leaves=15
num_cat=0
split_feature=188 190 198 198 188 59 155 60 197 60 153 93 193 166
split_gain=56.4736 3.38562 5.25033 2.43806 0.642905 0.175422 0.112473 0.0305809 0.0179259 0.0096177 0.00713689 0.00314835 0.00158579 0.00388201
threshold=2.5000000000000004 1.0000000180025095e-35 1.0000000180025095e-35 1.0000000180025095e-35 1.5000000000000002 1.0000000180025095e-35 1.0000000180025095e-35 1.0000000180025095e-35 1.5000000000000002 1.0000000180025095e-35 1.0000000180025095e-35 1.0000000180025095e-35 1.0000000180025095e-35 1.0000000180025095e-35
decision_type=2 2 2 2 2 2 2 2 2 2 2 2 2 2
left_child=3 2 -2 4 5 6 7 10 9 -3 -1 12 13 -10
right_child=1 8 -4 -5 -6 -7 -8 -9 11 -11 -12 -13 -14 -15
leaf_value=-0.054259198734316408 -0.054284219334292089 0.067638544884986634 0.069896642427460062 -0.013381704908771339 -0.032351277256612063 -0.046534761781153899 -0.062677027663488302 -0.05102021269507756 0.060960640061734434 0.062357995790145872 -0.057263109159750802 0.063679371967237927 0.061126699541904285 0.064798963140666563
leaf_weight=3.5858382284641355 1.6838645711541205 2.0937915444374111 1.7212326675653455 5.0995121821761122 4.0016401857137671 5.9845617935061446 5.1296828091144553 5.3087851852178574 1.7071582227945337 1.4660596176981928 4.4079506620764732 1.6075710952281959 13.078776650130747 1.0726353824138641
leaf_count=12 6 18 15 19 13 21 17 18 17 14 14 14 129 10
internal_value=-0.00307486 0.0547397 0.0084876 -0.0452156 -0.050928 -0.0539725 -0.0563874 -0.053962 0.06223 0.0654638 -0.0559156 0.0615709 0.0613572 0.0624417
internal_weight=57.9491 24.4311 3.4051 33.518 28.4185 24.4168 18.4323 13.3026 21.026 3.55985 7.99379 17.4661 15.8586 2.77979
internal_count=337 223 21 114 95 82 61 44 202 32 26 170 156 27
is_linear=0
shrinkage=0.05


Tree=21
num_leaves=15
num_cat=0
split_feature=188 188 190 198 203 116 150 199 162 189 155 153 93 188
split_gain=51.5838 3.29489 3.14001 5.00051 0.44233 0.0993564 0.0988295 0.0649206 0.0056008 0.00538652 0.00296857 0.0109313 0.00284103 0.00160614
threshold=2.5000000000000004 1.5000000000000002 1.0000000180025095e-35 1.0000000180025095e-35 1.0000000180025095e-35 1.0000000180025095e-35 1.0000000180025095e-35 1.0000000180025095e-35 1.0000000180025095e-35 1.5000000000000002 1.0000000180025095e-35 1.0000000180025095e-35 1.0000000180025095e-35 4.5000000000000009
decision_type=2 2 2 2 2 2 2 2 2 2 2 2 2 2
left_child=1 4 3 -2 5 -1 10 -3 9 13 11 -7 -10 -4
right_child=2 7 8 -5 -6 6 -8 -9 12 -11 -12 -13 -14 -15
leaf_value=-0.062328127784900815 -0.052266077270037938 -0.0043436743141878533 0.061291956830351005 0.068443652066119631 -0.039061200058705364 -0.054153657534663224 -0.061683690433798767 -0.015080757884010502 0.060436081744444252 0.065086431072192405 -0.050395747882582755 -0.050661203904090658 0.062796239685185648 0.063205126299601233
leaf_weight=4.4358950555324634 1.672613926231864 2.6479191035032263 4.5939207226037988 1.761551149189472 4.9799350500106803 4.0299415364861471 3.1687925457954416 3.0060808211565018 11.382313638925551 1.5116547420620916 2.9914537668228141 5.0459457784891129 1.4359221160411841 1.4411801472306249
leaf_count=15 6 10 46 16 17 14 11 11 117 14 11 17 13 14
internal_value=-0.00121357 -0.0444773 0.0538787 0.00965184 -0.0523728 -0.0557426 -0.0538253 -0.0100523 0.0613367 0.0624174 -0.0517617 -0.0522119 0.0607005 0.0617488
internal_weight=54.1051 30.306 23.7992 3.43417 24.652 19.672 15.2361 5.654 20.365 7.54676 12.0673 9.07589 12.8182 6.0351
internal_count=332 106 226 22 85 68 53 21 204 74 42 31 130 60
is_linear=0
shrinkage=0.05


Tree=22
num_leaves=15
num_cat=0
split_feature=188 135 188 60 157 59 153 60 197 200 93 60 190 198
split_gain=41.8876 5.08109 4.77116 0.996976 0.578669 0.271336 0.435154 0.0929114 0.00403192 0.00398506 0.00228584 0.00141637 0.00138589 1.27399e-05
threshold=2.5000000000000004 1.0000000180025095e-35 1.5000000000000002 1.0000000180025095e-35 1.0000000180025095e-35 1.0000000180025095e-35 1.0000000180025095e-35 1.0000000180025095e-35 1.5000000000000002 1.0000000180025095e-35 1.0000000180025095e-35 1.0000000180025095e-35 1.0000000180025095e-35 2.5000000000000004
decision_type=2 2 2 2 2 2 2 2 2 2 2 2 2 2
left_child=2 8 4 -4 5 6 11 -8 9 -2 12 -1 -10 -14
right_child=1 -3 3 -5 -6 -7 7 -9 10 -11 -12 -13 13 -15
leaf_value=-0.062834173531242751 0.063425704918115486 -0.023792269743829315 -0.016558934566073401 0.023976702284128824 -0.026450691266132833 -0.040085388353333862 -0.0407704874314661 -0.052024962647368 0.061501545964678217 0.059878551573623963 0.062071241652949583 -0.061478915191901011 0.059794029099086599 0.059905458216462398
leaf_weight=4.4656714498996823 2.0026395469904013 1.958305850625037 3.3358304649591437 2.7818500846624374 2.7670578807592383 4.5243687704205504 4.4178708642721176 3.1352466940879822 1.332226537168032 1.3095762878656385 1.386341206729411 3.3923295140266418 11.658875219523905 3.2886915355920783
leaf_count=15 19 7 12 12 11 17 16 11 13 14 13 12 125 35
internal_value=0.00281115 0.0532322 -0.0373166 0.00187355 -0.0478772 -0.0508512 -0.0540119 -0.0454421 0.0604224 0.0620232 0.0601222 -0.0622491 0.0599563 0.0598185
internal_weight=51.7569 22.9367 28.8202 6.11768 22.7025 19.9355 15.4111 7.55312 20.9784 3.31222 17.6661 7.858 16.2798 14.9476
internal_count=332 226 106 24 82 71 54 27 219 33 186 27 173 160
is_linear=0
shrinkage=0.05


Tree=23
num_leaves=15
num_cat=0
split_feature=188 135 188 153 60 149 153 153 197 200 93 190 198 126
split_gain=44.1273 4.83735 3.21082 2.00056 0.32763 0.394843 0.180749 0.0449122 0.00255282 0.00388561 0.00222403 0.00126413 1.14631e-05 1.06452e-05
threshold=2.5000000000000004 1.0000000180025095e-35 1.5000000000000002 1.0000000180025095e-35 1.0000000180025095e-35 1.0000000180025095e-35 1.0000000180025095e-35 1.0000000180025095e-35 1.5000000000000002 1.0000000180025095e-35 1.0000000180025095e-35 1.0000000180025095e-35 2.5000000000000004 1.0000000180025095e-35
decision_type=2 2 2 2 2 2 2 2 2 2 2 2 2 2
left_child=2 8 4 -4 5 -1 -7 -6 9 -2 11 -10 -13 -14
right_child=1 -3 3 -5 7 6 -8 -9 10 -11 -12 12 13 -15
leaf_value=-0.055340606347176739 0.062972529924546689 -0.022614261131701199 0.022616871374172967 -0.034322826841409595 -0.0543360595073661 -0.044598242796018442 -0.031115628506341787 -0.06217932067671899 0.060879258147913722 0.059162880763754991 0.061309102880332346 0.059220072082153088 0.059406942805662881 0.059224625584906467
leaf_weight=5.6576560214161917 1.4449801295995777 1.9528635144233693 2.8213844597339621 3.4035815745592117 4.857455685734748 5.8428819924592972 4.3264893516898155 2.9238467514514923 1.284397944808007 1.2468546256422994 1.6386069506406791 11.457834117114542 1.814493052661418 1.4329024106264114
leaf_count=21 14 7 12 11 18 22 17 10 13 14 16 128 20 16
internal_value=-0.000702511 0.0525501 -0.0404598 -0.00851565 -0.0488827 -0.0447527 -0.0388622 -0.0572832 0.0597737 0.0612079 0.0595547 0.059375 0.0592436 0.0593265
internal_weight=52.1062 22.2729 29.8333 6.22497 23.6083 15.827 10.1694 7.7813 20.3201 2.69183 17.6282 15.9896 14.7052 3.2474
internal_count=339 228 111 23 88 60 39 28 221 28 193 177 164 36
is_linear=0
shrinkage=0.05


Tree=24
num_leaves=15
num_cat=0
split_feature=188 188 135 198 116 153 93 190 149 188 203 199 193 88
split_gain=43.6286 3.3651 2.86711 1.4382 0.236143 0.174887 0.00167733 0.00182313 0.00151178 0.000828945 0.000317211 0.000452008 1.55046e-05 3.54888e-06
threshold=2.5000000000000004 1.5000000000000002 1.0000000180025095e-35 1.0000000180025095e-35 1.0000000180025095e-35 1.0000000180025095e-35 1.0000000180025095e-35 1.0000000180025095e-35 1.0000000180025095e-35 3.5000000000000004 1.0000000180025095e-35 1.0000000180025095e-35 1.0000000180025095e-35 1.0000000180025095e-35
decision_type=2 2 2 2 2 2 2 2 2 2 2 2 2 2
left_child=1 4 6 -3 -1 8 7 -2 -6 -9 11 -11 -12 -14
right_child=2 3 -4 -5 5 -7 -8 9 -10 10 12 -13 13 -15
leaf_value=-0.060475102688701522 0.060717852117969956 -0.030011480091401845 -0.016866033530135695 0.016564655484304355 -0.051027574985206138 -0.041536200888914021 0.060627555221396949 0.059963275715745994 -0.052310356883940604 0.058596775892374754 0.05859758912365938 0.060200688689576044 0.058784364617612786 0.058715765835500283
leaf_weight=4.8060153722763124 1.5571269989013767 3.9452067762613288 1.3229644447565068 2.8581700772047043 3.3559835031628689 6.5842027887701979 1.9684375822544087 1.7071910426020611 7.2772420942783294 0.85245708376169094 2.6422455161809912 0.90624102205038071 2.5962025597691518 6.8861155360937119
leaf_count=18 16 13 5 12 13 25 20 19 27 10 31 10 30 80
internal_value=-0.00156067 -0.0411806 0.0543187 -0.0104444 -0.0506755 -0.0479401 0.0592452 0.0590865 -0.0519055 0.0589236 0.0587957 0.0594233 0.0587047 0.0587345
internal_weight=49.2658 28.8268 20.439 6.80338 22.0234 17.2174 19.116 17.1476 10.6332 15.5905 13.8833 1.7587 12.1246 9.48232
internal_count=329 108 221 25 83 65 216 196 40 180 161 20 141 110
is_linear=0
shrinkage=0.05


Tree=25
num_leaves=15
num_cat=0
split_feature=188 135 188 200 203 60 117 203 188 93 194 149 190 193
split_gain=38.4757 3.84035 3.02121 1.36864 0.711483 0.0849053 0.101667 0.00143711 0.00211078 0.00145225 0.00131493 0.00083221 0.000147262 1.14093e-05
threshold=2.5000000000000004 1.0000000180025095e-35 1.5000000000000002 1.0000000180025095e-35 1.0000000180025095e-35 1.0000000180025095e-35 1.0000000180025095e-35 1.0000000180025095e-35 6.5000000000000009 1.0000000180025095e-35 1.0000000180025095e-35 1.0000000180025095e-35 1.0000000180025095e-35 1.0000000180025095e-35
decision_type=2 2 2 2 2 2 2 2 2 2 2 2 2 2
left_child=2 7 4 -4 5 6 11 8 -2 10 -9 -1 -12 -14
right_child=1 -3 3 -5 -6 -7 -8 9 -10 -11 12 -13 13 -15
leaf_value=-0.04873592130715601 0.061537273072177982 -0.012766125912527125 0.01312751240560025 -0.033757617018509573 -0.031502742630678725 -0.059827624149146746 -0.059927955548202766 0.059775598264895161 0.05815893861974944 0.059975189297593025 0.058817721713028383 -0.049751341078673496 0.05808608358885517 0.058219045510884929
leaf_weight=3.1331171393394541 1.0577612146735251 2.1047856509685507 3.1168766021728507 3.1092575490474701 4.2148717492818824 5.1264478713273993 3.0930408835411063 1.595262221992013 0.82139693945646275 1.6993689611554152 1.0403138101100911 5.6684689149260539 1.9581738114356984 9.1637694239616376
leaf_count=13 11 8 13 10 16 20 12 18 10 18 12 21 24 111
internal_value=-0.00281193 0.0510116 -0.0409145 -0.0102864 -0.0498943 -0.0544485 -0.0521302 0.0587549 0.0600606 0.0585962 0.0584259 -0.0493899 0.0582488 0.0581956
internal_weight=46.9029 19.4408 27.4621 6.22613 21.2359 17.0211 11.8946 17.336 1.87916 15.4569 13.7575 8.80159 12.1623 11.1219
internal_count=317 212 105 23 82 66 46 204 21 183 165 34 147 135
is_linear=0
shrinkage=0.05


Tree=26
num_leaves=15
num_cat=0
split_feature=198 197 93 197 204 183 190 116 60 186 181 153 59 60
split_gain=30.0135 7.17831 3.90515 1.20172 1.11407 0.746484 0.462925 0.222099 0.129157 0.114813 0.12811 0.0668343 0.0123817 0.00546634
threshold=1.0000000180025095e-35 1.5000000000000002 1.0000000180025095e-35 3.5000000000000004 1.0000000180025095e-35 1.0000000180025095e-35 1.0000000180025095e-35 1.0000000180025095e-35 1.0000000180025095e-35 1.0000000180025095e-35 1.0000000180025095e-35 1.0000000180025095e-35 1.0000000180025095e-35 1.0000000180025095e-35
decision_type=2 2 2 2 2 2 2 2 2 2 2 2 2 2
left_child=1 6 4 -3 -2 -4 7 -1 12 10 -6 -10 -9 -12
right_child=2 3 5 -5 9 -7 -8 8 11 -11 13 -13 -14 -15
leaf_value=-0.036114004523521002 0.020889848228417125 0.067341692868756978 0.020556256014959185 -0.00058209752730320821 0.082226368095818902 -0.028791396695224958 -0.026606075010185776 -0.049333383946014719 -0.061133310765610106 0.057989104984177614 0.06379242058615503 -0.051118296555898439 -0.04570074598610669 0.058288948626328378
leaf_weight=2.6904186755418875 2.0534095540642783 1.5942567661404603 1.4236403405666342 1.1008071601390836 1.1359756216406831 1.6598602309823036 2.5016248226165763 6.2310110181570071 3.9317415207624427 11.365031436085699 0.83526032418012619 2.8905656784772873 3.7619411125779152 0.9812471866607666
leaf_count=12 10 17 11 9 11 10 11 25 15 142 9 11 14 12
internal_value=-0.000841045 -0.0374232 0.0456094 0.039598 0.0553316 -0.00600778 -0.0468554 -0.0494524 -0.0515866 0.0602712 0.0690559 -0.05689 -0.0479658 0.0608195
internal_weight=44.1568 24.7024 19.4544 2.69506 16.3709 3.0835 22.0073 19.5057 16.8153 14.3175 2.95248 6.82231 9.99295 1.81651
internal_count=319 114 205 26 184 21 88 77 65 174 32 26 39 21
is_linear=0
shrinkage=0.05


Tree=27
num_leaves=15
num_cat=0
split_feature=188 135 188 60 203 149 60 153 197 183 93 190 59 100
split_gain=37.153 4.18487 1.84227 1.37933 0.621846 0.159154 0.0182572 0.0217173 0.00400607 0.00289058 0.00172029 0.00112382 2.97952e-05 1.22461e-05
threshold=2.5000000000000004 1.0000000180025095e-35 1.5000000000000002 1.0000000180025095e-35 1.0000000180025095e-35 1.0000000180025095e-35 1.0000000180025095e-35 1.0000000180025095e-35 1.5000000000000002 1.0000000180025095e-35 1.0000000180025095e-35 1.0000000180025095e-35 1.0000000180025095e-35 1.0000000180025095e-35
decision_type=2 2 2 2 2 2 2 2 2 2 2 2 2 2
left_child=2 8 4 -4 5 12 7 -7 9 -2 11 -10 -1 -13
right_child=1 -3 3 -5 -6 6 -8 -9 10 -11 -12 13 -14 -15
leaf_value=-0.058594158925200028 0.061026551013996649 -0.019917420307678901 -0.039192884193212402 0.0079099696514441115 -0.029700886369984997 -0.049640124102899578 -0.050848344571461368 -0.044280292795249226 0.058788943108064831 0.057632577654611133 0.059459129922537601 0.057291809189798371 -0.05883437105015267 0.057425370672121806
leaf_weight=2.3427958190441212 1.6523075774312082 1.9149813801050175 3.2021848261356345 3.0200370848178864 4.0691483169794074 3.5406613126397133 4.3271691873669624 4.0536742508411407 1.4467092156410188 1.011327713727951 1.1838077828288085 10.058666147291659 2.8751628696918488 2.0692941024899474
leaf_count=10 18 7 10 12 16 15 19 16 17 13 13 133 12 27
internal_value=-0.00283665 0.0502416 -0.0402536 -0.0163309 -0.0472721 -0.0514438 -0.0482562 -0.0467792 0.0579532 0.0597379 0.0576311 0.0574717 -0.0587265 0.0573146
internal_weight=46.7679 19.3371 27.4308 6.22222 21.2086 17.1395 11.9215 7.59434 17.4221 2.66364 14.7585 13.5747 5.21796 12.128
internal_count=338 228 110 22 88 72 50 31 221 31 190 177 22 160
is_linear=0
shrinkage=0.05


Tree=28
num_leaves=15
num_cat=0
split_feature=202 88 190 197 60 185 29 149 203 153 155 59 193 189
split_gain=24.5235 9.50668 2.3148 1.63048 1.49231 2.0493 1.17859 0.31733 0.386732 0.587794 0.118155 0.0809447 0.00752975 0.0114431
threshold=1.0000000180025095e-35 1.0000000180025095e-35 1.0000000180025095e-35 1.0000000180025095e-35 1.0000000180025095e-35 1.0000000180025095e-35 1.0000000180025095e-35 1.0000000180025095e-35 1.0000000180025095e-35 1.0000000180025095e-35 1.0000000180025095e-35 1.0000000180025095e-35 1.0000000180025095e-35 1.0000000180025095e-35
decision_type=2 2 2 2 2 2 2 2 2 2 2 2 2 2
left_child=1 2 7 -4 -3 -6 12 11 9 10 -9 -1 13 -2
right_child=6 4 3 -5 5 -7 -8 8 -10 -11 -12 -13 -14 -15
leaf_value=-0.062168315125691709 0.056809905245396621 0.084997574416976626 -0.031842333451997919 0.028900947008944966 0.065609333219217816 -0.027606829470208594 0.012212092479471588 -0.030504390709823137 -0.028981020834929358 -0.0589649260591385 -0.044695997706130981 -0.050815062906402003 0.057867467838270029 0.064772032745199368
leaf_weight=3.0050503015518268 0.79010453075170239 1.4320413470268243 2.790856458246707 1.8285479620099065 1.2129981964826584 1.1472659036517143 1.5685566216707236 3.4633116722106916 3.7649883553385743 5.6646243333816528 2.5439956411719322 3.2874561846256256 9.5964101925492269 1.0522144362330434
leaf_count=12 11 14 11 15 15 5 16 16 15 20 12 14 127 12
internal_value=-0.0045245 -0.0292869 -0.03994 -0.00779767 0.0447305 0.0202993 0.0528562 -0.046773 -0.0429153 -0.04741 -0.0365143 -0.0562369 0.0584295 0.0613574
internal_weight=43.1484 30.1411 26.3488 4.6194 3.79231 2.36026 13.0073 21.7294 15.4369 11.6719 6.00731 6.29251 11.4387 1.84232
internal_count=315 149 115 26 34 20 166 89 63 48 28 26 150 23
is_linear=0
shrinkage=0.05


Tree=29
num_leaves=15
num_cat=0
split_feature=202 188 135 181 149 188 116 109 60 153 197 193 93 188
split_gain=30.7414 5.63884 3.68799 1.43476 0.284933 0.250526 0.233206 0.0536297 0.244983 0.352649 0.00893659 0.00348279 0.00100963 0.000804389
threshold=1.0000000180025095e-35 2.5000000000000004 1.0000000180025095e-35 1.0000000180025095e-35 1.0000000180025095e-35 3.5000000000000004 1.0000000180025095e-35 1.0000000180025095e-35 1.0000000180025095e-35 1.0000000180025095e-35 1.5000000000000002 1.0000000180025095e-35 1.0000000180025095e-35 3.5000000000000004
decision_type=2 2 2 2 2 2 2 2 2 2 2 2 2 2
left_child=1 3 13 4 -1 -2 -6 8 9 -8 -7 -12 -13 -3
right_child=5 2 -4 -5 6 10 7 -9 -10 -11 11 12 -14 -15
leaf_value=-0.057911173221984358 0.079117991936395071 0.058987007301923161 -0.039557241709378403 -0.0092100886363119423 -0.058543582414274944 0.062727135883472285 -0.018259582972621702 -0.048211399229411207 -0.048726024308903215 -0.042196390565268353 0.059546463508810078 0.056596595641465242 0.058341433989662905 0.057130178673214606
leaf_weight=4.6195375919342139 1.509389355778693 0.89576777070760671 1.5671480745077131 2.8635679036378852 2.3105919510126229 0.75268948823213477 2.3555731326341505 2.3860982283949861 4.7191293090581894 4.436948761343956 1.275395207107066 8.6200726404786074 0.91729757189750749 1.6718523502349851
leaf_count=21 15 11 5 11 10 9 11 9 20 17 17 123 11 23
internal_value=-0.0032777 -0.0329913 0.0208863 -0.0423943 -0.0469568 0.0599596 -0.0438346 -0.0413892 -0.0399751 -0.0338954 0.0574593 0.0570926 0.0567644 0.057778
internal_weight=40.9011 27.8262 4.13477 23.6914 20.8279 13.0748 16.2083 13.8977 11.5117 6.79252 11.5655 10.8128 9.53737 2.56762
internal_count=313 138 39 99 88 175 67 57 48 28 160 151 134 34
is_linear=0
shrinkage=0.05


Tree=30
num_leaves=15
num_cat=0
split_feature=188 198 45 203 58 188 135 149 60 153 93 197 102 190
split_gain=26.6771 3.25975 1.8508 1.43737 1.08212 0.51649 0.293675 0.157126 0.0213538 0.0217481 0.000881577 0.000807634 0.000743623 0.000395132
threshold=2.5000000000000004 1.0000000180025095e-35 1.0000000180025095e-35 1.0000000180025095e-35 1.0000000180025095e-35 1.5000000000000002 1.0000000180025095e-35 1.0000000180025095e-35 1.0000000180025095e-35 1.0000000180025095e-35 1.0000000180025095e-35 1.5000000000000002 1.0000000180025095e-35 1.0000000180025095e-35
decision_type=2 2 2 2 2 2 2 2 2 2 2 2 2 2
left_child=1 3 4 5 6 7 10 -1 9 -9 11 12 -2 -13
right_child=2 -3 -4 -5 -6 -7 -8 8 -10 -11 -12 13 -14 -15
leaf_value=-0.057362704220399442 0.058691778117451611 0.01271731975064485 -0.02547699144406905 -0.0078274722742993404 0.0025184260062867544 -0.02509353016700035 0.087793151880866296 -0.04743286270543659 -0.048913116758180816 -0.041802921116220255 0.057954048659605711 0.057205901654026808 0.0565776247668906 0.056176520363846474
leaf_weight=4.1882308721542438 0.70677763596176268 3.3904804661869994 0.75242763757705766 2.9425556212663642 0.92550970613956529 2.6232600659131995 0.79802729189395982 3.0824498757719994 3.9250152707099915 3.8676774203777313 1.0474247634410865 1.0341895967721928 1.0107321701943874 9.4570825695991498
leaf_count=20 9 15 5 13 9 9 5 14 19 17 13 14 15 142
internal_value=0.000431559 -0.0327175 0.0510432 -0.0401849 0.0548867 -0.0455683 0.0583353 -0.0491339 -0.0459649 -0.0442999 0.056562 0.0564425 0.0574476 0.056278
internal_weight=39.7518 24.0197 15.7322 20.6292 14.9797 17.6866 14.0542 15.0634 10.8751 6.95013 13.2562 12.2088 1.71751 10.4913
internal_count=319 107 212 92 207 79 198 70 50 31 193 180 24 156
is_linear=0
shrinkage=0.05


Tree=31
num_leaves=15
num_cat=0
split_feature=188 188 45 153 58 116 60 153 197 153 183 197 189 155
split_gain=28.9613 2.72175 1.79723 1.60939 0.915982 0.203953 0.328821 0.216157 0.0899151 0.0549155 0.00813173 0.0119618 0.0344686 0.00313944
threshold=2.5000000000000004 1.5000000000000002 1.0000000180025095e-35 1.0000000180025095e-35 1.0000000180025095e-35 1.0000000180025095e-35 1.0000000180025095e-35 1.0000000180025095e-35 1.0000000180025095e-35 1.0000000180025095e-35 1.0000000180025095e-35 3.5000000000000004 1.0000000180025095e-35 1.0000000180025095e-35
decision_type=2 2 2 2 2 2 2 2 2 2 2 2 2 2
left_child=1 5 4 -3 8 -1 7 13 -2 -8 -10 12 -12 -7
right_child=2 3 -4 -5 -6 6 9 -9 10 -11 11 -13 -14 -15
leaf_value=-0.057392743877032984 0.075121728462115664 0.021300123589793277 -0.024562494637628191 -0.030248108886110778 0.010088525804369992 -0.041577229463588598 -0.048431423700638812 -0.026077100044146703 0.056092007143191062 -0.058430594346532971 0.055993461037000695 0.056190810050454204 0.067893487540958558 -0.043925322042685844
leaf_weight=2.9212767332792327 0.72193445265293021 2.7931856811046591 0.7517624571919449 3.3067357242107391 1.0754601806402213 4.025613605976103 3.5577670261263856 3.00360968708992 8.6862329989671689 2.2361582368612289 1.4229926057159894 2.5135161317884922 1.0631365813314912 2.2022714838385582
leaf_count=14 6 12 5 11 11 19 17 14 133 10 22 38 11 10
internal_value=-0.000661573 -0.0354973 0.0509356 -0.00664391 0.0546012 -0.0453043 -0.042954 -0.0370942 0.0579239 -0.0522906 0.0570167 0.0586231 0.0610822 -0.0424075
internal_weight=40.2817 24.0466 16.235 6.09992 15.4833 17.9467 15.0254 9.23149 14.4078 5.79393 13.6859 4.99965 2.48613 6.22789
internal_count=333 107 226 23 221 84 70 43 210 27 204 71 33 29
is_linear=0
shrinkage=0.05


Tree=32
num_leaves=15
num_cat=0
split_feature=188 198 191 200 197 203 153 59 162 189 183 197 93 190
split_gain=21.4372 3.03563 2.75276 3.02546 1.95553 0.655938 0.252427 0.152381 0.00616329 0.00648583 0.0170807 0.000769339 0.000568366 0.000203159
threshold=3.5000000000000004 1.0000000180025095e-35 1.0000000180025095e-35 1.0000000180025095e-35 1.0000000180025095e-35 1.0000000180025095e-35 1.0000000180025095e-35 1.0000000180025095e-35 1.0000000180025095e-35 1.0000000180025095e-35 1.0000000180025095e-35 1.5000000000000002 1.0000000180025095e-35 1.0000000180025095e-35
decision_type=2 2 2 2 2 2 2 2 2 2 2 2 2 2
left_child=1 4 3 -3 5 6 7 -1 9 -2 11 -11 13 -10
right_child=8 2 -4 -5 -6 -7 -8 -9 12 10 -12 -13 -14 -15
leaf_value=-0.041264103848991776 0.055643922208209365 -0.00063608201580118604 -0.027582994323518701 0.1016214170400583 0.0089918524478221299 -0.018794204312760698 -0.05037621738084426 -0.0256922391486075 0.056439567954713735 0.057802888133469746 0.064935824042584536 0.055614678270838061 0.057050234537469838 0.05556862126271768
leaf_weight=5.6942565962672322 1.6050326563417883 1.7230121679604045 2.6827238388359547 1.2467278763651848 2.5089965537190428 3.5025341734290114 6.3400976955890656 2.1696506142616272 0.74410047382116307 0.70978179201483749 0.97130118682980526 0.9253569133579731 0.81056196242570866 6.6844820976257324
leaf_count=29 26 11 13 12 15 16 27 12 11 10 11 15 11 109
internal_value=0.00268257 -0.023263 0.00912889 0.0422927 -0.0323201 -0.038174 -0.0429528 -0.0369678 0.0565884 0.0581444 0.0596841 0.0565645 0.055793 0.0556559
internal_weight=38.3186 25.868 5.65246 2.96974 20.2155 17.7065 14.204 7.86391 12.4506 4.21147 2.60644 1.63514 8.23914 7.42858
internal_count=328 135 36 23 99 84 68 41 193 62 36 25 131 120
is_linear=0
shrinkage=0.05


Tree=33
num_leaves=15
num_cat=0
split_feature=204 135 117 181 36 197 153 197 153 60 88 59 155 201
split_gain=20.8661 6.07092 2.62545 2.14541 0.915525 2.10355 0.691519 1.00585 0.361591 0.219485 0.229674 0.20817 0.337706 0.0314132
threshold=1.0000000180025095e-35 1.0000000180025095e-35 1.0000000180025095e-35 1.0000000180025095e-35 1.0000000180025095e-35 1.5000000000000002 1.0000000180025095e-35 1.0000000180025095e-35 1.0000000180025095e-35 1.0000000180025095e-35 1.0000000180025095e-35 1.0000000180025095e-35 1.0000000180025095e-35 1.0000000180025095e-35
decision_type=2 2 2 2 2 2 2 2 2 2 2 2 2 2
left_child=3 2 4 8 6 -6 7 -2 11 -8 -11 12 -1 -7
right_child=1 -3 -4 -5 5 13 9 -9 -10 10 -12 -13 -14 -15
leaf_value=-0.038410913160051949 0.12788337862738844 -0.030115195068359565 -0.035282167299532423 0.01106665466478924 0.00089909810888643435 0.055448808665991903 0.036585587049148487 0.059277881265066661 -0.030136308808236464 0.090237903053670646 0.055726660499710146 -0.034073368210502157 -0.059361524402469702 0.065697563447703916
leaf_weight=3.5389472544193321 1.0541981086134993 2.738880828022956 0.86109740287065406 2.3467313051223746 2.101657748222352 8.3305949829518759 0.95785684511065516 1.0832466930150983 5.9479006156325331 0.65238939225673687 1.8468436673283577 2.8891415968537331 4.2136521190404892 0.82139091566205102
leaf_count=18 8 10 6 10 20 139 9 16 30 7 30 15 20 12
internal_value=0.00413836 0.039161 0.0498751 -0.0336803 0.0542275 0.0460095 0.0707582 0.0931144 -0.0400101 0.0569359 0.0647353 -0.0455288 -0.0497979 0.0563686
internal_weight=39.3845 20.4482 17.7093 18.9364 16.8482 11.2536 5.59453 2.13744 16.5896 3.45709 2.49923 10.6417 7.7526 9.15199
internal_count=350 257 247 93 241 171 70 24 83 46 37 53 38 151
is_linear=0
shrinkage=0.05


Tree=34
num_leaves=15
num_cat=0
split_feature=202 88 190 181 180 197 116 190 59 155 188 60 162 188
split_gain=21.0391 9.21279 2.87048 1.80081 1.02452 0.956176 0.664843 0.587769 0.358037 0.120476 0.115102 0.02884 0.00733755 0.00840703
threshold=1.0000000180025095e-35 1.0000000180025095e-35 1.0000000180025095e-35 1.0000000180025095e-35 1.0000000180025095e-35 1.0000000180025095e-35 1.0000000180025095e-35 1.0000000180025095e-35 1.0000000180025095e-35 1.0000000180025095e-35 3.5000000000000004 1.0000000180025095e-35 1.0000000180025095e-35 4.5000000000000009
decision_type=2 2 2 2 2 2 2 2 2 2 2 2 2 2
left_child=1 2 4 -3 6 -4 -1 -5 9 11 -2 -8 13 -12
right_child=10 3 5 7 -6 -7 8 -9 -10 -11 12 -13 -14 -15
leaf_value=-0.014699156367287797 0.07187773912431554 0.0028710454433557475 -0.021156852549135626 0.11377910659909481 -0.071981391703415956 0.030702625156597864 -0.041714840763731519 0.058610245096635864 -0.025348737574036967 -0.056248292346154111 0.055360141163670135 -0.048067704243959529 0.055112839312808581 0.060537733057927694
leaf_weight=2.2588876411318859 1.3032186664640892 0.98054368793964308 1.8184638395905488 0.96133574843406677 2.9410457909107199 1.7386677898466585 4.1132899075746518 0.9698629267513752 2.0992077812552461 3.0982569605112076 1.5105221346020683 3.1580712273716927 6.6188014484941959 1.6301091238856313
leaf_count=13 17 11 8 7 8 14 20 15 11 17 26 15 116 23
internal_value=0.00082193 -0.0253474 -0.0367884 0.0580542 -0.0450385 0.00419121 -0.0396582 0.0860729 -0.0441798 -0.0479919 0.0579209 -0.044474 0.0560572 0.0580475
internal_weight=35.2003 24.1376 21.2259 2.91174 17.6688 3.55713 14.7277 1.9312 12.4688 10.3696 11.0627 7.27136 9.75943 3.14063
internal_count=321 139 106 33 84 22 76 22 63 52 182 35 165 49
is_linear=0
shrinkage=0.05


Tree=35
num_leaves=15
num_cat=0
split_feature=204 199 116 67 45 157 203 60 149 153 186 189 155 180
split_gain=17.1936 4.08117 2.35854 1.98921 1.80399 0.770619 0.299936 0.944668 0.278485 0.119611 0.0408123 0.0748772 0.0245083 0.000737384
threshold=1.0000000180025095e-35 1.0000000180025095e-35 1.0000000180025095e-35 1.0000000180025095e-35 1.0000000180025095e-35 1.0000000180025095e-35 1.0000000180025095e-35 1.0000000180025095e-35 1.0000000180025095e-35 1.0000000180025095e-35 1.0000000180025095e-35 1.0000000180025095e-35 1.0000000180025095e-35 1.0000000180025095e-35
decision_type=2 2 2 2 2 2 2 2 2 2 2 2 2 2
left_child=1 8 -2 4 5 6 7 -4 -1 12 11 -8 -10 -12
right_child=2 -3 3 -5 -6 -7 10 -9 9 -11 13 -13 -14 -15
leaf_value=-0.055825375863699636 -0.01471217009989495 0.019631851358775192 0.015452213950182953 -0.029024598149751713 -0.026972889359044752 0.10729678126631453 0.076048610475245526 0.079683026229267095 -0.046862799169358788 -0.032838162742028269 0.055853078071494824 0.055765907617120802 -0.039931485563883873 0.054833053750835595
leaf_weight=3.4952742755413064 1.7078367173671729 3.1573327481746665 1.6685591451823669 0.80821390822529871 0.69478360563516695 0.68529948592186052 0.71540170907974143 0.87139928713440884 3.3142693266272545 4.0691980123519897 2.5442129969596845 1.2502334639430044 2.0730281546711922 5.8359672836959362
leaf_count=20 9 14 18 5 5 9 9 11 17 21 45 21 12 107
internal_value=0.00555762 -0.0313401 0.0409761 0.0472853 0.0516086 0.0556316 0.0528839 0.0374883 -0.0437658 -0.0393084 0.0566637 0.0631479 -0.0441956 0.0551427
internal_weight=32.891 16.1091 16.7819 15.0741 14.2659 13.5711 12.8858 2.53996 12.9518 9.4565 10.3458 1.96564 5.3873 8.38018
internal_count=323 84 239 230 225 220 211 29 70 50 182 30 29 152
is_linear=0
shrinkage=0.05


Tree=36
num_leaves=15
num_cat=0
split_feature=88 189 190 36 173 198 180 190 157 203 153 135 155 180
split_gain=19.1076 7.75518 1.89723 1.06052 0.798438 1.23776 0.75936 0.557793 0.232036 0.140983 0.541423 0.0592379 0.0211484 0.00105781
threshold=1.0000000180025095e-35 1.5000000000000002 1.0000000180025095e-35 1.0000000180025095e-35 1.0000000180025095e-35 1.0000000180025095e-35 1.0000000180025095e-35 1.0000000180025095e-35 1.0000000180025095e-35 1.0000000180025095e-35 1.0000000180025095e-35 1.0000000180025095e-35 1.0000000180025095e-35 1.0000000180025095e-35
decision_type=2 2 2 2 2 2 2 2 2 2 2 2 2 2
left_child=1 2 6 -4 5 -2 8 -7 9 10 12 -9 -1 -3
right_child=4 13 3 -5 -6 7 -8 11 -10 -11 -12 -13 -14 -15
leaf_value=-0.02563470601270415 0.004850174768523746 0.057116184712230178 0.010018215188023507 -0.037839208771676923 0.0090466674416582252 0.089536666611590765 -0.071709782079275378 0.054576166590833357 -0.056731089162783556 -0.028235445502375674 -0.053246366761655575 0.071380461015115623 -0.032507064685604596 0.05461115840751888
leaf_weight=1.8009712174534884 1.0698976181447477 0.54270372539758605 2.6492768116295329 2.0559487715363503 1.023512605577708 1.5042943954467753 2.5850741416215888 6.3810394108295441 2.3381164073944083 2.2505698278546324 5.1990962103009224 0.57140685617923725 2.958249419927597 1.8858997002243996
leaf_count=11 13 8 15 14 10 14 7 123 12 11 24 4 19 36
internal_value=-0.00516478 -0.0295886 -0.0390151 -0.0108931 0.0510114 0.05552 -0.0467386 0.0619304 -0.0423011 -0.0395376 -0.0420919 0.0559573 -0.0299064 0.0551709
internal_weight=34.8161 24.2659 21.8373 4.70523 10.5502 9.52664 17.1321 8.45674 14.547 12.2089 9.95832 6.95245 4.75922 2.4286
internal_count=321 157 113 29 164 154 84 141 77 65 54 127 30 44
is_linear=0
shrinkage=0.05


Tree=37
num_leaves=15
num_cat=0
split_feature=188 135 183 199 188 153 60 60 149 197 88 193 198 29
split_gain=18.0793 2.23419 1.72467 4.17808 1.13928 0.427138 0.108933 0.0510669 0.0220487 0.00174559 0.00123652 0.000428985 0.000109857 0.000111236
threshold=2.5000000000000004 1.0000000180025095e-35 1.0000000180025095e-35 1.0000000180025095e-35 1.5000000000000002 1.0000000180025095e-35 1.0000000180025095e-35 1.0000000180025095e-35 1.0000000180025095e-35 1.5000000000000002 1.0000000180025095e-35 1.0000000180025095e-35 1.0000000180025095e-35 1.0000000180025095e-35
decision_type=2 2 2 2 2 2 2 2 2 2 2 2 2 2
left_child=2 9 3 4 5 6 8 -7 -1 10 -2 -12 -11 -14
right_child=1 -3 -4 -5 -6 7 -8 -9 -10 12 11 -13 13 -15
leaf_value=-0.039079324241152583 0.057995404697370516 -0.016130800746831139 -0.064257968514175409 0.024656988176677268 -0.0013310285806264269 -0.024490721630954553 -0.055748345903049161 -0.035353508813369509 -0.045772966107095213 0.054929100592628594 0.054414623661250543 0.05617145294736621 0.054352562902417349 0.055024732504552878
leaf_weight=2.0671131759882027 0.59922070428728758 1.2303759306669242 2.7562181055545798 3.8284705132246009 2.259857550263404 3.1453629806637764 2.5314408838748932 1.6492089703679083 3.0388722494244576 1.1401616856455792 0.70676650479435921 0.683518897742033 7.7330712862312776 0.66872431710362423
leaf_count=13 8 5 9 18 9 18 15 10 16 21 14 11 155 12
internal_value=0.000864769 0.0479159 -0.0273568 -0.0218652 -0.0339881 -0.0399245 -0.0472677 -0.0282272 -0.0430631 0.0547495 0.0560967 0.0552783 0.0544686 0.0544061
internal_weight=34.0384 12.7618 21.2765 18.5203 14.6919 12.432 7.63743 4.79457 5.10599 11.5315 1.98951 1.39029 9.54196 8.4018
internal_count=334 226 108 99 81 72 44 28 29 221 33 25 188 167
is_linear=0
shrinkage=0.05


Tree=38
num_leaves=15
num_cat=0
split_feature=188 188 172 203 102 157 116 203 60 149 183 203 189 60
split_gain=16.0119 2.73226 1.48185 3.02452 1.1247 0.872153 0.346193 0.219295 0.396003 0.194266 0.00473834 0.00496709 0.00825825 0.00680759
threshold=3.5000000000000004 1.5000000000000002 1.0000000180025095e-35 1.0000000180025095e-35 1.0000000180025095e-35 1.0000000180025095e-35 1.0000000180025095e-35 1.0000000180025095e-35 1.0000000180025095e-35 1.0000000180025095e-35 1.0000000180025095e-35 1.5000000000000002 1.0000000180025095e-35 1.0000000180025095e-35
decision_type=2 2 2 2 2 2 2 2 2 2 2 2 2 2
left_child=1 5 3 -3 -5 6 -1 8 9 -8 -2 12 -12 -14
right_child=10 2 -4 4 -6 -7 7 -9 -10 -11 11 -13 13 -15
leaf_value=-0.055877129941641006 0.054333550325224189 -0.014166541257360549 -0.038510690372648114 0.097692516167841331 0.029491854836315598 -0.00068593281409879726 -0.034861962131243381 -0.046609125048153316 -0.044106767583253659 -0.013735430160102799 0.05411885682634842 0.054241901548806329 0.063766357144256311 0.057144168290393427
leaf_weight=2.2523258775472614 6.1294016838073713 3.8518296889960748 1.7206705994904039 0.99164419248700153 1.548399630934 1.7753214016556746 1.6695109531283359 2.6883478239178658 3.0635433457791805 3.1246784627437627 0.9053579121828087 1.4574900306761263 0.70400521904230096 0.86483413726091385
leaf_count=13 126 17 7 11 15 11 11 12 20 18 19 30 9 15
internal_value=0.00270224 -0.020581 0.00267611 0.0137635 0.0561177 -0.0335273 -0.0380828 -0.0342825 -0.0300652 -0.0210925 0.0552026 0.0565574 0.0579214 0.0601158
internal_weight=32.7474 22.6863 8.11254 6.39187 2.54004 14.5737 12.7984 10.5461 7.85773 4.79419 10.0611 3.93169 2.4742 1.56884
internal_count=334 135 50 43 26 85 74 61 49 29 199 73 43 24
is_linear=0
shrinkage=0.05


Tree=39
num_leaves=15
num_cat=0
split_feature=188 88 204 36 197 149 197 155 157 155 60 59 183 93
split_gain=14.5776 3.14499 1.33862 1.30636 0.780966 0.318503 0.234582 0.198183 0.102594 0.0866289 0.076424 0.00229476 0.00486491 0.000327615
threshold=3.5000000000000004 1.0000000180025095e-35 1.0000000180025095e-35 1.0000000180025095e-35 1.0000000180025095e-35 1.0000000180025095e-35 1.0000000180025095e-35 1.0000000180025095e-35 1.0000000180025095e-35 1.0000000180025095e-35 1.0000000180025095e-35 1.0000000180025095e-35 1.0000000180025095e-35 1.0000000180025095e-35
decision_type=2 2 2 2 2 2 2 2 2 2 2 2 2 2
left_child=1 2 5 4 -4 9 -3 8 10 -1 -7 13 -13 -2
right_child=11 6 3 -5 -6 7 -8 -9 -10 -11 -12 12 -14 -15
leaf_value=-0.055229934280430583 0.053920266979514457 0.048531009539274444 -0.0076716746823440709 -0.043696920863070338 0.034669420244163009 -0.027665686089639319 0.018585406635599374 -0.042439964238080975 -0.036681407155615756 -0.039467148920111571 -0.016131756091187891 0.054331377924172891 0.059093755338344114 0.055038683104380495
leaf_weight=1.7694791406393078 6.4117918908596021 1.2476532161235803 3.3946958631277093 1.8067552559077737 1.603454567492008 3.4350417703390121 1.3744227290153501 2.4058250486850739 1.7324923202395437 1.7178415879607201 2.4681361727416515 1.7533104419708254 0.77252658084034909 0.72925613448023785
leaf_count=11 141 6 15 8 15 19 14 14 10 10 15 37 13 13
internal_value=0.00298683 -0.0187027 -0.0253485 -0.00725973 0.00591175 -0.0344471 0.0328343 -0.029926 -0.0259831 -0.0474652 -0.0228433 0.0544926 0.0557879 0.0540345
internal_weight=32.6227 22.9558 20.3337 6.80491 4.99815 13.5288 2.62208 10.0415 7.63567 3.48732 5.90318 9.66689 2.52584 7.14105
internal_count=341 137 117 38 30 79 20 58 44 21 34 204 50 154
is_linear=0
shrinkage=0.05


Tree=40
num_leaves=15
num_cat=0
split_feature=188 190 183 181 190 116 60 153 149 153 162 189 183 180
split_gain=14.0871 1.69013 1.01545 3.45558 1.02027 0.189673 0.415716 0.089481 0.0634684 0.00566349 0.00403051 0.00424186 0.00727103 0.000649112
threshold=2.5000000000000004 1.0000000180025095e-35 1.0000000180025095e-35 1.0000000180025095e-35 1.0000000180025095e-35 1.0000000180025095e-35 1.0000000180025095e-35 1.0000000180025095e-35 1.0000000180025095e-35 1.0000000180025095e-35 1.0000000180025095e-35 1.0000000180025095e-35 1.0000000180025095e-35 1.0000000180025095e-35
decision_type=2 2 2 2 2 2 2 2 2 2 2 2 2 2
left_child=2 -2 3 4 5 -1 8 -8 -7 -10 11 -3 13 -13
right_child=1 10 -4 -5 -6 6 7 -9 9 -11 -12 12 -14 -15
leaf_value=-0.020171196042860579 -0.00021552437301290391 0.054245681954248073 -0.052122999045071096 0.0471894719176712 0.0019093302637669817 -0.036095860113136001 -0.055546651050927237 -0.040476035946972154 -0.026932170836043736 -0.02353311671705163 0.053771435687136819 0.056360433603889704 0.061543955467091897 0.053931300246356888
leaf_weight=2.4548054486513147 1.6559082381427277 1.8996825143694862 2.7971639931201926 1.7396103441715247 2.5412383079528817 1.7850979343056677 2.0918846502900124 1.8613171875476839 2.266149096190933 2.6686161756515503 5.5491540543735027 0.52032250538468339 0.71685464307665814 0.58333656936883926
leaf_count=16 17 40 10 9 12 12 13 10 13 13 126 9 10 13
internal_value=0.000572067 0.0463131 -0.02416 -0.019667 -0.0270895 -0.032703 -0.0355853 -0.0484508 -0.0280166 -0.025094 0.0546251 0.0558985 0.0576232 0.0550765
internal_weight=31.1311 10.9253 20.2059 17.4087 15.6691 13.1279 10.6731 3.9532 6.71986 4.93477 9.26935 3.7202 1.82051 1.10366
internal_count=323 215 108 98 89 77 61 23 38 26 198 72 32 22
is_linear=0
shrinkage=0.05


Tree=41
num_leaves=15
num_cat=0
split_feature=188 185 188 135 36 59 155 116 149 60 135 197 93 190
split_gain=15.2937 3.92264 2.27767 4.71418 4.50598 0.392105 0.205841 0.227724 0.202789 0.159848 0.0337289 0.000419822 0.000178745 0.000136464
threshold=3.5000000000000004 1.0000000180025095e-35 1.5000000000000002 1.0000000180025095e-35 1.0000000180025095e-35 1.0000000180025095e-35 1.0000000180025095e-35 1.0000000180025095e-35 1.0000000180025095e-35 1.0000000180025095e-35 1.0000000180025095e-35 1.5000000000000002 1.0000000180025095e-35 1.0000000180025095e-35
decision_type=2 2 2 2 2 2 2 2 2 2 2 2 2 2
left_child=1 2 5 4 -4 6 7 -1 -7 -9 11 -2 13 -13
right_child=10 -3 3 -5 -6 8 -8 9 -10 -11 -12 12 -14 -15
leaf_value=-0.055771177314811085 0.054657463917897824 0.044123030699667165 0.075482231391794705 -0.069724968971982423 -0.027044409282779527 -0.035998899565425305 -0.055713826528344106 -0.029042560045226758 -0.010972529979962951 -0.044690746946932841 0.066897692756342927 0.054310316496585014 0.054363936974986697 0.053434773611191456
leaf_weight=1.8628591597080273 1.0165542140603028 2.0003096386790267 2.187334429472684 1.879020571708679 2.1010306365787983 1.7807573936879635 2.9245536774396887 3.6812789440155074 1.4839994311332694 2.9316639378666878 0.51411585509777147 0.47915106639266003 0.65231914818286885 6.2525190711021423
leaf_count=11 21 11 17 5 15 12 19 22 9 17 4 10 13 153
internal_value=-0.0010735 -0.0227578 -0.0291796 -0.00368566 0.0252506 -0.039901 -0.0442762 -0.0403296 -0.0246231 -0.0359797 0.0544657 0.0537048 0.0535737 0.0534971
internal_weight=31.7475 22.8328 20.8325 6.16739 4.28837 14.6651 11.4004 8.4758 3.26476 6.61294 8.91466 8.40054 7.38399 6.73167
internal_count=339 138 127 37 32 90 69 50 21 39 201 197 176 163
is_linear=0
shrinkage=0.05


Tree=42
num_leaves=15
num_cat=0
split_feature=194 190 199 188 185 153 60 188 181 60 203 162 188 9
split_gain=14.9792 4.1461 2.2725 1.20272 0.509638 0.479224 0.427382 0.35134 0.243561 0.0493637 0.0244784 0.00261943 0.00249535 0.00535909
threshold=1.0000000180025095e-35 1.0000000180025095e-35 1.0000000180025095e-35 1.5000000000000002 1.0000000180025095e-35 1.0000000180025095e-35 1.0000000180025095e-35 2.5000000000000004 1.0000000180025095e-35 1.0000000180025095e-35 1.0000000180025095e-35 1.0000000180025095e-35 4.5000000000000009 1.0000000180025095e-35
decision_type=2 2 2 2 2 2 2 2 2 2 2 2 2 2
left_child=1 4 -3 -2 5 6 10 -5 -4 -7 -1 12 -9 -14
right_child=3 2 8 7 -6 9 -8 11 -10 -11 -12 -13 13 -15
leaf_value=-0.0531428000084904 -0.013048342653077721 -0.010185689330102075 0.095916768913103981 0.091729121054801188 -0.012270516031256371 -0.025994062283195604 -0.031048109010831406 0.053861797249657783 0.05415185116901744 -0.035492383785125384 -0.060395714807181755 0.053393524360230954 0.053300831246455377 0.059918839413809558
leaf_weight=4.138741917908197 0.65907202661037345 2.1728581860661502 0.56799752637743928 0.67427092790603449 1.9062440842390067 4.1114610880613336 2.6925248354673386 1.3413155637681486 0.90571509301662445 2.0499142408370972 1.6181453019380567 4.9860692098736763 0.55109972506761529 0.68751535192131996
leaf_count=28 3 13 7 4 7 23 19 31 20 13 7 124 14 11
internal_value=-0.0020854 -0.0259327 0.0223209 0.0519464 -0.036586 -0.0397584 -0.047491 0.0571448 0.0702489 -0.0291542 -0.0551814 0.0540627 0.0553561 0.0569743
internal_weight=29.0629 20.1636 3.64657 8.89934 16.517 14.6108 8.44941 8.24027 1.47371 6.16138 5.75689 7.566 2.57993 1.23862
internal_count=324 137 40 187 97 90 54 184 27 36 35 180 56 25
is_linear=0
shrinkage=0.05


Tree=43
num_leaves=15
num_cat=0
split_feature=199 67 197 200 200 189 157 188 188 116 157 155 153 162
split_gain=12.2463 6.06497 2.12961 1.09868 1.02437 0.693398 0.669688 0.984049 0.869029 0.202613 0.247332 0.0778896 0.0239746 0.0013143
threshold=1.0000000180025095e-35 1.0000000180025095e-35 1.0000000180025095e-35 1.5000000000000002 1.0000000180025095e-35 1.0000000180025095e-35 1.0000000180025095e-35 1.5000000000000002 2.5000000000000004 1.0000000180025095e-35 1.0000000180025095e-35 1.0000000180025095e-35 1.0000000180025095e-35 1.0000000180025095e-35
decision_type=2 2 2 2 2 2 2 2 2 2 2 2 2 2
left_child=2 3 5 6 -4 9 7 -2 -9 -1 11 12 -11 -10
right_child=1 -3 4 -5 -6 -7 -8 8 13 10 -12 -13 -14 -15
leaf_value=-0.054843822378476452 0.0079526759865912351 -0.06149230346251109 0.070189743297577684 0.006883962218694562 -0.0093446834845273136 -0.0056660348100191328 0.11084079437988137 0.096102706032027391 0.054750504708716077 -0.03377725107038345 -0.055201067367737028 -0.039891604701475382 -0.026274455632772656 0.053228925510081009
leaf_weight=1.7588766366243316 0.97085741907357537 1.2801550589501864 0.73463061824440845 1.1339679770171649 0.90181479603052139 1.7885882630944241 0.58281297981739122 1.4649430215358714 2.0072708800435066 1.5943009592592767 1.4290302097797392 2.3404903970658779 3.2055476382374763 4.8442641496658325
leaf_count=12 5 6 12 14 12 8 9 9 47 11 9 18 19 126
internal_value=0.00522935 0.0415121 -0.027178 0.053495 0.0263598 -0.0344086 0.0588501 0.0555875 0.0611484 -0.039386 -0.0362133 -0.0324132 -0.0287666 0.0536747
internal_weight=26.0376 12.2843 13.7533 11.0041 1.63645 12.1168 9.87015 9.28734 8.31648 10.3282 8.56937 7.14034 4.79985 6.85154
internal_count=317 216 101 210 24 77 196 187 182 69 57 48 30 173
is_linear=0
shrinkage=0.05


Tree=44
num_leaves=15
num_cat=0
split_feature=188 102 185 188 183 116 60 155 153 153 162 189 183 190
split_gain=13.4954 1.90714 1.79754 0.935524 2.09067 0.216146 0.113468 0.241251 0.296577 0.131979 0.00237212 0.00247838 0.00342659 8.82244e-05
threshold=3.5000000000000004 1.0000000180025095e-35 1.0000000180025095e-35 1.5000000000000002 1.0000000180025095e-35 1.0000000180025095e-35 1.0000000180025095e-35 1.0000000180025095e-35 1.0000000180025095e-35 1.0000000180025095e-35 1.0000000180025095e-35 1.0000000180025095e-35 1.0000000180025095e-35 1.0000000180025095e-35
decision_type=2 2 2 2 2 2 2 2 2 2 2 2 2 2
left_child=1 2 3 5 -5 -1 7 8 -7 -8 11 -2 -13 -12
right_child=10 -3 -4 4 -6 6 9 -9 -10 -11 13 12 -14 -15
leaf_value=-0.054765678871526641 0.053095392909096463 0.020770196954636735 0.021274636079174084 0.012537996236603356 -0.054010260880976463 -0.054945894839203327 -0.05445526262062983 -0.018674397602702213 -0.029085271842440454 -0.035085156165926897 0.053803052349683161 0.053760143967049347 0.058687173132239069 0.053012064717750676
leaf_weight=2.4642633721232459 1.0249876193702214 2.1008527353405944 1.596485748887061 2.7943008318543425 2.0431121662259102 1.9649727344513008 1.877090722322464 1.7934803850948808 2.544048398733139 1.6544992700219154 0.38101887702941883 0.67801724746823289 0.73588720709085464 4.7138767912983894
leaf_count=17 28 20 7 17 9 13 14 12 16 11 9 17 13 130
internal_value=-0.0036641 -0.024403 -0.0294693 -0.0341969 -0.0155691 -0.041524 -0.0382058 -0.0341854 -0.040355 -0.0453806 0.0536851 0.0549674 0.0563245 0.0530712
internal_weight=28.3669 20.8331 18.7323 17.1358 4.83741 12.2984 9.83409 6.3025 4.50902 3.53159 7.53379 2.43889 1.4139 5.0949
internal_count=333 136 116 109 26 83 66 41 29 25 197 58 30 139
is_linear=0
shrinkage=0.05


Tree=45
num_leaves=15
num_cat=0
split_feature=188 186 88 149 189 200 153 155 60 135 199 188 191 166
split_gain=10.8464 2.01995 1.16153 0.950133 0.84088 2.27238 1.88185 0.15751 0.14571 0.0188382 0.00028077 8.58594e-06 8.1814e-06 1.14841e-05
threshold=3.5000000000000004 1.0000000180025095e-35 1.0000000180025095e-35 1.0000000180025095e-35 1.0000000180025095e-35 1.0000000180025095e-35 1.0000000180025095e-35 1.0000000180025095e-35 1.0000000180025095e-35 1.0000000180025095e-35 1.0000000180025095e-35 6.5000000000000009 1.5000000000000002 1.0000000180025095e-35
decision_type=2 2 2 2 2 2 2 2 2 2 2 2 2 2
left_child=1 2 3 -1 5 6 7 -5 -8 10 -2 12 13 -12
right_child=9 -3 -4 4 -6 -7 8 -9 -10 -11 11 -13 -14 -15
leaf_value=-0.051508993633838596 0.05401284972507462 0.032752645782056063 0.012320426742057638 -0.054962299416340392 -0.050565019012568636 0.038067066348154724 0.0027068161205653835 -0.036245634482777699 -0.014712337476465345 0.06349406715393241 0.05293417783375555 0.052758245960857778 0.053038157736522429 0.052746813900826944
leaf_weight=3.3974336609244391 0.58327117934822936 1.7348350211977948 2.0118845067918292 3.0159354880452209 2.1603431478142747 1.6326381862163533 3.0244822576642036 1.791933938860893 1.9907372146844862 0.45524253696203221 2.1843862123787403 1.4824770726263521 0.83609425649046887 1.3072836399078371
leaf_count=21 14 20 14 20 7 11 19 13 12 4 62 44 23 39
internal_value=-0.00089616 -0.0188964 -0.023606 -0.0278544 -0.0219522 -0.0165563 -0.0256349 -0.0479864 -0.00420753 0.0536668 0.0529671 0.0528621 0.0528977 0.052864
internal_weight=27.609 20.7602 19.0254 17.0135 13.6161 11.4557 9.82309 4.80787 5.01522 6.84875 6.39351 5.81024 4.32776 3.49167
internal_count=323 137 117 103 82 75 64 33 31 186 182 168 124 101
is_linear=0
shrinkage=0.05


Tree=46
num_leaves=15
num_cat=0
split_feature=186 190 88 188 188 188 153 59 203 162 153 36 51 197
split_gain=11.1306 2.86237 1.48123 1.01591 0.9009 0.399858 0.558139 0.638283 0.170347 0.000878756 0.00149656 0.000615142 0.000190062 9.01822e-05
threshold=1.0000000180025095e-35 1.0000000180025095e-35 1.0000000180025095e-35 2.5000000000000004 2.5000000000000004 1.5000000000000002 1.0000000180025095e-35 1.0000000180025095e-35 1.0000000180025095e-35 1.0000000180025095e-35 1.0000000180025095e-35 1.0000000180025095e-35 1.0000000180025095e-35 1.5000000000000002
decision_type=2 2 2 2 2 2 2 2 2 2 2 2 2 2
left_child=1 2 5 -3 -2 6 7 8 -1 10 12 -5 -6 -13
right_child=4 3 -4 11 9 -7 -8 -9 -10 -11 -12 13 -14 -15
leaf_value=-0.037506720784860094 0.12543904757542665 0.0025758776959303896 0.014285035043198733 0.055262527835189472 0.053939351802469698 -0.047168163199247388 -0.011666399463638455 -0.0046512937652565369 -0.057133861133301427 0.052795411060092383 0.055969626967935719 0.053787612816212416 0.052688598293007399 0.052755058995065301
leaf_weight=4.1130688712000936 0.46360753476619621 2.7236769050359717 2.026279389858245 0.61307441815733887 0.45463743619620822 3.1401800066232672 3.8664784803986549 1.3635372072458265 1.5118609517812727 4.2181901577860117 0.68252696841955174 0.3670033160597086 0.91506841406226158 0.49895770661532879
leaf_count=34 3 13 11 12 11 10 27 11 8 125 15 9 28 15
internal_value=0.0025033 -0.0160357 -0.0256699 0.0206911 0.058181 -0.0314547 -0.0269091 -0.0353423 -0.0427821 0.0532083 0.0540569 0.0540506 0.0531038 0.0531927
internal_weight=26.9581 20.2241 16.0214 4.20271 6.73403 13.9951 10.8549 6.98847 5.62493 6.27042 2.05223 1.47904 1.36971 0.865961
internal_count=332 150 101 49 182 90 80 53 42 179 54 36 39 24
is_linear=0
shrinkage=0.05


Tree=47
num_leaves=15
num_cat=0
split_feature=186 116 88 185 135 204 200 60 200 153 59 36 60 189
split_gain=7.9964 2.58744 2.20091 1.6607 1.21728 2.79944 1.23415 0.617925 0.530912 0.472859 0.614258 0.125357 0.288677 0.0458545
threshold=1.0000000180025095e-35 1.0000000180025095e-35 1.0000000180025095e-35 1.0000000180025095e-35 1.0000000180025095e-35 1.0000000180025095e-35 1.0000000180025095e-35 1.0000000180025095e-35 1.0000000180025095e-35 1.0000000180025095e-35 1.0000000180025095e-35 1.0000000180025095e-35 1.0000000180025095e-35 1.0000000180025095e-35
decision_type=2 2 2 2 2 2 2 2 2 2 2 2 2 2
left_child=2 -2 4 13 5 6 7 9 -7 10 -1 12 -3 -4
right_child=1 11 3 -5 -6 8 -8 -9 -10 -11 -12 -13 -14 -15
leaf_value=-0.054529137786593219 -0.041082524660495695 0.096442185511896483 0.073946081147659423 -0.010608325597727002 -0.067106165005143312 0.035524212680252513 0.015282385264331115 -0.054320948613952258 -0.0022701624955036195 -0.013506012574861496 -0.016239568189162477 0.053071543260497879 0.052914110434798295 0.054982910126190103
leaf_weight=2.555020660161972 0.7489465475082423 0.60989684425294011 0.77897823601961047 1.5104302279651165 1.3989706039428718 2.1365584358573009 1.3258092403411872 3.1844861954450607 1.6443207785487173 3.2087500765919685 1.7751855105161665 4.5385137367993593 1.0144766103476286 0.53961904160678387
leaf_count=19 3 11 10 8 4 19 8 25 11 22 14 137 30 14
internal_value=0.000293731 0.0466732 -0.0156882 0.025185 -0.0223996 -0.0184487 -0.0302269 -0.0358535 0.0190873 -0.0280528 -0.0388322 0.0573377 0.0692574 0.0661856
internal_weight=26.97 6.91183 20.0581 2.82903 17.2291 15.8301 12.0493 10.7234 3.78088 7.53896 4.33021 6.16289 1.62437 1.3186
internal_count=335 181 154 32 122 118 88 80 30 55 33 178 41 24
is_linear=0
shrinkage=0.05


Tree=48
num_leaves=15
num_cat=0
split_feature=186 190 60 20 199 199 188 189 199 153 60 155 193 197
split_gain=9.63847 2.40745 1.44962 1.29191 0.775053 1.56397 0.710476 0.441462 0.17832 0.12184 0.0667692 0.402073 0.00476589 8.34907e-05
threshold=1.0000000180025095e-35 1.0000000180025095e-35 1.0000000180025095e-35 1.0000000180025095e-35 1.0000000180025095e-35 1.5000000000000002 1.5000000000000002 1.0000000180025095e-35 1.0000000180025095e-35 1.0000000180025095e-35 1.0000000180025095e-35 1.0000000180025095e-35 1.0000000180025095e-35 1.5000000000000002
decision_type=2 2 2 2 2 2 2 2 2 2 2 2 2 2
left_child=1 3 4 7 -3 -6 -2 9 -4 10 11 -1 -8 -14
right_child=6 2 8 -5 5 -7 12 -9 -10 -11 -12 -13 13 -15
leaf_value=-0.039821782910988882 0.12955616678228504 -0.021605497081253495 0.096740654661832182 0.016248843641497777 0.079305261922548498 -0.021628784280698633 0.056477502115980217 -0.050814398176343922 0.052739464377434625 -0.019722577993488685 -0.038298598663006438 -0.0060517874530750587 0.053330638905405008 0.052499307279850006
leaf_weight=2.370377682149412 0.32166875898837943 1.703885052353143 0.41595242731273163 1.598301604390145 0.74583331681787945 0.79063273966312408 0.9235298167914151 2.3937772326171407 0.51576509140431881 3.7133691534399986 2.1533619239926338 1.4031979069113734 0.32386259362101544 4.4771623704582453
leaf_count=19 2 9 5 8 13 7 22 9 16 26 18 12 9 147
internal_value=0.00270717 -0.0158154 0.0174195 -0.0259867 0.0016155 0.0273667 0.057251 -0.0315962 0.0723832 -0.0268241 -0.0312734 -0.0272645 0.0531881 0.0525554
internal_weight=23.8507 17.8045 4.17207 13.6324 3.24035 1.53647 6.04622 12.0341 0.931718 9.64031 5.92694 3.77358 5.72455 4.80102
internal_count=322 142 50 92 29 20 180 84 21 75 49 31 178 156
is_linear=0
shrinkage=0.05


Tree=49
num_leaves=15
num_cat=0
split_feature=188 88 183 200 188 197 153 149 135 203 197 120 125 189
split_gain=10.3759 2.35569 0.909582 4.80122 2.10215 0.265739 0.262061 0.181231 0.00890954 0.00119318 0.000217961 1.02928e-05 6.78715e-06 4.20074e-06
threshold=3.5000000000000004 1.0000000180025095e-35 1.0000000180025095e-35 1.0000000180025095e-35 1.5000000000000002 1.0000000180025095e-35 1.0000000180025095e-35 1.0000000180025095e-35 1.0000000180025095e-35 1.0000000180025095e-35 1.5000000000000002 1.0000000180025095e-35 1.0000000180025095e-35 2.5000000000000004
decision_type=2 2 2 2 2 2 2 2 2 2 2 2 2 2
left_child=1 2 3 4 6 -3 7 -1 10 -9 -2 12 -12 -14
right_child=8 5 -4 -5 -6 -7 -8 9 -10 -11 11 -13 13 -15
leaf_value=-0.035932428384168408 0.053348625564872604 0.038732757516157429 -0.053246589986977823 0.063138641408347337 0.011446789280783338 0.0063038676011211957 -0.032937902709991904 -0.053816026779656481 0.061239166323143961 -0.055571206399800434 0.052267856064333873 0.052570307058334348 0.05234632364682329 0.05249280206625994
leaf_weight=1.9141430146992222 0.61808261275291343 1.3009147755801671 3.0920258425176135 1.443589899688958 2.2087620962411156 1.2281004041433332 4.523046538233757 2.865328609943397 0.30465489625930775 1.4625200629234312 2.2206559367477894 0.49606307968497265 1.6475362163037064 0.69633176736533631
leaf_count=17 18 7 16 9 15 14 31 24 3 9 79 16 57 23
internal_value=-0.00487061 -0.0221232 -0.0286386 -0.023361 -0.0329858 0.0229852 -0.0421024 -0.0487432 0.0529092 -0.0544092 0.0524623 0.052354 0.0523305 0.0523898
internal_weight=26.0218 20.0384 17.5094 14.4174 12.9738 2.52902 10.765 6.24199 5.98332 4.32785 5.67867 5.06059 4.56452 2.34387
internal_count=338 142 121 105 96 21 81 50 196 33 193 175 159 80
is_linear=0
shrinkage=0.05


Tree=50
num_leaves=15
num_cat=0
split_feature=188 185 199 199 109 117 155 188 153 204 135 199 93 51
split_gain=9.50441 1.80935 1.17832 2.39177 0.610467 0.56091 0.447187 0.243769 0.0265687 0.283289 0.00922473 0.000221445 0.000106686 3.99425e-06
threshold=3.5000000000000004 1.0000000180025095e-35 1.5000000000000002 1.0000000180025095e-35 1.0000000180025095e-35 1.0000000180025095e-35 1.0000000180025095e-35 2.5000000000000004 1.0000000180025095e-35 1.0000000180025095e-35 1.0000000180025095e-35 1.0000000180025095e-35 1.0000000180025095e-35 1.0000000180025095e-35
decision_type=2 2 2 2 2 2 2 2 2 2 2 2 2 2
left_child=1 2 3 4 5 6 8 -5 -1 -10 11 -2 13 -13
right_child=10 -3 -4 7 -6 -7 -8 -9 9 -11 -12 12 -14 -15
leaf_value=-0.022300051892286968 0.053261828572046324 0.026297335769294786 -0.064392592689623496 0.040727830373959134 -0.057723190783303048 -0.053963951725418929 -0.00037813628225125237 0.00706270900415809 -0.019414654213460072 -0.045226767692112681 0.060361764805462549 0.052215794802841511 0.052946816953539255 0.052120111203086676
leaf_weight=2.0624305419623834 0.60407177917659183 1.8372231498360641 1.7845540307462222 1.2765593826770776 1.717420399188996 1.4772511273622519 2.0733177252113819 0.92907381802797306 2.819179214537141 1.7063609026372457 0.38554203510284413 2.1903181746602058 0.48921523243188847 2.1725042071193457
leaf_count=18 18 10 7 8 10 12 22 16 20 7 4 80 14 82
internal_value=-0.00240732 -0.0206737 -0.0261196 -0.0212624 -0.0301567 -0.025487 -0.0206301 0.0265471 -0.0270036 -0.0291471 0.0528872 0.0523591 0.0522467 0.0521681
internal_weight=23.525 17.6834 15.8461 14.0616 11.856 10.1385 8.66129 2.20563 6.58797 4.52554 5.84165 5.45611 4.85204 4.36282
internal_count=328 130 120 113 89 79 67 24 45 27 198 194 176 162
is_linear=0
shrinkage=0.05


Tree=51
num_leaves=15
num_cat=0
split_feature=188 135 36 199 117 204 181 153 203 60 188 194 199 93
split_gain=8.38599 1.44303 1.35415 1.87851 0.411216 0.403706 0.220333 0.0302768 0.332377 0.0327549 0.001028 0.000212087 0.000209978 9.91841e-05
threshold=2.5000000000000004 1.0000000180025095e-35 1.0000000180025095e-35 1.0000000180025095e-35 1.0000000180025095e-35 1.0000000180025095e-35 1.0000000180025095e-35 1.0000000180025095e-35 1.0000000180025095e-35 1.0000000180025095e-35 3.5000000000000004 1.0000000180025095e-35 1.0000000180025095e-35 1.0000000180025095e-35
decision_type=2 2 2 2 2 2 2 2 2 2 2 2 2 2
left_child=2 10 3 4 5 7 -5 8 9 -1 11 -2 -12 -14
right_child=1 -3 -4 6 -6 -7 -8 -9 -10 -11 12 -13 13 -15
leaf_value=-0.019577883560452126 0.054643301807161516 -0.0093960820794845024 -0.067129366183423397 -0.00093873123143499405 -0.053650960808757864 0.00013589452672849628 0.021416466805177909 -0.025257327997705782 -0.054675386396330954 -0.029457914029874296 0.05322532212253378 0.053290003379396413 0.052055455055083945 0.052801507515461477
leaf_weight=2.0079621747136107 0.52430857159197219 1.1103446334600446 1.4782437533140189 2.1560073941946039 1.3871543332934386 1.414143159985543 2.2550457268953323 3.386188268661499 1.1569874286651609 1.4408198036253455 0.49492053128778923 0.64649187587201595 3.9468946307897568 0.50217732600867737
leaf_count=19 11 6 4 10 12 6 11 24 8 15 15 17 154 15
internal_value=-0.00195537 0.043042 -0.0214435 -0.0170017 -0.0282371 -0.0244892 0.0104898 -0.0288465 -0.0314853 -0.0237055 0.0525638 0.053896 0.0522483 0.0521397
internal_weight=23.9077 7.22514 16.6826 15.2043 10.7933 9.4061 4.41105 7.99196 4.60577 3.44878 6.11479 1.1708 4.94399 4.44907
internal_count=327 218 109 105 84 72 21 66 42 34 212 28 184 169
is_linear=0
shrinkage=0.05


Tree=52
num_leaves=15
num_cat=0
split_feature=88 188 58 21 200 135 188 188 116 59 203 153 197 188
split_gain=7.52775 2.86467 0.964034 0.956867 1.07752 0.933187 0.742459 0.409986 0.351276 0.211119 0.525428 0.282597 0.00087467 0.000284031
threshold=1.0000000180025095e-35 2.5000000000000004 1.0000000180025095e-35 1.0000000180025095e-35 1.0000000180025095e-35 1.0000000180025095e-35 1.5000000000000002 2.5000000000000004 1.0000000180025095e-35 1.0000000180025095e-35 1.0000000180025095e-35 1.0000000180025095e-35 1.5000000000000002 3.5000000000000004
decision_type=2 2 2 2 2 2 2 2 2 2 2 2 2 2
left_child=1 3 12 4 6 7 8 -2 -1 10 11 -10 -3 -9
right_child=5 2 -4 -5 -6 -7 -8 13 9 -11 -12 -13 -14 -15
leaf_value=-0.053730654910387844 0.088413263326880778 0.055078031363356941 -0.031839149553293616 -0.061173574034318202 0.010822535806125272 0.0055415175142124315 0.0032586960526617445 0.053372978381806574 -0.053108420046552099 -0.010879886280629527 -0.0020028652145969174 -0.028032902953214308 0.052372781026271353 0.0520075683500602
leaf_weight=1.4959315806627245 0.96559706330299278 0.37467396631836836 0.4097757227718829 1.4717408716678626 2.5077480152249345 0.96917354315519322 1.8412062972784049 0.42567971162497986 2.04584423452616 1.5684201046824453 1.1894162558019159 2.4924624413251877 1.4753205627202985 3.6184338219463825
leaf_count=13 6 7 5 5 13 6 8 11 20 13 8 18 53 145
internal_value=0.00224346 -0.0148396 0.0375507 -0.0229414 -0.0186596 0.0504522 -0.0256126 0.0591406 -0.0316588 -0.0271334 -0.0315841 -0.0393368 0.0529207 0.0521513
internal_weight=22.8514 16.8725 2.25977 14.6128 13.141 5.97888 10.6333 5.00971 8.79207 7.29614 5.72772 4.53831 1.84999 4.04411
internal_count=331 163 65 98 93 168 80 162 72 59 46 38 60 156
is_linear=0
shrinkage=0.05


Tree=53
num_leaves=15
num_cat=0
split_feature=186 198 93 188 135 188 203 155 188 188 200 135 153 188
split_gain=7.33551 1.47463 2.64738 2.48316 1.83289 1.22531 0.752532 0.196767 0.183473 0.161005 0.0253558 0.00530059 0.0030997 0.000224316
threshold=1.0000000180025095e-35 1.0000000180025095e-35 1.0000000180025095e-35 1.5000000000000002 1.0000000180025095e-35 1.5000000000000002 1.0000000180025095e-35 1.0000000180025095e-35 2.5000000000000004 2.5000000000000004 1.0000000180025095e-35 1.0000000180025095e-35 1.0000000180025095e-35 3.5000000000000004
decision_type=2 2 2 2 2 2 2 2 2 2 2 2 2 2
left_child=1 4 3 -3 5 6 7 12 -5 -2 -10 13 -1 -11
right_child=9 2 -4 8 -6 -7 -8 -9 10 11 -12 -13 -14 -15
leaf_value=-0.033843636565397475 0.089260898821258441 -0.022641125956611205 -0.051063749963886879 0.095012512704041957 -0.067099113811662767 0.016620540265260036 0.0074653248799872764 -0.016774797499043093 0.052415981649443166 0.052976227347172444 0.069612661597814235 0.059276157808250476 -0.036404675582526198 0.051896528904105281
leaf_weight=1.7470836527645639 0.31915450096130271 0.99476468563079778 1.1556083783507349 0.78112369775772073 2.025491625070571 2.3569293208420268 1.5678395330905912 1.8752889372408388 0.4038262702524662 0.55569706857204426 0.4568497259169817 0.26968747377395619 3.6494659632444382 3.5814451072365046
leaf_count=17 2 6 5 5 6 18 12 20 15 16 8 3 27 151
internal_value=-0.000139954 -0.015447 0.0120389 0.0396969 -0.0233302 -0.0154123 -0.0239532 -0.0307272 0.0774674 0.0549679 0.061544 0.0524843 -0.0355756 0.0520416
internal_weight=21.7403 17.0143 3.79217 2.63656 13.2221 11.1966 8.83968 7.27184 1.6418 4.72598 0.860676 4.40683 5.39655 4.13714
internal_count=311 139 39 34 100 94 76 64 28 172 23 170 44 167
is_linear=0
shrinkage=0.05


Tree=54
num_leaves=15
num_cat=0
split_feature=194 93 190 197 197 67 199 197 155 59 59 153 199 150
split_gain=5.94683 2.99465 1.34007 2.69248 1.54998 0.463879 0.234809 0.210706 0.175319 0.877963 0.752992 0.24831 0.132987 0.0777721
threshold=1.0000000180025095e-35 1.0000000180025095e-35 1.0000000180025095e-35 1.0000000180025095e-35 1.0000000180025095e-35 1.0000000180025095e-35 1.0000000180025095e-35 1.0000000180025095e-35 1.0000000180025095e-35 1.0000000180025095e-35 1.0000000180025095e-35 1.0000000180025095e-35 1.0000000180025095e-35 1.0000000180025095e-35
decision_type=2 2 2 2 2 2 2 2 2 2 2 2 2 2
left_child=2 5 4 -4 8 6 -2 -8 9 11 -10 -1 -5 -9
right_child=1 -3 3 12 -6 -7 7 13 10 -11 -12 -13 -14 -15
leaf_value=-0.01871750028319381 0.021402033618813491 -0.031099069187197584 -0.034400061497736723 0.087616266436320089 -0.066841585629350928 0.0026750676081543487 0.089296988233070002 0.052561039470597974 -0.052962474922851194 -0.044698126987994635 0.0010641114631185255 0.00297655338114035 0.052558581161288614 0.079885766140727121
leaf_weight=2.4780560433864611 0.47208385169505973 1.4425944238901136 1.6090938709676259 0.42014573141932465 2.3950121812522402 0.46706874854862679 0.49329950660467137 3.5374645646661524 1.7400108724832535 2.2079970315098763 1.0247613228857517 2.8201180845499039 0.75952532328665257 0.28109957836568344
leaf_count=20 14 16 10 5 10 5 4 146 18 15 9 22 27 6
internal_value=-0.00666085 0.0327071 -0.0237115 0.00766585 -0.0306201 0.0502363 0.0548799 0.0585452 -0.0221739 -0.0182093 -0.0329375 -0.00717016 0.0650446 0.0545725
internal_weight=22.1483 6.69361 15.4547 2.78876 12.666 5.25102 4.78395 4.31186 10.2709 7.50617 2.76477 5.29817 1.17967 3.81856
internal_count=327 191 136 42 94 175 170 156 84 57 27 42 32 152
is_linear=0
shrinkage=0.05


Tree=55
num_leaves=15
num_cat=0
split_feature=188 93 198 135 188 200 155 59 188 60 135 194 88 93
split_gain=6.84829 2.00175 2.33494 1.53774 1.62356 1.41379 1.36427 0.821632 0.55273 0.194893 0.00603866 0.000102901 8.83678e-05 4.23022e-05
threshold=3.5000000000000004 1.0000000180025095e-35 1.0000000180025095e-35 1.0000000180025095e-35 1.5000000000000002 1.0000000180025095e-35 1.0000000180025095e-35 1.0000000180025095e-35 1.5000000000000002 1.0000000180025095e-35 1.0000000180025095e-35 1.0000000180025095e-35 1.0000000180025095e-35 1.0000000180025095e-35
decision_type=2 2 2 2 2 2 2 2 2 2 2 2 2 2
left_child=1 2 3 4 5 7 8 9 -4 -1 11 12 -2 -13
right_child=10 -3 6 -5 -6 -7 -8 -9 -10 -11 -12 13 -14 -15
leaf_value=-0.034243140327184722 0.05315275407050022 -0.070965974936246665 0.026929358836031383 -0.066227468859003991 0.021872490291672986 0.026429331520740403 -0.013935789122765115 -0.0051341071294732426 0.079188422944293124 -0.053132578932047793 0.058728867543343527 0.051682947855321772 0.051870747445356469 0.052290946260396223
leaf_weight=3.4008404240012222 0.25419636629521747 1.5383822694420803 1.06861925125122 1.6334959268569953 2.4325512386858472 1.1955996640026567 1.2997494880110028 2.0854713693261147 0.96099168807268132 2.2816686034202576 0.34318839013576496 3.3393073193728928 0.28525945357978344 0.31289334967732418
leaf_count=29 8 5 7 5 16 9 10 19 15 23 4 157 13 11
internal_value=-0.00253075 -0.0164371 -0.0113092 -0.0208579 -0.0143547 -0.0241862 0.0260601 -0.0319766 0.0516733 -0.0418277 0.0523523 0.0518302 0.0524748 0.051735
internal_weight=22.4322 17.8974 16.359 13.0296 11.3961 8.96358 3.32936 7.76798 2.02961 5.68251 4.53484 4.19166 0.539456 3.6522
internal_count=331 138 133 101 96 80 32 71 22 52 193 189 21 168
is_linear=0
shrinkage=0.05


Tree=56
num_leaves=15
num_cat=0
split_feature=188 135 189 88 153 190 203 203 155 60 190 135 186 125
split_gain=6.06752 1.22315 1.46448 1.08461 1.23989 1.37054 1.05532 0.268619 0.639806 1.05393 0.0383936 0.00328408 0.000142697 0.000110392
threshold=3.5000000000000004 1.0000000180025095e-35 1.0000000180025095e-35 1.0000000180025095e-35 1.0000000180025095e-35 1.0000000180025095e-35 1.0000000180025095e-35 1.0000000180025095e-35 1.0000000180025095e-35 1.0000000180025095e-35 1.0000000180025095e-35 1.0000000180025095e-35 1.0000000180025095e-35 1.0000000180025095e-35
decision_type=2 2 2 2 2 2 2 2 2 2 2 2 2 2
left_child=1 2 3 4 5 7 10 8 -1 -10 -6 12 13 -2
right_child=11 -3 -4 -5 6 -7 -8 -9 9 -11 -12 -13 -14 -15
leaf_value=-0.053097752246487141 0.05303454881929881 -0.051840318820829123 0.041413295648266304 0.025522736932953718 -0.019132489276148149 0.016063390008831824 0.031292334117495019 -0.059447947530145345 0.025824874372995944 -0.052664143153509417 -0.0091393421303556707 0.057821567530900654 0.051650636130991606 0.051672748773153782
leaf_weight=2.3873790726065671 0.36549371294677202 2.0206150114536277 1.2498197387903918 1.4831398129463202 2.8698610067367554 1.1551925558596847 1.6438832338899372 1.8220225945115087 0.86380949988961198 0.84712674468755722 1.4451622217893598 0.2389821559190749 3.263161787763238 0.25102445296943188
leaf_count=24 12 7 12 14 24 9 13 10 10 10 7 3 158 12
internal_value=-0.00255275 -0.0152147 -0.0105211 -0.0149922 -0.0196022 -0.0337542 -0.00279824 -0.0434748 -0.0363735 -0.013037 -0.0157856 0.0521329 0.0517824 0.0524801
internal_weight=21.9067 17.788 15.7674 14.5176 13.0344 7.07553 5.95891 5.92034 4.09832 1.71094 4.31502 4.11866 3.87968 0.616518
internal_count=325 140 133 121 107 63 44 54 44 20 31 185 182 24
is_linear=0
shrinkage=0.05


Tree=57
num_leaves=15
num_cat=0
split_feature=188 183 188 60 157 45 149 153 155 153 162 189 183 188
split_gain=6.49742 2.02114 3.44554 1.03195 1.12088 1.02616 0.201833 0.217545 0.201298 0.00121492 0.000845549 0.0007223 0.000927271 0.000108659
threshold=2.5000000000000004 1.0000000180025095e-35 1.5000000000000002 1.0000000180025095e-35 1.0000000180025095e-35 1.0000000180025095e-35 1.0000000180025095e-35 1.0000000180025095e-35 1.0000000180025095e-35 1.0000000180025095e-35 1.0000000180025095e-35 1.0000000180025095e-35 1.0000000180025095e-35 3.5000000000000004
decision_type=2 2 2 2 2 2 2 2 2 2 2 2 2 2
left_child=1 2 3 4 6 10 8 -8 -1 -5 11 -2 -13 -12
right_child=5 -3 -4 9 -6 -7 7 -9 -10 -11 13 12 -14 -15
leaf_value=-0.053033551063781416 0.052041607619834396 -0.063259312013557695 0.029470059976096797 -0.052817587746144382 0.029098082565751804 -0.023548309392128479 -0.032725609869822307 -0.0084187283621319133 -0.02253693453931313 -0.054974488866532993 0.052620791809063129 0.052364920746409374 0.055420198986940131 0.051629206772990155
leaf_weight=1.0886831805109951 0.88183077424764522 2.1714116260409346 3.7422398701310149 1.311894528567791 1.1069917976856229 0.49152581393718708 1.5975050851702737 2.1721451729536057 1.0757834054529667 1.2996421530842781 0.30800143443048034 0.46257195994257927 0.53621378913521767 2.6823382023721933
leaf_count=11 38 8 19 15 10 6 14 16 10 10 10 19 14 133
internal_value=-0.00215977 -0.0185113 -0.0112573 -0.0270469 -0.0170905 0.0453057 -0.0257069 -0.0187195 -0.0378761 -0.053891 0.0522538 0.0530845 0.0540052 0.0517313
internal_weight=20.9288 15.5663 13.3949 9.65265 7.04111 5.36248 5.93412 3.76965 2.16447 2.61154 4.87096 1.88062 0.998786 2.99034
internal_count=333 113 105 86 61 220 51 30 21 25 214 71 33 143
is_linear=0
shrinkage=0.05


Tree=58
num_leaves=15
num_cat=0
split_feature=188 135 188 93 197 153 199 116 149 155 135 186 36 93
split_gain=5.95717 1.1706 1.62842 3.54519 1.11145 1.22103 0.60448 0.439694 0.446618 0.0680272 0.00371217 0.000104286 7.63394e-05 1.58847e-05
threshold=3.5000000000000004 1.0000000180025095e-35 1.5000000000000002 1.0000000180025095e-35 1.5000000000000002 1.0000000180025095e-35 1.0000000180025095e-35 1.0000000180025095e-35 1.0000000180025095e-35 1.0000000180025095e-35 1.0000000180025095e-35 1.0000000180025095e-35 1.0000000180025095e-35 1.0000000180025095e-35
decision_type=2 2 2 2 2 2 2 2 2 2 2 2 2 2
left_child=1 2 6 4 5 -4 7 -1 -9 -10 11 12 -2 -13
right_child=10 -3 3 -5 -6 -7 -8 8 9 -11 -12 13 -14 -15
leaf_value=-0.05320506917864503 0.052804549930820677 -0.051420474087176607 0.084889406154503813 -0.051782126767115993 -0.001312925827494807 0.018794539859098364 0.0053460633026998841 -0.05272309763727006 -0.01303008525377756 -0.026571757198497283 0.057351718085979865 0.051451435771012292 0.051689806925646377 0.051896154454549787
leaf_weight=1.6201221421360958 0.27916963957250063 1.9953606277704246 1.4175232928246269 1.6897543631494043 1.4769832156598566 1.3780977837741375 1.4274449348449705 1.0709283165633667 3.2840402536094224 1.2924018092453478 0.30302137136459339 2.9249211214482789 0.34139633551239967 0.21559314243495453
leaf_count=16 10 7 15 6 14 11 8 12 28 15 4 159 17 9
internal_value=-0.00224568 -0.0154912 -0.0106 0.00952562 0.033772 0.052308 -0.0244007 -0.0302435 -0.0236562 -0.0168543 0.0520279 0.051599 0.0521913 0.051482
internal_weight=20.7168 16.6527 14.6573 5.96236 4.2726 2.79562 8.69494 7.26749 5.64737 4.57644 4.0641 3.76108 0.620566 3.14051
internal_count=331 132 125 46 40 26 79 71 55 43 199 195 27 168
is_linear=0
shrinkage=0.05


Tree=59
num_leaves=15
num_cat=0
split_feature=188 135 93 188 200 60 190 116 153 60 155 135 199 93
split_gain=5.23645 0.925091 1.08565 2.70447 2.04606 1.48036 1.49508 0.420799 0.409156 0.21314 0.020885 0.00315043 0.000109648 3.92279e-05
threshold=3.5000000000000004 1.0000000180025095e-35 1.0000000180025095e-35 1.5000000000000002 1.0000000180025095e-35 1.0000000180025095e-35 1.0000000180025095e-35 1.0000000180025095e-35 1.0000000180025095e-35 1.0000000180025095e-35 1.0000000180025095e-35 1.0000000180025095e-35 1.0000000180025095e-35 1.0000000180025095e-35
decision_type=2 2 2 2 2 2 2 2 2 2 2 2 2 2
left_child=1 2 3 4 7 -5 -7 -1 9 10 -9 12 -2 -14
right_child=11 -3 -4 5 -6 6 -8 8 -10 -11 -12 -13 13 -15
leaf_value=-0.05307138101471004 0.052349286038083753 -0.048642381706351899 -0.046784775042187768 0.001012401967043693 0.038624582915872355 0.10735799620325598 0.017467549641094485 -0.030705869982484715 -0.010023543494525191 -0.052676949282422642 -0.021107816204226748 0.056942520947161179 0.051364570354751928 0.05195462729054269
leaf_weight=1.4635966941714258 0.35706516355276097 1.6803554892539985 1.7262127473950393 2.0432867575436822 1.3082420527935026 0.9320957697927954 0.91828322969377041 1.2463824078440711 3.0406451970338821 1.1572264395654204 1.0394412688910961 0.29026167094707478 2.7921001827344303 0.31327836960554112
leaf_count=15 15 6 7 19 10 10 10 12 25 14 10 4 160 13
internal_value=-0.00138869 -0.0134765 -0.0095041 -0.00460993 -0.0193175 0.030351 0.0627483 -0.0288556 -0.0233893 -0.0351929 -0.0263413 0.051939 0.0515195 0.0514241
internal_weight=20.3085 16.5558 14.8754 13.1492 9.25553 3.89367 1.85038 7.94729 6.4837 3.44305 2.28582 3.75271 3.46244 3.10538
internal_count=330 138 132 125 86 39 20 76 61 36 22 192 188 173
is_linear=0
shrinkage=0.05


Tree=60
num_leaves=15
num_cat=0
split_feature=188 93 198 190 153 135 203 153 59 135 203 162 93 190
split_gain=5.15979 1.60966 2.63602 1.08563 0.778519 0.713573 0.429943 0.74093 0.370823 0.00271653 3.40309e-05 4.26696e-05 2.24349e-05 2.17237e-06
threshold=3.5000000000000004 1.0000000180025095e-35 1.0000000180025095e-35 1.0000000180025095e-35 1.0000000180025095e-35 1.0000000180025095e-35 1.0000000180025095e-35 1.0000000180025095e-35 1.0000000180025095e-35 1.0000000180025095e-35 1.0000000180025095e-35 1.0000000180025095e-35 1.0000000180025095e-35 1.0000000180025095e-35
decision_type=2 2 2 2 2 2 2 2 2 2 2 2 2 2
left_child=1 2 3 5 -4 6 7 8 -1 10 11 -2 13 -12
right_child=9 -3 4 -5 -6 -7 -8 -9 -10 -11 12 -13 -14 -15
leaf_value=-0.022295912589514712 0.05234034567479369 -0.064130328030300693 0.010455554151336496 0.015334375430311343 0.062704915214803522 -0.063817715441264841 0.00042762662618246283 -0.044806097298058956 0.013615600428738673 0.056558753843927015 0.051460053372552675 0.051380737201214478 0.05176022909813708 0.051282462979176574
leaf_weight=2.4158601462840998 0.20705901645123947 1.5033218450844295 1.6779614407569179 1.7710867654532183 1.2396180666983128 1.1725282371044166 1.6821251884102819 3.2879119720309973 1.0233570709824564 0.27793139964342106 0.18597780913114625 0.26296243723481894 0.28982441313564766 2.3245118334889412
leaf_count=29 9 5 18 15 12 4 13 28 12 4 10 15 13 141
internal_value=-0.00266466 -0.0149193 -0.00973514 -0.0206291 0.0326552 -0.0272765 -0.0221814 -0.0278349 -0.0116103 0.0518131 0.0514098 0.0518035 0.0513437 0.0512956
internal_weight=19.322 15.7738 14.2704 11.3529 2.91758 9.58178 8.40925 6.72713 3.43922 3.54827 3.27034 0.470021 2.80031 2.51049
internal_count=328 136 131 101 30 86 82 69 41 192 188 24 164 151
is_linear=0
shrinkage=0.05


Tree=61
num_leaves=15
num_cat=0
split_feature=188 185 135 188 198 198 203 116 59 155 135 60 199 185
split_gain=5.49757 1.91807 0.828524 0.984637 2.35066 1.11257 0.421138 0.221252 0.0204447 0.280004 0.00229928 0.00151974 7.20715e-05 9.81429e-06
threshold=3.5000000000000004 1.0000000180025095e-35 1.0000000180025095e-35 1.5000000000000002 2.5000000000000004 1.0000000180025095e-35 1.0000000180025095e-35 1.0000000180025095e-35 1.0000000180025095e-35 1.0000000180025095e-35 1.0000000180025095e-35 1.0000000180025095e-35 1.0000000180025095e-35 1.0000000180025095e-35
decision_type=2 2 2 2 2 2 2 2 2 2 2 2 2 2
left_child=1 2 3 6 5 -5 7 -1 9 11 12 -9 -2 -14
right_child=10 -3 -4 4 -6 -7 -8 8 -10 -11 -12 -13 13 -15
leaf_value=-0.052962247217122331 0.052038602517121085 0.043174139598859081 -0.060266417258008881 0.0058534722663447225 -0.049625984264774187 0.072347522428163433 -0.0078203888593259465 -0.024484617700323466 -0.02358647108064019 -0.052353509740265994 0.05619855825747827 -0.022202884211401583 0.051257068549507373 0.051577378093706362
leaf_weight=1.2320415899157477 0.35612422879785288 1.2214871458709247 1.2929186373949058 1.8917150199413293 1.4889015257358549 0.94249070249497879 2.0250857248902321 2.253968387842181 1.1393467783927915 1.1506114937365053 0.26602806150913227 1.0791524797677996 2.6865198900923137 0.26251165010035027
leaf_count=13 17 7 5 13 7 19 15 19 11 15 4 11 167 14
internal_value=-0.00427365 -0.0169973 -0.0220675 -0.0183269 0.00124257 0.0279655 -0.0278539 -0.033772 -0.0295674 -0.0310871 0.0517267 -0.0237459 0.0513667 0.0512856
internal_weight=19.2889 15.7177 14.4962 13.2033 4.32311 2.83421 8.88021 6.85512 5.62308 4.48373 3.57118 3.33312 3.30516 2.94903
internal_count=337 135 128 123 39 32 84 69 56 45 202 30 198 181
is_linear=0
shrinkage=0.05


Tree=62
num_leaves=15
num_cat=0
split_feature=188 93 88 149 198 189 188 150 190 153 60 135 199 93
split_gain=4.47763 1.52693 3.10101 1.27677 0.679422 0.550385 0.247448 0.147367 0.116268 0.445612 0.0123562 0.0019544 5.24997e-05 2.50856e-05
threshold=3.5000000000000004 1.0000000180025095e-35 1.0000000180025095e-35 1.0000000180025095e-35 1.0000000180025095e-35 1.0000000180025095e-35 1.5000000000000002 1.0000000180025095e-35 1.0000000180025095e-35 1.0000000180025095e-35 1.0000000180025095e-35 1.0000000180025095e-35 1.0000000180025095e-35 1.0000000180025095e-35
decision_type=2 2 2 2 2 2 2 2 2 2 2 2 2 2
left_child=1 2 3 7 5 6 8 -1 9 10 -5 12 -2 -14
right_child=11 -3 -4 4 -6 -7 -8 -9 -10 -11 -12 -13 13 -15
leaf_value=-0.055010356291876977 0.051847903176149873 -0.060468627678316081 0.075406871001108766 -0.025334386416239141 0.025850393332323415 -0.037031329218059378 0.013859991307780742 -0.030988963991106996 -0.025610563526706445 0.0099958869970522054 -0.017833658255372982 0.055860234540276402 0.051168216786328824 0.051647194396770991
leaf_weight=1.5391560290008739 0.38436295464634884 1.4911605753004558 1.0490249339491136 1.2364820428192635 1.444422986358403 1.6630112733691929 1.3930314257740972 1.0910787917673588 0.95556750148534764 2.1297540925443172 0.98760503903031338 0.25454754382371891 2.3814761508256201 0.30880657210946072
leaf_count=14 20 5 15 14 16 8 8 12 6 21 14 4 158 15
internal_value=-0.000800266 -0.0124567 -0.00714919 -0.0141108 -0.0058165 -0.0112843 -0.00489591 -0.0450458 -0.00981691 -0.00635056 -0.0220037 0.0516499 0.0513013 0.0512232
internal_weight=18.3095 14.9803 13.4891 12.4401 9.80987 8.36545 6.70244 2.63023 5.30941 4.35384 2.22409 3.32919 3.07465 2.69028
internal_count=330 133 128 113 87 71 63 26 55 49 28 197 193 173
is_linear=0
shrinkage=0.05


Tree=63
num_leaves=15
num_cat=0
split_feature=190 88 117 116 204 60 180 64 186 189 149 135 153 153
split_gain=5.73487 2.30113 1.53154 1.38273 1.0187 0.75255 0.699141 0.197332 0.217423 0.116719 0.0725903 0.00101585 0.000508838 0.000203636
threshold=1.0000000180025095e-35 1.0000000180025095e-35 1.0000000180025095e-35 1.0000000180025095e-35 1.0000000180025095e-35 1.0000000180025095e-35 1.0000000180025095e-35 1.0000000180025095e-35 1.0000000180025095e-35 1.0000000180025095e-35 1.0000000180025095e-35 1.0000000180025095e-35 1.0000000180025095e-35 1.0000000180025095e-35
decision_type=2 2 2 2 2 2 2 2 2 2 2 2 2 2
left_child=1 3 7 -1 -3 6 10 8 9 -2 -5 -10 -12 -7
right_child=2 4 -4 5 -6 13 -8 -9 11 -11 12 -13 -14 -15
leaf_value=0.023674263311101246 0.082546145283254116 0.076242017178551016 -0.053418656371868482 -0.019440780032815377 -0.00016121049424332724 -0.052858335313561294 -0.047405509549557585 0.024346000033954224 0.05134042489119936 0.053167187465752122 -0.0031420565690932663 0.055263193923930448 -0.0045160804007701744 -0.05198514529508718
leaf_weight=1.3503350503742666 1.2081533418968309 0.90260510891675949 0.33544843643903721 1.0284570381045326 0.84444863535463877 1.1661042235791683 1.6298053562641142 0.42278640065342177 2.6392746279016142 0.4694305583834647 1.3514667637646234 0.17604603990912426 1.3437549397349358 1.5621629934757948
leaf_count=15 17 7 3 13 16 14 6 5 169 19 14 3 10 14
internal_value=0.00684841 -0.0133973 0.0499494 -0.0231603 0.0393121 -0.0309856 -0.0200936 0.0570032 0.0600763 0.0743252 -0.0081395 0.0515857 -0.0038271 -0.0523584
internal_weight=16.4303 11.1791 5.25114 9.43209 1.74705 8.08175 5.35348 4.91569 4.4929 1.67758 3.72368 2.81532 2.69522 2.72827
internal_count=325 109 216 86 23 71 43 213 208 36 37 172 24 28
is_linear=0
shrinkage=0.05


Tree=64
num_leaves=15
num_cat=0
split_feature=188 135 173 188 183 199 116 190 155 60 135 197 190 120
split_gain=4.30757 0.919604 1.03919 1.41441 3.43889 1.10619 0.564261 0.233954 0.151667 0.221327 0.0011665 4.34923e-05 3.32882e-06 1.59495e-06
threshold=3.5000000000000004 1.0000000180025095e-35 1.0000000180025095e-35 1.5000000000000002 1.0000000180025095e-35 1.0000000180025095e-35 1.0000000180025095e-35 1.0000000180025095e-35 1.0000000180025095e-35 1.0000000180025095e-35 1.0000000180025095e-35 1.5000000000000002 1.0000000180025095e-35 1.0000000180025095e-35
decision_type=2 2 2 2 2 2 2 2 2 2 2 2 2 2
left_child=1 2 3 5 7 6 -1 -5 9 -8 11 -2 -13 -14
right_child=10 -3 -4 4 -6 -7 8 -9 -10 -11 -12 12 13 -15
leaf_value=-0.052645671313007417 0.051701476564639609 -0.04859092000013146 -0.053816646832192054 0.045376819923733942 -0.02904473460624182 0.029836599997134949 -0.020117888929696695 0.077882186724082036 -0.031087027276928227 0.0055654941717215509 0.055351597714172009 0.051300878538747111 0.051063640454193919 0.05119961706226326
leaf_weight=1.4722875244915439 0.33688010741025198 1.7676289379596717 1.2476688027381904 1.1936611756682389 2.0730263171717525 1.0526949763298032 3.0037810727953937 1.0322622973471878 1.5922745503485201 1.163825951516628 0.17745778337120999 0.18170590046793256 1.9942530207335951 0.24180286843329657
leaf_count=17 19 7 4 11 17 6 28 12 21 14 3 11 145 16
internal_value=-0.00418019 -0.0146316 -0.0102916 -0.0059762 0.0172947 -0.0180513 -0.0250217 0.060451 -0.0179607 -0.0129457 0.0514224 0.0511692 0.0510951 0.0510783
internal_weight=18.5312 15.5991 13.8315 12.5838 4.29895 8.28486 7.23217 2.22592 5.75988 4.16761 2.9321 2.75464 2.41776 2.23606
internal_count=331 137 130 126 40 86 80 23 63 42 194 191 172 161
is_linear=0
shrinkage=0.05


Tree=65
num_leaves=15
num_cat=0
split_feature=88 183 191 156 185 149 109 116 60 202 172 194 197 192
split_gain=3.88663 1.7616 2.58764 1.61917 1.32158 0.961415 1.03586 0.350109 0.84706 0.187169 0.166638 0.26326 0.137778 0.0373947
threshold=1.0000000180025095e-35 1.0000000180025095e-35 1.0000000180025095e-35 1.0000000180025095e-35 1.0000000180025095e-35 1.0000000180025095e-35 1.0000000180025095e-35 1.0000000180025095e-35 1.0000000180025095e-35 1.0000000180025095e-35 1.0000000180025095e-35 1.5000000000000002 1.0000000180025095e-35 1.0000000180025095e-35
decision_type=2 2 2 2 2 2 2 2 2 2 2 2 2 2
left_child=1 2 4 12 5 -1 7 -7 -9 -4 11 -3 -2 -14
right_child=3 10 9 -5 -6 6 -8 8 -10 -11 -12 -13 13 -15
leaf_value=-0.049980617786956227 0.082223532397133064 -0.011299208857821 0.10119389244479662 -0.032732337853205819 0.04337116061970659 0.021518934758783293 -0.053290081745239054 0.010004163590656888 -0.02957251327085382 0.055693320071702614 -0.062668415506390768 -0.060671569683003079 0.05141769693327948 0.067530706511788552
leaf_weight=1.8906236281618465 0.53625961206853379 0.52465427853166968 0.38165597245097238 0.56888813246041525 0.96505104005336839 1.2265760637819747 1.1879126252606509 2.9640800990164289 2.4858663529157639 0.55423312727361917 1.4435995668172836 0.55625219270586967 2.0361606581136589 0.43743459787219752
leaf_count=26 5 14 4 11 5 13 11 29 24 23 6 8 137 9
internal_value=-0.00193467 -0.0136854 -0.0054839 0.0446266 -0.0124447 -0.0179665 -0.0102702 -0.00261597 -0.00804782 0.0742485 -0.0515526 -0.036707 0.0592481 0.0542671
internal_weight=17.7592 14.1805 11.656 3.57874 10.7201 9.75506 7.86444 6.67652 5.44995 0.935889 2.52451 1.08091 3.00985 2.4736
internal_count=325 163 135 162 108 103 77 66 53 27 28 22 151 146
is_linear=0
shrinkage=0.05


Tree=66
num_leaves=15
num_cat=0
split_feature=186 106 187 190 197 197 135 198 60 59 202 153 117 203
split_gain=2.4617 2.16219 1.68309 0.708243 1.91003 1.34955 0.606551 0.499756 0.266396 0.225369 0.165076 0.0549672 0.0200699 0.00545014
threshold=1.0000000180025095e-35 1.0000000180025095e-35 1.0000000180025095e-35 1.0000000180025095e-35 1.0000000180025095e-35 1.5000000000000002 1.0000000180025095e-35 1.0000000180025095e-35 1.0000000180025095e-35 1.0000000180025095e-35 1.0000000180025095e-35 1.0000000180025095e-35 1.0000000180025095e-35 1.0000000180025095e-35
decision_type=2 2 2 2 2 2 2 2 2 2 2 2 2 2
left_child=2 10 3 5 -5 6 7 8 9 11 -2 -1 -12 -6
right_child=1 -3 -4 4 13 -7 -8 -9 -10 -11 12 -13 -14 -15
leaf_value=-0.026201354869465128 0.10052667377437099 -0.048177458984274141 0.052826712736693107 -0.025787494833234573 0.06995731404408094 -0.070848808958851289 -0.04449897526328106 -0.040960121793126275 0.012974460541416469 0.0041952764471282628 0.051368914402039681 -0.012271113599913439 0.068666512479950009 0.062157986254406633
leaf_weight=1.2788039334118348 0.19276260398328293 0.60799659322947253 0.97718397155404169 1.5127694234251987 0.37802340742200602 1.2036183215677727 1.4092994928359983 1.0352707207202909 1.7713508047163484 1.7723547481000421 2.4159603547304873 1.5869357213377953 0.18020006828010071 0.54972192924469709
leaf_count=16 3 9 19 9 6 5 6 5 22 20 168 14 3 19
internal_value=-0.000780164 0.0372588 -0.0103692 -0.0153102 0.00885247 -0.0211734 -0.0144205 -0.00872657 -0.00352012 -0.00981962 0.0558842 -0.0184873 0.0525695 0.0653359
internal_weight=16.8723 3.39692 13.4753 12.4981 2.44051 10.0576 8.85402 7.44472 6.40945 4.63809 2.78892 2.86574 2.59616 0.927745
internal_count=324 183 141 122 34 88 83 77 72 50 174 30 171 25
is_linear=0
shrinkage=0.05


Tree=67
num_leaves=15
num_cat=0
split_feature=188 135 67 173 185 189 188 153 59 60 135 199 88 130
split_gain=3.02666 1.14403 1.25459 1.51377 3.72672 2.94788 1.27159 0.571648 0.70726 0.187303 0.000931502 4.37547e-05 2.42491e-06 2.1716e-06
threshold=3.5000000000000004 1.0000000180025095e-35 1.0000000180025095e-35 1.0000000180025095e-35 1.0000000180025095e-35 1.0000000180025095e-35 1.5000000000000002 1.0000000180025095e-35 1.0000000180025095e-35 1.0000000180025095e-35 1.0000000180025095e-35 1.0000000180025095e-35 1.0000000180025095e-35 1.0000000180025095e-35
decision_type=2 2 2 2 2 2 2 2 2 2 2 2 2 2
left_child=1 2 3 4 5 6 7 8 9 -1 11 -2 13 -13
right_child=10 -3 -4 -5 -6 -7 -8 -9 -10 -11 -12 12 -14 -15
leaf_value=-0.052825400882195943 0.051663887224055322 -0.046315129378761338 -0.048066557049795441 -0.05006588353516344 0.10637537940963263 0.089199378566279852 0.024425267099324105 -0.0017431537276100123 0.0028346120559787861 -0.028314129932823447 0.054535178932214601 0.050989923095136835 0.050934365700909937 0.051210572324164594
leaf_weight=1.7538626044988561 0.24991591461002816 1.6536128222942359 1.3606522381305701 1.2429237980395562 0.88906339369714338 0.8513181237503894 2.3505558613687754 3.2491157464683056 1.224481653422117 1.402736309915781 0.20692624896764744 0.35903642140328895 1.6136332517489791 0.16174575686454773
leaf_count=21 15 7 9 5 8 13 18 32 15 19 4 28 134 11
internal_value=0.00119145 -0.00693761 -0.00239195 0.00240186 0.00796561 -0.00011157 -0.00772944 -0.017635 -0.0294208 -0.041933 0.0513172 0.0510379 0.0509646 0.0510585
internal_weight=18.5696 15.9783 14.3247 12.9641 11.7211 10.8321 9.98075 7.6302 4.38108 3.1566 2.59126 2.38433 2.13442 0.520782
internal_count=339 147 140 131 126 118 105 87 55 40 192 188 173 39
is_linear=0
shrinkage=0.05


Tree=68
num_leaves=15
num_cat=0
split_feature=188 197 199 198 135 149 190 197 59 155 153 135 188 197
split_gain=3.50669 0.837777 2.75432 0.765203 1.08876 0.387789 0.0973312 0.0578327 0.0294918 0.64516 0.0664937 0.000602964 0.000201368 9.26261e-05
threshold=2.5000000000000004 1.5000000000000002 1.0000000180025095e-35 1.0000000180025095e-35 1.0000000180025095e-35 1.0000000180025095e-35 1.0000000180025095e-35 1.0000000180025095e-35 1.0000000180025095e-35 1.0000000180025095e-35 1.0000000180025095e-35 1.0000000180025095e-35 3.5000000000000004 2.5000000000000004
decision_type=2 2 2 2 2 2 2 2 2 2 2 2 2 2
left_child=1 2 5 4 13 -1 8 -5 9 10 -7 12 -9 -2
right_child=3 -3 -4 7 -6 6 -8 11 -10 -11 -12 -13 -14 -15
leaf_value=-0.052191916379798732 0.052974610137527814 -0.045061684084736084 0.030929948390466477 0.076946678495444704 -0.057560574910771017 0.0052624115450955744 -0.0311805991740539 0.052115144071396925 -0.024357366300832201 -0.052038907935520212 -0.0098753324543899169 0.054392499494516182 0.050917019031686619 0.051555331756610839
leaf_weight=1.1154196187853784 0.18910594470798914 1.9628388956189144 3.0448016226291648 0.24161354079842601 0.42633680999279022 1.0676360614597844 1.627711735665798 0.42880954220891077 1.1458839289844034 0.93434070050716389 2.2632828690111637 0.15120897814631451 1.925045753829181 0.29318535421043634
leaf_count=15 8 7 19 4 2 12 8 19 10 14 20 3 164 19
internal_value=-0.00289782 -0.01493 -0.00964887 0.0404272 0.000652511 -0.024801 -0.0204604 0.0535851 -0.0172357 -0.0153225 -0.00502334 0.0513319 0.0511353 0.0521118
internal_weight=16.8172 13.1619 11.1991 3.65531 0.908628 8.15427 7.03886 2.74668 5.41114 4.26526 3.33092 2.50506 2.35386 0.482291
internal_count=324 105 98 219 29 79 64 190 56 46 32 186 183 27
is_linear=0
shrinkage=0.05


Tree=69
num_leaves=15
num_cat=0
split_feature=188 135 173 185 188 198 59 155 204 199 153 135 199 93
split_gain=2.82921 1.48605 1.06784 3.85242 2.01215 1.96685 0.691208 0.519512 0.479916 0.11812 0.000925615 0.000669771 3.76917e-05 1.33064e-05
threshold=3.5000000000000004 1.0000000180025095e-35 1.0000000180025095e-35 1.0000000180025095e-35 1.5000000000000002 2.5000000000000004 1.0000000180025095e-35 1.0000000180025095e-35 1.0000000180025095e-35 1.0000000180025095e-35 1.0000000180025095e-35 1.0000000180025095e-35 1.0000000180025095e-35 1.0000000180025095e-35
decision_type=2 2 2 2 2 2 2 2 2 2 2 2 2 2
left_child=1 2 3 4 6 8 7 10 -6 -10 -1 12 -2 -14
right_child=11 -3 -4 -5 5 -7 -8 -9 9 -11 -12 -13 13 -15
leaf_value=-0.018478409238494316 0.051540045984403197 -0.060740076026561542 -0.047540780578916315 0.10331685379227801 0.022121846452228065 -0.025149628461472062 0.0089821692832303297 -0.053239360024914043 0.085962097872510787 0.055637720834739168 -0.019930628138918022 0.05406741903729663 0.0508404540946246 0.051254070699277288
leaf_weight=1.7444258332252465 0.25017773453146208 1.2153217792510993 1.2167359162122018 0.86377827264368612 0.65791575610637698 1.1365800052881243 1.6365630924701688 1.493820399045944 0.82714631780981995 0.52492140978574753 2.9575841948390007 0.18879634141921986 1.7043510694056747 0.219489550217986
leaf_count=22 16 5 5 8 4 5 19 19 10 18 26 4 156 14
internal_value=0.000531849 -0.00785671 -0.00293536 0.00164746 -0.00635147 0.0274199 -0.0199187 -0.0275525 0.0571462 0.0741891 -0.0193919 0.0512108 0.0509627 0.0508876
internal_weight=16.6376 14.2748 13.0595 11.8427 10.979 3.14656 7.83239 6.19583 2.00998 1.35207 4.70201 2.36281 2.17402 1.92384
internal_count=331 141 136 131 123 37 86 67 32 28 48 190 186 170
is_linear=0
shrinkage=0.05


Tree=70
num_leaves=15
num_cat=0
split_feature=188 183 194 200 190 203 155 59 153 135 197 93 180 190
split_gain=2.79667 0.913259 1.49678 0.654835 0.708606 0.393307 0.208572 0.656595 0.0226518 0.000475683 1.98795e-05 5.61126e-06 2.15914e-06 1.53318e-06
threshold=3.5000000000000004 1.0000000180025095e-35 1.0000000180025095e-35 1.0000000180025095e-35 1.0000000180025095e-35 1.0000000180025095e-35 1.0000000180025095e-35 1.0000000180025095e-35 1.0000000180025095e-35 1.0000000180025095e-35 1.5000000000000002 1.0000000180025095e-35 1.0000000180025095e-35 1.0000000180025095e-35
decision_type=2 2 2 2 2 2 2 2 2 2 2 2 2 2
left_child=1 2 3 4 5 6 7 8 -1 10 12 13 -2 -12
right_child=9 -3 -4 -5 -6 -7 -8 -9 -10 -11 11 -13 -14 -15
leaf_value=-0.014090448338304471 0.051416566855687552 -0.040244570795180609 0.045375815385541619 0.013311498999942828 -0.046395808836291408 0.015874885203701668 0.0033497991132456586 -0.053425277570250111 -0.0059053942740443406 0.053925717937296481 0.05096967171355115 0.051092737504810998 0.051138300033247146 0.050787592859864908
leaf_weight=1.4208907857537254 0.14522321987897147 1.984590774402023 1.3801917890086777 2.3948885370045891 1.5893988423049448 1.2598328813910482 1.2319776155054567 1.1046334058046339 2.0865668691694736 0.13738687708973873 0.12503559980541457 0.18343160767108191 0.13406442478299141 1.534501473419368
leaf_count=17 11 19 18 14 10 12 21 11 20 3 10 13 10 149
internal_value=-0.000653712 -0.00874113 -0.00372673 -0.00983873 -0.0162163 -0.00946406 -0.0149265 -0.0198084 -0.00922121 0.0510745 0.0508899 0.0508303 0.051283 0.0508013
internal_weight=16.7126 14.453 12.4684 11.0882 8.6933 7.1039 5.84407 4.61209 3.50746 2.25964 2.12226 1.84297 0.279288 1.65954
internal_count=338 142 123 105 91 81 69 48 37 196 193 172 21 159
is_linear=0
shrinkage=0.05


Tree=71
num_leaves=15
num_cat=0
split_feature=188 135 183 188 102 117 60 149 197 135 199 88 132 188
split_gain=2.31667 1.45584 1.12462 2.28804 1.25314 1.01359 0.174556 0.227464 0.0302318 0.000337924 2.63662e-05 1.88108e-06 1.79483e-06 2.87897e-07
threshold=3.5000000000000004 1.0000000180025095e-35 1.0000000180025095e-35 1.5000000000000002 1.0000000180025095e-35 1.0000000180025095e-35 1.0000000180025095e-35 1.0000000180025095e-35 1.0000000180025095e-35 1.0000000180025095e-35 1.0000000180025095e-35 1.0000000180025095e-35 1.0000000180025095e-35 6.5000000000000009
decision_type=2 2 2 2 2 2 2 2 2 2 2 2 2 2
left_child=1 2 3 5 8 6 7 -1 -5 10 -2 12 -12 -13
right_child=9 -3 -4 4 -6 -7 -8 -9 -10 -11 11 13 -14 -15
leaf_value=-0.016501740417649506 0.051352971833662664 -0.060079233616772768 -0.032321698478299486 0.057634023572335692 -0.0078677988740289834 -0.052318282550369244 -0.01425010880674716 0.011554837005127291 0.06956802443280935 0.053530414129307327 0.050801031429972734 0.050768125955212733 0.051012020786061367 0.050715645698084615
leaf_weight=0.9541625156998611 0.23187984991818789 1.1475062966346747 2.3428811226040134 1.210980877280236 0.88258568197488774 1.1645065844058988 1.7487150467932222 2.9742648862302277 0.94464206602424372 0.12561777606606472 0.30392089486122098 0.84573526680469513 0.15081341192126274 0.37818359117954969
leaf_count=14 17 5 19 7 11 15 23 28 15 3 29 85 12 40
internal_value=0.00133438 -0.00623199 -0.00117665 0.006209 0.0423166 -0.00982549 -0.00110929 0.00474027 0.0628638 0.0510184 0.0508532 0.0507842 0.050871 0.0507519
internal_weight=15.4064 13.3702 12.2227 9.87986 3.03821 6.84165 5.67714 3.92843 2.15562 2.03615 1.91053 1.67865 0.454734 1.22392
internal_count=323 137 132 113 33 80 65 42 22 186 183 166 41 125
is_linear=0
shrinkage=0.05


Tree=72
num_leaves=15
num_cat=0
split_feature=188 135 67 203 153 155 21 155 200 190 197 202 190 93
split_gain=2.58642 1.3596 1.27929 1.3304 1.52355 1.02721 1.60702 0.229218 0.197582 0.181494 0.000114766 1.80463e-05 6.70235e-06 4.88004e-06
threshold=3.5000000000000004 1.0000000180025095e-35 1.0000000180025095e-35 1.0000000180025095e-35 1.0000000180025095e-35 1.0000000180025095e-35 1.0000000180025095e-35 1.0000000180025095e-35 1.0000000180025095e-35 1.0000000180025095e-35 1.5000000000000002 1.0000000180025095e-35 1.0000000180025095e-35 1.0000000180025095e-35
decision_type=2 2 2 2 2 2 2 2 2 2 2 2 2 2
left_child=1 2 3 4 7 6 8 -1 -5 -6 11 -2 -12 -14
right_child=10 -3 -4 5 9 -7 -8 -9 -10 -11 12 -13 13 -15
leaf_value=0.0082190382837173791 0.052205750513014071 -0.058984566826704721 -0.053223183562440324 0.05088357259958172 -0.035118195530025813 -0.019788212473192575 -0.013936445343393458 0.039430753614460787 0.083403843246178277 -0.013590604754062756 0.051139679243233316 0.051445347722927651 0.050709811355892802 0.050979341025021413
leaf_weight=1.6816809885203787 0.14997581206262234 1.2669175863265998 1.2163612190634019 0.94357070047408409 3.2790272943675518 0.95092548895627249 0.91360707487910975 0.90469286963343609 0.92488133255392313 1.3958404809236524 0.11345136631280173 0.16264193691313267 1.4076758148148654 0.19068775046616782
leaf_count=23 8 6 9 11 30 13 7 15 12 8 9 13 151 15
internal_value=-0.00176703 -0.00968244 -0.00456707 0.000816068 -0.0116549 0.0250741 0.0404084 0.0191366 0.0669811 -0.0286904 0.0509292 0.0518101 0.0507683 0.050742
internal_weight=15.5019 13.4775 12.2106 10.9942 7.26124 3.73298 2.78206 2.58637 1.86845 4.67487 2.02443 0.312618 1.71181 1.59836
internal_count=330 134 128 119 76 43 30 38 23 38 196 21 175 166
is_linear=0
shrinkage=0.05


Tree=73
num_leaves=15
num_cat=0
split_feature=188 93 198 60 188 155 59 188 181 149 203 197 156 93
split_gain=2.54828 1.84828 3.75977 0.563204 1.43526 0.453116 0.45601 0.715378 0.200576 0.146403 0.0524009 9.98029e-05 3.57033e-05 2.41068e-06
threshold=3.5000000000000004 1.0000000180025095e-35 1.5000000000000002 1.0000000180025095e-35 1.5000000000000002 1.0000000180025095e-35 1.0000000180025095e-35 1.5000000000000002 1.0000000180025095e-35 1.0000000180025095e-35 1.0000000180025095e-35 1.5000000000000002 1.0000000180025095e-35 1.0000000180025095e-35
decision_type=2 2 2 2 2 2 2 2 2 2 2 2 2 2
left_child=1 2 3 5 10 6 7 -1 -4 -7 -5 -2 13 -13
right_child=11 -3 8 4 -6 9 -8 -9 -10 -11 -12 12 -14 -15
leaf_value=-0.0051645737909217565 0.051807322111537761 -0.067715633859068272 0.10319160397445722 -0.029241437211186806 0.03938762186680092 -0.015050417177067982 -0.051319774860064206 -0.055231171163177217 0.061577565364055009 0.013907267254266427 -0.013476090062780466 0.050677796787895996 0.05153135717809551 0.050903309981355484
leaf_weight=2.4512586854398202 0.27040865924209434 1.3002803847193725 0.52091690339148111 1.4711920544505126 1.4941742345690725 0.88159438595175743 1.7072649262845514 1.0064060529693959 0.65197020582854748 0.86448070406913735 0.82132529094815243 1.352182531263679 0.14056628663092841 0.12988795805722464
leaf_count=26 18 5 9 22 13 11 17 7 13 9 7 152 11 11
internal_value=-0.00332591 -0.0111224 -0.00492326 -0.0142407 0.00125808 -0.0227329 -0.0301768 -0.0197372 0.0800597 -0.000713485 -0.0235933 0.050918 0.0507698 0.0506976
internal_weight=15.0639 13.1709 11.8706 10.6977 3.78669 6.911 5.16493 3.45766 1.17289 1.74608 2.29252 1.89305 1.62264 1.48207
internal_count=331 139 134 112 42 70 50 33 22 20 29 192 174 163
is_linear=0
shrinkage=0.05


Tree=74
num_leaves=15
num_cat=0
split_feature=202 67 117 198 155 188 153 109 204 60 188 188 116 188
split_gain=2.47741 1.10385 1.31939 0.727095 0.504132 0.48858 0.388115 1.52364 0.968021 0.376048 0.121979 0.0350292 0.000461995 5.31479e-05
threshold=1.0000000180025095e-35 1.0000000180025095e-35 1.0000000180025095e-35 1.0000000180025095e-35 1.0000000180025095e-35 1.5000000000000002 1.0000000180025095e-35 1.0000000180025095e-35 1.0000000180025095e-35 1.0000000180025095e-35 2.5000000000000004 1.5000000000000002 1.0000000180025095e-35 3.5000000000000004
decision_type=2 2 2 2 2 2 2 2 2 2 2 2 2 2
left_child=1 2 3 6 5 -5 7 9 -8 -1 -7 -2 -13 -14
right_child=11 -3 -4 4 -6 10 8 -9 -10 -11 -12 12 13 -15
leaf_value=0.045179141270468542 0.075949780489165564 -0.053556756229775238 -0.052175548445324217 0.01343053453443873 -0.0032195142245152208 0.094665710829103647 0.012592627123976775 -0.053026874752756636 -0.037325464176481797 0.0086525838715040566 0.051017598933142033 0.054271155527529757 0.051628472589834162 0.05078061526051314
leaf_weight=1.3630430474877309 0.15319266915321472 1.151539076119662 1.1634450107812888 0.48213245719671227 0.63356256205588568 0.44438781589269638 1.8573162667453291 0.77071150392293919 2.0356569867581129 1.4587572617456317 0.25017454661428928 0.10666718892753047 0.20994977746158894 1.5450326339341698
leaf_count=20 1 8 16 3 9 3 17 8 13 18 23 4 11 170
internal_value=0.00178733 -0.00709409 -0.00197863 0.00430396 0.0327396 0.0521009 -0.0025728 0.00927894 -0.0135098 0.0262964 0.0789441 0.0529674 0.0510762 0.050882
internal_weight=13.6256 11.6107 10.4592 9.29574 1.81026 1.17669 7.48549 3.59251 3.89297 2.8218 0.694562 2.01484 1.86165 1.75498
internal_count=324 138 130 114 38 29 76 46 30 38 26 186 185 181
is_linear=0
shrinkage=0.05


Tree=75
num_leaves=15
num_cat=0
split_feature=188 198 198 197 203 188 117 155 204 60 135 199 93 88
split_gain=2.86155 1.07887 2.15475 0.819236 0.728269 0.678648 0.0981834 0.116733 0.0831082 0.0487236 0.000240746 1.51736e-05 5.72319e-06 3.15039e-07
threshold=3.5000000000000004 1.0000000180025095e-35 2.5000000000000004 1.0000000180025095e-35 1.0000000180025095e-35 1.5000000000000002 1.0000000180025095e-35 1.0000000180025095e-35 1.0000000180025095e-35 1.0000000180025095e-35 1.0000000180025095e-35 1.0000000180025095e-35 1.0000000180025095e-35 1.0000000180025095e-35
decision_type=2 2 2 2 2 2 2 2 2 2 2 2 2 2
left_child=1 3 5 4 6 -3 7 8 9 -1 11 -2 13 -13
right_child=10 2 -4 -5 -6 -7 -8 -9 -10 -11 -12 12 -14 -15
leaf_value=-0.039255968975684279 0.051186609885112172 0.011984706681908736 -0.034301299987279481 0.0062635701052393888 0.0034117338639529922 0.072541018929137321 -0.052026990867863346 -0.020426389532347339 -0.02938287577403341 -0.052726907179756505 0.053093368852153655 0.050657162630757195 0.050946823820903854 0.050602064756689616
leaf_weight=2.2969293333590008 0.14223553799092847 0.86687429249286563 1.6416848730295897 1.7511971406638611 1.2723086960613725 0.99223397485911846 1.022938724607229 1.0849888660013673 1.6399954259395606 0.94841038808226574 0.11135128140449513 0.34498524619266357 0.14402977004647244 1.0462447288446128
leaf_count=24 12 6 8 15 13 20 15 19 7 12 3 40 12 132
internal_value=-0.00858676 -0.0164513 0.00744259 -0.024802 -0.0313838 0.0443045 -0.0377142 -0.0352619 -0.0385568 -0.0431927 0.050842 0.0506926 0.0506468 0.0506157
internal_weight=15.3064 13.5176 3.50079 10.0168 8.26557 1.85911 6.99326 5.97032 4.88534 3.24534 1.78885 1.6775 1.53526 1.39123
internal_count=338 139 34 105 90 26 77 62 43 36 199 196 184 172
is_linear=0
shrinkage=0.05


Tree=76
num_leaves=15
num_cat=0
split_feature=186 173 181 59 200 188 153 149 60 188 188 203 188 193
split_gain=3.14883 0.904212 2.19021 1.06796 1.04557 0.333313 0.530587 0.405025 0.348374 0.109552 0.00548418 0.00045723 0.000210201 2.34768e-05
threshold=1.0000000180025095e-35 1.0000000180025095e-35 1.0000000180025095e-35 1.0000000180025095e-35 1.0000000180025095e-35 1.5000000000000002 1.0000000180025095e-35 1.0000000180025095e-35 1.0000000180025095e-35 1.5000000000000002 2.5000000000000004 1.0000000180025095e-35 3.5000000000000004 1.0000000180025095e-35
decision_type=2 2 2 2 2 2 2 2 2 2 2 2 2 2
left_child=1 2 4 -4 5 6 7 -1 -7 -2 -11 -9 -12 -14
right_child=9 -3 3 -5 -6 8 -8 11 -10 10 12 -13 13 -15
leaf_value=-0.011761679405835605 0.083504177435084662 -0.049943940658931263 0.0096667335058579201 0.11105372426482657 0.020509895944657488 -0.024714223090315693 -0.0088968113205131708 -0.052134603893083081 0.015032733236709957 0.060305432169852027 0.052233230292228275 -0.053685699325886342 0.051207440080957657 0.050663335287673694
leaf_weight=0.84754713624715483 0.31981545686721924 1.1898159533739097 0.47866946039721436 0.56787891546264291 2.00474156672135 1.0516400854103267 2.2811303623020649 1.3981815688312038 1.1586922076530755 0.17455305904149998 0.28876776061952103 0.71965951845049847 0.23790816916152824 1.1892912937328217
leaf_count=14 2 5 19 9 18 8 25 21 13 2 14 7 24 147
internal_value=0.00170923 -0.00863223 -0.00395458 0.0646814 -0.0115464 -0.0201646 -0.027026 -0.0409719 -0.00387822 0.0564402 0.0518619 -0.0526617 0.051003 0.050754
internal_weight=13.9083 11.698 10.5081 1.04655 9.46159 7.45685 5.24652 2.96539 2.21033 2.21034 1.89052 2.11784 1.71597 1.4272
internal_count=328 139 134 28 106 88 67 42 21 189 187 28 185 171
is_linear=0
shrinkage=0.05


Tree=77
num_leaves=15
num_cat=0
split_feature=188 93 198 15 116 200 190 200 59 155 135 199 93 190
split_gain=2.72397 0.637371 1.66557 1.92303 0.977374 1.10933 0.0779978 0.0746362 0.0366245 0.0388765 0.000218118 1.3573e-05 4.55345e-06 3.63045e-07
threshold=3.5000000000000004 1.0000000180025095e-35 1.0000000180025095e-35 1.0000000180025095e-35 1.0000000180025095e-35 1.0000000180025095e-35 1.0000000180025095e-35 1.0000000180025095e-35 1.0000000180025095e-35 1.0000000180025095e-35 1.0000000180025095e-35 1.0000000180025095e-35 1.0000000180025095e-35 1.0000000180025095e-35
decision_type=2 2 2 2 2 2 2 2 2 2 2 2 2 2
left_child=1 2 4 7 -1 6 8 -4 9 -6 11 -2 13 -13
right_child=10 -3 3 -5 5 -7 -8 -9 -10 -11 -12 12 -14 -15
leaf_value=0.013734707406299066 0.051047857368248996 -0.050542541863517025 0.044960609227256657 -0.038655560380019736 -0.039743822092525805 -0.0003092964041745895 -0.0314677083594933 0.066980576050556129 -0.053057174839968683 -0.051617159157821751 0.052764255639917913 0.050659146282275552 0.050840826455405219 0.050546806176817762
leaf_weight=1.4072354696691007 0.18867479683831412 1.4449655115604407 0.93465064000338427 0.86403730511665333 2.7201611250638931 2.1314846128225327 1.3219849467277525 0.65414673183113337 1.1297551244497297 0.92346524447202671 0.1339172925800084 0.077558032702654378 0.16025549080222834 0.98876981809735298
leaf_count=18 18 6 12 10 32 14 7 13 12 17 4 9 15 137
internal_value=-0.011968 -0.019158 -0.015406 0.0213784 -0.0247713 -0.0313579 -0.0422153 0.0540268 -0.0451918 -0.0427531 0.0508356 0.0506531 0.0505923 0.050555
internal_weight=15.0811 13.5319 12.0869 2.45283 9.63409 8.22685 6.09537 1.5888 4.77338 3.64363 1.54918 1.41526 1.22658 1.06633
internal_count=324 141 135 35 100 82 68 25 61 49 183 179 161 146
is_linear=0
shrinkage=0.05


Tree=78
num_leaves=15
num_cat=0
split_feature=56 198 198 183 203 153 155 153 204 155 190 153 159 115
split_gain=1.58766 1.69622 1.6428 1.58721 0.861449 2.41014 0.962696 0.428049 0.821508 0.418195 0.218245 0.265701 0.136748 0.11456
threshold=1.0000000180025095e-35 1.0000000180025095e-35 2.5000000000000004 1.0000000180025095e-35 1.0000000180025095e-35 1.0000000180025095e-35 1.0000000180025095e-35 1.0000000180025095e-35 1.0000000180025095e-35 1.0000000180025095e-35 1.0000000180025095e-35 1.0000000180025095e-35 1.0000000180025095e-35 1.0000000180025095e-35
decision_type=2 2 2 2 2 2 2 2 2 2 2 2 2 2
left_child=1 4 7 9 6 -6 10 8 -3 -4 11 -1 -2 -9
right_child=12 2 3 -5 5 -7 -8 13 -10 -11 -12 -13 -14 -15
leaf_value=-0.026994223488751357 0.050763484988092668 -0.019449478297800166 0.067856339745327107 -0.047856710017614747 -0.030350830395014669 0.078206801517482077 0.0097125749609392846 0.061461063954829948 0.059044292901418931 -0.0047698923505893331 -0.019654208084897064 -0.054438534451053559 0.10244038936386045 0.10404604278613222
leaf_weight=1.4951599072664961 0.20520461862906891 0.5586248114705068 0.52612772071734082 1.2777620228007436 1.3815968749113383 0.8116486663930117 1.4294802397489546 1.0498794307932255 0.82653525425121277 0.31802560389041901 1.3508734754286704 2.150229599326849 0.34033828973770142 0.1858917004428805
leaf_count=20 24 5 27 26 16 15 24 66 64 2 15 22 2 3
internal_value=-0.000605249 -0.00401881 0.0199964 -0.012708 -0.0172339 0.00982281 -0.0264689 0.046474 0.0273883 0.0404952 -0.0368208 -0.0431822 0.0830022 0.0678669
internal_weight=13.9074 13.3618 4.74285 2.12192 8.61899 2.19325 6.42574 2.62093 1.38516 0.844153 4.99626 3.64539 0.545543 1.23577
internal_count=331 305 193 55 112 31 81 138 69 29 57 42 26 69
is_linear=0
shrinkage=0.05


Tree=79
num_leaves=15
num_cat=0
split_feature=162 93 198 135 189 200 155 153 190 59 102 188 203 188
split_gain=1.8701 1.55199 1.42387 1.22007 2.31594 0.572986 0.481565 0.599257 0.0965146 0.0862325 0.158796 0.0181453 0.0107742 0.0087119
threshold=1.0000000180025095e-35 1.0000000180025095e-35 1.5000000000000002 1.0000000180025095e-35 1.0000000180025095e-35 1.0000000180025095e-35 1.0000000180025095e-35 1.0000000180025095e-35 1.0000000180025095e-35 1.0000000180025095e-35 1.0000000180025095e-35 2.5000000000000004 1.0000000180025095e-35 2.5000000000000004
decision_type=2 2 2 2 2 2 2 2 2 2 2 2 2 2
left_child=1 2 3 4 5 6 7 -1 -9 10 -4 -2 -11 -14
right_child=11 -3 9 -5 -6 -7 -8 8 -10 12 -12 -13 13 -15
leaf_value=-0.052219686274342564 0.066034736900770219 -0.061519197225034607 -0.0067304798937391557 -0.058387714577112865 0.079004742593774477 0.019009577076249673 0.0071576810737126913 -0.0075466407553697566 -0.025053532186635388 0.071758336611857265 0.055055659787393421 0.050679763119244693 0.067915267978132396 0.051191517705400147
leaf_weight=1.4533174522221015 0.23555372655391771 1.3010583948343999 0.15184917813167043 1.1368269175291068 0.77757416991516937 1.2752126422710715 1.4896061047911642 2.1771053820848465 1.2331786900758746 0.25986506044864655 0.32995859161019325 1.0502285328693686 0.13226526975631714 0.18936173897236586
leaf_count=21 2 6 8 6 19 17 25 23 7 2 24 137 1 19
internal_value=-0.00379371 -0.00997972 -0.00365735 -0.00977262 -0.00319792 -0.0115769 -0.0177162 -0.0253345 -0.0138772 0.0512255 0.0355828 0.0534928 0.0641867 0.058069
internal_weight=13.193 11.9072 10.6061 9.54282 8.40599 7.62842 6.35321 4.8636 3.41028 1.0633 0.481808 1.28578 0.581492 0.321627
internal_count=317 178 172 118 112 93 76 51 30 54 32 139 22 20
is_linear=0
shrinkage=0.05


Tree=80
num_leaves=15
num_cat=0
split_feature=186 188 93 135 198 190 197 203 153 59 155 188 188 197
split_gain=2.55291 0.806583 1.24467 1.70426 0.704367 0.645907 0.522345 0.352234 0.766287 0.559979 0.830839 0.0563526 0.00621666 0.00182941
threshold=1.0000000180025095e-35 1.5000000000000002 1.0000000180025095e-35 1.0000000180025095e-35 1.0000000180025095e-35 1.0000000180025095e-35 1.0000000180025095e-35 1.0000000180025095e-35 1.0000000180025095e-35 1.0000000180025095e-35 1.0000000180025095e-35 1.5000000000000002 2.5000000000000004 1.5000000000000002
decision_type=2 2 2 2 2 2 2 2 2 2 2 2 2 2
left_child=1 4 3 5 7 -3 -7 8 9 10 -1 -2 -13 -8
right_child=11 2 -4 -5 -6 6 13 -9 -10 -11 -12 12 -14 -15
leaf_value=0.017683849616395252 0.075728666853790816 0.079261448110202859 -0.040582555520313701 -0.031919232458037086 -0.056411744717183236 -0.0021090509740193247 0.06530112570253617 0.016361066233595064 -0.03788750469567783 0.038424783045586615 -0.051832175223798176 0.060938705722623235 0.050902256795712968 0.059500233267933945
leaf_weight=0.96706792712211453 0.29660375416278917 0.97241595759987909 0.93433121871203173 0.92976647987961758 1.0105410292744634 0.73978026024997212 0.27569274371489882 0.9680231139063834 2.2501829043030739 0.75175026431679715 0.77369502559304237 0.17309417948126782 1.4202337008900938 0.2680655331350863
leaf_count=17 2 12 6 6 6 5 10 11 27 12 13 2 184 17
internal_value=0.00209235 -0.00725598 0.0101632 0.0250463 -0.0179337 0.048524 0.0252371 -0.0111249 -0.016735 0.00236108 -0.0132131 0.0557177 0.0519926 0.0624414
internal_weight=12.7312 10.8413 4.12005 3.18572 6.72126 2.25595 1.28354 5.71072 4.7427 2.49251 1.74076 1.88993 1.59333 0.543758
internal_count=330 142 56 50 86 44 32 80 69 42 30 188 186 27
is_linear=0
shrinkage=0.05


Tree=81
num_leaves=15
num_cat=0
split_feature=88 156 67 135 0 204 203 153 203 59 188 185 60 188
split_gain=1.40681 1.25167 1.02422 1.09281 1.19836 0.750926 0.935038 0.930622 1.65899 0.940105 0.081567 0.0423275 0.034068 0.00916984
threshold=1.0000000180025095e-35 1.0000000180025095e-35 1.0000000180025095e-35 1.0000000180025095e-35 1.0000000180025095e-35 1.0000000180025095e-35 1.0000000180025095e-35 1.0000000180025095e-35 1.0000000180025095e-35 1.0000000180025095e-35 2.5000000000000004 1.0000000180025095e-35 1.0000000180025095e-35 2.5000000000000004
decision_type=2 2 2 2 2 2 2 2 2 2 2 2 2 2
left_child=2 11 3 4 5 7 -7 8 9 12 -8 13 -1 -2
right_child=1 -3 -4 -5 -6 6 10 -9 -10 -11 -12 -13 -14 -15
leaf_value=-0.012484353241047165 0.061209439586524653 -0.037955075572356375 -0.050857015929419463 -0.055137212919399936 -0.04293504065028321 0.012673208968480343 0.081049532823360179 0.027139338439156946 -0.056542671250307347 0.070538732980749572 0.051235111144351753 0.069181139555018256 0.002927542126536098 0.051020098145272363
leaf_weight=0.83873892575502063 0.28176330775022629 0.40999211976304639 0.95775400754064399 0.74607742577791292 1.0439774943515665 1.7957185790874031 0.73504880815744378 2.4067359454929829 1.3474622741341593 0.5545671023428439 0.33348250295966864 0.6103847543708979 0.62633597478270531 1.0206203344278035
leaf_count=13 3 10 8 5 18 17 5 27 11 9 36 16 14 134
internal_value=0.00586083 0.0413235 -0.00137366 0.00317105 0.00766414 0.0137794 0.0347103 0.00339619 -0.0135749 0.0150923 0.0717446 0.0583164 -0.00589559 0.0532245
internal_weight=13.7087 2.32276 11.3859 10.4281 9.68207 8.63809 2.86425 5.77384 3.3671 2.01964 1.06853 1.91277 1.46507 1.30238
internal_count=326 163 163 155 150 132 58 74 47 36 41 153 27 137
is_linear=0
shrinkage=0.05


Tree=82
num_leaves=15
num_cat=0
split_feature=188 173 183 197 199 60 155 153 172 190 153 135 188 153
split_gain=1.95586 1.02718 0.94137 2.04679 0.821608 0.430481 0.436733 0.31826 0.243314 0.482578 0.0343974 0.0222819 0.000320585 5.24556e-05
threshold=2.5000000000000004 1.0000000180025095e-35 1.0000000180025095e-35 1.0000000180025095e-35 1.0000000180025095e-35 1.0000000180025095e-35 1.0000000180025095e-35 1.0000000180025095e-35 1.0000000180025095e-35 1.0000000180025095e-35 1.0000000180025095e-35 1.0000000180025095e-35 3.5000000000000004 1.0000000180025095e-35
decision_type=2 2 2 2 2 2 2 2 2 2 2 2 2 2
left_child=1 2 3 4 5 6 7 -1 11 -10 -7 12 13 -2
right_child=8 -3 -4 -5 -6 10 -8 -9 9 -11 -12 -13 -14 -15
leaf_value=-0.052010199955543526 0.052727219473265113 -0.052330367642648194 -0.041854172965844365 0.056281532642971005 0.037980742577492156 -0.00077556986914116761 0.0028599045863596942 -0.019497442185478039 -0.055468516873275947 0.051621193944345313 0.014054797212285445 0.067713439038021711 0.050522041853388468 0.051585250602604993
leaf_weight=1.2354380153119511 0.20798369916156056 1.141494736075402 1.2954958826303489 1.5277431011199949 0.86065182089805592 0.6702211797237394 1.2351085804402826 1.9262516498565674 0.16713745892047871 0.28387458063662052 0.938447006046772 0.22948931902647007 1.0798513917252419 0.1946929763071239
leaf_count=19 11 4 7 12 7 14 18 18 1 26 11 4 173 12
internal_value=0.00120007 -0.00746894 -0.00218386 0.0039388 -0.0077077 -0.0142554 -0.0223526 -0.0322019 0.0446081 0.0119356 0.00787601 0.0532153 0.050971 0.0521751
internal_weight=12.9939 10.8309 9.68936 8.39386 6.86612 6.00547 4.3968 3.16169 2.16303 0.451012 1.60867 1.71202 1.48253 0.402677
internal_count=337 110 106 99 87 80 55 37 227 27 25 200 196 23
is_linear=0
shrinkage=0.05


Tree=83
num_leaves=15
num_cat=0
split_feature=88 198 150 200 153 58 189 153 204 59 153 197 188 14
split_gain=1.87461 0.625174 0.819154 0.472853 1.9146 0.47226 0.526567 0.99354 1.2545 1.03875 0.68678 0.129879 0.030598 0.000164158
threshold=1.0000000180025095e-35 2.5000000000000004 1.0000000180025095e-35 1.0000000180025095e-35 1.0000000180025095e-35 1.0000000180025095e-35 1.0000000180025095e-35 1.0000000180025095e-35 1.0000000180025095e-35 1.0000000180025095e-35 1.0000000180025095e-35 1.0000000180025095e-35 2.5000000000000004 1.0000000180025095e-35
decision_type=2 2 2 2 2 2 2 2 2 2 2 2 2 2
left_child=1 2 3 5 11 6 7 9 -9 -1 -8 -5 -2 -14
right_child=12 -3 -4 4 -6 -7 10 8 -10 -11 -12 -13 13 -15
leaf_value=-0.052208742784537611 0.065945827088110878 -0.032627274180335522 -0.049749459839020009 0.10651385178269174 -0.011214790791263952 -0.033766064031931803 0.077225786385211978 0.046960371451680402 -0.018562323415480798 0.013192119701439999 -0.018736917623013986 0.066288849360287422 0.050698827375018962 0.052829209145178996
leaf_weight=1.4309780262410605 0.50235944241285402 1.5392873883247364 0.72069522552192289 0.41542627289891254 1.2914653513580561 0.92923352774232615 0.51079143723472942 1.6748893596231937 1.2955982377752662 1.0545678865164518 0.29362186836078763 0.38818731950595975 0.93424377171322681 0.10011501796543598
leaf_count=23 5 15 13 4 15 10 12 19 9 15 16 18 143 7
internal_value=0.00394283 -0.00296279 0.00160094 0.00558682 0.0264895 -0.00050424 0.00443279 -0.00113516 0.0183822 -0.0244605 0.0421981 0.0870831 0.0558219 0.050905
internal_weight=13.0815 11.5447 10.0055 9.28476 2.09508 7.18968 6.26045 5.45603 2.97049 2.48555 0.804413 0.803614 1.53672 1.03436
internal_count=324 169 154 141 37 104 94 66 28 38 28 22 155 150
is_linear=0
shrinkage=0.05


Tree=84
num_leaves=15
num_cat=0
split_feature=188 183 203 153 190 60 149 60 190 188 135 199 93 88
split_gain=1.54622 0.628549 0.540147 0.843571 0.647786 0.21246 0.185409 0.023467 0.00366698 0.0979105 9.11205e-05 4.30248e-06 3.24164e-06 3.25967e-07
threshold=3.5000000000000004 1.0000000180025095e-35 1.0000000180025095e-35 1.0000000180025095e-35 1.0000000180025095e-35 1.0000000180025095e-35 1.0000000180025095e-35 1.0000000180025095e-35 1.0000000180025095e-35 1.5000000000000002 1.0000000180025095e-35 1.0000000180025095e-35 1.0000000180025095e-35 1.0000000180025095e-35
decision_type=2 2 2 2 2 2 2 2 2 2 2 2 2 2
left_child=1 2 3 6 5 -4 -1 -8 9 -5 11 -2 13 -13
right_child=10 -3 4 8 -6 -7 7 -9 -10 -11 -12 12 -14 -15
leaf_value=-0.010264852011561612 0.050762010358449121 -0.035742999947787436 0.013306611809296615 -0.021235672410164649 0.046064407760997489 -0.016081830117954162 0.021550456494074683 0.011052201218815047 -0.024148960512767631 -0.039849766588344125 0.052217441385642396 0.050458048051125907 0.050693015975449618 0.050388408967581858
leaf_weight=1.0371983200311645 0.11571104032918877 1.9237005487084395 1.1798105910420422 2.1318725720047955 0.97898416174575675 1.2845857385545969 0.90656177327036691 1.2894253917038441 1.1874952167272566 1.056587162427604 0.080440761521458515 0.22836033161729574 0.11171504389494658 0.63613659888505936
leaf_count=18 15 19 10 26 15 10 13 16 7 7 3 38 13 124
internal_value=-0.00439761 -0.00936589 -0.00477493 -0.0122106 0.0116563 -0.00201234 0.00715738 0.0153862 -0.0265207 -0.027404 0.0505934 0.0504737 0.0504396 0.0504068
internal_weight=14.1486 12.9762 11.0525 7.60914 3.44338 2.4644 3.23319 2.19599 4.37595 3.18846 1.17236 1.09192 0.976212 0.864497
internal_count=334 141 122 87 35 20 47 29 40 33 193 190 175 162
is_linear=0
shrinkage=0.05


Tree=85
num_leaves=15
num_cat=0
split_feature=185 162 188 183 198 189 116 59 155 188 135 199 93 194
split_gain=1.44981 1.74231 1.385 0.922512 0.881334 0.308034 0.473227 0.570906 0.343335 0.0402417 8.34885e-05 7.5788e-06 9.8976e-07 8.96586e-08
threshold=1.0000000180025095e-35 1.0000000180025095e-35 3.5000000000000004 1.0000000180025095e-35 1.5000000000000002 1.0000000180025095e-35 1.0000000180025095e-35 1.0000000180025095e-35 1.0000000180025095e-35 1.5000000000000002 1.0000000180025095e-35 1.0000000180025095e-35 1.0000000180025095e-35 1.0000000180025095e-35
decision_type=2 2 2 2 2 2 2 2 2 2 2 2 2 2
left_child=2 -2 3 4 5 6 -1 8 9 -8 11 -4 13 -13
right_child=1 -3 10 -5 -6 -7 7 -9 -10 -11 -12 12 -14 -15
leaf_value=-0.051817978995015626 0.091103075036635034 -0.020662563670983337 0.050832742049022918 -0.044958228418524919 0.042889359620089079 0.014548997915648273 -0.0046322950219454938 0.029514498345733178 -0.037447928952303561 -0.016343087154334492 0.051998553779419421 0.050437366569227642 0.050568952082892693 0.05037701859005083
leaf_weight=0.72660577669739623 0.89433502126485176 0.57153591606765985 0.11676033539697417 1.6575375804677612 0.88989939354360093 1.1255379379726944 2.7983084991574265 0.82536889985203732 1.3035123720765112 0.9942028336226939 0.097141576930880547 0.068012878764420748 0.079281541518867016 0.64738832833245397
leaf_count=12 12 16 15 19 14 11 37 10 22 6 4 12 11 130
internal_value=0.00073572 0.0475262 -0.00531825 -0.0107832 -0.00424462 -0.00964043 -0.0137358 -0.0090628 -0.0153109 -0.00770227 0.0506051 0.0504566 0.0504013 0.0503828
internal_weight=12.7954 1.46587 11.3296 10.321 8.66344 7.77354 6.648 5.92139 5.09602 3.79251 1.00858 0.911443 0.794683 0.715401
internal_count=331 28 303 131 112 98 87 75 65 43 172 168 153 142
is_linear=0
shrinkage=0.05


Tree=86
num_leaves=15
num_cat=0
split_feature=93 186 149 198 198 189 200 203 172 155 188 188 188 180
split_gain=1.59874 1.48758 0.931685 0.605619 1.28883 0.689387 1.98007 0.436726 0.221607 0.274958 0.0355863 0.00724569 1.3169e-05 5.56751e-06
threshold=1.0000000180025095e-35 1.0000000180025095e-35 1.0000000180025095e-35 1.0000000180025095e-35 1.5000000000000002 1.0000000180025095e-35 1.0000000180025095e-35 1.0000000180025095e-35 1.0000000180025095e-35 1.0000000180025095e-35 2.5000000000000004 1.5000000000000002 3.5000000000000004 1.0000000180025095e-35
decision_type=2 2 2 2 2 2 2 2 2 2 2 2 2 2
left_child=1 2 8 5 -5 6 7 11 9 -1 -3 -4 -12 -14
right_child=-2 10 3 4 -6 -7 -8 -9 -10 -11 12 -13 13 -15
leaf_value=-0.04455216771730286 -0.055182365070956557 0.070772871124343689 -0.012389052042270209 -0.0090839286943858802 0.086067569069291916 -0.027540391996732486 0.074760169163677559 0.026260200830409565 -0.054876985902226595 0.0012992370540102715 0.050994825056461371 -0.017476108756206598 0.050643333846081433 0.050375365637678172
leaf_weight=0.62399682588875227 1.2812893167138106 0.27987331151962169 2.5646380297839628 0.7787791136652229 0.65536750480532646 1.8435223121196029 0.9171469286084174 0.84408343210816372 0.73156187869608391 0.68687851447612047 0.14179059490561485 0.96275107562541951 0.30608876422047615 0.52854727231897414
leaf_count=17 18 2 41 9 21 13 11 10 4 13 12 4 53 107
internal_value=-0.00212226 0.00360764 -0.00248479 0.00475042 0.0343978 -0.00121114 0.00796678 -0.00604665 -0.0328303 -0.0205267 0.0550546 -0.0137775 0.0505493 0.0504736
internal_weight=13.1463 11.865 10.6087 8.56629 1.43415 7.13214 5.28862 4.37147 2.04244 1.31088 1.2563 3.52739 0.976427 0.834636
internal_count=335 317 143 109 30 79 66 55 34 30 174 45 172 160
is_linear=0
shrinkage=0.05


Tree=87
num_leaves=15
num_cat=0
split_feature=188 116 130 173 185 204 60 149 153 153 203 135 194 36
split_gain=1.8113 0.458433 0.683533 0.428279 1.18131 0.616722 0.569231 0.116333 0.0648563 0.0190871 0.00764342 6.74007e-05 7.12828e-06 5.10159e-06
threshold=3.5000000000000004 1.0000000180025095e-35 1.0000000180025095e-35 1.0000000180025095e-35 1.0000000180025095e-35 1.0000000180025095e-35 1.0000000180025095e-35 1.0000000180025095e-35 1.0000000180025095e-35 1.0000000180025095e-35 1.0000000180025095e-35 1.0000000180025095e-35 1.0000000180025095e-35 1.0000000180025095e-35
decision_type=2 2 2 2 2 2 2 2 2 2 2 2 2 2
left_child=1 -1 3 4 5 6 7 -3 -9 -8 -7 12 13 -2
right_child=11 2 -4 -5 -6 10 9 8 -10 -11 -12 -13 -14 -15
leaf_value=-0.044481268549378228 0.051068489018762257 -0.055404522034022845 0.017243685958227291 -0.051105725206139513 0.036666041873039519 -0.001217746544801902 0.00086264133899126196 -0.043949870120343813 -0.028018887864194576 -0.010677530169056086 0.0052987418253799832 0.052024057849141353 0.050380819776031274 0.050502091119898222
leaf_weight=1.4728764016181219 0.069400653243065547 1.1644858457148042 1.4444351582787938 0.97477459535002786 0.9397043241187929 1.1899209041148395 0.67352831177413441 1.3380175046622762 1.2226313948631287 0.76558839529752731 0.72364550177007902 0.072382079437375069 0.80139129445888102 0.093071858631446958
leaf_count=21 7 13 17 4 8 8 15 17 9 8 18 3 165 16
internal_value=-0.0128514 -0.0183682 -0.014683 -0.0198114 -0.0160066 -0.0229998 -0.0319841 -0.0423019 -0.0363433 -0.00527656 0.00124657 0.0505525 0.050442 0.050744
internal_weight=12.9459 11.9096 10.4367 8.9923 8.01752 7.07782 5.16425 3.72513 2.56065 1.43912 1.91357 1.03625 0.963864 0.162473
internal_count=329 138 117 100 96 88 62 39 26 23 26 191 188 23
is_linear=0
shrinkage=0.05


Tree=88
num_leaves=15
num_cat=0
split_feature=13 56 188 135 149 36 188 60 153 188 188 188 153 135
split_gain=1.47201 1.45312 1.1269 0.626365 0.690012 0.506826 0.580528 0.302415 0.221654 0.0439521 0.0157939 0.00400676 0.0022224 5.67819e-05
threshold=1.0000000180025095e-35 1.0000000180025095e-35 3.5000000000000004 1.0000000180025095e-35 1.0000000180025095e-35 1.0000000180025095e-35 1.5000000000000002 1.0000000180025095e-35 1.0000000180025095e-35 1.5000000000000002 1.5000000000000002 2.5000000000000004 1.0000000180025095e-35 1.0000000180025095e-35
decision_type=2 2 2 2 2 2 2 2 2 2 2 2 2 2
left_child=1 2 3 4 9 6 7 12 -9 -1 -2 -12 -6 -4
right_child=10 -3 13 -5 5 -7 -8 8 -10 -11 11 -13 -14 -15
leaf_value=-0.051530680751857544 0.068900922353203262 0.081103482071730182 0.050435900041595587 -0.060151611850747293 -0.003756221715943728 -0.040479344194715959 0.020975624501780255 -0.014497626744759151 -0.05322069247009921 -0.034304486774611363 0.0589069147255065 0.050411219008427668 -0.0008517946520814482 0.051812149755854624
leaf_weight=0.92764898389577755 0.26816019415855485 0.41815670626238066 0.54468846390955228 0.81884424388408739 1.3680057264864383 1.012463543564081 1.8604946904815731 0.9055853448808191 0.62432805076241493 0.61629476398229599 0.24823690950870514 0.31475311540998518 1.2701375670731068 0.086904950439929962
leaf_count=18 2 19 112 4 20 11 19 17 7 6 3 63 13 4
internal_value=-0.00512899 -0.010221 -0.0140263 -0.0183685 -0.0143832 -0.00774537 -0.00224787 -0.0126141 -0.0302998 -0.0446545 0.0589141 0.0541572 -0.00235788 0.0506253
internal_weight=11.2847 10.4536 10.0354 9.4038 8.58496 7.04101 6.02855 4.16806 1.52991 1.54394 0.83115 0.56299 2.63814 0.631593
internal_count=318 250 231 115 111 87 76 57 24 24 68 66 33 116
is_linear=0
shrinkage=0.05


Tree=89
num_leaves=15
num_cat=0
split_feature=88 183 200 59 153 189 153 153 198 172 60 197 188 203
split_gain=1.8676 0.782764 1.12472 0.955986 1.26085 0.612524 1.52059 0.92712 0.55369 0.568623 0.345798 0.0253627 0.00376183 0.000809848
threshold=1.0000000180025095e-35 1.0000000180025095e-35 1.0000000180025095e-35 1.0000000180025095e-35 1.0000000180025095e-35 1.0000000180025095e-35 1.0000000180025095e-35 1.0000000180025095e-35 2.5000000000000004 1.0000000180025095e-35 1.0000000180025095e-35 1.0000000180025095e-35 2.5000000000000004 1.0000000180025095e-35
decision_type=2 2 2 2 2 2 2 2 2 2 2 2 2 2
left_child=1 2 3 5 -5 6 13 -7 9 -3 -8 -2 -13 -1
right_child=11 8 -4 4 -6 7 10 -9 -10 -11 -12 12 -14 -15
leaf_value=-0.051385884641112246 0.06555514501160177 0.036174527626822862 0.047581816556166841 0.082273984107317968 -0.0098069110692071849 0.077693007987046259 0.017117503512009982 -0.026212274192160552 -0.06054485253354687 -0.039406475828884818 -0.015663628006833439 0.061065696242112326 0.050872422844590731 -0.053515986241648709
leaf_weight=1.4377802871167626 0.52812145324423976 0.43992535956204004 1.2391939673107115 0.68216155446134485 0.81701290793716908 0.43822944257408369 1.819587517529726 0.42085997946560383 0.89554781187325705 0.57294787466526031 1.4420314058661461 0.10105118900537491 0.86794270272366703 0.64701425656676281
leaf_count=31 7 19 16 11 13 8 19 19 7 7 12 1 161 7
internal_value=0.00438922 -0.00283276 0.0033702 -0.00374064 0.0320922 -0.0123974 -0.0186944 0.0267908 -0.0319031 -0.00657907 0.00262426 0.0567399 0.0519354 -0.052047
internal_weight=12.3494 10.8523 8.94387 7.70468 1.49917 6.2055 5.34641 0.859089 1.90842 1.01287 3.26162 1.49712 0.968994 2.08479
internal_count=338 169 136 120 24 96 69 27 33 26 31 169 162 38
is_linear=0
shrinkage=0.05


Tree=90
num_leaves=15
num_cat=0
split_feature=188 173 200 45 198 203 155 188 153 135 188 197 197 88
split_gain=1.36116 1.098 0.900784 0.409958 0.374966 0.0895069 0.385561 0.259676 0.383154 0.0109002 0.000279354 0.000106801 2.39066e-06 3.07097e-07
threshold=2.5000000000000004 1.0000000180025095e-35 1.0000000180025095e-35 1.0000000180025095e-35 1.0000000180025095e-35 1.0000000180025095e-35 1.0000000180025095e-35 1.5000000000000002 1.0000000180025095e-35 1.0000000180025095e-35 3.5000000000000004 3.5000000000000004 1.5000000000000002 1.0000000180025095e-35
decision_type=2 2 2 2 2 2 2 2 2 2 2 2 2 2
left_child=1 2 4 9 5 6 7 8 -1 10 11 -2 -12 -14
right_child=3 -3 -4 -5 -6 -7 -8 -9 -10 -11 12 -13 13 -15
leaf_value=-0.051739814538014121 0.051296041186758262 -0.054004066600086012 0.028882319120964992 -0.027888272588892451 -0.03504053053673941 0.0087057373639270897 0.021813283027227813 0.0020717282209203151 -0.0098005464881974081 0.063548311644285968 0.050613603416316558 0.053020494051074278 0.050377678344127166 0.050306957104688091
leaf_weight=0.83140373975038184 0.2129696914926178 1.1058723628520972 1.9496777802705763 0.17829151358455408 1.1935270391404627 1.0779827088117597 0.92600217461585987 1.5295303687453272 1.5786532945930958 0.19886034727096547 0.082238562172278762 0.15523169096559286 0.22284498740918934 0.49331207619979978
leaf_count=16 18 4 15 5 9 12 20 9 20 4 15 6 46 124
internal_value=-0.000335896 -0.00696266 -0.00123767 0.0434175 -0.0094657 -0.00433002 -0.00721812 -0.014042 -0.0242684 0.0527281 0.0508837 0.0520231 0.0503583 0.050329
internal_weight=11.7364 10.1926 9.08678 1.54375 7.1371 5.94357 4.86559 3.93959 2.41006 1.36546 1.1666 0.368201 0.798396 0.716157
internal_count=323 105 101 218 86 77 65 45 36 213 209 24 185 170
is_linear=0
shrinkage=0.05


Tree=91
num_leaves=15
num_cat=0
split_feature=93 201 186 181 15 200 117 155 59 153 183 202 204 60
split_gain=0.926457 1.68339 1.40242 0.50056 2.08685 0.669841 0.393225 0.507723 0.401396 0.126388 0.0297081 0.012582 0.0063114 0.000612413
threshold=1.0000000180025095e-35 1.0000000180025095e-35 1.0000000180025095e-35 1.0000000180025095e-35 1.0000000180025095e-35 1.0000000180025095e-35 1.0000000180025095e-35 1.0000000180025095e-35 1.0000000180025095e-35 1.0000000180025095e-35 1.0000000180025095e-35 1.0000000180025095e-35 1.0000000180025095e-35 1.0000000180025095e-35
decision_type=2 2 2 2 2 2 2 2 2 2 2 2 2 2
left_child=1 2 3 5 -5 6 7 8 9 -1 -2 -4 -13 -11
right_child=10 -3 11 4 -6 -7 -8 -9 -10 13 -12 12 -14 -15
leaf_value=-0.028599242944761089 -0.032254138719085328 0.090042183718215388 0.068329712483480076 0.095482111488355226 -0.049842005914586575 0.019284368185799247 -0.051732885709217726 0.013137826563055463 -0.049441082067922554 -0.008161393741020085 -0.047085084552832973 0.062668458166201355 0.050653163367804947 -0.0065832486134724082
leaf_weight=0.9875896195881001 0.66864146897569365 0.54218441527336914 0.14270636788569457 0.52348123537376601 0.46778201055712998 1.5138362676370887 0.74761005863547314 1.3929289916995911 0.99461809825152148 1.4376296736299992 0.68212766805663705 0.12727471999823758 0.77363307331688991 1.0739763916935772
leaf_count=19 11 17 3 21 6 15 13 24 14 12 9 2 158 15
internal_value=-0.000719457 0.00419536 -0.000375443 -0.00664562 0.0269029 -0.0107269 -0.017575 -0.013237 -0.0214122 -0.0134453 -0.0397436 0.0545356 0.0523506 -0.00748657
internal_weight=12.076 10.7253 10.1831 9.13945 0.991263 8.14819 6.63435 5.88674 4.49381 3.4992 1.35077 1.04361 0.900908 2.51161
internal_count=339 319 302 139 27 112 97 84 60 46 20 163 160 27
is_linear=0
shrinkage=0.05


Tree=92
num_leaves=15
num_cat=0
split_feature=202 109 200 101 200 189 59 153 180 60 155 188 188 193
split_gain=1.29642 0.782651 0.944435 1.04037 1.2698 0.599062 0.722062 0.692395 0.434131 0.399483 0.0138803 0.00563609 1.67718e-05 2.93758e-06
threshold=1.0000000180025095e-35 1.0000000180025095e-35 1.5000000000000002 1.0000000180025095e-35 1.0000000180025095e-35 1.0000000180025095e-35 1.0000000180025095e-35 1.0000000180025095e-35 1.0000000180025095e-35 1.0000000180025095e-35 1.0000000180025095e-35 2.5000000000000004 3.5000000000000004 1.0000000180025095e-35
decision_type=2 2 2 2 2 2 2 2 2 2 2 2 2 2
left_child=1 2 3 4 5 6 7 10 -6 -9 -1 -2 -13 -14
right_child=11 -3 -4 -5 8 -7 -8 9 -10 -11 -12 12 13 -15
leaf_value=-0.050796760497467668 0.059414573850309731 -0.050562745494108788 -0.049102784706173561 -0.052132726540239552 0.072915676591034526 0.039813181156046366 0.025065737457236167 0.010603397011339144 0.02034607862717475 -0.025459345377223178 -0.040276512941871491 0.050980254434479781 0.050614705902350947 0.050305367041239835
leaf_weight=0.86967337131499511 0.2284024655818947 0.95531490375287909 1.0067464346066124 0.808266428299249 0.8183950060047207 0.74791313707828511 1.30367961153388 1.8527082204818726 0.75506586325354874 1.3115554377436638 0.49030043371021748 0.12634595995768905 0.089406506391242146 0.5420083727221936
leaf_count=20 3 14 6 11 14 16 20 18 8 10 12 12 18 140
internal_value=-0.00237291 -0.00733122 -0.00318645 0.00197412 0.00734057 -0.00231393 -0.00772023 -0.0171676 0.0476888 -0.00434425 -0.047004 0.0525296 0.0504544 0.0503492
internal_weight=11.9058 10.9196 9.9643 8.95756 8.14929 6.57583 5.82792 4.52424 1.57346 3.16426 1.35997 0.986163 0.757761 0.631415
internal_count=322 149 135 129 118 96 80 60 22 28 32 173 170 158
is_linear=0
shrinkage=0.05


Tree=93
num_leaves=15
num_cat=0
split_feature=173 56 199 117 197 45 116 101 59 197 59 203 60 188
split_gain=1.57112 0.989595 0.864833 1.54192 0.965849 0.93726 1.2723 0.564901 0.567274 0.807028 0.561403 0.293642 0.267889 0.292804
threshold=1.0000000180025095e-35 1.0000000180025095e-35 1.0000000180025095e-35 1.0000000180025095e-35 1.0000000180025095e-35 1.0000000180025095e-35 1.0000000180025095e-35 1.0000000180025095e-35 1.0000000180025095e-35 1.5000000000000002 1.0000000180025095e-35 1.0000000180025095e-35 1.0000000180025095e-35 1.5000000000000002
decision_type=2 2 2 2 2 2 2 2 2 2 2 2 2 2
left_child=1 2 4 5 10 6 -4 11 9 -9 12 -8 -1 -14
right_child=-2 -3 3 -5 -6 -7 7 8 -10 -11 -12 -13 13 -15
leaf_value=-0.039712986032062289 -0.064934529545514805 0.075105899464721099 -0.064724672432456096 0.14204608794800419 0.036655516510960842 -0.04481671710566712 -0.0020075763160341017 -0.052866685188771884 0.075618416046117465 0.052072260635072698 0.008006764335545348 0.064052575039518625 -8.6903837296724431e-05 -0.035210412626390776
leaf_weight=2.4192545190453494 1.0093885865062482 0.42419511754997152 0.37325853109359508 0.23060496849939216 0.86024396703578521 0.6653898344375192 0.19525599945336947 0.49620643630623817 0.22689932165667415 0.29045711643993855 1.3986934069544075 1.2149222104344515 1.3002553768455984 1.0914343781769273
leaf_count=32 15 25 2 5 20 7 8 5 17 52 19 94 23 5
internal_value=-0.00519151 0.000198991 -0.0027533 0.0168572 -0.012997 0.00851927 0.0212076 0.0344412 0.00596878 -0.0141204 -0.0198755 0.0549058 -0.0279818 -0.0161153
internal_weight=12.1965 11.1871 10.7629 3.69299 7.06988 3.46239 2.797 2.42374 1.01356 0.786664 6.20964 1.41018 4.81094 2.39169
internal_count=329 314 289 190 99 185 178 176 74 57 79 102 60 28
is_linear=0
shrinkage=0.05


Tree=94
num_leaves=15
num_cat=0
split_feature=173 135 185 157 64 155 106 59 204 188 203 188 197 188
split_gain=1.13635 0.995009 1.23854 0.85727 0.942856 1.08805 1.12973 0.968179 0.741204 0.620498 0.533345 0.233554 0.200849 0.0362909
threshold=1.0000000180025095e-35 1.0000000180025095e-35 1.0000000180025095e-35 1.0000000180025095e-35 1.0000000180025095e-35 1.0000000180025095e-35 1.0000000180025095e-35 1.0000000180025095e-35 1.0000000180025095e-35 1.5000000000000002 1.0000000180025095e-35 1.5000000000000002 1.0000000180025095e-35 2.5000000000000004
decision_type=2 2 2 2 2 2 2 2 2 2 2 2 2 2
left_child=1 2 3 4 5 6 8 9 10 -7 -1 -4 -10 -14
right_child=-2 -3 11 -5 -6 7 -8 -9 12 -11 -12 -13 13 -15
leaf_value=0.011285913706991876 -0.047230123122757539 -0.038865934524312168 0.1258984709503351 -0.046129778199937986 -0.052868269302883568 -0.052125395341010683 -0.047116187588204586 0.030617214713500353 0.10327260537514393 0.015311903508300619 0.057911453506137744 0.05321528700346554 0.070050874782022599 0.050495418546404026
leaf_weight=2.1030433177947976 1.1075457241386182 1.0951684266328818 0.24316462874412614 0.68834152980707575 0.52183940587565292 1.1681367512792351 0.42082234378904093 0.9649428674019872 0.33659688755869577 0.48177926708012808 0.86586065962910641 0.20262133725918829 0.40201235190033913 0.5788629399612546
leaf_count=29 11 10 2 20 7 21 5 20 3 18 7 23 4 137
internal_value=0.00084205 0.00612758 0.011616 0.00737115 0.0120661 0.016694 0.0310594 -0.00916637 0.0387345 -0.0324335 0.0248839 0.0928621 0.0699464 0.0585102
internal_weight=11.1807 10.0732 8.97802 8.53224 7.8439 7.32206 4.7072 2.61486 4.28638 1.64992 2.9689 0.445786 1.31747 0.980875
internal_count=317 306 296 271 251 244 185 59 180 39 36 25 144 141
is_linear=0
shrinkage=0.05


Tree=95
num_leaves=15
num_cat=0
split_feature=56 188 116 189 200 181 59 198 190 135 194 93 188 203
split_gain=0.909503 0.847469 0.620971 0.905899 0.324815 0.874958 0.478537 0.287549 0.0337568 3.86554e-05 1.99606e-06 4.41491e-07 5.14539e-08 4.69374e-08
threshold=1.0000000180025095e-35 3.5000000000000004 1.0000000180025095e-35 1.0000000180025095e-35 1.0000000180025095e-35 1.0000000180025095e-35 1.0000000180025095e-35 1.0000000180025095e-35 1.0000000180025095e-35 1.0000000180025095e-35 1.0000000180025095e-35 1.0000000180025095e-35 6.5000000000000009 1.0000000180025095e-35
decision_type=2 2 2 2 2 2 2 2 2 2 2 2 2 2
left_child=1 2 -1 4 6 -6 7 8 -4 10 -3 12 13 -12
right_child=-2 9 3 -5 5 -7 -8 -9 -10 -11 11 -13 -14 -15
leaf_value=-0.043646622597823315 0.071482908635266337 0.05051440777332409 -0.0092898558832593871 -0.041123343201318566 0.045921154984607415 -0.019176623877223659 0.021516420734773466 -0.038741509596577045 0.001751571672571851 0.051541384859448681 0.050311785899379617 0.050412655315901611 0.050213700281196254 0.050247936849392487
leaf_weight=1.1522871023043979 0.39672177704051215 0.091861706925556841 2.3428187016397684 1.4360528569668529 1.2379581378772857 0.88530462142080057 1.3606112366542218 0.84174260310828675 0.98254142701625813 0.070688343606889248 0.031899763504043221 0.042898288927972317 0.10338810971006751 0.29469151981174946
leaf_count=17 21 18 40 15 16 10 19 9 5 4 8 8 36 91
internal_value=-0.00287864 -0.00559143 -0.00906855 -0.00468386 0.00215567 0.0187783 -0.0042293 -0.0126356 -0.00602745 0.0504391 0.0503011 0.0502597 0.0502444 0.0502542
internal_weight=11.2715 10.8747 10.2393 9.08703 7.65098 2.12326 5.52771 4.1671 3.32536 0.635428 0.564739 0.472878 0.429979 0.326591
internal_count=317 296 131 114 99 26 73 54 45 165 161 143 135 99
is_linear=0
shrinkage=0.05


Tree=96
num_leaves=15
num_cat=0
split_feature=56 188 59 36 200 198 189 155 60 149 60 135 199 88
split_gain=0.895599 0.835794 0.69431 0.930837 0.478264 0.68336 0.410965 0.648838 0.961734 0.312669 0.0886722 2.95721e-05 2.74339e-06 3.77188e-07
threshold=1.0000000180025095e-35 3.5000000000000004 1.0000000180025095e-35 1.0000000180025095e-35 1.5000000000000002 1.0000000180025095e-35 1.0000000180025095e-35 1.0000000180025095e-35 1.0000000180025095e-35 1.0000000180025095e-35 1.0000000180025095e-35 1.0000000180025095e-35 1.0000000180025095e-35 1.0000000180025095e-35
decision_type=2 2 2 2 2 2 2 2 2 2 2 2 2 2
left_child=1 2 3 4 5 6 7 8 -1 -4 -9 12 -3 -14
right_child=-2 11 9 -5 -6 -7 -8 10 -10 -11 -12 -13 13 -15
leaf_value=-0.015582080137604735 0.068781716575698162 0.050626752411767263 -0.0033957232904523052 -0.062322129886392665 -0.043582158152586585 0.030511041480083351 -0.047960599316538725 -0.025700436525468787 0.040168962693952731 0.032387561857710793 -0.051496928956069436 0.051548827613217024 0.050330503152793075 0.05023713116355099
leaf_weight=2.1371000371873325 0.41346569382585663 0.058734819060192289 1.2447383804246783 0.96526330430060614 0.93620928749442089 1.1031183432787655 0.71550371777266253 0.82699179649353005 1.2123916763812306 1.1980366595089444 0.55782330967485905 0.052023221738636494 0.15614403923973441 0.35195586667396128
leaf_count=28 31 11 16 7 4 17 6 12 16 13 13 3 39 116
internal_value=-0.00351978 -0.00611566 -0.00932567 -0.0161097 -0.0101535 -0.00537758 -0.0126419 -0.00730417 0.00459773 0.0141539 -0.0360916 0.0504079 0.0503032 0.0502658
internal_weight=11.9295 11.516 10.8972 8.4544 7.48914 6.55293 5.44981 4.73431 3.34949 2.44278 1.38482 0.618858 0.566835 0.5081
internal_count=332 301 132 103 96 92 75 69 44 29 25 169 166 155
is_linear=0
shrinkage=0.05


Tree=97
num_leaves=15
num_cat=0
split_feature=162 60 93 88 183 199 116 203 153 153 149 199 189 189
split_gain=0.879556 0.675309 0.843212 0.595538 0.659069 0.848625 0.884882 0.32403 0.524031 0.279123 0.0683457 0.00625494 0.00489997 0.00224105
threshold=1.0000000180025095e-35 1.0000000180025095e-35 1.0000000180025095e-35 1.0000000180025095e-35 1.0000000180025095e-35 1.0000000180025095e-35 1.0000000180025095e-35 1.0000000180025095e-35 1.0000000180025095e-35 1.0000000180025095e-35 1.0000000180025095e-35 1.0000000180025095e-35 1.0000000180025095e-35 1.0000000180025095e-35
decision_type=2 2 2 2 2 2 2 2 2 2 2 2 2 2
left_child=1 3 7 4 5 6 -1 8 12 -9 -8 -5 -3 -2
right_child=13 2 -4 11 -6 -7 10 9 -10 -11 -12 -13 -14 -15
leaf_value=-0.051539347084392444 0.056571867204408724 -0.0037808051511072638 -0.069355709754602674 0.066605028348501044 -0.041280886578713122 0.052239745530520576 -0.0051946773416563317 -0.017883280169783442 -0.045798680556750064 0.031908151932983485 0.012106654398070788 0.053831624481771534 0.0020609012931720248 0.050360704036843257
leaf_weight=0.75812027603387644 0.21118446160107929 0.72994093224406287 0.75682741124182928 0.13123661139979947 0.83938919333741058 0.84563801647163916 0.73130735754966592 0.49195305886678375 1.1877152724191546 0.65784499724395573 2.6009125746786612 0.35534593486227095 0.70631279656663537 0.46498870430514216
leaf_count=15 13 17 3 2 10 11 15 18 12 12 31 41 8 130
internal_value=-0.00301879 -0.00648465 -0.0211887 0.00415389 -0.00032178 0.00664353 -0.00278304 -0.0115288 -0.0212274 0.0106044 0.00830961 0.0572768 -0.000908004 0.0523006
internal_weight=11.4687 10.7925 4.53059 6.26195 5.77537 4.93598 4.09034 3.77377 2.62397 1.1498 3.33222 0.486583 1.43625 0.676173
internal_count=338 195 70 125 82 72 61 67 37 30 46 43 25 143
is_linear=0
shrinkage=0.05


Tree=98
num_leaves=15
num_cat=0
split_feature=135 189 93 153 203 180 203 116 59 155 190 198 15 197
split_gain=1.09951 1.27635 0.658653 0.779317 1.21486 1.06234 0.512411 0.70114 1.48343 0.537545 0.494211 0.345724 1.01398 0.0348805
threshold=1.0000000180025095e-35 1.0000000180025095e-35 1.0000000180025095e-35 1.0000000180025095e-35 1.0000000180025095e-35 1.0000000180025095e-35 1.0000000180025095e-35 1.0000000180025095e-35 1.0000000180025095e-35 1.0000000180025095e-35 1.0000000180025095e-35 1.0000000180025095e-35 1.0000000180025095e-35 1.0000000180025095e-35
decision_type=2 2 2 2 2 2 2 2 2 2 2 2 2 2
left_child=1 2 3 6 10 -6 7 -1 9 -9 -5 -8 -13 -3
right_child=-2 13 -4 4 5 -7 11 8 -10 -11 -12 12 -14 -15
leaf_value=-0.051573430449202123 -0.054277372068702867 0.070955246885573295 -0.039913652212221207 0.016315953783948345 0.11168695749724655 0.017677811107872223 -0.053690050934764588 0.022896858758150975 0.086358675869721124 -0.049686680106640853 -0.028366433385194019 0.053917678301828677 -0.055878259975975356 0.050695642447224798
leaf_weight=0.45722927898168331 0.96145765203982669 0.34097884362563569 1.117007623426616 1.4844862222671513 0.52911860565654911 0.69555079960264266 0.99036186654120706 0.47192061413079389 0.53473689034581173 0.55514808231964707 1.0612453818321228 0.35868654632940888 0.50822117133066058 0.56363180791959167
leaf_count=9 9 4 7 23 14 12 11 13 8 16 7 30 4 148
internal_value=-0.00328361 0.00178742 -0.00404926 0.0011897 0.0173744 0.0582945 -0.0145528 0.00288272 0.0188251 -0.0163358 -0.0023109 -0.033507 -0.0104497 0.0583322
internal_weight=10.6298 9.66832 8.76371 7.64671 3.7704 1.22467 3.8763 2.01903 1.56181 1.02707 2.54573 1.85727 0.866908 0.904611
internal_count=315 306 154 147 56 26 91 46 37 29 30 45 34 152
is_linear=0
shrinkage=0.05


Tree=99
num_leaves=15
num_cat=0
split_feature=56 190 197 197 14 185 198 200 155 153 188 149 188 183
split_gain=0.829146 0.906464 0.816416 0.744488 1.13762 0.481384 0.261505 0.43559 0.280544 0.469211 0.0474564 0.0103243 0.000120658 9.76199e-07
threshold=1.0000000180025095e-35 1.0000000180025095e-35 1.5000000000000002 1.0000000180025095e-35 1.0000000180025095e-35 1.0000000180025095e-35 1.0000000180025095e-35 1.0000000180025095e-35 1.0000000180025095e-35 1.0000000180025095e-35 2.5000000000000004 1.0000000180025095e-35 3.5000000000000004 1.0000000180025095e-35
decision_type=2 2 2 2 2 2 2 2 2 2 2 2 2 2
left_child=1 2 5 -3 10 6 7 8 9 -1 -5 -10 -12 -14
right_child=-2 3 -4 4 -6 -7 -8 -9 11 -11 12 -13 13 -15
leaf_value=-0.048135444678984153 0.067274613781393697 -0.014005142486890866 -0.059536274901705447 0.070061132111665772 -0.037346000186397998 0.02613490434169622 0.0032596661248111593 -0.054151533072973046 0.011812912925358002 -0.0088376644831615146 0.051704176671854812 0.0023425880642286494 0.050215487067464898 0.050366670032383466
leaf_weight=1.1308335624635204 0.37051245034672398 1.2320004692301147 0.9906862131319939 0.61708493530750252 0.39133188198320557 0.77218778431415547 1.4632074544206259 0.81925027072429646 0.53368396684527397 2.3136457838118076 0.22841854067519307 0.62459471076726891 0.2383967456407845 0.19339619437232614
leaf_count=22 26 12 17 5 9 4 11 7 10 30 17 14 90 57
internal_value=-0.00635065 -0.00871273 -0.0168254 0.0154748 0.0372408 -0.0112996 -0.015498 -0.02056 -0.014581 -0.0217393 0.0600924 0.0067061 0.0507748 0.0502832
internal_weight=11.9192 11.5487 8.64809 2.90063 1.66863 7.6574 6.88522 5.42201 4.60276 3.44448 1.2773 1.15828 0.660211 0.431793
internal_count=331 305 115 190 178 98 94 83 76 52 169 24 164 147
is_linear=0
shrinkage=0.05


Tree=100
num_leaves=15
num_cat=0
split_feature=198 198 183 203 153 153 190 188 155 59 155 172 115 172
split_gain=1.34455 0.887606 0.811284 0.712067 1.19368 0.567658 0.45342 0.327155 0.312963 0.151887 0.370215 0.0576568 0.042761 0.0132839
threshold=1.0000000180025095e-35 2.5000000000000004 1.0000000180025095e-35 1.0000000180025095e-35 1.0000000180025095e-35 1.0000000180025095e-35 1.0000000180025095e-35 1.5000000000000002 1.0000000180025095e-35 1.0000000180025095e-35 1.0000000180025095e-35 1.0000000180025095e-35 1.0000000180025095e-35 1.0000000180025095e-35
decision_type=2 2 2 2 2 2 2 2 2 2 2 2 2 2
left_child=3 7 8 5 -5 9 -7 -2 13 10 -1 -4 -9 -3
right_child=1 2 11 4 -6 6 -8 12 -10 -11 -12 -13 -14 -15
leaf_value=-0.0035753753479595141 0.014990773212742094 0.055934621888382288 -0.030399658861484852 -0.031546246786709115 0.056462724429860167 -0.053911019955534538 -0.015287906023300327 0.054408853027357131 -0.01222920885035161 0.011415642019690884 -0.051376275271543884 -0.056782914803226142 0.079948605707440987 0.07614619697160864
leaf_weight=1.355641089146957 0.69178059697151217 0.16157844290137269 0.41373627178836614 0.8462736504152415 0.70726980292238295 2.4961341852322221 1.0924475372303279 0.80912289931438841 0.2097567212767899 0.57485059183090914 0.57766931317746628 0.41457664454355836 0.20551973581314087 0.16361551452428102
leaf_count=22 6 22 21 15 18 29 12 139 3 11 14 3 6 2
internal_value=-0.0104812 0.0174734 -0.0126072 -0.021698 0.00852092 -0.0293982 -0.0421532 0.0415048 0.035389 -0.0111489 -0.0178582 -0.0436047 0.059582 0.0661037
internal_weight=10.72 3.06969 1.36326 7.65029 1.55354 6.09674 3.58858 1.70642 0.534951 2.50816 1.93331 0.828313 1.01464 0.325194
internal_count=323 202 51 121 33 88 41 151 27 47 36 24 145 24
is_linear=0
shrinkage=0.05


Tree=101
num_leaves=15
num_cat=0
split_feature=200 155 199 200 183 204 59 88 188 151 203 180 190 153
split_gain=0.977888 1.28871 0.565975 1.36204 1.0456 0.74552 0.737558 0.547165 0.478293 0.958931 0.433864 0.318999 0.262852 0.287333
threshold=1.5000000000000002 1.0000000180025095e-35 1.0000000180025095e-35 1.0000000180025095e-35 1.0000000180025095e-35 1.0000000180025095e-35 1.0000000180025095e-35 1.0000000180025095e-35 1.5000000000000002 1.0000000180025095e-35 1.0000000180025095e-35 1.0000000180025095e-35 1.0000000180025095e-35 1.0000000180025095e-35
decision_type=2 2 2 2 2 2 2 2 2 2 2 2 2 2
left_child=1 2 3 6 10 -6 12 -7 -3 -10 -4 -12 13 -1
right_child=-2 8 4 -5 5 7 -8 -9 9 -11 11 -13 -14 -15
leaf_value=-0.012520652654596454 -0.054682738084518082 -0.051857408327514731 -0.0087046759972987595 0.068731978017738143 0.076679567143088073 -0.048971682622537829 -0.049518440702976736 0.051853860575790306 0.061877794221118013 -0.052367355020872898 0.13113774453095431 0.061581437915828541 -0.017936238906715141 0.022229646313953241
leaf_weight=0.88731457665562508 0.82200512895360667 1.2810114100575449 0.18296542135067295 0.67962436471134413 0.21793491020798683 0.63394099590368569 0.83800384867936362 0.17081809672527015 0.33140176697634149 0.4120500844437629 0.20244735490996368 0.88729779236018658 1.1324345730245111 1.8047430948354304
leaf_count=17 18 26 8 13 2 21 13 35 25 7 20 89 17 25
internal_value=-0.00232905 0.002125 0.0115264 0.00260434 0.0322908 -0.0053549 -0.00703469 -0.0275705 -0.0333429 -0.00144133 0.0625412 0.0745033 0.00227414 0.0107758
internal_weight=10.484 9.66199 7.63753 5.34212 2.2954 1.02269 4.6625 0.804759 2.02446 0.743452 1.27271 1.08975 3.82449 2.69206
internal_count=336 318 260 85 175 58 72 56 58 32 117 109 59 42
is_linear=0
shrinkage=0.05


Tree=102
num_leaves=15
num_cat=0
split_feature=173 135 185 188 183 198 149 157 204 203 153 14 188 194
split_gain=1.35843 0.785384 1.34687 0.653552 1.06784 0.400946 0.27311 0.173725 0.0553228 0.0337652 0.215989 0.000241276 6.52695e-05 2.21157e-06
threshold=1.0000000180025095e-35 1.0000000180025095e-35 1.0000000180025095e-35 2.5000000000000004 1.0000000180025095e-35 1.0000000180025095e-35 1.0000000180025095e-35 1.0000000180025095e-35 1.0000000180025095e-35 1.0000000180025095e-35 1.0000000180025095e-35 1.0000000180025095e-35 3.5000000000000004 1.0000000180025095e-35
decision_type=2 2 2 2 2 2 2 2 2 2 2 2 2 2
left_child=1 2 3 4 5 6 -1 -4 9 10 -8 12 -5 -14
right_child=-2 -3 7 11 -6 -7 8 -9 -10 -11 -12 -13 13 -15
leaf_value=-0.019335543038752706 -0.060736964451201109 -0.038831159451985453 0.055293554295620578 0.051353897852806245 -0.03819708589232447 0.039248455943676833 0.028093679215366971 0.10850560754604643 0.017737695756029223 -0.0043288605738578852 -0.0039666730933173048 0.053790195528040534 0.05048882562562157 0.050191459392301442
leaf_weight=1.0548961572349069 0.87262231507338661 0.95278471335768777 0.32671937241684723 0.19786769337952126 1.5083171203732488 0.91648690402507771 0.85123337805271115 0.28911469876766205 1.2902352511882735 0.69350039958953846 1.3721391335129738 0.066077874740585685 0.077058735303580761 0.33152727538254112
leaf_count=22 13 9 21 19 10 10 21 2 9 9 18 3 19 139
internal_value=-0.000925922 0.0043312 0.00891322 0.00365599 -0.000479318 0.00872849 0.0034128 0.0802749 0.00911676 0.00530341 0.00830785 0.0509211 0.0506085 0.0502475
internal_weight=10.8006 9.92796 8.97517 8.35934 7.68681 6.17849 5.262 0.615834 4.20711 2.91687 2.22337 0.672532 0.606454 0.408586
internal_count=324 311 302 279 99 89 79 23 57 48 39 180 177 158
is_linear=0
shrinkage=0.05


Tree=103
num_leaves=15
num_cat=0
split_feature=88 36 188 183 200 58 153 204 204 60 155 173 135 188
split_gain=1.18341 0.543257 0.730771 0.286718 0.628402 0.241112 0.226232 0.88737 0.649481 1.49318 0.638794 0.0201393 0.00456206 0.00110583
threshold=1.0000000180025095e-35 1.0000000180025095e-35 2.5000000000000004 1.0000000180025095e-35 1.0000000180025095e-35 1.0000000180025095e-35 1.0000000180025095e-35 1.0000000180025095e-35 1.0000000180025095e-35 1.0000000180025095e-35 1.0000000180025095e-35 1.0000000180025095e-35 1.0000000180025095e-35 2.5000000000000004
decision_type=2 2 2 2 2 2 2 2 2 2 2 2 2 2
left_child=1 3 -3 4 5 6 7 10 9 -8 -1 12 13 -2
right_child=11 2 -4 -5 -6 -7 8 -9 -10 -11 -12 -13 -14 -15
leaf_value=-0.051916256579288417 0.055194678325275442 -0.065752865983214032 0.050352026093017047 -0.025460449185637515 0.042284149520348306 -0.029282941966430734 0.065833715227318831 0.051574038710889031 -0.025077132875140726 -0.019724488596319544 0.00181394507537637 0.073145583021685889 0.061224841090566542 0.050277359108081725
leaf_weight=0.98842839151620743 0.16410955786705095 0.65508040785789567 0.17087682371493429 0.92222659289836872 0.94002538546919812 0.69617895036935795 1.1187752634286887 0.50393691286444475 0.85228912997990836 0.93708442151546467 1.2562289256602526 0.17037703469395638 0.16689581610262394 0.37695189204532653
leaf_count=19 3 2 48 9 8 9 15 10 14 10 24 6 4 147
internal_value=0.00230384 -0.00307901 -0.0417327 0.000807244 0.00412891 -0.00151682 0.00190038 -0.00838491 0.0116214 0.0268353 -0.021846 0.0577122 0.053998 0.0517688
internal_weight=9.91947 9.04113 0.825957 8.21517 7.29295 6.35292 5.65674 2.74859 2.90815 2.05586 2.24466 0.878334 0.707957 0.541061
internal_count=328 168 50 118 109 101 92 53 39 25 43 160 154 150
is_linear=0
shrinkage=0.05


Tree=104
num_leaves=15
num_cat=0
split_feature=186 173 190 197 172 20 116 203 60 59 200 202 190 158
split_gain=1.32442 1.03333 0.634712 1.03936 0.545628 0.838928 0.493533 0.0970559 0.65913 0.00684284 0.00656162 0.00413868 0.00132559 0.000197385
threshold=1.0000000180025095e-35 1.0000000180025095e-35 1.0000000180025095e-35 1.0000000180025095e-35 1.0000000180025095e-35 1.0000000180025095e-35 1.0000000180025095e-35 1.0000000180025095e-35 1.0000000180025095e-35 1.0000000180025095e-35 1.0000000180025095e-35 1.0000000180025095e-35 1.0000000180025095e-35 1.0000000180025095e-35
decision_type=2 2 2 2 2 2 2 2 2 2 2 2 2 2
left_child=1 2 4 -4 5 6 -1 8 9 -8 -5 -2 -13 -14
right_child=11 -3 3 10 -6 -7 7 -9 -10 -11 -12 12 13 -15
leaf_value=0.018871651280571583 0.062361603337225679 -0.064604580339878717 -0.011258163906959238 0.067660607696689898 -0.054591793340103001 0.043952752590741197 -0.0086628362472198975 -0.0093876423587400115 -0.056635209881432884 -0.014196060756780385 0.057820079759695636 0.055219703817757884 0.050294551442930928 0.053349732039407877
leaf_weight=0.90300505422055621 0.11343246453907418 0.84041888173669654 1.1314349267631767 0.50450691825244565 0.72479295730590809 0.6737675592303275 1.5206412430852627 1.2427596473135052 1.1564085297286513 0.88332858681678761 0.25503392715472728 0.23304466740228236 0.44347514864057302 0.060021684621460736
leaf_count=14 3 4 11 17 6 9 24 14 19 12 14 15 168 7
internal_value=-0.00640908 -0.0115836 -0.00663008 0.0191136 -0.013482 -0.00881168 -0.015042 -0.0214178 -0.025617 -0.010696 0.0643564 0.0534711 0.0521019 0.0506588
internal_weight=10.6861 9.8361 8.99568 1.89098 7.1047 6.37991 5.70614 4.80314 3.56038 2.40397 0.759541 0.849974 0.736542 0.503497
internal_count=337 144 140 42 98 92 83 69 55 36 31 193 190 175
is_linear=0
shrinkage=0.05


Tree=105
num_leaves=15
num_cat=0
split_feature=135 189 20 200 194 116 188 59 155 188 172 60 188 188
split_gain=0.857635 1.22356 0.431105 0.861136 0.584274 0.69615 0.263099 0.210808 0.123275 0.0208011 0.0153754 0.0147647 0.000160556 5.52321e-05
threshold=1.0000000180025095e-35 1.0000000180025095e-35 1.0000000180025095e-35 1.0000000180025095e-35 1.0000000180025095e-35 1.0000000180025095e-35 1.5000000000000002 1.0000000180025095e-35 1.0000000180025095e-35 2.5000000000000004 1.0000000180025095e-35 1.0000000180025095e-35 3.5000000000000004 3.5000000000000004
decision_type=2 2 2 2 2 2 2 2 2 2 2 2 2 2
left_child=1 2 3 7 -4 -6 -7 8 11 -3 12 -1 -8 -11
right_child=-2 9 4 -5 5 6 10 -9 -10 13 -12 -13 -14 -15
leaf_value=-0.010969488898686108 -0.052129940234394205 0.065882242491906801 -0.051720384337229725 0.04255584522041736 -0.060797295370792676 -0.010598937219474356 0.053094381669455709 0.009355333839072574 -0.030002415509374276 0.051572789238927469 0.072936069252743929 -0.0041939224569844365 0.050166338269687333 0.050233990909895734
leaf_weight=1.7512305465061182 0.80156928766518909 0.41650753095746118 0.98564256064128108 1.0875705017242578 0.27469056844711304 0.19991729408502579 0.1682571629062295 1.5892651006579397 0.77990203537046898 0.097318464191630483 0.14682215452194214 1.4865448884665966 0.064867398468777537 0.36966143909376115
leaf_count=29 9 4 12 18 1 2 8 22 18 9 1 17 32 157
internal_value=-0.00248054 0.00174505 -0.0040533 0.00183838 -0.0254869 0.00477084 0.0358315 -0.00605952 -0.0121571 0.0577586 0.0602619 -0.00785865 0.0522796 0.050513
internal_weight=10.2198 9.4182 8.53471 6.69451 1.8402 0.854555 0.579864 5.60694 4.01768 0.883487 0.379947 3.23778 0.233125 0.46698
internal_count=339 330 160 104 56 44 43 86 64 170 41 46 40 166
is_linear=0
shrinkage=0.05


Tree=106
num_leaves=15
num_cat=0
split_feature=173 135 189 150 183 200 59 153 155 198 197 197 155 116
split_gain=0.626358 0.67968 0.95111 0.555242 0.681088 3.34537 0.76544 0.882605 0.454325 0.226645 0.148979 0.0161061 0.000650645 7.88997e-05
threshold=1.0000000180025095e-35 1.0000000180025095e-35 1.0000000180025095e-35 1.0000000180025095e-35 1.0000000180025095e-35 1.0000000180025095e-35 1.0000000180025095e-35 1.0000000180025095e-35 1.0000000180025095e-35 1.0000000180025095e-35 1.5000000000000002 1.0000000180025095e-35 1.0000000180025095e-35 1.0000000180025095e-35
decision_type=2 2 2 2 2 2 2 2 2 2 2 2 2 2
left_child=1 2 3 4 5 6 7 12 -8 -6 -11 -4 -1 -13
right_child=-2 -3 11 -5 9 -7 8 -9 -10 10 -12 13 -14 -15
leaf_value=-0.049118019445159963 -0.039516627806952587 -0.037357915394220932 0.064490317222749019 -0.048225309733038485 -0.052278319955914199 0.12221477863891138 0.0040613074721344549 0.0028435819295101732 0.058593547455543696 0.011411278993193615 -0.033760533369022253 0.052763888229415606 -0.051532534530983554 0.050359924923976611
leaf_weight=0.54336217371746565 0.99645188800059337 0.97619612421840507 0.41252215113490809 0.52931249467656005 0.55284685059450545 0.61689568310976017 0.84498074650764443 2.5814305478706956 0.69699690444394946 0.38741686660796404 0.34513557469472289 0.037482650019226571 0.57350305467844009 0.38180213223677317
leaf_count=16 14 11 6 17 6 9 9 24 15 9 18 2 15 153
internal_value=-0.00180719 0.00215653 0.00669266 0.00118659 0.00484835 0.0120814 -0.000883767 -0.013223 0.0287107 -0.0281103 -0.00987102 0.057476 -0.0503579 0.0505748
internal_weight=10.4763 9.47988 8.50369 7.67188 7.14257 5.85717 5.24027 3.6983 1.54198 1.2854 0.732552 0.831807 1.11687 0.419285
internal_count=324 310 299 138 121 88 79 55 24 33 27 161 31 155
is_linear=0
shrinkage=0.05


Tree=107
num_leaves=15
num_cat=0
split_feature=88 109 67 153 183 117 59 155 203 60 188 60 173 188
split_gain=1.13566 0.580063 0.455081 0.425971 1.06426 1.30969 2.30261 1.31162 0.902847 0.80433 0.0706698 0.0551348 0.0200589 0.000923912
threshold=1.0000000180025095e-35 1.0000000180025095e-35 1.0000000180025095e-35 1.0000000180025095e-35 1.0000000180025095e-35 1.0000000180025095e-35 1.0000000180025095e-35 1.0000000180025095e-35 1.0000000180025095e-35 1.0000000180025095e-35 1.5000000000000002 1.0000000180025095e-35 1.0000000180025095e-35 2.5000000000000004
decision_type=2 2 2 2 2 2 2 2 2 2 2 2 2 2
left_child=1 2 3 4 5 6 7 11 10 -10 -5 -1 13 -2
right_child=12 -3 -4 8 -6 -7 -8 -9 9 -11 -12 -13 -14 -15
leaf_value=0.037391733578211427 0.054720762842485754 -0.049417318606247131 -0.040728327500089173 -0.013002157720432254 -0.049402277055458542 -0.051456457592723159 0.14991512270009286 -0.050090933098622871 0.089838868850896633 -0.0051318055226887739 -0.026890855034086371 0.060720925774011975 0.071403587598841675 0.050749900061258339
leaf_weight=0.45295297459233264 0.25523908063769418 0.70858252421021539 0.70608316361904133 2.5278540886938576 0.5022162275854497 0.40043905936181534 0.42999911471270014 0.47425676160491992 0.40376025193836529 0.49782936088740826 1.4363217735663054 0.57445510476827621 0.18179939896799624 0.34380577597767115
leaf_count=12 5 17 9 33 14 9 10 15 14 14 10 10 8 134
internal_value=-0.00101468 -0.0059724 -0.00231029 0.00121257 0.0166212 0.0308393 0.0478994 0.0186874 -0.00776299 0.0373991 -0.0180344 0.0504358 0.0568566 0.0524418
internal_weight=9.89559 9.11475 8.40617 7.70008 2.83432 2.3321 1.93166 1.50166 4.86577 0.90159 3.96418 1.02741 0.780844 0.599045
internal_count=314 167 150 141 70 56 47 37 71 28 43 22 147 139
is_linear=0
shrinkage=0.05


Tree=108
num_leaves=15
num_cat=0
split_feature=135 188 197 153 204 200 151 190 203 188 198 157 194 36
split_gain=0.71652 0.741311 0.712329 0.446476 0.746936 0.339454 0.667525 0.317754 0.00663986 8.13787e-05 4.46548e-05 1.66103e-06 1.02688e-06 7.56098e-07
threshold=1.0000000180025095e-35 2.5000000000000004 1.5000000000000002 1.0000000180025095e-35 1.0000000180025095e-35 1.0000000180025095e-35 1.0000000180025095e-35 1.0000000180025095e-35 1.0000000180025095e-35 3.5000000000000004 1.0000000180025095e-35 1.0000000180025095e-35 1.0000000180025095e-35 1.0000000180025095e-35
decision_type=2 2 2 2 2 2 2 2 2 2 2 2 2 2
left_child=1 2 3 4 5 6 8 -5 11 10 -3 -1 13 -11
right_child=-2 9 -4 7 -6 -7 -8 -9 -10 12 -12 -13 -14 -15
leaf_value=-0.051605145599079943 -0.051247868158235323 0.051913203654370049 -0.051525041886940862 0.020491870096093632 0.030261557198536584 0.0078322564787521153 0.016811668977813266 -0.012078485604250769 -0.044834831780976026 0.050550752606363131 0.05061137762235296 -0.051729367293513087 0.050156115891761235 0.050204616751776225
leaf_weight=0.71838532388210408 0.76548209413886148 0.14739317446947175 0.74445878714323033 2.7761026471853256 0.77984858304261795 0.60879359766840924 0.49076363444328297 1.0254412814974787 0.51844191737473 0.031410385621711612 0.11909976578317583 0.43029376119375229 0.31834753626026213 0.03169898665510118
leaf_count=19 9 8 4 32 9 7 7 7 9 6 19 9 169 14
internal_value=-0.00486193 -0.000799495 -0.00491982 -0.000198077 -0.0129584 -0.0251409 -0.0344434 0.0117062 -0.0495318 0.050661 0.0513314 -0.0516517 0.0501926 0.0503769
internal_weight=9.50596 8.74048 8.09253 7.34807 3.54653 2.76668 2.15788 3.80154 1.66712 0.64795 0.266493 1.14868 0.381457 0.0631094
internal_count=328 319 103 99 60 51 44 39 37 216 27 28 189 20
is_linear=0
shrinkage=0.05


Tree=109
num_leaves=15
num_cat=0
split_feature=190 116 59 203 25 67 109 188 155 58 200 188 153 188
split_gain=0.779057 0.785247 0.542136 0.536172 0.451981 0.324402 0.369903 0.368222 0.192035 0.158054 0.248328 0.149341 0.00304162 6.99871e-05
threshold=1.0000000180025095e-35 1.0000000180025095e-35 1.0000000180025095e-35 1.0000000180025095e-35 1.0000000180025095e-35 1.0000000180025095e-35 1.0000000180025095e-35 1.5000000000000002 1.0000000180025095e-35 1.0000000180025095e-35 1.0000000180025095e-35 2.5000000000000004 1.0000000180025095e-35 3.5000000000000004
decision_type=2 2 2 2 2 2 2 2 2 2 2 2 2 2
left_child=2 -2 3 9 -5 6 7 -3 -4 10 12 -9 -1 -13
right_child=1 5 8 4 -6 -7 -8 11 -10 -11 -12 13 -14 -15
leaf_value=-0.03108454092606185 -0.052322293868559848 -0.00034290256015647992 -0.0064232347770305717 0.019148018186486482 -0.032184360336069494 -0.014715657850721597 -0.024567757457528299 0.090188278404680258 0.025145757498895513 -0.010279589529531959 -0.060519390469022355 0.051588260868109151 -0.027112567916088237 0.050356053039280084
leaf_weight=0.75136243691668014 0.30011363944504377 0.24014634639024712 0.97272335551679112 1.1648849718039853 0.67864893737714727 0.26765277946833532 0.16582411143463094 0.44334782846271992 0.95434918627142906 0.63387275487184513 0.85433806478977192 0.17113265045918524 1.3443723861128092 0.35280969960149378
leaf_count=23 6 2 14 19 7 6 25 4 12 7 5 16 19 162
internal_value=-0.0061352 0.0220408 -0.0135715 -0.0216605 0.000251342 0.0356413 0.0454561 0.0550728 0.00921076 -0.0329316 -0.0377988 0.0688308 -0.0285366 0.0507585
internal_weight=9.29558 1.94103 7.35455 5.42748 1.84353 1.64091 1.37326 1.20744 1.92707 3.58395 2.95007 0.96729 2.09573 0.523942
internal_count=327 221 106 80 26 215 209 184 26 54 47 182 42 178
is_linear=0
shrinkage=0.05


Tree=110
num_leaves=15
num_cat=0
split_feature=186 135 198 149 204 200 200 153 190 59 188 188 158 188
split_gain=1.05919 0.569549 0.735007 1.23897 0.674845 0.326671 0.291845 0.392299 0.327736 0.310491 0.0029958 0.000462625 9.44899e-05 3.22052e-06
threshold=1.0000000180025095e-35 1.0000000180025095e-35 1.0000000180025095e-35 1.0000000180025095e-35 1.0000000180025095e-35 1.0000000180025095e-35 1.0000000180025095e-35 1.0000000180025095e-35 1.0000000180025095e-35 1.0000000180025095e-35 1.5000000000000002 2.5000000000000004 1.0000000180025095e-35 3.5000000000000004
decision_type=2 2 2 2 2 2 2 2 2 2 2 2 2 2
left_child=1 2 3 -1 -4 -6 7 9 -9 -5 -2 -12 13 -13
right_child=10 -3 4 6 5 -7 -8 8 -10 -11 11 12 -14 -15
leaf_value=-0.051041700549009097 0.058840435710732088 -0.054791118913681304 -0.051124914305010552 -0.033538165582561306 0.06008498444985827 -0.023511940114710455 0.030153509411868003 0.029042775553446722 -0.0059358293072192042 0.013736977210496028 0.05444455836169565 0.050554147434828556 0.05251969762511869 0.05018311036468364
leaf_weight=0.99451971217058499 0.17276029288768846 0.69067259505391199 1.4795690290629862 0.99824577197432229 0.23096735670696933 0.23654320451896638 1.3121127081103621 1.6082695312798023 1.1474543511867523 0.53263100981712341 0.092182520776987076 0.072710806736722589 0.052612269530072808 0.2988807235378772
leaf_count=25 2 6 10 29 20 11 15 21 8 8 2 12 9 165
internal_value=-0.00665413 -0.0111182 -0.00758626 0.000384902 -0.0345783 0.017788 0.00952 0.00320415 0.0144781 -0.0170899 0.0531409 0.0512342 0.0505365 0.0502557
internal_weight=9.92013 9.23099 8.54031 6.59323 1.94708 0.467511 5.59871 4.2866 2.75572 1.53088 0.689147 0.516386 0.424204 0.371592
internal_count=343 153 147 106 41 31 81 66 29 37 190 188 186 177
is_linear=0
shrinkage=0.05


Tree=111
num_leaves=15
num_cat=0
split_feature=93 117 156 88 199 187 203 153 59 60 204 197 60 185
split_gain=0.910275 0.585931 0.498297 0.678263 0.454402 0.736421 0.183668 0.598204 0.463829 0.259144 0.182845 0.368418 0.152626 0.0180235
threshold=1.0000000180025095e-35 1.0000000180025095e-35 1.0000000180025095e-35 1.0000000180025095e-35 1.0000000180025095e-35 1.0000000180025095e-35 1.0000000180025095e-35 1.0000000180025095e-35 1.0000000180025095e-35 1.0000000180025095e-35 1.0000000180025095e-35 3.5000000000000004 1.0000000180025095e-35 1.0000000180025095e-35
decision_type=2 2 2 2 2 2 2 2 2 2 2 2 2 2
left_child=1 2 3 4 6 10 7 8 9 -1 -6 -12 -8 -5
right_child=-2 -3 -4 13 5 -7 12 -9 -10 -11 11 -13 -14 -15
leaf_value=-0.00077938125556754152 -0.050265924632307481 -0.049517018733481195 -0.05142386814769672 0.051222382069822575 -0.047045901082314233 0.040042217698756523 -0.025536781823064625 0.0027322046927756027 0.080779925629983401 0.049225289608165072 0.025910237932134206 -0.050908827095505454 0.012200327304883109 0.068170553398624018
leaf_weight=0.55194186978041748 0.86775100557133633 0.49276312254369337 0.35382889886386681 0.3517640494974329 0.88589973002672184 0.45630617754068215 0.51466530840843894 2.6226381728192791 0.51324791274964798 0.48833089973777533 0.31861537776421744 0.30595538695342839 0.55890528508462012 0.28312729566823691
leaf_count=13 19 14 13 127 6 21 12 31 8 14 14 15 8 11
internal_value=-0.00143342 0.00343833 0.00661855 0.00923428 0.00487533 -0.015623 0.0125549 0.0172967 0.0418843 0.0226941 -0.0324392 -0.0117207 -0.00589069 0.0587804
internal_weight=9.56574 8.69799 8.20523 7.8514 7.21651 1.96678 5.24973 4.17616 1.55352 1.04027 1.51047 0.624571 1.07357 0.634891
internal_count=326 307 293 280 142 56 86 66 35 27 35 29 20 138
is_linear=0
shrinkage=0.05


Tree=112
num_leaves=15
num_cat=0
split_feature=56 68 67 135 189 102 200 181 59 153 173 132 149 60
split_gain=0.540262 0.507006 0.419086 0.459653 0.395961 0.344931 0.694962 1.59144 0.36173 0.831897 0.299072 0.337872 0.0617719 0.055933
threshold=1.0000000180025095e-35 1.0000000180025095e-35 1.0000000180025095e-35 1.0000000180025095e-35 1.0000000180025095e-35 1.0000000180025095e-35 1.0000000180025095e-35 1.0000000180025095e-35 1.0000000180025095e-35 1.0000000180025095e-35 1.0000000180025095e-35 1.0000000180025095e-35 1.0000000180025095e-35 1.0000000180025095e-35
decision_type=2 2 2 2 2 2 2 2 2 2 2 2 2 2
left_child=1 2 3 4 5 6 8 -8 9 -1 11 -7 -10 -11
right_child=-2 -3 -4 -5 -6 10 7 -9 12 13 -12 -13 -14 -15
leaf_value=-0.050202495566174656 0.062938994276428531 -0.047681387881225307 -0.051343575294284453 -0.034650222032892794 0.052438392044820883 0.056393619892669236 0.08403308376165658 -0.016052123709842974 0.0047788659576154116 0.011523150848721138 -0.063181740809813078 -0.035834964005657874 0.023414990494533681 -0.0037576543207411385
leaf_weight=1.0626324876211515 0.29860389989335168 0.65953904431080523 0.41656870127189982 0.8661197582259782 0.39594802819192398 0.15804540237877507 0.79072747973259516 0.79804215382318944 0.86078668758273125 1.0468889330513775 0.36660431232303381 0.26717068976722658 0.91977236047387101 1.3992553576827049
leaf_count=34 28 35 7 10 122 29 14 11 14 15 4 4 10 10
internal_value=-0.00333459 -0.00531194 -0.00232279 -3.65631e-05 0.00368028 0.00116322 0.00476087 0.0337601 -0.00394969 -0.0132642 -0.0300876 -0.00155521 0.0144056 0.00278215
internal_weight=10.3067 10.0081 9.34856 8.93199 8.06587 7.66993 6.87811 1.58877 5.28934 3.50878 0.79182 0.425216 1.78056 2.44614
internal_count=347 319 284 277 267 145 108 25 83 59 37 33 24 25
is_linear=0
shrinkage=0.05


Tree=113
num_leaves=15
num_cat=0
split_feature=188 183 173 197 155 59 59 190 198 135 153 197 14 197
split_gain=0.687025 0.316685 0.300577 1.37314 0.384229 1.18947 0.261395 0.439432 0.222836 0.351612 0.0983681 0.00704696 0.000106486 2.59498e-05
threshold=2.5000000000000004 1.0000000180025095e-35 1.0000000180025095e-35 1.0000000180025095e-35 1.0000000180025095e-35 1.0000000180025095e-35 1.0000000180025095e-35 1.0000000180025095e-35 1.0000000180025095e-35 1.0000000180025095e-35 1.0000000180025095e-35 1.0000000180025095e-35 1.0000000180025095e-35 1.5000000000000002
decision_type=2 2 2 2 2 2 2 2 2 2 2 2 2 2
left_child=1 2 3 4 6 -6 7 10 9 13 -1 -10 -13 -2
right_child=8 -3 -4 -5 5 -7 -8 -9 11 -11 -12 12 -14 -15
leaf_value=-0.019570615648150561 0.051853589209148232 -0.034880865776814506 -0.037800592789366261 0.048386878216640991 -0.050828916706862459 0.053491498887476965 -0.049100436506553366 -0.046464658641763357 0.063702206109409812 -0.052330051272665747 0.00080872781353284273 0.050285666603486934 0.05275996045672119 0.050595497136279671
leaf_weight=0.87500506453215954 0.10295719583518881 1.2652395367622373 0.74645900726318348 1.0383639410138128 0.45746454037725903 0.67854469269514084 0.70297519490122784 0.87930398248136032 0.13492277194745839 0.15665604174137115 1.8315705079585314 0.3725974298431538 0.049229530850425363 0.068096399656496942
leaf_count=20 7 9 3 10 17 10 10 8 4 2 21 187 5 23
internal_value=-0.00743248 -0.0118087 -0.00775978 -0.00429026 -0.0143731 0.0114823 -0.0212215 -0.0157562 0.0345011 0.00178894 -0.00577968 0.0537558 0.0505744 0.0513527
internal_weight=9.35939 8.47493 7.20969 6.46323 5.42486 1.13601 4.28885 3.58588 0.884459 0.32771 2.70658 0.55675 0.421827 0.171054
internal_count=336 108 99 96 86 27 59 49 228 32 41 196 192 30
is_linear=0
shrinkage=0.05


Tree=114
num_leaves=15
num_cat=0
split_feature=56 188 173 197 183 155 153 199 60 59 149 135 199 88
split_gain=0.490747 0.414857 0.375277 0.338572 1.45771 0.43666 0.585628 0.19333 0.0135333 0.000696623 0.000642512 1.95819e-05 8.41335e-07 5.8603e-08
threshold=1.0000000180025095e-35 3.5000000000000004 1.0000000180025095e-35 1.0000000180025095e-35 1.0000000180025095e-35 1.0000000180025095e-35 1.0000000180025095e-35 1.0000000180025095e-35 1.0000000180025095e-35 1.0000000180025095e-35 1.0000000180025095e-35 1.0000000180025095e-35 1.0000000180025095e-35 1.0000000180025095e-35
decision_type=2 2 2 2 2 2 2 2 2 2 2 2 2 2
left_child=1 2 3 5 7 6 9 -5 -8 -1 -7 12 -3 -14
right_child=-2 11 -4 4 -6 10 8 -9 -10 -11 -12 -13 13 -15
leaf_value=-0.044646024242382981 0.062784619294369334 0.050422143141491377 -0.037786099526473778 0.078366213668782062 -0.024053570420366609 0.018058968215538332 -0.0024417585074178235 0.03569682234757638 -0.0090964124638281373 -0.047087659226005975 0.020531920761334119 0.051205401923235354 0.05016629208752138 0.050115533365183609
leaf_weight=0.76955518871545414 0.282593904295937 0.027805981808342817 0.850957941263914 0.50925641506910324 1.213708161842078 0.49398414604365826 1.9226641021668911 0.55452854721806943 1.2677670046687126 0.4708805326372385 0.56088856793940045 0.053329026326537132 0.085472618869971484 0.16989098559133708
leaf_count=23 25 8 5 4 18 10 23 19 9 7 15 4 42 123
internal_value=-0.00208894 -0.00413714 -0.00626467 -0.00280949 0.013396 -0.00953747 -0.0164205 0.0561236 -0.00508609 -0.0455729 0.0193739 0.0503265 0.050161 0.0501325
internal_weight=9.23328 8.95069 8.61419 7.76323 2.27749 5.48574 4.43087 1.06378 3.19043 1.24044 1.05487 0.336499 0.28317 0.255364
internal_count=335 310 133 128 41 87 62 23 32 30 25 177 173 165
is_linear=0
shrinkage=0.05


Tree=115
num_leaves=15
num_cat=0
split_feature=173 117 56 156 88 20 36 183 155 59 60 199 188 135
split_gain=0.764013 0.529983 0.405392 0.344997 0.629818 0.605488 0.305725 0.3147 0.327765 1.12161 0.420217 0.00478176 0.000573744 1.38423e-05
threshold=1.0000000180025095e-35 1.0000000180025095e-35 1.0000000180025095e-35 1.0000000180025095e-35 1.0000000180025095e-35 1.0000000180025095e-35 1.0000000180025095e-35 1.0000000180025095e-35 1.0000000180025095e-35 1.0000000180025095e-35 1.0000000180025095e-35 1.0000000180025095e-35 2.5000000000000004 1.0000000180025095e-35
decision_type=2 2 2 2 2 2 2 2 2 2 2 2 2 2
left_child=1 2 3 4 5 6 7 8 9 10 -1 -6 -13 -14
right_child=-2 -3 -4 -5 11 -7 -8 -9 -10 -11 -12 12 13 -15
leaf_value=0.0024074255720270333 -0.055831615207710211 -0.042739906455234782 0.062077406886374545 -0.051835502237567846 0.063329439037505098 -0.047086879481526414 -0.034283707506962663 -0.02135134761551569 0.038866877121032262 -0.051637064249791781 0.042594247101956542 0.0541619237349103 0.050165287211864432 0.051213549710075114
leaf_weight=1.4974999986588942 0.71520929015241641 0.72374424291774619 0.27136264712316904 0.30930344393709663 0.12590144854038943 0.67200774524826545 0.49682564620161418 0.82994792796671379 0.91242096573114384 0.6917787711136042 1.1500814376631752 0.18727190420031548 0.17189499252708629 0.038556479848921299
leaf_count=24 15 19 25 6 6 16 25 9 21 10 20 4 116 3
internal_value=-0.00629991 -0.0019148 0.00210254 -0.000195049 0.00216281 -0.00224984 0.00315135 0.00681126 0.0123086 0.00505203 0.0198642 0.0548371 0.0521488 0.0503573
internal_weight=8.79381 8.0786 7.35485 7.08349 6.77419 6.25056 5.57855 5.08173 4.25178 3.33936 2.64758 0.523625 0.397723 0.210451
internal_count=319 304 285 260 254 125 109 84 75 54 44 129 123 119
is_linear=0
shrinkage=0.05


Tree=116
num_leaves=15
num_cat=0
split_feature=151 135 188 36 173 200 153 155 203 60 59 188 194 120
split_gain=0.597934 0.349023 0.454122 0.417147 0.519722 1.02557 0.357416 0.248997 0.272112 0.173297 0.114588 6.26526e-05 6.49546e-07 4.25984e-08
threshold=1.0000000180025095e-35 1.0000000180025095e-35 2.5000000000000004 1.0000000180025095e-35 1.0000000180025095e-35 1.0000000180025095e-35 1.0000000180025095e-35 1.0000000180025095e-35 1.0000000180025095e-35 1.0000000180025095e-35 1.0000000180025095e-35 3.5000000000000004 1.0000000180025095e-35 1.0000000180025095e-35
decision_type=2 2 2 2 2 2 2 2 2 2 2 2 2 2
left_child=1 2 3 4 5 6 7 10 -9 -8 -1 -4 -13 -14
right_child=-2 -3 11 -5 -6 -7 9 8 -10 -11 -12 12 13 -15
leaf_value=-0.020946606506395439 -0.046875215731507554 -0.034055618087626714 0.051391031233344334 -0.033464752197415071 -0.035561083422629348 0.050396694311708568 0.016191151379266255 0.032745819640771688 -0.026282025583371522 -0.0089716467144590958 -0.052196521357849218 0.050320404787155541 0.050106474106770583 0.050169236600351497
leaf_weight=0.82888449914752926 0.81016764836385924 0.78218940086662847 0.16225652187131423 0.92333213239908207 0.80684815347194661 1.1229850016534326 2.1749874949455266 0.39813336730003346 0.38312284275889397 0.99831650406122197 0.45402884483337402 0.046480429999064654 0.19480749132344499 0.031391993921715766
leaf_count=22 15 9 20 5 4 12 26 14 6 11 7 19 149 16
internal_value=-0.00567627 -0.00209022 0.000842483 -0.00183308 0.00224188 0.00703733 -0.0022595 -0.0184544 0.00379896 0.00827497 -0.0320061 0.0506131 0.0501502 0.0501152
internal_weight=10.1179 9.30776 8.52558 8.09064 7.16731 6.36046 5.23747 2.06417 0.781256 3.1733 1.28291 0.434936 0.27268 0.226199
internal_count=335 320 311 107 102 98 86 49 20 37 29 204 184 165
is_linear=0
shrinkage=0.05


Tree=117
num_leaves=15
num_cat=0
split_feature=68 64 67 181 194 191 180 117 197 58 149 60 153 203
split_gain=0.508525 0.470047 0.50926 0.610866 0.729517 0.641485 0.516477 0.428106 0.311144 0.753467 0.290505 0.275012 0.465446 0.241456
threshold=1.0000000180025095e-35 1.0000000180025095e-35 1.0000000180025095e-35 1.0000000180025095e-35 1.5000000000000002 1.0000000180025095e-35 1.0000000180025095e-35 1.0000000180025095e-35 1.0000000180025095e-35 1.0000000180025095e-35 1.0000000180025095e-35 1.0000000180025095e-35 1.0000000180025095e-35 1.0000000180025095e-35
decision_type=2 2 2 2 2 2 2 2 2 2 2 2 2 2
left_child=1 2 3 5 7 6 8 13 9 10 -1 12 -12 -5
right_child=-2 -3 -4 4 -6 -7 -8 -9 -10 -11 11 -13 -14 -15
leaf_value=-0.018497436470369062 -0.045537169093143759 -0.052084332443580718 -0.041888631044158221 -0.0056548389560461777 -0.029128774179134377 0.065479516468767429 -0.046209858784025899 0.13550827348928493 0.03430300297839748 -0.054802564037957371 -0.0015167654492783786 0.00067791917898773243 0.055816500956812634 0.061339893095828983
leaf_weight=1.0259873662143917 0.6081015064846732 0.38898628426250148 0.56317081023007709 0.17438826878787927 0.29055109614273533 0.3712254445417783 0.60219129675533611 0.16203058231621981 0.67658322252100322 0.59317003563046444 0.66919574886560196 2.2352329369168729 0.75155604258179665 0.58787597360787913
leaf_count=24 38 9 11 10 22 55 17 2 20 9 12 30 10 72
internal_value=-0.00127018 0.00169048 0.00409394 0.00727528 0.0399781 0.00153838 -0.00208336 0.0617017 0.00238132 -0.00171291 0.00501314 0.011611 0.0288117 0.0460131
internal_weight=9.70025 9.09215 8.70316 8.13999 1.21485 6.92514 6.55392 0.924295 5.95173 5.27514 4.68197 3.65598 1.42075 0.762264
internal_count=341 303 294 283 106 177 122 84 105 85 76 52 22 82
is_linear=0
shrinkage=0.05


Tree=118
num_leaves=15
num_cat=0
split_feature=151 173 198 116 58 149 183 190 153 59 102 116 59 60
split_gain=0.62796 0.575521 0.605977 0.588407 0.561809 0.650665 0.570638 0.522576 0.36801 0.292618 0.389489 0.0782159 0.0678056 0.155803
threshold=1.0000000180025095e-35 1.0000000180025095e-35 1.0000000180025095e-35 1.0000000180025095e-35 1.0000000180025095e-35 1.0000000180025095e-35 1.0000000180025095e-35 1.0000000180025095e-35 1.0000000180025095e-35 1.0000000180025095e-35 1.0000000180025095e-35 1.0000000180025095e-35 1.0000000180025095e-35 1.0000000180025095e-35
decision_type=2 2 2 2 2 2 2 2 2 2 2 2 2 2
left_child=1 2 4 -4 5 -1 7 11 9 10 -5 -7 13 -13
right_child=-2 -3 3 8 -6 6 -8 -9 -10 -11 -12 12 -14 -15
leaf_value=-0.049938201588608198 -0.05078472116896883 -0.054226430811090666 -0.036362588373520202 -0.035519709610794176 -0.055077503548517696 0.039869683183964784 -0.038640711301939211 -0.016501657239170919 0.06297686723085906 0.058353770383948206 0.054892286921164324 0.04299708189240771 0.0051386134123593483 0.012709124840444128
leaf_weight=0.568216694286093 0.63899316900642666 0.45040726882871229 0.29994951095431921 0.35996528988471344 0.49692640639841545 0.63404241949319873 0.60259872069582332 1.0667432187474331 0.83848064468475059 0.26792408910114318 0.17803463368909433 0.71162166073918176 0.57376349344849575 1.0526927595492452
leaf_count=21 13 12 5 19 7 10 16 18 114 30 29 11 6 24
internal_value=-0.00306453 0.000699392 0.00393284 0.0280397 -0.00428086 0.000564389 0.00674701 0.0135189 0.0397871 0.0156606 -0.00560062 0.0242937 0.0200698 0.0249255
internal_weight=8.74036 8.10137 7.65096 1.94435 5.70661 5.20968 4.64146 4.03886 1.6444 0.805924 0.538 2.97212 2.33808 1.76431
internal_count=335 322 310 197 113 106 85 69 192 78 48 51 41 35
is_linear=0
shrinkage=0.05


Tree=119
num_leaves=15
num_cat=0
split_feature=162 59 25 197 203 199 155 151 183 190 198 194 183 204
split_gain=0.405433 0.426873 0.501675 0.725971 0.480968 0.425352 1.2424 0.684462 0.416654 0.328012 0.122652 0.0959749 0.11254 0.0450803
threshold=1.0000000180025095e-35 1.0000000180025095e-35 1.0000000180025095e-35 1.0000000180025095e-35 1.0000000180025095e-35 1.0000000180025095e-35 1.0000000180025095e-35 1.0000000180025095e-35 1.0000000180025095e-35 1.0000000180025095e-35 1.5000000000000002 1.0000000180025095e-35 1.0000000180025095e-35 1.0000000180025095e-35
decision_type=2 2 2 2 2 2 2 2 2 2 2 2 2 2
left_child=1 2 3 4 9 6 -3 10 -5 13 -7 -4 -13 -1
right_child=-2 5 11 8 -6 7 -8 -9 -10 -11 -12 12 -14 -15
leaf_value=-0.021534082743318722 0.052258461605747736 -0.037021319446432811 -0.057781294588883869 0.055094555012699477 0.012227124434178522 0.11317530486722636 0.052541070589020689 -0.027067494428205986 -0.005176716612972798 -0.059485940398435112 0.058830378136164457 0.0017619761461992391 -0.045137708189850273 -0.0048026178227137803
leaf_weight=2.2034650212153783 0.29932549915975037 0.97814005101099633 0.57670681056333684 0.64156581432325743 1.1052715443074701 0.1925504293758421 0.6409359835088253 0.20835624216124415 0.51847323088441044 0.59527675993740548 0.22531325306044891 0.19656148488866165 0.36623284447705373 0.49258446693420399
leaf_count=49 132 16 9 14 11 5 9 7 10 8 17 12 22 3
internal_value=-0.0049826 -0.00689881 -0.013225 -0.00702742 -0.0163107 0.0119677 -0.00156668 0.0469604 0.0281566 -0.0258941 0.0838724 -0.0434466 -0.0287575 -0.0184771
internal_weight=9.24076 8.94143 6.69614 5.55664 4.3966 2.2453 1.61908 0.62622 1.16004 3.29133 0.417864 1.1395 0.562794 2.69605
internal_count=324 192 138 95 71 54 25 29 24 60 22 43 34 52
is_linear=0
shrinkage=0.05


Tree=120
num_leaves=15
num_cat=0
split_feature=135 185 189 198 200 60 149 149 59 157 116 157 194 130
split_gain=0.944492 0.904362 0.595812 0.534045 0.295467 0.270121 0.100476 0.0649649 0.0460272 0.0206749 0.00547875 0.00130957 1.36239e-05 1.09506e-05
threshold=1.0000000180025095e-35 1.0000000180025095e-35 1.0000000180025095e-35 1.5000000000000002 1.0000000180025095e-35 1.0000000180025095e-35 1.0000000180025095e-35 1.0000000180025095e-35 1.0000000180025095e-35 1.0000000180025095e-35 1.0000000180025095e-35 1.0000000180025095e-35 1.0000000180025095e-35 1.0000000180025095e-35
decision_type=2 2 2 2 2 2 2 2 2 2 2 2 2 2
left_child=1 2 3 4 5 7 -5 -1 -9 -3 -4 12 -12 -8
right_child=-2 9 10 6 -6 -7 13 8 -10 -11 11 -13 -14 -15
leaf_value=-0.0094694186170330118 -0.049306322189942589 0.064729576384573398 0.061852942358121943 0.014031265429792225 0.025245294997046377 -0.02125867428508809 0.052814324444435318 0.0016413487757078811 0.015944693093161249 0.083988833290207773 0.050923270117116705 0.057629734198345911 0.050165060867249978 0.053299286768777543
leaf_weight=0.80536065064370665 0.66077503655105818 0.27979862329084415 0.24813209765125055 0.23135569656733423 0.89808712515514333 1.8235081061720846 0.42574440001044411 1.5209969012066724 0.8924662023782729 0.27760622650384903 0.089219411136582494 0.082558793132193387 0.17635659576626495 0.16020296257920563
leaf_count=19 9 21 4 11 17 26 29 28 9 2 24 4 129 6
internal_value=0.00812166 0.0129182 0.00826402 0.00403653 -0.00117712 -0.00588321 0.041931 0.00282721 0.00693053 0.0743213 0.0561759 0.0521296 0.0504198 0.0529469
internal_weight=8.57217 7.91139 7.35399 6.75772 5.94042 5.04233 0.817303 3.21882 2.41346 0.557405 0.596267 0.348135 0.265576 0.585947
internal_count=338 329 306 145 99 82 46 56 37 23 161 157 153 35
is_linear=0
shrinkage=0.05


Tree=121
num_leaves=15
num_cat=0
split_feature=188 183 200 199 149 155 60 190 0 188 155 188 183 188
split_gain=0.466426 0.367577 0.737938 0.991534 0.298288 0.459864 0.587087 0.182959 5.77991e-05 4.59729e-05 1.48595e-05 4.2214e-06 8.59981e-07 8.44143e-07
threshold=2.5000000000000004 1.0000000180025095e-35 1.0000000180025095e-35 1.0000000180025095e-35 1.0000000180025095e-35 1.0000000180025095e-35 1.0000000180025095e-35 1.0000000180025095e-35 1.0000000180025095e-35 3.5000000000000004 1.0000000180025095e-35 3.5000000000000004 1.0000000180025095e-35 4.5000000000000009
decision_type=2 2 2 2 2 2 2 2 2 2 2 2 2 2
left_child=1 2 3 4 -1 6 -6 -2 11 -10 -11 -9 -13 -14
right_child=7 -3 -4 -5 5 -7 -8 8 9 10 -12 12 13 -15
leaf_value=-0.051427709888997579 -0.020325123417556875 -0.036938659316578207 0.026819359293100059 0.044157277755337371 -0.038527753702686872 0.021575169338847372 0.0081655461888887563 0.050608517234730588 0.05222493072162581 0.050136176114767977 0.051689379357163279 0.050095406535159481 0.050099117026125017 0.050419239132384053
leaf_weight=0.74459298141300667 0.11291603028075758 1.1092601791024206 1.3713631443679331 0.63581295311450947 2.2577228546142587 0.64760495536029328 0.95918181166052807 0.096535326680168509 0.09657690953463316 0.054061832663137466 0.021531874313950539 0.094640759867615998 0.031223104451783001 0.060488615883514285
leaf_count=18 16 8 11 8 31 14 15 17 4 40 1 90 27 26
internal_value=-0.0070875 -0.0103026 -0.00583688 -0.0143754 -0.0224498 -0.0168665 -0.0246053 0.0366438 0.0507798 0.0515021 0.0505786 0.0503402 0.0502011 0.0503103
internal_weight=8.29351 7.72554 6.61628 5.24492 4.6091 3.86451 3.2169 0.567974 0.455058 0.172171 0.0755937 0.282888 0.186352 0.0917117
internal_count=326 105 97 86 78 60 46 221 205 45 41 160 143 53
is_linear=0
shrinkage=0.05


Tree=122
num_leaves=15
num_cat=0
split_feature=59 155 181 58 186 93 68 189 200 189 197 60 153 67
split_gain=0.995659 1.0062 1.42942 0.567319 0.357205 0.498919 0.30486 0.275809 0.195328 0.187091 0.093845 0.0727666 0.0526218 0.038123
threshold=1.0000000180025095e-35 1.0000000180025095e-35 1.0000000180025095e-35 1.0000000180025095e-35 1.0000000180025095e-35 1.0000000180025095e-35 1.0000000180025095e-35 1.0000000180025095e-35 1.5000000000000002 1.0000000180025095e-35 1.0000000180025095e-35 1.0000000180025095e-35 1.0000000180025095e-35 1.0000000180025095e-35
decision_type=2 2 2 2 2 2 2 2 2 2 2 2 2 2
left_child=3 2 7 4 6 -6 8 -2 9 11 -4 13 -13 -1
right_child=1 -3 10 -5 5 -7 -8 -9 -10 -11 -12 12 -14 -15
leaf_value=-0.052525622931877652 -0.052241658763863788 0.07289331715919771 0.11213332387577923 0.027591806680114461 0.052898338744876872 -0.04330480107583759 0.0074810008005395199 0.0032052497042368484 -0.0055940048830159074 -0.012079801749058844 0.058900355433892361 -0.043708304262621352 -0.026690787358040959 -0.036566354674517763
leaf_weight=1.2844961732625959 0.6728736814111469 0.61897346284240473 0.16827227175235737 0.5623440826893783 0.32700145262060676 0.2292530428385362 0.52331403689458955 0.3364150476991199 0.58764965971931804 0.673665921029169 0.16298135236138478 0.78112287400290359 1.0856229396304116 0.52801920799538504
leaf_count=25 11 19 1 16 122 13 5 28 6 22 20 23 12 9
internal_value=-0.011122 0.0201651 -0.00418126 -0.0204358 -0.0249221 0.0132495 -0.0288081 -0.0337602 -0.0326519 -0.0363048 0.085942 -0.0407403 -0.0338116 -0.0478764
internal_weight=8.54201 1.95952 1.34054 6.58249 6.02015 0.556254 5.46389 1.00929 4.94058 4.35293 0.331254 3.67926 1.86675 1.81252
internal_count=332 79 60 253 237 135 102 39 97 91 21 69 35 34
is_linear=0
shrinkage=0.05


Tree=123
num_leaves=15
num_cat=0
split_feature=58 199 190 116 135 116 200 153 59 60 183 188 181 60
split_gain=0.504387 0.511435 0.599928 0.481695 0.344224 0.374847 0.207885 0.307484 1.27566 0.165052 0.151876 0.310701 0.146901 0.00408266
threshold=1.0000000180025095e-35 1.0000000180025095e-35 1.0000000180025095e-35 1.0000000180025095e-35 1.0000000180025095e-35 1.0000000180025095e-35 1.0000000180025095e-35 1.0000000180025095e-35 1.0000000180025095e-35 1.0000000180025095e-35 1.0000000180025095e-35 2.5000000000000004 1.0000000180025095e-35 1.0000000180025095e-35
decision_type=2 2 2 2 2 2 2 2 2 2 2 2 2 2
left_child=1 4 12 -4 5 -1 7 8 13 -9 -5 -12 -3 -7
right_child=-2 2 3 10 -6 6 -8 9 -10 -11 11 -13 -14 -15
leaf_value=-0.019017621880631302 -0.051789647466380984 -0.046613663873011163 -0.050679623566223478 0.056678745323485213 -0.029920152564614545 -0.050751636917674842 0.051083524474270871 0.041031009798714095 0.046964482697229956 0.013463820790384577 -0.053600251132450739 0.050964595371218641 -0.019163996864898687 -0.043438788570191095
leaf_weight=0.7583571895956992 0.49837240693159479 0.95969414518913276 0.20504605129826736 0.39877693634480305 0.5102262683212756 0.37298244237899625 0.45593777648173262 1.0790276964544319 0.68494735425338149 1.0929447407834232 0.11784102767705917 0.1788807877455838 0.99041693145409226 0.39086873061023653
leaf_count=16 16 16 4 110 4 15 15 16 10 12 1 70 14 20
internal_value=-0.00295176 1.79325e-05 -0.0170853 0.0166686 0.00913914 0.0132609 0.0192654 0.0152588 -0.00258154 0.0271591 0.0365241 0.00943739 -0.0326726 -0.0470096
internal_weight=8.69432 8.19595 2.85066 0.900545 5.34529 4.83507 4.07671 3.62077 1.4488 2.17197 0.695499 0.296722 1.95011 0.763851
internal_count=339 323 215 185 108 104 88 73 45 28 181 71 30 35
is_linear=0
shrinkage=0.05


Tree=124
num_leaves=15
num_cat=0
split_feature=173 36 188 135 188 200 60 151 153 155 197 188 155 21
split_gain=0.973554 0.39402 0.78861 0.426159 0.833715 1.21241 1.1332 1.12909 0.119349 0.663118 0.0772343 0.00986926 3.89103e-05 2.20725e-05
threshold=1.0000000180025095e-35 1.0000000180025095e-35 2.5000000000000004 1.0000000180025095e-35 1.5000000000000002 1.0000000180025095e-35 1.0000000180025095e-35 1.0000000180025095e-35 1.0000000180025095e-35 1.0000000180025095e-35 1.0000000180025095e-35 2.5000000000000004 1.0000000180025095e-35 1.0000000180025095e-35
decision_type=2 2 2 2 2 2 2 2 2 2 2 2 2 2
left_child=1 3 -3 4 5 6 8 10 9 -1 -6 -12 -13 -4
right_child=-2 2 13 -5 7 -7 -8 -9 -10 -11 11 12 -14 -15
leaf_value=-0.039320447886598636 -0.056563217504849952 -0.061783314469350162 0.050219726001302249 -0.029413104953301274 0.089694788615772778 0.069895484680738515 -0.054214595231108491 -0.040079096103515566 0.01718098340106727 0.027793751459341945 0.065151596734394732 0.050489477085861822 0.052332464263453962 0.051516273530377112
leaf_weight=0.65953093860298395 0.66163729375693936 0.51858678460121144 0.18422789737815037 0.61110542155802239 0.39119503856636562 0.62054096907377232 0.91479534097015847 0.28372230264358211 1.8314255774021149 0.83276082575321198 0.539649473503232 0.11998654127819464 0.037618057685904205 0.039942747738678008
leaf_count=18 13 2 137 7 7 6 20 4 24 13 7 52 5 11
internal_value=0.00160418 0.00667804 -0.0279101 0.0104327 0.0143404 0.00462146 -0.004935 0.0487567 0.00862835 -0.00186794 0.0719132 0.0619369 0.0509294 0.0504507
internal_weight=8.24673 7.58509 0.742757 6.84233 6.23123 4.85905 4.23851 1.37217 3.32372 1.49229 1.08845 0.697254 0.157605 0.224171
internal_count=326 313 150 163 156 81 75 75 55 31 71 64 57 148
is_linear=0
shrinkage=0.05


Tree=125
num_leaves=15
num_cat=0
split_feature=185 201 93 88 151 191 198 116 200 109 60 204 194 203
split_gain=0.580478 1.68748 1.25515 0.566815 0.366966 0.311245 0.517297 0.449337 0.129171 0.0751444 0.489142 0.0751831 0.014455 0.0103104
threshold=1.0000000180025095e-35 1.0000000180025095e-35 1.0000000180025095e-35 1.0000000180025095e-35 1.0000000180025095e-35 1.0000000180025095e-35 2.5000000000000004 1.0000000180025095e-35 1.0000000180025095e-35 1.0000000180025095e-35 1.0000000180025095e-35 1.0000000180025095e-35 1.0000000180025095e-35 1.0000000180025095e-35
decision_type=2 2 2 2 2 2 2 2 2 2 2 2 2 2
left_child=1 3 13 4 5 7 12 -1 9 10 -9 -12 -7 -2
right_child=2 -3 -4 -5 -6 6 -8 8 -10 -11 11 -13 -14 -15
leaf_value=0.020491861010040718 0.076531805780715001 0.11006427693371268 -0.045335889561092607 0.051535521477846083 -0.052818455616458919 0.075917588525323904 -0.019828720579935705 -0.008989899633322836 -0.043267021015404174 -0.0040568136098828719 -0.05391607687587685 -0.030090732086228797 0.054563762625546769 0.064162083266077322
leaf_weight=0.69646634254604478 0.32842800137586958 0.28293527348432679 0.36101240129210055 0.3141384568880311 0.65339316427707661 0.15924368216656137 0.40850469132419676 2.5969081709627053 0.64055969368200738 0.68726104497909535 0.92025900166481733 0.51721660897601374 0.15776953473687172 0.34585804102243856
leaf_count=14 7 14 6 133 8 3 10 45 15 10 21 11 23 17
internal_value=-0.00533423 -0.00987479 0.0299038 -0.0142525 -0.0170312 -0.0135845 0.0173638 -0.0172905 -0.0221978 -0.0193395 -0.0219429 -0.0453435 0.0652903 0.0701871
internal_weight=9.06995 8.03466 1.0353 7.75172 7.43758 6.78419 0.725518 6.05867 5.3622 4.72164 4.03438 1.43748 0.317013 0.674286
internal_count=337 307 30 293 160 152 36 116 102 87 77 32 26 24
is_linear=0
shrinkage=0.05


Tree=126
num_leaves=15
num_cat=0
split_feature=135 173 183 200 203 150 100 100 36 199 157 116 197 155
split_gain=0.628124 0.652594 0.84466 1.79438 0.633206 0.620253 0.497699 0.496233 0.471852 0.585083 0.581098 0.503342 0.408477 0.410887
threshold=1.0000000180025095e-35 1.0000000180025095e-35 1.0000000180025095e-35 1.0000000180025095e-35 1.0000000180025095e-35 1.0000000180025095e-35 1.0000000180025095e-35 1.0000000180025095e-35 1.0000000180025095e-35 1.0000000180025095e-35 1.0000000180025095e-35 1.0000000180025095e-35 1.0000000180025095e-35 1.0000000180025095e-35
decision_type=2 2 2 2 2 2 2 2 2 2 2 2 2 2
left_child=1 2 3 5 -5 7 -4 8 10 -10 11 -1 -13 -14
right_child=-2 -3 6 4 -6 -7 -8 -9 9 -11 -12 12 13 -15
leaf_value=0.0043727799049304789 -0.048679116157501472 -0.032824923092365864 -0.037551603916624356 0.16748778918008439 0.056707988127224919 -0.050412243744662778 0.034639862975704747 -0.041357554398291474 -0.061251856908217467 0.058813100606033598 -0.029568356349102837 0.055376980117838731 0.05801818690241424 -0.052792346604753383
leaf_weight=0.92216571886092502 0.48284193035215128 0.79193209542427201 1.0176993135246446 0.26010451372712839 0.25589933927403763 0.34180565434508015 0.31191939313430328 0.31336920819012437 0.32229128730250511 0.14809040480758995 0.37434599245898414 2.1994778388179843 0.15045477350940917 0.18842599540948868
leaf_count=18 7 13 68 6 18 13 17 20 6 41 11 40 37 2
internal_value=0.00661914 0.0101333 0.0151318 0.0238109 0.112549 0.01458 -0.020616 0.0193898 0.0238115 -0.0234518 0.0296088 0.0360103 0.047504 -0.00359518
internal_weight=8.08082 7.59798 6.80605 5.47643 0.516004 4.96043 1.32962 4.61862 4.30525 0.470382 3.83487 3.46052 2.53836 0.338881
internal_count=317 310 297 212 24 188 85 175 155 47 108 97 79 39
is_linear=0
shrinkage=0.05


Tree=127
num_leaves=15
num_cat=0
split_feature=155 173 197 59 67 203 204 189 100 200 15 198 109 151
split_gain=1.07216 0.547196 0.537286 0.442513 0.402401 0.152718 0.237917 0.128067 0.130587 0.0746472 0.0292468 0.0166505 0.00341455 0.00108331
threshold=1.0000000180025095e-35 1.0000000180025095e-35 1.0000000180025095e-35 1.0000000180025095e-35 1.0000000180025095e-35 1.0000000180025095e-35 1.0000000180025095e-35 1.0000000180025095e-35 1.0000000180025095e-35 1.0000000180025095e-35 1.0000000180025095e-35 1.5000000000000002 1.0000000180025095e-35 1.0000000180025095e-35
decision_type=2 2 2 2 2 2 2 2 2 2 2 2 2 2
left_child=1 2 3 5 7 6 -1 11 -9 12 -11 -4 13 -2
right_child=9 -3 4 -5 -6 -7 -8 8 -10 10 -12 -13 -14 -15
leaf_value=0.031071030058368095 -0.044818747493571197 -0.031134597006912231 0.072300893971497512 -0.030082343038235756 -0.046754747642571259 -0.0036884904636542929 -0.00025987422937777171 0.050409078086602069 -0.022266988453437293 -0.0098632518382649158 -0.037982099106409199 0.056351619620392562 -0.052735088103838174 -0.048931673555077236
leaf_weight=1.606219217181206 0.42149080784292869 0.78526305756531645 0.44186045893002279 0.72280593123286951 0.10784348944434896 1.0094278119504454 0.97296310472302128 0.18673802679404616 0.092391040991060436 0.21129912679316476 0.16444267588667572 0.25988446903647855 0.30690574727486819 0.25816138368099928
leaf_count=30 20 14 9 14 4 10 11 131 28 18 6 20 7 6
internal_value=-0.000979605 0.00786431 0.0135354 0.00561001 0.0449204 0.012799 0.0192519 0.0549998 0.0263535 -0.0411346 -0.0221694 0.0663942 -0.0483577 -0.046381
internal_weight=7.5477 6.1854 5.40013 4.31142 1.08872 3.58861 2.57918 0.980874 0.279129 1.3623 0.375742 0.701745 0.986558 0.679652
internal_count=328 271 257 65 192 51 41 188 159 57 24 29 33 26
is_linear=0
shrinkage=0.05


Tree=128
num_leaves=15
num_cat=0
split_feature=151 201 181 183 88 58 149 36 183 135 188 60 188 153
split_gain=0.508594 0.434488 0.462835 0.698745 0.400126 0.308563 0.322046 0.248374 0.366843 0.315577 1.23155 0.193805 0.101743 0.0574781
threshold=1.0000000180025095e-35 1.0000000180025095e-35 1.0000000180025095e-35 1.0000000180025095e-35 1.0000000180025095e-35 1.0000000180025095e-35 1.0000000180025095e-35 1.0000000180025095e-35 1.0000000180025095e-35 1.0000000180025095e-35 1.5000000000000002 1.0000000180025095e-35 1.5000000000000002 1.0000000180025095e-35
decision_type=2 2 2 2 2 2 2 2 2 2 2 2 2 2
left_child=1 2 5 12 -5 6 -1 8 9 10 11 -8 -4 -12
right_child=-2 -3 3 4 -6 -7 7 -9 -10 -11 13 -13 -14 -15
leaf_value=-0.050126384292987471 -0.050842703228961575 0.04693368781774792 0.10594392142981002 -0.048292106676370211 0.051531007887418705 -0.045832015579084076 0.0068791231184224359 -0.042118948050063408 -0.04045159233077452 -0.030086486715045452 0.059740390909077637 -0.02015960403321939 0.055488822078233191 0.092154310672232592
leaf_weight=0.38862764742225397 0.57179267762694497 0.42922332324087609 0.16972982883453358 0.29272921942174435 0.15277921390952542 0.54357637639623124 1.9968621246516711 0.37267333563067939 0.49243434192612756 0.54817603155970562 0.23525320074986655 0.99192368984222401 0.24291484875720926 0.32669018080923706
leaf_count=17 13 15 1 15 50 13 29 51 9 5 9 17 64 32
internal_value=-0.00545841 -0.00184595 -0.00494578 0.0293622 -0.0140595 -0.00993906 -0.00629403 -0.00286243 0.00032397 0.00522266 0.0106738 -0.00209454 0.0762421 0.0785845
internal_weight=7.75539 7.18359 6.75437 0.858153 0.445508 5.89622 5.35264 4.96401 4.59134 4.09891 3.55073 2.98879 0.412645 0.561943
internal_count=340 327 312 130 65 182 169 152 101 92 87 46 65 41
is_linear=0
shrinkage=0.05


Tree=129
num_leaves=15
num_cat=0
split_feature=188 201 20 191 204 153 149 155 60 60 135 194 200 88
split_gain=0.249409 0.202876 0.346777 1.68129 0.220978 0.328652 0.484583 0.0851702 0.0739215 0.000623295 1.17274e-05 1.94748e-07 5.7128e-08 1.81116e-08
threshold=3.5000000000000004 1.0000000180025095e-35 1.0000000180025095e-35 1.0000000180025095e-35 1.0000000180025095e-35 1.0000000180025095e-35 1.0000000180025095e-35 1.0000000180025095e-35 1.0000000180025095e-35 1.0000000180025095e-35 1.0000000180025095e-35 1.0000000180025095e-35 1.5000000000000002 1.0000000180025095e-35
decision_type=2 2 2 2 2 2 2 2 2 2 2 2 2 2
left_child=1 2 4 -4 5 6 -1 -8 -6 -7 11 -2 13 -13
right_child=10 -3 3 -5 8 9 7 -9 -10 -11 -12 12 -14 -15
leaf_value=0.019288049236245844 0.050219815822923147 -0.025820933114148625 0.11743089706847315 -0.025883517261628727 0.00060615088517705249 0.0016010919301621249 -0.028308629469338393 -0.052059058984602752 0.021943135319477853 0.0032258608592067072 0.051047488423609233 0.05009978469629825 0.05016128179629277 0.050060728130781086
leaf_weight=0.47902048751711857 0.03292190097272385 0.84672345826402295 0.33473626268096257 0.52657482656650245 0.77213181531988062 1.7005482167005541 0.90231173951178789 0.64895533956587315 0.85587066668085754 0.90408065915107716 0.040476193185895681 0.044498356583062559 0.021651020098943263 0.089155065943486989
leaf_count=12 18 7 17 8 17 20 17 17 14 10 4 38 13 124
internal_value=-0.00120572 -0.00268281 6.71814e-05 0.0298136 -0.00402371 -0.00958996 -0.0246703 -0.0382444 0.0118234 0.00216506 0.0502754 0.0501094 0.0500859 0.0500737
internal_weight=8.19966 7.97095 7.12423 0.861311 6.26292 4.63492 2.03029 1.55127 1.628 2.60463 0.228703 0.188226 0.155304 0.133653
internal_count=336 139 132 25 107 76 46 34 31 30 197 193 175 162
is_linear=0
shrinkage=0.05


Tree=130
num_leaves=15
num_cat=0
split_feature=203 155 153 59 155 200 60 188 151 190 188 190 100 188
split_gain=0.947407 1.17034 0.651124 0.647281 0.620335 0.344249 0.290546 0.251327 0.20174 0.197267 0.126418 0.157081 2.7622e-05 1.32967e-05
threshold=1.0000000180025095e-35 1.0000000180025095e-35 1.0000000180025095e-35 1.0000000180025095e-35 1.0000000180025095e-35 1.0000000180025095e-35 1.0000000180025095e-35 1.5000000000000002 1.0000000180025095e-35 1.0000000180025095e-35 2.5000000000000004 1.0000000180025095e-35 1.0000000180025095e-35 3.5000000000000004
decision_type=2 2 2 2 2 2 2 2 2 2 2 2 2 2
left_child=2 10 3 4 5 6 -1 -3 12 -4 -2 -12 -9 -13
right_child=1 7 9 -5 -6 -7 -8 8 -10 -11 11 13 -14 -15
leaf_value=-0.049344578004225578 0.065334899974930402 -0.052116751256533728 -0.022947141388409163 0.062153744397096526 -0.050107711244217916 0.051060471310599279 0.024927951655644764 0.051282844206867823 -0.042579770267612976 0.0037994766944965987 -0.032890382097972327 0.050975229600954665 0.052668515196903347 0.050153627640823942
leaf_weight=0.22596121270908065 1.28183900564909 0.34109242819249619 2.5917990803718571 0.62130949311540451 0.41965752618852992 0.51413066685199738 0.31555588886840269 0.070220413035713136 0.092709492135327309 0.9391878947499207 0.075958742236252763 0.073859053896740079 0.073722976783756167 0.14776834400254302
leaf_count=13 16 6 33 19 17 3 11 18 6 14 13 10 6 140
internal_value=0.00807179 0.0362449 -0.00272752 0.0193438 0.0013149 0.0217572 -0.00606407 -0.0246479 0.0149435 -0.015833 0.0585191 0.0291606 0.0519925 0.0504274
internal_weight=7.78477 2.15717 5.6276 2.09661 1.47531 1.05565 0.541517 0.577745 0.236653 3.53099 1.57943 0.297586 0.143943 0.221627
internal_count=325 215 110 63 44 27 24 36 30 47 179 163 24 150
is_linear=0
shrinkage=0.05


Tree=131
num_leaves=15
num_cat=0
split_feature=68 20 93 201 153 36 180 59 109 59 116 155 159 157
split_gain=1.01718 2.09666 0.656098 0.98078 0.451758 0.642762 0.509865 0.583568 0.339429 0.584327 1.08792 2.43345 0.585567 0.521072
threshold=1.0000000180025095e-35 1.0000000180025095e-35 1.0000000180025095e-35 1.0000000180025095e-35 1.0000000180025095e-35 1.0000000180025095e-35 1.0000000180025095e-35 1.0000000180025095e-35 1.0000000180025095e-35 1.0000000180025095e-35 1.0000000180025095e-35 1.0000000180025095e-35 1.0000000180025095e-35 1.0000000180025095e-35
decision_type=2 2 2 2 2 2 2 2 2 2 2 2 2 2
left_child=2 -2 3 4 8 6 7 -6 9 12 -11 -12 13 -1
right_child=1 -3 -4 -5 5 -7 -8 -9 -10 10 11 -13 -14 -15
leaf_value=-0.048608370022344236 -0.042178780409264489 0.25553666596493557 -0.046852032206940571 0.098230949933421519 0.051841152583235961 -0.046570956406391521 -0.029011276596141389 -0.0067087593362786732 -0.051586085500674832 -0.05142050906355114 -0.040391496043256682 0.15602225648954715 0.047929855344021319 0.013224547700043734
leaf_weight=1.1962103330297402 0.11830886872485269 0.11824216778040864 0.64461134991142888 0.27622832788620133 1.4981048071349516 0.3514711450843605 0.36263259209226806 0.59444732032716263 0.43822527222800989 0.29264027252793312 0.29355276841670264 0.34073862465447746 0.27341918041929592 0.47642129234736774
leaf_count=59 11 26 18 8 27 53 33 9 13 6 22 13 7 18
internal_value=0.00465357 0.106637 0.00122619 0.00607313 0.0019121 0.0166699 0.0257231 0.0352084 -0.0105969 -0.00434474 0.0283279 0.0651211 -0.0199072 -0.0309963
internal_weight=7.27525 0.236551 7.0387 6.39409 6.11786 2.80666 2.45518 2.09255 3.31121 2.87298 0.926932 0.634291 1.94605 1.67263
internal_count=323 37 286 268 260 122 69 36 138 125 41 35 84 77
is_linear=0
shrinkage=0.05


Tree=132
num_leaves=15
num_cat=0
split_feature=117 190 36 60 197 189 188 200 198 197 59 60 60 188
split_gain=0.331001 0.326684 0.630824 0.72486 0.455447 0.414176 0.31234 0.186535 0.459021 0.113155 0.0938087 0.0661747 0.00982765 0.00173433
threshold=1.0000000180025095e-35 1.0000000180025095e-35 1.0000000180025095e-35 1.0000000180025095e-35 1.5000000000000002 1.0000000180025095e-35 2.5000000000000004 1.0000000180025095e-35 1.0000000180025095e-35 1.0000000180025095e-35 1.0000000180025095e-35 1.0000000180025095e-35 1.0000000180025095e-35 2.5000000000000004
decision_type=2 2 2 2 2 2 2 2 2 2 2 2 2 2
left_child=1 4 5 13 7 -3 -5 8 10 -7 11 -1 -6 -4
right_child=-2 2 3 6 12 9 -8 -9 -10 -11 -12 -13 -14 -15
leaf_value=-0.016993401427533542 -0.04275018166929373 0.080961616654269306 0.058429840847390863 -0.059630682016632568 -0.042178527187527605 -0.047722860940744516 0.050177666700298877 0.010091837449988506 -0.043986675271433573 0.050555664531790327 0.010902508244890042 0.0011373602723543251 -0.054434192602157455 0.050503597023046382
leaf_weight=0.96548445988446574 0.58473951090127219 0.44830307108350076 0.15641140937805176 0.46289677917957306 0.34007034869864572 0.096599982585757971 0.075291698885848746 1.649942163378 0.78982117539271701 0.042032306257169694 1.0472904369235037 1.0512366960756481 0.31517414236441255 0.12351173456409015
leaf_count=23 17 7 2 2 4 2 74 14 7 33 16 25 16 83
internal_value=-0.00650637 -0.00370455 0.0180508 -0.0103262 -0.00866757 0.0576048 -0.0442687 -0.00397614 -0.00999907 -0.0179255 -0.00123796 -0.00754255 -0.0480735 0.0549325
internal_weight=8.14881 7.56407 1.40505 0.818112 6.15902 0.586935 0.538188 5.50377 3.85383 0.138632 3.06401 2.01672 0.655244 0.279923
internal_count=325 308 203 161 105 42 76 85 71 35 64 48 20 85
is_linear=0
shrinkage=0.05


Tree=133
num_leaves=15
num_cat=0
split_feature=59 109 109 60 153 149 188 157 201 188 15 36 60 197
split_gain=0.435847 0.650996 0.62207 1.89902 0.427993 0.860217 0.532587 0.299935 0.332102 0.405607 0.493429 0.273518 0.149745 0.0743058
threshold=1.0000000180025095e-35 1.0000000180025095e-35 1.0000000180025095e-35 1.0000000180025095e-35 1.0000000180025095e-35 1.0000000180025095e-35 1.5000000000000002 1.0000000180025095e-35 1.0000000180025095e-35 1.5000000000000002 1.0000000180025095e-35 1.0000000180025095e-35 1.0000000180025095e-35 1.0000000180025095e-35
decision_type=2 2 2 2 2 2 2 2 2 2 2 2 2 2
left_child=2 4 7 -4 5 -2 -7 8 9 12 11 -11 -1 -13
right_child=1 -3 3 -5 -6 6 -8 -9 -10 10 -12 13 -14 -15
leaf_value=-0.026518258773027655 0.027388888839742383 -0.049733375523679006 -0.04774826003857062 0.19563516999028346 0.0052206972075777448 0.21246911791731793 0.051586404800522651 0.02517053984141911 0.013226975970360122 0.00015165021725385426 0.064177721107443395 -0.061285666777448781 -0.05382098593410433 -0.023123306791563162
leaf_weight=1.4496492529287937 0.59139601746574033 0.28003022223128926 0.18229387584142376 0.14303302194457501 0.71968902106164023 0.12255655974149693 0.088651406433200464 0.49425371753750358 0.82428982137935225 1.0906716134923042 0.23065406578825776 0.28255751729011525 0.76840145047754038 0.23251752174110152
leaf_count=26 14 13 9 19 22 1 24 15 14 22 59 1 18 60
internal_value=-0.00110137 0.0203298 -0.00787982 0.0592575 0.0332181 0.0583231 0.144941 -0.0119449 -0.015705 -0.021587 -0.00420662 -0.0140295 -0.0359768 -0.0440582
internal_weight=7.50065 1.80232 5.69832 0.325327 1.52229 0.802604 0.211208 5.37299 4.87874 4.05445 1.8364 1.60575 2.21805 0.515075
internal_count=317 74 243 28 61 39 25 215 200 186 142 83 44 61
is_linear=0
shrinkage=0.05


Tree=134
num_leaves=15
num_cat=0
split_feature=68 135 185 64 188 183 190 180 60 153 149 153 188 58
split_gain=0.606649 0.462137 0.897874 0.31438 0.275283 0.407833 0.284442 0.274268 0.202402 0.564936 0.447059 0.344572 0.0177704 0.00701802
threshold=1.0000000180025095e-35 1.0000000180025095e-35 1.0000000180025095e-35 1.0000000180025095e-35 2.5000000000000004 1.0000000180025095e-35 1.0000000180025095e-35 1.0000000180025095e-35 1.0000000180025095e-35 1.0000000180025095e-35 1.0000000180025095e-35 1.0000000180025095e-35 1.5000000000000002 1.0000000180025095e-35
decision_type=2 2 2 2 2 2 2 2 2 2 2 2 2 2
left_child=1 2 3 4 5 6 7 8 9 10 -1 -10 -2 -4
right_child=12 -3 13 -5 -6 -7 -8 -9 11 -11 -12 -13 -14 -15
leaf_value=0.0054946940489665266 -0.058944216457185721 -0.048244991564761558 0.0613623867456514 -0.052124394605990103 0.050698176418304541 -0.032365199691962589 0.03017732774890565 -0.035131031980236239 0.047446841875895082 0.018535815997662877 -0.051973165475955957 -0.0048576523053196824 -0.041774848443199487 0.073336496791316014
leaf_weight=0.59198040235787652 0.37695980817079533 0.48564753681421269 0.304592283675447 0.30674011359224085 0.254017388971988 0.96129607968032349 0.81638536974787701 0.54567463882267464 0.58197302184999011 1.3024688512086868 0.79009450040757634 0.68608828634023666 0.25108747003832832 0.20454138889908791
leaf_count=16 2 8 22 8 160 9 7 6 16 18 20 9 39 2
internal_value=-0.00479852 -0.00100678 0.00211622 -0.00265411 -0.000330283 -0.00239564 0.00302514 -0.00190267 0.00268465 -0.00509161 -0.0273581 0.0191473 -0.0520801 0.0661729
internal_weight=8.45955 7.8315 7.34585 6.83672 6.52998 6.27596 5.31467 4.49828 3.95261 2.68454 1.38207 1.26806 0.628047 0.509134
internal_count=342 301 293 269 261 101 92 85 79 54 36 25 41 24
is_linear=0
shrinkage=0.05


Tree=135
num_leaves=15
num_cat=0
split_feature=198 68 173 67 201 59 155 204 153 188 189 199 172 200
split_gain=0.503443 2.38393 0.685735 0.498133 0.416729 0.351554 0.467345 0.269702 0.335224 0.119492 0.0522148 0.00432495 0.000909697 0.000317327
threshold=1.0000000180025095e-35 1.0000000180025095e-35 1.0000000180025095e-35 1.0000000180025095e-35 1.0000000180025095e-35 1.0000000180025095e-35 1.0000000180025095e-35 1.0000000180025095e-35 1.0000000180025095e-35 1.5000000000000002 1.0000000180025095e-35 1.0000000180025095e-35 1.0000000180025095e-35 1.0000000180025095e-35
decision_type=2 2 2 2 2 2 2 2 2 2 2 2 2 2
left_child=4 2 3 9 5 7 -7 8 13 -2 -9 -11 -13 -1
right_child=1 -3 -4 -5 -6 6 -8 10 -10 11 -12 12 -14 -15
leaf_value=-0.050692094499599473 0.0099820106898872996 0.22959155903874906 -0.061464003721293015 -0.049900758524524358 0.033351791039541646 -0.01708789701888663 0.038101827901620644 0.0037411463658712251 -0.01503709805008531 0.063820599878242276 -0.0147581580938351 0.051573159141353936 0.056588065152153248 -0.052550111628990606
leaf_weight=0.65161441732197956 0.19632556475698926 0.12984217930352304 0.29962723713833839 0.17667193559464067 0.5659999360796063 0.81104224995942764 0.72780004504602402 1.0675338844885121 1.724858894944191 0.11988626548554748 0.59349831240251649 0.3006992019363679 0.12932050717063248 0.3549887016415596
leaf_count=31 4 36 3 4 6 19 11 15 20 6 18 122 20 5
internal_value=-0.00186307 0.0258917 0.00425723 0.0255941 -0.00764002 -0.0115517 0.00901425 -0.0187566 -0.0284182 0.0434677 -0.00286878 0.0554226 0.0530813 -0.0513473
internal_weight=7.84971 1.35237 1.22253 0.922903 6.49734 5.93134 1.53884 4.39249 2.73146 0.746232 1.66103 0.549906 0.43002 1.0066
internal_count=320 195 159 156 125 119 30 89 56 152 33 148 142 36
is_linear=0
shrinkage=0.05


Tree=136
num_leaves=15
num_cat=0
split_feature=183 188 64 173 200 189 181 151 204 36 151 60 190 203
split_gain=0.364641 0.35826 0.328535 0.361361 0.650565 1.0048 0.669083 0.605203 0.791285 0.877501 0.380929 0.369099 0.170294 0.127002
threshold=1.0000000180025095e-35 2.5000000000000004 1.0000000180025095e-35 1.0000000180025095e-35 1.0000000180025095e-35 1.0000000180025095e-35 1.0000000180025095e-35 1.0000000180025095e-35 1.0000000180025095e-35 1.0000000180025095e-35 1.0000000180025095e-35 1.0000000180025095e-35 1.0000000180025095e-35 1.0000000180025095e-35
decision_type=2 2 2 2 2 2 2 2 2 2 2 2 2 2
left_child=2 -2 3 4 6 -6 7 8 13 11 -8 -10 -3 -1
right_child=1 12 -4 -5 5 -7 10 -9 9 -11 -12 -13 -14 -15
leaf_value=-0.036584355052730187 -0.050106435954274657 -0.051576637620855161 -0.052106203455469485 -0.03452400507669276 0.093744419971569765 -0.018312866371808966 0.07557267438816212 0.05641303800407424 0.0056876884866083732 -0.05231236392658687 -0.048649032721952493 0.07579080251245654 0.050666368786600906 -0.013006237313172625
leaf_weight=2.0321723157539968 0.86385902203619458 0.055734362453222275 0.34317593002924685 0.74488988320808847 0.45018708700081322 0.3600439662404824 0.36164362946874451 0.31134920043405134 0.31056618760339938 0.30118983323336579 0.074413597118109465 0.47484294898458757 0.15123872976982966 0.79438319616019715
leaf_count=49 9 1 8 10 11 16 54 6 10 27 2 36 86 10
internal_value=-0.00889813 -0.0359503 -0.00448145 -0.00185202 0.00259652 0.0439493 -0.0045926 -0.0106792 -0.0160174 0.0202459 0.0543741 0.0480707 0.0231341 -0.0299579
internal_weight=7.62969 1.07083 6.55886 6.21568 5.47079 0.810231 4.66056 4.2245 3.91315 1.0866 0.436057 0.785409 0.206973 2.82656
internal_count=335 96 239 231 221 27 194 138 132 73 56 46 87 59
is_linear=0
shrinkage=0.05


Tree=137
num_leaves=15
num_cat=0
split_feature=201 156 185 200 181 88 155 155 109 204 60 60 189 116
split_gain=0.846555 0.311067 0.613502 0.2627 0.41604 0.321888 0.28021 0.242261 0.122512 0.274089 0.854102 0.529621 0.162008 0.128293
threshold=1.0000000180025095e-35 1.0000000180025095e-35 1.0000000180025095e-35 1.0000000180025095e-35 1.0000000180025095e-35 1.0000000180025095e-35 1.0000000180025095e-35 1.0000000180025095e-35 1.0000000180025095e-35 1.0000000180025095e-35 1.0000000180025095e-35 1.0000000180025095e-35 1.0000000180025095e-35 1.0000000180025095e-35
decision_type=2 2 2 2 2 2 2 2 2 2 2 2 2 2
left_child=1 2 3 4 6 -5 8 -6 9 11 -11 -1 -12 -14
right_child=-2 -3 -4 5 7 -7 -8 -9 -10 10 12 -13 13 -15
leaf_value=-0.0022987091188346152 0.080694478571184128 -0.049796619593167203 0.06491675735668348 -0.041609462693391948 0.07859278994138888 0.051210344684761877 0.024822573437522481 -0.0036353870588017368 0.020456485870983844 -0.032580001444701322 0.090206007420834899 -0.053760763683540158 0.058556121529681621 -0.016156310747655896
leaf_weight=1.929469380527735 0.38070844206958998 0.2576813191990367 0.41684252099366847 0.58286034892080341 0.29416245504398819 0.11122773119132034 1.059924728120677 0.12879219060414471 0.45213869196595613 0.47511095661320757 0.24380134046077728 0.67480885796248902 0.16994945704937015 0.086807739455252553
leaf_count=29 14 14 17 27 43 59 28 10 10 21 2 12 2 39
internal_value=0.0081153 0.00410118 0.00619726 0.00225515 0.00590373 -0.0267351 0.0019458 0.0535538 -0.00406788 -0.00716525 0.0154379 -0.0156333 0.0610147 0.0332964
internal_weight=7.26429 6.88358 6.6259 6.20905 5.51497 0.694088 5.09201 0.422955 4.03209 3.57995 0.975669 2.60428 0.500559 0.256757
internal_count=327 313 299 282 196 86 143 53 115 105 64 41 43 41
is_linear=0
shrinkage=0.05


Tree=138
num_leaves=15
num_cat=0
split_feature=59 203 93 188 20 60 155 203 199 200 197 190 189 188
split_gain=0.280682 0.251259 0.441488 0.382368 0.291138 0.248162 0.186656 1.22498 0.803639 0.195195 0.14316 0.199471 0.123054 0.11174
threshold=1.0000000180025095e-35 1.0000000180025095e-35 1.0000000180025095e-35 1.5000000000000002 1.0000000180025095e-35 1.0000000180025095e-35 1.0000000180025095e-35 1.0000000180025095e-35 1.0000000180025095e-35 1.0000000180025095e-35 1.0000000180025095e-35 1.0000000180025095e-35 1.0000000180025095e-35 1.5000000000000002
decision_type=2 2 2 2 2 2 2 2 2 2 2 2 2 2
left_child=1 4 3 -3 12 10 8 -8 -2 -10 -5 -12 13 -1
right_child=6 2 -4 5 -6 -7 7 -9 9 -11 11 -13 -14 -15
leaf_value=-0.027939279473731246 -0.033534668673921575 -0.0088033754103878075 -0.046124090124062329 -0.05237975771363873 0.015674422122248403 0.063445302455476485 0.075251377045361986 -0.04247281618517805 0.080102061636223951 -0.0034877820747016737 -0.05179827071894573 0.052016733036121747 -0.050737733682077374 -0.00075883137038275904
leaf_weight=2.1934828693047179 0.79577116383006818 1.0858076419681313 0.43337778764544044 0.081564925611019023 0.44663295234204259 0.41439008936868049 0.51438152790069569 0.38739073250326328 0.25537582716788165 0.096128561446676031 0.06302623450756073 0.1740381684503518 0.48120791459223244 0.45688490732572962
leaf_count=53 18 13 14 1 6 82 7 17 19 18 1 53 16 3
internal_value=-0.00826165 -0.0138561 -0.000772988 0.010033 -0.0220909 0.0379349 0.00765686 0.0246785 -0.00572231 0.0572421 0.00475755 0.0244163 -0.027477 -0.0232538
internal_weight=7.87946 5.83041 2.2522 1.81883 3.57821 0.733019 2.04905 0.901772 1.14728 0.351504 0.318629 0.237064 3.13158 2.65037
internal_count=321 242 164 150 78 137 79 24 55 37 55 54 72 56
is_linear=0
shrinkage=0.05


Tree=139
num_leaves=15
num_cat=0
split_feature=173 60 109 185 109 200 204 58 150 197 190 116 153 189
split_gain=0.63318 0.618046 1.60383 0.689986 0.540567 0.465253 1.17376 0.367244 0.455305 0.534259 0.539438 0.507094 0.0841364 0.0477314
threshold=1.0000000180025095e-35 1.0000000180025095e-35 1.0000000180025095e-35 1.0000000180025095e-35 1.0000000180025095e-35 1.0000000180025095e-35 1.0000000180025095e-35 1.0000000180025095e-35 1.0000000180025095e-35 1.0000000180025095e-35 1.0000000180025095e-35 1.0000000180025095e-35 1.0000000180025095e-35 1.0000000180025095e-35
decision_type=2 2 2 2 2 2 2 2 2 2 2 2 2 2
left_child=1 4 3 5 7 6 -3 8 9 11 -11 -1 -13 -8
right_child=-2 2 -4 -5 -6 -7 13 -9 -10 10 -12 12 -14 -15
leaf_value=-0.010257310192046072 -0.035299331878689187 -0.044421167862706952 0.20483118879813272 -0.055692933312502295 -0.050041301443365285 0.08498480526217024 0.087400474370559034 -0.028948383302008319 -0.037164671500859683 -0.046897355804827207 0.051705181084230736 0.055845259452765042 0.0350058795404471 0.056015426071128652
leaf_weight=0.57227364182472262 0.74336105008842412 0.39732629293575861 0.13530733389779914 0.22472257041954424 0.41804958225111466 0.38798415981000289 0.2392658069729805 0.53953224257566024 0.37257375905755896 0.48134193010628212 0.19486343338212464 0.78404088085517387 1.2671000380069017 0.24538410772220232
leaf_count=11 15 16 17 7 19 26 2 12 13 6 83 20 13 67
internal_value=0.0083288 0.0135097 0.039988 0.0250654 0.00418763 0.0393558 0.0192834 0.00957032 0.0152296 0.0211457 -0.0184829 0.0313602 0.0429717 0.0715098
internal_weight=7.00313 6.25977 1.62999 1.49468 4.62978 1.26996 0.881976 4.21173 3.67219 3.29962 0.676205 2.62341 2.05114 0.48465
internal_count=327 312 135 118 177 111 85 158 146 133 89 44 33 69
is_linear=0
shrinkage=0.05


Tree=140
num_leaves=15
num_cat=0
split_feature=173 67 198 188 151 13 199 189 203 149 58 60 117 203
split_gain=0.628863 0.465603 0.67826 1.6201 0.372408 0.240601 0.443634 0.231544 0.175787 0.140856 0.162687 0.141549 0.0410334 0.00282772
threshold=1.0000000180025095e-35 1.0000000180025095e-35 1.5000000000000002 1.5000000000000002 1.0000000180025095e-35 1.0000000180025095e-35 1.0000000180025095e-35 1.0000000180025095e-35 1.0000000180025095e-35 1.0000000180025095e-35 1.0000000180025095e-35 1.0000000180025095e-35 1.0000000180025095e-35 1.0000000180025095e-35
decision_type=2 2 2 2 2 2 2 2 2 2 2 2 2 2
left_child=1 2 5 -4 13 6 7 8 9 -1 11 -11 -8 -5
right_child=-2 -3 3 4 -6 -7 12 -9 -10 10 -12 -13 -14 -15
leaf_value=8.0973860269009578e-05 -0.034056471125265823 -0.0370910318463165 0.23832796869190767 0.061667981142883826 -0.036411179783831314 -0.02737864850031815 0.053321313120888059 -0.017207124784334369 -0.006764565672559693 0.046162444963831532 0.0029717935941133778 0.018931485159298867 0.089261722140094424 0.052583918045035975
leaf_weight=0.64959441870451051 0.73165765800513316 0.40215508197434235 0.11290733516216267 0.11915368784684688 0.15052451239898801 0.35566598339937616 0.15077512022980943 0.61879152373876412 0.70783608616329718 1.0058863488957288 0.57784074125811447 0.90800721757113922 0.167801633477211 0.30483206013741437
leaf_count=18 16 11 1 8 6 22 53 16 11 16 7 22 1 126
internal_value=0.00979541 0.014944 0.0185336 0.0651794 0.0311508 0.0122979 0.0152461 0.0111814 0.0157452 0.0208173 0.0262232 0.0332433 0.0722519 0.0551368
internal_weight=6.96343 6.23177 5.82962 0.687418 0.57451 5.1422 4.78653 4.46796 3.84916 3.14133 2.49173 1.91389 0.318577 0.423986
internal_count=334 318 307 141 140 166 144 90 74 63 45 38 54 134
is_linear=0
shrinkage=0.05


Tree=141
num_leaves=15
num_cat=0
split_feature=93 201 181 117 155 59 58 36 188 135 203 197 198 88
split_gain=0.37465 1.66368 0.769047 0.466903 0.305422 1.11494 0.310091 0.302641 0.40357 1.1479 0.173378 0.148464 0.0426587 0.0350691
threshold=1.0000000180025095e-35 1.0000000180025095e-35 1.0000000180025095e-35 1.0000000180025095e-35 1.0000000180025095e-35 1.0000000180025095e-35 1.0000000180025095e-35 1.0000000180025095e-35 1.5000000000000002 1.0000000180025095e-35 1.0000000180025095e-35 1.0000000180025095e-35 1.0000000180025095e-35 1.0000000180025095e-35
decision_type=2 2 2 2 2 2 2 2 2 2 2 2 2 2
left_child=1 2 3 4 6 11 7 8 10 -10 -1 -6 -4 -2
right_child=13 -3 12 -5 5 -7 -8 -9 9 -11 -12 -13 -14 -15
leaf_value=-0.020404389221723728 -0.027268707904354674 0.11271659036950853 0.085752140263743948 -0.051329962853679315 -0.045399409289033472 0.075163154793540146 -0.055562733513599055 -0.050999172652857555 0.069003685705923648 -0.031149335702477188 0.007795630563095849 0.001541026377613403 0.051338351038083568 -0.050986405698210252
leaf_weight=1.9066646173596389 0.32387871865648765 0.32211854704655696 0.16641311085550103 0.55990366172045458 0.3521384000778196 0.50714489020174369 0.33680480998009432 0.33845632697921235 0.62369380395102758 0.5285555012524128 0.76322917826473702 0.32292178081115708 0.19623916428827215 0.30042060709092766
leaf_count=29 10 12 2 15 19 8 6 41 44 6 7 10 100 10
internal_value=-0.00158478 0.00175993 -0.00365363 -0.00776771 -0.00347328 0.0191417 -0.00941793 -0.00568246 -0.0016696 0.0230619 -0.012343 -0.022945 0.0671301 -0.038682
internal_weight=7.54858 6.92428 6.60217 6.23951 5.67961 1.18221 4.4974 4.1606 3.82214 1.15225 2.66989 0.67506 0.362652 0.624299
internal_count=319 299 287 185 170 37 133 127 86 50 36 29 102 20
is_linear=0
shrinkage=0.05


Tree=142
num_leaves=15
num_cat=0
split_feature=93 193 149 197 155 59 153 188 201 190 197 188 188 188
split_gain=0.444222 0.275919 0.233628 0.421628 0.295796 0.176617 0.189383 0.161029 0.0587826 0.0134475 0.000643868 0.000225918 4.21927e-05 1.0439e-06
threshold=1.0000000180025095e-35 1.0000000180025095e-35 1.0000000180025095e-35 1.0000000180025095e-35 1.0000000180025095e-35 1.0000000180025095e-35 1.0000000180025095e-35 1.5000000000000002 1.0000000180025095e-35 1.0000000180025095e-35 1.0000000180025095e-35 2.5000000000000004 3.5000000000000004 3.5000000000000004
decision_type=2 2 2 2 2 2 2 2 2 2 2 2 2 2
left_child=1 2 -1 5 9 6 7 -4 -2 -5 -3 -11 -12 -13
right_child=8 10 3 4 -6 -7 -8 -9 -10 11 12 13 -14 -15
leaf_value=-0.019598473216239407 -0.027423371175759961 0.056326125098108318 -0.038951996632048035 0.071522591212493436 -0.020905330510222551 0.02042102582899892 0.0028922151624781738 0.001316198911675092 -0.059205609842878162 0.054555648250869809 0.051580046539750693 0.050683743241380946 0.050079030696820064 0.050232545797180464
leaf_weight=1.0984722268185576 0.31881774927023787 0.079282459570094832 0.60329438420012615 0.29681009222986166 0.12780513172037899 0.91540086874738325 2.6764660067856312 0.42187921516597271 0.26759781944565475 0.098703078925609589 0.11803005868569016 0.026611554203554988 0.077596340415766463 0.024734253791393712
leaf_count=28 20 3 25 5 11 12 26 6 2 2 14 5 141 24
internal_value=-0.000231021 0.00349336 0.00135045 0.00578287 0.0461711 0.000755916 -0.00410719 -0.0223808 -0.0419265 0.0653555 0.0525251 0.0531563 0.0509847 0.0504664
internal_weight=7.1515 6.56509 6.29018 5.1917 0.574664 4.61704 3.70164 1.02517 0.586416 0.446859 0.274909 0.150049 0.195626 0.0513458
internal_count=324 302 144 116 47 69 57 31 22 36 158 31 155 29
is_linear=0
shrinkage=0.05


Tree=143
num_leaves=15
num_cat=0
split_feature=68 93 185 135 64 150 36 190 188 203 197 60 155 188
split_gain=0.718043 0.428578 0.265899 0.467927 0.335619 0.243929 0.280139 0.522955 0.308378 0.218653 0.192985 0.339799 0.232876 0.174591
threshold=1.0000000180025095e-35 1.0000000180025095e-35 1.0000000180025095e-35 1.0000000180025095e-35 1.0000000180025095e-35 1.0000000180025095e-35 1.0000000180025095e-35 1.0000000180025095e-35 2.5000000000000004 1.0000000180025095e-35 1.0000000180025095e-35 1.0000000180025095e-35 1.0000000180025095e-35 1.5000000000000002
decision_type=2 2 2 2 2 2 2 2 2 2 2 2 2 2
left_child=1 2 4 -4 5 6 7 10 -8 -9 11 12 -1 -12
right_child=-2 -3 3 -5 -6 -7 8 9 -10 -11 13 -13 -14 -15
leaf_value=0.0066728588452730653 -0.05915770617759121 -0.044683528601467265 0.065206172338537524 -0.016254223598487865 -0.05195578156812844 -0.043995391607332811 -0.062079704312762579 0.074981796493283862 0.050167261884649851 0.004177314423910743 -0.052870763099967633 -0.01431911831001414 0.041415863807182755 -0.0024780543289477084
leaf_weight=1.6313951071351769 0.60072140538250085 0.54963987169321615 0.40775379468686868 0.31055416166782379 0.32089014013763506 0.29041459169820871 0.29475033283233631 0.36290961113991205 0.077219508399139158 0.15586807706858963 0.2924351543188094 1.3911530226469042 0.68476224783807982 0.41693606300395913
leaf_count=30 38 19 21 2 9 18 1 7 92 30 4 25 12 21
internal_value=-0.00664352 -0.00225395 0.00125981 0.0299875 -0.00222663 0.000624034 0.00306554 0.00621913 -0.0387777 0.0537084 0.000641102 0.00521294 0.0169445 -0.0232522
internal_weight=7.7874 7.18668 6.63704 0.718308 5.91873 5.59784 5.30743 4.93546 0.37197 0.518778 4.41668 3.70731 2.31616 0.709371
internal_count=329 291 272 23 249 240 222 129 93 37 92 67 42 25
is_linear=0
shrinkage=0.05


Tree=144
num_leaves=15
num_cat=0
split_feature=183 173 198 153 188 203 200 204 58 188 13 153 203 109
split_gain=0.526245 0.639759 0.686676 0.815062 0.511569 0.481514 0.327029 0.837609 0.531504 0.260254 0.228275 0.284528 1.28987 0.491163
threshold=1.0000000180025095e-35 1.0000000180025095e-35 1.5000000000000002 1.0000000180025095e-35 2.5000000000000004 1.0000000180025095e-35 1.0000000180025095e-35 1.0000000180025095e-35 1.0000000180025095e-35 1.5000000000000002 1.0000000180025095e-35 1.0000000180025095e-35 1.0000000180025095e-35 1.0000000180025095e-35
decision_type=2 2 2 2 2 2 2 2 2 2 2 2 2 2
left_child=1 2 6 9 -2 -5 8 -8 10 -4 11 13 -13 -1
right_child=4 -3 3 5 -6 -7 7 -9 -10 -11 -12 12 -14 -15
leaf_value=0.012534761546504045 -0.049970364878284837 -0.036151130847514021 -0.051464117284887381 0.2102166390858447 0.05078579895877923 0.051319614061470648 0.097779403686473254 -0.015019877521119916 -0.055365350999006163 0.054009572281138507 -0.030077859429533699 0.0076264234152587833 0.11434007462862859 -0.052495344590817755
leaf_weight=1.3132463957881557 0.72184352576732624 0.69358647032640863 0.095345161855220684 0.1234612911939621 0.15261496874154545 0.077673804495134391 0.33491817861795425 0.32358381789526891 0.34120348840951908 0.15128515442484058 0.33157028863206495 1.6343601516564374 0.34251318265160091 0.37278236076235782
leaf_count=46 8 7 2 1 78 49 3 17 6 26 17 29 31 6
internal_value=0.00390202 0.0090739 0.0148379 0.0741545 -0.0323859 0.148854 0.00951975 0.0423505 0.00453342 0.0132343 0.0096499 0.0132461 0.0261156 -0.00184345
internal_weight=7.00999 6.13553 5.44194 0.447765 0.874458 0.201135 4.99418 0.658502 4.33568 0.24663 3.99447 3.6629 1.97687 1.68603
internal_count=326 240 233 78 86 50 155 20 135 28 129 112 60 52
is_linear=0
shrinkage=0.05


Tree=145
num_leaves=15
num_cat=0
split_feature=109 197 190 116 135 200 183 155 59 204 153 153 59 200
split_gain=0.748853 0.395138 0.305492 0.36428 0.23674 0.318027 0.742451 0.517973 0.716252 0.217976 0.510812 0.000509242 0.000443174 7.89213e-05
threshold=1.0000000180025095e-35 1.5000000000000002 1.0000000180025095e-35 1.0000000180025095e-35 1.0000000180025095e-35 1.0000000180025095e-35 1.0000000180025095e-35 1.0000000180025095e-35 1.0000000180025095e-35 1.0000000180025095e-35 1.0000000180025095e-35 1.0000000180025095e-35 1.0000000180025095e-35 2.5000000000000004
decision_type=2 2 2 2 2 2 2 2 2 2 2 2 2 2
left_child=1 4 -3 -4 5 7 -7 9 -9 10 12 -2 -1 -5
right_child=11 2 3 13 -6 6 -8 8 -10 -11 -12 -13 -14 -15
leaf_value=-0.049885349964905817 -0.051720880923471879 -0.055458914827183819 -0.054501804831068673 0.050614855976657637 -0.028561948333220302 0.06715881518576583 -0.012632626224052894 -0.012269785114545611 0.073213916931311337 0.017727584580005108 -0.0013715677378682339 -0.054396198040214741 -0.052466169138204233 0.053060492355707506
leaf_weight=0.38170800474472377 0.34788309858413402 0.5150704197003505 0.14251549541950215 0.14834312730818067 0.48373666289262462 0.64417745824903228 0.53256190335378051 0.4524988384800962 0.53447534104634542 0.72207217018876724 2.2157583553344011 0.36397938647132833 0.29481596127152443 0.042420831712661311
leaf_count=20 10 14 1 148 8 9 14 20 10 20 27 23 5 3
internal_value=-0.00419536 0.000699804 -0.0313236 0.00597662 0.00503834 0.00785133 0.0310473 0.00191923 0.0340221 -0.00684713 -0.0129823 -0.0530888 -0.05101 0.0511587
internal_weight=7.82202 7.11015 0.84835 0.333279 6.2618 5.77807 1.17674 4.60133 0.986974 3.61435 2.89228 0.711862 0.676524 0.190764
internal_count=332 299 166 152 133 125 23 102 30 72 52 33 25 151
is_linear=0
shrinkage=0.05


Tree=146
num_leaves=15
num_cat=0
split_feature=153 203 93 204 13 189 200 151 188 188 188 203 189 180
split_gain=0.24919 0.546321 0.680662 0.47642 0.438307 0.403178 0.346914 0.589447 0.071254 0.0219276 0.0746563 0.0217665 0.012952 0.0353983
threshold=1.0000000180025095e-35 1.0000000180025095e-35 1.0000000180025095e-35 1.0000000180025095e-35 1.0000000180025095e-35 1.0000000180025095e-35 1.0000000180025095e-35 1.0000000180025095e-35 1.5000000000000002 2.5000000000000004 3.5000000000000004 1.0000000180025095e-35 1.0000000180025095e-35 1.0000000180025095e-35
decision_type=2 2 2 2 2 2 2 2 2 2 2 2 2 2
left_child=3 8 4 6 5 -3 7 11 -2 -7 -11 -1 13 -5
right_child=1 2 -4 12 -6 9 -8 -9 -10 10 -12 -13 -14 -15
leaf_value=-0.050996167339229619 -0.024337094629643702 0.05413379472672452 -0.051293416304435728 0.00089319164662794855 -0.032058372381065875 -0.052188543523475898 0.019297956744936503 0.025452145773202497 -0.041190798237942881 -0.049011549860614734 0.050090054134094203 -0.033942757669212106 0.055524283464968231 0.053805538944392342
leaf_weight=0.6267017996869988 2.101329375058413 0.82154140084458027 0.38820256589679036 0.045741532812826224 0.26890980353346094 0.07556171715259552 0.77770951204001892 0.42807293683290482 0.89391558119677927 0.055555599101353437 0.028884589264634997 0.26676079444587231 0.30065207050938625 0.10230441589374095
leaf_count=31 26 19 15 30 40 1 11 6 15 3 54 8 57 10
internal_value=-0.00976243 -0.0166686 0.00654232 0.00279774 0.0244974 0.0399918 -0.00719802 -0.0227906 -0.029367 -0.0326214 -0.0151117 -0.0459045 0.0495632 0.0374573
internal_weight=7.18184 4.6339 1.63866 2.54794 1.25045 0.981543 2.09925 1.32154 2.99524 0.160002 0.0844402 0.893463 0.448698 0.148046
internal_count=326 173 132 153 117 77 56 45 41 58 57 39 97 40
is_linear=0
shrinkage=0.05


Tree=147
num_leaves=15
num_cat=0
split_feature=68 93 200 155 155 59 59 36 153 201 109 188 204 203
split_gain=0.952553 0.574822 1.49592 0.431198 0.332604 0.423169 0.396243 0.355206 0.144934 0.144175 0.101238 0.0217063 0.00528404 0.00126782
threshold=1.0000000180025095e-35 1.0000000180025095e-35 1.0000000180025095e-35 1.0000000180025095e-35 1.0000000180025095e-35 1.0000000180025095e-35 1.0000000180025095e-35 1.0000000180025095e-35 1.0000000180025095e-35 1.0000000180025095e-35 1.0000000180025095e-35 1.5000000000000002 1.0000000180025095e-35 1.0000000180025095e-35
decision_type=2 2 2 2 2 2 2 2 2 2 2 2 2 2
left_child=1 2 4 9 6 -6 7 8 -1 12 -10 -2 -4 -14
right_child=11 -3 3 -5 5 -7 -8 -9 10 -11 -12 -13 13 -15
leaf_value=-0.02040129539103816 -0.065739222633238711 -0.051318645385781417 0.066485782862345508 -0.01316308000814922 -0.017790888331793254 0.042555135838767362 -0.049832898622290935 -0.05659271654569048 0.0026898935259049256 0.10539540605519791 0.032108272227519129 -0.04657834257187031 0.060385479176520276 0.052805666198461367
leaf_weight=0.5556229098001505 0.45848926901817311 0.44766846514539782 0.28796559758484364 0.15306347122532316 0.49361161381239049 0.70602832781150937 0.59836494401679363 0.29284939495846618 1.3860618816397616 0.30642054660711437 0.37064819922670733 0.21812588900502305 0.10062755210674357 0.12211287845275365
leaf_count=29 2 18 3 19 21 15 25 25 47 8 5 36 6 61
internal_value=-0.00341012 0.00311677 0.00765191 0.0638543 -0.00473163 0.0177248 -0.0131409 -0.00471343 0.00185691 0.0782812 0.00889688 -0.0595622 0.0620128 0.05623
internal_weight=6.49766 5.82105 5.37338 0.97019 4.40319 1.19964 3.20355 2.60518 2.31233 0.817127 1.75671 0.676615 0.510706 0.22274
internal_count=320 282 264 97 167 36 131 106 81 78 52 38 70 67
is_linear=0
shrinkage=0.05


Tree=148
num_leaves=15
num_cat=0
split_feature=68 149 93 185 58 64 194 201 181 153 59 60 109 188
split_gain=0.70571 0.541248 0.44132 0.549969 0.446478 0.397605 0.355228 0.312886 0.433157 0.195434 0.466156 0.807438 0.206481 0.431969
threshold=1.0000000180025095e-35 1.0000000180025095e-35 1.0000000180025095e-35 1.0000000180025095e-35 1.0000000180025095e-35 1.0000000180025095e-35 1.0000000180025095e-35 1.0000000180025095e-35 1.0000000180025095e-35 1.0000000180025095e-35 1.0000000180025095e-35 1.0000000180025095e-35 1.0000000180025095e-35 1.5000000000000002
decision_type=2 2 2 2 2 2 2 2 2 2 2 2 2 2
left_child=1 6 3 4 5 7 -1 8 9 -3 11 -11 13 -13
right_child=-2 2 -4 -5 -6 -7 -8 -9 -10 10 -12 12 -14 -15
leaf_value=-0.048091334738496833 -0.058646331470416826 -0.013150179196076892 -0.045566327897468457 0.062455083468705853 -0.053995614616217949 -0.051901327342454479 0.024117057139476903 0.057395524866421459 0.067796250639526809 0.066319120991452971 -0.04770274789147988 -0.054081962743944001 0.029925509437585703 0.011302017597002667
leaf_weight=0.9670273778028784 0.65388326151878562 1.480120377178537 0.45405605883570377 0.39636153422179621 0.34054878057213489 0.28558748372597609 0.20673434283526149 0.31017117702867825 0.25998559562140133 0.61878937817527968 0.30545701483788423 0.40145822241902329 0.37935289906454284 0.68130976377869956
leaf_count=32 37 47 19 17 10 7 29 7 60 14 12 6 9 35
internal_value=-0.00894491 -0.00435917 0.00179709 0.00573647 0.00129601 0.00528342 -0.0353733 0.00896441 0.00532403 0.00112335 0.00997637 0.0184431 -0.00181869 -0.0129404
internal_weight=7.74084 7.08696 5.9132 5.45914 5.06278 4.72223 1.17376 4.43664 4.12647 3.86649 2.38637 2.08091 1.46212 1.08277
internal_count=341 304 243 224 207 197 61 190 183 123 76 64 50 41
is_linear=0
shrinkage=0.05


Tree=149
num_leaves=15
num_cat=0
split_feature=156 188 197 200 153 149 58 204 155 185 67 153 190 191
split_gain=0.197686 0.351782 0.360523 0.251863 0.0906974 0.320599 0.0846966 0.083502 0.0130166 0.00166864 1.17125e-05 4.85136e-06 4.19461e-06 8.77812e-07
threshold=1.0000000180025095e-35 2.5000000000000004 1.5000000000000002 1.0000000180025095e-35 1.0000000180025095e-35 1.0000000180025095e-35 1.0000000180025095e-35 1.0000000180025095e-35 1.0000000180025095e-35 1.0000000180025095e-35 1.0000000180025095e-35 1.0000000180025095e-35 1.5000000000000002 1.0000000180025095e-35
decision_type=2 2 2 2 2 2 2 2 2 2 2 2 2 2
left_child=1 2 3 4 5 -1 9 -6 -7 10 11 12 13 -3
right_child=-2 6 -4 -5 7 8 -8 -9 -10 -11 -12 -13 -14 -15
leaf_value=0.0077463033972475425 -0.050366857130144542 0.050669051798824541 -0.042600320008679415 0.017416301161957037 0.00096986677571240295 -0.032906554736428742 -0.033583640980632413 -0.015975595842323092 -0.04530584700313775 0.058333596377653701 0.05157053574133004 0.050136092076350759 0.050101223441531874 0.05101789381717875
leaf_weight=0.67843990540131904 0.2396191405277931 0.035697321349289157 0.63385259360074986 1.2161073014140127 2.7037087995558982 0.50254568550735712 0.030975819623563439 0.99436459690332402 0.36567713785916567 0.10249811099492945 0.024580508004873991 0.086604478594381362 0.025685765751404688 0.036445093486690894
leaf_count=17 15 18 7 16 30 19 9 10 13 12 2 120 37 10
internal_value=-0.00566642 -0.00422621 -0.00661544 -0.00308508 -0.00783877 -0.0180058 0.0452672 -0.00358655 -0.0381289 0.0531079 0.0505453 0.0504086 0.0506499 0.0508453
internal_weight=7.6768 7.43718 7.0947 6.46084 5.24474 1.54666 0.342487 3.69807 0.868223 0.311511 0.209013 0.184433 0.0978282 0.0721424
internal_count=335 320 112 105 89 49 208 40 32 199 187 185 65 28
is_linear=0
shrinkage=0.05


Tree=150
num_leaves=15
num_cat=0
split_feature=60 20 68 201 204 36 135 109 150 67 59 116 180 197
split_gain=0.693382 0.589935 1.28967 0.455795 0.425078 0.413202 0.984109 0.343618 0.410959 0.32802 0.286916 0.252354 0.088394 0.152577
threshold=1.0000000180025095e-35 1.0000000180025095e-35 1.0000000180025095e-35 1.0000000180025095e-35 1.0000000180025095e-35 1.0000000180025095e-35 1.0000000180025095e-35 1.0000000180025095e-35 1.0000000180025095e-35 1.0000000180025095e-35 1.0000000180025095e-35 1.0000000180025095e-35 1.0000000180025095e-35 3.5000000000000004
decision_type=2 2 2 2 2 2 2 2 2 2 2 2 2 2
left_child=1 7 9 4 -2 6 -6 8 10 -3 12 -12 -1 -14
right_child=3 2 -4 -5 5 -7 -8 -9 -10 -11 11 -13 13 -15
leaf_value=0.006391629502530004 -0.05448312604824565 0.045135442287411912 0.19244028293530036 0.01633408522960873 0.071650467483064903 -0.04789589106897639 -0.056406937020741767 -0.048843052009251237 -0.047142982386988774 -0.051386666518782424 0.0018186790343463187 0.053796007953944874 0.017986324755131577 -0.052182246802769831
leaf_weight=1.7147122668684471 1.1289837651420389 0.26974591391626734 0.13480426464229822 0.58960064491839137 0.34655462550290395 0.42694348393706605 0.26456065848469734 0.29955827907542687 0.31675480678677548 0.13065549859311432 0.37030328623950481 0.63218214720836863 0.13477298390353087 0.18221506039844826
leaf_count=35 26 45 15 8 41 68 2 12 11 3 5 27 15 13
internal_value=-0.00317248 0.0096511 0.0586745 -0.0226439 -0.0332488 -0.0101546 0.0162126 0.0024637 0.00705028 0.0136392 0.0127078 0.0345964 0.00190751 -0.0223489
internal_weight=6.94235 4.1857 0.535206 2.75664 2.16704 1.03806 0.611115 3.6505 3.35094 0.400401 3.03419 1.00249 2.0317 0.316988
internal_count=326 181 63 145 137 111 43 118 106 48 95 32 63 28
is_linear=0
shrinkage=0.05


Tree=151
num_leaves=15
num_cat=0
split_feature=59 109 186 21 149 181 153 197 173 25 188 153 190 153
split_gain=0.430583 0.358669 0.253872 0.273048 0.136382 0.251355 0.3713 0.101967 0.38176 0.205401 0.136193 0.314791 0.0836999 0.0526428
threshold=1.0000000180025095e-35 1.0000000180025095e-35 1.0000000180025095e-35 1.0000000180025095e-35 1.0000000180025095e-35 1.0000000180025095e-35 1.0000000180025095e-35 1.0000000180025095e-35 1.0000000180025095e-35 1.0000000180025095e-35 1.5000000000000002 1.0000000180025095e-35 1.0000000180025095e-35 1.0000000180025095e-35
decision_type=2 2 2 2 2 2 2 2 2 2 2 2 2 2
left_child=1 2 7 -4 -2 6 -6 9 10 12 -9 -12 13 -1
right_child=4 -3 3 -5 5 -7 -8 8 -10 -11 11 -13 -14 -15
leaf_value=-0.042711784066939283 -0.0060153669309755747 0.024285799854416742 0.052887986590884499 -0.039721705002526829 0.046872505914508054 0.070649771558289567 -0.025299449346192555 -0.014774208503100376 -0.055496796149025543 -0.0027038398826959944 -0.03577141897983397 0.058725590864554505 -0.053346750239223154 -0.027144866304951207
leaf_weight=0.79250284656882386 0.90451661383849569 0.41864983088453289 0.21116850258840703 0.1277363747212803 0.32652659701125208 0.20167394781310577 0.39232995026395656 0.40297114849090554 0.37586311344057322 0.5472261607646941 0.13352332694921643 0.25923538542701863 0.56445240043103684 1.7256763968616724
leaf_count=29 22 23 103 26 20 20 12 5 3 3 11 18 8 25
internal_value=-0.0132991 -0.0202172 -0.0238417 0.0179825 0.00777328 0.0213221 0.00748326 -0.0267938 -0.0139685 -0.0309334 0.00564746 0.0266001 -0.0359447 -0.032044
internal_weight=7.38405 5.55901 5.14036 0.338905 1.82505 0.92053 0.718857 4.80145 1.17159 3.62986 0.79573 0.392759 3.08263 2.51818
internal_count=328 254 231 129 74 52 32 102 37 65 34 29 62 54
is_linear=0
shrinkage=0.05


Tree=152
num_leaves=15
num_cat=0
split_feature=149 93 181 59 201 153 204 60 188 183 58 204 188 188
split_gain=0.521652 0.313859 0.598097 0.361888 0.257841 0.16023 0.124305 0.142449 0.123615 0.245761 0.082183 0.255876 0.187173 0.0117377
threshold=1.0000000180025095e-35 1.0000000180025095e-35 1.0000000180025095e-35 1.0000000180025095e-35 1.0000000180025095e-35 1.0000000180025095e-35 1.0000000180025095e-35 1.0000000180025095e-35 1.5000000000000002 1.0000000180025095e-35 1.0000000180025095e-35 1.0000000180025095e-35 1.5000000000000002 1.5000000000000002
decision_type=2 2 2 2 2 2 2 2 2 2 2 2 2 2
left_child=8 2 3 4 5 6 7 -2 -1 -10 11 -7 -13 -4
right_child=1 -3 13 -5 -6 10 -8 -9 9 -11 -12 12 -14 -15
leaf_value=-0.05145060806876265 -0.0078369762969787427 -0.04508611570840812 0.07477012356435514 -0.045046750088762688 0.041413538599813324 0.0157802154666166 0.0025225312548874828 -0.051452361916706227 0.054290019846236437 -0.046635215539411697 -0.0182178201138164 -0.052576907663792818 -0.0019468554813622464 0.05617729965262297
leaf_weight=0.75584703078493454 0.35467229224741459 0.40443026373395685 0.15087918937206257 0.47984190865827248 0.35630691831465799 2.0035856682807212 0.44358207428012952 0.39647981524467468 0.091995843904442154 0.17517659715667833 0.40428881143452589 0.2551657967269424 0.64138570323120803 0.19407079396478366
leaf_count=23 12 17 1 30 7 19 13 16 18 20 7 4 50 83
internal_value=-0.00808233 -0.00252817 0.000501922 -0.00362352 0.000470138 -0.00277234 -0.0184647 -0.0308584 -0.0411172 -0.0118835 0.00290133 0.00584541 -0.0163566 0.0643097
internal_weight=7.10771 6.08469 5.68026 5.33531 4.85547 4.49916 1.19473 0.751152 1.02302 0.267172 3.30443 2.90014 0.896551 0.34495
internal_count=320 259 242 158 128 121 41 28 61 38 80 73 54 84
is_linear=0
shrinkage=0.05


Tree=153
num_leaves=15
num_cat=0
split_feature=109 153 101 117 59 155 156 200 183 189 64 180 203 20
split_gain=0.604411 0.344224 0.496838 0.626209 1.22051 1.76589 0.355253 0.35908 0.54694 0.426659 0.156736 0.181979 0.125596 0.618813
threshold=1.0000000180025095e-35 1.0000000180025095e-35 1.0000000180025095e-35 1.0000000180025095e-35 1.0000000180025095e-35 1.0000000180025095e-35 1.0000000180025095e-35 1.0000000180025095e-35 1.0000000180025095e-35 1.0000000180025095e-35 1.0000000180025095e-35 1.0000000180025095e-35 1.0000000180025095e-35 1.0000000180025095e-35
decision_type=2 2 2 2 2 2 2 2 2 2 2 2 2 2
left_child=1 2 3 4 6 -6 7 9 -9 -1 11 12 -3 -14
right_child=-2 10 -4 -5 5 -7 -8 8 -10 -11 -12 -13 13 -15
leaf_value=-0.043174963466403697 -0.05292977056264489 -0.01033116042427216 -0.050092420177084575 -0.041505904105845183 -0.030002779113108655 0.17396171741172192 -0.053820457889292163 0.07858162080197284 -0.023174504410179615 0.056274666904743691 -0.05244652562023519 -0.035447903993493506 0.065949577307648694 -0.048627283606064477
leaf_weight=0.35507217061240293 0.7068364576116436 2.3749987399496617 0.29621522403613187 0.3556780301441903 0.1651556830620392 0.29687160739558749 0.20563853485509742 0.3919129618734587 0.19916543154977262 0.15489647231879644 0.24330938607454289 0.62192005245015014 0.27945055412419595 0.20377471706888173
leaf_count=27 36 34 20 12 20 11 3 6 28 11 4 90 6 20
internal_value=-0.00914423 -0.00410698 0.0105713 0.0190299 0.0312033 0.101053 0.00650543 0.0177723 0.0442946 -0.0129684 -0.0136493 -0.0109368 -0.00560343 0.0176328
internal_weight=6.8509 6.14406 2.42061 2.12439 1.76871 0.462027 1.30669 1.10105 0.591078 0.509969 3.72345 3.48014 2.85822 0.483225
internal_count=328 292 138 118 106 31 75 72 34 38 154 150 60 26
is_linear=0
shrinkage=0.05


Tree=154
num_leaves=15
num_cat=0
split_feature=68 135 189 183 100 116 199 155 59 204 188 197 188 190
split_gain=0.793925 0.409502 0.384761 0.23164 0.419115 0.155546 0.382827 0.287664 0.994379 0.469981 0.284459 0.407187 0.035927 0.0159445
threshold=1.0000000180025095e-35 1.0000000180025095e-35 1.0000000180025095e-35 1.0000000180025095e-35 1.0000000180025095e-35 1.0000000180025095e-35 1.0000000180025095e-35 1.0000000180025095e-35 1.0000000180025095e-35 1.0000000180025095e-35 1.5000000000000002 1.5000000000000002 1.5000000000000002 1.0000000180025095e-35
decision_type=2 2 2 2 2 2 2 2 2 2 2 2 2 2
left_child=1 2 3 5 13 -1 7 8 9 -7 -8 -12 -2 -5
right_child=12 -3 -4 4 -6 6 10 -9 -10 -11 11 -13 -14 -15
leaf_value=-0.020935988456184745 -0.067224457440621152 -0.047992535922666828 0.054264880692897567 -0.053458516418112445 0.037386044374699182 0.044434939012842012 -0.048638365733012986 0.045119833453076852 -0.052122603238504463 -0.0079115157331639038 0.056306711789296741 -0.041652549539164405 -0.041239909069824207 -0.035771891000137779
leaf_weight=0.57939647138118733 0.46033163368701924 0.4383191093802451 0.33360257306776464 0.38975690305232991 0.19309884894755669 1.1506566973403101 0.47097984701395024 0.63929488789290179 0.54261281900107849 0.68349487008526977 0.21424966040649451 0.21012013358995318 0.18708809326926712 0.18932368730020244
leaf_count=13 2 10 138 4 8 26 6 17 11 7 11 10 39 26
internal_value=-0.00709711 -0.00145224 0.00219275 -0.00110793 -0.0264046 0.00324176 0.0068232 0.015346 0.00733749 0.0249281 -0.0218865 0.0078037 -0.0597156 -0.0476761
internal_weight=6.68233 6.03491 5.59659 5.26298 0.772179 4.49081 3.91141 3.01606 2.37676 1.83415 0.89535 0.42437 0.64742 0.579081
internal_count=328 287 277 139 38 101 88 61 44 33 27 21 41 30
is_linear=0
shrinkage=0.05


Tree=155
num_leaves=15
num_cat=0
split_feature=109 149 155 59 188 173 181 194 188 135 60 59 197 188
split_gain=0.42098 0.210538 0.419149 0.724192 0.49528 0.140631 0.220004 0.276784 0.122761 0.146281 0.474079 0.0745666 0.116534 0.0083464
threshold=1.0000000180025095e-35 1.0000000180025095e-35 1.0000000180025095e-35 1.0000000180025095e-35 1.5000000000000002 1.0000000180025095e-35 1.0000000180025095e-35 1.5000000000000002 1.5000000000000002 1.0000000180025095e-35 1.0000000180025095e-35 1.0000000180025095e-35 1.0000000180025095e-35 1.5000000000000002
decision_type=2 2 2 2 2 2 2 2 2 2 2 2 2 2
left_child=1 11 5 4 -4 6 8 13 -3 10 -10 12 -1 -8
right_child=-2 2 3 -5 -6 -7 7 -9 9 -11 -12 -13 -14 -15
leaf_value=-0.050287822857818409 -0.052659042429929519 -0.017143981157074425 -0.050751333426591397 0.11667388417756036 0.060853128996970166 -0.034940487049631638 0.071973878569638328 -0.028095585459793689 -0.032083795787552237 -0.022758782305006733 0.058441998519021536 -0.04805687412538482 0.051284684217265092 0.050803834969537998
leaf_weight=0.06011237297207106 0.62539294468297146 2.6753524201922128 0.23492883797734965 0.18100192910060287 0.17233090297668241 0.55703947081929062 0.14444892108440388 0.12700086789845955 0.25642285261710629 0.32656781002879143 0.33172140107490122 0.43922408891376108 0.053255776350852102 0.068701798722031526
leaf_count=6 39 43 13 5 17 12 1 24 28 3 41 16 25 44
internal_value=-0.0137417 -0.00941718 -0.00622625 0.0334581 -0.00352619 -0.0114287 -0.00809633 0.0303356 -0.0117377 0.00407468 0.018974 -0.0387256 -0.00257316 0.0651504
internal_weight=6.2535 5.62811 5.07552 0.588262 0.40726 4.48726 3.93022 0.340152 3.59006 0.914712 0.588144 0.552592 0.113368 0.213151
internal_count=317 278 231 35 30 196 184 69 115 72 69 47 31 45
is_linear=0
shrinkage=0.05


Tree=156
num_leaves=15
num_cat=0
split_feature=173 183 197 100 188 116 198 155 60 198 188 188 188 58
split_gain=0.320662 0.279547 0.37631 0.305809 0.286888 0.385324 0.329642 0.0970737 0.327826 0.0782024 0.148703 0.055125 0.214051 0.00521093
threshold=1.0000000180025095e-35 1.0000000180025095e-35 1.0000000180025095e-35 1.0000000180025095e-35 1.5000000000000002 1.0000000180025095e-35 1.0000000180025095e-35 1.0000000180025095e-35 1.0000000180025095e-35 2.5000000000000004 1.5000000000000002 1.5000000000000002 2.5000000000000004 1.0000000180025095e-35
decision_type=2 2 2 2 2 2 2 2 2 2 2 2 2 2
left_child=1 2 4 11 5 -1 7 8 -7 13 -11 -3 -13 -4
right_child=-2 3 9 -5 -6 6 -8 -9 -10 10 -12 12 -14 -15
leaf_value=-0.024298229123458956 -0.033647278928167192 -0.053021440906606904 0.051925043007048748 0.034338476638991686 -0.022465759123257427 0.0066913808671140761 -0.010466601744722359 0.043921086044435509 0.051517031025079797 -0.051453519961288788 0.054162994468618622 -0.04409430592367998 0.050584232175585102 0.063217627788843614
leaf_weight=0.63595746131613884 0.54787283579935309 0.29348451644182194 0.16253575308655843 0.1956323986814823 0.75018039427231986 1.2527055013924844 0.76474422961473454 0.63584152050316323 0.60479827225208271 0.051628328859806061 0.094016619041212834 0.27714335918426514 0.076086243512690999 0.27500107698142529
leaf_count=18 12 4 107 19 15 29 5 17 13 1 26 4 58 7
internal_value=0.00298707 0.00629378 0.0106012 -0.0204369 0.00584732 0.0113018 0.0182507 0.0270587 0.0212865 0.0484589 0.016724 -0.0370065 -0.0237004 0.0590227
internal_weight=6.61763 6.06976 5.22741 0.842347 4.64423 3.89405 3.25809 2.49335 1.8575 0.583182 0.145645 0.646714 0.35323 0.437537
internal_count=335 323 238 85 97 82 64 59 42 141 27 66 62 114
is_linear=0
shrinkage=0.05


Tree=157
num_leaves=15
num_cat=0
split_feature=109 201 88 36 190 60 116 60 155 200 199 153 60 199
split_gain=0.714723 0.42719 0.294183 0.244253 0.23924 0.343686 0.186344 0.158051 0.151381 0.108423 0.078045 0.024146 0.00450153 0.00169961
threshold=1.0000000180025095e-35 1.0000000180025095e-35 1.0000000180025095e-35 1.0000000180025095e-35 1.0000000180025095e-35 1.0000000180025095e-35 1.0000000180025095e-35 1.0000000180025095e-35 1.0000000180025095e-35 1.0000000180025095e-35 1.0000000180025095e-35 1.0000000180025095e-35 1.0000000180025095e-35 1.0000000180025095e-35
decision_type=2 2 2 2 2 2 2 2 2 2 2 2 2 2
left_child=1 2 3 4 5 6 -1 9 -8 -5 11 -7 -2 -4
right_child=12 -3 13 7 -6 10 8 -9 -10 -11 -12 -13 -14 -15
leaf_value=-0.022281975249636158 -0.048573505206552355 0.05146507495450664 0.059651478303477438 0.055106650945564564 0.02697606516488715 -0.031793426081188687 0.0015932087069872678 -0.054099421317309174 0.027552939419784112 -0.034519924149566755 -0.0099910596799055122 -0.051067840079921115 -0.057049895459304889 0.050958924306308023
leaf_weight=0.59775359043851528 0.28816114866640408 0.4178665859508327 0.099286093594855518 0.066143657662905642 0.71492480953747861 0.37653768714517344 2.1523882579058413 0.35795782739296556 0.75982342567294825 0.068884924199664965 0.31847682711668313 0.28583591897040606 0.34315453462477308 0.12968345185072394
leaf_count=13 17 14 9 9 26 16 31 15 14 16 7 8 19 121
internal_value=-0.00244445 0.00260328 -0.000841176 -0.0030739 0.000111595 -0.00416515 0.00314688 -0.0367115 0.00836635 0.00938359 -0.0303312 -0.040111 -0.0531809 0.0547282
internal_weight=6.97688 6.34556 5.9277 5.69873 5.20574 4.49082 3.50997 0.492986 2.91221 0.135029 0.98085 0.662374 0.631316 0.22897
internal_count=335 299 285 155 115 89 58 40 45 25 31 24 36 130
is_linear=0
shrinkage=0.05


Tree=158
num_leaves=15
num_cat=0
split_feature=58 135 197 190 190 198 149 59 153 60 183 188 197 188
split_gain=0.401612 0.417033 0.381099 0.447539 0.174086 0.24981 0.43133 0.317117 0.411127 0.11361 0.0469412 0.148257 0.000218314 3.23286e-05
threshold=1.0000000180025095e-35 1.0000000180025095e-35 1.0000000180025095e-35 1.0000000180025095e-35 1.0000000180025095e-35 1.0000000180025095e-35 1.0000000180025095e-35 1.0000000180025095e-35 1.0000000180025095e-35 1.0000000180025095e-35 1.0000000180025095e-35 2.5000000000000004 1.5000000000000002 2.5000000000000004
decision_type=2 2 2 2 2 2 2 2 2 2 2 2 2 2
left_child=1 2 4 9 5 6 -1 8 -8 -4 12 -12 -5 -14
right_child=-2 -3 3 10 -6 -7 7 -9 -10 -11 11 -13 13 -15
leaf_value=-0.0085706957508164712 -0.052604364539267305 -0.048986085136306881 -0.049958751837947166 0.054785824905576569 -0.0098461179881141961 -0.0074233052621616022 0.016874332436330429 0.0081381260810759262 0.069216373310394971 -0.013756927034953865 -0.05156884279742005 0.050574547006422499 0.051922090431102789 0.050083587847726131
leaf_weight=0.76023675501346666 0.33590021112468083 0.35573882423341263 0.55211488017812349 0.063894603597873356 0.67975700204260636 0.79229328501969565 0.63559101196005963 0.74824488162994374 0.9155823215842247 0.35675246617756784 0.05547570064663887 0.098782566215959378 0.048260396346449852 0.047391628184414003
leaf_count=23 14 7 8 13 8 7 22 9 14 18 1 75 2 101
internal_value=0.000624519 0.00355075 0.0067986 -0.0179736 0.0134823 0.017599 0.0240785 0.0348731 0.0477693 -0.0357487 0.0335078 0.0138409 0.0525228 0.0510112
internal_weight=6.44602 6.11012 5.75438 1.22267 4.53171 3.85195 3.05965 2.29942 1.55117 0.908867 0.313805 0.154258 0.159547 0.095652
internal_count=322 308 301 218 83 75 68 45 36 26 192 76 116 103
is_linear=0
shrinkage=0.05


Tree=159
num_leaves=15
num_cat=0
split_feature=109 190 116 59 188 67 60 188 151 198 199 60 58 188
split_gain=0.419288 0.282486 0.235987 0.208321 0.143347 0.119276 0.0922606 0.180389 0.0625619 0.0621648 0.0452606 0.00585843 0.00413541 0.000300588
threshold=1.0000000180025095e-35 1.0000000180025095e-35 1.0000000180025095e-35 1.0000000180025095e-35 1.5000000000000002 1.0000000180025095e-35 1.0000000180025095e-35 1.5000000000000002 1.0000000180025095e-35 1.0000000180025095e-35 1.0000000180025095e-35 1.0000000180025095e-35 1.0000000180025095e-35 2.5000000000000004
decision_type=2 2 2 2 2 2 2 2 2 2 2 2 2 2
left_child=1 3 -3 6 -4 12 9 -8 -5 -1 -9 -2 13 -6
right_child=11 2 4 8 5 -7 7 10 -10 -11 -12 -13 -14 -15
leaf_value=-0.021166391759693121 -0.048108479257394365 -0.047632935276404484 -0.013301394550565938 -0.0068881700770207126 0.053693160592821615 -0.0081927384889184541 -0.05210597058636654 -0.028111133184356398 0.016837897393082391 -0.002820130177904855 -0.00089755215987566645 -0.05748776517061293 0.063212349423676706 0.050350178304068995
leaf_weight=1.5104433558881285 0.32423472196387582 0.11617267734254699 0.14643880352377892 0.67128171352669574 0.12998181721195579 0.091196284512989223 0.60535436403006337 0.28726002393523231 0.47405167669057846 0.66502510011196125 0.32638577252510004 0.34219982298964169 0.11729782435577363 0.13931084392970661
leaf_count=30 19 7 2 16 4 4 21 4 7 5 17 17 7 164
internal_value=-0.0155533 -0.0108366 0.0178006 -0.015507 0.0299782 0.0432431 -0.0217285 -0.0327405 0.00293201 -0.0155581 -0.0136368 -0.0529245 0.0553768 0.0519638
internal_weight=5.94663 5.2802 0.740398 4.5398 0.624226 0.477787 3.39447 1.219 1.14533 2.17547 0.613646 0.666435 0.38659 0.269293
internal_count=324 288 188 100 181 179 77 42 23 35 21 36 175 168
is_linear=0
shrinkage=0.05


Tree=160
num_leaves=15
num_cat=0
split_feature=86 60 201 116 183 198 68 188 190 59 153 188 190 188
split_gain=0.522586 0.368452 0.747981 0.657638 0.480326 0.790452 0.788007 0.379838 0.381379 0.196224 0.626265 0.13542 0.118997 0.117861
threshold=1.0000000180025095e-35 1.0000000180025095e-35 1.0000000180025095e-35 1.0000000180025095e-35 1.0000000180025095e-35 1.5000000000000002 1.0000000180025095e-35 1.5000000000000002 1.0000000180025095e-35 1.0000000180025095e-35 1.0000000180025095e-35 2.5000000000000004 1.0000000180025095e-35 1.5000000000000002
decision_type=2 2 2 2 2 2 2 2 2 2 2 2 2 2
left_child=1 3 13 -1 5 7 -7 9 -9 10 -5 -6 -13 -3
right_child=-2 2 -4 4 11 6 -8 8 -10 -11 -12 12 -14 -15
leaf_value=-0.05058916292442335 0.084826380248232691 -0.051927891299373322 0.036741883252149186 -0.0021238246146931847 -0.05269377478493209 0.032923241214579332 0.18624668717237855 -0.054783610165768763 0.029626391787650194 0.00015795019569725285 0.07375850004862608 -0.051334689104681419 0.05063538104465596 -0.024277689671600596
leaf_weight=0.46044999605510417 0.16876460007915728 0.76816797815263249 0.42676849554118224 0.55075148958712927 0.31276516616344441 0.22254374551994249 0.13441891272668727 0.37053548544645298 0.20946244319202378 0.62352897785603989 0.53704135119915009 0.047627277672290802 0.071656879008514807 0.77345086869900115
leaf_count=17 9 25 6 19 4 24 7 4 30 12 7 1 51 109
internal_value=-0.0018411 -0.00449602 -0.0218385 0.005145 0.0134762 0.021451 0.0906592 0.0106692 -0.0242995 0.0225207 0.0353391 -0.0354065 0.0099212 -0.0380554
internal_weight=5.67793 5.50917 1.96839 3.54078 3.08033 2.64828 0.356963 2.29132 0.579998 1.71132 1.08779 0.432049 0.119284 1.54162
internal_count=325 316 140 176 159 103 31 72 34 38 26 56 52 134
is_linear=0
shrinkage=0.05


Tree=161
num_leaves=15
num_cat=0
split_feature=149 173 68 20 194 135 188 198 151 203 153 59 153 188
split_gain=0.521099 0.394688 0.570206 0.899407 0.30117 0.241632 0.28886 0.369269 0.146138 0.0273439 0.0786039 0.0340432 0.0141269 0.00197873
threshold=1.0000000180025095e-35 1.0000000180025095e-35 1.0000000180025095e-35 1.0000000180025095e-35 1.0000000180025095e-35 1.0000000180025095e-35 1.5000000000000002 2.5000000000000004 1.0000000180025095e-35 1.0000000180025095e-35 1.0000000180025095e-35 1.0000000180025095e-35 1.0000000180025095e-35 2.5000000000000004
decision_type=2 2 2 2 2 2 2 2 2 2 2 2 2 2
left_child=4 2 5 -4 -1 6 9 13 -6 10 11 -2 -9 -8
right_child=1 -3 3 -5 8 -7 7 12 -10 -11 -12 -13 -14 -15
leaf_value=-0.049226793350064489 0.0043206889457052281 -0.035045460684491152 -0.048377332007602719 0.15706485384551477 0.053000315151081646 -0.02842825184907289 0.058479854201331297 -0.012166384976639652 -0.047020586701453856 0.010635249429853808 -0.0063845746824411189 0.024410259708628465 -0.041236999210922998 0.050284675976934139
leaf_weight=0.74497535469708953 0.51218435028567966 0.54097982493112784 0.081503525536390842 0.15381320374581264 0.12398036829836201 0.4561884335707872 0.48687178222462524 0.080942681001033634 0.051767841534456238 0.98441365361213673 1.4620719328522682 0.35846465639770031 0.0863979781861417 0.086785636434797198
leaf_count=30 25 14 8 25 30 10 10 8 5 13 21 4 17 118
internal_value=-0.000621624 0.00541993 0.0100289 0.0859086 -0.0353373 0.00607355 0.00995201 0.0381764 0.0235385 0.00364712 0.000698111 0.012592 -0.0271755 0.05724
internal_weight=6.21134 5.29062 4.74964 0.235317 0.920724 4.51432 4.05813 0.740998 0.175748 3.31713 2.33272 0.870649 0.167341 0.573657
internal_count=338 273 259 33 65 226 216 153 35 63 50 29 25 128
is_linear=0
shrinkage=0.05


Tree=162
num_leaves=15
num_cat=0
split_feature=153 201 188 173 36 60 117 151 199 101 157 203 0 204
split_gain=0.522262 0.97521 0.461673 0.32099 0.482749 0.422734 0.21579 0.547003 0.353455 0.170804 0.105534 0.0997569 0.119208 0.0915974
threshold=1.0000000180025095e-35 1.0000000180025095e-35 1.5000000000000002 1.0000000180025095e-35 1.0000000180025095e-35 1.0000000180025095e-35 1.0000000180025095e-35 1.0000000180025095e-35 1.0000000180025095e-35 1.0000000180025095e-35 1.0000000180025095e-35 1.0000000180025095e-35 1.0000000180025095e-35 1.0000000180025095e-35
decision_type=2 2 2 2 2 2 2 2 2 2 2 2 2 2
left_child=1 6 -2 4 5 -4 7 8 10 -10 13 -6 -13 -1
right_child=2 -3 3 -5 11 -7 -8 -9 9 -11 -12 12 -14 -15
leaf_value=-0.051486146510237842 -0.042435631985587467 0.11757789079116149 -0.0030944670583859307 -0.052417370788568375 -0.05953131070770902 0.069665587013575989 -0.050036595809110518 0.059213279964269588 0.05305634833154238 -0.013932848924015912 -0.0042942242441970724 0.050734832576850977 -0.045386237144986741 -0.015223460883469235
leaf_weight=0.50452816765755415 2.4005110338330273 0.16762613016180683 0.50482497967459472 0.31499869952676807 0.26000267607741989 0.33020389794546645 0.26420091054751527 0.30606128752697248 0.23691401333053352 0.15902527164143976 0.30680044647306204 0.054268590560241137 0.079521112085785717 0.26592978331609696
leaf_count=23 32 3 14 9 3 31 13 9 55 24 8 64 19 16
internal_value=-0.017813 0.00163918 -0.0287174 -0.00738679 0.00415644 0.0256778 -0.00787133 -0.00161024 -0.0142465 0.0261508 -0.0290943 -0.0414791 -0.00639703 -0.0389698
internal_weight=6.15542 2.21109 3.94433 1.54382 1.22882 0.835029 2.04346 1.77926 1.4732 0.395939 1.07726 0.393792 0.13379 0.770458
internal_count=323 151 172 140 131 45 148 135 126 79 47 86 83 39
is_linear=0
shrinkage=0.05


Tree=163
num_leaves=15
num_cat=0
split_feature=153 203 20 183 59 116 155 155 200 189 194 67 20 204
split_gain=0.297921 0.439744 0.387639 0.337982 0.206105 0.985194 1.48035 0.334955 0.151892 0.482872 0.0771328 0.10989 0.0612651 0.0919492
threshold=1.0000000180025095e-35 1.0000000180025095e-35 1.0000000180025095e-35 1.0000000180025095e-35 1.0000000180025095e-35 1.0000000180025095e-35 1.0000000180025095e-35 1.0000000180025095e-35 1.0000000180025095e-35 1.0000000180025095e-35 1.0000000180025095e-35 1.0000000180025095e-35 1.0000000180025095e-35 1.0000000180025095e-35
decision_type=2 2 2 2 2 2 2 2 2 2 2 2 2 2
left_child=3 12 -3 4 7 -6 -7 8 9 -1 -5 -12 13 -2
right_child=1 2 -4 10 5 6 -8 -9 -10 -11 11 -13 -14 -15
leaf_value=-0.049469606144262213 -0.014284253396683409 0.040731430211678132 -0.039483881957534391 -0.045571827703293537 -0.051213058041407203 -0.021560111441345897 0.14762003049988845 -0.039140766696605302 0.040620436713987698 0.055855364519378781 0.050842034843397804 -0.050459949701665209 -0.0037148732698487662 -0.034442061797432005
leaf_weight=0.22711992496624611 1.7578853555023675 0.67269907682202745 0.19405690410349052 0.25839723524404679 0.2032045554369688 0.21942166809458274 0.31482094470993616 0.27888138035632437 0.54298985228524543 0.20892002574692015 0.058839368088229094 0.049119334376882762 0.66065047681331623 0.83417191469925467
leaf_count=16 28 67 59 9 5 22 12 19 6 14 38 2 3 19
internal_value=-0.000757377 -0.00887422 0.0227721 0.0134006 0.0215054 0.0424931 0.0781351 0.00920146 0.022972 0.000994796 -0.0307425 0.00475139 -0.0173071 -0.0207714
internal_weight=6.48118 4.11946 0.866756 2.36171 1.99536 0.737447 0.534243 1.25791 0.97903 0.43604 0.366356 0.107959 3.25271 2.59206
internal_count=319 176 126 143 94 39 34 55 36 30 49 40 50 47
is_linear=0
shrinkage=0.05


Tree=164
num_leaves=15
num_cat=0
split_feature=68 156 155 203 93 200 190 59 181 183 203 188 204 153
split_gain=0.950778 0.18248 0.176887 0.186802 0.16779 0.426612 0.255557 0.263786 0.155531 0.360955 0.319448 0.0763753 0.0508476 0.0483499
threshold=1.0000000180025095e-35 1.0000000180025095e-35 1.0000000180025095e-35 1.0000000180025095e-35 1.0000000180025095e-35 1.0000000180025095e-35 1.0000000180025095e-35 1.0000000180025095e-35 1.0000000180025095e-35 1.0000000180025095e-35 1.0000000180025095e-35 1.5000000000000002 1.0000000180025095e-35 1.0000000180025095e-35
decision_type=2 2 2 2 2 2 2 2 2 2 2 2 2 2
left_child=1 2 4 -4 5 6 7 13 9 -7 -10 -5 -2 -1
right_child=12 -3 3 11 -6 8 -8 -9 10 -11 -12 -13 -14 -15
leaf_value=0.0012140257924347069 -0.071187267237471805 -0.047282759750786496 0.0028022732875699302 -0.052164741211352131 -0.023372443719352043 0.077509756872388549 -0.04114729823464594 -0.021813338981032829 -0.053515992944953128 0.0017374845313983972 0.055610205528644312 -0.01309127135064371 -0.03777287910971705 0.020960709259966279
leaf_weight=0.40119427116587858 0.48612021654844284 0.18690176503150713 0.73482946120202519 0.30945577379316092 0.38398320190026414 0.46800812725268759 0.31617341611126892 0.60387477278709401 0.11982559293392114 0.23664282291429117 0.1523018613588647 0.20988627320912201 0.14867314056755265 1.3635897568601649
leaf_count=18 2 14 26 6 18 16 58 14 2 17 42 25 41 33
internal_value=-0.00542917 0.00127344 0.00298583 -0.0134201 0.00807183 0.0113693 0.00107517 0.00671112 0.0396644 0.0520632 0.00755878 -0.0363736 -0.0633614 0.0164716
internal_weight=6.12146 5.48667 5.29977 1.25417 4.04559 3.66161 2.68483 2.36866 0.976778 0.704651 0.272127 0.519342 0.634793 1.76478
internal_count=332 289 275 57 218 200 123 65 77 33 44 31 43 51
is_linear=0
shrinkage=0.05


Tree=165
num_leaves=15
num_cat=0
split_feature=117 173 201 193 155 60 153 197 188 198 153 197 188 188
split_gain=0.395918 0.218605 0.714 0.226533 0.231005 0.29872 0.221292 0.200918 0.135429 0.0783261 0.0330938 0.000256321 2.37266e-05 5.34497e-06
threshold=1.0000000180025095e-35 1.0000000180025095e-35 1.0000000180025095e-35 1.0000000180025095e-35 1.0000000180025095e-35 1.0000000180025095e-35 1.0000000180025095e-35 1.0000000180025095e-35 1.5000000000000002 1.0000000180025095e-35 1.0000000180025095e-35 1.0000000180025095e-35 2.5000000000000004 3.5000000000000004
decision_type=2 2 2 2 2 2 2 2 2 2 2 2 2 2
left_child=1 2 3 4 5 9 -7 -6 -8 10 -1 -5 -13 -14
right_child=-2 -3 -4 11 7 6 8 -9 -10 -11 -12 12 13 -15
leaf_value=-0.012338675320129239 -0.050322274535604949 -0.031702457883679203 0.0980732293686436 0.054715634431915544 0.033470427753215098 -0.016616177675990926 0.050905887242256934 -0.013260423458167282 0.010702584531187075 -0.0039346984976289462 -0.027628923531666245 0.051776981697354278 0.050866716392727246 0.050079193216802646
leaf_weight=0.47794356959639128 0.41517719055991609 0.49191861011786375 0.19094925565877918 0.06148277292959381 0.71145150810480096 0.49004081961174983 0.32552110031247139 0.3399045791302342 0.58757963629614096 0.69257032489986148 1.3633090474177152 0.044522184878587723 0.034272703516762704 0.058019876945763826
leaf_count=17 17 17 4 3 19 16 8 17 20 13 20 2 6 150
internal_value=-0.00313608 0.000201629 0.00312009 -0.000375683 -0.00245909 -0.00801939 0.0104886 0.0183623 0.0250351 -0.0182684 -0.02366 0.052034 0.050829 0.0503716
internal_weight=6.28466 5.86949 5.37757 5.18662 4.98832 3.93696 1.40314 1.05136 0.913101 2.53382 1.84125 0.198298 0.136815 0.0922926
internal_count=329 312 295 291 130 94 44 36 28 50 37 161 158 156
is_linear=0
shrinkage=0.05


Tree=166
num_leaves=15
num_cat=0
split_feature=173 68 198 150 36 102 58 183 155 60 203 204 59 197
split_gain=0.352343 0.66634 0.769884 0.302831 0.319552 0.172309 0.141156 0.116233 0.181322 0.323164 0.369583 0.185167 0.136217 0.0236307
threshold=1.0000000180025095e-35 1.0000000180025095e-35 1.5000000000000002 1.0000000180025095e-35 1.0000000180025095e-35 1.0000000180025095e-35 1.0000000180025095e-35 1.0000000180025095e-35 1.0000000180025095e-35 1.0000000180025095e-35 1.0000000180025095e-35 1.0000000180025095e-35 1.0000000180025095e-35 1.0000000180025095e-35
decision_type=2 2 2 2 2 2 2 2 2 2 2 2 2 2
left_child=1 3 -3 4 6 13 7 8 9 10 12 -11 -1 -6
right_child=-2 2 -4 -5 5 -7 -8 -9 -10 11 -12 -13 -14 -15
leaf_value=-0.012170956926145506 -0.049070993523820071 -0.048908667027982987 0.15406814063212046 -0.048112814324742757 -0.058000078089394218 0.050520020714400399 0.04360405758336483 -0.015761249582062636 0.033420146526993148 0.012642194557988399 0.033807605671271099 0.055693584804577694 -0.049363613557713286 -0.028186329122844106
leaf_weight=0.84340868811705216 0.28533818016876455 0.066911770263686665 0.15478541815537028 0.26199187291786064 0.23954997397959221 0.049229115174966864 0.30861029302468512 0.43912844778969873 0.7455414268770254 0.87882186938077256 0.37644202196679555 0.34892973674141059 0.34766216442221776 0.091984691272955388
leaf_count=24 12 5 26 21 2 67 9 14 24 14 13 35 10 49
internal_value=0.00501311 0.00800792 0.0928065 0.00419562 0.00713061 -0.0367671 0.0110281 0.00850213 0.0115113 0.00566781 -0.00937814 0.0248775 -0.0230271 -0.0497282
internal_weight=5.43834 5.153 0.221697 4.9313 4.66931 0.380764 4.28854 3.97993 3.54081 2.79526 1.56751 1.22775 1.19107 0.331535
internal_count=325 313 31 282 261 118 143 134 120 96 47 49 34 51
is_linear=0
shrinkage=0.05


Tree=167
num_leaves=15
num_cat=0
split_feature=190 116 59 60 197 109 201 60 188 183 188 68 149 188
split_gain=0.27487 0.271236 0.192102 0.17444 0.203614 0.174393 0.127048 0.109791 0.222334 0.058749 0.116196 0.0160087 0.0149689 0.01357
threshold=1.0000000180025095e-35 1.0000000180025095e-35 1.0000000180025095e-35 1.0000000180025095e-35 1.0000000180025095e-35 1.0000000180025095e-35 1.0000000180025095e-35 1.0000000180025095e-35 1.5000000000000002 1.0000000180025095e-35 2.5000000000000004 1.0000000180025095e-35 1.0000000180025095e-35 2.5000000000000004
decision_type=2 2 2 2 2 2 2 2 2 2 2 2 2 2
left_child=2 -2 5 4 -3 6 7 11 -9 -6 -11 -1 -4 -5
right_child=1 3 12 13 9 -7 -8 8 -10 10 -12 -13 -14 -15
leaf_value=-0.011534294288420144 -0.047905143181984106 -0.022481250798371159 0.0013299327629071999 0.078983653634688789 0.056977328246297969 0.015624763921134001 0.0035193852144258667 -0.052082446671467025 -0.0044386352223594727 -0.051228545942149498 0.050653770290883374 -0.021046082812472382 0.011459987880529598 0.050296851502343809
leaf_weight=1.4226374768186372 0.11902392678894091 0.19598675624001771 0.61679372703656554 0.15821076929569244 0.21875471541716252 0.45837859378661949 0.62503645569086064 0.65833549154922344 0.38988761496148072 0.044021520763635635 0.07682471742737107 0.64196940883994091 0.89215456927195169 0.055751385822077282
leaf_count=34 8 6 15 1 57 9 5 23 19 1 43 3 15 90
internal_value=-0.00399155 0.0222119 -0.00798083 0.033346 0.0181004 -0.0134827 -0.0170521 -0.0211828 -0.0343613 0.0415204 0.0135404 -0.0144919 0.00731925 0.0715088
internal_weight=6.57377 0.868574 5.70519 0.74955 0.535588 4.19625 3.73787 3.11283 1.04822 0.339601 0.120846 2.06461 1.50895 0.213962
internal_count=329 206 123 198 107 93 84 79 42 101 44 37 30 91
is_linear=0
shrinkage=0.05


Tree=168
num_leaves=15
num_cat=0
split_feature=67 68 36 60 190 188 189 58 197 153 203 198 197 60
split_gain=0.198076 0.172837 0.122411 0.328896 0.176602 0.223404 0.153992 0.121591 0.257391 0.089042 0.303983 0.0643755 0.0619168 0.053559
threshold=1.0000000180025095e-35 1.0000000180025095e-35 1.0000000180025095e-35 1.0000000180025095e-35 1.0000000180025095e-35 1.5000000000000002 1.0000000180025095e-35 1.0000000180025095e-35 1.0000000180025095e-35 1.0000000180025095e-35 1.0000000180025095e-35 1.0000000180025095e-35 1.0000000180025095e-35 1.0000000180025095e-35
decision_type=2 2 2 2 2 2 2 2 2 2 2 2 2 2
left_child=1 2 4 -4 7 -6 -7 8 9 10 -1 -3 -8 -10
right_child=-2 11 3 -5 5 6 12 -9 13 -11 -12 -13 -14 -15
leaf_value=0.013574654851034401 -0.045336340580763024 -0.049690380949996615 0.052373870732711617 -0.047621791859313069 -0.020469717343426074 0.067460570078217735 -0.029630270171415785 -0.023841302709967843 -0.040483764565917825 0.018019934230402039 -0.032387759891114982 -0.015526360536060669 0.050547588478942862 -0.0111187242404102
leaf_weight=1.3865571506321432 0.26665981498081226 0.180180316150654 0.10867448277713254 0.33794414587464416 0.15766253974288691 0.30714564752997831 0.070373716531321406 0.45452763600042079 0.31727501936256874 1.4931405400857329 0.48576565086841594 0.58743172652611975 0.036603239546820987 0.3041170563956257
leaf_count=38 10 5 70 58 5 11 3 11 6 23 12 35 38 18
internal_value=-0.00313735 -0.00133037 0.00179296 -0.0232901 0.00402759 0.0301825 0.0494666 0.000660392 0.00345375 0.00891273 0.00164992 -0.0235456 -0.00219661 -0.0261121
internal_weight=6.49406 6.2274 5.45979 0.446619 5.01317 0.571785 0.414123 4.44138 3.98686 3.36546 1.87232 0.767612 0.106977 0.621392
internal_count=343 333 293 128 165 57 52 108 97 73 50 40 41 24
is_linear=0
shrinkage=0.05


Tree=169
num_leaves=15
num_cat=0
split_feature=60 188 185 36 185 200 199 155 155 190 188 189 153 197
split_gain=0.534387 0.604908 0.441536 0.348763 0.608314 0.190477 0.190176 0.305111 0.279461 0.163012 0.110554 0.0715066 0.0721058 0.0428074
threshold=1.0000000180025095e-35 1.5000000000000002 1.0000000180025095e-35 1.0000000180025095e-35 1.0000000180025095e-35 1.0000000180025095e-35 1.0000000180025095e-35 1.0000000180025095e-35 1.0000000180025095e-35 1.0000000180025095e-35 2.5000000000000004 1.0000000180025095e-35 1.0000000180025095e-35 1.0000000180025095e-35
decision_type=2 2 2 2 2 2 2 2 2 2 2 2 2 2
left_child=2 -2 5 4 11 6 8 -8 -1 -7 -11 -3 -13 -5
right_child=1 3 -4 13 -6 9 7 -9 -10 10 -12 12 -14 -15
leaf_value=-0.011246333184192985 -0.054634051819600238 0.065391242259983162 0.058461418834707152 -0.057716944880518865 -0.030644335140969758 -0.052079659458875598 0.063727850443014586 -0.035614500851974623 0.021428511309677857 -0.051115464010125733 0.050555621123504896 0.055314823073412504 -0.020108775625456779 -0.017841666118159939
leaf_weight=2.193073564267253 1.0397026818245652 0.33513589197536908 0.33587112188251911 0.23520641552750021 0.40504296678409446 0.30733554437756527 0.27534040007594729 0.10745457952361903 0.93268967512994994 0.040146432816982269 0.080051537261169869 0.070620515311020426 0.057479687151499093 0.094286199928319547
leaf_count=49 27 10 23 2 4 5 27 13 16 1 57 6 34 69
internal_value=-0.00693471 -0.02673 0.00343321 -0.00250834 0.014112 -0.00126241 0.00257713 0.0358414 -0.00149656 -0.0327717 0.0165972 0.053246 0.0214716 -0.0463064
internal_weight=6.50944 2.23747 4.27196 1.19777 0.868279 3.93609 3.50856 0.382795 3.12576 0.427534 0.120198 0.463236 0.1281 0.329493
internal_count=343 152 191 125 54 168 105 40 65 63 58 50 40 71
is_linear=0
shrinkage=0.05


Tree=170
num_leaves=15
num_cat=0
split_feature=186 203 153 199 198 59 60 183 60 188 188 188 193 93
split_gain=0.244311 0.253243 0.515939 0.502864 0.434543 0.164821 0.211271 0.130388 0.100504 0.0189453 0.00019044 8.039e-07 4.89085e-08 2.17853e-08
threshold=1.0000000180025095e-35 1.0000000180025095e-35 1.0000000180025095e-35 1.0000000180025095e-35 1.0000000180025095e-35 1.0000000180025095e-35 1.0000000180025095e-35 1.0000000180025095e-35 1.0000000180025095e-35 1.5000000000000002 2.5000000000000004 3.5000000000000004 1.0000000180025095e-35 1.0000000180025095e-35
decision_type=2 2 2 2 2 2 2 2 2 2 2 2 2 2
left_child=1 2 5 -3 -5 6 -1 9 -4 -6 -2 -12 -13 -14
right_child=10 3 8 4 7 -7 -8 -9 -10 -11 11 12 13 -15
leaf_value=-0.014412855376837876 0.053231627119802741 -0.051140687858108651 -0.003382939770621503 0.049666194033278988 -0.054932544976639575 0.048844650476957192 0.040101881075240847 0.0059564441213503664 -0.024558679775407766 -0.03110560973901726 0.050428767364779775 0.050159178745412425 0.050040512599039903 0.05011275084940861
leaf_weight=0.35396275948733069 0.11299312626942981 0.73452070332132258 2.2137777013704185 0.33575405704323202 0.15371242165565491 0.5818688288127305 0.35695485037285835 0.24505349789978936 0.75022303406149138 0.18245124529494205 0.022047578444471583 0.015985484402335715 0.039578777890710626 0.014174671843647957
leaf_count=18 4 14 26 9 1 12 16 11 12 24 11 22 130 13
internal_value=-0.00183342 -0.00369433 0.00275338 -0.0203136 0.00437986 0.0291109 0.0129592 -0.0217809 -0.00874277 -0.0420006 0.0518574 0.0501656 0.0500824 0.0500596
internal_weight=6.11306 5.90828 4.25679 1.65149 0.916971 1.29279 0.710918 0.581217 2.964 0.336164 0.20478 0.0917865 0.0697389 0.0537534
internal_count=323 143 84 59 45 46 34 36 38 25 180 176 165 143
is_linear=0
shrinkage=0.05


Tree=171
num_leaves=15
num_cat=0
split_feature=156 173 68 198 201 185 64 36 59 180 130 203 155 59
split_gain=0.232482 0.25027 0.623179 0.643698 0.603512 0.426888 0.205147 0.200405 0.192065 0.113167 0.361074 0.194141 0.414216 0.295673
threshold=1.0000000180025095e-35 1.0000000180025095e-35 1.0000000180025095e-35 1.0000000180025095e-35 1.0000000180025095e-35 1.0000000180025095e-35 1.0000000180025095e-35 1.0000000180025095e-35 1.0000000180025095e-35 1.0000000180025095e-35 1.0000000180025095e-35 1.0000000180025095e-35 1.0000000180025095e-35 1.0000000180025095e-35
decision_type=2 2 2 2 2 2 2 2 2 2 2 2 2 2
left_child=1 2 4 -4 5 6 7 9 -9 11 -11 12 13 -1
right_child=-2 -3 3 -5 -6 -7 -8 8 -10 10 -12 -13 -14 -15
leaf_value=0.00062361891659153514 -0.051098015393993203 -0.028987873362965922 -0.051624681755092973 0.14343570681179701 0.09352934773915883 0.058225586748179049 -0.050956650209486268 -0.046101000068291709 0.053488041076655002 -0.04226909302793655 0.037217752651582885 0.033454872851186999 0.029721075311141949 -0.048910479974923669
leaf_weight=0.96347963387961655 0.18145872988679901 0.45488923203083675 0.057325907051563152 0.16130014566442696 0.18838441047410004 0.31507508555660013 0.20472052811237507 0.35622200023499306 0.056028045892162481 0.41391464779007936 0.21818173390784068 0.6139404813729924 0.82898556441068638 0.43831272679381073
leaf_count=33 12 17 1 33 4 18 10 80 23 21 27 18 23 15
internal_value=0.00454692 0.00646264 0.00981116 0.0922889 0.00588886 0.0021441 -0.00217217 0.000395848 -0.0325661 0.00430418 -0.0148325 0.00855635 0.00170394 -0.0148647
internal_weight=5.45222 5.27076 4.81587 0.218626 4.59724 4.40886 4.09379 3.88906 0.41225 3.47681 0.632096 2.84472 2.23078 1.40179
internal_count=335 323 306 34 272 268 250 240 103 137 48 89 71 48
is_linear=0
shrinkage=0.05


Tree=172
num_leaves=15
num_cat=0
split_feature=68 64 156 183 200 181 181 100 204 153 155 109 60 155
split_gain=0.148866 0.1689 0.158599 0.136399 0.236082 0.482891 0.272011 0.169643 0.14312 0.111006 0.108136 0.102122 0.293857 0.183394
threshold=1.0000000180025095e-35 1.0000000180025095e-35 1.0000000180025095e-35 1.0000000180025095e-35 1.0000000180025095e-35 1.0000000180025095e-35 1.0000000180025095e-35 1.0000000180025095e-35 1.0000000180025095e-35 1.0000000180025095e-35 1.0000000180025095e-35 1.0000000180025095e-35 1.0000000180025095e-35 1.0000000180025095e-35
decision_type=2 2 2 2 2 2 2 2 2 2 2 2 2 2
left_child=1 2 3 4 6 -6 8 -5 11 -10 -8 12 13 -1
right_child=-2 -3 -4 7 5 -7 10 -9 9 -11 -12 -13 -14 -15
leaf_value=-0.018330309412003604 -0.026694692304574677 -0.05079550369376859 -0.047754386028739965 -0.039199033721554706 0.061281148359612715 -0.016573810626712131 0.064046306080940474 0.016378764001056863 0.054922105849552288 0.0038235936971506117 -0.0060479063626793575 0.0070709398698342212 -0.051815780423221318 0.020570506730380866
leaf_weight=0.99551395000889964 0.78027237414789841 0.1807392903137951 0.17965352212922869 0.43286877268110391 0.45989145413477661 0.35130981304246234 0.20270332499057975 0.20108220516704023 0.12780175062653176 0.63129070178547408 0.075524233387113782 0.52573177032172669 0.47674561664462078 0.43552336655557156
leaf_count=29 39 9 14 58 15 9 34 19 13 51 7 8 19 10
internal_value=-0.00631036 -0.00329592 -0.00161113 7.51588e-05 0.00327976 0.0275642 -0.00239599 -0.0215704 -0.00652812 0.0124266 0.0450194 -0.0124407 -0.0178176 -0.0064912
internal_weight=6.05665 5.27638 5.09564 4.91599 4.28204 0.811201 3.47083 0.633951 3.19261 0.759092 0.278228 2.43351 1.90778 1.43104
internal_count=334 295 286 272 195 24 171 77 130 64 41 66 58 39
is_linear=0
shrinkage=0.05


Tree=173
num_leaves=15
num_cat=0
split_feature=68 135 36 60 188 197 60 173 200 116 149 200 153 155
split_gain=0.997855 0.352275 0.148867 0.257018 0.129501 0.324008 0.325511 0.0621888 0.062412 0.0611323 0.0814228 0.0574068 0.163667 0.211636
threshold=1.0000000180025095e-35 1.0000000180025095e-35 1.0000000180025095e-35 1.0000000180025095e-35 1.5000000000000002 1.5000000000000002 1.0000000180025095e-35 1.0000000180025095e-35 1.0000000180025095e-35 1.0000000180025095e-35 1.0000000180025095e-35 1.0000000180025095e-35 1.0000000180025095e-35 1.0000000180025095e-35
decision_type=2 2 2 2 2 2 2 2 2 2 2 2 2 2
left_child=1 2 4 -4 9 6 -6 8 -7 -1 -11 12 13 -12
right_child=-2 -3 3 -5 5 7 -8 -9 -10 10 11 -13 -14 -15
leaf_value=-0.015123184606797178 -0.069169632372909629 -0.052356885179083379 0.052076920841230993 -0.047244838730862743 -0.0017918367245501954 0.050714423765859863 0.06204696129320092 -0.053527662945544979 -0.03904237338835205 0.024542996777269756 -0.051331733315323591 0.014519257918501484 0.0097756738764992156 0.0012825925485253687
leaf_weight=0.44357698201201889 0.56146464229095716 0.29051849013194431 0.083305913376534479 0.29861854040791513 0.33361884538317077 0.036181466981361154 0.49737394624389708 0.13389361760346219 0.041676279550301842 0.44277924252674061 0.32478189840912786 0.61110862344503392 1.0483965594321489 0.46443825727328658
leaf_count=15 39 7 71 58 11 35 15 2 9 14 12 8 14 15
internal_value=-0.00593556 0.0010945 0.00435699 -0.0255806 0.00696877 0.0223483 0.0364176 -0.0328651 0.00266873 0.00216023 0.00481162 0.00124379 -0.00317104 -0.0203694
internal_weight=5.61173 5.05027 4.75975 0.381924 4.37783 1.04274 0.830993 0.211751 0.0778577 3.33508 2.8915 2.44873 1.83762 0.78922
internal_count=325 286 279 129 150 72 26 46 44 78 63 49 41 27
is_linear=0
shrinkage=0.05


Tree=174
num_leaves=15
num_cat=0
split_feature=68 150 67 60 109 116 155 59 188 135 36 204 200 198
split_gain=0.195836 0.14364 0.155104 0.179887 0.636765 0.291915 0.483432 0.425626 0.425345 0.205517 0.227994 0.382362 0.105994 0.0585392
threshold=1.0000000180025095e-35 1.0000000180025095e-35 1.0000000180025095e-35 1.0000000180025095e-35 1.0000000180025095e-35 1.0000000180025095e-35 1.0000000180025095e-35 1.0000000180025095e-35 1.5000000000000002 1.0000000180025095e-35 1.0000000180025095e-35 1.0000000180025095e-35 1.0000000180025095e-35 1.0000000180025095e-35
decision_type=2 2 2 2 2 2 2 2 2 2 2 2 2 2
left_child=1 2 3 4 5 -1 7 -7 -9 10 11 12 -5 -2
right_child=13 -3 -4 9 -6 6 -8 8 -10 -11 -12 -13 -14 -15
leaf_value=-0.0097203273089761632 -0.05012738308357742 -0.036360158712968542 -0.036596988311510086 -0.013246425829952575 -0.050490047259745013 0.040638276236092299 0.074196918433060741 -0.052040716784714017 0.045455667696474078 -0.05156450408622533 -0.044252342497014353 0.063623540203464821 0.013090426108327112 -0.015718833935955419
leaf_weight=0.46122548909625094 0.15597246645484109 0.20737921218096733 0.20413443818688382 0.84610227087978296 0.30987126234685991 0.80136832535936242 0.5465401460096474 0.32368265837430954 0.17094917505164631 0.19493680959567417 0.23417229866754485 0.26534218275628552 0.69651417061686516 0.59574983043057728
leaf_count=17 4 22 8 24 15 44 21 5 33 3 52 50 9 40
internal_value=0.00101404 0.00442425 0.00609747 0.0078942 0.0168023 0.0258535 0.0347584 0.0181267 -0.0183451 -0.0025134 0.0021689 0.00818152 -0.00135495 -0.0228582
internal_weight=6.01394 5.26222 5.05484 4.8507 2.61364 2.30377 1.84254 1.296 0.494632 2.23707 2.04213 1.80796 1.54262 0.751722
internal_count=347 303 281 273 135 120 103 82 38 138 135 83 33 44
is_linear=0
shrinkage=0.05


Tree=175
num_leaves=15
num_cat=0
split_feature=173 201 185 64 150 60 153 203 116 151 194 153 188 59
split_gain=0.442116 0.451436 0.300506 0.21497 0.211924 0.20289 0.352182 0.26857 0.230899 0.488969 0.282359 0.161348 0.140095 0.133231
threshold=1.0000000180025095e-35 1.0000000180025095e-35 1.0000000180025095e-35 1.0000000180025095e-35 1.0000000180025095e-35 1.0000000180025095e-35 1.0000000180025095e-35 1.0000000180025095e-35 1.0000000180025095e-35 1.0000000180025095e-35 1.0000000180025095e-35 1.0000000180025095e-35 1.5000000000000002 1.0000000180025095e-35
decision_type=2 2 2 2 2 2 2 2 2 2 2 2 2 2
left_child=1 2 3 4 5 6 8 11 -1 10 -10 -7 -9 -8
right_child=-2 -3 -4 -5 -6 7 13 12 9 -11 -12 -13 -14 -15
leaf_value=-0.050094731856286469 -0.049272028046134023 0.086938403647020143 0.057385998401326299 -0.050801184164089366 -0.042544326820772159 0.0020857803048485815 0.052178785007720677 0.0022921519335442789 -0.044347866524710983 0.063305016417228341 0.053323980484313006 -0.052569972196210027 0.055866626404356447 0.011161459675806132
leaf_weight=0.20313820597948506 0.33953506450052362 0.18268219626042981 0.26950224916072318 0.17882229642418668 0.21530287596397091 0.21675839004456066 0.68432673288407386 0.56541812885552645 0.33361177600454672 0.26909775621606968 0.095084869997663191 0.35812517331214622 0.1556068537174724 0.27856198665540433
leaf_count=8 13 3 28 9 18 17 31 6 22 6 35 12 89 14
internal_value=0.00550894 0.0101519 0.00648305 0.00262288 0.0054535 0.00872405 0.0192888 -0.00647057 -0.00318069 0.0104767 -0.0226843 -0.0319622 0.0138542 0.0403125
internal_weight=4.34557 4.00604 3.82336 3.55386 3.37503 3.15973 1.86382 1.29591 0.900933 0.697794 0.428697 0.574884 0.721025 0.962889
internal_count=311 298 295 267 258 240 116 124 71 63 57 29 95 45
is_linear=0
shrinkage=0.05


Tree=176
num_leaves=15
num_cat=0
split_feature=68 185 58 67 60 185 201 181 117 109 197 204 199 155
split_gain=0.438818 0.820086 0.136486 0.150631 0.149328 0.309166 0.510525 0.237025 0.521969 0.228167 0.171919 0.165845 0.140764 0.0529878
threshold=1.0000000180025095e-35 1.0000000180025095e-35 1.0000000180025095e-35 1.0000000180025095e-35 1.0000000180025095e-35 1.0000000180025095e-35 1.0000000180025095e-35 1.0000000180025095e-35 1.0000000180025095e-35 1.0000000180025095e-35 1.0000000180025095e-35 1.0000000180025095e-35 1.5000000000000002 1.0000000180025095e-35
decision_type=2 2 2 2 2 2 2 2 2 2 2 2 2 2
left_child=2 -2 3 4 7 6 9 8 13 10 11 -6 -12 -1
right_child=1 -3 -4 -5 5 -7 -8 -9 -10 -11 12 -13 -14 -15
leaf_value=0.012616914622937528 0.13065491458513886 -0.051735569544586447 -0.025062916315694857 -0.036528107191107217 -0.048480278911868215 -0.052844584224671892 0.086035597494206473 0.061021720909249844 -0.051107576246790111 0.026530261746121848 0.04257067469928949 -0.0038308901326330929 -0.044893840769926412 0.029726177666414971
leaf_weight=1.376875567919343 0.17638401808653714 0.094730174329015426 0.43711289498605754 0.21736360384966236 0.45879218517802656 0.28190431804250682 0.1694093191763385 0.24198419399181137 0.31271610781550396 0.40251723487745028 0.17687619137723232 0.38042408926412441 0.062169934462872334 0.6740872707159723
leaf_count=53 36 3 15 11 18 9 4 47 10 19 56 5 18 14
internal_value=0.00491262 0.0669257 0.00167459 0.00413242 0.00608011 -0.00445322 0.00381355 0.0138905 0.00906544 -0.00559311 -0.0175848 -0.0282403 0.0198233 0.0182402
internal_weight=5.46335 0.271114 5.19223 4.75512 4.53776 1.93209 1.65019 2.60566 2.36368 1.48078 1.07826 0.839216 0.239046 2.05096
internal_count=318 39 279 264 253 129 120 124 77 116 97 23 74 67
is_linear=0
shrinkage=0.05


Tree=177
num_leaves=15
num_cat=0
split_feature=68 67 135 36 60 117 203 58 155 200 60 204 102 200
split_gain=1.23593 0.199768 0.165125 0.164969 0.222569 0.180259 0.26848 0.24682 0.197827 0.196343 0.231824 0.58778 0.169916 0.183238
threshold=1.0000000180025095e-35 1.0000000180025095e-35 1.0000000180025095e-35 1.0000000180025095e-35 1.0000000180025095e-35 1.0000000180025095e-35 1.0000000180025095e-35 1.0000000180025095e-35 1.0000000180025095e-35 1.0000000180025095e-35 1.0000000180025095e-35 1.0000000180025095e-35 1.0000000180025095e-35 1.0000000180025095e-35
decision_type=2 2 2 2 2 2 2 2 2 2 2 2 2 2
left_child=1 2 3 5 -5 6 7 9 12 10 -1 -12 13 -8
right_child=-2 -3 -4 4 -6 -7 8 -9 -10 -11 11 -13 -14 -15
leaf_value=0.052704996138653606 -0.070068076284138789 -0.038175799521528352 -0.02478770345087801 0.051559104486699037 -0.044192853898163471 -0.015508131699046921 0.0043164579783533264 -0.0075251058691840665 -0.038603763491188964 0.0029833099144161855 -0.049710634596018183 0.065136218501565105 -0.026493691193595809 0.057511404078390296
leaf_weight=1.1784148321603432 0.61046346452349087 0.25473555951612059 0.37383312627207477 0.077820674283429869 0.2756801041905419 0.51071844459511329 0.55577377840381836 0.45580309070646752 0.2890309526483178 0.42712711822241534 0.21284622920211405 0.23376589117106039 0.26508525355893653 0.22842416031198809
leaf_count=27 41 12 9 69 62 16 29 6 13 7 17 9 17 13
internal_value=-0.0026729 0.00503301 0.00719786 0.00973629 -0.0231137 0.0124016 0.0161075 0.0257574 -0.00197622 0.0331498 0.0410789 0.0104026 0.00811304 0.0198113
internal_weight=5.94952 5.33906 5.08432 4.71049 0.353501 4.35699 3.84627 2.50796 1.33831 2.05215 1.62503 0.446612 1.04928 0.784198
internal_count=347 306 294 285 131 154 138 66 72 60 53 26 59 42
is_linear=0
shrinkage=0.05


Tree=178
num_leaves=15
num_cat=0
split_feature=68 117 109 151 150 36 135 188 58 181 188 199 188 197
split_gain=1.03047 0.316688 0.329145 0.263168 0.215305 0.230986 0.183642 0.153913 0.123013 0.159739 0.231344 0.00148202 3.20144e-07 4.93539e-08
threshold=1.0000000180025095e-35 1.0000000180025095e-35 1.0000000180025095e-35 1.0000000180025095e-35 1.0000000180025095e-35 1.0000000180025095e-35 1.0000000180025095e-35 2.5000000000000004 1.0000000180025095e-35 1.0000000180025095e-35 1.5000000000000002 1.0000000180025095e-35 3.5000000000000004 2.5000000000000004
decision_type=2 2 2 2 2 2 2 2 2 2 2 2 2 2
left_child=1 2 3 4 5 6 8 -7 9 10 -1 -12 -9 -14
right_child=-2 -3 -4 -5 -6 7 -8 12 -10 -11 11 -13 13 -15
leaf_value=0.018377410501818903 -0.070980988416297713 -0.042934875950473017 -0.048644561017517962 0.055167828214748409 -0.037391804286561234 -0.04265797146460884 -0.024174078317633414 0.05038970363222392 -0.0070378168785999564 -0.0093259342713366226 0.062043445335457116 0.055568536971277886 0.050179952780936232 0.050060954144879877
leaf_weight=1.7275029225274945 0.5376523720260592 0.36238972362480115 0.26241144671075733 0.28842459242878238 0.27013914517010551 0.30715814977884282 0.30048651434481133 0.012495501490775496 0.45604038555757132 0.36610560438566597 0.28483395336661477 0.12812839122489095 0.012897258373413933 0.026858197728870437
leaf_count=39 38 18 30 9 19 4 5 5 8 19 11 32 22 65
internal_value=-0.00533478 0.00200933 0.00567477 0.00908395 0.00566937 0.00888055 0.0130708 -0.0291628 0.0168484 0.0211942 0.0264144 0.0600345 0.0501689 0.0500996
internal_weight=5.34352 4.80587 4.44348 4.18107 3.89265 3.62251 3.2631 0.359409 2.96261 2.50657 2.14047 0.412962 0.052251 0.0397555
internal_count=324 286 268 238 229 210 114 96 109 101 82 43 92 87
is_linear=0
shrinkage=0.05


Tree=179
num_leaves=15
num_cat=0
split_feature=68 117 173 201 183 151 100 199 204 190 21 153 60 60
split_gain=0.913896 0.265779 0.273593 0.420986 0.166983 0.325834 0.18483 0.110226 0.0767998 0.0656307 0.111738 0.0418029 0.0600555 0.00711373
threshold=1.0000000180025095e-35 1.0000000180025095e-35 1.0000000180025095e-35 1.0000000180025095e-35 1.0000000180025095e-35 1.0000000180025095e-35 1.0000000180025095e-35 1.0000000180025095e-35 1.0000000180025095e-35 1.0000000180025095e-35 1.0000000180025095e-35 1.0000000180025095e-35 1.0000000180025095e-35 1.0000000180025095e-35
decision_type=2 2 2 2 2 2 2 2 2 2 2 2 2 2
left_child=1 2 3 4 5 7 9 11 -9 -6 -11 12 -1 -13
right_child=-2 -3 -4 -5 6 -7 -8 8 -10 10 -12 13 -14 -15
leaf_value=-0.00030226263274713098 -0.068150530135705115 -0.042342133987821051 -0.052477794568295016 0.080517515513229582 -0.052302134716529093 0.057490637225259683 0.026063090874499591 -0.0085855404037480949 0.052385526238454508 0.050473771424093629 -0.043224105045164052 0.00025317230093609594 -0.024802451834848804 0.0064882424079107191
leaf_weight=0.68479703167395289 0.57168786293186702 0.36381971655646328 0.21816062423749816 0.17656308521691233 0.30054642260074604 0.2804324284006724 0.14441017355420627 0.074575032340363445 0.16799493848884506 0.048541122658207314 0.092362323768611532 0.98599869571626186 0.39405132984393276 0.85340586855454603
leaf_count=24 31 19 5 4 5 8 18 4 97 52 4 16 21 11
internal_value=-0.00840095 -0.00126335 0.00211653 0.00494984 0.00163668 0.00583763 -0.0230391 0.00125491 0.0336408 -0.0391017 -0.0109453 -0.00143706 -0.009251 0.00314598
internal_weight=5.35735 4.78566 4.42184 4.20368 4.02712 3.44126 0.58586 3.16082 0.24257 0.44145 0.140903 2.91825 1.07885 1.8394
internal_count=319 288 269 264 260 181 79 173 101 61 56 72 45 27
is_linear=0
shrinkage=0.05


Tree=180
num_leaves=15
num_cat=0
split_feature=149 59 135 109 181 189 185 201 197 198 101 60 190 180
split_gain=0.339459 0.278541 0.189229 0.13634 0.133707 0.114048 0.222234 0.1697 0.16122 0.0843098 0.197118 0.0239485 0.155446 0.0212309
threshold=1.0000000180025095e-35 1.0000000180025095e-35 1.0000000180025095e-35 1.0000000180025095e-35 1.0000000180025095e-35 1.0000000180025095e-35 1.0000000180025095e-35 1.0000000180025095e-35 1.0000000180025095e-35 1.0000000180025095e-35 1.0000000180025095e-35 1.0000000180025095e-35 1.0000000180025095e-35 1.0000000180025095e-35
decision_type=2 2 2 2 2 2 2 2 2 2 2 2 2 2
left_child=9 2 3 5 -3 7 -7 8 11 -1 -11 -2 -13 -10
right_child=1 4 -4 -5 -6 6 -8 -9 13 10 -12 12 -14 -15
leaf_value=-0.050478191821785846 -0.017561553354849806 0.014274941527309 -0.053199085735025325 0.020968342201051513 0.066417834320915053 0.052885859872860465 -0.048113615414807326 0.017005100782141677 0.015614513313942969 0.051491570996352654 -0.049310959962475698 -0.047269289245747775 -0.0014723580375595778 -0.0039505507864957806
leaf_weight=0.51839685494633148 1.6664319508709029 0.52024642343167204 0.21776119619607914 0.43906946237257205 0.1609862926088681 0.1858182545765884 0.077047377948474605 0.47218639106722538 0.36692641908302892 0.075870578439207748 0.13442467284039594 0.44631298026069988 0.31681506335735321 0.22288416750961915
leaf_count=27 27 28 3 24 24 96 7 9 23 17 14 21 2 8
internal_value=-0.00772676 -0.0031594 -0.00775473 -0.00539488 0.0265971 -0.00847798 0.0232824 -0.0108691 -0.0152282 -0.0396459 -0.0129433 -0.0209209 -0.0282565 0.00822105
internal_weight=5.82118 5.09249 4.41125 4.19349 0.681233 3.75442 0.262866 3.49156 3.01937 0.728692 0.210295 2.42956 0.763128 0.589811
internal_count=330 272 220 217 52 193 103 90 81 58 31 50 23 31
is_linear=0
shrinkage=0.05


Tree=181
num_leaves=15
num_cat=0
split_feature=68 116 188 203 190 36 198 197 189 155 153 155 183 188
split_gain=1.05613 0.163628 0.251244 0.349325 0.23248 0.334193 0.239916 0.167158 0.130255 0.0772206 0.0575717 0.0517912 0.0407728 0.056684
threshold=1.0000000180025095e-35 1.0000000180025095e-35 1.5000000000000002 1.0000000180025095e-35 1.0000000180025095e-35 1.0000000180025095e-35 1.0000000180025095e-35 1.0000000180025095e-35 1.0000000180025095e-35 1.0000000180025095e-35 1.0000000180025095e-35 1.0000000180025095e-35 1.0000000180025095e-35 2.5000000000000004
decision_type=2 2 2 2 2 2 2 2 2 2 2 2 2 2
left_child=1 -1 3 9 6 8 -4 -7 -6 10 -3 -10 -9 -14
right_child=-2 2 4 -5 5 7 -8 12 11 -11 -12 -13 13 -15
leaf_value=-0.021695698020436839 -0.066261319063561558 0.011832694411683343 -0.05269191603001179 -0.0065893799904907825 0.062185549838737864 -0.053936649554176791 0.0026032212809412162 0.051884642767754723 -0.041099990188013386 0.047474537460626978 0.033366410316869141 0.050815501073084648 -0.050889652506552009 0.050100496298735954
leaf_weight=0.44762860555783834 0.54986697612912383 0.51045007118955277 0.39380922971758969 0.89495473168790329 0.2912330841209041 0.18251842795871198 0.39087010842922609 0.059170988650294021 0.049946644176088739 0.53599520120769728 0.79197043459862471 0.022109802943305112 0.032304182648658752 0.02438118755526375
leaf_count=25 31 17 7 15 14 3 20 53 32 17 15 5 1 60
internal_value=-0.000749638 0.00703511 0.0101121 0.0190293 -0.0067402 0.0150898 -0.0251479 -0.02412 0.0472934 0.0315007 0.0249268 -0.0128966 0.0228527 -0.00745235
internal_weight=5.17721 4.62734 4.17971 2.73337 1.44634 0.661664 0.784679 0.298375 0.36329 1.83842 1.30242 0.0720564 0.115856 0.0566854
internal_count=315 284 259 64 195 168 27 117 51 49 32 37 114 61
is_linear=0
shrinkage=0.05


Tree=182
num_leaves=15
num_cat=0
split_feature=150 64 67 68 135 36 190 155 59 60 60 200 109 197
split_gain=0.164149 0.133895 0.143682 0.160647 0.201623 0.176117 0.245613 0.194795 0.257865 0.403384 0.188607 0.124875 0.246076 0.0315765
threshold=1.0000000180025095e-35 1.0000000180025095e-35 1.0000000180025095e-35 1.0000000180025095e-35 1.0000000180025095e-35 1.0000000180025095e-35 1.0000000180025095e-35 1.0000000180025095e-35 1.0000000180025095e-35 1.0000000180025095e-35 1.0000000180025095e-35 1.0000000180025095e-35 1.0000000180025095e-35 1.0000000180025095e-35
decision_type=2 2 2 2 2 2 2 2 2 2 2 2 2 2
left_child=1 2 3 4 5 6 7 8 9 -1 -7 12 -11 -12
right_child=-2 -3 -4 -5 -6 10 -8 -9 -10 11 13 -13 -14 -15
leaf_value=0.054760921781189013 -0.037092572936189887 -0.034895226451732646 -0.03737196017859578 -0.016306758167460893 -0.026086230961225955 0.051557428916106186 0.061624847014856633 -0.012196825710255762 -0.015477921639639763 -0.028030536994991639 -0.054496938215366358 0.028850982032151931 0.026174187615997768 -0.01553560984437697
leaf_weight=0.77291522454470585 0.27207820107287251 0.22631342762906559 0.19767753704218183 0.68616816717258178 0.35787305107805867 0.067334939772990654 0.2763426780438748 0.63963087834417809 0.45656909514218558 0.44267153734108433 0.17343601235188544 0.51646821579197422 0.39729948795866221 0.074274802209401969
leaf_count=16 22 11 9 39 10 61 44 23 9 23 2 7 6 58
internal_value=0.000781441 0.00273125 0.00441458 0.00611387 0.00979891 0.0131635 0.0163849 0.0125091 0.0186201 0.0259313 -0.0226444 0.00950377 -0.00239214 -0.0428146
internal_weight=5.55705 5.28498 5.05866 4.86098 4.17482 3.81694 3.5019 3.22555 2.58592 2.12935 0.315046 1.35644 0.839971 0.247711
internal_count=340 318 307 298 259 249 128 84 61 52 121 36 29 60
is_linear=0
shrinkage=0.05


Tree=183
num_leaves=15
num_cat=0
split_feature=198 199 151 203 153 153 60 173 101 204 36 183 188 115
split_gain=0.346222 1.23952 0.235365 0.406788 0.47968 0.297054 0.21141 0.118554 0.194586 0.123403 0.102585 0.0729879 0.0684537 0.000494235
threshold=1.0000000180025095e-35 1.0000000180025095e-35 1.0000000180025095e-35 1.0000000180025095e-35 1.0000000180025095e-35 1.0000000180025095e-35 1.0000000180025095e-35 1.0000000180025095e-35 1.0000000180025095e-35 1.0000000180025095e-35 1.0000000180025095e-35 1.0000000180025095e-35 2.5000000000000004 1.0000000180025095e-35
decision_type=2 2 2 2 2 2 2 2 2 2 2 2 2 2
left_child=2 -2 3 5 -5 6 -1 8 10 -10 13 -11 -12 -3
right_child=1 7 -4 4 -6 -7 -8 -9 9 11 12 -13 -14 -15
leaf_value=-0.019550628523807751 0.15154282274855241 0.051403984696732831 0.028075748045809576 -0.036867065927131917 0.037545602889875102 -0.032149742247090322 0.038083990371426318 -0.050121324274206784 -0.051748935890222864 0.051651877434083164 -0.051326307962260988 -0.040200618619160286 0.050053187713580118 0.056424716916831097
leaf_weight=0.35124750644899982 0.15783051133621473 0.10950326866441173 0.37177839758078324 0.3178463067888514 0.67968345764529658 2.1734595723683015 0.29087196325417608 0.11758338089566678 0.16470018401741982 0.062215913942054613 0.047343596816062927 0.03315197864867514 0.025683993040729547 0.088736752208205871
leaf_count=20 12 20 7 15 21 42 16 6 3 55 1 16 76 3
internal_value=-0.00411745 0.025874 -0.00989912 -0.0136017 0.0138352 -0.0233223 0.00655712 -0.0046912 0.00536238 -0.0255403 0.0349892 0.0197219 -0.0156709 0.0536514
internal_weight=4.99164 0.80675 4.18489 3.81311 0.99753 2.81558 0.642119 0.648919 0.531336 0.260068 0.271268 0.0953679 0.0730276 0.19824
internal_count=313 192 121 114 36 78 36 180 174 74 100 71 77 23
is_linear=0
shrinkage=0.05


Tree=184
num_leaves=15
num_cat=0
split_feature=68 183 150 204 198 116 203 188 60 59 59 153 135 188
split_gain=1.07036 0.443517 0.289903 0.260446 0.261385 0.235381 0.415146 0.14356 0.098084 0.0566208 0.0548172 0.13207 0.000372806 4.89556e-05
threshold=1.0000000180025095e-35 1.0000000180025095e-35 1.0000000180025095e-35 1.0000000180025095e-35 1.0000000180025095e-35 1.0000000180025095e-35 1.0000000180025095e-35 2.5000000000000004 1.0000000180025095e-35 1.0000000180025095e-35 1.0000000180025095e-35 1.0000000180025095e-35 1.0000000180025095e-35 1.5000000000000002
decision_type=2 2 2 2 2 2 2 2 2 2 2 2 2 2
left_child=1 2 3 5 8 -1 10 -3 -5 -9 11 -7 13 -6
right_child=-2 7 -4 4 12 6 -8 9 -10 -11 -12 -13 -14 -15
leaf_value=-0.010098197690617337 -0.067165910689126279 -0.051863974647947689 -0.041232178641003078 -0.044177177988299364 0.053060556402222826 0.017566733570627612 0.00056679142075716086 0.050467913257887069 -0.0065121869780181384 -0.021578697277268355 0.058595409598759918 0.052867326397328933 0.056846721019449521 0.050474351738926594
leaf_weight=0.4501084717921916 0.55154379594023328 0.39189467765390862 0.23917313916899718 0.25505967835488297 0.037018150091171265 0.45220527797937415 0.8232298120856284 0.052362027476192452 0.53625009256938938 0.056908066417236114 0.47512792795896519 0.63989197090268135 0.072148814797401428 0.036185538359859493
leaf_count=15 35 8 16 16 1 21 13 61 18 10 4 11 1 81
internal_value=-0.00141057 0.00661742 0.0121515 0.0155317 -0.00733232 0.023071 0.0293166 -0.0377333 -0.0186526 0.0129459 0.0444183 0.0382504 0.0542961 0.0517822
internal_weight=5.06911 4.51756 4.0164 3.77723 0.936662 2.84056 2.39045 0.501165 0.79131 0.10927 1.56723 1.0921 0.145353 0.0732037
internal_count=311 276 197 181 117 64 49 79 34 71 36 32 83 82
is_linear=0
shrinkage=0.05


Tree=185
num_leaves=15
num_cat=0
split_feature=109 68 20 173 201 199 198 155 151 149 58 153 189 194
split_gain=0.613749 0.427836 0.911456 0.288544 0.321332 0.159354 0.411779 0.375355 0.0670629 0.091128 0.0602946 0.195715 0.107069 0.0102017
threshold=1.0000000180025095e-35 1.0000000180025095e-35 1.0000000180025095e-35 1.0000000180025095e-35 1.0000000180025095e-35 1.0000000180025095e-35 2.5000000000000004 1.0000000180025095e-35 1.0000000180025095e-35 1.0000000180025095e-35 1.0000000180025095e-35 1.0000000180025095e-35 1.0000000180025095e-35 1.5000000000000002
decision_type=2 2 2 2 2 2 2 2 2 2 2 2 2 2
left_child=1 3 -3 4 5 7 -7 10 9 -8 11 12 -1 -11
right_child=-2 2 -4 -5 -6 6 8 -9 -10 13 -12 -13 -14 -15
leaf_value=-0.050967613702711925 -0.054649151310925917 -0.041467616492459974 0.14688761944899514 -0.05166100200229623 0.075655410794054023 0.05819567421165385 0.05190748544469858 0.031109186531507623 -0.051763615191292078 -0.013989605992855154 -0.02684032998391335 0.0028054831205915191 -0.0060102524828187162 -0.048289372308252913
leaf_weight=0.3113136831671014 0.42663036305020785 0.10887549033213861 0.15661991605884396 0.21899317461065937 0.16475061606615771 0.40441615042254841 0.052685523754917085 0.75048339110799123 0.11319073289632797 0.042556927830446512 0.40228684246540058 1.6452172545614303 0.23048433432995807 0.044188066345668631
leaf_count=19 32 11 25 6 2 119 8 24 2 15 8 30 13 8
internal_value=0.00274434 0.00801456 0.0696461 0.00427923 0.00722295 0.00440214 0.0269113 -2.60912e-05 -0.0231713 4.01951e-05 -0.00905034 -0.00577799 -0.0318425 -0.031462
internal_weight=5.07269 4.64606 0.265495 4.38057 4.16157 3.99682 0.657037 3.33979 0.252621 0.139431 2.5893 2.18702 0.541798 0.086745
internal_count=322 290 36 254 248 246 152 94 33 31 70 62 32 23
is_linear=0
shrinkage=0.05


Tree=186
num_leaves=15
num_cat=0
split_feature=193 201 181 155 204 60 153 149 155 189 109 157 204 186
split_gain=0.372028 0.289241 0.322954 0.310701 0.279703 0.101746 0.0883633 0.199298 0.0543352 0.0263112 0.00499761 3.28061e-05 1.85573e-05 3.78854e-06
threshold=1.0000000180025095e-35 1.0000000180025095e-35 1.0000000180025095e-35 1.0000000180025095e-35 1.0000000180025095e-35 1.0000000180025095e-35 1.0000000180025095e-35 1.0000000180025095e-35 1.0000000180025095e-35 1.0000000180025095e-35 1.0000000180025095e-35 1.0000000180025095e-35 1.0000000180025095e-35 1.0000000180025095e-35
decision_type=2 2 2 2 2 2 2 2 2 2 2 2 2 2
left_child=1 2 4 -4 5 6 7 -1 -9 -6 -7 12 -2 -14
right_child=11 -3 3 -5 9 10 -8 8 -10 -11 -12 -13 13 -15
leaf_value=-0.05107134891068052 0.051648150667318128 0.014723000199441194 0.062022762148766758 -0.040102575394497214 -0.00048326362076035073 -0.050693670128533444 -0.0408019509816386 -0.021085573954954973 0.0059119759834662406 -0.017046601647419207 -0.059473170744481586 0.05248270145645071 0.050750598465064613 0.050116167832357839
leaf_weight=0.39424093440175101 0.044772347668185719 0.46855829004198302 0.19220091388342542 0.12159093178343028 0.60862271493533604 0.33959450898692001 1.4914046972990036 0.36037810402922332 0.38597344048321247 0.39561647145455936 0.31011326611042023 0.037101582725881599 0.044149319117423147 0.05038683078782924
leaf_count=15 3 9 26 10 14 20 16 13 8 19 3 8 15 142
internal_value=-0.0202169 -0.0227013 -0.0265136 0.0224503 -0.0300985 -0.0371643 -0.0327901 -0.0223141 -0.00712387 -0.00700833 -0.0548842 0.0511615 0.0508096 0.0504125
internal_weight=5.2447 5.06829 4.59974 0.313792 4.28594 3.2817 2.632 1.14059 0.746352 1.00424 0.649708 0.17641 0.139308 0.0945361
internal_count=321 153 144 36 108 75 52 36 21 33 23 168 160 157
is_linear=0
shrinkage=0.05


Tree=187
num_leaves=15
num_cat=0
split_feature=183 198 181 201 88 151 155 109 116 173 157 153 88 204
split_gain=0.185246 0.369771 0.637674 0.259179 0.176667 0.141967 0.278108 0.122548 0.134195 0.0957577 0.0560934 0.216011 0.0308749 0.0225949
threshold=1.0000000180025095e-35 1.5000000000000002 1.0000000180025095e-35 1.0000000180025095e-35 1.0000000180025095e-35 1.0000000180025095e-35 1.0000000180025095e-35 1.0000000180025095e-35 1.0000000180025095e-35 1.0000000180025095e-35 1.0000000180025095e-35 1.0000000180025095e-35 1.0000000180025095e-35 1.0000000180025095e-35
decision_type=2 2 2 2 2 2 2 2 2 2 2 2 2 2
left_child=1 3 -3 5 -2 6 7 8 -1 12 11 -10 -4 -13
right_child=4 2 9 -5 -6 -7 -8 -9 10 -11 -12 13 -14 -15
leaf_value=0.030203043820011155 -0.042477491031509745 0.095938167100079963 -0.0059343237824656106 0.045039250543679667 0.050615969191676241 0.026605721504861141 -0.048572285776989688 0.024255538726869388 -0.049949686451496576 -0.05270218668096787 0.011989379467682054 -0.0013256027843619315 0.050862902471678621 -0.013809110709720527
leaf_weight=0.24530816590413618 0.3538128539075841 0.2819430918607394 0.064782876666868106 0.30828140175435681 0.059539218204008648 0.37387221245444369 0.34263198712142173 0.41315632878831809 0.31077415298204925 0.10597451595822349 0.29024747863877554 1.298290783539416 0.037940097210594104 0.50287419897722263
leaf_count=11 30 21 6 6 60 8 21 11 28 2 9 20 41 48
internal_value=0.00298737 0.00588293 0.0468965 0.000957405 -0.0290683 -0.00264044 -0.00585331 -0.00107104 -0.00502339 -0.0193571 -0.00862067 -0.0114531 0.0150434 -0.00481092
internal_weight=4.98943 4.57608 0.490641 4.08544 0.413352 3.77716 3.40328 3.06065 2.64749 0.208697 2.40219 2.11194 0.102723 1.80116
internal_count=322 232 70 162 90 156 148 127 116 49 105 96 47 68
is_linear=0
shrinkage=0.05


Tree=188
num_leaves=15
num_cat=0
split_feature=68 117 183 150 199 188 204 59 153 188 190 190 60 188
split_gain=0.729415 0.291468 0.340625 0.236437 0.27938 0.300017 0.2388 0.156557 0.279443 0.123666 0.0999465 0.0996617 0.0554406 3.74957e-05
threshold=1.0000000180025095e-35 1.0000000180025095e-35 1.0000000180025095e-35 1.0000000180025095e-35 1.0000000180025095e-35 1.5000000000000002 1.0000000180025095e-35 1.0000000180025095e-35 1.0000000180025095e-35 2.5000000000000004 1.0000000180025095e-35 1.0000000180025095e-35 1.0000000180025095e-35 1.5000000000000002
decision_type=2 2 2 2 2 2 2 2 2 2 2 2 2 2
left_child=1 2 3 4 5 7 -6 8 12 -4 -7 -11 -1 -8
right_child=-2 -3 9 -5 6 10 13 -9 -10 11 -12 -13 -14 -15
leaf_value=-0.0082360300435489007 0.094635496150838327 -0.043961066801013075 -0.051605853898437887 -0.041477903322007403 -0.031508440341275722 -0.019624167711179794 0.053033485588038637 0.0057030291834403897 0.054080268508362277 -0.051096041795276659 0.012484335790871812 0.050419414653180554 0.024981521977884984 0.051039857694281821
leaf_weight=0.25782485865056626 0.21444114994665131 0.34422203533176787 0.34597321599721897 0.22048675549740426 0.53506243927404362 0.50740484218113113 0.036728147417306012 0.50358238443732251 0.94568481296300888 0.03947756439447403 0.46399013786140131 0.062380577364820056 0.24495447892695665 0.065906594074476743
leaf_count=13 35 19 8 15 9 10 1 7 15 1 18 68 13 97
internal_value=0.00450876 0.000283084 0.00388397 0.00876694 0.0118778 0.0184187 -0.0181078 0.0297179 0.0380671 -0.0373493 -0.00428743 0.0110747 0.00794759 0.0517533
internal_weight=4.78812 4.57368 4.22946 3.78163 3.56114 2.92344 0.637697 1.95205 1.44846 0.447831 0.971395 0.101858 0.502779 0.102635
internal_count=329 294 275 198 183 76 107 48 41 77 28 69 26 98
is_linear=0
shrinkage=0.05


Tree=189
num_leaves=15
num_cat=0
split_feature=190 198 188 203 188 149 60 199 60 109 59 155 180 188
split_gain=0.211821 0.117642 0.223049 0.115664 0.108258 0.0485559 0.0219727 0.0154632 0.0124936 0.135938 0.0127418 1.29151e-06 2.69793e-07 9.43886e-08
threshold=1.0000000180025095e-35 1.0000000180025095e-35 1.5000000000000002 1.0000000180025095e-35 2.5000000000000004 1.0000000180025095e-35 1.0000000180025095e-35 1.0000000180025095e-35 1.0000000180025095e-35 1.0000000180025095e-35 1.0000000180025095e-35 1.0000000180025095e-35 1.0000000180025095e-35 3.5000000000000004
decision_type=2 2 2 2 2 2 2 2 2 2 2 2 2 2
left_child=1 2 5 6 -5 -1 -2 -3 10 -10 -7 13 -13 -6
right_child=3 7 -4 4 11 8 -8 -9 9 -11 -12 12 -14 -15
leaf_value=-0.0052611916947981098 0.037121814553240477 -0.020790995978510203 -0.026076722229746011 -0.019722223995888979 0.050213358824056746 0.01573173563158194 0.065076852301288637 -0.00885359518172198 -0.012563146419761593 0.027267741939374451 0.006910614822918654 0.050390179530688362 0.050715369417137626 0.050076077525433728
leaf_weight=0.63012944627553302 0.12515462997907878 0.69871301949024178 0.59439010813366611 0.15227411035448313 0.017580465791979805 1.1444632476195695 0.16034974838112248 0.44345529236306902 0.47880271542817343 0.38763253577053547 0.63735889829695214 0.01404050066776108 0.011687415521009825 0.043506807247467805
leaf_count=21 20 4 13 7 10 21 9 21 22 3 8 16 5 140
internal_value=0.00110748 -0.00205477 0.00210406 0.0313376 0.00568187 0.00721339 0.0528224 -0.0161562 0.0101816 0.00525671 0.0125764 0.0502407 0.0505379 0.0501156
internal_weight=5.53954 5.01495 3.87278 0.524594 0.239089 3.27839 0.285504 1.14217 2.64826 0.866435 1.78182 0.0868152 0.0257279 0.0610873
internal_count=320 113 88 207 178 75 29 25 54 25 29 171 21 150
is_linear=0
shrinkage=0.05


Tree=190
num_leaves=15
num_cat=0
split_feature=68 185 150 36 135 188 197 204 153 197 155 203 203 116
split_gain=0.447852 0.561066 0.13878 0.127509 0.147159 0.206309 0.262428 0.165392 0.138045 0.045819 0.0410697 0.038217 0.0355544 0.0624506
threshold=1.0000000180025095e-35 1.0000000180025095e-35 1.0000000180025095e-35 1.0000000180025095e-35 1.0000000180025095e-35 1.5000000000000002 1.5000000000000002 1.0000000180025095e-35 1.0000000180025095e-35 1.0000000180025095e-35 1.0000000180025095e-35 1.0000000180025095e-35 1.0000000180025095e-35 1.0000000180025095e-35
decision_type=2 2 2 2 2 2 2 2 2 2 2 2 2 2
left_child=2 -2 3 4 5 10 9 -8 -5 -7 11 -1 -10 -14
right_child=1 -3 -4 8 -6 6 7 -9 12 -11 -12 -13 13 -15
leaf_value=-0.0032700009104660423 0.11827148961000021 -0.049405430429130606 -0.035175727698724311 0.051211426010097205 -0.026914010746489039 0.059800937047541872 -0.052415241795312054 0.050938611060739158 -0.054950047417247863 0.032738403982254388 0.014372802763032126 0.010175370927080832 -0.051069537262236391 0.050235439942892562
leaf_weight=1.5991624863818299 0.18186048838106206 0.068749015546927694 0.21903061668854196 0.046768913152845815 0.28631657268851984 0.35285275330534194 0.12510011531412613 0.056051446586934506 0.16874894688953646 0.28092742880835431 0.78237520810216654 0.78939486760646094 0.038562986999750137 0.025124604082520818
leaf_count=39 33 5 24 53 6 8 2 52 3 17 22 10 1 56
internal_value=0.00712226 0.0722731 0.00369962 0.00557045 0.00770992 0.0101971 0.0326359 -0.0204358 -0.027166 0.0478053 0.00443026 0.00117356 -0.0429365 -0.011105
internal_weight=5.02103 0.25061 4.77042 4.55139 4.27218 3.98586 0.814932 0.181152 0.279205 0.63378 3.17093 2.38856 0.232437 0.0636876
internal_count=331 38 293 269 156 150 79 54 113 25 71 49 60 57
is_linear=0
shrinkage=0.05


Tree=191
num_leaves=15
num_cat=0
split_feature=68 198 67 150 102 201 153 58 109 117 151 59 157 188
split_gain=0.486312 0.356242 0.216972 0.21123 0.13058 0.321892 0.0974004 0.292731 0.279975 0.247678 0.398552 0.0810511 0.161246 0.0919578
threshold=1.0000000180025095e-35 1.5000000000000002 1.0000000180025095e-35 1.0000000180025095e-35 1.0000000180025095e-35 1.0000000180025095e-35 1.0000000180025095e-35 1.0000000180025095e-35 1.0000000180025095e-35 1.0000000180025095e-35 1.0000000180025095e-35 1.0000000180025095e-35 1.0000000180025095e-35 1.5000000000000002
decision_type=2 2 2 2 2 2 2 2 2 2 2 2 2 2
left_child=2 -2 3 4 5 6 8 -8 9 10 11 12 13 -1
right_child=1 -3 -4 -5 -6 -7 7 -9 -10 -11 -12 -13 -14 -15
leaf_value=-0.050533363030494077 -0.030597638251292171 0.11516793935048274 -0.04504365799180135 -0.04418932179099859 -0.030752310440016278 0.068056382142591118 0.022058494404218448 -0.027803149275868744 -0.050675274576661489 -0.041073516166428153 0.075418739095462428 0.020700286242819582 0.029880181475464302 -0.0033869009583315014
leaf_weight=0.20228671142831467 0.055331867988570482 0.17286846236675046 0.20629282610025246 0.19045058179472096 0.19187593553760951 0.23683098051697005 1.983535789386224 0.34565248379658431 0.24384879818535399 0.22283766465261567 0.23046413168049185 0.3678783011600899 0.18350868270499632 0.21162870386979193
leaf_count=16 12 28 10 19 85 3 85 9 10 10 4 20 8 12
internal_value=0.00850289 0.0798241 0.00512419 0.00736876 0.00959014 0.0114208 0.00806048 0.014659 -0.00118443 0.00732273 0.0163416 0.00223709 -0.00913207 -0.0264281
internal_weight=5.04529 0.2282 4.81709 4.6108 4.42035 4.22847 3.99164 2.32919 1.66245 1.4186 1.19577 0.965302 0.597424 0.413915
internal_count=331 40 291 281 262 177 174 94 80 70 60 56 36 28
is_linear=0
shrinkage=0.05


Tree=192
num_leaves=15
num_cat=0
split_feature=25 188 135 93 151 203 153 100 109 58 199 155 153 60
split_gain=0.649826 0.74943 0.206332 0.194648 0.152603 0.148823 0.291832 0.143325 0.0739127 0.0657746 0.056657 0.0767666 0.0464681 0.0940029
threshold=1.0000000180025095e-35 1.5000000000000002 1.0000000180025095e-35 1.0000000180025095e-35 1.0000000180025095e-35 1.0000000180025095e-35 1.0000000180025095e-35 1.0000000180025095e-35 1.0000000180025095e-35 1.0000000180025095e-35 1.0000000180025095e-35 1.0000000180025095e-35 1.0000000180025095e-35 1.0000000180025095e-35
decision_type=2 2 2 2 2 2 2 2 2 2 2 2 2 2
left_child=2 -2 4 -3 5 9 10 8 -8 12 -7 -12 13 -1
right_child=1 3 -4 -5 -6 6 7 -9 -10 -11 11 -13 -14 -15
leaf_value=-0.0094944905274978956 -0.087486963387476427 0.053420068488630623 -0.047973322674670936 -0.022756704773015876 0.032368692765410344 -0.051083406954086398 0.061116293160923429 -0.007493565675641369 0.025955723150578255 -0.028094996003169184 0.052090773553294535 -0.04816755708993456 -0.0096434156299519628 0.023173234757131182
leaf_weight=0.53206828466500211 0.5162521544843911 0.13807997324511234 0.23454799130558956 0.2135519007279072 0.33946554675640062 0.1676101778866721 0.23989147921747644 0.22143814779701643 0.39653333579553873 0.35677229310385872 0.037369725836470025 0.03903826221358031 1.9728733753145207 0.37571469836984761
leaf_count=27 3 101 6 15 7 10 47 16 9 7 22 5 43 23
internal_value=-0.00925558 -0.0491412 -0.00221023 0.00715664 8.38845e-05 -0.00244177 0.0134301 0.0271538 0.039209 -0.00784386 -0.0348165 0.000866928 -0.00533574 0.00402608
internal_weight=5.78121 0.867884 4.91332 0.351632 4.67878 4.33931 1.10188 0.857863 0.636425 3.23743 0.244018 0.076408 2.88066 0.907783
internal_count=341 119 222 116 216 209 109 72 56 100 37 27 93 50
is_linear=0
shrinkage=0.05


Tree=193
num_leaves=15
num_cat=0
split_feature=68 58 100 93 188 135 198 203 153 59 153 197 199 203
split_gain=1.17884 0.197806 0.176057 0.100991 0.0726731 0.250573 0.269131 0.0609374 0.246258 0.148452 0.00204168 0.00220889 9.35374e-05 3.976e-06
threshold=1.0000000180025095e-35 1.0000000180025095e-35 1.0000000180025095e-35 1.0000000180025095e-35 1.5000000000000002 1.0000000180025095e-35 2.5000000000000004 1.0000000180025095e-35 1.0000000180025095e-35 1.0000000180025095e-35 1.0000000180025095e-35 1.0000000180025095e-35 1.0000000180025095e-35 1.0000000180025095e-35
decision_type=2 2 2 2 2 2 2 2 2 2 2 2 2 2
left_child=1 2 3 4 7 6 10 8 9 -1 12 -12 -6 -13
right_child=-2 -3 -4 -5 5 -7 -8 -9 -10 -11 11 13 -14 -15
leaf_value=-0.0089562765571475286 -0.078099956131240156 -0.0441343563093426 -0.044463937151263538 -0.033144413599625076 0.053608232103430221 -0.020233675941073663 -0.044892436122674739 0.012914523765416241 -0.020379144028526489 0.029508059071801703 0.062532498156367869 0.051175988751735915 0.050853949950284888 0.050260512364458866
leaf_weight=0.42047491692938044 0.57943144451928663 0.26285492729220994 0.20534813527046925 0.18333846371388052 0.090325221288367064 0.26145049749175087 0.076565581544855377 0.81717325933277596 1.0423505296930671 0.62180823087692261 0.20509826834313571 0.030870619346387684 0.046795229543931782 0.019259562341176206
leaf_count=27 40 14 23 16 12 8 24 13 21 10 3 8 47 59
internal_value=-0.0111657 -0.0021119 0.000635222 0.00306243 0.00489001 0.0189874 0.0408557 0.0013418 -0.00319468 0.0139909 0.0575891 0.0602329 0.0526683 0.0508243
internal_weight=4.86314 4.28371 4.02086 3.81551 3.63217 0.730365 0.468914 2.90181 2.08463 1.04228 0.392349 0.255228 0.13712 0.0501302
internal_count=325 285 271 248 232 161 153 71 58 37 129 70 59 67
is_linear=0
shrinkage=0.05


Tree=194
num_leaves=15
num_cat=0
split_feature=68 36 102 135 185 58 180 197 155 151 59 109 197 197
split_gain=0.227555 0.15502 0.0968534 0.0735368 0.117235 0.335697 0.104307 0.0908784 0.239141 0.0394914 0.0652335 0.0209869 0.0119128 0.000763419
threshold=1.0000000180025095e-35 1.0000000180025095e-35 1.0000000180025095e-35 1.0000000180025095e-35 1.0000000180025095e-35 1.0000000180025095e-35 1.0000000180025095e-35 1.0000000180025095e-35 1.0000000180025095e-35 1.0000000180025095e-35 1.0000000180025095e-35 1.0000000180025095e-35 1.0000000180025095e-35 1.5000000000000002
decision_type=2 2 2 2 2 2 2 2 2 2 2 2 2 2
left_child=1 3 12 4 5 6 9 -8 -9 10 11 -1 -3 -14
right_child=-2 2 -4 -5 -6 -7 7 8 -10 -11 -12 -13 13 -15
leaf_value=0.0066515638191328918 -0.031470178579271049 -0.055609557628806254 0.05019217153471104 -0.023920499531770816 0.029994568834202092 -0.053341430460508966 -0.053385589122721733 0.056526072824578305 -0.043276822814550038 0.021549135394726995 -0.0073444301726640271 0.019043508429999932 -0.038143314276766309 -0.027644774225869653
leaf_weight=1.7532385994527446 0.73207502232980903 0.17057955265045155 0.027770406910349266 0.28904012776911248 0.34732458949656564 0.27761564777756564 0.13869329169392575 0.10082418601814425 0.14831557686557062 0.3829071819782256 0.83878780086524773 0.42437460867222387 0.027688175396178849 0.046223825858760392
leaf_count=57 39 1 77 7 13 8 2 37 8 6 18 5 5 44
internal_value=-0.00544364 -0.00161257 -0.0382939 0.000511805 0.00211239 -0.00027008 0.0036203 -0.0209463 -0.00288766 0.00642315 0.00450303 0.00906651 -0.0483445 -0.0315776
internal_weight=5.70546 4.97338 0.272262 4.70112 4.41208 4.06476 3.78714 0.387833 0.24914 3.39931 3.0164 2.17761 0.244492 0.073912
internal_count=327 288 127 161 154 141 133 47 45 86 80 62 50 49
is_linear=0
shrinkage=0.05


Tree=195
num_leaves=15
num_cat=0
split_feature=68 59 188 200 190 60 199 116 199 116 200 151 203 188
split_gain=0.886854 0.221637 0.33447 0.264398 0.251354 0.183076 0.155682 0.136932 0.0912097 0.0593464 0.055138 0.0249973 0.00260516 1.54293e-06
threshold=1.0000000180025095e-35 1.0000000180025095e-35 1.5000000000000002 1.0000000180025095e-35 1.0000000180025095e-35 1.0000000180025095e-35 1.0000000180025095e-35 1.0000000180025095e-35 1.0000000180025095e-35 1.0000000180025095e-35 1.5000000000000002 1.0000000180025095e-35 1.0000000180025095e-35 3.5000000000000004
decision_type=2 2 2 2 2 2 2 2 2 2 2 2 2 2
left_child=1 2 3 5 6 -1 -4 -6 11 -10 -8 -3 -9 -14
right_child=-2 8 4 -5 7 -7 10 12 9 -11 -12 -13 13 -15
leaf_value=-0.022557521244493499 -0.0774294523221499 -0.0027227801322023746 -0.029225407464339298 0.0045561824338415224 -0.041783251203584726 -0.056455533646384642 0.039121715837804084 0.061946164370518857 0.064691725938114175 0.0086766945755923971 -0.002071777314943418 0.013900620417349928 0.050579125212409148 0.050057151805464599
leaf_weight=1.2221682532690472 0.5069422054257301 0.48272324605204608 0.36242487095296361 0.60547093674540509 0.038067744884756616 0.59088369598612178 0.16177216191863408 0.21509925086138515 0.1195453554391861 0.078227367604995379 0.16316655278205872 0.42547702044248581 0.041851078007312026 0.021395391439000377
leaf_count=36 33 19 5 10 5 20 22 14 1 45 2 7 12 93
internal_value=-0.0147141 -0.00769304 -0.0139814 -0.0240515 0.0102817 -0.0336051 -0.00669406 0.0471591 0.0117656 0.0425354 0.0184366 0.00506501 0.0593232 0.0504025
internal_weight=5.03522 4.52827 3.4223 2.41852 1.00378 1.81305 0.687364 0.316413 1.10597 0.197773 0.324939 0.9082 0.278346 0.0632465
internal_count=324 291 219 66 153 56 29 124 72 46 24 26 119 105
is_linear=0
shrinkage=0.05


Tree=196
num_leaves=15
num_cat=0
split_feature=68 149 93 181 198 135 151 59 155 155 200 153 60 109
split_gain=0.664865 0.324872 0.171641 0.240625 0.155187 0.0952655 0.0697822 0.064684 0.38499 0.331328 0.0380336 0.121447 0.0942438 0.103006
threshold=1.0000000180025095e-35 1.0000000180025095e-35 1.0000000180025095e-35 1.0000000180025095e-35 1.0000000180025095e-35 1.0000000180025095e-35 1.0000000180025095e-35 1.0000000180025095e-35 1.0000000180025095e-35 1.0000000180025095e-35 1.0000000180025095e-35 1.0000000180025095e-35 1.0000000180025095e-35 1.0000000180025095e-35
decision_type=2 2 2 2 2 2 2 2 2 2 2 2 2 2
left_child=1 4 3 5 -1 7 -6 9 -9 10 11 -3 -13 -14
right_child=-2 2 -4 -5 6 -7 -8 8 -10 -11 -12 12 13 -15
leaf_value=-0.050504145282580182 0.092534930277988106 -0.018207447019590619 -0.042798245434974881 0.0592759139500596 0.051548857558431506 -0.023043193890417365 -0.037231835242814829 -0.04784509460569606 0.038653904090272591 -0.045645720323050289 0.030936954336638484 0.031930224042751011 -0.01092039641235608 0.025531070414921406
leaf_weight=0.37897323950164707 0.2172623271762858 0.24066733167274157 0.15996042834012758 0.23283347621145356 0.06296945038047852 0.24923712015151966 0.034129811530874576 0.27241008005148604 0.24373266124166548 0.22358964949671634 0.46243108121780085 0.80287008680170402 0.38373915703050443 0.39157344774866942
leaf_count=23 39 19 18 69 27 5 6 25 3 19 24 14 37 5
internal_value=0.00727685 0.00280165 0.00785161 0.0101644 -0.0360542 0.00666781 0.020343 0.009119 -0.00699858 0.0124401 0.0181331 0.0148779 0.0199232 0.0074895
internal_weight=4.35638 4.13912 3.66304 3.50308 0.476073 3.27025 0.0970993 3.02101 0.516143 2.50487 2.28128 1.81885 1.57818 0.775313
internal_count=333 294 238 220 56 151 33 146 28 118 99 75 56 42
is_linear=0
shrinkage=0.05


Tree=197
num_leaves=14
num_cat=0
split_feature=25 135 36 188 197 60 149 59 153 203 200 197 185
split_gain=0.247814 0.282284 0.220039 0.198231 0.241068 0.202369 0.172154 0.0843894 0.219549 0.0336631 0.0330846 0.041185 0.0156168
threshold=1.0000000180025095e-35 1.0000000180025095e-35 1.0000000180025095e-35 1.5000000000000002 1.5000000000000002 1.0000000180025095e-35 1.0000000180025095e-35 1.0000000180025095e-35 1.0000000180025095e-35 1.0000000180025095e-35 1.5000000000000002 2.5000000000000004 1.0000000180025095e-35
decision_type=2 2 2 2 2 2 2 2 2 2 2 2 2
left_child=1 2 3 5 -5 7 -2 8 -1 -7 11 -6 -8
right_child=6 -3 -4 4 10 9 12 -9 -10 -11 -12 -13 -14
leaf_value=-0.0039755313125812205 0.051619874754154693 -0.047438873814649674 -0.041156874616794403 0.058548289783455609 -0.038930057953355281 -0.018187609443338477 -0.02664066966760982 0.0074352077698667408 0.043712093621819138 -0.00070669880637471154 -0.051599061943111084 0.050465815055405011 -0.049061052710889556
leaf_weight=0.36748612648807555 0.072059757076203823 0.22297300305217493 0.19680872323442589 0.42103644331655221 0.026970332277414855 0.51942689530551456 0.69038300055763091 1.0583431106060743 0.70321004558354616 0.58621425554156303 0.056478012353181839 0.0246675977614359 0.087514352664584294
leaf_count=21 18 7 60 17 25 23 93 19 13 6 1 15 9
internal_value=0.00229924 0.00729978 0.0103814 0.0130763 0.0414468 0.00843528 -0.0223142 0.0174477 0.0273447 -0.00891918 -0.0251517 0.00377463 -0.029163
internal_weight=5.03357 4.18361 3.96064 3.76383 0.529152 3.23468 0.849957 2.12904 1.0707 1.10564 0.108116 0.0516379 0.777897
internal_count=327 207 200 140 58 82 120 53 34 29 41 40 102
is_linear=0
shrinkage=0.05


Tree=198
num_leaves=15
num_cat=0
split_feature=25 88 151 203 181 153 59 197 153 204 59 155 116 199
split_gain=0.39603 0.714672 0.137222 0.179688 0.234492 0.209525 0.124581 0.0452693 0.103422 0.0367636 0.0140681 0.263752 0.00108739 0.000528577
threshold=1.0000000180025095e-35 1.0000000180025095e-35 1.0000000180025095e-35 1.0000000180025095e-35 1.0000000180025095e-35 1.0000000180025095e-35 1.0000000180025095e-35 1.0000000180025095e-35 1.0000000180025095e-35 1.0000000180025095e-35 1.0000000180025095e-35 1.0000000180025095e-35 1.0000000180025095e-35 1.0000000180025095e-35
decision_type=2 2 2 2 2 2 2 2 2 2 2 2 2 2
left_child=2 -2 3 5 6 10 7 -5 -9 -7 11 -1 -6 -3
right_child=1 13 -4 4 12 9 -8 8 -10 -11 -12 -13 -14 -15
leaf_value=0.018306613200925463 -0.064597980008220243 0.056659587117843052 0.024781026283258005 0.00092566773137373699 0.062882654525993203 -0.027905617879871822 -0.048513894120937852 -0.043524721790742467 0.054266600787426233 -0.013295620264134748 0.012463607162356349 -0.049842928696345691 0.055344449152678769 0.050850589754058512
leaf_weight=0.53660153137752786 0.67132647706603155 0.070641197264194489 0.36768695602222567 0.70692981593310811 0.1109432652592659 1.3306649397127328 0.11832936300925212 0.035393927137192804 0.11450437362509547 0.63656915843603212 0.3504839650267968 0.19305260817054659 0.084107989412586903 0.087873279531777371
leaf_count=26 27 1 8 12 1 22 14 8 53 19 12 18 23 97
internal_value=-0.0102662 -0.0420507 -0.00451386 -0.00706778 0.00958661 -0.0134632 -0.000423505 0.00621786 0.0311762 -0.023178 0.00423033 0.000275541 0.0596321 0.0534393
internal_weight=5.41511 0.829841 4.58527 4.21758 1.17021 3.04737 0.975157 0.856828 0.149898 1.96723 1.08014 0.729654 0.195051 0.158514
internal_count=341 125 216 208 111 97 87 73 61 41 56 44 24 98
is_linear=0
shrinkage=0.05


Tree=199
num_leaves=15
num_cat=0
split_feature=64 68 153 58 36 58 59 60 188 149 116 203 198 197
split_gain=0.160187 0.181154 0.142389 0.361479 0.305292 0.187628 0.178863 0.298951 0.371054 0.17355 0.229803 0.516489 0.163656 0.0369305
threshold=1.0000000180025095e-35 1.0000000180025095e-35 1.0000000180025095e-35 1.0000000180025095e-35 1.0000000180025095e-35 1.0000000180025095e-35 1.0000000180025095e-35 1.0000000180025095e-35 1.5000000000000002 1.0000000180025095e-35 1.0000000180025095e-35 1.0000000180025095e-35 1.0000000180025095e-35 1.0000000180025095e-35
decision_type=2 2 2 2 2 2 2 2 2 2 2 2 2 2
left_child=1 2 5 4 6 9 7 -4 -9 10 -1 -12 -11 -6
right_child=-2 -3 3 -5 13 -7 -8 8 -10 12 11 -13 -14 -15
leaf_value=-0.051038541405624117 -0.05156788706190632 -0.026904819656163065 0.05217419580231504 -0.052828838151549651 -0.055287977116157842 0.044916706491781914 -0.0083629040664349383 -0.0099255490788828071 0.058615466683650197 -0.043425529797209511 0.073363623386483556 -0.033735035341936469 0.020645445210633967 -0.0068010298081221665
leaf_weight=0.14996269345283508 0.18185471230390238 0.71822120769866149 0.67985891038552038 0.22673642703739449 0.16267669200897206 0.13209927841671731 0.46642339396930754 0.71234894078224897 0.27318326554450323 0.63878192806441791 0.22773270189645689 0.22261628402702627 0.11809178143630561 0.051768675890343729
leaf_count=4 7 36 15 8 1 6 13 9 35 31 13 29 47 60
internal_value=-0.00550899 -0.00375687 0.00033575 0.0074576 0.0132835 -0.0119685 0.0190039 0.0266685 0.00907358 -0.0175053 0.00257108 0.0204227 -0.0334288 -0.0435829
internal_weight=4.96236 4.7805 4.06228 2.573 2.34626 1.48928 2.13181 1.66539 0.985532 1.35719 0.600312 0.450349 0.756874 0.214445
internal_count=314 307 271 141 133 130 72 59 44 124 46 42 78 61
is_linear=0
shrinkage=0.05


Tree=200
num_leaves=15
num_cat=0
split_feature=151 68 181 190 109 183 88 153 203 59 155 60 60 117
split_gain=0.293667 0.238066 0.168081 0.178557 0.11771 0.102302 0.0781232 0.0721727 0.0545466 0.0886142 0.113761 0.0168353 0.00705419 0.00177772
threshold=1.0000000180025095e-35 1.0000000180025095e-35 1.0000000180025095e-35 1.0000000180025095e-35 1.0000000180025095e-35 1.0000000180025095e-35 1.0000000180025095e-35 1.0000000180025095e-35 1.0000000180025095e-35 1.0000000180025095e-35 1.0000000180025095e-35 1.0000000180025095e-35 1.0000000180025095e-35 1.0000000180025095e-35
decision_type=2 2 2 2 2 2 2 2 2 2 2 2 2 2
left_child=1 2 3 7 12 13 -7 8 9 10 -1 -9 -5 -4
right_child=-2 -3 5 4 -6 6 -8 11 -10 -11 -12 -13 -14 -15
leaf_value=-0.0020148038606612175 -0.050084809311656868 -0.025594213918648745 0.053499361447810249 0.044118536202595905 -0.036351715906138587 -0.041868423878322319 0.05060562046336789 0.0085336325691306569 -0.031218680495867814 0.015301399689235454 -0.050465728766804142 -0.0010377078707105387 0.060712175532733385 0.062199093635527336
leaf_weight=0.3874372662976393 0.3021049306335043 0.7142147173944976 0.12958641892873846 0.12852419754563005 0.043751411267294316 0.055895494966534898 0.038619160282905796 1.2127328114584086 0.25608068564906716 0.33510284591466188 0.17627173126675189 0.73961767378204979 0.12766966933850199 0.10737838596105576
leaf_count=17 13 41 43 29 13 15 45 20 10 7 16 25 36 1
internal_value=-0.00237975 0.000856788 0.00590984 0.00260309 0.0394437 0.0398991 -0.00408307 -0.000953173 -0.010861 -0.00506085 -0.0171654 0.00490768 0.0523877 0.0574416
internal_weight=4.75499 4.45288 3.73867 3.40719 0.299945 0.331479 0.0945147 3.10724 1.15489 0.898812 0.563709 1.95235 0.256194 0.236965
internal_count=331 318 277 173 78 104 60 95 50 40 33 45 65 44
is_linear=0
shrinkage=0.05


Tree=201
num_leaves=15
num_cat=0
split_feature=153 109 201 188 155 189 155 60 36 20 200 198 197 200
split_gain=0.405227 0.337267 0.254574 0.238263 0.182893 0.164787 0.327741 0.112041 0.23057 0.276642 0.111177 0.0638554 0.0430979 0.0460251
threshold=1.0000000180025095e-35 1.0000000180025095e-35 1.0000000180025095e-35 1.5000000000000002 1.0000000180025095e-35 1.0000000180025095e-35 1.0000000180025095e-35 1.0000000180025095e-35 1.0000000180025095e-35 1.0000000180025095e-35 1.0000000180025095e-35 1.0000000180025095e-35 1.5000000000000002 1.5000000000000002
decision_type=2 2 2 2 2 2 2 2 2 2 2 2 2 2
left_child=2 3 5 11 7 6 10 12 9 -9 -1 -2 -5 -14
right_child=1 -3 -4 4 -6 -7 -8 8 -10 -11 -12 -13 13 -15
leaf_value=-0.050260012787863101 -0.044188154413029403 0.018674562202637669 0.071495693787538728 -0.05201077499269946 0.057914744721219782 0.052725304849667032 0.016515371328174315 0.049185594769350388 -0.047879023609259004 -0.050202560165674995 0.0037113115733833318 -0.025802319226725358 0.050339807983416321 -0.032166917655626875
leaf_weight=0.35799391669570446 1.344403243623675 0.43733513871120511 0.1452997468295506 0.20653892674090446 0.096679614449385554 0.14349510049032677 0.76860728283827484 0.25766050271522545 0.17580182962774416 0.096138479082583217 0.13009192986828566 0.72795978933572758 0.023185205849586055 0.062378165661357343
leaf_count=26 27 22 3 9 4 56 47 31 49 4 17 4 29 7
internal_value=-0.0127549 -0.0223377 0.00850087 -0.0283349 -0.00713524 0.0019638 -0.00383239 -0.0147889 -0.0010771 0.0221787 -0.0358748 -0.0377298 -0.0396492 -0.00980997
internal_weight=4.97357 3.42808 1.54549 2.99075 0.918383 1.40019 1.25669 0.821703 0.529601 0.353799 0.488086 2.07236 0.292102 0.0855634
internal_count=335 186 149 164 133 146 90 129 84 35 43 31 45 36
is_linear=0
shrinkage=0.05


Tree=202
num_leaves=15
num_cat=0
split_feature=25 188 135 109 60 153 201 59 155 197 60 188 183 88
split_gain=0.43524 0.662501 0.253391 0.30591 1.81841 0.243174 0.163012 0.279535 0.125256 0.166259 0.0897802 0.245063 0.0746144 0.0609747
threshold=1.0000000180025095e-35 1.5000000000000002 1.0000000180025095e-35 1.0000000180025095e-35 1.0000000180025095e-35 1.0000000180025095e-35 1.0000000180025095e-35 1.0000000180025095e-35 1.0000000180025095e-35 1.0000000180025095e-35 1.0000000180025095e-35 1.5000000000000002 1.0000000180025095e-35 1.0000000180025095e-35
decision_type=2 2 2 2 2 2 2 2 2 2 2 2 2 2
left_child=2 -2 3 5 -5 6 7 8 9 -1 -7 -12 -3 -14
right_child=1 12 -4 4 -6 10 -8 -9 -10 -11 11 -13 13 -15
leaf_value=-0.018237832827344105 -0.071945310008985644 0.054016972561930589 -0.05174524249497961 -0.04752384126210249 0.19113767980048668 -0.0018621694643312068 0.070055258865670017 0.037510823179126906 -0.045856629947972592 0.058945760571635156 -0.052219222372018995 0.0068673360509968464 -0.036495969498483667 0.050475891965028323
leaf_weight=0.23076270974706881 0.49479734152555455 0.1392620332808292 0.20501084811985482 0.1924378244584658 0.13637003782059764 1.7936474464950154 0.14080852828919876 0.55565636890969472 0.18981141899712384 0.10000899736769497 0.35430504381656636 0.34769794752719463 0.055583836365258321 0.031615114279702539
leaf_count=20 4 57 6 14 10 45 2 23 20 22 9 42 12 51
internal_value=-0.00361547 -0.0395262 0.00248386 0.00523471 0.0514588 0.00114096 0.019465 0.0128461 -0.0134803 0.00509867 -0.0077951 -0.022954 0.0313066 -0.00496319
internal_weight=4.96778 0.721258 4.24652 4.04151 0.328808 3.7127 1.21705 1.07624 0.520583 0.330772 2.49565 0.702003 0.226461 0.087199
internal_count=337 124 213 207 24 183 87 85 62 42 96 51 120 63
is_linear=0
shrinkage=0.05


Tree=203
num_leaves=15
num_cat=0
split_feature=68 183 117 150 199 204 155 60 188 198 188 153 155 188
split_gain=1.09875 0.324995 0.208488 0.228633 0.275696 0.315319 0.30374 0.381634 0.0690069 0.0507457 0.0112316 2.76378e-05 6.48483e-07 3.56952e-07
threshold=1.0000000180025095e-35 1.0000000180025095e-35 1.0000000180025095e-35 1.0000000180025095e-35 1.0000000180025095e-35 1.0000000180025095e-35 1.0000000180025095e-35 1.0000000180025095e-35 2.5000000000000004 1.0000000180025095e-35 1.5000000000000002 1.0000000180025095e-35 1.0000000180025095e-35 2.5000000000000004
decision_type=2 2 2 2 2 2 2 2 2 2 2 2 2 2
left_child=1 2 3 4 6 -6 7 -1 -3 -10 -9 -7 -11 -13
right_child=-2 8 -4 -5 5 11 -8 10 9 12 -12 13 -14 -15
leaf_value=0.0051736912040224493 -0.068159553657318281 -0.051743208951362613 -0.01941696672951683 -0.037573962985367207 -0.04677058956495006 0.052216851731837245 0.061186899051343314 0.061683748832557075 -0.040256186023659032 0.050133990556637635 0.046787863068265323 0.050494241044075731 0.050612380753723575 0.050047901618995666
leaf_weight=1.486585640785054 0.53402592979182362 0.25395137444138516 0.44108086911728595 0.17860596372338466 0.27966418198775622 0.093580122116689868 0.51159752067178477 0.28867430053651322 0.029597011242003646 0.021976910436933395 0.22531938049360178 0.0066010155715048304 0.010453444596350892 0.013936728286353173
leaf_count=36 39 6 19 16 8 26 14 11 7 47 13 1 9 66
internal_value=-0.00095873 0.00838289 0.0127366 0.0173344 0.0207092 -0.0181897 0.0268066 0.0180147 -0.0401953 0.00708399 0.0551538 0.0518523 0.0502882 0.0501914
internal_weight=4.37565 3.84162 3.52565 3.08456 2.90596 0.393782 2.51218 2.00058 0.315979 0.0620274 0.513994 0.114118 0.0324304 0.0205377
internal_count=318 279 210 191 175 101 74 60 69 63 24 93 56 67
is_linear=0
shrinkage=0.05


Tree=204
num_leaves=15
num_cat=0
split_feature=25 188 117 36 189 197 200 155 200 60 190 60 197 93
split_gain=0.50378 0.403485 0.241893 0.152434 0.122713 0.119111 0.100761 0.0673618 0.0395148 0.0105381 0.00031653 0.00014591 1.56773e-07 5.83642e-08
threshold=1.0000000180025095e-35 2.5000000000000004 1.0000000180025095e-35 1.0000000180025095e-35 1.0000000180025095e-35 1.0000000180025095e-35 1.0000000180025095e-35 1.0000000180025095e-35 1.0000000180025095e-35 1.0000000180025095e-35 1.0000000180025095e-35 1.0000000180025095e-35 2.5000000000000004 1.0000000180025095e-35
decision_type=2 2 2 2 2 2 2 2 2 2 2 2 2 2
left_child=2 -2 3 4 7 -5 9 8 11 -6 -3 -1 -7 -12
right_child=1 10 -4 5 6 12 -8 -9 -10 -11 13 -13 -14 -15
leaf_value=0.0034657762369220491 -0.053259692836253814 0.05618901285279039 -0.050720595495135905 -0.054647584309267562 -0.0045719365828742354 0.050321483260641335 -0.047237090581527912 0.023604336379599841 0.017780305462606401 0.021592288818396033 0.050048836398761266 0.0025657915807411284 0.050083232540074289 0.050187068007120306
leaf_weight=1.208579976111652 0.72794336080551136 0.06786554581776727 0.20292522641830135 0.16525223874486972 0.079348852450493612 0.0099692146686720662 0.17624790312038385 0.76004900457337488 0.60479673044756044 0.074728170809976291 0.017969578112570161 0.71784552745521057 0.022461618631496094 0.013278921629535034
leaf_count=27 12 4 13 2 9 8 7 23 11 29 88 12 56 10
internal_value=-0.00483325 -0.0403732 0.00247458 0.00530093 0.00763469 -0.037454 -0.0214173 0.0105505 0.00663078 0.00811785 0.0542717 0.00313041 0.0501565 0.0501076
internal_weight=4.84926 0.827057 4.0222 3.81928 3.6216 0.197683 0.330325 3.29127 2.53122 0.154077 0.099114 1.92643 0.0324308 0.0312485
internal_count=311 114 197 184 118 66 45 73 50 38 102 39 64 98
is_linear=0
shrinkage=0.05


Tree=205
num_leaves=15
num_cat=0
split_feature=68 185 151 191 116 58 190 188 60 59 109 204 188 197
split_gain=0.826312 0.316177 0.108082 0.15032 0.0801562 0.0643358 0.0578198 0.115613 0.0429309 0.08253 0.0521109 0.000298689 2.99788e-05 1.7983e-05
threshold=1.0000000180025095e-35 1.0000000180025095e-35 1.0000000180025095e-35 1.0000000180025095e-35 1.0000000180025095e-35 1.0000000180025095e-35 1.0000000180025095e-35 1.5000000000000002 1.0000000180025095e-35 1.0000000180025095e-35 1.0000000180025095e-35 1.0000000180025095e-35 2.5000000000000004 1.0000000180025095e-35
decision_type=2 2 2 2 2 2 2 2 2 2 2 2 2 2
left_child=1 2 3 5 -5 6 8 -8 9 -1 -10 -6 -13 -3
right_child=-2 13 -4 4 11 -7 7 -9 10 -11 -12 12 -14 -15
leaf_value=0.013507910716079478 -0.067704870032302536 0.055487845450494115 0.025922750235736914 -0.042860358555969445 0.055708410030066019 -0.026603353148574982 -0.05200215940200862 -0.00088092231800422833 -0.01756900405840402 -0.0081181238604435164 0.0038660650468321776 0.052029688496764419 0.050237100810866735 0.056319732369801451
leaf_weight=1.011185032548384 0.46332110054572684 0.12618708610534657 0.34627030348201504 0.025112194678513333 0.064996453118510544 0.32670532888732839 0.17409147438593198 0.30324144352016447 0.6547891092923237 0.78259348217397939 0.50010110918083228 0.06092221476137627 0.037791624225064879 0.13389732969517354
leaf_count=26 37 3 11 3 2 9 5 53 30 17 6 3 98 17
internal_value=-0.00409354 0.00238694 -0.000859968 -0.00321288 0.0403174 -0.00540316 -0.0033815 -0.0195257 -0.000768063 0.00407286 -0.00828699 0.0530764 0.0513434 0.0559161
internal_weight=5.01121 4.54788 4.2878 3.94153 0.188822 3.75271 3.426 0.477333 2.94867 1.79378 1.15489 0.16371 0.0987138 0.260084
internal_count=320 283 263 252 106 146 137 58 79 43 36 103 101 20
is_linear=0
shrinkage=0.05


Tree=206
num_leaves=15
num_cat=0
split_feature=198 181 185 203 199 151 188 180 13 188 198 188 58 153
split_gain=0.620224 0.798836 0.178511 0.195595 0.442972 0.210272 0.175281 0.169461 0.0884462 0.0753618 0.0880343 0.0692912 0.0360074 0.034823
threshold=1.5000000000000002 1.0000000180025095e-35 1.0000000180025095e-35 1.0000000180025095e-35 1.0000000180025095e-35 1.0000000180025095e-35 1.5000000000000002 1.0000000180025095e-35 1.0000000180025095e-35 1.5000000000000002 1.0000000180025095e-35 2.5000000000000004 1.0000000180025095e-35 1.0000000180025095e-35
decision_type=2 2 2 2 2 2 2 2 2 2 2 2 2 2
left_child=2 6 3 5 -5 12 -2 -6 11 -9 -11 -3 13 -1
right_child=1 8 -4 4 7 -7 -8 9 -10 10 -12 -13 -14 -15
leaf_value=-0.017253474466027666 0.14767710884268981 -0.049930104906130722 0.035528728166156535 -0.056765307463902681 0.062866058549664636 0.034449021766952047 0.054630194704640769 -0.03316533438022691 0.05122331888716955 -0.027591813426400519 0.0545642402051182 0.050104607688462512 -0.02511309364668849 -0.0032845010199461333
leaf_weight=0.61312343175814121 0.15570276044309128 0.13544749189168215 0.21482750748873503 0.6156992506439567 0.11243887041928247 0.30744297802448262 0.074991084744397085 0.15519940666854382 0.034629583067726344 0.058489206530794036 0.073686749279659125 0.019847348739858717 0.3159746715100481 1.6382074281427776
leaf_count=43 2 4 17 15 4 5 26 3 24 10 45 73 8 41
internal_value=-0.00291599 0.0549094 -0.00884093 -0.0112911 -0.0301544 -0.0046276 0.117431 0.0108255 -0.0210327 -0.00953597 0.0182093 -0.0371452 -0.00930715 -0.00708879
internal_weight=4.52571 0.420618 4.10509 3.89026 1.01551 2.87475 0.230694 0.399814 0.189924 0.287375 0.132176 0.155295 2.56731 2.25133
internal_count=320 129 191 174 77 97 28 62 101 58 55 77 92 84
is_linear=0
shrinkage=0.05


Tree=207
num_leaves=15
num_cat=0
split_feature=68 64 204 36 197 135 151 203 153 155 190 197 58 172
split_gain=0.714392 0.143756 0.0978864 0.187268 0.201198 0.172533 0.0865024 0.0777806 0.114243 0.0586355 0.000432646 0.000514792 0.000566207 1.49318e-05
threshold=1.0000000180025095e-35 1.0000000180025095e-35 1.0000000180025095e-35 1.0000000180025095e-35 1.0000000180025095e-35 1.0000000180025095e-35 1.0000000180025095e-35 1.0000000180025095e-35 1.0000000180025095e-35 1.0000000180025095e-35 1.0000000180025095e-35 1.0000000180025095e-35 1.0000000180025095e-35 1.0000000180025095e-35
decision_type=2 2 2 2 2 2 2 2 2 2 2 2 2 2
left_child=1 2 6 5 -5 10 7 8 9 -1 -4 -12 -13 -6
right_child=-2 -3 3 4 13 -7 -8 -9 -10 -11 11 12 -14 -15
leaf_value=-0.012977907740773379 -0.070615592949035383 -0.051322956820256983 0.052676355541358466 -0.054532689343738318 0.050150197440706326 -0.0079007397971593302 0.014102492268477177 6.7608480970522154e-06 -0.0257523532200125 0.015764318244001672 0.060472524092320082 0.05072668490465037 0.058013529420052591 0.051689048852378183
leaf_weight=0.41811405948828895 0.47818442382049386 0.16957565979828348 0.050188492037705479 0.15726386563619599 0.034799797923369624 0.16561705712229013 0.40259789885021735 1.1150500061921775 1.2394777173176408 0.30826996243558824 0.10003467777278274 0.039662412764300825 0.081309511966537684 0.028817754466217593
leaf_count=21 35 9 15 2 111 7 8 19 25 15 2 34 2 17
internal_value=-0.012633 -0.00620112 -0.00435345 0.0133381 -0.0241815 0.0323104 -0.00769364 -0.0105418 -0.0165251 -0.00078 0.0568671 0.0578188 0.0556244 0.0508473
internal_weight=4.78896 4.31078 4.1412 0.657694 0.220881 0.436812 3.48351 3.08091 1.96586 0.726384 0.271195 0.221007 0.120972 0.0636176
internal_count=322 287 278 190 130 60 88 80 61 36 53 38 36 128
is_linear=0
shrinkage=0.05


Tree=208
num_leaves=15
num_cat=0
split_feature=68 109 60 155 197 201 197 183 60 153 204 60 204 157
split_gain=0.733805 0.590306 1.33218 0.193306 0.279667 0.192053 0.194539 0.1947 0.108802 0.0322914 0.0651608 0.0224362 0.0115131 0.000849849
threshold=1.0000000180025095e-35 1.0000000180025095e-35 1.0000000180025095e-35 1.0000000180025095e-35 1.0000000180025095e-35 1.0000000180025095e-35 1.0000000180025095e-35 1.0000000180025095e-35 1.0000000180025095e-35 1.0000000180025095e-35 1.0000000180025095e-35 1.0000000180025095e-35 1.0000000180025095e-35 1.0000000180025095e-35
decision_type=2 2 2 2 2 2 2 2 2 2 2 2 2 2
left_child=1 3 -3 5 -5 6 9 13 12 10 -1 -11 -9 -8
right_child=-2 2 -4 4 -6 -7 7 8 -10 11 -12 -13 -14 -15
leaf_value=-0.046969294364872793 -0.065044428395872531 -0.04775744773842551 0.17299456874811747 0.032492931808932937 -0.040246675221736923 0.025117122849648638 0.051124428774590017 -0.052698609576414673 0.0282466657210899 -0.015964729444746188 -0.0097408753517787723 -0.029513663807869531 -0.024205055310031712 0.058217795949711854
leaf_weight=0.36294160876423109 0.50745090584678099 0.12850725991302159 0.14597531581603107 0.57605402765329916 0.17147684861538437 0.29305893109994929 0.086152892423342453 0.091377377510070801 0.088808239124773536 0.92141302395612001 0.1738330254447662 0.45713777095079422 0.05792496828144067 0.08281584181713697
leaf_count=25 43 14 15 22 22 8 91 1 21 21 7 9 25 3
internal_value=-0.00871895 -0.000861195 0.0696429 -0.00661563 0.0158071 -0.0130243 -0.0178373 0.0135523 -0.0155768 -0.0245088 -0.034913 -0.0204577 -0.0416439 0.0546011
internal_weight=4.14493 3.63748 0.274483 3.36299 0.747531 2.61546 2.3224 0.407079 0.238111 1.91533 0.536775 1.37855 0.149302 0.168969
internal_count=327 284 29 255 44 211 203 141 47 62 32 30 26 94
is_linear=0
shrinkage=0.05


Tree=209
num_leaves=15
num_cat=0
split_feature=68 109 60 149 155 59 58 204 36 155 200 153 199 190
split_gain=0.513202 0.568377 0.165388 0.220718 0.136729 0.15695 0.211167 0.087834 0.277097 0.0848176 0.047643 0.0453722 0.0338722 0.0270788
threshold=1.0000000180025095e-35 1.0000000180025095e-35 1.0000000180025095e-35 1.0000000180025095e-35 1.0000000180025095e-35 1.0000000180025095e-35 1.0000000180025095e-35 1.0000000180025095e-35 1.0000000180025095e-35 1.0000000180025095e-35 1.0000000180025095e-35 1.0000000180025095e-35 1.0000000180025095e-35 1.0000000180025095e-35
decision_type=2 2 2 2 2 2 2 2 2 2 2 2 2 2
left_child=1 2 3 9 5 6 -5 12 13 10 -1 -7 -4 -9
right_child=-2 -3 7 4 -6 11 -8 8 -10 -11 -12 -13 -14 -15
leaf_value=-0.017787748969855886 -0.064982531220966477 -0.062387987777770042 -0.050423402776356978 0.02554745526958975 0.039316174572899244 -0.045360214757723741 -0.023117174252580197 0.018542355358830927 -0.045492960277303332 -0.046845121011696612 0.051324310748539659 -0.010456879356803492 -0.023579714200962325 0.059900368524812286
leaf_weight=0.075841791396670577 0.48827373658059503 0.45949809863122926 0.22387996083125472 0.91930631717877964 0.33994798491767153 0.13447957400603616 0.29427046736236662 0.065272963391180272 0.18408748083857063 0.26352107844286365 0.037151399817958008 0.30267126019134594 0.24735547334421426 0.10053792190046806
leaf_count=16 39 31 21 35 12 16 8 18 54 18 14 15 5 25
internal_value=-0.0168427 -0.0103991 -0.00290647 0.00380059 0.0104405 0.00449391 0.0137472 -0.0222418 -0.00326412 -0.0313055 0.00493583 -0.0211941 -0.0363329 0.0436194
internal_weight=4.1361 3.64782 3.18832 2.36719 1.99068 1.65073 1.21358 0.821134 0.349898 0.376514 0.112993 0.437151 0.471235 0.165811
internal_count=327 288 257 134 86 74 43 123 97 48 30 31 26 43
is_linear=0
shrinkage=0.05


Tree=210
num_leaves=15
num_cat=0
split_feature=149 109 60 190 198 191 60 153 203 68 155 60 203 116
split_gain=0.420768 0.562252 1.53976 0.114156 0.101689 0.0861812 0.0843712 0.110418 0.0850876 0.0837292 0.0680086 0.00766779 0.013668 0.00735875
threshold=1.0000000180025095e-35 1.0000000180025095e-35 1.0000000180025095e-35 1.0000000180025095e-35 2.5000000000000004 1.0000000180025095e-35 1.0000000180025095e-35 1.0000000180025095e-35 1.0000000180025095e-35 1.0000000180025095e-35 1.0000000180025095e-35 1.0000000180025095e-35 1.0000000180025095e-35 1.0000000180025095e-35
decision_type=2 2 2 2 2 2 2 2 2 2 2 2 2 2
left_child=5 3 -3 6 11 -1 9 -8 -9 -2 -7 12 -5 -6
right_child=1 2 -4 4 13 10 7 8 -10 -11 -12 -13 -14 -15
leaf_value=-0.049103950251137646 0.0091926769424452021 -0.045165710355328965 0.1998310605190094 0.009333272020646162 -0.05059506722150884 0.051464227205473882 0.0041843026063938821 -0.050557761702812135 -0.010410457862905349 -0.012237414426085766 -0.032556959928911007 0.057876591655407594 0.05113006793364238 -0.012748509226443223
leaf_weight=0.45820653232658504 1.920216779340991 0.12755057719186869 0.1289843017621024 0.027970980214376939 0.021859819069504738 0.041153978490910958 0.49068542092572875 0.24240072560496628 0.28970761757227592 0.59765820205211628 0.058063390693860129 0.11478806668856123 0.065043106806115247 0.031140096485614777
leaf_count=45 37 14 15 15 1 14 25 11 14 4 9 60 53 33
internal_value=0.000777687 0.00637296 0.0780173 0.00153818 0.0334632 -0.0399555 -0.00081338 -0.0129235 -0.0286995 0.0041059 0.00229385 0.0492308 0.038561 -0.0283583
internal_weight=4.61543 4.05801 0.256535 3.80147 0.260802 0.557424 3.54067 1.02279 0.532108 2.51787 0.0992174 0.207802 0.0930141 0.0529999
internal_count=350 282 29 253 162 68 91 50 25 41 23 128 68 34
is_linear=0
shrinkage=0.05


Tree=211
num_leaves=15
num_cat=0
split_feature=151 60 181 59 155 68 153 204 183 93 102 153 58 149
split_gain=0.227832 0.172324 0.145804 0.0843088 0.215638 0.111121 0.0737417 0.107284 0.0494057 0.0489253 0.0454942 0.0449156 0.0672278 0.0231411
threshold=1.0000000180025095e-35 1.0000000180025095e-35 1.0000000180025095e-35 1.0000000180025095e-35 1.0000000180025095e-35 1.0000000180025095e-35 1.0000000180025095e-35 1.0000000180025095e-35 1.0000000180025095e-35 1.0000000180025095e-35 1.0000000180025095e-35 1.0000000180025095e-35 1.0000000180025095e-35 1.0000000180025095e-35
decision_type=2 2 2 2 2 2 2 2 2 2 2 2 2 2
left_child=1 2 3 5 -5 11 10 -8 -4 -9 -3 12 -1 -10
right_child=-2 6 8 4 -6 -7 7 9 13 -11 -12 -13 -14 -15
leaf_value=-0.020074020931620942 -0.049426889054763584 -0.048013973879332553 0.058731864541554102 -0.034017035687605966 0.023492934511253574 -0.0098088743153917947 -0.015537086369537613 0.040483354986136533 0.050601519194179906 -0.036927338797342633 -0.0041609990121004286 0.020756577487224769 0.026545826580625709 -0.038176395181314805
leaf_weight=0.18581225433445125 0.26226182591926761 0.23305952112605122 0.16234171439282352 0.43258840754788241 0.26154513703659177 0.61294896597973991 1.0093599027022717 0.13434253025661758 0.01104004547232762 0.024068145372439176 0.079254051293901284 1.0555981115794566 0.13245309190824628 0.021903653910158027
leaf_count=18 12 25 28 36 4 17 13 84 16 9 17 25 6 21
internal_value=-0.00416683 -0.00144205 0.00569165 0.00265333 -0.0123476 0.00789422 -0.0153049 -0.00953325 0.0474028 0.028722 -0.0368857 0.0157925 -0.000672151 -0.00842527
internal_weight=4.61858 4.35632 2.87623 2.68095 0.694134 1.98681 1.48008 1.16777 0.195285 0.158411 0.312314 1.37386 0.318265 0.0329437
internal_count=331 319 171 106 40 66 148 106 65 93 42 49 24 37
is_linear=0
shrinkage=0.05


Tree=212
num_leaves=15
num_cat=0
split_feature=68 20 60 109 183 189 117 155 59 204 109 188 204 188
split_gain=0.851739 0.751257 0.218984 0.24016 0.256166 0.139648 0.109525 0.120118 0.275722 0.19152 0.0591316 0.170532 0.0281865 0.0148136
threshold=1.0000000180025095e-35 1.0000000180025095e-35 1.0000000180025095e-35 1.0000000180025095e-35 1.0000000180025095e-35 1.0000000180025095e-35 1.0000000180025095e-35 1.0000000180025095e-35 1.0000000180025095e-35 1.0000000180025095e-35 1.0000000180025095e-35 1.5000000000000002 1.0000000180025095e-35 2.5000000000000004
decision_type=2 2 2 2 2 2 2 2 2 2 2 2 2 2
left_child=2 -2 3 4 6 10 7 8 -1 -10 11 -4 -6 -14
right_child=1 -3 5 -5 12 -7 -8 -9 9 -11 -12 -13 13 -15
leaf_value=0.025350171681374052 -0.027683385828392672 0.16447845109848044 -0.051379451338109852 -0.04753960061324336 -0.052027200208530203 0.034566411812926738 -0.010278090831571288 0.039206731867685751 -0.051574341450012634 0.033806230657179019 -0.0078722342438636191 -0.0071154157588611978 -0.050501997604884413 0.0024096235490028411
leaf_weight=1.0187512647407868 0.077436170715372898 0.14821104610018665 0.42344909184612312 0.1846460557571844 0.15270560048520565 0.12536347943569115 0.3277573494488023 0.61721017556737923 0.23344115912914298 0.091395475546960037 0.5656666732429585 0.44759153974882793 0.018508918583392986 0.046363730729353847
leaf_count=31 15 25 23 18 3 90 16 20 7 28 8 19 1 37
internal_value=0.00387019 0.0985336 -0.00115245 0.00749221 0.0115468 -0.0160435 0.0164758 0.0209478 0.0125602 -0.0275518 -0.0204596 -0.028634 -0.0402975 -0.0126867
internal_weight=4.4785 0.225647 4.25285 2.69078 2.50613 1.56207 2.28856 1.9608 1.34359 0.324837 1.43671 0.871041 0.217578 0.0648726
internal_count=341 40 301 161 143 140 102 86 66 35 50 42 41 38
is_linear=0
shrinkage=0.05


Tree=213
num_leaves=15
num_cat=0
split_feature=20 199 151 197 88 200 59 153 190 60 190 60 188 188
split_gain=0.557617 0.656101 0.176465 0.247172 0.0801527 0.0615009 0.0697309 0.0624776 0.0420272 0.0247995 0.00579599 0.00408732 0.000428097 3.47959e-06
threshold=1.0000000180025095e-35 1.0000000180025095e-35 1.0000000180025095e-35 1.0000000180025095e-35 1.0000000180025095e-35 1.0000000180025095e-35 1.0000000180025095e-35 1.0000000180025095e-35 1.0000000180025095e-35 1.0000000180025095e-35 1.0000000180025095e-35 1.0000000180025095e-35 2.5000000000000004 2.5000000000000004
decision_type=2 2 2 2 2 2 2 2 2 2 2 2 2 2
left_child=2 -2 3 5 10 6 7 9 -5 -1 -3 -9 -10 -6
right_child=1 4 -4 8 13 -7 -8 11 12 -11 -12 -13 -14 -15
leaf_value=-0.049915416568862898 0.13538579642894003 -0.028055085332845633 0.033338217827333788 0.019274438243271699 0.050934487032447455 0.0068833312095363808 0.0020391582176048457 -0.011022009772193258 0.05590715167018534 -0.022959158632736093 -0.0078353622156411527 -0.015890340334936356 0.050316323387374476 0.050098078804950257
leaf_weight=0.17890477227047274 0.16646569094154973 0.078376699239015579 0.3143203398794866 0.22310259675214172 0.040218657115474343 0.44261876645032305 0.58310842397622753 0.78880013339221478 0.090756745543330908 0.16311482153832912 0.064698706337367184 0.95085755363106728 0.054983125302896951 0.017999579866227577
leaf_count=20 6 3 8 19 4 7 16 13 3 17 18 11 92 95
internal_value=0.00316429 0.0619469 -0.00253878 -0.00578275 0.00121444 -0.0103762 -0.013243 -0.0175237 0.0329156 -0.0370595 -0.0189117 -0.0136829 0.0537979 0.0506759
internal_weight=4.15833 0.367759 3.79057 3.47625 0.201294 3.1074 2.66479 2.08168 0.368842 0.34202 0.143075 1.73966 0.14574 0.0582182
internal_count=332 126 206 198 120 84 77 61 114 37 21 24 95 99
is_linear=0
shrinkage=0.05


Tree=214
num_leaves=15
num_cat=0
split_feature=117 151 68 60 185 58 149 190 153 36 185 204 200 155
split_gain=0.271234 0.325397 0.0973673 0.102608 0.159662 0.123454 0.156255 0.235521 0.225161 0.120808 0.0633526 0.202868 0.141112 0.0198034
threshold=1.0000000180025095e-35 1.0000000180025095e-35 1.0000000180025095e-35 1.0000000180025095e-35 1.0000000180025095e-35 1.0000000180025095e-35 1.0000000180025095e-35 1.0000000180025095e-35 1.0000000180025095e-35 1.0000000180025095e-35 1.0000000180025095e-35 1.0000000180025095e-35 1.0000000180025095e-35 1.0000000180025095e-35
decision_type=2 2 2 2 2 2 2 2 2 2 2 2 2 2
left_child=1 2 3 4 5 6 13 8 -8 10 11 12 -5 -1
right_child=-2 -3 -4 9 -6 -7 7 -9 -10 -11 -12 -13 -14 -15
leaf_value=-0.014702847540132877 -0.050490194656853032 0.055316965180431089 -0.020776040062578209 -0.019695025868943238 0.055395917419880349 -0.026344513022458067 -0.0033208386305765012 -0.034363364988476371 0.040859858933271008 -0.047454987553535694 -0.027943221361745974 0.044487806537688225 0.017829049360634768 -0.0499250004154599
leaf_weight=0.064699649428803352 0.28309306262235612 0.25080961136700342 0.67055466008241627 0.83356730407103874 0.16091384848914447 0.2924681817239615 0.48341164365410783 0.21004599381194577 0.71479737479239702 0.18133216232672555 0.24462185382799351 0.21369820456675404 0.35821230057626963 0.10414193059841637
leaf_count=21 17 9 40 26 12 9 15 48 9 58 5 45 7 9
internal_value=-0.00293569 -0.00012123 -0.00318897 -0.000135279 0.007605 0.00349162 0.00902465 0.0144742 0.0230354 -0.0087168 -0.00445979 -0.000372528 -0.00841644 -0.036428
internal_weight=5.06637 4.78327 4.53247 3.86191 2.03048 1.86956 1.5771 1.40826 1.19821 1.83143 1.6501 1.40548 1.19178 0.168842
internal_count=330 313 304 264 123 111 102 72 24 141 83 78 33 30
is_linear=0
shrinkage=0.05


Tree=215
num_leaves=15
num_cat=0
split_feature=203 151 197 60 200 181 188 149 200 188 190 68 188 200
split_gain=0.325526 0.365281 0.246775 0.355177 0.329111 0.129314 0.0977594 0.0907046 0.0963847 0.0233541 0.0386099 0.00659056 4.17209e-08 1.17972e-08
threshold=1.0000000180025095e-35 1.0000000180025095e-35 1.5000000000000002 1.0000000180025095e-35 1.0000000180025095e-35 1.0000000180025095e-35 2.5000000000000004 1.0000000180025095e-35 1.0000000180025095e-35 1.5000000000000002 1.0000000180025095e-35 1.0000000180025095e-35 3.5000000000000004 1.5000000000000002
decision_type=2 2 2 2 2 2 2 2 2 2 2 2 2 2
left_child=7 2 3 5 -5 -2 -4 -1 9 11 -11 -9 -8 -14
right_child=1 -3 6 4 -6 -7 12 8 -10 10 -12 -13 13 -15
leaf_value=0.015542801921433841 -0.011433926803718703 -0.05008569298386023 -0.04360776575286554 0.13185844750590797 0.034492669532965169 0.048133405498506504 0.050185657636647299 -0.014489648298190203 0.0099711163656724441 -0.019272983307275133 0.0066799370895925777 -0.020723748056563837 0.050035158721127349 0.050103957624646492
leaf_weight=0.39504020127060391 0.20276336632377912 0.13863463050074643 0.11419651750475168 0.18336320972230169 0.16478835764428368 0.16545825101002265 0.0080733138565847185 1.3867940990021459 0.5093469070343416 0.26041974721010763 0.31866449768313032 0.61061977595090855 0.019610883164205006 0.0091326657820900436
leaf_count=25 13 8 4 10 13 13 9 45 16 11 12 3 141 11
internal_value=0.00022467 0.025276 0.0373211 0.0495659 0.0857729 0.0153323 -0.0207655 -0.00701549 -0.00990333 -0.0138323 -0.00499134 -0.0163954 0.0500852 0.050057
internal_weight=4.48691 1.00602 0.867387 0.716373 0.348152 0.368222 0.151013 3.48089 3.08585 2.5765 0.579084 1.99741 0.0368169 0.0287435
internal_count=334 222 214 49 23 26 165 112 87 71 23 48 161 152
is_linear=0
shrinkage=0.05


Tree=216
num_leaves=15
num_cat=0
split_feature=59 155 20 201 60 58 155 181 188 188 188 181 203 180
split_gain=0.100132 0.129819 0.107637 0.117773 0.113877 0.126006 0.0976546 0.324092 0.120163 0.0492596 0.095141 0.027414 0.0131069 0.00845122
threshold=1.0000000180025095e-35 1.0000000180025095e-35 1.0000000180025095e-35 1.0000000180025095e-35 1.0000000180025095e-35 1.0000000180025095e-35 1.0000000180025095e-35 1.0000000180025095e-35 1.5000000000000002 1.5000000000000002 2.5000000000000004 1.0000000180025095e-35 1.0000000180025095e-35 1.0000000180025095e-35
decision_type=2 2 2 2 2 2 2 2 2 2 2 2 2 2
left_child=1 2 3 4 5 -1 7 8 -2 -6 -11 -4 -3 -14
right_child=6 12 11 -5 9 -7 -8 -9 -10 10 -12 -13 13 -15
leaf_value=0.014542077311141847 -0.05142557173006778 -0.049486585476362976 -0.017179778509038315 0.029305779584406277 -0.022015333236946891 -0.023693106549114402 0.023098371006089316 0.059610739417557901 0.012356031978691499 0.0092984540507303846 -0.043531965228607174 -0.042436172188010275 -0.010936519368616284 -0.03803479226925742
leaf_weight=1.0448205996326589 0.24423417681828119 0.15775967539229885 0.61267612578740216 0.30139705775945902 0.79073892603628337 0.27146514555352053 0.61768315574408916 0.13273779268729413 0.10584805268445052 0.39726471167523414 0.10849308010983805 0.13028900189056003 0.046654032685182756 0.075068547288537957
leaf_count=46 9 19 10 10 14 8 21 22 25 8 49 60 16 10
internal_value=-0.00340306 -0.0071304 -0.00462035 -0.00028916 -0.00370308 0.00665662 0.00993005 -0.0069165 -0.0321411 -0.0142209 -0.00203451 -0.0216088 -0.0399755 -0.0276485
internal_weight=5.03713 3.93663 3.65714 2.91418 2.61278 1.31629 1.1005 0.48282 0.350082 1.2965 0.505758 0.742965 0.279482 0.121723
internal_count=327 250 205 135 125 54 77 56 34 71 57 70 45 26
is_linear=0
shrinkage=0.05


Tree=217
num_leaves=15
num_cat=0
split_feature=68 20 173 201 60 159 197 185 67 155 199 59 155 198
split_gain=0.732096 0.581817 0.164119 0.296525 0.2258 0.256423 0.209156 0.202886 0.153027 0.0815177 0.304194 0.127734 0.0573974 0.0492576
threshold=1.0000000180025095e-35 1.0000000180025095e-35 1.0000000180025095e-35 1.0000000180025095e-35 1.0000000180025095e-35 1.0000000180025095e-35 1.0000000180025095e-35 1.0000000180025095e-35 1.0000000180025095e-35 1.0000000180025095e-35 1.0000000180025095e-35 1.0000000180025095e-35 1.0000000180025095e-35 2.5000000000000004
decision_type=2 2 2 2 2 2 2 2 2 2 2 2 2 2
left_child=2 -2 3 4 7 6 -6 8 9 10 11 -1 13 -8
right_child=1 -3 -4 -5 5 -7 12 -9 -10 -11 -12 -13 -14 -15
leaf_value=-0.0055385890000338106 -0.026910992190407202 0.14057027775752326 -0.051770278276132398 0.068496987575290741 -0.051261986441111053 0.047658150800848426 0.053499929197435486 0.054669411380069782 -0.048492060371319388 0.014534516884659003 0.057610156410080077 -0.046026257309028158 -0.047445740448142579 -0.031882929450684737
leaf_weight=0.7120567791134842 0.076596495142439269 0.16053986209954019 0.17341431915701822 0.14320239282096725 0.57773646595887829 0.0986128089716658 0.0818096827424597 0.17486431081306353 0.15931237510812923 0.81595903055222141 0.16065728014837077 0.26817333744838834 0.025855788873741403 0.021286837240040768
leaf_count=23 16 23 6 4 24 7 67 17 9 35 56 15 7 14
internal_value=0.00152184 0.0864728 -0.00438068 -0.00184388 -0.00509709 -0.0278713 -0.0384109 0.00290813 -0.00136905 0.00246737 -0.00616302 -0.0166153 0.0191651 0.0358705
internal_weight=3.65008 0.237136 3.41294 3.23953 3.09632 0.805302 0.706689 2.29102 2.11616 1.95685 1.14089 0.98023 0.128952 0.103097
internal_count=323 39 284 278 274 119 112 155 138 129 94 38 88 81
is_linear=0
shrinkage=0.05


Tree=218
num_leaves=15
num_cat=0
split_feature=185 197 191 151 201 116 153 198 200 109 190 203 109 68
split_gain=0.145965 0.260102 0.151664 0.135971 0.151571 0.10949 0.135242 0.0506877 0.0397323 0.0300314 0.025551 0.00535156 0.0233152 0.00178902
threshold=1.0000000180025095e-35 1.5000000000000002 1.0000000180025095e-35 1.0000000180025095e-35 1.0000000180025095e-35 1.0000000180025095e-35 1.0000000180025095e-35 2.5000000000000004 1.0000000180025095e-35 1.0000000180025095e-35 1.0000000180025095e-35 1.0000000180025095e-35 1.0000000180025095e-35 1.0000000180025095e-35
decision_type=2 2 2 2 2 2 2 2 2 2 2 2 2 2
left_child=2 -2 3 4 5 -1 11 -4 -9 10 13 -7 -13 -8
right_child=1 -3 7 -5 -6 6 9 8 -10 -11 -12 12 -14 -15
leaf_value=0.013388340943203767 0.054660366311034138 -0.034263675822592245 0.052781282347333952 0.013657321149643777 0.021596849354354325 -0.047550455666184592 -0.021665645868441309 0.051104615786902091 -0.033083643595539627 -0.0069758461643230942 -0.0096697277641683357 -0.01953467495653527 -0.051025095284046744 -0.025028217748816334
leaf_weight=0.23173641043831672 0.21806320943869639 0.13201730288892577 0.11419625260077726 0.39259986043907691 0.23536857235376363 0.35723871074151281 1.0742725851159782 0.021599492414679844 0.039909379953314783 0.54943797581290699 0.46431627250422014 0.10067929193064629 0.14123533512247377 0.62609705887734879
leaf_count=14 8 22 94 10 8 37 28 21 22 8 23 35 9 3
internal_value=-0.00993305 0.0211266 -0.0124334 -0.0143495 -0.017258 -0.0198377 -0.0221616 0.0330719 -0.00352004 -0.0174154 -0.0200651 -0.0436619 -0.0379195 -0.0229038
internal_weight=4.69877 0.350081 4.34869 4.17298 3.78038 3.54501 3.31328 0.175705 0.0615089 2.71412 2.16469 0.599153 0.241915 1.70037
internal_count=342 30 312 175 165 157 143 137 43 62 54 81 44 31
is_linear=0
shrinkage=0.05


Tree=219
num_leaves=15
num_cat=0
split_feature=201 181 151 151 189 198 188 203 172 153 198 25 188 188
split_gain=0.201602 0.214629 0.207177 0.120722 0.079322 0.0965061 0.0824265 0.0620511 0.023333 0.0153281 0.00150041 4.00802e-05 9.34519e-06 5.61908e-06
threshold=1.0000000180025095e-35 1.0000000180025095e-35 1.0000000180025095e-35 1.0000000180025095e-35 1.0000000180025095e-35 1.0000000180025095e-35 2.5000000000000004 1.0000000180025095e-35 1.0000000180025095e-35 1.0000000180025095e-35 1.0000000180025095e-35 1.0000000180025095e-35 2.5000000000000004 2.5000000000000004
decision_type=2 2 2 2 2 2 2 2 2 2 2 2 2 2
left_child=1 2 4 8 7 6 -6 9 10 -1 -3 12 -7 -12
right_child=-2 3 -4 -5 5 11 -8 -9 -10 -11 13 -13 -14 -15
leaf_value=-0.033354378316243306 0.032157031713011951 0.060362782530537222 0.02221392991041695 -0.042553056439219417 0.025122079000009279 0.052049964535447059 -0.034370639901175969 -0.008936558245862699 0.015952091753699185 -0.022913818545291148 0.051084478481964152 0.053872601729940586 0.050035591440073815 0.05008551489116525
leaf_weight=0.42462825059192422 0.27508281666450773 0.096986960015783441 0.34352963795390667 0.044773225206881762 0.097377331927418598 0.025766961276531219 0.14478847813006723 0.83425029725185584 0.045478183150407858 2.0425682202912867 0.052195074968039989 0.04669962035768549 0.0074144750124105476 0.019275365901194164
leaf_count=36 17 2 8 5 3 1 23 23 14 30 4 5 53 104
internal_value=-0.00931839 -0.0120183 -0.014896 0.0321072 -0.0184142 0.00527201 -0.010448 -0.0207247 0.0477324 -0.0247107 0.056312 0.0529285 0.0515998 0.0508151
internal_weight=4.50081 4.22573 3.96702 0.258709 3.62349 0.322047 0.242166 3.30145 0.213936 2.4672 0.168457 0.0798811 0.0331814 0.0714704
internal_count=328 311 182 129 174 85 26 89 124 66 110 59 54 108
is_linear=0
shrinkage=0.05


Tree=220
num_leaves=15
num_cat=0
split_feature=68 149 198 183 109 135 203 155 155 188 180 153 60 155
split_gain=0.898751 0.233742 0.170612 0.122676 0.150255 0.103241 0.0825077 0.141145 0.051548 0.0496674 0.0482012 0.0357412 0.168249 0.0242522
threshold=1.0000000180025095e-35 1.0000000180025095e-35 1.0000000180025095e-35 1.0000000180025095e-35 1.0000000180025095e-35 1.0000000180025095e-35 1.0000000180025095e-35 1.0000000180025095e-35 1.0000000180025095e-35 1.5000000000000002 1.0000000180025095e-35 1.0000000180025095e-35 1.0000000180025095e-35 1.0000000180025095e-35
decision_type=2 2 2 2 2 2 2 2 2 2 2 2 2 2
left_child=1 2 -1 4 5 6 7 11 -8 -5 -11 12 -3 -4
right_child=-2 3 13 9 -6 -7 8 -9 -10 10 -12 -13 -14 -15
leaf_value=-0.050457008055344414 -0.072684511751926237 -0.013007182771115273 0.051153159358067024 -0.052042533627601799 -0.014996093499939646 -0.025624919174291955 0.051140350502535396 0.042875523288345138 -0.0039781213258732956 0.05064459439333957 -0.026532230137651019 0.0018940209159023524 0.047963780661879618 -0.0054570678944514533
leaf_weight=0.352563950538752 0.48793359614683129 0.22239905840251784 0.05074918934769812 0.13061165716499079 0.68037859253126942 0.17592134699225415 0.21454785997229908 0.29660912021063257 0.052872159034450306 0.027820806455565616 0.074162001666991273 1.4309884952454013 0.23033255327027291 0.030164225849148352
leaf_count=27 37 20 22 3 18 5 65 13 7 29 31 31 10 13
internal_value=-0.00864639 -0.000776012 -0.0354296 0.00347139 0.00594215 0.0113719 0.0140309 0.010816 0.0402428 -0.0316262 -0.00547847 0.00576793 0.0180125 0.0300491
internal_weight=4.45805 3.97012 0.433477 3.53664 3.30405 2.62367 2.44775 2.18033 0.26742 0.232594 0.101983 1.88372 0.452732 0.0809134
internal_count=331 294 62 232 169 151 146 74 72 63 60 61 30 35
is_linear=0
shrinkage=0.05


Tree=221
num_leaves=15
num_cat=0
split_feature=117 151 188 153 197 60 100 135 58 203 155 185 189 135
split_gain=0.11239 0.195995 0.112847 0.0744651 0.105067 0.0663705 0.0310376 0.0435869 0.0217556 0.0139018 0.00572404 0.000122155 4.9968e-07 4.62323e-07
threshold=1.0000000180025095e-35 1.0000000180025095e-35 2.5000000000000004 1.0000000180025095e-35 1.0000000180025095e-35 1.0000000180025095e-35 1.0000000180025095e-35 1.0000000180025095e-35 1.0000000180025095e-35 1.0000000180025095e-35 1.0000000180025095e-35 1.0000000180025095e-35 1.0000000180025095e-35 1.0000000180025095e-35
decision_type=2 2 2 2 2 2 2 2 2 2 2 2 2 2
left_child=1 2 3 4 9 -5 8 12 11 10 -1 13 -8 -4
right_child=-2 -3 6 5 -6 -7 7 -9 -10 -11 -12 -13 -14 -15
leaf_value=-0.036047239333042345 -0.043212187248068197 0.034752261387975728 0.050176586207905195 0.0021527204348201802 0.012160097825655051 -0.013838803097707519 0.050550368995920941 -0.050623335825512622 -0.033381666386210949 -0.02413954623033697 -0.050359083632528036 0.053545283389868983 0.050048562505382733 0.050563953620687746
leaf_weight=0.23529039788991379 0.19164119776542055 0.30089246530405933 0.056157333095143147 1.3761934726499021 0.1595741641940549 1.2276291102170944 0.011127651043352671 0.022872792556881905 0.008056995618971996 0.22107493074145168 0.099368831724859774 0.048467954244188149 0.0089516892548999749 0.0089270827302243561
leaf_count=18 16 11 151 23 8 17 6 1 7 12 14 19 30 3
internal_value=-0.00585599 -0.00396437 -0.00730839 -0.00931215 -0.0236009 -0.00538683 0.0331066 -0.00343105 0.0460116 -0.0338693 -0.0402968 0.0516449 0.0503267 0.0502297
internal_weight=3.97623 3.78458 3.48369 3.31913 0.715308 2.60382 0.164561 0.0429521 0.121609 0.555734 0.334659 0.113552 0.0200793 0.0650844
internal_count=336 320 309 92 52 40 217 37 180 44 32 173 36 154
is_linear=0
shrinkage=0.05


Tree=222
num_leaves=15
num_cat=0
split_feature=109 198 199 58 190 200 197 117 151 183 198 153 59 188
split_gain=0.771106 0.558765 0.566007 0.196844 0.126719 0.19108 0.109671 0.10093 0.0828059 0.0401547 0.0394462 0.0200678 0.0795481 0.00675001
threshold=1.0000000180025095e-35 1.5000000000000002 1.0000000180025095e-35 1.0000000180025095e-35 1.0000000180025095e-35 1.0000000180025095e-35 1.0000000180025095e-35 1.0000000180025095e-35 1.0000000180025095e-35 1.0000000180025095e-35 2.5000000000000004 1.0000000180025095e-35 1.0000000180025095e-35 1.5000000000000002
decision_type=2 2 2 2 2 2 2 2 2 2 2 2 2 2
left_child=1 3 -3 4 6 13 7 11 9 -4 -11 12 -1 -6
right_child=-2 2 8 -5 5 -7 -8 -9 -10 10 -12 -13 -14 -15
leaf_value=0.0037569098759912081 -0.06182694380305756 0.12808696130546257 0.050966787783943569 -0.052618742725143865 -0.051840131030688366 0.050866280456140736 -0.026933769509856931 -0.01891900706979972 -0.04625760135209047 0.050659154466865142 -0.036038322678862859 0.00755311640012359 0.038708483013555429 -0.037075642743738813
leaf_weight=0.38953632186167175 0.53528677053691343 0.16965587256709103 0.06805697900836094 0.19637339075416083 0.14916008978616435 0.063754210515071463 0.26763321586258815 0.32109684403985728 0.060449071592302062 0.02017103777234297 0.037532244194153463 1.1973404169548303 0.27967285132035613 0.16093437515974074
leaf_count=27 35 6 56 8 5 28 21 11 5 42 17 23 5 36
internal_value=-0.00606701 0.00276006 0.0620245 -0.00421074 -0.000850677 -0.0279693 0.00327849 0.00697461 0.00183484 0.0249514 -0.00573193 0.011429 0.0183637 -0.0441776
internal_weight=3.91665 3.38137 0.355865 3.0255 2.82913 0.373849 2.45528 2.18765 0.186209 0.12576 0.0577033 1.86655 0.669209 0.310094
internal_count=325 290 126 164 156 69 87 66 120 115 59 55 32 41
is_linear=0
shrinkage=0.05


Tree=223
num_leaves=15
num_cat=0
split_feature=185 25 197 153 60 109 59 151 173 188 191 183 153 188
split_gain=0.143569 0.0911575 0.0902288 0.125433 0.101922 0.0926018 0.0612162 0.0313799 0.0299687 0.0188797 0.0399307 0.0458911 0.0095142 0.0074089
threshold=1.0000000180025095e-35 1.0000000180025095e-35 1.0000000180025095e-35 1.0000000180025095e-35 1.0000000180025095e-35 1.0000000180025095e-35 1.0000000180025095e-35 1.0000000180025095e-35 1.0000000180025095e-35 1.5000000000000002 1.0000000180025095e-35 1.0000000180025095e-35 1.0000000180025095e-35 1.5000000000000002
decision_type=2 2 2 2 2 2 2 2 2 2 2 2 2 2
left_child=1 2 4 13 7 -6 -5 12 -2 -3 -11 -12 -1 -4
right_child=8 9 3 6 5 -7 -8 -9 -10 10 11 -13 -14 -15
leaf_value=-0.0071425527791841087 0.054831080888045003 -0.025158636268525825 -0.050634580249560301 0.054671958626301913 -0.029435864590062713 -0.00091984291148992025 -0.023734753687777884 0.014586781454603352 0.015231696794342848 0.050591299915848931 0.050948657340379649 -0.040868069577542139 0.0008816824198140563 -0.015189244406471625
leaf_weight=0.49647023249417643 0.11316189787794417 0.62079534307122219 0.038320361636578926 0.1801933866172476 0.64221640687901504 0.51140143349766731 0.028884819115774008 0.37734838947653759 0.082691798801533878 0.026683846967898717 0.017550018716065097 0.06060228430396819 1.4433687813580036 0.023960923301274306
leaf_count=29 21 3 2 62 27 3 8 7 3 42 27 30 27 32
internal_value=-0.0037886 -0.00562538 -0.00248041 0.0252863 -0.00465131 -0.0167946 0.0438398 0.00139429 0.0381117 -0.0218443 -0.00221849 -0.0202495 -0.00117199 -0.036998
internal_weight=4.66365 4.4678 3.74216 0.271359 3.47081 1.15362 0.209078 2.31719 0.195854 0.725631 0.104836 0.0781523 1.93984 0.0622813
internal_count=323 299 197 104 93 30 70 63 24 102 99 57 56 34
is_linear=0
shrinkage=0.05


Tree=224
num_leaves=15
num_cat=0
split_feature=109 153 198 117 59 201 159 188 197 185 151 204 188 204
split_gain=0.59621 0.21861 0.242042 0.218751 0.318932 0.294582 0.165176 0.105308 0.0862092 0.134356 0.0392124 0.0233758 0.0308445 0.0089996
threshold=1.0000000180025095e-35 1.0000000180025095e-35 1.0000000180025095e-35 1.0000000180025095e-35 1.0000000180025095e-35 1.0000000180025095e-35 1.0000000180025095e-35 1.5000000000000002 1.0000000180025095e-35 1.0000000180025095e-35 1.0000000180025095e-35 1.0000000180025095e-35 2.5000000000000004 1.0000000180025095e-35
decision_type=2 2 2 2 2 2 2 2 2 2 2 2 2 2
left_child=1 3 7 4 5 6 8 -3 13 11 -6 -10 -13 -1
right_child=-2 2 -4 -5 10 -7 -8 -9 9 -11 -12 12 -14 -15
leaf_value=-0.045682894097453582 -0.06095688907458529 -0.02674503203005596 0.052976640928425203 -0.042529806768022337 0.038508014233025092 0.067322807756471495 0.046989191047064401 0.0027922166013507315 -0.050520503733095738 0.056458950651078921 0.067789774222252325 -0.050393345238602165 0.050288679945465681 -0.029211296563551856
leaf_weight=0.23241444805171341 0.52060470676951798 1.2706862094346432 0.12290828075856564 0.16340910314465884 0.25133066591479292 0.13035296501766425 0.090688463707920164 0.39574126619118022 0.06783236190676678 0.070001110652810894 0.20974830678460421 0.014565483666956536 0.015922957240036339 0.12892807135358475
leaf_count=29 32 27 98 13 31 2 7 23 4 4 7 1 45 3
internal_value=-0.0113727 -0.00321546 -0.0147364 0.011775 0.019098 -0.00100493 -0.0153624 -0.0197306 -0.0260382 0.0035171 0.0518285 -0.0341757 0.00218906 -0.0398058
internal_weight=3.68513 3.16453 1.78934 1.37519 1.21178 0.750706 0.620353 1.66643 0.529664 0.168322 0.461079 0.0983208 0.0304884 0.361343
internal_count=326 294 148 146 133 95 93 50 86 54 38 50 46 32
is_linear=0
shrinkage=0.05


Tree=225
num_leaves=15
num_cat=0
split_feature=181 155 59 198 59 68 183 155 203 188 153 199 188 188
split_gain=0.151728 0.21145 0.13238 0.131307 0.0707559 0.0690177 0.0423803 0.0254813 0.0106384 0.0116596 0.00199092 0.00192959 0.000764628 9.18031e-05
threshold=1.0000000180025095e-35 1.0000000180025095e-35 1.0000000180025095e-35 2.5000000000000004 1.0000000180025095e-35 1.0000000180025095e-35 1.0000000180025095e-35 1.0000000180025095e-35 1.0000000180025095e-35 1.5000000000000002 1.0000000180025095e-35 1.0000000180025095e-35 1.5000000000000002 2.5000000000000004
decision_type=2 2 2 2 2 2 2 2 2 2 2 2 2 2
left_child=1 2 5 12 -3 8 7 -5 9 -1 -4 -10 -2 -14
right_child=3 4 10 6 -6 -7 -8 -9 11 -11 -12 -13 13 -15
leaf_value=-0.0068653600468562646 0.060130704102170099 -0.010086210501041581 -0.042091213837866119 0.050986873085631504 0.022348451584682238 -0.026098322573138641 -0.040428906734923886 -0.020211279028098383 -0.0044143049179081384 -0.016287322048163005 -0.050189486223819801 0.0014985007512117821 0.054331774925130687 0.050227539503944346
leaf_weight=0.88946053967811323 0.095412321388721355 0.23609541266341683 0.13560328045241465 0.029725541053267079 0.58422500905726338 0.67322365751169844 0.062243442989711184 0.021770497813122347 0.57887623761780549 0.5205017524149298 0.17236076734297967 0.18116256623397931 0.049970675259828568 0.018732428237854037
leaf_count=35 1 26 19 22 11 15 18 3 14 15 16 49 1 81
internal_value=-0.00709962 -0.00959865 -0.0154851 0.0286202 0.0130135 -0.0121123 -0.0126678 0.0208871 -0.00777323 -0.0103436 -0.0466236 -0.00300493 0.0572347 0.0532127
internal_weight=4.24936 3.97151 3.15119 0.277855 0.82032 2.84322 0.113739 0.051496 2.17 1.40996 0.307964 0.760039 0.164115 0.0687031
internal_count=326 200 163 126 37 128 43 25 113 50 35 63 83 82
is_linear=0
shrinkage=0.05


Tree=226
num_leaves=15
num_cat=0
split_feature=68 64 67 194 59 190 60 153 60 88 153 116 151 188
split_gain=0.795429 0.105328 0.0879833 0.0805931 0.0568122 0.0673611 0.0420895 0.0255482 0.0226735 0.0349307 0.0218661 0.00457316 0.00250237 6.30575e-06
threshold=1.0000000180025095e-35 1.0000000180025095e-35 1.0000000180025095e-35 1.0000000180025095e-35 1.0000000180025095e-35 1.0000000180025095e-35 1.0000000180025095e-35 1.0000000180025095e-35 1.0000000180025095e-35 1.0000000180025095e-35 1.0000000180025095e-35 1.0000000180025095e-35 1.0000000180025095e-35 1.5000000000000002
decision_type=2 2 2 2 2 2 2 2 2 2 2 2 2 2
left_child=1 2 3 4 5 6 -1 12 13 11 -8 -10 -6 -5
right_child=-2 -3 -4 8 7 -7 10 -9 9 -11 -12 -13 -14 -15
leaf_value=-0.020715068573604636 -0.073896085911046946 -0.050928881195249444 -0.044846724487366159 0.051627726843191425 0.0057193119592375075 0.010356387089901622 0.0023738304847929765 -0.0080485820352041628 -0.042713642825453896 0.050604948672496188 -0.011521529387955148 -0.0058881662155836362 0.011588096605846929 0.050712088895024279
leaf_weight=1.0277521796524538 0.50966053096271924 0.1364992861781501 0.14260262058814976 0.038137880153953918 0.34469952965991957 0.35115415463405941 0.40930189099162817 0.32485185813857242 0.016723969951272011 0.029119898953467782 0.91838156152516603 0.017000779946101829 0.38394660266931169 0.037089036854013102
leaf_count=29 37 8 10 2 13 29 20 11 2 65 11 22 9 62
internal_value=-0.0149259 -0.00773109 -0.00627184 -0.00486069 -0.00623835 -0.0100728 -0.0131184 0.00361278 0.032657 0.0104888 -0.00723783 -0.0241498 0.00881176 0.0511763
internal_weight=4.68692 4.17726 4.04076 3.89816 3.76009 2.70659 2.35544 1.0535 0.138072 0.0628446 1.32768 0.0337247 0.728646 0.0752269
internal_count=330 293 285 275 122 89 60 33 153 89 31 24 22 64
is_linear=0
shrinkage=0.05


Tree=227
num_leaves=15
num_cat=0
split_feature=25 199 201 64 203 60 59 153 197 100 173 199 190 172
split_gain=1.05263 0.146827 0.141504 0.113837 0.163632 0.156329 0.220577 0.0923972 0.061223 0.0168407 0.0164779 0.0539763 0.0109191 0.00823945
threshold=1.0000000180025095e-35 1.0000000180025095e-35 1.0000000180025095e-35 1.0000000180025095e-35 1.0000000180025095e-35 1.0000000180025095e-35 1.0000000180025095e-35 1.0000000180025095e-35 1.0000000180025095e-35 1.0000000180025095e-35 1.0000000180025095e-35 1.5000000000000002 1.0000000180025095e-35 1.0000000180025095e-35
decision_type=2 2 2 2 2 2 2 2 2 2 2 2 2 2
left_child=2 -2 3 4 5 6 -1 -6 -3 -9 11 -10 -7 -13
right_child=1 8 -4 -5 7 12 -8 9 10 -11 -12 13 -14 -15
leaf_value=0.039027157327375724 -0.077174276711929363 0.050713001831349691 0.04722748220303738 -0.0364577335649156 -0.043931225401364488 -0.017448329381830247 -0.0019911459130273388 0.0021282542269087687 0.050575006082231005 -0.016417833647158857 -0.052087384612968073 -0.014174240643782816 -0.0019837833762753635 -0.04877431895241701
leaf_weight=0.90314149641199193 0.44943433138541866 0.022448392119258642 0.21718476482055837 0.15394976374227543 0.16700105326799519 0.22174364456441242 0.51444598042871803 0.50678071705988259 0.020177377280106157 0.16138358137868636 0.091030113464512397 0.023149082203417493 0.23523024384485325 0.067022105825344624
leaf_count=30 5 3 12 7 42 22 22 42 58 13 4 41 10 8
internal_value=-0.0040597 -0.0606963 0.00831711 0.0053661 0.00774227 0.0159435 0.0241415 -0.0106656 -0.0276093 -0.00235123 -0.0363401 -0.0233497 -0.00948786 -0.0398917
internal_weight=3.75412 0.673261 3.08086 2.86368 2.70973 1.87456 1.41759 0.835165 0.223827 0.668164 0.201379 0.110349 0.456974 0.0901712
internal_count=319 119 200 188 181 84 52 97 114 55 111 107 32 49
is_linear=0
shrinkage=0.05


Tree=228
num_leaves=15
num_cat=0
split_feature=60 149 159 190 36 199 68 155 58 153 204 181 151 197
split_gain=0.282395 0.279908 0.226566 0.167369 0.28173 0.133489 0.115729 0.0575567 0.101232 0.129725 0.0886599 0.0550946 0.0809401 0.0179439
threshold=1.0000000180025095e-35 1.0000000180025095e-35 1.0000000180025095e-35 1.0000000180025095e-35 1.0000000180025095e-35 1.0000000180025095e-35 1.0000000180025095e-35 1.0000000180025095e-35 1.0000000180025095e-35 1.0000000180025095e-35 1.0000000180025095e-35 1.0000000180025095e-35 1.0000000180025095e-35 1.0000000180025095e-35
decision_type=2 2 2 2 2 2 2 2 2 2 2 2 2 2
left_child=1 11 3 5 -5 -2 7 8 9 10 -3 -1 -13 -6
right_child=2 6 -4 4 13 -7 -8 -9 -10 -11 -12 12 -14 -15
leaf_value=-0.050600060047608281 -0.059541497905676727 -0.050950923735643042 0.046627930507494156 0.058458280453177913 -0.053119057422587372 -0.02237000329353786 -0.017002112008138715 0.025833567526135671 -0.024906233834139133 0.015057454991386197 0.024605819556269906 0.050803821656652759 -0.045942910255517284 -0.0072507945745702868
leaf_weight=0.3417672182695245 0.64610402725520522 0.13572820951230824 0.087448211153969058 0.11357883490927623 0.12761930748820305 0.38571667279393296 0.61625467475823814 0.36113031927379768 0.25913062533800246 1.2238493269169339 0.054382202290071846 0.036471586328843841 0.053085660289070802 0.025599335112929111
leaf_count=24 26 8 7 31 2 23 26 16 9 40 30 23 6 64
internal_value=-0.0125288 -0.0040986 -0.0312726 -0.0365184 -0.00121819 -0.045646 0.00198017 0.00773073 0.0038233 0.00908845 -0.0293375 -0.0414524 -0.00654345 -0.0454555
internal_weight=4.46787 3.0818 1.38607 1.29862 0.266797 1.03182 2.65048 2.03422 1.67309 1.41396 0.19011 0.431324 0.0895572 0.153219
internal_count=335 182 153 146 97 49 129 103 87 78 38 53 29 66
is_linear=0
shrinkage=0.05


Tree=229
num_leaves=15
num_cat=0
split_feature=201 109 155 59 191 153 59 68 60 188 198 183 155 153
split_gain=0.278259 0.16828 0.266589 0.195478 0.117961 0.115504 0.0663925 0.0615276 0.0752182 0.0824564 0.0187263 0.0249144 0.00200405 0.000719903
threshold=1.0000000180025095e-35 1.0000000180025095e-35 1.0000000180025095e-35 1.0000000180025095e-35 1.0000000180025095e-35 1.0000000180025095e-35 1.0000000180025095e-35 1.0000000180025095e-35 1.0000000180025095e-35 1.5000000000000002 2.5000000000000004 1.0000000180025095e-35 1.0000000180025095e-35 1.0000000180025095e-35
decision_type=2 2 2 2 2 2 2 2 2 2 2 2 2 2
left_child=1 2 4 5 6 -4 7 8 -1 -10 -6 -12 -3 -11
right_child=-2 12 3 -5 10 -7 -8 -9 9 13 11 -13 -14 -15
leaf_value=0.0072844259213826514 0.062092860184923118 -0.039448533044185656 -0.038274942837506126 0.05123346953043062 0.052960855460042457 0.034285429237281298 -0.030190541506808201 -0.017830333949089849 -0.050363740168185893 -0.0064721538891710107 0.050746647554287462 -0.042302766550620347 -0.050568839595444892 -0.0020775418591395755
leaf_weight=1.2577611717151764 0.18917451857851109 0.060652577776636352 0.12566392047119723 0.42353871637624252 0.098615071950916788 0.09732023773540277 0.26900317713807442 0.59879759580689995 0.12714263377711166 0.15943767569660849 0.015367937439805246 0.013525167665648041 0.12202666155644692 0.224284149394407
leaf_count=44 14 25 29 13 75 5 27 8 12 13 18 8 8 18
internal_value=0.00298823 -0.000123565 0.00238074 0.0312847 -0.00438029 -0.00660636 -0.00665192 -0.00397729 0.000712884 -0.0154664 0.0425891 0.00718923 -0.0468767 -0.00390352
internal_weight=3.78231 3.59314 3.41046 0.646523 2.76393 0.222984 2.63643 2.36742 1.76863 0.510864 0.127508 0.0288931 0.182679 0.383722
internal_count=317 303 270 47 223 34 122 95 87 43 101 26 33 31
is_linear=0
shrinkage=0.05


Tree=230
num_leaves=15
num_cat=0
split_feature=109 60 67 151 64 190 36 188 60 201 188 68 60 203
split_gain=0.97427 0.865614 0.0688549 0.0659125 0.0567103 0.0709395 0.274975 0.113938 0.0259896 0.0752055 0.109252 0.0498825 0.000128092 6.27867e-05
threshold=1.0000000180025095e-35 1.0000000180025095e-35 1.0000000180025095e-35 1.0000000180025095e-35 1.0000000180025095e-35 1.0000000180025095e-35 1.0000000180025095e-35 2.5000000000000004 1.0000000180025095e-35 1.0000000180025095e-35 1.5000000000000002 1.0000000180025095e-35 1.0000000180025095e-35 1.0000000180025095e-35
decision_type=2 2 2 2 2 2 2 2 2 2 2 2 2 2
left_child=2 -2 3 4 5 8 12 -8 11 10 13 -1 -7 -10
right_child=1 -3 -4 -5 -6 6 7 -9 9 -11 -12 -13 -14 -15
leaf_value=2.1023909295803379e-05 -0.036763315247429935 0.17288105748883878 -0.042355983859415983 0.015307933081165723 -0.036506954284593877 0.055386004545652817 -0.05078427716112506 0.050095042385249491 -0.050267053517400531 0.0013747159057374756 -0.0020235520514584383 -0.017367054093756506 0.058023776042355306 -0.05184652101352414
leaf_weight=1.3579813960241178 0.074363945772347395 0.14572448142916983 0.12706672955391685 0.36288068048452249 0.15663342513653322 0.079688738633194478 0.13812274904921651 0.035103801994409878 0.14598428574390698 0.35662081092596054 0.20551344109480851 0.59239176101982582 0.10894634646592749 0.11057999450713396
leaf_count=41 17 20 9 14 10 12 3 128 20 4 20 3 22 3
internal_value=-0.000216011 0.102046 -0.00617408 -0.00491464 -0.0071468 -0.00567798 0.0151416 -0.0303414 -0.00839868 -0.0158752 -0.0291883 -0.0052603 0.0569095 -0.0509478
internal_weight=3.9976 0.220088 3.77751 3.65045 3.28757 3.13093 0.361862 0.173227 2.76907 0.818699 0.462078 1.95037 0.188635 0.256564
internal_count=326 37 289 280 266 256 165 131 91 47 43 44 34 23
is_linear=0
shrinkage=0.05


Tree=231
num_leaves=15
num_cat=0
split_feature=109 153 149 153 135 173 203 201 185 157 59 188 188 151
split_gain=0.993074 0.643852 0.161225 0.224907 0.183262 0.117254 0.277901 0.100933 0.0656974 0.0891065 0.0810404 0.20502 0.0525992 0.0782709
threshold=1.0000000180025095e-35 1.0000000180025095e-35 1.0000000180025095e-35 1.0000000180025095e-35 1.0000000180025095e-35 1.0000000180025095e-35 1.0000000180025095e-35 1.0000000180025095e-35 1.0000000180025095e-35 1.0000000180025095e-35 1.0000000180025095e-35 1.5000000000000002 1.5000000000000002 1.0000000180025095e-35
decision_type=2 2 2 2 2 2 2 2 2 2 2 2 2 2
left_child=2 -2 12 4 7 6 -5 8 9 10 11 -4 -1 -14
right_child=1 -3 3 5 -6 -7 -8 -9 -10 -11 -12 -13 13 -15
leaf_value=-0.050713489072271356 -0.043801595332489063 0.15165811728807474 -0.050342325687217561 -0.01628031712945938 -0.051566817017254574 -0.048458652149273584 0.04887258162662951 0.065472697407781041 0.054967327350985043 -0.029189283199593331 0.041955409771962104 0.052146348785409448 0.050705581785501691 -0.04571709349077497
leaf_weight=0.29915930225979614 0.057268349637524696 0.1594056659432681 0.10533908475190434 1.9354488930785017 0.089730026258621365 0.22870418394450087 0.17878610487787217 0.12291444838047028 0.091266346416887245 0.11823109642591589 0.20744901121952353 0.09090670098157716 0.035412837194598978 0.051880008253647247
leaf_count=21 14 24 14 39 2 12 90 1 15 18 18 25 31 8
internal_value=-0.00392599 0.0999968 -0.0102596 -0.0065412 0.0158955 -0.0144497 -0.0107708 0.024119 0.0158297 0.00898588 0.0201663 -0.00286662 -0.0407491 -0.00660048
internal_weight=3.7719 0.216674 3.55523 3.16878 0.825837 2.34294 2.11423 0.736107 0.613192 0.521926 0.403695 0.196246 0.386452 0.0872928
internal_count=332 38 294 234 93 141 129 91 90 75 57 39 60 39
is_linear=0
shrinkage=0.05


Tree=232
num_leaves=15
num_cat=0
split_feature=153 117 135 172 151 200 204 59 181 197 190 197 200 201
split_gain=0.201235 0.217565 0.141513 0.134155 0.146756 0.175567 0.127097 0.206857 0.0975057 0.220388 0.0446528 0.175544 0.0343801 0.0164454
threshold=1.0000000180025095e-35 1.0000000180025095e-35 1.0000000180025095e-35 1.0000000180025095e-35 1.0000000180025095e-35 1.0000000180025095e-35 1.0000000180025095e-35 1.0000000180025095e-35 1.0000000180025095e-35 1.5000000000000002 1.0000000180025095e-35 1.0000000180025095e-35 1.5000000000000002 1.0000000180025095e-35
decision_type=2 2 2 2 2 2 2 2 2 2 2 2 2 2
left_child=1 2 3 4 5 6 7 -1 10 -10 -2 -12 -11 -7
right_child=8 -3 -4 -5 -6 13 -8 -9 9 12 11 -13 -14 -15
leaf_value=-0.045836308069142129 -0.015716832594892136 -0.044133200389565433 -0.044407245059664563 -0.035270642228350343 0.062239240933310763 0.038469926931874281 0.052165111016739055 0.02068072109329851 0.057429196209616687 0.007972059206787967 -0.052301832132673379 0.050374381764816706 -0.052155935264747093 0.064369414585858792
leaf_weight=0.21899699419736829 2.4581967649319276 0.17675952235731518 0.091993644135072716 0.099763765606439736 0.2145937922396115 0.12564346415820182 0.098379569195913175 0.25066353194415569 0.13729397444967606 0.032842593141140242 0.26004694681614626 0.049561785415789927 0.086093110949150287 0.11966970770299667
leaf_count=30 49 13 3 13 8 54 26 6 8 49 5 66 3 3
internal_value=-0.00798946 0.00770926 0.0152223 0.0200866 0.0254591 0.0157551 0.000489173 -0.0103354 -0.0152389 0.0142694 -0.0179707 -0.0358655 -0.0355523 0.0511043
internal_weight=4.4205 1.39646 1.2197 1.12771 1.02795 0.813353 0.56804 0.469661 3.02404 0.25623 2.76781 0.309609 0.118936 0.245313
internal_count=336 156 143 140 127 119 62 36 180 60 120 71 52 57
is_linear=0
shrinkage=0.05


Tree=233
num_leaves=15
num_cat=0
split_feature=109 68 188 116 187 116 172 203 197 36 183 153 149 200
split_gain=1.26117 0.878586 0.213173 0.187735 0.0935799 0.158414 0.0885549 0.0665126 0.131278 0.0368987 0.0248951 0.0239358 0.0613201 0.0744887
threshold=1.0000000180025095e-35 1.0000000180025095e-35 1.5000000000000002 1.0000000180025095e-35 1.0000000180025095e-35 1.0000000180025095e-35 1.0000000180025095e-35 1.0000000180025095e-35 1.5000000000000002 1.0000000180025095e-35 1.0000000180025095e-35 1.0000000180025095e-35 1.0000000180025095e-35 1.0000000180025095e-35
decision_type=2 2 2 2 2 2 2 2 2 2 2 2 2 2
left_child=1 2 3 -1 5 -4 7 -7 -9 -6 -11 12 -5 -14
right_child=-2 -3 4 11 9 6 -8 8 -10 10 -12 -13 13 -15
leaf_value=-0.017421247879276406 -0.063029381319828062 0.12450386335415278 0.052183972740125741 0.055216283832058059 0.052943389745147409 -0.045646670936999111 0.014003813025600095 0.052967147899454628 -0.043770790830922071 0.050784117870546708 -0.029285009906627659 0.021090152992157066 0.0088101676622594684 0.046201344762188526
leaf_weight=0.28430951118934888 0.56708166594671627 0.18279563035866875 0.073994553597004686 0.22113728802651145 0.073272245246698731 0.36348531193834677 0.11733300969535776 0.057733809565434058 0.089339001013740926 0.014075870523811318 0.031283689697374939 0.93912913440726697 0.32673659035936131 0.22486345143988729
leaf_count=14 35 35 5 9 33 28 13 16 46 25 15 24 21 5
internal_value=0.00535118 0.0182792 0.0113855 0.0202043 -0.0100692 -0.0170112 -0.0251656 -0.0341672 -0.00579606 0.0310032 -0.00443815 0.0264532 0.0329711 0.0240529
internal_weight=3.56657 2.99949 2.81669 1.99618 0.820517 0.701886 0.627891 0.510558 0.147073 0.118632 0.0453596 1.71187 0.772737 0.5516
internal_count=324 289 254 73 181 108 103 90 62 73 40 59 35 26
is_linear=0
shrinkage=0.05


Tree=234
num_leaves=15
num_cat=0
split_feature=68 20 153 109 117 183 173 149 203 60 109 185 60 181
split_gain=0.774549 0.533642 0.205569 0.183926 0.156796 0.127183 0.108815 0.0555926 0.0311767 0.053416 0.0643513 0.0304375 0.0288232 0.0122171
threshold=1.0000000180025095e-35 1.0000000180025095e-35 1.0000000180025095e-35 1.0000000180025095e-35 1.0000000180025095e-35 1.0000000180025095e-35 1.0000000180025095e-35 1.0000000180025095e-35 1.0000000180025095e-35 1.0000000180025095e-35 1.0000000180025095e-35 1.0000000180025095e-35 1.0000000180025095e-35 1.0000000180025095e-35
decision_type=2 2 2 2 2 2 2 2 2 2 2 2 2 2
left_child=2 -2 3 4 5 7 8 -1 -4 -10 -11 12 -9 -7
right_child=1 -3 6 -5 -6 13 -8 11 9 10 -12 -13 -14 -15
leaf_value=0.048652456731628921 -0.032333147764836548 0.13880057038332086 -0.016391745658551515 -0.049370823830229588 -0.040211052809730391 -0.048300241616873636 -0.052243910136911403 0.016855411188058722 0.024335085040785891 -0.046892010222356978 -0.0029634135887463462 0.0016947607935640788 0.040942444064472505 -0.013964522180038583
leaf_weight=0.24629169983381849 0.063833005318883695 0.15907105869700899 1.3826958538993501 0.11787589535379073 0.11088661551184475 0.048564396041911095 0.18163515323249146 0.30107244836699554 0.13823628155660106 0.099429770009464846 0.51610875331152783 0.15807421756107942 0.2114084334243671 0.055529711991766817
leaf_count=21 12 22 42 14 11 6 5 21 28 54 13 12 17 36
internal_value=-0.000629316 0.089793 -0.00627858 0.0100674 0.0162577 0.0223909 -0.0150908 0.0283372 -0.0119322 -0.00375167 -0.0100593 0.0208755 0.0267918 -0.0299836
internal_weight=3.79071 0.222904 3.56781 1.2497 1.13183 1.02094 2.31811 0.916847 2.13647 0.753775 0.615539 0.670555 0.512481 0.104094
internal_count=314 34 280 138 124 113 142 71 137 95 67 50 38 42
is_linear=0
shrinkage=0.05


Tree=235
num_leaves=15
num_cat=0
split_feature=109 60 149 68 173 197 135 183 200 188 60 188 153 59
split_gain=0.539561 1.2003 0.148102 0.167042 0.0982948 0.0684195 0.063215 0.0412813 0.196643 0.165654 0.05928 0.213717 0.0470518 0.0166419
threshold=1.0000000180025095e-35 1.0000000180025095e-35 1.0000000180025095e-35 1.0000000180025095e-35 1.0000000180025095e-35 1.0000000180025095e-35 1.0000000180025095e-35 1.0000000180025095e-35 1.0000000180025095e-35 1.5000000000000002 1.0000000180025095e-35 1.5000000000000002 1.0000000180025095e-35 1.0000000180025095e-35
decision_type=2 2 2 2 2 2 2 2 2 2 2 2 2 2
left_child=2 -2 5 4 6 -1 7 8 10 -9 13 -12 -13 -4
right_child=1 -3 3 -5 -6 -7 -8 9 -10 -11 11 12 -14 -15
leaf_value=-0.050365391185441859 -0.043895085929602812 0.162963252088107 0.01199692362361306 -0.02611965366007651 -0.03058643617780334 0.010297445073527398 -0.024602402461007446 -0.051933754514906005 0.059660393450861604 0.03995794312613915 -0.05103335346797841 0.051897969134285953 0.004920006008997232 -0.00034730628961466225
leaf_weight=0.26006401254562694 0.13321878032002121 0.14807352150728548 1.1436216833408273 0.67276111394130556 0.21750616549979884 0.056596254114992917 0.174511243472807 0.12176934164017428 0.1734982077632593 0.082119183355644054 0.1977185399737208 0.070984646255965345 0.21394263877664343 0.35866098622727793
leaf_count=22 18 18 31 42 5 37 9 4 18 40 19 7 46 22
internal_value=-0.00178903 0.0649961 -0.00680702 -0.00378408 0.00167151 -0.0395232 0.00443729 0.00658254 0.00861399 -0.014923 0.00415214 -0.0110924 0.0166237 0.00904981
internal_weight=4.02505 0.281292 3.74375 3.42709 2.75433 0.31666 2.53683 2.36232 2.15843 0.203889 1.98493 0.482646 0.284927 1.50228
internal_count=338 36 302 243 201 59 196 187 143 44 125 72 53 53
is_linear=0
shrinkage=0.05


Tree=236
num_leaves=15
num_cat=0
split_feature=151 68 60 153 199 59 188 185 190 198 199 109 197 197
split_gain=0.131444 0.12154 0.093832 0.176819 0.218449 0.0587984 0.0470167 0.097008 0.0486593 0.0106042 0.00846823 0.00719283 0.000697406 0.00549579
threshold=1.0000000180025095e-35 1.0000000180025095e-35 1.0000000180025095e-35 1.0000000180025095e-35 1.0000000180025095e-35 1.0000000180025095e-35 1.5000000000000002 1.0000000180025095e-35 1.0000000180025095e-35 2.5000000000000004 1.0000000180025095e-35 1.0000000180025095e-35 1.0000000180025095e-35 2.5000000000000004
decision_type=2 2 2 2 2 2 2 2 2 2 2 2 2 2
left_child=1 2 3 4 -1 -5 11 8 10 -6 -8 -4 -10 -14
right_child=-2 -3 6 5 9 -7 7 -9 12 -11 -12 -13 13 -15
leaf_value=-0.048750933341690991 -0.049304259616176793 -0.024631223871837252 -0.021875352267555305 0.021096885305084474 0.051177858728200402 -0.0036511718185882596 0.028064864739819298 -0.027095430900928572 0.001426712269840586 0.015587425641238535 0.052956004451368083 -0.013181152871649194 -0.00092680813921553341 0.050026982461493112
leaf_weight=0.25567817739647614 0.17717517309938546 0.67138620787954995 0.40024034434463829 1.0168656119658406 0.065074744324647327 0.31415582842146261 0.070626621571136639 0.19565412584051955 0.1998604740947485 0.030851332211568661 0.066196206307722605 0.58648195583373308 0.026456376743226429 0.006615174869693873
leaf_count=33 12 37 24 29 40 25 4 10 3 11 17 4 30 41
internal_value=-0.00718245 -0.00527189 -0.00125378 0.00692512 -0.0246108 0.0152557 -0.0101203 0.00137571 0.0164411 0.0397314 0.0401074 -0.0167077 0.00253963 0.00926528
internal_weight=4.08332 3.90614 3.23476 1.68263 0.351604 1.33102 1.55213 0.565409 0.369755 0.0959261 0.136823 0.986722 0.232932 0.0330716
internal_count=320 308 271 138 84 54 133 105 95 51 21 28 74 71
is_linear=0
shrinkage=0.05


Tree=237
num_leaves=15
num_cat=0
split_feature=68 109 67 173 58 59 155 13 197 188 60 100 181 155
split_gain=0.152442 0.148206 0.126895 0.1373 0.142343 0.129263 0.262863 0.14488 0.17977 0.129312 0.119434 0.0812991 0.0634369 0.184616
threshold=1.0000000180025095e-35 1.0000000180025095e-35 1.0000000180025095e-35 1.0000000180025095e-35 1.0000000180025095e-35 1.0000000180025095e-35 1.0000000180025095e-35 1.0000000180025095e-35 1.0000000180025095e-35 1.5000000000000002 1.0000000180025095e-35 1.0000000180025095e-35 1.0000000180025095e-35 1.0000000180025095e-35
decision_type=2 2 2 2 2 2 2 2 2 2 2 2 2 2
left_child=1 2 3 4 5 6 7 8 10 -10 -1 -9 13 -7
right_child=-2 -3 -4 -5 -6 12 -8 11 9 -11 -12 -13 -14 -15
leaf_value=0.060972241014560037 -0.02376223386766628 -0.018087237033778934 -0.043085276428002472 -0.028890975465707583 -0.022321867171385425 -0.033266892112995598 -0.036628953117366199 0.036063823847672559 -0.052471467988884829 0.035659040026754886 0.025151098791518237 -0.052055690456465048 0.031368404012413968 0.020444530746343229
leaf_weight=0.6037415848695693 0.66520023299744924 0.7063073928165976 0.11837222455505969 0.21082270065380715 0.25333022498307389 0.31208630281798821 0.14848800361141901 0.04098572305520054 0.084412418305873871 0.082108498257184692 0.37863041809760034 0.072431771963238134 0.14049135107779875 0.32825891672837315
leaf_count=14 45 40 9 4 16 29 27 28 1 69 17 2 26 8
internal_value=-0.00183079 0.00236083 0.00756695 0.0098246 0.0131629 0.0172646 0.0262984 0.0337007 0.0390229 -0.00901588 0.0471659 -0.0202119 0.000942512 -0.00573291
internal_weight=4.14567 3.48047 2.77416 2.65579 2.44497 2.19163 1.4108 1.26231 1.14889 0.166521 0.982372 0.113417 0.780837 0.640345
internal_count=335 290 250 241 237 221 158 131 101 70 31 30 63 37
is_linear=0
shrinkage=0.05


Tree=238
num_leaves=15
num_cat=0
split_feature=59 68 60 116 151 149 190 155 155 188 201 197 109 188
split_gain=0.208326 0.1042 0.144608 0.0818744 0.118873 0.086897 0.07109 0.174448 0.0525506 0.120609 0.035152 0.0964045 0.0574841 0.0457501
threshold=1.0000000180025095e-35 1.0000000180025095e-35 1.0000000180025095e-35 1.0000000180025095e-35 1.0000000180025095e-35 1.0000000180025095e-35 1.0000000180025095e-35 1.0000000180025095e-35 1.0000000180025095e-35 2.5000000000000004 1.0000000180025095e-35 1.0000000180025095e-35 1.0000000180025095e-35 1.5000000000000002
decision_type=2 2 2 2 2 2 2 2 2 2 2 2 2 2
left_child=1 2 6 -2 5 -5 -1 -8 9 -7 11 12 -4 -13
right_child=3 -3 10 4 -6 8 7 -9 -10 -11 -12 13 -14 -15
leaf_value=0.016173140334751562 -0.0041058789460643062 -0.022646862112370759 -0.037459978295228569 -0.033557668397659828 0.064060417615343854 -0.050954778038629217 -0.036928660605079329 0.05515458414868353 0.045122469350603767 0.045996807929063521 0.0022607219058682643 -0.050173517665930104 -0.011781838241918571 0.052454494979420986
leaf_weight=1.1301460356917234 0.19775259867310524 0.66158304300370208 0.34958679939154513 0.070144381417776458 0.20288429912034189 0.056933108251541742 0.19479113503257406 0.069886618352029473 0.18482820388680921 0.073478987881571811 0.31319252493267424 0.012963388115167618 0.57882003393024206 0.066903220486437931
leaf_count=38 7 36 29 10 7 3 43 5 10 38 7 2 4 91
internal_value=0.000542294 -0.00485266 -0.000518678 0.0237267 0.0330829 0.0167749 0.0107105 -0.0126146 0.0279745 0.00367132 -0.0123712 -0.0169162 -0.0214508 0.0357966
internal_weight=4.16389 3.37787 2.71629 0.786022 0.588269 0.385385 1.39482 0.264678 0.31524 0.130412 1.32147 1.00827 0.928407 0.0798666
internal_count=330 255 219 75 68 61 86 48 51 41 133 126 33 93
is_linear=0
shrinkage=0.05


Tree=239
num_leaves=15
num_cat=0
split_feature=151 135 188 204 180 60 68 188 59 189 197 159 198 188
split_gain=0.147273 0.0975532 0.16059 0.157497 0.0891998 0.0819451 0.088041 0.0647666 0.0189892 0.000921532 0.000456541 2.27868e-05 2.11261e-07 1.37697e-07
threshold=1.0000000180025095e-35 1.0000000180025095e-35 1.5000000000000002 1.0000000180025095e-35 1.0000000180025095e-35 1.0000000180025095e-35 1.0000000180025095e-35 2.5000000000000004 1.0000000180025095e-35 1.0000000180025095e-35 1.0000000180025095e-35 1.0000000180025095e-35 1.0000000180025095e-35 3.5000000000000004
decision_type=2 2 2 2 2 2 2 2 2 2 2 2 2 2
left_child=1 2 5 -4 9 6 8 -6 -1 10 -5 13 -9 -11
right_child=-2 -3 3 4 7 -7 -8 12 -10 11 -12 -13 -14 -15
leaf_value=0.0027875771849275588 -0.049457701589509635 -0.047116140695384334 -0.010248979973265303 0.06024710842195094 -0.028477002865980275 -0.024224883787507884 -0.022320207611837076 0.050294821665906903 -0.0096269150943126304 0.050406754329665238 0.0548609598194848 0.052072099504438918 0.050071047381058546 0.050173562210538251
leaf_weight=1.28665413928684 0.22469959012960306 0.15207714776624914 0.30239202908705975 0.09613604843616419 0.068187342491000891 0.85029977234080423 0.61160180717706669 0.019475078743198537 0.40497836680151511 0.010836898945854045 0.066596496477359324 0.053758772439323366 0.023007737431726127 0.015223448623146396
leaf_count=41 15 8 9 1 6 27 3 16 15 4 34 3 125 40
internal_value=-0.0100801 -0.00784642 -0.0062786 0.0162373 0.0389121 -0.0109596 -0.0060624 0.00171452 -0.000184464 0.0558844 0.0580429 0.0514839 0.0501736 0.0502705
internal_weight=4.18592 3.96123 3.80915 0.655614 0.353222 3.15353 2.30323 0.11067 1.69163 0.242552 0.162733 0.0798191 0.0424828 0.0260603
internal_count=347 332 324 238 229 86 59 147 56 82 35 47 141 44
is_linear=0
shrinkage=0.05


Tree=240
num_leaves=15
num_cat=0
split_feature=109 153 149 68 60 58 187 204 199 88 191 36 153 59
split_gain=0.401936 0.932549 0.156297 0.207458 0.259896 0.123089 0.107919 0.0722531 0.0684083 0.0396635 0.126514 0.0385966 0.0263781 0.0459512
threshold=1.0000000180025095e-35 1.0000000180025095e-35 1.0000000180025095e-35 1.0000000180025095e-35 1.0000000180025095e-35 1.0000000180025095e-35 1.0000000180025095e-35 1.0000000180025095e-35 1.0000000180025095e-35 1.0000000180025095e-35 1.0000000180025095e-35 1.0000000180025095e-35 1.0000000180025095e-35 1.0000000180025095e-35
decision_type=2 2 2 2 2 2 2 2 2 2 2 2 2 2
left_child=2 -2 8 4 5 7 9 -4 -1 -6 -11 -8 -9 -14
right_child=1 -3 3 -5 6 -7 11 12 -10 10 -12 -13 13 -15
leaf_value=-0.049877045827839361 -0.048770999755331841 0.13588566198872995 0.032618050368576984 -0.021171494282258854 -0.040413608673792283 -0.0087068979792959307 0.052585401943752844 0.030507510461052118 0.013134240321812738 0.053937993234107577 -0.049839336295949999 -0.031590002307866211 -0.035142273066507496 0.018095665375810987
leaf_weight=0.20809120579360829 0.11382038919691684 0.17123349399116705 1.1004261604975907 0.64839485578704614 0.29653333517671843 0.28748582475236606 0.060235081055452611 0.05675076238094412 0.054317052910846542 0.050500231617661484 0.070181618760216224 0.017596422640963283 0.082851389912320883 0.079350861481543689
leaf_count=25 12 24 22 37 28 9 23 31 33 16 13 21 12 15
internal_value=0.00540486 0.0621533 3.54997e-05 0.00355324 0.0111803 0.0209391 -0.0204956 0.0273988 -0.0368341 -0.0305787 -0.00641293 0.0335547 0.00116758 -0.00909777
internal_weight=3.29777 0.285054 3.01271 2.75031 2.10191 1.60686 0.495047 1.31938 0.262408 0.417215 0.120682 0.0778315 0.218953 0.162202
internal_count=321 36 285 227 190 89 101 80 58 57 29 44 58 27
is_linear=0
shrinkage=0.05


Tree=241
num_leaves=15
num_cat=0
split_feature=68 109 153 67 64 173 36 117 155 59 153 60 188 149
split_gain=1.2021 0.352307 0.673115 0.138727 0.141674 0.132076 0.143768 0.149401 0.131228 0.215522 0.0683752 0.0225874 0.0460095 0.0064305
threshold=1.0000000180025095e-35 1.0000000180025095e-35 1.0000000180025095e-35 1.0000000180025095e-35 1.0000000180025095e-35 1.0000000180025095e-35 1.0000000180025095e-35 1.0000000180025095e-35 1.0000000180025095e-35 1.0000000180025095e-35 1.0000000180025095e-35 1.0000000180025095e-35 1.5000000000000002 1.0000000180025095e-35
decision_type=2 2 2 2 2 2 2 2 2 2 2 2 2 2
left_child=1 3 -3 4 5 6 7 8 9 11 -8 -1 -13 -10
right_child=-2 2 -4 -5 -6 -7 10 -9 13 -11 -12 12 -14 -15
leaf_value=0.01917271309602081 -0.071735489702371966 -0.045857651217105951 0.12396999937365068 -0.04341679593156747 -0.038722592078943879 -0.027166779309016526 0.050461742284959123 -0.015671867608614394 0.051015540741086579 -0.028238017353658981 -0.046991727019438059 0.014831753155751304 0.048438641179245123 0.039613302311717044
leaf_weight=1.0442458403085799 0.48792794915061666 0.087214852244869578 0.17626873152266853 0.12809768514125597 0.14357791809015896 0.19818103737634363 0.021017572374603222 0.29066210042219598 0.23924657920724712 0.23810845987190976 0.12531432174728252 0.18817625241354097 0.22198137271288942 0.25592703964139207
leaf_count=19 32 15 20 10 10 7 56 14 9 18 54 12 39 17
internal_value=0.00159815 0.0122537 0.0677559 0.00752797 0.00972788 0.0121922 0.0151641 0.0180075 0.0224823 0.0158585 -0.0329945 0.0230778 0.0330201 0.0451224
internal_weight=3.84595 3.35802 0.263484 3.09454 2.96644 2.82286 2.62468 2.47835 2.18769 1.69251 0.146332 1.4544 0.410158 0.495174
internal_count=332 300 35 265 255 245 238 128 114 88 110 70 51 26
is_linear=0
shrinkage=0.05


Tree=242
num_leaves=15
num_cat=0
split_feature=109 60 203 149 153 117 93 88 191 59 200 200 198 198
split_gain=0.697531 0.610642 0.101734 0.117044 0.157231 0.116959 0.0506447 0.0946158 0.127989 0.0345983 0.0323582 0.0280759 0.00422197 0.000103935
threshold=1.0000000180025095e-35 1.0000000180025095e-35 1.0000000180025095e-35 1.0000000180025095e-35 1.0000000180025095e-35 1.0000000180025095e-35 1.0000000180025095e-35 1.0000000180025095e-35 1.0000000180025095e-35 1.0000000180025095e-35 1.0000000180025095e-35 1.0000000180025095e-35 1.0000000180025095e-35 1.0000000180025095e-35
decision_type=2 2 2 2 2 2 2 2 2 2 2 2 2 2
left_child=2 -2 3 -1 9 6 7 8 11 10 -5 -4 -6 -9
right_child=1 -3 5 4 12 -7 -8 13 -10 -11 -12 -13 -14 -15
leaf_value=-0.049586503095454093 -0.039574293395208161 0.12869034054137138 -0.045413874809464322 -0.016360668899211478 -0.021296990390259767 0.057563044816766218 -0.03390523628571529 0.053976690140839639 0.052308783457282848 0.025418054496170458 0.014311149400242577 -0.0071000104991686547 -0.016232477814041326 0.050384663192306847
leaf_weight=0.24348337384071816 0.079577369648177299 0.16722467703630173 0.11233708949112031 0.16041959752328816 1.4442709387294601 0.095060398802161217 0.10489310424600262 0.047570961913152132 0.064091625366927474 0.22074492665342405 0.18533363938331604 0.083248378998177941 0.57547769437223895 0.034921530322208127
leaf_count=26 16 17 16 26 39 2 19 6 22 12 2 16 6 118
internal_value=-0.0067045 0.0744361 -0.0126436 -0.016445 -0.0133249 0.00719874 -0.00351039 0.00580724 -0.00901185 0.00995356 8.03043e-05 -0.0291061 -0.019854 0.0524561
internal_weight=3.61866 0.246802 3.37185 2.82973 2.58625 0.542123 0.447063 0.34217 0.259677 0.566498 0.345753 0.195585 2.01975 0.0824925
internal_count=343 33 310 111 85 199 197 178 54 40 28 32 45 124
is_linear=0
shrinkage=0.05


Tree=243
num_leaves=15
num_cat=0
split_feature=109 153 60 149 68 188 36 185 188 204 153 198 155 189
split_gain=0.358247 0.512097 0.152967 0.201437 0.26787 0.169032 0.119509 0.206825 0.0597361 0.215405 0.0763001 0.0495878 0.0690459 0.0219398
threshold=1.0000000180025095e-35 1.0000000180025095e-35 1.0000000180025095e-35 1.0000000180025095e-35 1.0000000180025095e-35 1.5000000000000002 1.0000000180025095e-35 1.0000000180025095e-35 1.5000000000000002 1.0000000180025095e-35 1.0000000180025095e-35 1.0000000180025095e-35 1.0000000180025095e-35 1.0000000180025095e-35
decision_type=2 2 2 2 2 2 2 2 2 2 2 2 2 2
left_child=2 -2 3 11 8 -4 7 13 10 -10 -5 -1 -13 -7
right_child=1 -3 5 4 -6 6 -8 -9 9 -11 -12 12 -14 -15
leaf_value=-0.05045948144337882 -0.047706768349906413 0.10316755725618365 -0.051221273864112009 0.0091706990971571461 -0.016857298363908601 0.057051292330559326 -0.046203364819373233 -0.026442574827691273 -0.053300164496006802 0.038952924586103471 0.035017669480470519 0.05075525975694295 -0.039321929928324999 0.018211833544927069
leaf_weight=0.17737089249931282 0.079264019910624373 0.19364061549276812 0.27443260798463587 0.4276319789933043 0.62122523728612566 0.14587966205726843 0.11845049321891565 0.18550042502693032 0.10923857986927132 0.15038276080303947 0.85922001348808408 0.034424517100887897 0.055689406093733851 0.048431842739773856
leaf_count=19 12 23 24 19 22 7 52 5 1 60 12 21 9 35
internal_value=0.00435135 0.0593467 -0.000327283 0.00582304 0.0108746 -0.0197103 -0.00235471 0.0113202 0.0220146 0.000136407 0.0264285 -0.0351146 -0.00491145 0.0473706
internal_weight=3.48078 0.272905 3.20788 2.43518 2.1677 0.772695 0.498262 0.379812 1.54647 0.259621 1.28685 0.267485 0.0901139 0.194312
internal_count=321 35 286 163 114 123 99 47 92 61 31 49 30 42
is_linear=0
shrinkage=0.05


Tree=244
num_leaves=15
num_cat=0
split_feature=109 59 188 64 198 183 199 60 198 188 60 204 181 153
split_gain=1.23952 0.359564 0.090108 0.0652416 0.0696111 0.0577163 0.0536751 0.0393419 0.0356254 0.0231614 0.0238558 0.0132439 0.03198 0.00296495
threshold=1.0000000180025095e-35 1.0000000180025095e-35 1.5000000000000002 1.0000000180025095e-35 1.0000000180025095e-35 1.0000000180025095e-35 1.0000000180025095e-35 1.0000000180025095e-35 2.5000000000000004 1.5000000000000002 1.0000000180025095e-35 1.0000000180025095e-35 1.0000000180025095e-35 1.0000000180025095e-35
decision_type=2 2 2 2 2 2 2 2 2 2 2 2 2 2
left_child=1 3 -3 4 9 7 -4 -6 -7 13 -11 -8 -13 -1
right_child=-2 2 6 -5 5 8 11 -9 -10 10 -12 12 -14 -15
leaf_value=0.010523416254578092 -0.076896672457068813 0.047944765381980878 0.034694313183251523 -0.038024147964708016 -0.012642645308807324 0.052059076875414306 -0.045787598438078454 -0.042121814323077017 -0.038871586491610571 -0.019814171536601005 0.0046122392284226174 -0.044362369379692956 0.050542215468123264 0.0049705448374972837
leaf_weight=0.30487005563918601 0.55382030330883925 0.48914841515943397 0.070484876483533299 0.13401070884356148 0.65432483835320443 0.0489805819825051 0.039789177477359772 0.13684986648286213 0.013808208121190546 0.19755936424189702 0.20232675484021456 0.020887447153654648 0.015436716003023321 1.1366616870509461
leaf_count=27 30 12 11 8 28 36 2 56 14 8 19 9 25 19
internal_value=-0.00743977 0.00366127 0.0376396 -0.00397345 -0.0022805 -0.0140798 0.0032549 -0.0177417 0.032062 0.00319146 -0.00745536 -0.0258596 -0.00403067 0.00614492
internal_weight=4.01896 3.46514 0.635747 2.82939 2.69538 0.853963 0.146598 0.791175 0.0627888 1.84142 0.399886 0.0761133 0.0363242 1.44153
internal_count=304 274 59 215 207 134 47 84 50 73 27 36 34 46
is_linear=0
shrinkage=0.05


Tree=245
num_leaves=15
num_cat=0
split_feature=155 204 64 59 172 68 60 180 200 189 200 116 190 197
split_gain=0.413739 0.215361 0.13493 0.0771075 0.0924518 0.0572211 0.134973 0.0532994 0.0535543 0.0351174 0.0345359 0.0848372 0.0187619 0.0280888
threshold=1.0000000180025095e-35 1.0000000180025095e-35 1.0000000180025095e-35 1.0000000180025095e-35 1.0000000180025095e-35 1.0000000180025095e-35 1.0000000180025095e-35 1.0000000180025095e-35 1.0000000180025095e-35 1.0000000180025095e-35 1.0000000180025095e-35 1.0000000180025095e-35 1.0000000180025095e-35 2.5000000000000004
decision_type=2 2 2 2 2 2 2 2 2 2 2 2 2 2
left_child=1 5 7 4 -2 6 -1 9 -9 -3 11 -11 -10 -14
right_child=3 2 -4 -5 -6 -7 -8 8 12 10 -12 -13 13 -15
leaf_value=-0.045094964984226084 -0.042754414633851073 0.05876716685707789 -0.037170530064875543 0.029770591486734239 0.027418009289434244 -0.015257307468064025 -0.020229297800299941 0.050864671957749186 -0.05059062487895976 0.051938829718846627 0.053041194544683715 -0.036155441977076298 -0.036065311273490101 0.050149229017151312
leaf_weight=1.1142783653922392 0.094627650840266031 0.093756627907168766 0.13117423807671003 0.48683636833584387 0.093135318347776774 0.58070778008550394 1.0696019125753082 0.029535222377035097 0.042751992121338844 0.050555651367176324 0.054319725338245917 0.059487075300239667 0.024577583880272869 0.015346377615969686
leaf_count=36 30 17 9 22 8 3 20 73 2 3 21 22 15 41
internal_value=-0.0163757 -0.0237387 0.00640644 0.0192725 -0.00794707 -0.0292071 -0.0329165 0.0218418 -0.00692747 0.0343485 0.0204195 0.00431669 -0.0275732 -0.00292529
internal_weight=3.94069 3.26609 0.501504 0.674599 0.187763 2.76459 2.18388 0.37033 0.112211 0.258119 0.164362 0.110043 0.082676 0.039924
internal_count=322 262 203 60 38 59 56 194 131 63 46 25 58 56
is_linear=0
shrinkage=0.05


Tree=246
num_leaves=15
num_cat=0
split_feature=68 109 201 155 58 153 199 59 197 188 60 188 199 199
split_gain=0.919461 0.274825 0.204793 0.0874852 0.137783 0.0932917 0.114499 0.091764 0.0684158 0.045259 0.0264708 0.0923127 0.03492 0.0107089
threshold=1.0000000180025095e-35 1.0000000180025095e-35 1.0000000180025095e-35 1.0000000180025095e-35 1.0000000180025095e-35 1.0000000180025095e-35 1.0000000180025095e-35 1.0000000180025095e-35 1.0000000180025095e-35 1.5000000000000002 1.0000000180025095e-35 1.5000000000000002 1.0000000180025095e-35 1.5000000000000002
decision_type=2 2 2 2 2 2 2 2 2 2 2 2 2 2
left_child=1 2 3 4 5 6 9 8 -5 -1 -7 -12 -13 -8
right_child=-2 -3 -4 7 -6 10 13 -9 -10 -11 11 12 -14 -15
leaf_value=-0.050646283049969654 0.10778405297187488 -0.02891360563915063 0.060012504326859464 -0.04165588758738191 -0.04522880317808628 0.0093285979034781856 0.051134155926545279 0.029450013313560397 0.017043366940199364 -0.012063759884260885 -0.051081659210769029 0.00080144440522408932 0.052322751010934344 0.0084056574529793159
leaf_weight=0.17922644864302317 0.20238999636603683 0.74041083127258378 0.1607100415858439 0.094808650668710359 0.17680549233045884 1.2814429946338348 0.046044775765039958 0.48083347222132033 0.1041937274603697 0.13198085331532639 0.085883925668895356 0.19357675063656643 0.039619518799099751 0.021516042141229264
leaf_count=19 33 40 6 13 16 38 26 20 14 13 5 4 58 18
internal_value=0.00398597 -0.00163549 0.00510439 0.00199279 -0.00293846 0.000839237 -0.0214749 0.0176322 -0.0109221 -0.0342837 0.00611995 -0.00676617 0.0095548 0.0375264
internal_weight=3.93944 3.73705 2.99664 2.83593 2.1561 1.97929 0.378768 0.679836 0.199002 0.311207 1.60052 0.31908 0.233196 0.0675608
internal_count=323 290 250 244 197 181 76 47 27 32 105 67 62 44
is_linear=0
shrinkage=0.05


Tree=247
num_leaves=15
num_cat=0
split_feature=109 68 117 151 60 149 153 201 188 36 20 185 188 155
split_gain=1.33236 0.829461 0.164913 0.195395 0.105851 0.111218 0.0699193 0.197039 0.107287 0.136934 0.161047 0.0462756 0.0992055 0.0422878
threshold=1.0000000180025095e-35 1.0000000180025095e-35 1.0000000180025095e-35 1.0000000180025095e-35 1.0000000180025095e-35 1.0000000180025095e-35 1.0000000180025095e-35 1.0000000180025095e-35 1.5000000000000002 1.0000000180025095e-35 1.0000000180025095e-35 1.0000000180025095e-35 1.5000000000000002 1.0000000180025095e-35
decision_type=2 2 2 2 2 2 2 2 2 2 2 2 2 2
left_child=1 2 3 4 5 -1 7 11 -8 10 -10 12 -6 -7
right_child=-2 -3 -4 -5 6 13 8 -9 9 -11 -12 -13 -14 -15
leaf_value=-0.031616602306984598 -0.072630409922322642 0.11137882015058834 -0.043765183378532607 0.051930553692730863 -0.050109155301925737 0.01073272123184228 -0.051448828546648576 0.062101200317733862 0.045738803927542093 -0.048685962415921831 -0.049926542201711124 -0.051925032827488539 0.05116523226913499 0.03327011432373482
leaf_weight=0.1436264129997652 0.5633203566976589 0.19296220257820085 0.16807870294724114 0.22464802131435124 0.04945059202145774 1.2766734293381907 0.19758252613246441 0.10685276985168457 0.1549754140787627 0.11631766280788725 0.061431410614204651 0.080330180815508356 0.047320812552243297 0.2486781914756192
leaf_count=35 37 34 15 10 16 73 10 1 32 37 6 5 20 11
internal_value=-0.00194831 0.0110258 0.00429266 0.00727561 0.00323587 0.0104464 -0.0115433 0.0084795 -0.0222646 -0.00493413 0.0185823 -0.0238727 -0.000586403 0.014407
internal_weight=3.63225 3.06893 2.87597 2.70789 2.48324 1.66898 0.814261 0.283954 0.530307 0.332724 0.216407 0.177102 0.0967714 1.52535
internal_count=342 305 271 256 246 119 127 42 85 75 38 41 36 84
is_linear=0
shrinkage=0.05


Tree=248
num_leaves=15
num_cat=0
split_feature=151 116 190 197 185 157 60 109 68 188 188 198 36 200
split_gain=0.111776 0.0875834 0.116351 0.0961433 0.0600064 0.0326715 0.00691032 0.0430632 0.000289877 0.00016763 2.38415e-07 2.8334e-08 1.14853e-08 1.22021e-09
threshold=1.0000000180025095e-35 1.0000000180025095e-35 1.0000000180025095e-35 1.0000000180025095e-35 1.0000000180025095e-35 1.0000000180025095e-35 1.0000000180025095e-35 1.0000000180025095e-35 1.0000000180025095e-35 2.5000000000000004 3.5000000000000004 1.0000000180025095e-35 1.0000000180025095e-35 2.5000000000000004
decision_type=2 2 2 2 2 2 2 2 2 2 2 2 2 2
left_child=1 -1 4 -4 6 9 8 -8 -3 -5 -11 -12 -13 -14
right_child=-2 2 3 5 -6 -7 7 -9 -10 10 11 12 13 -15
leaf_value=0.016101491038384017 0.011942326208264027 -0.022850340051709377 -0.0096740140930098497 0.054146745959219283 -0.0017321463344117443 -0.042393105916856764 -0.047955820768948783 -0.022128642174483206 -0.024197926558393701 0.050327405810041692 0.050149193183801156 0.050128444306087684 0.050028714486782699 0.050080086887753561
leaf_weight=0.18622625645002777 0.36199354320706323 1.1224069573218014 0.28012599528301496 0.058387194061651826 0.30675329826772202 0.009946742598003766 0.21823720310931083 0.61966274240330677 0.61922177113592614 0.016634701525617857 0.013510347223927965 0.0040495881939932579 0.013231020775037905 0.0012665327958529824
leaf_count=18 15 39 9 3 6 9 35 7 3 12 20 25 119 2
internal_value=-0.0144967 -0.0172551 -0.0191469 0.00622667 -0.0226383 0.0442882 -0.0251245 -0.0288555 -0.0233295 0.0523401 0.0501738 0.0500941 0.050054 0.0500332
internal_weight=3.83165 3.46966 3.28343 0.397152 2.88628 0.117026 2.57953 0.8379 1.74163 0.107079 0.0486922 0.0320575 0.0185471 0.0144976
internal_count=322 307 289 199 90 190 84 42 42 181 178 166 146 121
is_linear=0
shrinkage=0.05


Tree=249
num_leaves=15
num_cat=0
split_feature=109 25 151 59 88 200 173 155 204 197 153 153 199 181
split_gain=0.847748 0.106228 0.0857271 0.0925708 0.0473128 0.134663 0.0312455 0.0263086 0.071531 0.0598663 0.0398251 0.0243796 6.56836e-05 6.31946e-07
threshold=1.0000000180025095e-35 1.0000000180025095e-35 1.0000000180025095e-35 1.0000000180025095e-35 1.0000000180025095e-35 1.5000000000000002 1.0000000180025095e-35 1.0000000180025095e-35 1.0000000180025095e-35 1.0000000180025095e-35 1.0000000180025095e-35 1.0000000180025095e-35 1.0000000180025095e-35 1.0000000180025095e-35
decision_type=2 2 2 2 2 2 2 2 2 2 2 2 2 2
left_child=1 2 3 6 -3 12 7 8 -1 -9 -10 -5 -6 -14
right_child=-2 4 -4 11 5 -7 -8 9 10 -11 -12 -13 13 -15
leaf_value=0.01202570099725625 -0.07063380668980386 -0.023653403830944893 0.028320879460120615 -0.044122299861799774 0.053453929774496117 -0.047870295959881876 -0.018436233806960821 -0.044697363260451463 0.0017267163817636854 0.0145735806898021 -0.035288525900712471 -0.01567489655238118 0.05084565479097574 0.050393457979170421
leaf_weight=1.3602952843066312 0.52790069680941076 0.68427295804576704 0.2828828076198987 0.1059731711088715 0.041163407266139984 0.059712179594498593 0.1504682354570831 0.080690802657045313 0.15872207655229509 0.090255702649301384 0.13402821768204376 0.2603342068132406 0.011186430963789462 0.024977532351158516
leaf_count=30 37 21 9 18 1 8 8 17 22 7 51 15 2 74
internal_value=-0.0116317 -0.00259029 0.00232216 -0.000819801 -0.0182829 0.00853324 0.00346299 0.00526954 0.0072006 -0.0134037 -0.0152198 -0.0239048 0.052088 0.0505333
internal_weight=3.97286 3.44496 2.62365 2.34077 0.821313 0.13704 1.97446 1.82399 1.65305 0.170947 0.29275 0.366307 0.0773274 0.036164
internal_count=320 283 177 168 106 85 135 127 103 24 73 33 77 76
is_linear=0
shrinkage=0.05


Tree=250
num_leaves=15
num_cat=0
split_feature=203 153 180 151 181 88 15 155 180 153 197 183 200 68
split_gain=0.497247 0.465495 0.371526 0.247725 0.120876 0.0978987 0.0732638 0.0379939 0.0574317 0.0329029 0.0247464 0.0248051 0.0124007 0.00483374
threshold=1.0000000180025095e-35 1.0000000180025095e-35 1.0000000180025095e-35 1.0000000180025095e-35 1.0000000180025095e-35 1.0000000180025095e-35 1.0000000180025095e-35 1.0000000180025095e-35 1.0000000180025095e-35 1.0000000180025095e-35 1.5000000000000002 1.0000000180025095e-35 1.0000000180025095e-35 1.0000000180025095e-35
decision_type=2 2 2 2 2 2 2 2 2 2 2 2 2 2
left_child=3 5 4 9 -3 7 10 8 -2 12 -4 -12 -1 -11
right_child=1 2 6 -5 -6 -7 -8 -9 -10 13 11 -13 -14 -15
leaf_value=-0.029345865812866551 -0.049845266499365944 0.12004680857478203 -0.042872075438044666 0.02945405996423861 0.056296174908924634 0.050469092584305167 0.051993621500509915 -0.04668250451101072 0.032461134618471964 -0.016434608129884298 0.050659874996035408 -0.042576792105246487 -0.051486702945254287 -0.021721520457663516
leaf_weight=0.27182758305844013 0.038943974777794099 0.18031368000083603 0.071488570498331683 0.2775273302104323 0.12653329038857919 0.042688222908282114 0.041399498472856067 0.15282722927804571 0.046502954121933726 1.4545346695249466 0.017060761789252865 0.012259680364877568 0.082414505362976342 0.61518642696319137
leaf_count=44 7 6 4 7 24 52 63 14 21 41 20 12 8 5
internal_value=-0.00539868 0.0312154 0.0627971 -0.0152928 0.0937582 -0.0192608 -0.00400845 -0.0317533 -0.00505149 -0.0204161 -0.027007 0.0116751 -0.0344969 -0.018006
internal_weight=3.43151 0.730018 0.449055 2.70149 0.306847 0.280962 0.142209 0.238274 0.0854469 2.42396 0.100809 0.0293204 0.354242 2.06972
internal_count=328 223 129 105 30 94 99 42 28 98 36 32 52 46
is_linear=0
shrinkage=0.05


Tree=251
num_leaves=15
num_cat=0
split_feature=109 25 64 117 151 59 58 155 60 199 188 194 199 149
split_gain=0.187419 0.19622 0.129547 0.107685 0.242536 0.372369 0.0932968 0.198606 0.217713 0.0404295 0.102746 0.0388843 0.0224513 0.0135447
threshold=1.0000000180025095e-35 1.0000000180025095e-35 1.0000000180025095e-35 1.0000000180025095e-35 1.0000000180025095e-35 1.0000000180025095e-35 1.0000000180025095e-35 1.0000000180025095e-35 1.0000000180025095e-35 1.0000000180025095e-35 1.5000000000000002 1.0000000180025095e-35 1.5000000000000002 1.0000000180025095e-35
decision_type=2 2 2 2 2 2 2 2 2 2 2 2 2 2
left_child=1 2 3 4 5 6 7 8 -1 -10 -11 -3 -13 -14
right_child=-2 11 -4 -5 -6 -7 -8 -9 9 10 -12 12 13 -15
leaf_value=0.053043811734420278 -0.023874598372966196 -0.02171096961461895 -0.036624581324263779 -0.016184263392226169 0.075792768784250397 -0.045774057296479688 -0.0048372412762108675 -0.038380176247291821 0.01670046681161266 -0.0520806573424775 0.052104737388813251 0.050503525445012222 0.017834556551578087 -0.032287498450238997
leaf_weight=0.65607921015726034 0.68244955701538845 0.64136622536534549 0.1276969525424646 0.24265286664012808 0.17214337164841698 0.22948597285085259 0.25801903736282827 0.10298399765451893 0.39507533094729297 0.072134822607040405 0.035217199737417104 0.02859385980150364 0.030711706272995798 0.024021382012506365
leaf_count=37 37 21 9 11 4 30 11 21 23 1 37 48 8 37
internal_value=-0.000212661 0.00514115 0.012313 0.0152011 0.0191653 0.0135917 0.0225575 0.0281607 0.0340758 0.00930701 -0.0179023 -0.0175363 0.0145959 -0.00416312
internal_weight=3.69863 3.01618 2.29149 2.16379 1.92114 1.749 1.51951 1.26149 1.15851 0.502427 0.107352 0.724693 0.0833269 0.0547331
internal_count=335 298 184 175 164 160 130 119 98 61 38 114 93 45
is_linear=0
shrinkage=0.05


Tree=252
num_leaves=15
num_cat=0
split_feature=109 153 149 198 188 200 190 198 151 197 116 200 200 183
split_gain=0.460871 0.549916 0.140848 0.102755 0.112567 0.0692848 0.0472578 0.0295267 0.071053 4.75231e-05 1.53737e-05 7.13715e-10 1.85579e-10 1.92436e-10
threshold=1.0000000180025095e-35 1.0000000180025095e-35 1.0000000180025095e-35 1.0000000180025095e-35 2.5000000000000004 1.0000000180025095e-35 1.0000000180025095e-35 1.0000000180025095e-35 1.0000000180025095e-35 1.0000000180025095e-35 1.0000000180025095e-35 2.5000000000000004 1.5000000000000002 1.0000000180025095e-35
decision_type=2 2 2 2 2 2 2 2 2 2 2 2 2 2
left_child=2 -2 7 5 -5 6 -4 10 -9 -6 -1 12 13 -11
right_child=1 -3 3 4 9 -7 -8 8 -10 11 -12 -13 -14 -15
leaf_value=-0.05061706407788015 -0.044792985271765978 0.11120175357426894 0.015348080322785514 -0.02067976363472308 0.053323578823707432 -0.011435404229840974 -0.0058067360072901874 0.050648896333240948 -0.049993397358910688 0.050015170330968563 -0.04970640883023518 0.050067109751688037 0.050035251436584528 0.050028699839234129
leaf_weight=0.090592429041862488 0.080942729520756873 0.1870556478220351 1.1516836430528203 0.77729326661210496 0.041590504755731672 0.47430771725339571 0.34250485105076212 0.027704092942258285 0.047788024941837648 0.0055845068698090472 0.094890783711890303 0.0010715028329286733 0.0032198902590607767 0.0049647997491319984
leaf_count=4 14 21 47 14 2 16 13 24 5 97 18 2 10 33
internal_value=0.00121173 0.0640871 -0.00428923 -0.00101728 -0.0157295 0.00521383 0.0104989 -0.0394218 -0.0130597 0.0524568 -0.0501512 0.0500278 0.0500247 0.0500215
internal_weight=3.33119 0.267998 3.0632 2.80222 0.833724 1.9685 1.49419 0.260975 0.0754921 0.0564312 0.185483 0.0148407 0.0137692 0.0105493
internal_count=320 35 285 234 158 76 60 51 29 144 22 142 140 130
is_linear=0
shrinkage=0.05


Tree=253
num_leaves=15
num_cat=0
split_feature=68 109 173 36 183 117 155 58 204 188 190 197 183 149
split_gain=1.21538 0.310379 0.197346 0.129312 0.124631 0.09765 0.104504 0.115566 0.0592282 0.0663373 0.0937671 0.0349704 0.0209551 0.00536403
threshold=1.0000000180025095e-35 1.0000000180025095e-35 1.0000000180025095e-35 1.0000000180025095e-35 1.0000000180025095e-35 1.0000000180025095e-35 1.0000000180025095e-35 1.0000000180025095e-35 1.0000000180025095e-35 1.5000000000000002 1.0000000180025095e-35 1.0000000180025095e-35 1.0000000180025095e-35 1.0000000180025095e-35
decision_type=2 2 2 2 2 2 2 2 2 2 2 2 2 2
left_child=1 2 3 4 5 6 7 8 -1 -10 -11 -5 -13 -8
right_child=-2 -3 -4 11 -6 -7 13 -9 9 10 -12 12 -14 -15
leaf_value=0.028138114909006008 -0.071432153107925653 0.068723826695342827 -0.051379867519086589 -0.052101282924070541 -0.023317958643374107 -0.011475656764845341 0.049112911210374616 -0.018587972419203007 -0.024448763226333232 -0.0025284177746876593 0.057395863015109773 0.050375886648360339 -0.024077186094221381 0.038286232020040827
leaf_weight=0.98878871664055823 0.47032721780215059 0.24690667705044678 0.12422277207951982 0.091892251395620295 0.18936694286549016 0.23758334515150625 0.21745283681229921 0.20617591165500915 0.12721314188093036 0.18163390982226701 0.10190685010229572 0.015080120772381633 0.025316803497617002 0.24141361409419904
leaf_count=36 39 36 4 2 15 15 8 7 4 18 31 47 51 13
internal_value=0.00329037 0.0150248 0.0102 0.0131155 0.0156732 0.0188805 0.0223737 0.0163602 0.0215086 0.00554975 0.0190089 -0.0350564 0.00371605 0.0434169
internal_weight=3.46528 2.99495 2.74805 2.62382 2.49154 2.30217 2.06458 1.60572 1.39954 0.410754 0.283541 0.132289 0.0403969 0.458866
internal_count=326 287 251 247 147 132 117 96 89 53 49 100 98 21
is_linear=0
shrinkage=0.05


Tree=254
num_leaves=15
num_cat=0
split_feature=203 155 153 180 60 204 153 200 15 193 204 60 149 204
split_gain=0.325632 0.386627 0.304249 0.283962 0.229422 0.13266 0.106877 0.120709 0.0696994 0.0340798 0.0260235 0.0219878 0.0209979 1.39869e-05
threshold=1.0000000180025095e-35 1.0000000180025095e-35 1.0000000180025095e-35 1.0000000180025095e-35 1.0000000180025095e-35 1.0000000180025095e-35 1.0000000180025095e-35 1.0000000180025095e-35 1.0000000180025095e-35 1.0000000180025095e-35 1.0000000180025095e-35 1.0000000180025095e-35 1.0000000180025095e-35 1.0000000180025095e-35
decision_type=2 2 2 2 2 2 2 2 2 2 2 2 2 2
left_child=1 6 5 4 -4 -2 7 -1 9 -5 -8 -11 -3 -10
right_child=2 12 3 8 -6 -7 10 -9 13 11 -12 -13 -14 -15
leaf_value=-0.029780009687690248 -0.040033282660503697 0.020777318305847971 0.029493738895040308 -0.050224247679370983 0.12276991281968726 0.05091810182234046 -0.027847268761019298 0.026316011940715825 0.052423805577560018 0.050614412366278838 -0.012792279187588053 -0.038469560911359862 0.041095166161132832 0.050085560540596222
leaf_weight=0.15783844495035837 0.15824883698951453 0.29475816618651152 0.10956372507780543 0.060321738516904588 0.16550190052612379 0.05369607545526367 1.273024622583762 0.24437637708251714 0.030032951384783124 0.017666461910266662 0.37060614618894727 0.011394008625757124 0.2236468776827677 0.0081260725473836226
leaf_count=31 14 13 13 5 20 74 24 8 1 8 21 19 13 61
internal_value=-0.0011919 -0.00902622 0.0314972 0.0570228 0.0856163 -0.0169908 -0.0187994 0.00430263 -0.00464413 -0.028795 -0.0244527 0.0156864 0.0295427 0.0519259
internal_weight=3.1788 2.56425 0.614552 0.402607 0.275066 0.211945 2.04585 0.402215 0.127541 0.0893822 1.64363 0.0290605 0.518405 0.038159
internal_count=325 110 215 127 33 88 84 39 94 32 45 27 26 62
is_linear=0
shrinkage=0.05


Tree=255
num_leaves=15
num_cat=0
split_feature=109 153 201 59 185 188 203 60 173 197 188 188 188 151
split_gain=0.330576 0.136444 0.0656322 0.133975 0.159829 0.189336 0.0517907 0.0691445 0.0847524 0.0191389 0.0131542 0.00365477 0.011215 0.00241587
threshold=1.0000000180025095e-35 1.0000000180025095e-35 1.0000000180025095e-35 1.0000000180025095e-35 1.0000000180025095e-35 1.5000000000000002 1.0000000180025095e-35 1.0000000180025095e-35 1.0000000180025095e-35 1.5000000000000002 2.5000000000000004 1.5000000000000002 2.5000000000000004 1.0000000180025095e-35
decision_type=2 2 2 2 2 2 2 2 2 2 2 2 2 2
left_child=1 2 3 4 5 -1 -3 -8 11 -7 -11 -9 -13 -5
right_child=-2 6 -4 13 -6 9 7 8 -10 10 -12 12 -14 -15
leaf_value=-0.050272572928187244 0.069897082768371185 -0.0022601901115752885 0.061620786380590632 0.034503264805067727 0.054393053765009171 0.051338371046718824 0.056086546865400037 -0.051176218415233135 0.053046604087841225 -0.050235183857968116 0.050030726090966718 -0.050259973543608873 0.050017640015134326 0.042030026870782944
leaf_weight=0.18609155731974225 0.23924827746213839 1.6108309008668582 0.10525628198229242 0.20107765252373611 0.090996838371211197 0.069029211868837592 0.09304255236293113 0.042232703417539597 0.037789894660818391 0.0087636262178421021 0.0052192989437571677 0.0096777845174074173 0.0039166590054264825 0.22692217643270851
leaf_count=36 36 47 3 32 6 19 32 1 3 1 42 1 61 10
internal_value=0.0135742 0.00856639 0.0245371 0.0195843 -0.00289079 -0.0222612 0.000628912 0.0255612 -0.00477678 0.040533 -0.0128097 -0.0439179 -0.0213693 0.0384939
internal_weight=2.9301 2.69085 0.893357 0.7881 0.360101 0.269104 1.79749 0.18666 0.093617 0.0830121 0.0139829 0.0558271 0.0135944 0.428
internal_count=330 294 149 146 104 98 145 98 66 62 43 63 62 42
is_linear=0
shrinkage=0.05


Tree=256
num_leaves=15
num_cat=0
split_feature=68 109 60 183 188 93 116 151 59 188 204 189 116 59
split_gain=0.999546 0.252881 0.13084 0.181945 0.162025 0.15448 0.121058 0.186332 0.203474 0.151732 0.0278067 0.00858094 0.0335194 0.00247051
threshold=1.0000000180025095e-35 1.0000000180025095e-35 1.0000000180025095e-35 1.0000000180025095e-35 1.5000000000000002 1.0000000180025095e-35 1.0000000180025095e-35 1.0000000180025095e-35 1.0000000180025095e-35 1.5000000000000002 1.0000000180025095e-35 1.0000000180025095e-35 1.0000000180025095e-35 1.0000000180025095e-35
decision_type=2 2 2 2 2 2 2 2 2 2 2 2 2 2
left_child=1 2 3 6 -4 11 -1 8 -8 -10 -5 -6 -13 -12
right_child=-2 -3 4 10 5 -7 7 -9 9 -11 13 12 -14 -15
leaf_value=-0.015694853621943942 -0.068031458839600392 0.058328220249179809 -0.050861414317210085 -0.051976331655008694 0.052307565495363764 -0.047312574151095868 0.024882202519668085 0.071121436046950065 -0.050928429973177571 0.035995928696974766 0.0068839621758414295 0.051704212853425316 -0.026473947505992215 -0.016704387886286639
leaf_weight=0.25231382490528731 0.47265967522162089 0.25520709993179469 0.2070100443670525 0.11708869412541389 0.079006243458934478 0.074935177712177392 1.0552580295770893 0.16938014869083429 0.17346826381981362 0.070650595255301596 0.02104431828502118 0.044703853433020413 0.01977639487745364 0.023490959047194337
leaf_count=18 43 31 24 2 15 16 39 6 10 29 25 3 52 11
internal_value=-0.00122027 0.0110992 0.00587715 0.0115361 -0.0191658 0.0108738 0.0162994 0.0217956 0.0153657 -0.0257716 -0.0391859 0.0412613 0.0277266 -0.00555815
internal_weight=3.03599 2.56333 2.30813 1.88269 0.425432 0.218422 1.72107 1.46876 1.29938 0.244119 0.161624 0.143486 0.0644802 0.0445353
internal_count=324 281 250 140 110 86 102 84 78 39 38 70 55 36
is_linear=0
shrinkage=0.05


Tree=257
num_leaves=13
num_cat=0
split_feature=60 185 204 135 36 151 153 204 68 198 189 59
split_gain=0.433283 0.143736 0.130719 0.105017 0.244258 0.0606826 0.170275 0.0995806 0.0753132 0.00885042 0.000446231 4.9132e-06
threshold=1.0000000180025095e-35 1.0000000180025095e-35 1.0000000180025095e-35 1.0000000180025095e-35 1.0000000180025095e-35 1.0000000180025095e-35 1.0000000180025095e-35 1.0000000180025095e-35 1.0000000180025095e-35 2.5000000000000004 1.0000000180025095e-35 1.0000000180025095e-35
decision_type=2 2 2 2 2 2 2 2 2 2 2 2
left_child=1 5 -2 4 10 6 7 11 -8 -9 -4 -1
right_child=2 -3 3 -5 -6 -7 8 9 -10 -11 -12 -13
leaf_value=-0.05031348661265142 -0.042240001638652755 0.053429039955077667 0.057289909018788332 -0.051301337043804102 -0.045789975238389707 0.023316644172446596 0.011500893489074621 0.044867348358888115 -0.010719121886431902 0.00094160643956487885 0.051394542518177745 -0.050764480025835314
leaf_weight=0.12821196077857222 0.91066159031470306 0.13825135234355901 0.08772521174978487 0.091934878146275878 0.10580407485849719 0.26648813948122541 1.1232332933864198 0.029837537954335858 0.5773725497074339 0.018625890709699888 0.05061921034621264 0.11416197917424142
leaf_count=20 27 19 4 3 60 11 45 49 18 9 44 7
internal_value=-0.00849881 0.00393944 -0.0324045 -0.00575401 0.011397 0.000909228 -0.00208926 -0.0374432 0.00395698 0.0279854 0.0551328 -0.0505259
internal_weight=3.64293 2.39618 1.24674 0.336083 0.244148 2.25793 1.99144 0.290837 1.70061 0.0484634 0.138344 0.242374
internal_count=316 178 138 111 108 159 148 85 63 58 48 27
is_linear=0
shrinkage=0.05


Tree=258
num_leaves=15
num_cat=0
split_feature=185 155 116 203 181 59 183 60 188 198 189 188 151 198
split_gain=0.183697 0.132178 0.184174 0.233062 0.14198 0.062116 0.0413871 0.0385989 0.0791121 0.0310441 0.0291652 0.027287 0.067379 0.0195397
threshold=1.0000000180025095e-35 1.0000000180025095e-35 1.0000000180025095e-35 1.0000000180025095e-35 1.0000000180025095e-35 1.0000000180025095e-35 1.0000000180025095e-35 1.0000000180025095e-35 1.5000000000000002 1.0000000180025095e-35 1.0000000180025095e-35 1.5000000000000002 1.0000000180025095e-35 2.5000000000000004
decision_type=2 2 2 2 2 2 2 2 2 2 2 2 2 2
left_child=1 4 -3 -4 5 7 -6 9 -9 -1 -2 -5 -13 -8
right_child=10 2 3 11 6 -7 13 8 -10 -11 -12 12 -14 -15
leaf_value=-0.024287670416160454 0.053295879103252466 -0.050622226645494345 0.036857456745331044 -0.050580084357016289 0.056205654610485371 -0.044341987650102124 0.0502470688378635 -0.050252525682681994 0.012086016750681203 -0.0099066860678685316 0.012264063923901962 0.050364260149579912 -0.049124454280241932 -0.042637233840585327
leaf_weight=1.1344933831132968 0.12815134343054513 0.11416519992053509 0.45594135631108645 0.092645474243909121 0.083355933543316385 0.22320923224015121 0.0080656400223233504 0.063763061421923228 0.2521762918170225 0.56075478475031548 0.065413387702392356 0.028342871609083886 0.042593190624756971 0.01899975548076327
leaf_count=32 14 5 26 6 53 27 31 10 51 17 17 25 6 13
internal_value=-0.00781657 -0.0107872 0.00773439 0.0184883 -0.0165826 -0.0193177 0.0387629 -0.0165404 -0.000495184 -0.0195307 0.0394296 -0.032711 -0.00937322 -0.0149572
internal_weight=3.27207 3.07851 0.733688 0.619523 2.34482 2.2344 0.110421 2.01119 0.315939 1.69525 0.193565 0.163582 0.0709361 0.0270654
internal_count=333 302 68 63 234 137 97 110 61 49 31 37 31 44
is_linear=0
shrinkage=0.05


Tree=259
num_leaves=15
num_cat=0
split_feature=109 67 173 58 183 135 117 151 149 198 188 60 204 188
split_gain=0.497218 0.157795 0.149606 0.159448 0.194139 0.138804 0.129804 0.107798 0.208684 0.0994082 0.0533542 0.05283 0.0457007 0.0160523
threshold=1.0000000180025095e-35 1.0000000180025095e-35 1.0000000180025095e-35 1.0000000180025095e-35 1.0000000180025095e-35 1.0000000180025095e-35 1.0000000180025095e-35 1.0000000180025095e-35 1.0000000180025095e-35 1.0000000180025095e-35 1.5000000000000002 1.0000000180025095e-35 1.0000000180025095e-35 2.5000000000000004
decision_type=2 2 2 2 2 2 2 2 2 2 2 2 2 2
left_child=1 2 3 4 5 6 7 8 -1 -10 -6 13 -11 -12
right_child=-2 -3 -4 -5 10 -7 -8 -9 9 12 11 -13 -14 -15
leaf_value=-0.035533847681619171 -0.036374145142888968 -0.049236054076140005 -0.029290750320702549 -0.02397728093594808 -0.051820079621733933 -0.023047945338533798 -0.0094568037014069808 0.074998915456768997 0.040196863261377343 -0.034280636103536322 -0.050887264393468606 0.052129002653649593 0.050826635004128609 1.7730788495268919e-05
leaf_weight=0.10966715048926023 0.70629695068055287 0.10411711343112973 0.18753147725146835 0.2129682072190916 0.098923672921955474 0.1313615534454583 0.18350128973179369 0.15205566631266254 1.1802445313805945 0.068356489704457069 0.032220456749200821 0.032683240748156095 0.020505199717489764 0.029819048168974405
leaf_count=25 36 8 13 17 4 4 13 3 39 6 1 24 86 41
internal_value=0.000740567 0.011045 0.0136174 0.01719 0.0214891 0.0264861 0.0302817 0.0350452 0.0306389 0.0363571 -0.0261382 0.000682651 -0.0146418 -0.02642
internal_weight=3.25025 2.54396 2.43984 2.25231 2.03934 1.84569 1.71433 1.53083 1.37877 1.26911 0.193646 0.0947227 0.0888617 0.0620395
internal_count=320 284 276 263 246 176 172 159 156 131 70 66 92 42
is_linear=0
shrinkage=0.05


Tree=260
num_leaves=15
num_cat=0
split_feature=109 149 173 183 68 58 190 188 188 153 60 199 59 199
split_gain=1.31296 0.175864 0.201457 0.138611 0.147802 0.0955478 0.115794 0.0238933 0.0207445 0.0145973 0.0432094 0.0135222 0.0165791 0.00368456
threshold=1.0000000180025095e-35 1.0000000180025095e-35 1.0000000180025095e-35 1.0000000180025095e-35 1.0000000180025095e-35 1.0000000180025095e-35 1.0000000180025095e-35 1.5000000000000002 1.5000000000000002 1.0000000180025095e-35 1.0000000180025095e-35 1.0000000180025095e-35 1.0000000180025095e-35 1.5000000000000002
decision_type=2 2 2 2 2 2 2 2 2 2 2 2 2 2
left_child=1 11 3 4 5 6 9 -8 -5 10 -3 -1 -13 -10
right_child=-2 2 -4 8 -6 -7 7 -9 13 -11 -12 12 -14 -15
leaf_value=-0.049543341830944568 -0.078905268652345872 0.0092901451207304808 -0.050093866625109507 -0.051729426605724826 -0.0090495915785351409 -0.015762757155624335 -0.030937079005330083 0.0030157895421624161 9.8678498543113685e-05 0.033804897877514131 0.041204499120928509 0.014820718219007965 -0.042010546389576388 -0.035174807538591604
leaf_weight=0.14539984431030539 0.58245287427325809 0.25331529637333117 0.14536060541286122 0.094259848818182834 0.55875990937329323 0.16485475081572065 0.071698384243063518 0.18685340629599523 0.029865144166933533 0.89799573335221794 0.18244528197101317 0.020756294114107732 0.033617654562476673 0.0098434758801886346
leaf_count=21 36 11 8 4 23 10 5 69 35 29 18 22 8 13
internal_value=-0.0106144 0.00361663 0.00709636 0.0104897 0.0133501 0.020473 0.0242245 -0.0063996 -0.0389592 0.0301611 0.0226521 -0.0415884 -0.0203162 -0.00864536
internal_weight=3.37748 2.79503 2.59525 2.44989 2.31592 1.75716 1.59231 0.258552 0.133968 1.33376 0.435761 0.199774 0.0543739 0.0397086
internal_count=312 276 225 217 165 142 132 74 52 58 29 51 30 48
is_linear=0
shrinkage=0.05


Tree=261
num_leaves=15
num_cat=0
split_feature=203 153 198 155 204 130 200 67 149 68 198 204 173 197
split_gain=0.203497 0.268331 0.338495 0.235386 0.117801 0.0611544 0.0352711 0.0286126 0.0246388 0.019928 0.0196469 0.00886107 0.00733376 0.0368631
threshold=1.0000000180025095e-35 1.0000000180025095e-35 1.0000000180025095e-35 1.0000000180025095e-35 1.0000000180025095e-35 1.0000000180025095e-35 1.0000000180025095e-35 1.0000000180025095e-35 1.0000000180025095e-35 1.0000000180025095e-35 2.5000000000000004 1.0000000180025095e-35 1.0000000180025095e-35 1.0000000180025095e-35
decision_type=2 2 2 2 2 2 2 2 2 2 2 2 2 2
left_child=3 4 -3 6 -2 12 9 -6 -5 11 -7 -1 13 -4
right_child=1 2 5 8 7 10 -8 -9 -10 -11 -12 -13 -14 -15
leaf_value=-0.021297312648885795 -0.043736467159023969 0.073538404889372758 -0.049610171248158128 0.015048451757649892 0.050708567772217862 0.051949093139287285 7.0216955464736755e-05 -0.050216650602883987 0.037162394721968001 -0.0077401862731034596 -0.025844202482746936 -0.011146937570877686 -0.050203481100316895 0.050407495199335434
leaf_weight=1.0321868576575073 0.16052963002584875 0.32981459388338408 0.03551242352114059 0.28891069336532382 0.053705044583807537 0.032523356601814157 0.42940076997183485 0.0080790342763066292 0.22332160070072848 0.53729421942261968 0.010815017360528145 0.27158455593826225 0.056939474132377654 0.012439526177558946
leaf_count=40 15 21 2 14 83 38 13 1 15 3 12 26 2 58
internal_value=0.000136513 0.0242268 0.0453322 -0.00592659 -0.0211566 -0.0174273 -0.0128338 0.0375113 0.0246896 -0.0158435 0.0325359 -0.0191829 -0.0380707 -0.0236639
internal_weight=3.48306 0.700358 0.478044 2.7827 0.222314 0.14823 2.27047 0.0617841 0.512232 1.84107 0.0433384 1.30377 0.104891 0.0479519
internal_count=343 232 133 111 99 112 82 84 29 69 50 66 62 60
is_linear=0
shrinkage=0.05


Tree=262
num_leaves=15
num_cat=0
split_feature=109 155 59 188 36 188 68 59 199 201 200 200 188 199
split_gain=0.362825 0.0857735 0.129533 0.147341 0.0758655 0.0506033 0.0419515 0.053424 0.0322416 0.0473712 0.075382 0.00673085 3.59001e-09 1.53201e-09
threshold=1.0000000180025095e-35 1.0000000180025095e-35 1.0000000180025095e-35 1.5000000000000002 1.0000000180025095e-35 2.5000000000000004 1.0000000180025095e-35 1.0000000180025095e-35 1.0000000180025095e-35 1.0000000180025095e-35 1.0000000180025095e-35 1.0000000180025095e-35 3.5000000000000004 1.0000000180025095e-35
decision_type=2 2 2 2 2 2 2 2 2 2 2 2 2 2
left_child=1 4 3 -3 6 -6 7 8 11 10 -10 -1 -7 -14
right_child=-2 2 -4 -5 5 12 -8 -9 9 -11 -12 -13 13 -15
leaf_value=0.012777898435758751 -0.035433353602783955 -0.050314896805491609 0.037699497341426497 0.042376756113019866 -0.050604906226818985 0.050094697686411893 -0.010453349317347678 -0.013957498495426008 -0.037430868639246648 -0.02692821044556433 0.05132992942629977 0.0045742345112013087 0.050056953336411393 0.050018567882446498
leaf_weight=1.1769465077777583 0.7378729157944689 0.10889590985607345 0.38033631578935001 0.070712989864659903 0.10745034180581559 0.0029488593900168789 0.57482470385730255 0.31987830149137142 0.03854828544558575 0.14421735116047785 0.06303521382415056 0.31747625983552996 0.0041105187301582191 0.0070706258295558655
leaf_count=41 40 18 17 23 4 6 4 25 31 4 9 6 11 97
internal_value=-0.00372268 0.00333259 0.0211735 -0.0138217 -0.000291535 -0.0389074 0.00149027 0.00482287 0.00827497 -0.00850615 0.0176475 0.0110351 0.0500456 0.0500327
internal_weight=4.05433 3.31645 0.559945 0.179609 2.75651 0.12158 2.63493 2.0601 1.74022 0.245801 0.101583 1.49442 0.01413 0.0111811
internal_count=336 296 58 41 238 118 120 116 91 44 40 47 114 108
is_linear=0
shrinkage=0.05


Tree=263
num_leaves=15
num_cat=0
split_feature=109 117 155 59 188 58 59 198 181 200 200 60 180 197
split_gain=0.285601 0.128953 0.114045 0.173537 0.146325 0.14585 0.144681 0.097452 0.0189298 0.0194431 0.0175875 0.077857 0.00791898 0.0058929
threshold=1.0000000180025095e-35 1.0000000180025095e-35 1.0000000180025095e-35 1.0000000180025095e-35 1.5000000000000002 1.0000000180025095e-35 1.0000000180025095e-35 1.0000000180025095e-35 1.0000000180025095e-35 1.5000000000000002 1.0000000180025095e-35 1.0000000180025095e-35 1.0000000180025095e-35 1.5000000000000002
decision_type=2 2 2 2 2 2 2 2 2 2 2 2 2 2
left_child=1 2 5 4 -4 6 7 10 -9 12 11 -1 -10 -14
right_child=-2 -3 3 -5 -6 -7 -8 8 9 -11 -12 -13 13 -15
leaf_value=0.024043641359867349 -0.033215408122250982 -0.044412243895636354 -0.050301789607150316 0.047002763625025694 0.041832489833247354 -0.051396026804526131 -0.044253534557298413 -0.0063374829938900069 0.05025351780588793 -0.050018635439624107 0.0031139343215224277 -0.0062887511060655266 -0.050195873430702954 0.0037978678623742097
leaf_weight=0.84182939521270117 0.70452968435802166 0.14220749189553306 0.10892856857390132 0.33471958595237084 0.071302647185802925 0.13160995429279854 0.15282819512913182 0.60151154906088766 0.0062875499988876973 0.052991226133599412 0.31867571720795229 0.2825654882458366 0.0073102572932839385 0.01636847186500745
leaf_count=15 34 15 17 12 22 11 39 44 23 5 14 28 1 30
internal_value=-0.00450587 0.0020845 0.00434359 0.0257038 -0.0138518 -0.000216771 0.00273701 0.00611249 -0.00942545 -0.0318158 0.0134824 0.016421 0.000373488 -0.0128714
internal_weight=3.77367 3.06914 2.92693 0.514951 0.180231 2.41198 2.28037 2.12754 0.684469 0.0829575 1.44307 1.12439 0.0299663 0.0236787
internal_count=310 276 261 51 39 210 199 160 103 59 57 43 54 31
is_linear=0
shrinkage=0.05


Tree=264
num_leaves=15
num_cat=0
split_feature=151 60 153 201 185 153 204 185 204 204 36 198 204 68
split_gain=0.10267 0.0747044 0.108408 0.169405 0.0996601 0.089319 0.0740995 0.0582282 0.0620727 0.0507414 0.194194 0.0194063 0.0167503 0.009472
threshold=1.0000000180025095e-35 1.0000000180025095e-35 1.0000000180025095e-35 1.0000000180025095e-35 1.0000000180025095e-35 1.0000000180025095e-35 1.0000000180025095e-35 1.0000000180025095e-35 1.0000000180025095e-35 1.0000000180025095e-35 1.0000000180025095e-35 2.5000000000000004 1.0000000180025095e-35 1.0000000180025095e-35
decision_type=2 2 2 2 2 2 2 2 2 2 2 2 2 2
left_child=1 4 3 7 5 6 -1 8 -3 -4 -11 -8 -6 -7
right_child=-2 2 9 -5 12 13 11 -9 -10 10 -12 -13 -14 -15
leaf_value=-0.048243529613205993 -0.050113523682741239 -0.029273807348314675 -0.029115926562306368 0.061605447124036067 0.054256520931801222 0.0010837188249959537 0.04537918812810493 -0.051879278417557219 0.051239034826891489 0.056402758216525295 -0.047729670053766597 -0.045012503184055308 0.02120687990443338 -0.0065706544311484568
leaf_weight=0.17957574583124492 0.14307821772490559 0.053762006893521175 0.8504314589081331 0.10413122177124023 0.074744827579706907 1.4471178559485909 0.031195395766872469 0.076010051298908365 0.043155664378900505 0.0827857358426628 0.097502463825549057 0.0073337289181836232 0.078709806654387537 0.56079378577578598
leaf_count=26 12 17 12 1 3 50 51 5 20 38 58 7 17 21
internal_value=-0.00855705 -0.00694452 -0.0165444 0.0112219 -0.00166835 -0.00435503 -0.0347441 -0.0191173 0.00657709 -0.024008 8.64361e-05 0.0281738 0.0373047 -0.00105409
internal_weight=3.83033 3.68725 1.30778 0.277059 2.37947 2.22602 0.218105 0.172928 0.0969177 1.03072 0.180288 0.0385291 0.153455 2.00791
internal_count=338 326 151 43 175 155 84 42 37 108 96 58 20 71
is_linear=0
shrinkage=0.05


Tree=265
num_leaves=15
num_cat=0
split_feature=109 67 64 117 68 36 199 60 188 197 188 153 200 197
split_gain=0.260182 0.115896 0.100933 0.0953493 0.103837 0.113927 0.122182 0.047964 0.0453626 0.0933539 0.0278515 0.0266029 0.109917 2.30853e-07
threshold=1.0000000180025095e-35 1.0000000180025095e-35 1.0000000180025095e-35 1.0000000180025095e-35 1.0000000180025095e-35 1.0000000180025095e-35 1.0000000180025095e-35 1.0000000180025095e-35 1.5000000000000002 1.5000000000000002 1.5000000000000002 1.0000000180025095e-35 1.0000000180025095e-35 1.5000000000000002
decision_type=2 2 2 2 2 2 2 2 2 2 2 2 2 2
left_child=1 2 3 4 5 6 10 13 -8 -10 11 12 -1 -7
right_child=-2 -3 -4 -5 -6 7 8 -9 9 -11 -12 -13 -14 -15
leaf_value=-0.0010281747951097588 -0.030380729289001138 -0.046955984669373375 -0.039288835102959913 -0.041088646761410018 -0.0084740731621234019 0.050506891444822857 -0.034401330456807197 -0.047042443591129982 0.035792196883002662 -0.048674604106037411 0.0096419722138952856 0.033427140893147002 0.049847199640766858 0.050097353689452166
leaf_weight=0.28217157494509792 0.69426889381247736 0.10773959662765253 0.1178010594940132 0.094963134859426535 0.58001363953371754 0.009059327272552653 0.12352510262280691 0.093903572331328178 0.095373625666979933 0.049787827269483387 0.25866776761358767 0.76020688284188509 0.17020748578943312 0.0055485247517026446
leaf_count=28 35 7 9 13 33 8 6 45 15 35 13 18 4 45
internal_value=-0.00303143 0.0038758 0.0059493 0.00806115 0.00998312 0.0157747 0.0188746 -0.0339313 -0.0121301 0.00682157 0.0245368 0.0277141 0.0181137 0.0503513
internal_weight=3.44324 2.74897 2.64123 2.52343 2.42847 1.84845 1.73994 0.108511 0.268687 0.145161 1.47125 1.21259 0.452379 0.0146079
internal_count=314 279 272 263 250 217 119 98 56 50 63 50 32 53
is_linear=0
shrinkage=0.05


Tree=266
num_leaves=15
num_cat=0
split_feature=109 153 203 201 59 198 197 185 181 188 204 198 188 188
split_gain=0.900525 0.193401 0.161818 0.0975862 0.142753 0.0801272 0.0617932 0.085416 0.0531313 0.0437598 0.0376597 0.0235782 0.00514242 0.0180567
threshold=1.0000000180025095e-35 1.0000000180025095e-35 1.0000000180025095e-35 1.0000000180025095e-35 1.0000000180025095e-35 1.0000000180025095e-35 1.0000000180025095e-35 1.0000000180025095e-35 1.0000000180025095e-35 1.5000000000000002 1.0000000180025095e-35 1.0000000180025095e-35 1.5000000000000002 2.5000000000000004
decision_type=2 2 2 2 2 2 2 2 2 2 2 2 2 2
left_child=1 3 5 4 6 -3 10 12 9 -4 -1 -11 -8 -14
right_child=-2 2 8 -5 -6 -7 7 -9 -10 11 -12 -13 13 -15
leaf_value=-0.04700852357142319 -0.0770131654493834 -0.023992362296261525 -0.050827290971387634 0.060318417135557217 0.026530922924135187 -0.002043132596766372 -0.050290926192030162 0.054155237607721653 0.048954501859404302 -0.012999483188340292 -0.0091241596254715805 0.051604695956024765 -0.050179916550324312 0.050124065571687686
leaf_weight=0.13499724329449236 0.52522667919902222 1.57111903936675 0.030113579705357441 0.097558176235907013 0.44422445224029161 0.56544137210948964 0.025857480708509684 0.062758588042925112 0.12297193099016113 0.024947223543676955 0.12760671885917041 0.032550515956472736 0.013400830328464508 0.006745298153418843
leaf_count=29 34 49 1 3 40 6 3 5 52 9 9 39 2 45
internal_value=-0.0162542 -0.00646609 -0.0140619 0.013058 0.00740484 -0.0181835 -0.0154736 0.0162185 0.0277558 -0.00199898 -0.0285994 0.0235741 -0.0355352 -0.0165963
internal_weight=3.78552 3.26029 2.34714 0.913149 0.815591 2.13656 0.371366 0.108762 0.210583 0.0876113 0.262604 0.0574977 0.0460036 0.0201461
internal_count=326 292 156 136 133 55 93 55 101 49 38 48 50 47
is_linear=0
shrinkage=0.05


Tree=267
num_leaves=14
num_cat=0
split_feature=155 109 204 68 183 173 59 203 188 204 198 198 149
split_gain=0.36289 0.458683 0.185427 0.125556 0.132266 0.153611 0.12951 0.140367 0.116331 0.146125 0.087252 0.0132786 0.00287162
threshold=1.0000000180025095e-35 1.0000000180025095e-35 1.0000000180025095e-35 1.0000000180025095e-35 1.0000000180025095e-35 1.0000000180025095e-35 1.0000000180025095e-35 1.0000000180025095e-35 1.5000000000000002 1.0000000180025095e-35 1.0000000180025095e-35 2.5000000000000004 1.0000000180025095e-35
decision_type=2 2 2 2 2 2 2 2 2 2 2 2 2
left_child=1 3 12 4 5 6 8 -8 -1 -10 -6 -12 -2
right_child=2 -3 -4 -5 10 -7 7 -9 9 -11 11 -13 -14
leaf_value=0.046625415537233178 -0.050011056661077719 0.092014618702952578 0.05275913047428659 -0.0061641633071854579 -0.050577179625060524 -0.025436068131458007 -0.025509017929482583 0.055660790392313086 -0.042634773168347663 0.041769310378412916 0.051515802316860107 -0.01732271133571766 -0.039787757691623404
leaf_weight=0.86929169250652305 0.21448340604547411 0.20875867316817664 0.054987979713132407 0.55237326617134375 0.098427640077716094 0.13249704150075547 0.17740299014076288 0.07611332036708518 0.090765170170926002 0.1178713489628076 0.031839169705790482 0.008981510449302732 0.10104983567725867
leaf_count=42 15 26 31 29 8 4 18 19 3 70 36 11 19
internal_value=0.0140374 0.0212476 -0.0319711 0.014394 0.0214773 0.0259066 0.0310159 -0.00113937 0.0385784 0.00505018 -0.0250887 0.0363697 -0.046737
internal_weight=2.73484 2.36432 0.370521 2.15556 1.60319 1.46394 1.33144 0.253516 1.07793 0.208637 0.139248 0.0408207 0.315533
internal_count=331 266 65 240 211 156 152 37 115 73 55 47 34
is_linear=0
shrinkage=0.05


Tree=268
num_leaves=15
num_cat=0
split_feature=200 117 151 198 60 188 197 194 153 172 180 198 188 198
split_gain=0.0659244 0.0952721 0.143711 0.0798566 0.0904704 0.0740746 0.0625426 0.0747941 0.0473608 0.0192793 0.0155275 0.00930202 6.12001e-07 7.79794e-08
threshold=1.0000000180025095e-35 1.0000000180025095e-35 1.0000000180025095e-35 1.0000000180025095e-35 1.0000000180025095e-35 1.5000000000000002 1.0000000180025095e-35 1.0000000180025095e-35 1.0000000180025095e-35 1.0000000180025095e-35 1.0000000180025095e-35 1.5000000000000002 2.5000000000000004 1.0000000180025095e-35
decision_type=2 2 2 2 2 2 2 2 2 2 2 2 2 2
left_child=1 2 3 4 8 -6 -2 10 -1 12 -8 -5 -9 -14
right_child=6 -3 -4 11 5 -7 7 9 -10 -11 -12 -13 13 -15
leaf_value=0.0039420344091889619 0.0062786483161098349 -0.02067633830982283 0.056758576640140057 -0.024088540935027904 -0.050170011109941043 0.0064002089628103637 -0.049604938409560394 0.050577580942492498 0.027884533046912185 -0.045077775821582934 -0.023284614899840329 -0.0037820701270995581 0.050255788961902075 0.050055185311096088
leaf_weight=0.27154660436645073 0.31207890738733102 0.23157271341187868 0.1731819672131677 0.062927340931992037 0.079712536185979732 0.21115636344347877 0.12570703559299545 0.015112037770450115 0.86289325506368186 0.0062535452525480642 0.10110205681303341 0.5433590762734184 0.0094665285469091032 0.0099218555485549587
leaf_count=26 10 17 5 40 19 19 11 2 18 10 12 56 6 76
internal_value=0.00622653 0.00983222 0.0130366 0.00930955 0.0157749 -0.00910284 -0.00892888 -0.0266666 0.0221535 0.0356977 -0.0378724 -0.00588971 0.0503391 0.0501531
internal_weight=3.01599 2.43635 2.20478 2.0316 1.42531 0.290869 0.579642 0.267563 1.13444 0.040754 0.226809 0.606286 0.0345004 0.0193884
internal_count=327 200 183 178 82 38 127 117 44 94 23 96 84 82
is_linear=0
shrinkage=0.05


Tree=269
num_leaves=15
num_cat=0
split_feature=68 203 151 88 197 188 200 198 200 60 204 60 173 59
split_gain=1.3737 0.106341 0.113117 0.0575223 0.0881924 0.0277541 0.0215809 0.0273413 0.0148269 0.00331558 0.000542435 0.0233168 3.24831e-05 6.74504e-09
threshold=1.0000000180025095e-35 1.0000000180025095e-35 1.0000000180025095e-35 1.0000000180025095e-35 1.5000000000000002 2.5000000000000004 1.0000000180025095e-35 2.5000000000000004 1.0000000180025095e-35 1.0000000180025095e-35 1.0000000180025095e-35 1.0000000180025095e-35 1.0000000180025095e-35 1.0000000180025095e-35
decision_type=2 2 2 2 2 2 2 2 2 2 2 2 2 2
left_child=1 2 8 6 12 -6 -3 9 10 -8 -1 -12 -5 -7
right_child=-2 3 -4 4 5 13 7 -9 -10 -11 11 -13 -14 -15
leaf_value=-0.0037045765939106926 0.13549629715809464 -0.029588586233649308 0.031807577635747597 0.050416637152330947 -0.051261660482010842 0.050009468296191961 0.0020466553292162386 -0.036460724761488747 -0.01621866009726566 0.022907739359793178 -0.020346533647683351 0.0051646444034413631 0.052711013620458297 0.05010886264248219
leaf_weight=1.3080281801230738 0.17504941330116697 0.7476670829832982 0.21959805139340449 0.028490743253883011 0.045149706304073334 0.0024825832649639779 0.042845584586757468 0.04893190463189967 0.30192600114969526 0.03429107426200062 0.15800259646175741 0.20679105026556499 0.033642471156781539 0.0054626671502546742
leaf_count=52 34 43 6 27 1 68 19 8 11 5 13 13 2 24
internal_value=-0.000871263 -0.00837008 -0.00223504 -0.0219827 0.0112227 -0.036097 -0.0263618 -0.00722521 -0.00602068 0.0113204 -0.00418006 -0.00588498 0.0516589 0.0500778
internal_weight=3.35836 3.18331 2.19435 0.988964 0.115228 0.053095 0.873736 0.126069 1.97475 0.0771367 1.67282 0.364794 0.0621332 0.00794525
internal_count=326 292 95 197 122 93 75 32 89 24 78 26 29 92
is_linear=0
shrinkage=0.05


Tree=270
num_leaves=15
num_cat=0
split_feature=198 199 153 203 59 201 109 197 204 173 151 60 172 188
split_gain=0.993695 0.668916 0.664363 0.19079 0.173379 0.178195 0.11891 0.0814922 0.0374958 0.0274814 0.0549007 0.0238024 0.00583415 3.75095e-07
threshold=1.5000000000000002 1.0000000180025095e-35 1.0000000180025095e-35 1.0000000180025095e-35 1.0000000180025095e-35 1.0000000180025095e-35 1.0000000180025095e-35 1.0000000180025095e-35 1.0000000180025095e-35 1.0000000180025095e-35 1.0000000180025095e-35 1.0000000180025095e-35 1.0000000180025095e-35 2.5000000000000004
decision_type=2 2 2 2 2 2 2 2 2 2 2 2 2 2
left_child=2 -2 4 -4 5 7 11 8 -1 10 12 -5 13 -3
right_child=1 9 3 6 -6 -7 -8 -9 -10 -11 -12 -13 -14 -15
leaf_value=-0.050208650732268878 0.13147766447969619 0.050450648048347979 -0.048912568108810818 0.038936518929241222 0.044554436541158871 0.059421718784719552 -0.026469383039111661 0.025042818639999118 -0.012496465162597083 -0.04958322591241647 -0.045336270139455959 -0.0030132454938975074 0.011161819020314146 0.050037578289274291
leaf_weight=0.14139373731450178 0.19115750156925049 0.022151608020067215 1.1938047526036824 0.092407846109381464 0.34591197784629912 0.0908651202917099 0.63828342725309994 0.079680957196615054 0.12346499221166651 0.043696690758224577 0.036692123361717677 0.053328682839037356 0.014017736546520609 0.0073092970437755858
leaf_count=35 7 4 42 19 22 1 15 19 8 5 7 28 10 102
internal_value=-0.0113014 0.0728279 -0.0209069 -0.0363276 0.0181292 -0.00286462 -0.0171649 -0.0192913 -0.032629 -0.0176829 -0.000295844 0.023586 0.0377143 0.0503482
internal_weight=3.07417 0.315025 2.75914 1.97782 0.781317 0.435405 0.78402 0.34454 0.264859 0.123867 0.0801708 0.145737 0.0434786 0.0294609
internal_count=324 135 189 104 85 63 62 62 43 128 123 47 116 106
is_linear=0
shrinkage=0.05


Tree=271
num_leaves=15
num_cat=0
split_feature=109 68 64 36 183 117 199 155 153 153 60 88 197 183
split_gain=0.196916 0.157257 0.103703 0.098673 0.101185 0.0992798 0.135988 0.039677 0.0359769 0.0283269 0.0196913 0.029372 0.0775699 0.00675791
threshold=1.0000000180025095e-35 1.0000000180025095e-35 1.0000000180025095e-35 1.0000000180025095e-35 1.0000000180025095e-35 1.0000000180025095e-35 1.0000000180025095e-35 1.0000000180025095e-35 1.0000000180025095e-35 1.0000000180025095e-35 1.0000000180025095e-35 1.0000000180025095e-35 1.5000000000000002 1.0000000180025095e-35
decision_type=2 2 2 2 2 2 2 2 2 2 2 2 2 2
left_child=1 2 3 4 5 6 7 8 -1 13 -8 -12 -13 -5
right_child=-2 -3 -4 9 -6 -7 10 -9 -10 -11 11 12 -14 -15
leaf_value=0.0059876409436863225 -0.026132328284075929 -0.018970353173881651 -0.038364185520832518 0.050402880803001163 -0.0243175896776925 -0.015590535398126333 0.0091830429912226601 0.03811655572860239 0.024932640311751162 -0.047578857816349171 -0.048635625417081677 0.052538397819321583 -0.050574139182705563 -0.0099341628711082965
leaf_weight=0.33477211356512515 0.68699417620791781 0.62965071346843604 0.1107819519647818 0.0093173683086432701 0.16622760634618305 0.22083732241298992 0.047213343265866459 0.40060030797030766 0.99664003783618682 0.088577316729697486 0.080397230587550439 0.032701249758247286 0.04124307333336219 0.0092457426569581003
leaf_count=24 37 37 9 23 18 12 13 18 24 47 10 3 24 32
internal_value=-0.00186524 0.00339684 0.00894469 0.0111034 0.0132693 0.0161694 0.0197968 0.0243202 0.0201691 -0.0358094 -0.0190736 -0.0277173 -0.00497349 0.0203508
internal_weight=3.8552 3.16821 2.53855 2.42777 2.32063 2.1544 1.93357 1.73201 1.33141 0.10714 0.201555 0.154342 0.0739443 0.0185631
internal_count=331 294 257 248 146 128 116 66 48 102 50 37 27 55
is_linear=0
shrinkage=0.05


Tree=272
num_leaves=14
num_cat=0
split_feature=135 109 25 155 200 199 203 203 59 149 190 191 200
split_gain=0.116935 0.123033 0.125269 0.0572211 0.0734958 0.0948005 0.120382 0.0552096 0.0461975 0.0212923 0.00934163 0.00710396 0.00803679
threshold=1.0000000180025095e-35 1.0000000180025095e-35 1.0000000180025095e-35 1.0000000180025095e-35 1.0000000180025095e-35 1.0000000180025095e-35 1.0000000180025095e-35 1.0000000180025095e-35 1.0000000180025095e-35 1.0000000180025095e-35 1.0000000180025095e-35 1.0000000180025095e-35 1.5000000000000002
decision_type=2 2 2 2 2 2 2 2 2 2 2 2 2
left_child=1 2 3 4 7 -6 -7 10 -9 -5 -1 -4 -13
right_child=-2 -3 11 9 5 6 -8 8 -10 -11 -12 12 -14
leaf_value=-0.0047997205380567601 -0.050962865760231957 -0.023894228895338911 -0.015649071102462522 0.012439943928760449 0.050462166558935186 -0.051047994225006235 0.051850656431596434 -0.0091586277740191881 0.056120559579115097 0.033459776767018605 -0.016060610599621682 -0.018105088229796621 -0.04718624456199505
leaf_weight=0.73954387230333052 0.14154107913054748 0.65276236100271479 0.59592220145020736 0.26674508609903569 0.15740164128510503 0.069371117278933525 0.048154186823921918 0.045854976150621951 0.066272828970795672 0.21971049091735029 0.24524218538317655 0.057184901652817643 0.040642145599122159
leaf_count=41 9 37 44 11 13 2 29 32 5 20 15 52 6
internal_value=-0.00648773 -0.00452347 0.000431182 0.00719967 0.00197498 0.0250917 -0.00888685 -0.00381894 0.0294245 0.0219337 -0.00760403 -0.0176991 -0.0301868
internal_weight=3.34635 3.20481 2.55205 1.8583 1.37184 0.274927 0.117525 1.09691 0.112128 0.486456 0.984786 0.693749 0.097827
internal_count=316 307 270 168 137 44 31 93 37 31 56 102 58
is_linear=0
shrinkage=0.05


Tree=273
num_leaves=15
num_cat=0
split_feature=60 25 116 151 188 197 190 197 198 109 173 190 199 153
split_gain=0.24698 0.142581 0.053008 0.106685 0.0421256 0.15091 0.0362977 0.0141009 0.0580133 0.0119647 0.00531095 0.00490664 0.00356626 8.57327e-05
threshold=1.0000000180025095e-35 1.0000000180025095e-35 1.0000000180025095e-35 1.0000000180025095e-35 1.5000000000000002 1.0000000180025095e-35 1.0000000180025095e-35 1.0000000180025095e-35 1.5000000000000002 1.0000000180025095e-35 1.0000000180025095e-35 1.5000000000000002 1.0000000180025095e-35 1.0000000180025095e-35
decision_type=2 2 2 2 2 2 2 2 2 2 2 2 2 2
left_child=1 2 -1 4 13 -6 -7 9 12 -2 11 -10 -9 -4
right_child=7 -3 3 -5 5 6 -8 8 10 -11 -12 -13 -14 -15
leaf_value=-0.014367177113810468 -0.033958891288138782 -0.016482888151408876 0.012243140242377472 0.052263610160912188 -0.048833025989446825 -0.027079356248492926 0.051829919126762117 0.01757689321946769 -0.028764829377488484 -0.022372226240196372 -0.050314432937379527 0.050016661011854105 0.051540953978025342 0.01317059925773228
leaf_weight=0.1865269466652536 0.35409363018698081 0.63375099364782261 0.33274076989619039 0.16231014919321762 0.1173879739944822 0.018099313136190176 0.07481079184981354 0.010953885641356464 0.0090899602696481452 0.60092029487714171 0.037615453940816224 0.0025255218565689583 0.026250882164731593 0.99209416331723332
leaf_count=14 27 61 26 5 6 2 53 9 24 3 2 31 41 15
internal_value=-0.00443884 0.00403229 0.0109334 0.0137136 0.00963772 -0.0111513 0.036458 -0.0249179 -0.00557897 -0.0266683 -0.0411886 -0.0116356 0.0415412 0.0129377
internal_weight=3.55917 2.51772 1.88397 1.69744 1.53513 0.210298 0.0929101 1.04145 0.0864357 0.955014 0.0492309 0.0116155 0.0372048 1.32483
internal_count=319 182 121 107 102 61 55 137 107 30 57 55 50 41
is_linear=0
shrinkage=0.05


Tree=274
num_leaves=15
num_cat=0
split_feature=109 68 183 117 151 153 59 60 200 59 204 188 188 172
split_gain=0.164391 0.136917 0.0930071 0.0819756 0.134885 0.048339 0.10146 0.10908 0.0756244 0.0754496 0.131454 0.0746343 0.0400863 0.0468237
threshold=1.0000000180025095e-35 1.0000000180025095e-35 1.0000000180025095e-35 1.0000000180025095e-35 1.0000000180025095e-35 1.0000000180025095e-35 1.0000000180025095e-35 1.0000000180025095e-35 1.0000000180025095e-35 1.0000000180025095e-35 1.0000000180025095e-35 1.5000000000000002 1.5000000000000002 1.0000000180025095e-35
decision_type=2 2 2 2 2 2 2 2 2 2 2 2 2 2
left_child=1 2 3 4 5 8 7 -7 9 10 -1 -9 -4 -14
right_child=-2 -3 12 -5 -6 6 -8 11 -10 -11 -12 -13 13 -15
leaf_value=-0.044170159824941449 -0.022251600253361013 -0.015999398851798088 -0.051551634078876168 -0.015690525349240453 0.063304673057564334 0.021660733582781835 -0.028631557005251908 -0.050626541525268576 0.05649409477790867 0.036800928338467986 0.051128820916383877 0.0032872164872461418 0.035044419935168443 -0.035164347401434398
leaf_weight=0.10454416371067055 0.65302560340114713 0.59880976827207621 0.076912104152142891 0.21854526492097637 0.14330147637156176 0.9419986864909331 0.16392807143029142 0.090921689057722688 0.14766141704694746 0.1679878253746665 0.055340943185003266 0.21834789793842901 0.043741765605091132 0.051954213473436539
leaf_count=26 38 34 3 18 6 18 13 9 14 13 17 52 53 10
internal_value=0.000498662 0.00541153 0.0106982 0.0134087 0.0165352 0.0129905 0.00835614 0.0132019 0.0267823 0.0134012 -0.0111844 -0.0125628 -0.0246743 -0.00307256
internal_weight=3.67702 3.024 2.42519 2.25258 2.03403 1.89073 1.4152 1.25127 0.475534 0.327873 0.159885 0.30927 0.172608 0.095696
internal_count=324 286 252 186 168 162 92 79 70 56 43 61 66 63
is_linear=0
shrinkage=0.05


Tree=275
num_leaves=15
num_cat=0
split_feature=109 135 153 117 183 59 200 60 68 151 200 188 197 59
split_gain=0.911941 0.111065 0.125027 0.11077 0.109274 0.0608625 0.164631 0.0802186 0.0536049 0.031504 0.0270984 0.0780399 0.0656086 0.0272602
threshold=1.0000000180025095e-35 1.0000000180025095e-35 1.0000000180025095e-35 1.0000000180025095e-35 1.0000000180025095e-35 1.0000000180025095e-35 1.0000000180025095e-35 1.0000000180025095e-35 1.0000000180025095e-35 1.0000000180025095e-35 1.0000000180025095e-35 1.5000000000000002 1.5000000000000002 1.0000000180025095e-35
decision_type=2 2 2 2 2 2 2 2 2 2 2 2 2 2
left_child=1 2 3 4 5 6 7 -1 10 -7 13 -12 -13 -4
right_child=-2 -3 8 -5 -6 9 -8 -9 -10 -11 11 12 -14 -15
leaf_value=-0.048743747757760858 -0.072563815270162535 -0.04861268457303005 0.0061854287180840677 -0.038712910838126252 -0.037833438436303407 0.034789297405603645 0.056179636095051881 0.025613103265618914 -0.016030310918805326 0.06749401816039817 -0.045578723951036799 0.051926722976767897 -0.028805003457228046 -0.014105296608481699
leaf_weight=0.090648398648228379 0.4944643423632441 0.11105715113080794 1.2924890418510133 0.071208435765583999 0.059106097221047094 0.16519097011007489 0.14061616726212378 0.060467817028893478 0.61445775984793716 0.13285702560278878 0.10654922062531103 0.056009473264566623 0.045699178208224112 0.18984166596601415
leaf_count=22 34 8 71 11 41 21 5 24 30 5 3 5 23 15
internal_value=-0.00945432 0.000495755 0.00229859 0.0204849 0.0269812 0.0334767 0.0172418 -0.0189905 -0.00338279 0.0493677 0.00121406 -0.0156746 0.0156528 0.0035868
internal_weight=3.63066 3.1362 3.02514 0.720095 0.648886 0.58978 0.291732 0.151116 2.30505 0.298048 1.69059 0.208258 0.101709 1.48233
internal_count=318 284 276 129 118 77 51 46 147 26 117 31 28 86
is_linear=0
shrinkage=0.05


Tree=276
num_leaves=15
num_cat=0
split_feature=155 199 203 203 198 201 198 197 188 59 60 153 59 197
split_gain=0.126389 0.0748193 0.0844547 0.0721144 0.04795 0.0406116 0.0222044 0.0205822 0.0196287 0.0179479 0.0129988 0.00444452 0.00789126 4.12782e-06
threshold=1.0000000180025095e-35 1.0000000180025095e-35 1.0000000180025095e-35 1.0000000180025095e-35 1.0000000180025095e-35 1.0000000180025095e-35 1.0000000180025095e-35 1.0000000180025095e-35 1.5000000000000002 1.0000000180025095e-35 1.0000000180025095e-35 1.0000000180025095e-35 1.0000000180025095e-35 1.5000000000000002
decision_type=2 2 2 2 2 2 2 2 2 2 2 2 2 2
left_child=1 6 -3 -2 -4 7 10 -6 -5 -10 -1 12 -9 -13
right_child=3 2 4 8 5 -7 -8 11 9 -11 -12 13 -14 -15
leaf_value=-0.024184154118878521 0.01926635706313019 -0.04166065320795153 0.043553209338589992 -0.050366541264342181 -0.0072189823880535551 -0.044425779799652364 -0.0098690981639906611 -0.021338217506776693 0.024930745106702245 -0.033500313466538541 -0.016132419257123731 0.051480006206513024 0.050396145420438826 0.050285810919712327
leaf_weight=1.1760280363087092 0.44620654050959263 0.06870568173144409 0.12083266376384927 0.048611439298838377 0.043480723223183304 0.037124397193110781 0.60760970766932576 0.0069119682088967247 0.024556702905556449 0.028273259760567271 0.87363105381882622 0.020861436713857984 0.0086088351522448647 0.011079248073656345
leaf_count=45 27 13 15 5 4 10 13 30 19 11 24 9 12 90
internal_value=-0.0114587 -0.0155223 0.00741361 0.0106153 0.02096 -0.000357064 -0.0182637 0.0176327 -0.0274379 -0.00634008 -0.0207522 0.0403999 0.0184503 0.0510658
internal_weight=3.52252 2.97487 0.317605 0.547648 0.248899 0.128067 2.65727 0.0909422 0.101441 0.05283 2.04966 0.0474615 0.0155208 0.0319407
internal_count=327 265 183 62 170 155 82 145 35 30 69 141 42 99
is_linear=0
shrinkage=0.05


Tree=277
num_leaves=15
num_cat=0
split_feature=68 199 116 190 155 60 180 191 188 188 200 59 183 190
split_gain=0.40728 0.080229 0.0972903 0.0661538 0.0159525 0.0277615 0.0103985 0.0224043 1.31994e-06 2.02911e-07 2.80687e-08 2.47743e-09 1.91308e-09 1.67606e-10
threshold=1.0000000180025095e-35 1.0000000180025095e-35 1.0000000180025095e-35 1.0000000180025095e-35 1.0000000180025095e-35 1.0000000180025095e-35 1.0000000180025095e-35 1.0000000180025095e-35 1.5000000000000002 2.5000000000000004 1.5000000000000002 1.0000000180025095e-35 1.0000000180025095e-35 2.5000000000000004
decision_type=2 2 2 2 2 2 2 2 2 2 2 2 2 2
left_child=1 4 -3 6 5 -1 -4 -8 -5 -10 11 -11 13 -13
right_child=-2 2 3 8 -6 -7 7 -9 9 10 -12 12 -14 -15
leaf_value=-0.027944546361376707 -0.070114762944277806 0.055102211667114709 -0.03597333091007747 0.050827076982475849 -0.01179931643656605 -0.016677445086217182 -0.033340524441929704 0.010118317072748087 0.050380135449057201 0.05001710021418574 0.050171615261675954 0.050014665333949382 0.050087546017993805 0.050040644036770089
leaf_weight=1.4432020041931553 0.45724813000651909 0.073024037428695787 0.081653548288158184 0.010902159847319126 0.32188558974303294 0.88011580657621369 0.062754688406130299 0.056227822636174096 0.0081415139138698578 0.0067327965746244445 0.0057002779030881348 0.0011008007415966858 0.0031963845317477535 0.0014240264904401556
leaf_count=56 34 7 8 1 27 28 8 13 2 100 8 22 12 8
internal_value=-0.0262001 -0.0194073 0.00462124 -0.0108783 -0.0222311 -0.0236764 -0.0222328 -0.0128031 0.0503645 0.0501727 0.0500797 0.0500377 0.0500618 0.0500293
internal_weight=3.41331 2.95606 0.310858 0.237834 2.6452 2.32332 0.200636 0.118983 0.037198 0.0262958 0.0181543 0.012454 0.00572121 0.00252483
internal_count=334 300 189 182 111 84 29 21 153 152 150 142 42 30
is_linear=0
shrinkage=0.05


Tree=278
num_leaves=15
num_cat=0
split_feature=109 68 153 203 116 188 204 185 180 149 190 60 188 188
split_gain=0.501451 0.601263 0.0981219 0.13064 0.0629876 0.118777 0.0419389 0.0252803 0.0455102 0.0181221 0.0114613 0.0102168 0.0091439 1.11346e-07
threshold=1.0000000180025095e-35 1.0000000180025095e-35 1.0000000180025095e-35 1.0000000180025095e-35 1.0000000180025095e-35 1.5000000000000002 1.0000000180025095e-35 1.0000000180025095e-35 1.0000000180025095e-35 1.0000000180025095e-35 1.0000000180025095e-35 1.0000000180025095e-35 2.5000000000000004 2.5000000000000004
decision_type=2 2 2 2 2 2 2 2 2 2 2 2 2 2
left_child=1 2 4 -4 -1 9 -5 8 13 -6 -8 -12 -13 -7
right_child=-2 -3 3 6 5 7 10 -9 -10 -11 11 12 -14 -15
leaf_value=-0.026175366513374501 -0.071626830664636876 -0.068066131272443861 -0.017707539812311223 0.054461952898938938 0.038593006791975172 0.050418773505651743 -0.048331598372291326 -0.048926723033399969 -0.038014470127072916 0.019004167298934949 0.050193971974678925 -0.050207986853620691 0.050012927469363672 0.050199624670640035
leaf_weight=0.1077939806800724 0.46694245213484453 0.44654552239717293 1.1962306009918391 0.088986244052648433 0.16638097091345116 0.010805570986121893 0.012854870123192308 0.068878848250733427 0.038987589626231056 0.40660021908115596 0.0094073719508287468 0.0077586760744452477 0.0032206407572630269 0.012502321261877114
leaf_count=16 30 37 38 2 12 2 10 14 30 29 19 1 48 31
internal_value=-0.0239518 -0.0153131 -0.00425576 -0.0126766 0.00941807 0.0148668 0.0365611 -0.0280519 -0.0049711 0.0246923 -0.0113586 0.0119548 -0.0208095 0.0503012
internal_weight=3.0439 2.57695 2.13041 1.31846 0.81195 0.704156 0.122228 0.131174 0.0622955 0.572981 0.0332416 0.0203867 0.0109793 0.0233079
internal_count=319 289 252 118 134 118 80 77 63 41 78 68 49 33
is_linear=0
shrinkage=0.05


Tree=279
num_leaves=15
num_cat=0
split_feature=109 20 88 203 200 197 204 153 59 199 188 189 197 200
split_gain=0.598118 0.470492 0.301542 0.0762741 0.0648494 0.0341754 0.0276547 0.015187 0.0610592 4.4641e-05 3.04828e-07 1.52585e-08 8.77952e-10 2.71157e-10
threshold=1.0000000180025095e-35 1.0000000180025095e-35 1.0000000180025095e-35 1.0000000180025095e-35 1.0000000180025095e-35 1.0000000180025095e-35 1.0000000180025095e-35 1.0000000180025095e-35 1.0000000180025095e-35 1.0000000180025095e-35 2.5000000000000004 1.5000000000000002 4.5000000000000009 1.5000000000000002
decision_type=2 2 2 2 2 2 2 2 2 2 2 2 2 2
left_child=1 3 -3 4 7 -5 -7 8 -1 -4 -11 -8 13 -13
right_child=-2 2 9 5 -6 6 11 -9 -10 10 -12 12 -14 -15
leaf_value=-0.020320615673882148 -0.067741373645117203 -0.064988221807567442 0.053191037567341039 0.050046468435757024 -0.025368481684678174 -0.050260298764493984 0.050155002373478974 0.00020444408812811832 0.020257779805151081 0.050489834627013945 0.050014921419446856 0.050015866249733067 0.050069656976845768 0.050044617748741894
leaf_weight=0.12288833130514976 0.47930279174306623 0.45090244676794089 0.040220053400844336 0.11310052819317196 0.22857105876755657 0.017526157200336456 0.005967323327467966 1.4686668974445638 0.37743289396166801 0.018134219106286764 0.0041525466372149813 0.0025103100297201308 0.0015876189281698316 0.0012179037967143813
leaf_count=36 35 23 2 6 13 2 13 43 11 3 80 52 2 3
internal_value=-0.0160598 -0.00737693 -0.0507212 0.0021352 -0.000159019 0.0376626 -0.0109542 0.00276743 0.010291 0.0521964 0.0504013 0.0501001 0.0500385 0.0500253
internal_weight=3.33218 2.85288 0.513409 2.33947 2.19756 0.14191 0.0288093 1.96899 0.500321 0.0625068 0.0222868 0.0112832 0.00531583 0.00372821
internal_count=324 289 108 181 103 78 72 90 47 85 83 70 57 55
is_linear=0
shrinkage=0.05


Tree=280
num_leaves=15
num_cat=0
split_feature=183 197 197 59 200 204 109 198 198 155 198 59 188 204
split_gain=0.0591984 0.0618936 0.0527363 0.0508874 0.0466481 0.0269171 0.0292847 0.0236201 0.0207729 0.0252672 0.00542468 0.00775688 4.30204e-05 4.37705e-07
threshold=1.0000000180025095e-35 1.0000000180025095e-35 2.5000000000000004 1.0000000180025095e-35 1.5000000000000002 1.0000000180025095e-35 1.0000000180025095e-35 1.0000000180025095e-35 1.0000000180025095e-35 1.0000000180025095e-35 1.0000000180025095e-35 1.0000000180025095e-35 1.5000000000000002 1.0000000180025095e-35
decision_type=2 2 2 2 2 2 2 2 2 2 2 2 2 2
left_child=1 3 10 5 8 6 7 -1 12 13 -2 -12 -3 -10
right_child=2 4 -4 -5 -6 -7 -8 -9 9 -11 11 -13 -14 -15
leaf_value=0.0067277343642994196 -0.050722481282605751 0.053946252555386535 0.050298002812068143 0.01454886828811397 -0.0403618333705393 -0.014230090488988659 -0.010095615931874091 -0.00564981837968637 0.050520282616673767 -0.024985824267048626 -0.0063933120523698003 -0.04973319883516486 0.051926793834119689 0.05004851342940634
leaf_weight=1.2828005283081449 0.07858508303615952 0.046176388859748729 0.01733143102910617 0.55600942985620339 0.019970768664279603 0.3884048737818383 0.55547694518463675 0.55098708765581239 0.014529978478095229 0.022554153013857103 0.020386628504411419 0.020916526868973051 0.061490202740969835 0.0074310595032323059
leaf_count=46 7 1 45 24 4 17 6 4 3 16 27 6 24 100
internal_value=0.000990184 0.00225115 -0.0312264 0.000741449 0.0314861 -0.0020224 -3.78852e-05 0.00300873 0.0409147 0.0121855 -0.0430118 -0.0283413 0.0527929 0.0503606
internal_weight=3.64305 3.50583 0.13722 3.33368 0.172153 2.77767 2.38926 1.83379 0.152182 0.0445152 0.119888 0.0413032 0.107667 0.021961
internal_count=330 245 85 97 148 73 56 50 144 119 40 33 25 103
is_linear=0
shrinkage=0.05


Tree=281
num_leaves=15
num_cat=0
split_feature=198 188 203 60 199 153 116 181 200 200 204 153 59 200
split_gain=0.704687 0.727909 0.673535 0.35202 0.308116 0.195524 0.0795611 0.0754316 0.0677845 0.0403137 0.0308859 0.0251265 0.0223605 0.0340128
threshold=1.5000000000000002 1.5000000000000002 1.0000000180025095e-35 1.0000000180025095e-35 1.0000000180025095e-35 1.0000000180025095e-35 1.0000000180025095e-35 1.0000000180025095e-35 1.0000000180025095e-35 1.0000000180025095e-35 1.0000000180025095e-35 1.0000000180025095e-35 1.0000000180025095e-35 1.0000000180025095e-35
decision_type=2 2 2 2 2 2 2 2 2 2 2 2 2 2
left_child=2 -2 5 6 -5 12 -4 -3 -6 -9 -8 -12 13 -1
right_child=1 7 3 4 8 -7 10 9 -10 -11 11 -13 -14 -15
leaf_value=-0.018174964162415107 0.16290852922614732 0.052417133776989588 0.054868559622409031 0.13813497806286149 -0.048501168247020859 -0.019873211453886919 -0.050289053103526243 0.050373596100099088 0.051762591025124829 -0.040599631536611044 0.050723791296043631 -0.016959035093394696 0.021161987032094737 0.015597588255606219
leaf_weight=0.11833116482012074 0.14732216903939832 0.048510170187455515 0.055069461464881897 0.16595315519225551 0.026915099428833855 1.3692765733021588 0.045500855834688991 0.014629870198973549 0.045109343270496538 0.07265392623844491 0.019604875297318247 0.045623093888934818 0.36931868718238547 0.20150194969028234
leaf_count=35 3 28 1 8 24 44 7 42 12 71 14 22 15 5
internal_value=0.0112313 0.0859366 0.00264132 0.0616867 0.100654 -0.00894086 0.00575457 0.00243016 0.0142946 -0.0253514 -0.0186716 0.00338367 0.0127806 0.00310249
internal_weight=2.74532 0.283116 2.4622 0.403776 0.237978 2.05843 0.165798 0.135794 0.0720244 0.0872838 0.110729 0.065228 0.689152 0.319833
internal_count=331 144 187 88 44 99 44 141 36 113 43 36 55 40
is_linear=0
shrinkage=0.05


Tree=282
num_leaves=15
num_cat=0
split_feature=25 68 155 199 149 59 60 153 197 185 88 109 199 204
split_gain=1.3848 0.291277 0.127377 0.08921 0.0513861 0.0495871 0.0220738 0.0215522 0.0132124 0.0422843 0.011582 0.00160982 3.9094e-05 3.88191e-06
threshold=1.0000000180025095e-35 1.0000000180025095e-35 1.0000000180025095e-35 1.0000000180025095e-35 1.0000000180025095e-35 1.0000000180025095e-35 1.0000000180025095e-35 1.0000000180025095e-35 1.0000000180025095e-35 1.0000000180025095e-35 1.0000000180025095e-35 1.0000000180025095e-35 1.0000000180025095e-35 1.0000000180025095e-35
decision_type=2 2 2 2 2 2 2 2 2 2 2 2 2 2
left_child=2 10 3 6 -4 7 -1 -5 -9 13 -2 -8 -12 -10
right_child=1 -3 4 5 -6 -7 11 8 9 -11 12 -13 -14 -15
leaf_value=-0.0236927905008339 0.01004638872985201 0.15697116235425443 -0.0016518432043264462 0.041270031676253566 0.031438479586675554 0.054231862572279625 -0.010534989963260298 -0.020530914088215144 0.051388510915585689 -0.048507696582395197 0.052899221828419787 -0.01498859302424101 0.050328834939783407 0.050164492856723787
leaf_weight=1.2675323174298698 0.022824796781605872 0.14942750332829746 0.29215827717962384 0.026024856509138661 0.19605274342029577 0.057412491717741432 0.31551696991300549 0.082713494077324867 0.017904996871949241 0.017264829957639449 0.035280965268611908 0.56851027000266185 0.025473704763157912 0.010149257055217187
leaf_count=50 18 28 18 18 23 19 24 3 1 6 1 3 73 48
internal_value=-0.00203641 0.115162 -0.011614 -0.0164176 0.0116364 0.0145705 -0.0194633 -0.000210121 -0.00864169 0.0130578 0.0404131 -0.0133991 0.0518215 0.0509457
internal_weight=3.08425 0.233007 2.85124 2.36303 0.488211 0.21147 2.15156 0.154057 0.128033 0.0453191 0.0835795 0.884027 0.0607547 0.0280543
internal_count=333 120 213 172 41 95 77 76 58 55 92 27 74 49
is_linear=0
shrinkage=0.05


Tree=283
num_leaves=15
num_cat=0
split_feature=109 68 67 64 183 135 117 199 59 153 190 185 199 155
split_gain=1.31521 0.655961 0.145582 0.12303 0.0926907 0.0783343 0.0756419 0.148608 0.0401441 0.0263341 0.0170576 0.0165913 0.00977099 0.00971483
threshold=1.0000000180025095e-35 1.0000000180025095e-35 1.0000000180025095e-35 1.0000000180025095e-35 1.0000000180025095e-35 1.0000000180025095e-35 1.0000000180025095e-35 1.0000000180025095e-35 1.0000000180025095e-35 1.0000000180025095e-35 1.0000000180025095e-35 1.0000000180025095e-35 1.5000000000000002 1.0000000180025095e-35
decision_type=2 2 2 2 2 2 2 2 2 2 2 2 2 2
left_child=1 2 3 4 5 6 7 8 9 -1 -6 13 -12 -9
right_child=-2 -3 -4 -5 10 -7 -8 11 -10 -11 12 -13 -14 -15
leaf_value=0.022699292861390552 -0.070445513379570793 0.10900062374864988 -0.047324825073407149 -0.040958566982410932 -0.033176928176514422 -0.019679290420503218 -0.010330673854023819 -0.044701379988805107 0.018133025495579415 0.041643477309685345 0.050423017918182614 -0.0017104601043121182 -0.019106411290440731 -0.004325935299688363
leaf_weight=0.23916683466086552 0.47565343045471298 0.19340091120193381 0.096100913360714801 0.091590451538649975 0.097976166987791546 0.11030645528808225 0.14817516803486785 0.063571950639129571 0.37598782470740832 0.78738478429659153 0.010584168660557225 0.066405361278384589 0.0096688199037089362 0.019458668137644963
leaf_count=32 36 36 8 9 5 4 12 69 17 19 34 17 23 7
internal_value=0.00526573 0.020857 0.0128021 0.0156623 0.0183511 0.0211522 0.0238014 0.0270601 0.0321104 0.0372298 -0.0245422 -0.0203399 0.0172295 -0.0352392
internal_weight=2.78543 2.30978 2.11638 2.02028 1.92869 1.81046 1.70015 1.55198 1.40254 1.02655 0.118229 0.149436 0.020253 0.0830306
internal_count=328 292 256 248 239 177 173 161 68 51 62 93 57 76
is_linear=0
shrinkage=0.05


Tree=284
num_leaves=15
num_cat=0
split_feature=68 117 67 203 200 153 59 187 198 88 102 200 198 183
split_gain=0.30669 0.277425 0.16105 0.180054 0.135002 0.128154 0.089566 0.0614513 0.0418207 0.0333415 0.0650885 0.00396851 3.54098e-06 5.59846e-07
threshold=1.0000000180025095e-35 1.0000000180025095e-35 1.0000000180025095e-35 1.0000000180025095e-35 1.0000000180025095e-35 1.0000000180025095e-35 1.0000000180025095e-35 1.0000000180025095e-35 1.0000000180025095e-35 1.0000000180025095e-35 1.0000000180025095e-35 1.0000000180025095e-35 1.5000000000000002 1.0000000180025095e-35
decision_type=2 2 2 2 2 2 2 2 2 2 2 2 2 2
left_child=1 2 3 4 5 6 -1 9 -9 11 -11 -5 13 -10
right_child=-2 -3 -4 7 -6 -7 -8 8 12 10 -12 -13 -14 -15
leaf_value=-0.018086142885237057 -0.023108836412689529 -0.04615013252439279 -0.043738501097725001 -0.046833225675704741 0.0037506380139063684 0.05350631364610018 0.033115615882995143 -0.044796908661297263 0.050911988915722774 0.05149734599433177 -0.04444279225910245 -0.027828746430130009 0.050310475537960232 0.051341065089369323
leaf_weight=0.11865194361962517 0.64708618596523582 0.16187260907463485 0.088166575646027812 0.090307295575712376 0.31933152270903509 0.7118834612201681 0.30486920775524595 0.014701946878631134 0.013216075893069501 0.033990014012715619 0.03683816951576091 0.039478353080085071 0.020344100282954969 0.017896965613999782
leaf_count=29 41 19 9 18 15 28 11 7 28 18 49 18 37 4
internal_value=0.0067591 0.0165621 0.0221716 0.0255472 0.0324718 0.0405496 0.0187711 -0.0122133 0.0295746 -0.0259943 0.0015983 -0.0410524 0.0508234 0.0511588
internal_weight=2.61863 1.97155 1.80968 1.72151 1.45474 1.1354 0.423521 0.266773 0.0661591 0.200614 0.0708282 0.129786 0.0514571 0.031113
internal_count=331 290 271 262 83 68 40 179 76 103 67 36 69 32
is_linear=0
shrinkage=0.05


Tree=285
num_leaves=15
num_cat=0
split_feature=25 109 58 59 155 190 60 153 200 188 153 180 181 153
split_gain=0.166532 0.0909433 0.120868 0.0273726 0.324073 0.0447608 0.0418089 0.0706901 0.0413349 0.0290472 0.00982353 0.00591225 0.0120302 7.23783e-05
threshold=1.0000000180025095e-35 1.0000000180025095e-35 1.0000000180025095e-35 1.0000000180025095e-35 1.0000000180025095e-35 1.0000000180025095e-35 1.0000000180025095e-35 1.0000000180025095e-35 1.0000000180025095e-35 1.5000000000000002 1.0000000180025095e-35 1.0000000180025095e-35 1.0000000180025095e-35 1.0000000180025095e-35
decision_type=2 2 2 2 2 2 2 2 2 2 2 2 2 2
left_child=1 2 3 5 13 6 -1 -8 -9 -7 11 12 -2 -5
right_child=10 -3 -4 4 -6 9 7 8 -10 -11 -12 -13 -14 -15
leaf_value=0.028844008854575678 -0.042436041382772148 -0.011002174154219092 -0.030410673104935212 -0.045575600440533708 0.040419611335635555 -0.033177005928727743 0.03014307773663167 -0.047935161435636336 0.0069467296487406424 0.0088158938971457362 -0.022917582508717445 -0.011505451120484587 0.05026482752285958 -0.043635432678917146
leaf_weight=0.81169158843113176 0.0049517579609527065 0.58138422394404177 0.15771742656761478 0.089135970662937214 0.26749856440619624 0.054993856989312806 0.15277066023554653 0.065694839404386585 0.071810366534009518 0.16394897566169675 0.64633214807565764 0.046021892427688726 0.011935992886833446 0.10433639819984819
leaf_count=22 3 19 11 20 6 5 19 19 4 61 61 17 33 11
internal_value=0.000322011 0.00634364 0.011543 0.0152563 0.00476602 0.0189173 0.0230199 0.00673405 -0.0192738 -0.00173184 -0.0210817 -0.00222025 0.0230835 -0.0445293
internal_weight=3.23022 2.52098 1.9396 1.78188 0.460971 1.32091 1.10197 0.290276 0.137505 0.218943 0.709242 0.0629096 0.0168878 0.193472
internal_count=311 197 178 167 37 130 64 42 23 66 114 53 36 31
is_linear=0
shrinkage=0.05


Tree=286
num_leaves=15
num_cat=0
split_feature=200 204 109 25 155 183 135 153 155 60 188 59 199 188
split_gain=0.169316 0.159869 0.11896 0.0963045 0.144451 0.0958307 0.114835 0.0605232 0.0479475 0.0382993 0.0357552 0.0339076 0.0160574 0.00276004
threshold=1.0000000180025095e-35 1.0000000180025095e-35 1.0000000180025095e-35 1.0000000180025095e-35 1.0000000180025095e-35 1.0000000180025095e-35 1.0000000180025095e-35 1.0000000180025095e-35 1.0000000180025095e-35 1.0000000180025095e-35 1.5000000000000002 1.0000000180025095e-35 1.5000000000000002 1.5000000000000002
decision_type=2 2 2 2 2 2 2 2 2 2 2 2 2 2
left_child=1 2 3 4 -1 6 -2 -3 9 13 -7 12 -12 -9
right_child=5 7 -4 -5 -6 10 -8 8 -10 -11 11 -13 -14 -15
leaf_value=-0.054969912009404043 0.055010298116585435 0.05054098278585302 -0.010310316857687268 -0.020427930293849123 -0.01448896510576585 -0.051078578195356786 -0.014406653978817026 -0.051000920072631573 0.052644537920379292 0.0014975818725702264 0.050824709712642163 -0.036067123949990329 -0.026142419604592265 -0.030781202673791131
leaf_weight=0.8894974958675459 0.15308527729348487 0.063732142697744965 0.56468108011176799 0.60604661455727171 0.29295273558818735 0.064596828538924456 0.097537524998188019 0.041033920599147677 0.03314056497765705 0.165542057454104 0.028926835267157003 0.033935791245994551 0.0088496019989179331 0.028669092675272623
leaf_count=39 34 33 8 6 23 4 2 2 2 64 40 14 22 25
internal_value=-0.0212786 -0.0257342 -0.0303175 -0.0366344 -0.0449407 0.00964367 0.0279946 0.00673987 -0.00366135 -0.0115935 -0.024097 0.000207518 0.0327942 -0.0426845
internal_weight=3.07223 2.6853 2.35318 1.7885 1.18245 0.386932 0.250623 0.332118 0.268386 0.235245 0.136309 0.0717122 0.0377764 0.069703
internal_count=318 202 76 68 62 116 36 126 93 91 80 76 62 27
is_linear=0
shrinkage=0.05


Tree=287
num_leaves=15
num_cat=0
split_feature=153 201 203 59 135 204 151 197 198 181 188 199 198 198
split_gain=0.080823 0.0999325 0.0870027 0.083892 0.0534622 0.0763557 0.0691052 0.123481 0.00463629 0.0116092 0.0430755 0.0096936 0.00430636 0.00157815
threshold=1.0000000180025095e-35 1.0000000180025095e-35 1.0000000180025095e-35 1.0000000180025095e-35 1.0000000180025095e-35 1.0000000180025095e-35 1.0000000180025095e-35 1.0000000180025095e-35 1.0000000180025095e-35 1.0000000180025095e-35 1.5000000000000002 1.5000000000000002 2.5000000000000004 1.0000000180025095e-35
decision_type=2 2 2 2 2 2 2 2 2 2 2 2 2 2
left_child=1 4 13 8 5 6 7 -1 -4 10 -10 -11 -7 -2
right_child=2 -3 3 -5 -6 12 -8 -9 9 11 -12 -13 -14 -15
leaf_value=-0.048262909234927917 -0.023289010011005213 0.057091726385054234 -0.005548604995342616 0.054930742998984844 -0.047102336059937328 0.04928324398785254 0.013950197663685944 0.032179201069498543 -0.050553297083931185 -0.048258682609748797 0.050916698869703014 0.0015902868588400891 0.016276172954629835 -0.020194707256839056
leaf_weight=0.17012561968294904 1.361714401507925 0.074780526792892488 0.58712387678360745 0.059127044914930593 0.064823278022231534 0.072371054490304565 0.20521872816607356 0.066296468983637169 0.020359091460704803 0.03498511330326437 0.021508934513803979 0.013521735002541391 0.011444463814314076 0.59085912621230807
leaf_count=42 40 3 18 17 3 81 7 6 1 22 42 29 12 6
internal_value=-0.012969 0.002638 -0.0168288 -0.00218661 -0.00426056 0.00102464 -0.00727865 -0.0257057 -0.00717139 -0.0177139 0.00157506 -0.0343628 0.0447763 -0.0223527
internal_weight=3.35426 0.66506 2.6892 0.736626 0.59028 0.525456 0.441641 0.236422 0.677499 0.0903749 0.041868 0.0485068 0.0838155 1.95257
internal_count=329 154 175 129 151 148 55 48 112 94 43 51 93 46
is_linear=0
shrinkage=0.05


Tree=288
num_leaves=15
num_cat=0
split_feature=135 25 58 153 201 155 59 60 199 200 199 60 203 203
split_gain=0.085609 0.0774575 0.0523611 0.0272996 0.064996 0.0592227 0.0429108 0.0223167 0.00492789 0.0367951 0.0111759 0.00364427 0.0401988 0.00247066
threshold=1.0000000180025095e-35 1.0000000180025095e-35 1.0000000180025095e-35 1.0000000180025095e-35 1.0000000180025095e-35 1.0000000180025095e-35 1.0000000180025095e-35 1.0000000180025095e-35 1.0000000180025095e-35 1.5000000000000002 1.5000000000000002 1.0000000180025095e-35 1.0000000180025095e-35 1.0000000180025095e-35
decision_type=2 2 2 2 2 2 2 2 2 2 2 2 2 2
left_child=1 2 3 4 5 6 11 -5 -3 10 -10 12 -1 -9
right_child=-2 8 -4 7 -6 -7 -8 13 9 -11 -12 -13 -14 -15
leaf_value=-0.04660253848196827 -0.048079988563051942 -0.019521978253484073 -0.028292308318629045 0.00418183330831333 0.056701633730421912 0.017661164058388263 -0.045790381953488363 -0.011557694046988715 0.050337538930858676 -0.047795190825815806 0.0022955161208954998 0.012981096731032888 0.046446055996371222 -0.0051273159058506735
leaf_weight=0.026705993750512413 0.10777337438776147 0.59148720168741409 0.14396605573347176 1.1506237633107046 0.071582405274966732 0.35781427691654244 0.076892540975563861 0.2036815385299634 0.018590397484899768 0.033538390616740799 0.034702523588975964 0.052504342486372479 0.020530759624307393 0.56025776610317735
leaf_count=10 9 6 10 41 2 32 21 13 56 8 48 13 12 43
internal_value=-0.00421848 -0.0028044 0.00103573 0.00271083 0.0119596 0.00596699 -0.0177224 -0.000216755 -0.0178891 -0.00676621 0.0190542 0.00391583 -0.00616034 -0.00684178
internal_weight=3.45065 3.34288 2.66456 2.52059 0.60603 0.534448 0.176634 1.91456 0.678319 0.0868313 0.0532929 0.0997411 0.0472368 0.763939
internal_count=324 315 197 187 90 88 56 97 118 112 104 35 22 56
is_linear=0
shrinkage=0.05


Tree=289
num_leaves=15
num_cat=0
split_feature=185 188 204 36 197 200 203 155 116 190 20 197 155 58
split_gain=0.137526 0.055376 0.0816618 0.0982648 0.0570473 0.0477498 0.0411656 0.0254081 0.019621 0.0195656 0.00915795 0.00190952 1.7755e-05 7.0707e-06
threshold=1.0000000180025095e-35 1.5000000000000002 1.0000000180025095e-35 1.0000000180025095e-35 1.0000000180025095e-35 1.5000000000000002 1.0000000180025095e-35 1.0000000180025095e-35 1.0000000180025095e-35 1.0000000180025095e-35 1.0000000180025095e-35 1.0000000180025095e-35 1.0000000180025095e-35 1.0000000180025095e-35
decision_type=2 2 2 2 2 2 2 2 2 2 2 2 2 2
left_child=1 6 -3 9 -5 13 7 10 -6 -4 -1 -11 -13 -2
right_child=5 2 3 4 8 -7 -8 -9 -10 11 -12 12 -14 -15
leaf_value=-0.026416792296972809 0.052334434615683691 -0.036452458482677884 0.010653588784120652 -0.050772038551333901 -0.044684921130392241 -0.0045471589118121136 -0.0072744642213509892 -0.0082748171361365468 0.050150258432860355 0.039914151546019926 -0.018772587870709533 0.050426403373078611 0.052385661558659695 0.053169079983467371
leaf_weight=1.1779993000964184 0.053124158421269274 0.10558995165047302 0.061393043344650455 0.070346452703233808 0.0069610803238909771 0.056649347667189431 0.66566783975576971 0.30633378482889373 0.025193305884896877 0.091394677408970892 0.58707122225314368 0.016784265591127223 0.037171951336404163 0.048577354024018859
leaf_count=45 20 5 19 3 4 9 14 22 139 4 3 31 5 3
internal_value=-0.0132268 -0.0155111 0.0015124 0.0144753 -0.0255533 0.0322413 -0.0180912 -0.0215673 0.0296195 0.0343209 -0.0238743 0.0443175 0.0517762 0.0527331
internal_weight=3.31026 3.15191 0.414835 0.309245 0.102501 0.158351 2.73707 2.0714 0.0321544 0.206744 1.76507 0.145351 0.0539562 0.101702
internal_count=326 294 210 205 146 32 84 70 143 59 48 40 36 23
is_linear=0
shrinkage=0.05


Tree=290
num_leaves=15
num_cat=0
split_feature=185 201 201 181 198 204 188 109 109 155 20 155 153 188
split_gain=0.08544 0.084085 0.0744574 0.0594572 0.0851227 0.0585982 0.0482179 0.031643 0.025601 0.0151569 0.0102747 0.0053465 0.0158137 0.016111
threshold=1.0000000180025095e-35 1.0000000180025095e-35 1.0000000180025095e-35 1.0000000180025095e-35 2.5000000000000004 1.0000000180025095e-35 1.5000000000000002 1.0000000180025095e-35 1.0000000180025095e-35 1.0000000180025095e-35 1.0000000180025095e-35 1.0000000180025095e-35 1.0000000180025095e-35 2.5000000000000004
decision_type=2 2 2 2 2 2 2 2 2 2 2 2 2 2
left_child=2 -2 3 5 -5 8 -7 11 9 10 -1 12 -8 -14
right_child=1 -3 -4 4 -6 6 7 -9 -10 -11 -12 -13 13 -15
leaf_value=-0.025872424964573287 0.052563302822614115 -0.018487177282134493 0.025989744398930099 0.05386700532122727 -0.039748829221629006 -0.030480914063815367 0.051004484251588614 -0.035222540184739609 -0.009246189444870918 -0.011530176750297667 -0.017721602766222307 0.05212098701939271 -0.020810526015335659 0.050369588796355717
leaf_weight=1.1607709694653769 0.098280790114131267 0.072256039828062057 0.11257456457951764 0.069510036893006943 0.037318815257549431 0.050785060855560338 0.038649747698855208 0.017618455707633984 0.56100819562561799 0.33407732119667333 0.57974325120449055 0.037976863219228107 0.022354757296852767 0.012336645838217919
leaf_count=43 22 3 16 79 37 5 15 12 8 27 2 10 4 51
internal_value=-0.0119772 0.0224594 -0.0139123 -0.0154495 0.0211639 -0.0168388 0.0107852 0.027039 -0.0187225 -0.0212851 -0.0231575 0.0368932 0.0290081 0.00450191
internal_weight=3.20526 0.170537 3.03472 2.92215 0.106829 2.81532 0.179722 0.128936 2.6356 2.07459 1.74051 0.111318 0.0733412 0.0346914
internal_count=334 25 309 293 116 177 97 92 80 72 45 80 70 55
is_linear=0
shrinkage=0.05


Tree=291
num_leaves=15
num_cat=0
split_feature=59 203 200 58 188 188 203 60 25 204 25 203 149 204
split_gain=0.129224 0.0583701 0.033231 0.0439525 0.0431549 0.0364698 0.0136507 0.0147185 0.0124303 0.0122842 0.0100197 0.00186452 0.000853052 6.48196e-08
threshold=1.0000000180025095e-35 1.0000000180025095e-35 1.0000000180025095e-35 1.0000000180025095e-35 1.5000000000000002 2.5000000000000004 1.0000000180025095e-35 1.0000000180025095e-35 1.0000000180025095e-35 1.0000000180025095e-35 1.0000000180025095e-35 1.0000000180025095e-35 1.0000000180025095e-35 1.0000000180025095e-35
decision_type=2 2 2 2 2 2 2 2 2 2 2 2 2 2
left_child=2 12 4 5 8 -4 -6 -8 11 -3 -11 -1 -2 -9
right_child=1 9 3 -5 6 -7 7 13 -10 10 -12 -13 -14 -15
leaf_value=-0.010332072265554835 0.022308214001647456 -0.042005822510462677 -0.025312811769227395 0.052847611418940343 -0.044332795579449968 0.050174395455969412 -0.030348925293111881 0.050360864953347365 -0.017479526535832648 -0.018965315317326134 0.050303383514497403 -0.0065154135437115309 0.027017120592697653 0.050076372311632034
leaf_weight=0.75852047427906766 0.18120651913341135 0.042510820319876075 0.069519791984930523 0.0443385400230909 0.13883127356621106 0.020783694646524964 0.018046210832267207 0.0048452704213567399 0.58622758393175889 0.016851523012064717 0.0075639025617419966 0.55349192844005302 0.20496707204756592 0.003412179686051009
leaf_count=41 9 5 11 5 15 83 19 1 4 20 22 6 14 51
internal_value=-0.00697684 0.0173366 -0.0119888 0.0120784 -0.0135593 -0.00793914 -0.0380754 -0.00504878 -0.0114265 -0.0257718 0.00249414 -0.00872196 0.0248075 0.0502433
internal_weight=2.65112 0.4531 2.19802 0.134642 2.06337 0.0903035 0.165135 0.0263037 1.89824 0.0669262 0.0244154 1.31201 0.386174 0.00825745
internal_count=306 70 236 99 137 94 86 71 51 47 42 47 23 52
is_linear=0
shrinkage=0.05


Tree=292
num_leaves=15
num_cat=0
split_feature=198 199 149 173 189 200 88 190 149 116 204 59 198 199
split_gain=0.818174 0.372121 0.174726 0.0414506 0.0197271 0.0320033 0.0103584 0.00855327 0.00205446 0.000327622 1.10708e-07 1.46716e-09 6.62295e-10 4.91955e-13
threshold=1.5000000000000002 1.0000000180025095e-35 1.0000000180025095e-35 1.0000000180025095e-35 1.0000000180025095e-35 1.0000000180025095e-35 1.0000000180025095e-35 1.0000000180025095e-35 1.0000000180025095e-35 1.0000000180025095e-35 1.0000000180025095e-35 1.0000000180025095e-35 2.5000000000000004 1.5000000000000002
decision_type=2 2 2 2 2 2 2 2 2 2 2 2 2 2
left_child=2 -2 9 6 -4 7 8 -6 -3 -1 -8 13 -13 -12
right_child=1 3 4 -5 5 -7 10 -9 -10 -11 11 12 -14 -15
leaf_value=-0.050511540910273357 0.12657903100815535 0.01459799468177549 0.0022695110057674448 -0.048558617953527006 0.021209390660219887 -0.033310093290002223 0.050308897653398625 -0.016585372991634272 -0.01518095956684818 -0.046377890092688612 0.050007830280393364 0.050034566259132177 0.050086657397887084 0.050009312964594127
leaf_weight=0.094804563355864957 0.19100854883436102 0.016047989132403018 2.3661250676268542 0.030301223043352365 0.051359885233978164 0.10142879842385355 0.018338746478548273 0.021127451674374242 0.009062696223736566 0.096956231242985136 0.0010382249204212704 0.0010682833523105728 0.0014229637693006225 0.0012132084526683684
leaf_count=6 7 13 76 6 15 22 6 31 15 29 39 14 8 31
internal_value=0.00580008 0.0889155 -0.00239955 -0.0027363 0.00107488 -0.015178 0.0260749 0.0101936 0.00385047 -0.0484215 0.0502532 0.0500379 0.0500643 0.0500086
internal_weight=3.0013 0.269502 2.7318 0.0784933 2.54004 0.173916 0.0481921 0.0724873 0.0251107 0.191761 0.0230814 0.00474268 0.00249125 0.00225143
internal_count=318 139 179 132 144 68 126 46 28 35 98 92 22 70
is_linear=0
shrinkage=0.05


Tree=293
num_leaves=15
num_cat=0
split_feature=25 204 58 109 117 151 197 190 188 188 203 59 188 201
split_gain=0.0833973 0.055174 0.0524699 0.0592754 0.0628102 0.119055 0.0319991 0.055046 0.0214521 0.0192753 1.30335e-05 2.51529e-07 7.53582e-08 1.8065e-08
threshold=1.0000000180025095e-35 1.0000000180025095e-35 1.0000000180025095e-35 1.0000000180025095e-35 1.0000000180025095e-35 1.0000000180025095e-35 1.0000000180025095e-35 1.0000000180025095e-35 1.5000000000000002 2.5000000000000004 1.0000000180025095e-35 1.0000000180025095e-35 2.5000000000000004 1.0000000180025095e-35
decision_type=2 2 2 2 2 2 2 2 2 2 2 2 2 2
left_child=2 -2 3 4 5 6 -1 8 -8 -3 -11 12 -9 -14
right_child=1 9 -4 -5 -6 -7 7 11 -10 10 -12 -13 13 -15
leaf_value=0.010373009792925755 -0.020577977825938103 -0.015663585931597869 -0.027253479815276174 -0.0092390500485466463 -0.019070920206141869 0.059660394230028141 -0.050907009892031466 0.050294620549362817 -0.0064302287622312951 0.052366611624222237 0.050025754193128082 0.050526218138473356 0.050032466623064965 0.050168213782238562
leaf_weight=1.5160468853719078 0.6276780428015627 0.014682767447084077 0.13479717088375753 0.58253918845412034 0.18162204505642865 0.12107465406279505 0.059320827480405458 0.0084664309397339821 0.049929932826216827 0.030135696385741539 0.0074081392654647962 0.0076359351037353909 0.0056129774911823915 0.0043503958222572692
leaf_count=58 8 3 13 22 11 4 4 3 17 6 110 14 57 5
internal_value=-0.000834897 -0.0164694 0.00314429 0.00475965 0.00893291 0.0118025 0.00829362 -0.0150033 -0.0305802 0.0329088 0.0519047 0.0502849 0.0501849 0.0500917
internal_weight=3.3513 0.679905 2.6714 2.5366 1.95406 1.77244 1.65136 0.135316 0.109251 0.0522266 0.0375438 0.0260657 0.0184298 0.00996337
internal_count=335 127 208 195 173 162 158 100 21 119 116 79 65 62
is_linear=0
shrinkage=0.05


Tree=294
num_leaves=15
num_cat=0
split_feature=149 68 135 109 58 197 188 199 59 59 116 199 155 188
split_gain=0.143239 0.120298 0.0535956 0.0529215 0.067211 0.0778844 0.05617 0.0187042 0.0104541 0.00959403 5.99285e-06 1.80707e-07 3.70986e-08 9.16683e-10
threshold=1.0000000180025095e-35 1.0000000180025095e-35 1.0000000180025095e-35 1.0000000180025095e-35 1.0000000180025095e-35 1.0000000180025095e-35 2.5000000000000004 1.0000000180025095e-35 1.0000000180025095e-35 1.0000000180025095e-35 1.0000000180025095e-35 1.0000000180025095e-35 1.0000000180025095e-35 3.5000000000000004
decision_type=2 2 2 2 2 2 2 2 2 2 2 2 2 2
left_child=7 2 3 4 5 9 -7 10 -9 -2 -1 -8 13 -13
right_child=1 -3 -4 -5 -6 6 11 8 -10 -11 -12 12 -14 -15
leaf_value=-0.050477156952188032 0.018384845011970973 -0.020312040866821181 -0.027615875372667437 -0.0072959297377796738 -0.024834273426044665 -0.039267439020077705 0.050398000350478304 0.017431609734600156 -0.037055409530205342 0.0081336432418240411 -0.049890245732386818 0.050049934203840518 0.050238960956109802 0.050011661149713088
leaf_weight=0.088552623317809775 1.1925544150872167 0.62098222145550597 0.12420662873773824 0.55669711205609917 0.12529956274738641 0.10570003808243189 0.011082780865763198 0.017337181714765393 0.017884254672026145 0.28226099250605319 0.08547732782972195 0.0039610924395674374 0.0033716222613975333 0.0025857807946749745
leaf_count=6 41 40 7 34 8 12 11 25 12 9 19 13 9 88
internal_value=-0.00345466 -0.000690448 0.00437022 0.00611003 0.0104319 0.013191 -0.024428 -0.0434638 -0.0102351 0.0164229 -0.0501889 0.0502593 0.0501042 0.0500348
internal_weight=3.23795 3.0287 2.40772 2.28351 1.72682 1.60152 0.126701 0.209251 0.0352214 1.47482 0.17403 0.0210013 0.0099185 0.00654687
internal_count=334 272 232 225 191 183 133 62 37 50 25 121 110 101
is_linear=0
shrinkage=0.05


Tree=295
num_leaves=15
num_cat=0
split_feature=68 60 116 203 203 155 188 59 188 198 200 153 198 200
split_gain=0.121311 0.197698 0.0943502 0.0767089 0.0690683 0.0224701 0.0234665 0.0204104 0.0147463 0.051322 0.0161149 0.0112566 0.0101892 0.00610257
threshold=1.0000000180025095e-35 1.0000000180025095e-35 1.0000000180025095e-35 1.0000000180025095e-35 1.0000000180025095e-35 1.0000000180025095e-35 1.5000000000000002 1.0000000180025095e-35 1.5000000000000002 1.5000000000000002 1.5000000000000002 1.0000000180025095e-35 2.5000000000000004 1.0000000180025095e-35
decision_type=2 2 2 2 2 2 2 2 2 2 2 2 2 2
left_child=1 2 -1 7 13 6 -5 -4 -6 -10 12 -8 -11 -3
right_child=-2 4 3 5 8 -7 11 -9 9 10 -12 -13 -14 -15
leaf_value=-0.017391589592703347 -0.019249375819413102 -0.033267234019678515 0.027760275266679919 0.042442969816853471 -0.0089603350566029617 -0.038068017886726722 0.020209259973212036 0.014453416948055357 0.051491108013012536 0.050258540392910535 -0.0489338123451388 -0.037655218316196393 -0.031248338288344609 -0.051634195592629564
leaf_weight=0.1908138070512001 0.61375254459062478 0.13421549029681035 0.90966100930017979 0.02441049786284577 0.56826702039688826 0.063655106843100384 0.012122997666097035 0.42177568351439731 0.04346443022029689 0.0088209946802635386 0.027151916423463263 0.027402736743738387 0.006782635102581481 0.068208278622478247
leaf_count=19 41 30 28 5 7 24 29 22 43 36 4 23 16 3
internal_value=0.000674138 0.0055522 0.0156718 0.0199959 -0.0139314 -0.017039 0.00389755 0.0235449 -0.00603693 0.0132309 -0.0256636 -0.0199075 0.0148289 -0.0394561
internal_weight=3.12051 2.50675 1.64984 1.45903 0.856911 0.127591 0.0639362 1.33144 0.654487 0.08622 0.0427555 0.0395257 0.0156036 0.202424
internal_count=330 289 150 131 139 81 57 50 106 99 56 52 52 33
is_linear=0
shrinkage=0.05


Tree=296
num_leaves=15
num_cat=0
split_feature=25 199 149 109 58 204 188 200 88 59 151 190 116 188
split_gain=0.656826 0.270256 0.139592 0.107648 0.113006 0.0571041 0.0897687 0.138968 0.0295438 0.0170283 0.0126506 0.00311919 0.000428598 1.14414e-07
threshold=1.0000000180025095e-35 1.0000000180025095e-35 1.0000000180025095e-35 1.0000000180025095e-35 1.0000000180025095e-35 1.0000000180025095e-35 1.5000000000000002 1.0000000180025095e-35 1.0000000180025095e-35 1.0000000180025095e-35 1.0000000180025095e-35 1.0000000180025095e-35 1.0000000180025095e-35 2.5000000000000004
decision_type=2 2 2 2 2 2 2 2 2 2 2 2 2 2
left_child=2 -2 12 4 5 9 -7 11 10 -4 -3 -8 -1 -10
right_child=1 8 3 -5 -6 6 7 -9 13 -11 -12 -13 -14 -15
leaf_value=-0.050445540403247585 0.12355350847503273 0.0059682495131800697 0.029859724496953528 -0.007405338400599322 -0.026268950712086826 -0.041907091286389482 0.039267044337199124 -0.036775856493160258 0.050301137449677451 0.015156861474031639 -0.049912457245087923 0.056209314964702654 -0.043757131212038308 0.050025659354670321
leaf_weight=0.066323416045634076 0.18908751479466435 0.020475027960401349 0.93526782665867425 0.56644257204152371 0.1324318629776825 0.083134656772016924 0.039189714051644842 0.069666093236492088 0.017231432429980487 0.24945171875879169 0.020041906303958967 0.088552273196910392 0.03749207368264329 0.0048244781131643313
leaf_count=5 6 17 43 23 11 5 12 29 5 6 3 40 36 97
internal_value=0.01711 0.093747 0.00860613 0.011323 0.0179629 0.0219606 0.00167662 0.0200311 0.0036752 0.0267639 -0.0216734 0.0510116 -0.0480301 0.0502409
internal_weight=2.51961 0.25166 2.26795 2.16414 1.59769 1.46526 0.280543 0.197408 0.0625728 1.18472 0.0405169 0.127742 0.103815 0.0220559
internal_count=338 128 210 169 146 135 86 81 122 49 20 52 41 102
is_linear=0
shrinkage=0.05


Tree=297
num_leaves=15
num_cat=0
split_feature=68 117 155 135 185 201 201 153 204 153 149 60 204 203
split_gain=0.137619 0.125728 0.0671471 0.0413356 0.0238343 0.0337508 0.0226113 0.0265055 0.108391 0.0153321 0.0175337 0.00999118 0.00732771 0.00352912
threshold=1.0000000180025095e-35 1.0000000180025095e-35 1.0000000180025095e-35 1.0000000180025095e-35 1.0000000180025095e-35 1.0000000180025095e-35 1.0000000180025095e-35 1.0000000180025095e-35 1.0000000180025095e-35 1.0000000180025095e-35 1.0000000180025095e-35 1.0000000180025095e-35 1.0000000180025095e-35 1.0000000180025095e-35
decision_type=2 2 2 2 2 2 2 2 2 2 2 2 2 2
left_child=1 2 3 4 6 -6 7 8 -1 10 -4 -9 -13 -10
right_child=-2 -3 9 -5 5 -7 -8 11 13 -11 -12 12 -14 -15
leaf_value=-0.047424815486960543 -0.024449752423537779 -0.050054101511134777 0.038814175930052958 -0.028674245669480399 0.052402504229948722 -0.0052792372654679098 0.023302668333633387 0.0038228895301602806 0.050970327078765601 0.0011618310349682159 0.015736758822456971 -0.0062450333109591609 0.006063265349538288 0.019849625681451724
leaf_weight=0.1109330553736072 0.64525026783894635 0.11531157702120243 0.15654939168689452 0.11918478538427724 0.053747550558455148 0.048015045002102852 0.10277197556024464 1.1503795509022436 0.035112578727424126 0.071630425343755633 0.17355600871337618 0.57567503082100502 0.15307912981040583 0.012301262549726744
leaf_count=22 39 18 18 8 22 2 7 36 10 5 31 10 81 38
internal_value=-0.00357974 0.00109894 0.00323382 1.86642e-05 0.00154397 0.0251863 0.000419848 -0.000734378 -0.02038 0.0221309 0.026681 0.000921075 -0.0036596 0.0428962
internal_weight=3.5235 2.87825 2.76294 2.3612 2.24202 0.101763 2.14025 2.03748 0.158347 0.401736 0.330105 1.87913 0.728754 0.0474138
internal_count=347 308 290 236 228 24 204 197 70 54 49 127 91 48
is_linear=0
shrinkage=0.05


Tree=298
num_leaves=15
num_cat=0
split_feature=59 197 190 203 155 181 188 198 185 151 197 197 68 155
split_gain=0.157303 0.0467043 0.0547603 0.0489871 0.026913 0.113826 0.0857523 0.024562 0.0119243 0.00439489 0.000743041 0.00615298 0.000302144 2.43628e-05
threshold=1.0000000180025095e-35 1.0000000180025095e-35 1.0000000180025095e-35 1.0000000180025095e-35 1.0000000180025095e-35 1.0000000180025095e-35 2.5000000000000004 2.5000000000000004 1.0000000180025095e-35 1.0000000180025095e-35 1.5000000000000002 2.5000000000000004 1.0000000180025095e-35 1.0000000180025095e-35
decision_type=2 2 2 2 2 2 2 2 2 2 2 2 2 2
left_child=1 3 8 12 5 6 -2 13 -3 -6 -9 -12 -1 -4
right_child=4 2 7 -5 9 -7 -8 10 -10 -11 11 -13 -14 -15
leaf_value=-0.022726105896750753 -0.050354502364674571 -0.027182755185285817 0.050194826737739319 -0.0067847094406262853 0.027446459677656816 0.054580543129034834 0.028048642105683794 -0.043826476236454477 0.00034443449466524552 0.015858090379667681 -0.046003065510204409 0.050016174999905738 -0.024067764477403469 0.052207351346361425
leaf_weight=1.3245764276798593 0.1060312914487439 0.074741327821811754 0.024372595227873717 0.59829872474074353 0.13846715183075275 0.063758330352925441 0.051968686903819616 0.0040558538457844415 0.083062192890793085 0.19998077975287742 0.0056315841511604958 0.0023708228645773488 0.61422099731862534 0.039262809875936
leaf_count=56 11 23 107 14 12 23 23 2 4 13 7 28 3 17
internal_value=-0.0124362 -0.0173222 0.0040766 -0.0192916 0.0117282 -0.0018107 -0.0245665 0.0390382 -0.0126934 0.0205992 -0.0263922 -0.017556 -0.0231512 0.0514365
internal_weight=3.3308 2.77059 0.233497 2.5371 0.560206 0.221758 0.158 0.0756937 0.157804 0.338448 0.0120583 0.00800241 1.9388 0.0636354
internal_count=343 261 188 73 82 57 34 161 27 25 37 35 59 124
is_linear=0
shrinkage=0.05


Tree=299
num_leaves=15
num_cat=0
split_feature=198 188 153 203 191 201 59 197 189 190 197 151 155 135
split_gain=0.963221 0.410325 0.307943 0.337197 0.074604 0.0696754 0.080886 0.0514024 0.0153176 0.00790734 0.0117296 0.00409927 4.57796e-05 1.18848e-05
threshold=1.5000000000000002 1.5000000000000002 1.0000000180025095e-35 1.0000000180025095e-35 1.0000000180025095e-35 1.0000000180025095e-35 1.0000000180025095e-35 1.0000000180025095e-35 1.0000000180025095e-35 1.0000000180025095e-35 2.5000000000000004 1.0000000180025095e-35 1.0000000180025095e-35 1.0000000180025095e-35
decision_type=2 2 2 2 2 2 2 2 2 2 2 2 2 2
left_child=2 -2 5 -4 13 6 7 8 12 -6 -11 -8 -1 -3
right_child=1 4 3 -5 9 -7 11 -9 -10 10 -12 -13 -14 -15
leaf_value=-0.047884025983357378 0.12810037418560957 0.050211176519858659 -0.049233465346257804 -0.0020751026658857269 -0.049412035591634214 0.05643115488322098 0.013059280098388885 0.019422498246917972 -0.018774909892444725 -0.040679429367635925 0.050051629965893824 0.023926190064138209 -0.05024145043454209 0.052032927313178795
leaf_weight=0.035523527723854031 0.16733812261372794 0.013734071588032748 1.0238105764919962 0.60191160284648515 0.041537561188761174 0.069406350492499769 0.17218174973208988 0.060716936709695801 0.080497675342485309 0.0097123876013256449 0.0056252918617474288 0.17497249751522759 0.04900043222005479 0.025716032403579447
leaf_count=20 3 60 44 57 6 2 22 19 4 26 53 7 15 2
internal_value=-0.00967745 0.0807763 -0.0201929 -0.0317734 -0.00143587 0.00911842 0.00338645 -0.0199121 -0.0343846 -0.0380833 -0.00740264 0.0185364 -0.0492507 0.0513987
internal_weight=2.53168 0.263663 2.26802 1.62572 0.0963253 0.642299 0.572893 0.225739 0.165022 0.0568752 0.0153377 0.347154 0.084524 0.0394501
internal_count=340 150 190 101 147 89 87 58 39 85 79 29 35 62
is_linear=0
shrinkage=0.05


end of trees

feature_importances:
k_BETA-LACTAM=425
oqxB=273
blaSHV-11=248
oqxB19=199
blaSHV-1=195
k_QUINOLONE=191
k_TRIMETHOPRIM=161
k_TETRACYCLINE=151
k_STREPTOMYCIN=144
k_CEPHALOSPORIN=143
ompK35_E132K=134
k_rule=128
k_SULFONAMIDE=118
dfrA50=104
tet(A)=101
oqxA=100
blaSHV-28=93
fosA=92
catA2=80
oqxA11=75
k_CARBAPENEM=71
blaCTX-M-15=67
blaTEM-1=65
tet(D)=64
ramR_A19V=62
blaSHV=59
k_TIGECYCLINE=59
fosA10=57
sul2=57
sul1=36
blaSHV-27=35
k_KANAMYCIN=31
oqxB25=29
k_AMIKACIN=28
aph(3'')-Ib=27
aph(6)-Id=25
oqxA10=25
blaSHV-187=24
qnrS1=19
k_GENTAMICIN=18
parC_S80I=17
k_CHLORAMPHENICOL=17
dfrA1=14
dfrA14=13
k_TOBRAMYCIN=13
oqxB20=11
blaOXA-48=9
aadA2=7
aadA1=6
blaLAP-2=6
dfrA12=6
oqxB5=6
k_AZITHROMYCIN=6
aph(3')-Ia=5
gyrA_D87A=5
mph(A)=5
aac(3)-IId=4
aadA16=4
floR=3
mrx(A)=3
arr-3=2
blaOXA-1=2
dfrA27=2
gyrA_S83I=2
oqxB32=2
qnrB1=2
aac(6')-Ib=1
aac(6')-Ib-cr5=1
blaKPC-3=1
blaSHV_C-112A=1
gyrA_S83Y=1
ompK36_T136TDT=1
k_COLISTIN=1

parameters:
[boosting: gbdt]
[objective: binary]
[metric: binary_logloss]
[tree_learner: serial]
[device_type: cpu]
[data_sample_strategy: bagging]
[data: ]
[valid: ]
[num_iterations: 300]
[learning_rate: 0.05]
[num_leaves: 15]
[num_threads: 12]
[seed: 0]
[deterministic: 0]
[force_col_wise: 0]
[force_row_wise: 0]
[histogram_pool_size: -1]
[max_depth: -1]
[min_data_in_leaf: 10]
[min_sum_hessian_in_leaf: 0.001]
[bagging_fraction: 0.8]
[pos_bagging_fraction: 1]
[neg_bagging_fraction: 1]
[bagging_freq: 1]
[bagging_seed: 3]
[bagging_by_query: 0]
[feature_fraction: 0.8]
[feature_fraction_bynode: 1]
[feature_fraction_seed: 2]
[extra_trees: 0]
[extra_seed: 6]
[early_stopping_round: 0]
[early_stopping_min_delta: 0]
[first_metric_only: 0]
[max_delta_step: 0]
[lambda_l1: 0]
[lambda_l2: 0]
[linear_lambda: 0]
[min_gain_to_split: 0]
[drop_rate: 0.1]
[max_drop: 50]
[skip_drop: 0.5]
[xgboost_dart_mode: 0]
[uniform_drop: 0]
[drop_seed: 4]
[top_rate: 0.2]
[other_rate: 0.1]
[min_data_per_group: 100]
[max_cat_threshold: 32]
[cat_l2: 10]
[cat_smooth: 10]
[max_cat_to_onehot: 4]
[top_k: 20]
[monotone_constraints: ]
[monotone_constraints_method: basic]
[monotone_penalty: 0]
[feature_contri: ]
[forcedsplits_filename: ]
[refit_decay_rate: 0.9]
[cegb_tradeoff: 1]
[cegb_penalty_split: 0]
[cegb_penalty_feature_lazy: ]
[cegb_penalty_feature_coupled: ]
[path_smooth: 0]
[interaction_constraints: ]
[verbosity: -1]
[saved_feature_importance_type: 0]
[use_quantized_grad: 0]
[num_grad_quant_bins: 4]
[quant_train_renew_leaf: 0]
[stochastic_rounding: 1]
[linear_tree: 0]
[max_bin: 255]
[max_bin_by_feature: ]
[min_data_in_bin: 3]
[bin_construct_sample_cnt: 200000]
[data_random_seed: 1]
[is_enable_sparse: 1]
[enable_bundle: 1]
[use_missing: 1]
[zero_as_missing: 0]
[feature_pre_filter: 1]
[pre_partition: 0]
[two_round: 0]
[header: 0]
[label_column: ]
[weight_column: ]
[group_column: ]
[ignore_column: ]
[categorical_feature: ]
[forcedbins_filename: ]
[precise_float_parser: 0]
[parser_config_file: ]
[objective_seed: 5]
[num_class: 1]
[is_unbalance: 0]
[scale_pos_weight: 1]
[sigmoid: 1]
[boost_from_average: 1]
[reg_sqrt: 0]
[alpha: 0.9]
[fair_c: 1]
[poisson_max_delta_step: 0.7]
[tweedie_variance_power: 1.5]
[lambdarank_truncation_level: 30]
[lambdarank_norm: 1]
[label_gain: ]
[lambdarank_position_bias_regularization: 0]
[eval_at: ]
[multi_error_top_k: 1]
[auc_mu_weights: ]
[num_machines: 1]
[local_listen_port: 12400]
[time_out: 120]
[machine_list_filename: ]
[machines: ]
[gpu_platform_id: -1]
[gpu_device_id: -1]
[gpu_device_id_list: ]
[gpu_use_dp: 0]
[num_gpu: 1]

end of parameters

pandas_categorical:[]
