tree
version=v4
num_class=1
num_tree_per_iteration=1
label_index=0
max_feature_idx=220
objective=binary sigmoid:1
feature_names=aac(3)-IId aac(3)-IIe aac(3)-IIg aac(3)-IVa aac(3)-VIa aac(6')-IIc aac(6')-Ib aac(6')-Ib' aac(6')-Ib-cr aac(6')-Ib-cr5 aac(6')-Ib3 aac(6')-Ib4 aac(6')-Il aadA1 aadA16 aadA2 aadA5 acrR_M109I acrR_V165I acrR_Y114F ant(2'')-Ia aph(3'')-Ib aph(3')-Ia aph(3')-VI aph(3')-VIb aph(4)-Ia aph(6)-Id armA arr arr-2 arr-3 blaCARB-2 blaCMY-16 blaCMY-2 blaCMY-4 blaCMY-6 blaCTX-M blaCTX-M-14 blaCTX-M-15 blaCTX-M-2 blaCTX-M-3 blaCTX-M-55 blaDHA blaDHA-1 blaKPC-2 blaKPC-3 blaKPC-4 blaLAP blaLAP-2 blaNDM-1 blaNDM-5 blaNDM-7 blaOKP-B-6 blaOXA blaOXA-1 blaOXA-10 blaOXA-181 blaOXA-2 blaOXA-204 blaOXA-232 blaOXA-48 blaOXA-9 blaSCO-1 blaSHV blaSHV-1 blaSHV-11 blaSHV-12 blaSHV-14 blaSHV-168 blaSHV-187 blaSHV-205 blaSHV-207 blaSHV-26 blaSHV-27 blaSHV-28 blaSHV-2A blaSHV-30 blaSHV-31 blaSHV-32 blaSHV-33 blaSHV-36 blaSHV-38 blaSHV-41 blaSHV-5 blaSHV-52 blaSHV-60 blaSHV-7 blaSHV-71 blaSHV-75 blaSHV-76 blaSHV-77 blaSHV-80 blaSHV_C-112A blaTEM blaTEM-1 blaVIM-1 ble bleO catA1 catA2 catB catB11 catB3 cmlA cmlA1 cmlA4 cmlA5 crrB_L94M dfrA1 dfrA12 dfrA14 dfrA15 dfrA17 dfrA19 dfrA27 dfrA30 dfrA5 dfrA50 dfrA7 emrD ere(A) erm(B) estX-3 floR fosA fosA10 fosA5 fosA7 gyrA_D87A gyrA_D87G gyrA_D87N gyrA_D87Y gyrA_S83F gyrA_S83I gyrA_S83Y mcr-9.1 mgrB_L4Ter mgrB_Q30Ter mgrB_W20Ter mph(A) mph(E) mrx(A) msr(E) nfsB_E102Ter ompK35_E132K ompK35_E312Ter ompK35_E42RfsTer47 ompK35_F300LfsTer25 ompK35_G134AfsTer11 ompK35_G208VfsTer5 ompK35_G62AfsTer1 ompK35_P255QfsTer5 ompK35_Q273Ter ompK35_R60LfsTer31 ompK35_T96PfsTer7 ompK35_Y108TerfsTer0 ompK36_D135DD ompK36_D135DGD ompK36_Q313Ter ompK36_T136TDT oqxA oqxA10 oqxA11 oqxA3 oqxB oqxB14 oqxB19 oqxB20 oqxB25 oqxB32 oqxB5 oqxR_D95E parC_E84K parC_S80I pmrB_T140P pmrB_T157P qnrA1 qnrA6 qnrB qnrB1 qnrB19 qnrB2 qnrB4 qnrB6 qnrB9 qnrS1 ramR_A19V ramR_E102SfsTer17 ramR_L60CfsTer13 ramR_Q122Ter ramR_T50IfsTer23 rmtB1 rmtC rmtF rmtF1 sat2 sul1 sul2 sul3 tet(A) tet(B) tet(D) k_AMIKACIN k_AZITHROMYCIN k_BETA-LACTAM k_CARBAPENEM k_CEPHALOSPORIN k_CHLORAMPHENICOL k_COLISTIN k_GENTAMICIN k_KANAMYCIN k_NITROFURAN k_NITROFURANTOIN k_QUINOLONE k_STREPTOMYCIN k_SULFONAMIDE k_TETRACYCLINE k_TIGECYCLINE k_TOBRAMYCIN k_TRIMETHOPRIM k_rule
feature_infos=[0:1] [0:1] none [0:1] none none [0:1] [0:1] none [0:1] [0:1] none none [0:1] [0:1] [0:1] [0:1] none [0:1] [0:1] [0:1] [0:1] [0:1] [0:1] [0:1] [0:1] [0:1] [0:1] none [0:1] [0:1] none none none [0:1] none [0:1] [0:1] [0:1] none none none none [0:1] [0:1] [0:1] none none [0:1] [0:1] [0:1] none none [0:1] [0:1] [0:1] [0:1] [0:1] none [0:1] [0:1] [0:1] none [0:1] [0:1] [0:1] [0:1] none none [0:1] none none [0:1] [0:1] [0:1] none none none none none none none none [0:1] none none [0:1] none none [0:1] none none [0:1] [0:1] [0:1] none [0:1] none [0:1] [0:1] [0:1] none [0:1] none [0:1] none [0:1] none [0:1] [0:1] [0:1] [0:1] [0:1] none [0:1] none [0:1] [0:1] none none [0:1] [0:1] [0:1] [0:1] [0:1] [0:1] [0:1] [0:1] [0:1] [0:1] [0:1] [0:1] [0:1] [0:1] [0:1] none none none none [0:1] [0:1] [0:1] [0:1] none [0:1] none [0:1] none none none [0:1] none none [0:1] [0:1] none [0:1] [0:1] none [0:1] [0:1] [0:1] [0:1] [0:1] [0:1] [0:1] [0:1] [0:1] [0:1] [0:1] [0:1] [0:1] [0:1] [0:1] none [0:1] [0:1] none none [0:1] [0:1] none [0:1] none none [0:1] [0:1] none none none none none none none [0:1] [0:1] [0:1] [0:1] [0:1] [0:1] none [0:1] [0:4] [0:3] [0:14] [0:5] [0:6] [0:4] [0:2] [0:3] [0:5] [0:2] [0:2] [0:6] [0:5] [0:2] [0:4] [0:3] [0:3] [0:3] [0:1]
tree_sizes=1749 1754 1755 1750 1756 1753 1751 1760 1764 1753 1765 1761 1765 1755 1751 1752 1756 1747 1773 1747 1756 1752 1763 1745 1764 1751 1754 1757 1754 1766 1752 1757 1750 1749 1755 1765 1765 1766 1751 1752 1752 1743 1765 1765 1765 1761 1763 1756 1766 1759 1757 1755 1767 1768 1754 1762 1762 1771 1751 1769 1745 1769 1760 1767 1753 1775 1764 1761 1751 1745 1768 1773 1758 1757 1769 1755 1764 1773 1768 1760 1777 1771 1765 1752 1772 1781 1771 1784 1759 1770 1774 1780 1772 1778 1767 1778 1772 1769 1756 1786 1772 1789 1783 1771 1791 1788 1781 1766 1774 1774 1777 1769 1782 1760 1766 1766 1778 1793 1767 1780 1775 1788 1783 1787 1779 1769 1780 1782 1783 1773 1783 1780 1781 1790 1771 1775 1779 1775 1788 1777 1780 1780 1783 1787 1779 1790 1781 1773 1786 1769 1788 1779 1762 1786 1777 1765 1790 1765 1799 1781 1789 1770 1771 1772 1777 1776 1782 1780 1781 1789 1772 1786 1782 1788 1787 1779 1779 1805 1791 1798 1787 1806 1780 1789 1779 1784 1777 1797 1800 1779 1784 1774 1780 1799 1786 1789 1771 1791 1768 1784 1802 1802 1774 1792 1777 1777 1779 1793 1794 1800 1787 1782 1783 1787 1796 1789 1795 1786 1793 1798 1787 1788 1794 1788 1798 1794 1799 1775 1789 1785 1781 1789 1802 1795 1785 1786 1776 1785 1788 1793 1782 1785 1790 1802 1775 1798 1795 1772 1784 1786 1793 1790 1786 1798 1788 1794 1787 1791 1779 1787 1794 1784 1784 1777 1776 1779 1784 1788 1780 1786 1794 1791 1798 1794 1788 1795 1784 1785 1797 1788 1786 1800 1789 1791 1776 1771 1791 1800 1798 1813 1797 1796 1776 1798 1795 1798 1787 1788 1793 1791

Tree=0
num_leaves=15
num_cat=0
split_feature=220 204 214 164 153 215 219 164 204 9 99 54 133 146
split_gain=512.671 9.72647 7.9043 9.38662 7.8582 4.02299 7.59234 5.96387 2.92442 2.67393 2.49479 3.76402 2.27508 1.36228
threshold=1.0000000180025095e-35 3.5000000000000004 1.0000000180025095e-35 1.0000000180025095e-35 1.0000000180025095e-35 1.0000000180025095e-35 1.0000000180025095e-35 1.0000000180025095e-35 3.5000000000000004 1.0000000180025095e-35 1.0000000180025095e-35 1.0000000180025095e-35 1.0000000180025095e-35 1.0000000180025095e-35
decision_type=2 2 2 2 2 2 2 2 2 2 2 2 2 2
left_child=1 -1 3 -2 8 6 13 -7 10 -8 11 -4 -9 -3
right_child=2 5 4 -5 -6 7 9 12 -10 -11 -12 -13 -14 -15
leaf_value=-0.092336053847205501 -0.030434801780642076 -0.10000001833989086 0.094019915108531887 0.082178199184166953 0.0018181625615995281 -0.068750018823462239 -0.063636382521904164 -0.028571447753457293 0.097402579015689092 -0.0011236147623876385 0.040659321554051116 0.021739111221233409 0.037931015357806998 -0.067010328123470395
leaf_weight=61.253472179174423 3.1145833134651175 10.968750000000002 13.586805313825609 4.5590277016162872 2.4826388657093039 5.7777777612209302 2.9791666567325583 2.527777761220932 62.562498867511749 4.0173610746860504 4.1076388359069815 2.0763888657093039 2.618055522441864 4.3784722089767447
leaf_count=158 11 27 74 24 10 17 9 9 344 16 19 9 12 13
internal_value=0.0013758 -0.0805158 0.0850659 0.0364706 0.0894625 -0.0587517 -0.0709091 -0.0338843 0.0921052 -0.027742 0.0753424 0.084438 0.00526314 -0.0905883
internal_weight=187.01 94.5208 92.4896 7.67361 84.816 33.2674 22.3437 10.9236 82.3333 6.99653 19.7708 15.6632 5.14583 15.3472
internal_count=752 261 491 35 456 103 65 38 446 25 102 83 21 40
is_linear=0
shrinkage=1


Tree=1
num_leaves=15
num_cat=0
split_feature=220 210 214 213 215 153 133 219 110 204 99 216 202 168
split_gain=490.463 11.9398 7.26126 7.02328 6.35372 4.32694 3.25172 2.67117 2.07769 1.32635 1.42233 1.16252 1.08438 0.960025
threshold=1.0000000180025095e-35 1.5000000000000002 1.0000000180025095e-35 2.5000000000000004 1.0000000180025095e-35 1.0000000180025095e-35 1.0000000180025095e-35 1.0000000180025095e-35 1.0000000180025095e-35 3.5000000000000004 1.0000000180025095e-35 1.0000000180025095e-35 1.0000000180025095e-35 1.0000000180025095e-35
decision_type=2 2 2 2 2 2 2 2 2 2 2 2 2 2
left_child=1 4 3 -2 8 9 11 -3 -1 10 13 -6 -10 -4
right_child=2 7 5 -5 6 -7 -8 -9 12 -11 -12 -13 -14 -15
leaf_value=-0.091352399732372996 -0.011613270341911652 -0.042011381718428234 0.089941606758224463 0.09684061456178937 -0.079020444856127997 0.014194818343599017 -0.010786560039862277 0.020531927445857658 -0.085041166379385344 0.094071696416927628 0.049339050103853435 -0.042434392429039028 -0.047381893122803519 0.05151369627252636
leaf_weight=67.116297274827957 3.6534990072250357 3.9218962192535392 13.560311868786812 2.5240402519702911 6.2195421010255796 1.8958317637443531 3.6532300710678092 3.0231442153453827 3.4232537746429434 63.089824438095093 3.3388977050781241 3.3357453644275665 4.3284851163625717 1.8466105461120612
leaf_count=170 14 13 74 14 17 8 14 13 9 349 16 11 14 9
internal_value=0.00130218 -0.077904 0.0850124 0.0326992 -0.082881 0.0888719 -0.0509086 -0.0147866 -0.0885217 0.0906019 0.0789243 -0.0662483 -0.0640126 0.0853358
internal_weight=184.931 95.0216 89.909 6.17754 88.0766 83.7315 13.2085 6.94504 74.868 81.8356 18.7458 9.55529 7.75174 15.4069
internal_count=745 261 484 28 235 456 42 26 193 448 99 28 23 83
is_linear=0
shrinkage=0.05


Tree=2
num_leaves=15
num_cat=0
split_feature=219 214 213 150 153 133 204 54 196 99 197 204 204 196
split_gain=306.029 70.1066 15.9494 7.51167 6.95282 5.65698 5.25369 9.13039 4.02498 3.34146 2.75668 1.98595 1.82078 1.44485
threshold=1.0000000180025095e-35 1.0000000180025095e-35 3.5000000000000004 1.0000000180025095e-35 1.0000000180025095e-35 1.0000000180025095e-35 3.5000000000000004 1.0000000180025095e-35 1.0000000180025095e-35 1.0000000180025095e-35 1.0000000180025095e-35 3.5000000000000004 4.5000000000000009 1.0000000180025095e-35
decision_type=2 2 2 2 2 2 2 2 2 2 2 2 2 2
left_child=5 2 8 4 6 10 7 9 -2 13 -1 -7 -13 -3
right_child=1 3 -4 -5 -6 11 -8 -9 -10 -11 -12 12 -14 -15
leaf_value=-0.08669007996875136 -0.064053286505578066 0.057377629972639559 0.071691174437890429 -0.0021825214501173498 -0.014076820463497695 -0.07400789800889622 0.084957019854385196 -0.018069862362377814 -0.011496978239216853 0.027203696982277027 -0.053661727606515636 -0.00053705397317146606 -0.050069085707390909 0.091773490337376515
leaf_weight=57.037618264555931 12.288810580968862 4.389383122324948 3.279963180422782 3.2398055940866461 2.1189878135919562 3.987027779221533 62.491836398839951 3.4629396349191657 5.1779199093580237 3.5587609857320777 7.1045280694961539 3.0560902655124664 4.7221972495317459 10.029444396495819
leaf_count=146 36 22 17 13 8 11 343 13 20 16 22 12 15 56
internal_value=4.42935e-05 0.05332 -0.0294758 0.0725575 0.0753715 -0.0771859 0.0776297 0.0562732 -0.0484732 0.0705935 -0.0830318 -0.0453153 -0.0306079 0.0813027
internal_weight=185.945 110.038 20.7467 89.2912 86.0514 75.9075 83.9324 21.4405 17.4667 17.9776 64.1421 11.7653 7.77829 14.4188
internal_count=750 544 73 471 458 206 450 107 56 94 168 38 27 78
is_linear=0
shrinkage=0.05


Tree=3
num_leaves=15
num_cat=0
split_feature=215 219 210 133 214 164 210 214 209 99 209 214 114 53
split_gain=328.305 75.5987 13.8109 7.22807 4.76163 7.01976 3.29913 6.27209 1.52868 2.05492 1.21246 1.15541 1.07291 1.00683
threshold=1.0000000180025095e-35 1.0000000180025095e-35 1.5000000000000002 1.0000000180025095e-35 1.0000000180025095e-35 1.0000000180025095e-35 2.5000000000000004 1.5000000000000002 1.0000000180025095e-35 1.0000000180025095e-35 1.0000000180025095e-35 1.5000000000000002 1.0000000180025095e-35 1.0000000180025095e-35
decision_type=2 2 2 2 2 2 2 2 2 2 2 2 2 2
left_child=2 3 10 11 5 -3 8 -8 9 -6 -1 -2 13 -10
right_child=1 4 -4 -5 6 -7 7 -9 12 -11 -12 -13 -14 -15
leaf_value=-0.085522546277945741 -0.04458223619033258 -0.035810582842021758 0.0092554825621234179 0.022543778191877382 0.07512454092738366 0.073197849533226722 -0.0061583577821052917 0.089084953390542801 0.088375727695320469 0.026070569621988504 -0.070683743591660145 -0.076329378690605076 0.049483438272516389 0.056005727013095433
leaf_weight=60.381470561027527 4.6888455599546415 2.3455405831336966 4.3641330599784842 3.0170992016792288 18.059614628553394 3.9877606332302094 3.223698526620864 3.7269561737775803 48.945079982280731 2.4211723059415808 17.831387609243393 7.3716606199741364 2.0025301128625861 2.5261820703744879
leaf_count=154 15 8 18 13 98 21 13 21 276 11 50 20 10 13
internal_value=-0.0031458 0.0567099 -0.0773094 -0.0466716 0.0745775 0.0328265 0.0778458 0.0449113 0.0809412 0.0693255 -0.0821395 -0.0639868 0.0853901 0.086787
internal_weight=184.893 102.316 82.577 15.0776 87.2385 6.3333 80.9052 6.95065 73.9546 20.4808 78.2129 12.0605 53.4738 51.4713
internal_count=741 519 222 48 471 29 442 34 408 109 204 35 299 289
is_linear=0
shrinkage=0.05


Tree=4
num_leaves=15
num_cat=0
split_feature=220 173 214 164 153 204 207 179 110 133 204 1 59 20
split_gain=360.35 10.8265 6.92782 6.12326 3.10861 2.07463 3.27393 2.06928 1.956 2.93136 2.3225 1.29737 0.82746 0.803524
threshold=1.0000000180025095e-35 1.0000000180025095e-35 1.0000000180025095e-35 1.0000000180025095e-35 1.0000000180025095e-35 2.5000000000000004 1.0000000180025095e-35 1.0000000180025095e-35 1.0000000180025095e-35 1.0000000180025095e-35 3.5000000000000004 1.0000000180025095e-35 1.0000000180025095e-35 1.0000000180025095e-35
decision_type=2 2 2 2 2 2 2 2 2 2 2 2 2 2
left_child=1 11 3 -2 5 6 -4 8 9 -3 -11 -1 13 -7
right_child=2 7 4 -5 -6 12 -8 -9 -10 10 -12 -13 -14 -15
leaf_value=-0.082141173889522912 -0.045626143886912052 -0.068053836412396873 0.085436012662478147 0.055982054924294457 0.013148243649174675 0.082801994081228444 0.016196479449592675 -0.074399997010315896 -0.0068850241591477297 -0.059011230680220905 -0.0099489344144641015 -0.053723620771709203 0.052321630082136278 0.054800888399546922
leaf_weight=64.16740745306015 2.1623474955558768 7.4637804627418598 3.5059124231338492 4.7177250981330872 1.8947127014398564 63.489644348621368 3.327783539891243 4.3621653020381919 4.4028532654047003 3.7138291001319885 6.8818939179182053 4.2845191508531562 2.4918107986450186 2.6697916239500037
leaf_count=166 7 21 20 24 8 360 15 12 17 11 26 13 13 14
internal_value=-0.00319628 -0.0698115 0.0721287 0.0240475 0.0764037 0.0779915 0.0517187 -0.042887 -0.0367672 -0.0440524 -0.0271454 -0.0803625 0.0806067 0.081672
internal_weight=179.536 95.2764 84.2597 6.88007 77.3797 75.4849 6.8337 26.8245 22.4624 18.0595 10.5957 68.4519 68.6512 66.1594
internal_count=727 266 461 31 430 422 35 87 75 58 37 179 387 374
is_linear=0
shrinkage=0.05


Tree=5
num_leaves=15
num_cat=0
split_feature=220 110 215 205 153 209 168 139 216 204 54 98 201 166
split_gain=329.27 7.83327 6.04742 4.3874 4.0792 2.15805 3.13281 2.61969 2.38505 1.7028 2.49021 2.70937 1.23458 0.93031
threshold=1.0000000180025095e-35 1.0000000180025095e-35 1.0000000180025095e-35 1.0000000180025095e-35 1.0000000180025095e-35 1.0000000180025095e-35 1.0000000180025095e-35 1.0000000180025095e-35 1.0000000180025095e-35 3.5000000000000004 1.0000000180025095e-35 1.0000000180025095e-35 1.0000000180025095e-35 1.0000000180025095e-35
decision_type=2 2 2 2 2 2 2 2 2 2 2 2 2 2
left_child=1 2 -1 -3 5 6 7 12 -9 -4 11 -11 -2 -7
right_child=4 3 9 -5 -6 13 -8 8 -10 10 -12 -13 -14 -15
leaf_value=-0.076779886494522137 0.085598729517416844 -0.065701327153316183 -0.06393915537469963 0.0019559244425637577 0.010662060631465254 0.079682562805986568 0.012149245645765642 0.023629724364006833 0.08362408857162168 0.018445134460619766 -0.064452155093338556 -0.049138405432886383 0.040953213741108413 0.064534683470046067
leaf_weight=67.084174185991287 11.309480756521229 3.8765030056238157 5.231623336672782 6.2747960686683655 2.8295296579599372 49.466739222407341 3.1163687109947196 5.2222582399845114 2.4262394607067108 3.5685068964958173 3.1366806179285049 2.537411704659462 1.7941142767667777 12.748066008090971
leaf_count=179 65 11 15 25 12 284 14 25 14 15 9 8 9 70
internal_value=0.00117115 -0.0653003 -0.0704556 -0.0238805 0.0697335 0.0716752 0.0588939 0.0659136 0.042661 -0.0411445 -0.0282419 -0.00964028 0.079486 0.0765787
internal_weight=180.622 91.7097 81.5584 10.1513 88.9128 86.0833 23.8685 20.7521 7.6485 14.4742 9.2426 6.10592 13.1036 62.2148
internal_count=755 262 226 36 493 481 127 113 39 47 32 23 74 354
is_linear=0
shrinkage=0.05


Tree=6
num_leaves=15
num_cat=0
split_feature=215 214 215 23 204 210 199 199 133 210 213 38 53 204
split_gain=241.098 10.1617 5.92286 7.23786 8.2264 5.19199 4.86269 3.58838 3.82034 3.48833 3.03447 2.54508 1.96931 2.73468
threshold=1.0000000180025095e-35 1.0000000180025095e-35 1.5000000000000002 1.0000000180025095e-35 3.5000000000000004 1.5000000000000002 1.0000000180025095e-35 1.0000000180025095e-35 1.0000000180025095e-35 1.0000000180025095e-35 1.0000000180025095e-35 1.0000000180025095e-35 1.0000000180025095e-35 5.5000000000000009
decision_type=2 2 2 2 2 2 2 2 2 2 2 2 2 2
left_child=5 6 3 4 7 11 9 8 10 -2 -3 -1 13 -6
right_child=1 2 -4 -5 12 -7 -8 -9 -10 -11 -12 -13 -14 -15
leaf_value=-0.075418808293072417 0.035313094721679511 0.028710635726421165 0.076109006352249348 -0.01544636252834336 0.074260681684264168 -0.018559044640843649 0.06252030134169638 0.065985403037910895 0.057525677503092655 -0.034722452817164372 -0.031612147665664302 -0.052201466945802348 0.021064592656839243 0.043483875790585019
leaf_weight=54.893306240439415 2.5804931968450529 3.3985410034656507 28.016491875052452 4.1421853750944129 30.495659053325653 5.1824317872524253 2.8744036704301825 3.4862274378538123 2.9425386637449256 5.7168502658605576 5.3930523544549942 15.037027806043623 2.480658456683158 9.4556925594806653
leaf_count=148 12 16 162 16 176 19 15 19 16 20 20 46 12 49
internal_value=0.000988017 0.0514455 0.0570395 0.0483938 0.0529805 -0.0668478 0.00647443 0.021445 0.00821193 -0.0129412 -0.00829334 -0.0704264 0.0642923 0.0669764
internal_weight=176.096 100.983 89.811 61.7946 57.6524 75.1128 11.1717 15.2204 11.7341 8.29734 8.79159 69.9303 42.432 39.9514
internal_count=746 533 486 324 308 213 47 71 52 32 36 194 237 225
is_linear=0
shrinkage=0.05


Tree=7
num_leaves=15
num_cat=0
split_feature=215 219 214 210 214 164 30 216 99 173 38 44 130 216
split_gain=221.349 58.1517 5.14913 5.13326 4.77978 3.62854 3.16158 7.02551 1.82331 1.85489 1.57543 1.01247 0.774555 1.04579
threshold=1.0000000180025095e-35 1.0000000180025095e-35 1.0000000180025095e-35 1.5000000000000002 1.5000000000000002 1.0000000180025095e-35 1.0000000180025095e-35 1.0000000180025095e-35 1.0000000180025095e-35 1.0000000180025095e-35 1.0000000180025095e-35 1.0000000180025095e-35 1.0000000180025095e-35 1.0000000180025095e-35
decision_type=2 2 2 2 2 2 2 2 2 2 2 2 2 2
left_child=3 4 5 10 -2 -3 8 -8 -4 -10 11 -1 13 -12
right_child=1 2 6 -5 -6 -7 7 -9 9 -11 12 -13 -14 -15
leaf_value=-0.074908984369097306 -0.013710700740780728 -0.026779211541028816 0.071282553438977089 -0.01786598557017207 -0.068826732371407878 0.048303665767116498 -0.029374279489570682 0.080486521709473055 0.021209444769629569 0.077931789529053747 -0.048587769695251429 -0.050327380791636622 -0.037498512780848169 -0.081306440740549421
leaf_weight=54.382566273212433 7.5902391076087943 2.5218449980020514 66.011708810925484 5.1772208064794532 8.1651926636695844 4.4460133910179138 2.6607390940189353 3.2119264751672745 3.795010805130004 2.3238533586263657 5.7823732346296293 4.5384868234395972 4.5349414795637122 4.2280302047729492
leaf_count=148 28 9 388 19 23 23 10 19 18 14 18 14 15 11
internal_value=-0.00312656 0.0459522 0.0623113 -0.0659866 -0.0422744 0.0211293 0.06599 0.0307117 0.0688623 0.0427517 -0.0693776 -0.0730155 -0.054641 -0.0624069
internal_weight=179.37 100.727 84.9711 78.6436 15.7554 6.96786 78.0032 5.87267 72.1306 6.11886 73.4664 58.9211 14.5453 10.0104
internal_count=757 532 481 225 51 32 449 29 420 32 206 162 44 29
is_linear=0
shrinkage=0.05


Tree=8
num_leaves=15
num_cat=0
split_feature=220 213 153 214 117 207 94 157 216 110 65 38 204 124
split_gain=266.638 4.97617 4.38499 4.76713 3.91115 2.22371 3.1978 2.12924 2.07895 1.18566 0.954334 0.902135 1.21665 0.892284
threshold=1.0000000180025095e-35 1.5000000000000002 1.0000000180025095e-35 1.0000000180025095e-35 1.0000000180025095e-35 1.0000000180025095e-35 1.0000000180025095e-35 1.0000000180025095e-35 1.0000000180025095e-35 1.0000000180025095e-35 1.0000000180025095e-35 1.0000000180025095e-35 4.5000000000000009 1.0000000180025095e-35
decision_type=2 2 2 2 2 2 2 2 2 2 2 2 2 2
left_child=1 -1 3 4 8 7 -7 11 -2 -9 -8 -3 -13 -5
right_child=2 5 -4 13 -6 6 10 9 -10 -11 -12 12 -14 -15
leaf_value=-0.070270174309979325 0.016675329958696167 -0.073079034721528685 -0.00078162362533853265 0.036290755017930963 -0.032053658193947468 0.010682514222340308 -0.0300694628929517 -0.049521254753241928 0.087573487159487373 -0.010562940874375941 -0.067317996895607343 -0.029066918857634339 -0.070470365572380664 0.071183114650715792
leaf_weight=51.811776176095009 2.0448916852474204 10.528321832418447 2.4766178578138343 1.8800472915172566 2.0414622575044632 3.6943717300891858 3.8063072711229324 4.5026184767484656 2.0915735810995102 3.4489413797855377 3.136604905128479 3.5068891644477835 3.5913847237825394 72.053636163473129
leaf_count=146 9 29 10 10 8 15 13 14 12 13 9 12 10 434
internal_value=0.000212974 -0.0603312 0.0647444 0.0667701 0.0245761 -0.046112 -0.0268996 -0.0541019 0.0525245 -0.0326233 -0.0468973 -0.0637911 -0.0500151 0.0702958
internal_weight=170.615 88.0272 82.5882 80.1116 6.17793 36.2154 10.6373 25.5782 4.13647 7.95156 6.94291 17.6266 7.09827 73.9337
internal_count=744 261 483 473 29 115 37 78 21 27 22 51 22 444
is_linear=0
shrinkage=0.05


Tree=9
num_leaves=15
num_cat=0
split_feature=220 214 173 153 108 204 99 206 215 210 213 197 204 110
split_gain=239.913 7.44746 5.59965 4.97206 3.67718 2.34207 1.97316 2.26175 1.91564 2.37516 1.99756 1.90696 1.48301 1.01553
threshold=1.0000000180025095e-35 1.0000000180025095e-35 1.0000000180025095e-35 1.0000000180025095e-35 1.0000000180025095e-35 3.5000000000000004 1.0000000180025095e-35 1.5000000000000002 1.0000000180025095e-35 1.5000000000000002 3.5000000000000004 1.0000000180025095e-35 5.5000000000000009 1.0000000180025095e-35
decision_type=2 2 2 2 2 2 2 2 2 2 2 2 2 2
left_child=2 4 11 5 -2 6 7 -3 9 -4 12 13 -10 -1
right_child=1 3 8 -5 -6 -7 -8 -9 10 -11 -12 -13 -14 -15
leaf_value=-0.070106841441871223 -0.018363236853915808 0.068542487588223108 -0.056460568761553455 -0.0084061379757145623 0.056345824355942188 0.071388546573604314 0.018412334767188624 0.016939257365232534 0.024902036346433228 -0.013492061362060999 -0.049914860996980399 -0.030422851863694547 -0.029282492747393536 -0.045894394521685374
leaf_weight=55.300725117325783 4.3245511800050727 11.652000308036806 15.910306975245478 2.2963057011365882 2.6602415591478348 55.533681765198708 3.7586204856634131 2.5965849608182898 2.7805007398128527 4.0309376120567313 3.2416793406009674 3.5354257822036734 2.3134933114051819 4.698604315519332
leaf_count=158 17 71 48 9 14 347 18 13 12 15 10 12 8 15
internal_value=-0.00220843 0.059495 -0.0578702 0.0640453 0.0100906 0.0663075 0.0506379 0.0591386 -0.0393608 -0.0477749 -0.0192321 -0.066108 0.000293538 -0.0682107
internal_weight=174.634 82.822 91.8117 75.8372 6.98479 73.5409 18.0072 14.2486 28.2769 19.9412 8.33567 63.5348 5.09399 59.9993
internal_count=767 489 278 458 31 449 102 84 93 63 30 185 20 173
is_linear=0
shrinkage=0.05


Tree=10
num_leaves=15
num_cat=0
split_feature=220 213 214 164 153 164 215 213 1 38 146 179 6 66
split_gain=220.595 6.13593 4.27551 5.98656 4.15127 3.14075 4.74413 1.92316 1.45887 1.0912 0.970226 0.902782 1.04701 1.21763
threshold=1.0000000180025095e-35 1.5000000000000002 1.0000000180025095e-35 1.0000000180025095e-35 1.0000000180025095e-35 1.0000000180025095e-35 1.0000000180025095e-35 3.5000000000000004 1.0000000180025095e-35 1.0000000180025095e-35 1.0000000180025095e-35 1.0000000180025095e-35 1.0000000180025095e-35 1.0000000180025095e-35
decision_type=2 2 2 2 2 2 2 2 2 2 2 2 2 2
left_child=1 9 3 -2 -4 7 11 -3 -9 -1 -8 12 -7 -14
right_child=2 5 4 -5 -6 6 10 8 -10 -11 -12 -13 13 -15
leaf_value=-0.068944813523904552 -0.02945221365497698 -0.068367386276408787 0.065519588310960636 0.062393070112823905 -0.00032211091922474105 -0.010829635353321238 -0.0052516523695481411 -0.056996860518723581 -0.0071799694251612192 -0.04337414832405434 0.036742475271023527 -0.065460550134625414 -0.066809533875434243 -0.026307646519295243
leaf_weight=45.514260500669479 3.1031843274831763 10.533005625009539 71.29223245382309 4.1427846401929855 2.4771542698144904 3.200969800353052 3.174515798687934 3.0102091431617728 2.8715164214372635 4.5931913405656806 2.426939532160759 3.0860391259193412 3.4477561265230179 4.0186754763126373
leaf_count=133 11 30 447 23 10 12 12 9 11 15 11 9 10 14
internal_value=0.000524767 -0.0553087 0.0597087 0.0230591 0.0633086 -0.0394901 -0.0258458 -0.0555784 -0.0326758 -0.0666008 0.0129431 -0.0416437 -0.0347536 -0.0450101
internal_weight=166.892 85.8771 81.0154 7.24597 73.7694 35.7696 19.3549 16.4147 5.88173 50.1075 5.60146 13.7534 10.6674 7.46643
internal_count=757 266 491 34 457 118 68 50 20 148 23 45 36 24
is_linear=0
shrinkage=0.05


Tree=11
num_leaves=15
num_cat=0
split_feature=220 173 214 153 110 60 1 215 205 133 1 99 94 44
split_gain=183.793 9.63422 6.08494 4.98964 3.32268 3.1238 2.63117 2.43453 1.79116 1.99247 1.44124 1.73795 1.10288 2.63971
threshold=1.0000000180025095e-35 1.0000000180025095e-35 1.0000000180025095e-35 1.0000000180025095e-35 1.0000000180025095e-35 1.0000000180025095e-35 1.0000000180025095e-35 1.0000000180025095e-35 1.0000000180025095e-35 1.0000000180025095e-35 1.0000000180025095e-35 1.0000000180025095e-35 1.0000000180025095e-35 1.0000000180025095e-35
decision_type=2 2 2 2 2 2 2 2 2 2 2 2 2 2
left_child=1 -1 -2 8 5 7 -6 12 9 10 11 -4 13 -3
right_child=2 4 3 -5 6 -7 -8 -9 -10 -11 -12 -13 -14 -15
leaf_value=-0.063829444600004767 0.005801483060672478 0.0052810498804156999 0.054973814150578219 -0.016527518311150624 -0.030343581958759164 -0.06568087107450192 0.034516953618074185 0.0029202994348129533 0.067589882340898452 0.021707165256485399 0.071990758387292894 0.0048309885199260619 -0.064261434063591472 -0.062756748205634344
leaf_weight=56.612994879484177 5.7976689785718909 2.9982371181249672 9.1845934391021746 2.1172356903553 2.9241395294666281 6.5597478300333014 3.3605982512235641 5.2832339257001868 43.334333688020706 4.7576109468936911 9.4524596631526947 2.1285444796085367 3.0605272501707077 2.7178863286972046
leaf_count=172 26 12 57 8 10 19 15 21 284 27 62 10 9 8
internal_value=-0.000789634 -0.0521225 0.0550531 0.0590763 -0.0274884 -0.0371892 0.00433888 -0.0238962 0.061401 0.0508933 0.0575801 0.0455395 -0.0400387 -0.0270694
internal_weight=160.29 83.5174 76.7724 70.9748 26.9044 20.6196 6.28474 14.0599 68.8575 25.5232 20.7656 11.3131 8.77665 5.71612
internal_count=740 266 474 448 94 69 25 50 440 156 129 67 29 20
is_linear=0
shrinkage=0.05


Tree=12
num_leaves=15
num_cat=0
split_feature=220 173 214 164 117 153 210 164 205 197 215 215 219 99
split_gain=168.504 5.2732 4.0342 3.92107 3.56759 3.44119 2.22365 2.33013 2.16052 2.65484 2.0883 1.78425 1.12313 1.07354
threshold=1.0000000180025095e-35 1.0000000180025095e-35 1.0000000180025095e-35 1.0000000180025095e-35 1.0000000180025095e-35 1.0000000180025095e-35 1.5000000000000002 1.0000000180025095e-35 1.0000000180025095e-35 1.0000000180025095e-35 1.0000000180025095e-35 1.0000000180025095e-35 1.0000000180025095e-35 1.0000000180025095e-35
decision_type=2 2 2 2 2 2 2 2 2 2 2 2 2 2
left_child=1 11 3 -2 -5 8 10 -8 9 -4 12 -1 -3 -11
right_child=2 6 5 4 -6 -7 7 -9 -10 13 -12 -13 -14 -15
leaf_value=-0.062590675417070626 -0.034456156040510076 -0.05864367367402458 -0.0064524475067589075 0.079685402695466201 -0.010524135882270268 0.00052034941823083671 -0.036644478630852427 0.02888715326648238 0.067879219678666794 0.058239112558446132 -0.011329174289585285 -0.035746690227048177 -0.030952194750595238 0.02696306965494806
leaf_weight=47.359162524342537 2.337240830063819 9.7748537957668358 1.9853847473859811 2.8493466824293137 1.7810919582843778 2.477868139743804 2.663738325238227 2.7641066312789917 39.158387377858162 19.511351257562641 5.0656034499406806 7.1209025382995597 5.8549241721630088 3.1926438212394705
leaf_count=148 8 30 10 17 8 10 9 12 265 127 19 24 20 17
internal_value=-0.000335931 -0.0502262 0.0545302 0.0183382 0.0449864 0.0583323 -0.0317575 -0.00327278 0.0605759 0.0489926 -0.0392283 -0.059082 -0.0482704 0.0538411
internal_weight=153.897 80.6033 73.2933 6.96768 4.63044 66.3256 26.1232 5.42784 63.8478 24.6894 20.6954 54.4801 15.6298 22.704
internal_count=724 262 462 33 25 429 90 21 419 154 69 172 50 144
is_linear=0
shrinkage=0.05


Tree=13
num_leaves=15
num_cat=0
split_feature=220 213 204 153 168 199 99 38 21 150 215 94 216 38
split_gain=169.151 4.64802 3.96737 3.72698 3.24597 3.12499 3.48801 4.27833 8.74375 1.11136 1.16286 2.50813 1.02676 0.830231
threshold=1.0000000180025095e-35 1.5000000000000002 3.5000000000000004 1.0000000180025095e-35 1.0000000180025095e-35 1.0000000180025095e-35 1.0000000180025095e-35 1.0000000180025095e-35 1.0000000180025095e-35 1.0000000180025095e-35 1.0000000180025095e-35 1.0000000180025095e-35 1.0000000180025095e-35 1.0000000180025095e-35
decision_type=2 2 2 2 2 2 2 2 2 2 2 2 2 2
left_child=1 13 4 -4 5 6 7 -2 -9 10 -3 -12 -13 -1
right_child=2 9 3 -5 -6 -7 -8 8 -10 -11 11 12 -14 -15
leaf_value=-0.06268893210268095 0.072402403273002056 -0.047022676806580566 0.064852450066059386 0.0039221148285850998 -0.019227453247129097 0.076434642356993709 -0.025677220850051915 -0.070389587944925877 0.070865062366002762 -0.011789698096577803 0.013395025064042838 -0.01844961842609133 -0.055857675473065409 -0.040436561938663212
leaf_weight=40.397618398070335 5.4097781330347114 17.670009687542915 53.181745484471321 2.6340511441230765 2.3570173531770697 5.0409960001707068 2.310533568263053 2.0242235958576202 2.3879607915878296 4.2653219252824774 2.9170738905668276 3.0332965850830078 4.6407604068517685 4.676947057247161
leaf_count=129 36 58 366 11 11 32 10 7 16 16 12 11 14 16
internal_value=0.00182732 -0.0499851 0.0551902 0.061977 0.0357942 0.0433458 0.0295975 0.0426004 0.0060602 -0.0355799 -0.0391705 -0.02607 -0.0410715 -0.06038
internal_weight=152.947 77.601 75.3463 55.8158 19.5305 17.1735 12.1325 9.82196 4.41218 32.5265 28.2611 10.5911 7.67406 45.0746
internal_count=745 256 489 377 112 101 69 59 23 111 95 37 25 145
is_linear=0
shrinkage=0.05


Tree=14
num_leaves=15
num_cat=0
split_feature=220 214 173 164 153 1 209 204 99 204 215 204 20 209
split_gain=157.905 6.99344 5.94808 3.75527 3.26032 2.38348 2.05646 1.74991 6.43293 1.65246 1.65037 1.34085 0.774817 0.815324
threshold=1.0000000180025095e-35 1.0000000180025095e-35 1.0000000180025095e-35 1.0000000180025095e-35 1.0000000180025095e-35 1.0000000180025095e-35 1.5000000000000002 2.5000000000000004 1.0000000180025095e-35 3.5000000000000004 1.0000000180025095e-35 5.5000000000000009 1.0000000180025095e-35 1.0000000180025095e-35
decision_type=2 2 2 2 2 2 2 2 2 2 2 2 2 2
left_child=2 3 5 -2 7 -1 9 8 -3 -4 11 -11 13 -9
right_child=1 4 6 -5 -6 -7 -8 12 -10 10 -12 -13 -14 -15
leaf_value=-0.061071738807464339 -0.042234428639618141 0.068835251273596798 -0.043788494234577362 0.034500991530853668 0.0002982536973761378 -0.016589609365714783 -0.052355126481557615 0.052155028417934159 -0.040259215318303079 -0.040377944751275319 0.01255442791008925 -0.0017300859538968523 0.032866627763275806 0.065935738084642398
leaf_weight=50.990545362234116 2.7315691113471976 4.154147893190383 5.728329584002501 3.829704686999321 2.4777138829231253 3.200500324368476 7.2712688893079749 14.31004014611244 2.0027293562889099 5.3233214616775495 4.6145853847265235 3.8800084441900253 2.2956768274307242 42.940063700079918
leaf_count=167 9 29 19 21 10 12 23 96 8 18 19 15 15 307
internal_value=-0.000555519 0.0518573 -0.0489136 0.00255474 0.0566019 -0.0584446 -0.029654 0.0587252 0.0333486 -0.0212091 -0.0118487 -0.0240845 0.061349 0.0624912
internal_weight=155.75 74.7416 81.0086 6.56127 68.1804 54.191 26.8175 65.7027 6.15688 19.5462 13.8179 9.20333 59.5458 57.2501
internal_count=768 495 273 30 465 179 94 455 37 71 52 33 418 403
is_linear=0
shrinkage=0.05


Tree=15
num_leaves=15
num_cat=0
split_feature=220 210 215 15 204 214 117 38 153 219 204 99 133 205
split_gain=145.563 5.14244 4.09757 3.46884 3.83622 3.15218 2.86266 2.19728 1.90985 1.86448 1.81465 5.69512 1.40166 3.16454
threshold=1.0000000180025095e-35 1.5000000000000002 1.0000000180025095e-35 1.0000000180025095e-35 3.5000000000000004 1.0000000180025095e-35 1.0000000180025095e-35 1.0000000180025095e-35 1.0000000180025095e-35 1.0000000180025095e-35 2.5000000000000004 1.0000000180025095e-35 1.0000000180025095e-35 1.0000000180025095e-35
decision_type=2 2 2 2 2 2 2 2 2 2 2 2 2 2
left_child=1 2 -1 4 -4 6 7 -2 10 -3 11 -7 -12 -14
right_child=5 9 3 -5 -6 8 -8 -9 -10 -11 12 -13 13 -15
leaf_value=-0.058029194873709111 0.080318433495186192 -0.034579814208389618 -0.04338867900413329 -0.069530789194987008 0.025885217682655077 0.067629315681311697 -0.028739154169483139 0.0052764125417881346 0.0034678141581149843 0.012951089701496072 0.067252896009151561 -0.037086543593005609 0.011854458792617342 0.058965160245230221
leaf_weight=56.474217116832733 1.9741119444370261 4.1163966655731183 3.846969470381735 3.1228929311037055 4.1592081636190414 3.6118393987417212 2.1383881717920303 1.9283359795808792 1.711529180407523 4.1365358829498291 29.415367811918259 2.0271869599819183 4.2484887391328838 22.144475549459457
leaf_count=189 12 14 13 9 18 26 9 9 7 17 215 8 26 163
internal_value=-0.000176714 -0.048016 -0.0525647 -0.024835 -0.0074009 0.0522644 0.0177586 0.0432375 0.0555647 -0.0107564 0.0570158 0.0299848 0.0597471 0.0513817
internal_weight=145.056 75.8562 67.6033 11.1291 8.00618 69.1997 6.04084 3.90245 63.1589 8.25293 61.4474 5.63903 55.8083 26.393
internal_count=735 260 229 40 31 475 30 21 445 31 438 34 404 189
is_linear=0
shrinkage=0.05


Tree=16
num_leaves=15
num_cat=0
split_feature=220 173 214 153 207 210 65 204 38 216 207 173 205 74
split_gain=145.128 7.11921 3.5961 4.53633 4.30309 2.44965 2.62055 2.24453 1.57652 1.5265 0.915719 1.4357 1.31354 1.42842
threshold=1.0000000180025095e-35 1.0000000180025095e-35 1.0000000180025095e-35 1.0000000180025095e-35 1.0000000180025095e-35 1.5000000000000002 1.0000000180025095e-35 3.5000000000000004 1.0000000180025095e-35 1.0000000180025095e-35 1.0000000180025095e-35 1.0000000180025095e-35 1.0000000180025095e-35 1.0000000180025095e-35
decision_type=2 2 2 2 2 2 2 2 2 2 2 2 2 2
left_child=1 -1 4 10 8 6 7 -3 -2 -7 11 -4 13 -13
right_child=2 5 3 -5 -6 9 -8 -9 -10 -11 -12 12 -14 -15
leaf_value=-0.058222649872027868 0.020429511322912819 -0.056982263362925223 0.061142459693658391 -0.016028001998743484 0.075992599721561138 0.030097334756354229 -0.056853025768617893 -0.0012188446273969367 -0.036359385285861072 -0.020277408104683748 0.063889750951552929 -0.015333682784833439 0.052779502503618861 0.040138393090514091
leaf_weight=51.624798983335495 2.4578853845596305 2.4897899180650764 16.21793133020401 2.1176529526710501 2.23103067278862 2.7623394280672064 7.2888125330209723 6.5566351860761642 2.4307430982589722 3.3010178506374359 33.990394845604897 1.9130998998880402 6.4079658538103104 2.9500076323747635
leaf_count=178 12 8 121 8 14 12 23 26 9 12 256 11 48 20
internal_value=0.000926986 -0.048009 0.0521512 0.0559237 0.0184524 -0.0244682 -0.0345423 -0.0165663 -0.00780729 0.00267228 0.0584021 0.0516165 0.0379097 0.0183162
internal_weight=144.74 74.0234 70.7167 63.5971 7.11966 22.3986 16.3352 9.04643 4.88863 6.06336 61.4794 27.489 11.2711 4.86311
internal_count=758 259 499 464 35 81 57 34 21 24 456 200 79 31
is_linear=0
shrinkage=0.05


Tree=17
num_leaves=15
num_cat=0
split_feature=220 213 215 219 94 6 205 197 199 96 219 29 210 214
split_gain=133.664 6.92377 2.83191 2.9245 2.76125 2.56741 2.28817 4.36222 2.13718 1.46046 2.83323 2.29906 1.74387 1.70971
threshold=1.0000000180025095e-35 1.5000000000000002 1.0000000180025095e-35 1.0000000180025095e-35 1.0000000180025095e-35 1.0000000180025095e-35 1.0000000180025095e-35 1.0000000180025095e-35 1.0000000180025095e-35 1.0000000180025095e-35 1.5000000000000002 1.0000000180025095e-35 2.5000000000000004 1.5000000000000002
decision_type=2 2 2 2 2 2 2 2 2 2 2 2 2 2
left_child=1 -1 3 -3 -4 -5 7 8 -2 12 11 13 -8 -11
right_child=6 2 4 5 -6 -7 9 -9 -10 10 -12 -13 -14 -15
leaf_value=-0.059473591351173194 -0.030935212314792196 -0.05427940437788431 0.029200316042971537 0.0055335210135394513 -0.025501379919422001 -0.051528492859251041 0.065623795500405882 0.048299695906112314 0.035820307495584396 -0.033049108318165772 0.073469531198992716 0.064609499822885164 0.0080404093101157977 0.029599289606427732
leaf_weight=44.485808864235878 2.9404592663049725 12.941987544298172 3.4230480045080203 5.1483317762613297 7.0756572484970093 3.194325715303421 28.851795449852947 21.422545231878757 2.0244208723306656 2.05838994681835 4.1678726896643639 2.0188712701201439 1.377575211226939 2.3125368282198906
leaf_count=158 14 44 15 21 25 10 226 154 12 9 30 16 9 17
internal_value=-0.00144338 -0.0467399 -0.028917 -0.039399 -0.00766618 -0.016315 0.0499857 0.0385128 -0.00371577 0.0574082 0.0413985 0.0204795 0.0629997 9.64315e-05
internal_weight=143.444 76.2692 31.7834 21.2846 10.4987 8.34266 67.1745 26.3874 4.96488 40.787 10.5577 6.3898 30.2294 4.37093
internal_count=760 273 115 75 40 31 487 180 26 307 72 42 235 26
is_linear=0
shrinkage=0.05


Tree=18
num_leaves=15
num_cat=0
split_feature=220 209 214 153 110 199 9 205 197 6 207 179 54 207
split_gain=106.784 4.78909 4.53044 4.63925 3.59112 3.37923 2.23479 2.06043 3.77408 1.98496 2.42368 1.97591 2.77514 1.94441
threshold=1.0000000180025095e-35 1.0000000180025095e-35 1.0000000180025095e-35 1.0000000180025095e-35 1.0000000180025095e-35 1.0000000180025095e-35 1.0000000180025095e-35 1.0000000180025095e-35 1.0000000180025095e-35 1.0000000180025095e-35 1.0000000180025095e-35 1.0000000180025095e-35 1.0000000180025095e-35 1.0000000180025095e-35
decision_type=2 2 2 2 2 2 2 2 2 2 2 2 2 2
left_child=1 -1 5 7 6 -2 9 8 -4 13 -11 -10 -13 -3
right_child=2 4 3 -5 -6 -7 -8 -9 11 10 -12 12 -14 -15
leaf_value=-0.052539242389646745 -0.02027886180447314 0.027239024013972893 -0.011400314289336327 -0.025216867078059504 0.0094989171636762348 0.049909159447074657 -0.064209067122135297 0.061304945142629845 0.066423504948370196 -0.05171392599034335 -0.0040773484906692888 -0.0020167534269182243 0.052792261800904142 -0.032518036987549653
leaf_weight=42.764028370380402 4.1711417883634558 2.8343593031168064 2.9024919420480755 1.9349800199270237 5.6647008061408988 2.9121307730674744 5.0813090354204169 33.969344139099121 9.3019976243376732 8.9501025527715665 3.8054528534412393 3.4431140497326851 7.0147262066602707 2.6192586421966553
leaf_count=159 17 13 16 7 23 17 16 278 71 31 15 21 55 9
internal_value=0.000269607 -0.0419075 0.046346 0.0509139 -0.0262056 0.00857739 -0.0348896 0.0535151 0.0418387 -0.0267079 -0.0375022 0.0496588 0.0347471 -0.00146104
internal_weight=137.369 71.7192 65.6499 58.5667 28.9552 7.08327 23.2905 56.6317 22.6623 18.2092 12.7556 19.7598 10.4578 5.45362
internal_count=748 266 482 448 107 34 84 441 163 68 46 147 76 22
is_linear=0
shrinkage=0.05


Tree=19
num_leaves=15
num_cat=0
split_feature=220 204 204 199 214 206 204 166 204 219 179 1 215 94
split_gain=106.568 4.05978 3.06764 2.56732 3.7382 2.56332 2.97776 1.52186 2.13384 2.25923 1.48839 1.47527 1.33872 1.23344
threshold=1.0000000180025095e-35 3.5000000000000004 3.5000000000000004 1.0000000180025095e-35 1.0000000180025095e-35 1.5000000000000002 2.5000000000000004 1.0000000180025095e-35 4.5000000000000009 1.0000000180025095e-35 1.0000000180025095e-35 1.0000000180025095e-35 1.0000000180025095e-35 1.0000000180025095e-35
decision_type=2 2 2 2 2 2 2 2 2 2 2 2 2 2
left_child=1 -1 3 4 -2 6 -6 8 -3 12 -5 -11 -10 -4
right_child=2 7 13 10 5 -7 -8 -9 9 11 -12 -13 -14 -15
leaf_value=-0.053756535140450347 -0.046930527170216341 0.0047403555586066357 0.064902161436109912 0.070194822723793973 0.0048450184027096386 -0.032091577627934444 0.065531916722548572 -0.060521965071689859 -0.060376642927252505 -0.034990020943831052 0.012076416720509766 0.01507942991188076 -0.028815481944195583 0.046685744912659546
leaf_weight=42.883242167532444 2.0828070640563991 4.8765066713094773 12.850386366248129 4.1630238816142073 3.6906340792775119 1.5482398346066482 4.4689728170633316 3.4058723002672187 6.3147373497486132 2.6019470095634452 1.4980213567614553 3.3852275311946869 7.180306613445282 33.562213309109211
leaf_count=161 7 21 106 30 23 8 35 11 22 9 10 14 25 264
internal_value=-0.00179844 -0.0441122 0.0450098 0.027139 0.0138507 0.0268912 0.0380829 -0.0292162 -0.0248389 -0.0322428 0.0548156 -0.00668009 -0.0435839 0.0517294
internal_weight=134.512 70.6478 63.8643 17.4517 11.7907 9.70785 8.15961 27.7646 24.3587 19.4822 5.66105 5.98717 13.495 46.4126
internal_count=746 263 483 113 73 66 58 102 91 70 40 23 47 370
is_linear=0
shrinkage=0.05


Tree=20
num_leaves=15
num_cat=0
split_feature=220 173 176 209 96 168 30 197 1 204 204 219 38 94
split_gain=100.654 5.59938 3.39199 2.83276 6.2219 2.19324 1.93807 3.48261 1.83964 1.51609 2.27848 3.87553 1.24077 3.92389
threshold=1.0000000180025095e-35 1.0000000180025095e-35 1.0000000180025095e-35 1.0000000180025095e-35 1.0000000180025095e-35 1.0000000180025095e-35 1.0000000180025095e-35 1.0000000180025095e-35 1.0000000180025095e-35 3.5000000000000004 4.5000000000000009 1.0000000180025095e-35 1.0000000180025095e-35 1.0000000180025095e-35
decision_type=2 2 2 2 2 2 2 2 2 2 2 2 2 2
left_child=1 8 3 4 5 12 -5 -8 -1 -3 -11 -12 -2 -14
right_child=2 9 -4 6 -6 -7 7 -9 -10 10 11 -13 13 -15
leaf_value=-0.05332000501425891 0.067442619622009856 -0.04391242439599953 -0.027185847680529191 0.059273540566325146 -0.059386851150132793 -0.0071525257505747264 -0.015428569434295825 0.072802347418837662 -0.015389728501896861 0.017320034195496572 -0.04654016005890256 0.0057870996925667665 -0.011886226869304288 0.064063275056246261
leaf_weight=43.895353570580482 5.4104544520378095 5.5953609645366695 1.5040361061692227 38.273408219218254 1.6999820470809943 1.9897973388433463 2.4636142104864112 2.0482768416404724 3.4477746337652198 4.3795835524797466 8.16449026763439 6.2450442612171164 2.7068122774362564 4.5749102905392647
leaf_count=172 42 20 8 324 8 12 12 15 14 19 28 25 15 38
internal_value=-0.000436638 -0.0405318 0.0469652 0.0488501 0.0311694 0.0416547 0.0556198 0.0246259 -0.0505577 -0.0210662 -0.0142626 -0.0238617 0.0493064 0.0358308
internal_weight=132.399 71.7276 60.6713 59.1673 16.382 14.682 42.7853 4.51189 47.3431 24.3845 18.7891 14.4095 12.6922 7.28172
internal_count=752 278 474 466 115 107 351 27 186 92 72 53 95 53
is_linear=0
shrinkage=0.05


Tree=21
num_leaves=15
num_cat=0
split_feature=220 213 214 30 216 199 204 207 205 21 207 205 205 216
split_gain=99.6765 4.92892 4.60723 2.87651 6.19042 2.45555 1.95979 2.37807 1.23063 1.17842 2.21855 1.47338 1.49516 1.07616
threshold=1.0000000180025095e-35 1.5000000000000002 1.0000000180025095e-35 1.0000000180025095e-35 1.0000000180025095e-35 1.0000000180025095e-35 2.5000000000000004 1.0000000180025095e-35 3.5000000000000004 1.0000000180025095e-35 1.0000000180025095e-35 2.5000000000000004 1.5000000000000002 1.0000000180025095e-35
decision_type=2 2 2 2 2 2 2 2 2 2 2 2 2 2
left_child=1 -1 5 6 -5 -2 7 -4 -8 10 11 12 13 -3
right_child=2 9 3 4 -6 -7 8 -9 -10 -11 -12 -13 -14 -15
leaf_value=-0.055770685220766607 -0.018649578718608575 -0.0086377109513887194 0.063488828403766837 -0.048854389991455915 0.065029210552204911 0.042980875069554864 0.056580832405329774 -0.0047727377351274745 0.0041303906612602925 -0.048831114972627571 0.0052609513862262904 -0.016309587404992287 -0.068624257959379306 -0.052080897619814583
leaf_weight=38.658900484442711 4.2283638417720786 3.0875654369592738 2.1549669206142417 2.2571709379553786 2.5316242277622223 2.6161968410015106 44.181499116122723 3.1277037784457207 1.147368736565112 5.706489920616149 5.2104724049568167 8.2886920720338821 3.9653996229171753 2.6481833457946777
leaf_count=155 18 13 18 8 21 16 390 18 7 19 21 32 13 10
internal_value=-0.00203969 -0.044093 0.0436084 0.0483898 0.0113508 0.00490743 0.0518944 0.0230733 0.0552532 -0.0284756 -0.0234689 -0.03179 -0.0450165 -0.0286953
internal_weight=129.811 67.5657 62.2449 55.4003 4.7888 6.84456 50.6115 5.28267 45.3289 28.9068 23.2003 17.9898 9.70115 5.73575
internal_count=759 263 496 462 29 34 433 36 397 108 89 68 36 23
is_linear=0
shrinkage=0.05


Tree=22
num_leaves=15
num_cat=0
split_feature=220 173 205 197 210 219 210 209 215 38 130 61 205 110
split_gain=82.0128 4.8321 3.62408 8.89483 2.65493 4.31797 2.2885 2.21079 2.04238 1.70759 1.61567 1.57918 1.39089 1.29426
threshold=1.0000000180025095e-35 1.0000000180025095e-35 1.0000000180025095e-35 1.0000000180025095e-35 2.5000000000000004 1.5000000000000002 1.5000000000000002 1.0000000180025095e-35 1.0000000180025095e-35 1.0000000180025095e-35 1.0000000180025095e-35 1.0000000180025095e-35 1.0000000180025095e-35 1.0000000180025095e-35
decision_type=2 2 2 2 2 2 2 2 2 2 2 2 2 2
left_child=1 9 3 7 -4 11 8 -2 13 -1 -8 -6 -11 -3
right_child=2 6 4 -5 5 -7 10 -9 -10 12 -12 -13 -14 -15
leaf_value=-0.055980874947367691 -0.0050203049558268445 -0.050873044651886148 0.057328986556083539 0.041876128385732708 0.01856314489371421 0.076554981922574025 0.032500228582737989 -0.073353690526327328 -0.0036702560207895886 -0.045397120610566721 -0.019545158696734174 -0.049226043464905299 -0.0025352638178915404 -0.016122776318736629
leaf_weight=32.220380909740925 2.7579628899693516 9.8112983405590111 29.873178236186504 18.415704779326916 1.7447947561740866 2.0727598071098328 2.7408864200115195 2.0735672861337662 4.8910149037837973 5.5027477443218213 3.2704764157533646 1.6924636214971542 2.8851235657930374 3.6861092299222937
leaf_count=134 15 36 273 151 13 15 12 8 19 21 12 7 13 14
internal_value=-0.0015094 -0.0401828 0.0413707 0.0260344 0.0514469 0.0195563 -0.0225967 -0.0343472 -0.0313519 -0.0507495 0.00418498 -0.0148154 -0.0306542 -0.0413828
internal_weight=123.638 65.008 58.6304 23.2472 35.3832 5.51002 24.3998 4.83153 18.3884 40.6083 6.01136 3.43726 8.38787 13.4974
internal_count=743 261 482 174 308 35 93 23 69 168 24 20 34 50
is_linear=0
shrinkage=0.05


Tree=23
num_leaves=15
num_cat=0
split_feature=215 215 214 173 170 204 202 210 204 210 160 21 166 204
split_gain=67.5309 6.18809 4.89482 4.12593 3.11049 3.29327 3.26129 2.54951 4.11538 2.50147 1.65784 1.9067 1.59354 1.47335
threshold=1.0000000180025095e-35 1.5000000000000002 1.0000000180025095e-35 1.0000000180025095e-35 1.0000000180025095e-35 2.5000000000000004 2.5000000000000004 1.0000000180025095e-35 4.5000000000000009 1.5000000000000002 1.0000000180025095e-35 1.0000000180025095e-35 1.0000000180025095e-35 3.5000000000000004
decision_type=2 2 2 2 2 2 2 2 2 2 2 2 2 2
left_child=3 2 -2 -1 5 -4 7 8 12 -5 11 -3 13 -7
right_child=1 10 4 9 -6 6 -8 -9 -10 -11 -12 -13 -14 -15
leaf_value=-0.053917799523356395 -0.012509854094725157 0.066399449408408473 -0.020695190078011585 -0.033161037305676953 -0.02276819533965193 0.0037159769179510626 -0.024159858528277456 0.04875047637240322 -0.044579218083379529 0.017467811346594371 0.063562980415565476 -0.00027653535469232684 0.082024700668621039 0.064737795878085633
leaf_weight=35.567296557128429 8.390886224806307 1.8890825584530837 2.6479823887348166 11.196755424141882 2.6670248657464972 3.1865008845925313 2.0460992753505698 25.174575760960579 2.0564888119697571 3.1194147765636435 14.970564097166061 2.479616105556488 1.4964619949460027 1.4344899877905843
leaf_count=153 36 18 14 43 13 20 9 219 11 13 138 16 12 13
internal_value=-0.000549948 0.0316986 0.022263 -0.0447947 0.0294302 0.0330896 0.0371134 0.0408729 0.0166109 -0.0221293 0.0556548 0.028555 0.0371811 0.0226589
internal_weight=118.323 68.4398 49.1005 49.8835 40.7096 38.0426 35.3946 33.3485 8.17394 14.3162 19.3393 4.3687 6.11745 4.62099
internal_count=728 519 347 209 311 298 284 275 56 56 172 34 45 33
is_linear=0
shrinkage=0.05


Tree=24
num_leaves=15
num_cat=0
split_feature=220 110 205 215 146 205 197 6 209 210 123 179 9 133
split_gain=85.1938 5.24809 3.24055 2.96377 3.78503 2.86049 2.88966 2.67546 1.98457 1.50132 1.47383 1.43341 1.93243 2.23562
threshold=1.0000000180025095e-35 1.0000000180025095e-35 1.0000000180025095e-35 1.0000000180025095e-35 1.0000000180025095e-35 1.0000000180025095e-35 1.0000000180025095e-35 1.0000000180025095e-35 1.0000000180025095e-35 1.5000000000000002 1.0000000180025095e-35 1.0000000180025095e-35 1.0000000180025095e-35 1.0000000180025095e-35
decision_type=2 2 2 2 2 2 2 2 2 2 2 2 2 2
left_child=1 3 -3 9 8 6 -2 -4 -5 -1 -7 -8 -13 -14
right_child=5 2 7 4 -6 10 11 -9 -10 -11 -12 12 13 -15
leaf_value=-0.054773591741387788 -0.0066048562137987436 -0.043574206946476027 0.045821013812568888 -0.0090271953098120094 0.02652725815495546 0.055483468444458089 0.053747093274865577 -0.020536177148288221 -0.053946133437964665 -0.013182047704389849 0.0016919741508194066 -0.020434510151280338 0.06041901453782135 0.0016550187645040526
leaf_weight=40.436272911727428 4.3267108649015453 3.6684041917324048 3.3614392280578613 3.6894838362932187 2.7557605206966391 31.868488937616348 8.4695345237851143 2.7713994979858398 7.3725084066390991 2.2927353233098975 1.32638719677925 1.8543580025434492 4.0918760374188423 2.6776164695620537
leaf_count=175 22 15 16 16 12 301 74 10 24 9 11 12 40 21
internal_value=-0.00210727 -0.0401779 -0.00640094 -0.0460324 -0.025903 0.0441421 0.0298972 0.0158345 -0.0389644 -0.0525419 0.0533341 0.0391367 0.0247877 0.0371754
internal_weight=120.963 66.348 9.80124 56.5468 13.8178 54.615 21.4201 6.13284 11.062 42.729 33.1949 17.0934 8.62385 6.76949
internal_count=758 277 41 236 52 481 169 26 40 184 312 147 73 61
is_linear=0
shrinkage=0.05


Tree=25
num_leaves=15
num_cat=0
split_feature=220 218 205 197 213 166 210 214 59 179 54 6 132 94
split_gain=66.7479 6.55397 3.1493 5.81248 2.97292 2.23492 2.03673 3.39454 1.83035 1.3009 3.20267 1.28685 1.98281 1.66008
threshold=1.0000000180025095e-35 1.5000000000000002 1.0000000180025095e-35 1.0000000180025095e-35 1.5000000000000002 1.0000000180025095e-35 2.5000000000000004 1.5000000000000002 1.0000000180025095e-35 1.0000000180025095e-35 1.0000000180025095e-35 1.0000000180025095e-35 1.0000000180025095e-35 1.0000000180025095e-35
decision_type=2 2 2 2 2 2 2 2 2 2 2 2 2 2
left_child=1 4 3 -2 -1 11 8 -8 -4 -5 -11 12 13 -6
right_child=2 -3 6 9 5 -7 7 -9 -10 10 -12 -13 -14 -15
leaf_value=-0.048619744052382001 -0.018370425105943073 0.045054129143514088 0.058316084797449021 0.053866358551385711 0.02617595323285642 -0.06649891480937635 -0.023520536989436798 0.063366351230145862 -0.004474177800324503 -0.015689195935501717 0.047318317531010991 -0.034295615269949432 -0.039567389699538609 -0.018217748516871361
leaf_weight=34.681309193372726 5.60259931534529 2.4015116691589347 25.696872383356101 8.6876344829797745 4.2049879133701342 2.9710854291915885 2.2899578213691703 2.2080178335309029 1.2155150845646847 2.9843535497784615 6.2209012284874916 9.2553887516260147 3.7992688715457925 4.2184336632490158
leaf_count=161 28 11 260 77 20 10 12 21 10 20 60 36 15 16
internal_value=-0.000157633 -0.0359179 0.0399182 0.0260726 -0.0392065 -0.0258537 0.050275 0.0191315 0.0554801 0.0399886 0.0268912 -0.0202312 -0.00958119 0.00394367
internal_weight=116.438 61.532 54.9059 23.4955 59.1305 24.4492 31.4104 4.49798 26.9124 17.8929 9.20525 21.4781 12.2227 8.42342
internal_count=757 269 488 185 258 97 303 33 270 157 80 87 51 36
is_linear=0
shrinkage=0.05


Tree=26
num_leaves=15
num_cat=0
split_feature=220 204 219 204 38 215 98 197 205 199 206 96 205 215
split_gain=62.4081 6.37516 2.8881 5.30403 4.4937 2.86313 2.41468 3.38408 6.39859 5.59786 3.60372 3.25947 2.11823 1.94995
threshold=1.0000000180025095e-35 3.5000000000000004 1.0000000180025095e-35 4.5000000000000009 1.0000000180025095e-35 1.0000000180025095e-35 1.0000000180025095e-35 1.0000000180025095e-35 1.0000000180025095e-35 1.0000000180025095e-35 1.0000000180025095e-35 1.0000000180025095e-35 2.5000000000000004 1.0000000180025095e-35
decision_type=2 2 2 2 2 2 2 2 2 2 2 2 2 2
left_child=1 -1 3 5 -4 -3 7 8 9 -2 -9 -10 -12 -5
right_child=6 2 4 13 -6 -7 -8 10 11 -11 12 -13 -14 -15
leaf_value=-0.048285857749932479 -0.066904925539353108 -0.016846152723033747 -0.042626904114489619 -0.057460468464908092 0.04489792833962699 0.063941147660107098 0.059117059300159508 -0.022294185764936754 0.061620962951565494 0.035252631848700318 0.054008698305759412 0.0054239775117578713 -0.021181575174733135 -0.020396010418948913
leaf_weight=36.057978145778179 3.4442436099052456 2.2412118911743226 2.2832700014114371 7.6079917773604375 4.0995592623949051 2.1476517617702484 11.984119608998297 1.8233979567885423 6.3256308287382108 2.1959364637732506 21.721074387431148 4.3578085377812386 0.97889078408479591 6.6504269987344742
leaf_count=169 12 10 8 31 19 11 130 13 63 14 210 29 8 25
internal_value=-0.000412396 -0.0348282 -0.0154414 -0.0253781 0.0135885 0.0226864 0.0393823 0.0335923 0.0159526 -0.0271311 0.045334 0.038698 0.0507663 -0.0401728
internal_weight=113.919 61.0881 25.0301 18.6473 6.38283 4.38886 52.8311 40.847 16.3236 5.64018 24.5234 10.6834 22.7 14.2584
internal_count=752 273 104 77 27 21 479 349 118 26 231 92 218 56
is_linear=0
shrinkage=0.05


Tree=27
num_leaves=15
num_cat=0
split_feature=215 219 110 216 204 176 64 164 98 141 54 213 66 179
split_gain=55.3912 10.0955 4.59535 3.13095 2.75144 2.73817 2.14474 1.54941 1.43481 1.37025 2.85812 1.65584 3.28264 1.56456
threshold=1.0000000180025095e-35 1.0000000180025095e-35 1.0000000180025095e-35 1.0000000180025095e-35 4.5000000000000009 1.0000000180025095e-35 1.0000000180025095e-35 1.0000000180025095e-35 1.0000000180025095e-35 1.0000000180025095e-35 1.0000000180025095e-35 1.5000000000000002 1.0000000180025095e-35 1.0000000180025095e-35
decision_type=2 2 2 2 2 2 2 2 2 2 2 2 2 2
left_child=2 7 -1 -4 5 8 -5 -2 9 13 11 -11 -13 -3
right_child=1 4 3 6 -6 -7 -8 -9 -10 10 -12 12 -14 -15
leaf_value=-0.04828108884830154 -0.027696746998624441 0.049492452347464494 0.034592717976713615 -0.06292942405647356 0.054509061546818394 -0.04409964451803771 0.00020762842542818309 0.0085300622823708747 0.059078202877815622 0.061765993497396803 -0.060147414982768037 -0.032709617906792152 0.059025566450111103 0.019522672803221942
leaf_weight=39.007549457252026 6.4005840346217138 9.9942422658205157 2.9006363973021489 2.5654864311218262 20.2397341132164 1.1744827702641476 2.8275388479232788 5.4772626310586929 4.701410971581935 1.9988917335867871 1.1924397498369215 2.3092772364616394 1.6880510598421099 7.7175364568829528
leaf_count=186 26 90 14 10 208 5 11 23 52 19 6 17 19 70
internal_value=-0.000218172 0.0305244 -0.041095 -0.00729673 0.0401904 0.0307739 -0.029827 -0.0109914 0.0337446 0.0289614 0.0105505 0.0246099 0.00602968 0.0364337
internal_weight=110.195 62.8939 47.3012 8.29366 51.0161 30.7763 5.39303 11.8778 29.6018 24.9004 7.18866 5.99622 3.99733 17.7118
internal_count=756 535 221 35 486 278 21 49 273 221 61 55 36 160
is_linear=0
shrinkage=0.05


Tree=28
num_leaves=15
num_cat=0
split_feature=220 173 205 210 219 214 205 204 60 65 99 204 110 215
split_gain=48.8468 8.76565 3.13909 3.63925 5.06037 3.1991 2.3134 2.12946 3.24426 3.48778 1.9964 5.009 1.75891 1.79524
threshold=1.0000000180025095e-35 1.0000000180025095e-35 1.0000000180025095e-35 2.5000000000000004 1.5000000000000002 1.0000000180025095e-35 3.5000000000000004 3.5000000000000004 1.0000000180025095e-35 1.0000000180025095e-35 1.0000000180025095e-35 2.5000000000000004 1.0000000180025095e-35 1.0000000180025095e-35
decision_type=2 2 2 2 2 2 2 2 2 2 2 2 2 2
left_child=1 12 5 6 -5 -2 -4 -3 9 -9 -7 -12 13 -1
right_child=2 7 3 4 -6 10 -8 8 -10 -11 11 -13 -14 -15
leaf_value=-0.053269405023953442 -0.021011918318429568 -0.031136958082247354 0.059114856656739004 -0.035409089113616114 0.068587952225181534 0.039226933414928805 -0.01826726101447762 0.065318561855109064 -0.020744492156174854 -0.00065193544005858048 -0.063009244386888472 0.060839861584454293 -0.005454858662557429 -0.020412171461846519
leaf_weight=27.861077904701233 3.4534112513065365 5.2063385397195843 23.620632305741317 2.7795067727565756 2.0196638107299805 14.935929372906687 1.0070265308022488 3.4310439527034742 6.3534409105777732 4.8153413832187653 1.7103879600763314 1.5619615167379377 2.5758038833737364 4.8862884268164626
leaf_count=142 15 22 268 16 18 144 8 18 25 21 7 15 13 21
internal_value=0.00233253 -0.0303082 0.0375549 0.0481887 0.00835661 0.0231093 0.0559507 -0.00368253 0.00610779 0.0267962 0.0314774 -0.00389345 -0.0452375 -0.0483667
internal_weight=106.218 55.1293 51.0885 29.4268 4.79917 21.6617 24.6277 19.8062 14.5998 8.24639 18.2083 3.27235 35.3232 32.7474
internal_count=753 262 491 310 34 181 276 86 64 39 166 22 176 163
is_linear=0
shrinkage=0.05


Tree=29
num_leaves=15
num_cat=0
split_feature=215 219 219 214 153 133 108 117 216 204 197 59 20 204
split_gain=47.9105 4.29656 3.33835 4.1184 3.07252 2.67307 2.34603 2.02909 3.0577 2.07486 1.21599 1.10623 1.08905 0.917047
threshold=1.0000000180025095e-35 1.0000000180025095e-35 1.0000000180025095e-35 1.0000000180025095e-35 1.0000000180025095e-35 1.0000000180025095e-35 1.0000000180025095e-35 1.0000000180025095e-35 1.0000000180025095e-35 3.5000000000000004 1.0000000180025095e-35 1.0000000180025095e-35 1.0000000180025095e-35 2.5000000000000004
decision_type=2 2 2 2 2 2 2 2 2 2 2 2 2 2
left_child=1 -1 5 6 11 10 -4 8 -3 -10 -2 12 13 -5
right_child=2 7 3 4 -6 -7 -8 -9 9 -11 -12 -13 -14 -15
leaf_value=-0.048202680540972216 -0.033584763739344124 0.031630994856561338 -0.02430312732935928 0.026222814115836175 -0.01524302654207762 0.047257643504426683 0.037882670997682028 -0.043521550843713099 -0.061079733948668384 0.00010861041727585534 0.0070369837005647253 0.0017819745871081834 0.0044561412368259645 0.051322050795742327
leaf_weight=30.755691699683666 3.2281559631228429 3.9696894437074643 4.0131652802228919 4.0916382223367682 2.2130927443504325 2.7433541417121887 2.4380704164505005 4.2453944981098166 2.3856256008148193 3.3045849353075027 4.2912301197648048 1.4097404032945622 1.4556191563606251 32.914290137588978
leaf_count=158 13 19 18 33 9 13 16 21 10 13 19 14 14 374
internal_value=0.00126599 -0.0377749 0.0309199 0.0363983 0.0421008 0.00501084 -0.000801683 -0.0147106 -0.0020486 -0.0255447 -0.0104024 0.0452838 0.0468782 0.0485469
internal_weight=103.459 44.661 58.7984 48.5356 42.0844 10.2627 6.45124 13.9053 9.6599 5.69021 7.51939 39.8713 38.4615 37.0059
internal_count=744 221 523 478 444 45 34 63 42 23 32 435 421 407
is_linear=0
shrinkage=0.05


Tree=30
num_leaves=15
num_cat=0
split_feature=219 214 213 133 185 109 205 210 204 204 133 164 74 99
split_gain=40.7097 9.78796 10.7247 3.66433 2.74074 2.66091 4.0943 2.36424 2.28485 2.82089 2.07444 4.00019 3.34135 2.31161
threshold=1.0000000180025095e-35 1.0000000180025095e-35 3.5000000000000004 1.0000000180025095e-35 1.0000000180025095e-35 1.0000000180025095e-35 2.5000000000000004 2.5000000000000004 3.5000000000000004 4.5000000000000009 1.0000000180025095e-35 1.0000000180025095e-35 1.0000000180025095e-35 1.0000000180025095e-35
decision_type=2 2 2 2 2 2 2 2 2 2 2 2 2 2
left_child=3 2 4 -1 -2 6 10 -7 -5 -10 13 12 -12 -3
right_child=1 5 -4 8 -6 7 -8 -9 9 -11 11 -13 -14 -15
leaf_value=-0.044257515081442843 -0.040131080129712685 0.054043032348216752 0.092262506475158101 -0.050405289477465531 0.016799349351009522 0.05983278441012696 -0.014184667766265252 -0.017117257018412848 0.044622319004850725 -0.019711877000986297 -0.078432015654108608 0.06021996356559374 0.014485251555425621 0.00040734185893250333
leaf_weight=33.538540340960026 9.4048242494463903 15.157933279871949 2.2170689329504958 2.5187568664550763 2.727069027721881 15.135230205953123 4.5315705537796012 1.0686699971556652 2.7603436708450317 4.4520200118422508 1.3953954428434361 3.0195884481072426 3.1555220559239388 2.3157474547624579
leaf_count=170 44 171 15 11 15 182 25 11 14 18 7 34 30 18
internal_value=0.000563873 0.0271781 -0.00885503 -0.0364199 -0.027334 0.0384721 0.0295495 0.0547578 -0.00940728 0.00491035 0.0374629 0.0156006 -0.0140049 0.0469348
internal_weight=103.398 60.1286 14.349 43.2697 12.1319 45.7797 29.5758 16.2039 9.73112 7.21236 25.0442 7.57051 4.55092 17.4737
internal_count=765 552 74 213 59 478 285 193 43 32 260 71 37 189
is_linear=0
shrinkage=0.05


Tree=31
num_leaves=15
num_cat=0
split_feature=220 110 218 215 54 65 213 213 21 168 205 197 123 205
split_gain=54.1368 3.8641 3.24732 2.94646 2.07854 2.5427 1.79067 3.79609 2.8801 2.85053 1.78782 1.59846 1.2387 1.37349
threshold=1.0000000180025095e-35 1.0000000180025095e-35 1.0000000180025095e-35 1.0000000180025095e-35 1.0000000180025095e-35 1.0000000180025095e-35 2.5000000000000004 1.5000000000000002 1.0000000180025095e-35 1.0000000180025095e-35 1.0000000180025095e-35 1.0000000180025095e-35 1.0000000180025095e-35 1.0000000180025095e-35
decision_type=2 2 2 2 2 2 2 2 2 2 2 2 2 2
left_child=1 3 6 -1 5 -5 7 9 -9 11 -3 -2 13 -4
right_child=2 10 12 4 -6 -7 -8 8 -10 -11 -12 -13 -14 -15
leaf_value=-0.048037562291366284 0.011083597978888002 -0.036156892199991394 0.035692608382466511 0.019312582528900096 -0.056351610071712299 -0.035323389810353135 0.061293375200886714 0.018166373771568895 -0.080906239319874659 -0.018350390595579809 0.011484368370223222 0.061463770658629159 0.0036092228070423171 0.058843629649699171
leaf_weight=32.926699489355087 2.3673293143510801 2.9481334090232831 9.4611384943127685 4.5430933684110624 2.7381038516759864 4.008346401154995 2.2843020036816588 1.33519572764635 1.6280077546834946 2.4130702689290047 5.930708721280098 4.7007194757461548 1.4235651940107334 19.843615733087063
leaf_count=175 15 14 96 21 9 16 25 12 10 17 25 48 14 245
internal_value=-0.000146261 -0.0344354 0.0399045 -0.0404798 -0.0184371 -0.00629713 0.0206016 0.0131322 -0.0362649 0.0285706 -0.00433445 0.0445897 0.0491566 0.0513692
internal_weight=98.552 53.0951 45.4569 44.2162 11.2895 8.55144 14.7286 12.4443 2.9632 9.48112 8.87884 7.06805 30.7283 29.3048
internal_count=742 260 482 221 46 37 127 102 22 80 39 63 355 341
is_linear=0
shrinkage=0.05


Tree=32
num_leaves=15
num_cat=0
split_feature=220 213 209 96 176 204 166 204 216 38 185 20 216 215
split_gain=40.9156 3.59191 2.7669 7.10649 3.81238 2.62539 2.35779 2.77 2.32388 1.85467 3.17584 1.19047 1.0284 1.02041
threshold=1.0000000180025095e-35 1.5000000000000002 1.0000000180025095e-35 1.0000000180025095e-35 1.0000000180025095e-35 3.5000000000000004 1.0000000180025095e-35 4.5000000000000009 1.0000000180025095e-35 1.0000000180025095e-35 1.0000000180025095e-35 1.0000000180025095e-35 1.0000000180025095e-35 1.0000000180025095e-35
decision_type=2 2 2 2 2 2 2 2 2 2 2 2 2 2
left_child=1 13 3 5 11 9 7 8 -3 12 -11 -4 -2 -1
right_child=2 6 4 -5 -6 -7 -8 -9 -10 10 -12 -13 -14 -15
leaf_value=-0.046581741590422276 0.063855415637836879 0.035067088009552223 0.048576647672128992 -0.090019117154497105 -0.047733235839061645 0.057396358656536889 -0.063930833323801214 -0.023966431142394901 -0.024364346472724417 -0.067360541462481147 0.02631696673806071 0.0014615513758383918 0.01289527756734395 -0.016790833021534998
leaf_weight=24.194312475621704 1.6465017348527871 4.6341159865260186 28.396534569561489 1.4166121780872352 1.1170464828610409 4.7556324824690819 2.3722427040338507 14.566100664436815 2.5498818606138229 1.6398753747344019 2.0182631984353065 1.4071640968322743 2.4830096662044525 3.2619363814592353
leaf_count=143 16 24 338 7 5 60 9 61 11 9 16 15 17 16
internal_value=-0.000298307 -0.0306748 0.0346115 0.016135 0.0429532 0.0281238 -0.0165978 -0.0114353 0.0139725 0.0102481 -0.0156769 0.0463521 0.0332139 -0.0430424
internal_weight=96.4592 51.5786 44.8806 13.9599 30.9207 12.5433 24.1223 21.7501 7.184 7.78765 3.65814 29.8037 4.12951 27.4562
internal_count=747 264 483 125 358 118 105 96 35 58 25 353 33 159
is_linear=0
shrinkage=0.05


Tree=33
num_leaves=15
num_cat=0
split_feature=220 210 215 98 214 117 159 204 54 65 210 93 110 204
split_gain=38.5584 4.39169 2.6877 2.30167 2.78771 3.08449 2.13161 1.98757 5.34396 1.97075 1.67237 1.664 1.58471 1.38216
threshold=1.0000000180025095e-35 1.5000000000000002 1.0000000180025095e-35 1.0000000180025095e-35 1.5000000000000002 1.0000000180025095e-35 1.0000000180025095e-35 4.5000000000000009 1.0000000180025095e-35 1.0000000180025095e-35 1.0000000180025095e-35 1.0000000180025095e-35 1.0000000180025095e-35 5.5000000000000009
decision_type=2 2 2 2 2 2 2 2 2 2 2 2 2 2
left_child=1 2 12 4 5 7 -6 8 -2 10 -4 -3 -1 -14
right_child=3 11 9 -5 6 -7 -8 -9 -10 -11 -12 -13 13 -15
leaf_value=-0.046607409711950494 0.028876486386789371 0.026727826258248946 -0.024149943242905324 0.056823139453233321 0.043071517720302793 -0.034581499028851152 -0.039440588243146953 0.059748874661000068 -0.075739313862692517 -0.035306012014630815 0.033897151018590255 -0.024125541444196655 0.0025320025468748199 -0.048446083999720668
leaf_weight=29.205025836825371 7.2305985987186414 4.2735269367694846 2.1529158204793912 8.8098896741867048 20.205709189176563 2.9184077233076087 0.81427327543496986 2.784704476594924 1.4686405733227728 4.8271894305944443 2.9288734644651413 2.5796355158090591 3.3817059621214858 2.1911577582359314
leaf_count=168 65 19 9 124 240 17 8 32 7 19 14 10 18 7
internal_value=-0.000293551 -0.029684 -0.0353997 0.0339527 0.0282645 0.011319 0.0398752 0.0229837 0.0112148 -0.0124272 0.00930532 0.00758584 -0.0419451 -0.0175117
internal_weight=95.7723 51.54 44.6869 44.2322 35.4223 14.4024 21.02 11.4839 8.69924 9.90898 5.08179 6.85316 34.7779 5.57286
internal_count=757 264 235 493 369 121 248 104 72 42 23 29 193 25
is_linear=0
shrinkage=0.05


Tree=34
num_leaves=15
num_cat=0
split_feature=219 214 108 146 205 133 99 210 219 59 213 210 196 168
split_gain=26.1764 8.78141 6.63937 4.31 3.21388 3.43407 2.79004 2.43512 4.82966 2.73868 2.37775 2.25594 2.23787 1.322
threshold=1.0000000180025095e-35 1.0000000180025095e-35 1.0000000180025095e-35 1.0000000180025095e-35 1.0000000180025095e-35 1.0000000180025095e-35 1.0000000180025095e-35 2.5000000000000004 1.5000000000000002 1.0000000180025095e-35 3.5000000000000004 1.0000000180025095e-35 1.0000000180025095e-35 1.0000000180025095e-35
decision_type=2 2 2 2 2 2 2 2 2 2 2 2 2 2
left_child=3 2 10 12 5 6 13 9 -9 -6 11 -2 -1 -3
right_child=1 4 -4 -5 7 -7 -8 8 -10 -11 -12 -13 -14 -15
leaf_value=-0.046322719233347277 -0.016964651724806174 0.049237367429116295 0.071238911408984459 0.0070317564195052085 0.056389031357833796 -0.025055360583317417 -0.014002711051706663 -0.044769962612085712 0.066486577386836013 -0.035637456247517935 0.018101523627014237 -0.065850865338468317 -0.010860986998947258 -0.006904523872809383
leaf_weight=24.83526307344437 6.189700171351431 8.5209230333566666 2.1128397509455672 5.8147489428520194 19.713696129620082 3.7295677885413161 2.8407524377107611 1.9982838556170457 1.9057135321199892 0.84302794188260932 2.5958113670349112 3.8140782415866852 5.4198011755943289 1.1957113221287734
leaf_count=146 35 103 16 27 266 30 19 14 19 8 12 14 23 11
internal_value=0.000762886 0.0223267 -0.0107842 -0.0323931 0.0342818 0.0170731 0.0295853 0.04574 0.00953927 0.052615 -0.0245388 -0.0356032 -0.0399702 0.0423286
internal_weight=91.5299 55.4601 14.7124 36.0698 40.7477 16.287 12.5574 24.4607 3.904 20.5567 12.5996 10.0038 30.2551 9.71663
internal_count=743 547 77 196 470 163 133 307 33 274 61 49 169 114
is_linear=0
shrinkage=0.05


Tree=35
num_leaves=15
num_cat=0
split_feature=220 214 153 213 205 179 197 205 64 164 9 65 99 168
split_gain=33.5315 3.77044 3.94888 3.47947 2.58064 1.94527 2.54489 1.76631 1.61081 1.52696 1.56294 1.36383 2.96754 1.84317
threshold=1.0000000180025095e-35 1.0000000180025095e-35 1.0000000180025095e-35 1.5000000000000002 1.0000000180025095e-35 1.0000000180025095e-35 1.0000000180025095e-35 1.0000000180025095e-35 1.0000000180025095e-35 1.0000000180025095e-35 1.0000000180025095e-35 1.0000000180025095e-35 1.0000000180025095e-35 1.0000000180025095e-35
decision_type=2 2 2 2 2 2 2 2 2 2 2 2 2 2
left_child=3 7 4 -1 8 6 9 -2 11 10 -5 12 -3 -13
right_child=1 2 -4 5 -6 -7 -8 -9 -10 -11 -12 13 -14 -15
leaf_value=-0.0417475880734266 -0.03042831395767186 0.018825936311064509 -0.029162011621306362 -0.055625850817459944 0.055773748615711952 -0.044237309328407859 0.036599826513351801 0.02333122937577644 0.05798199266852553 -0.0046148814503379132 -0.0067109731497659204 0.058845568324826382 -0.071522381687611256 -0.018647073419496004
leaf_weight=24.276115231215954 3.0450088977813712 5.9490947648882848 1.9970055669546116 3.7996918559074482 18.299304321408272 4.7615746408700934 2.6869763210415831 3.0666863694787025 3.3691619411110869 11.695066720247269 2.8639271557331085 3.2939929813146591 1.0727452859282491 1.0003712177276609
leaf_count=155 13 64 8 16 279 21 13 21 42 55 11 39 5 8
internal_value=-0.000693522 0.0327811 0.0391116 -0.0281594 0.0432451 -0.0153774 -0.00884787 -0.0034532 0.0276333 -0.0154996 -0.0346029 0.0185977 0.00502318 0.0407937
internal_weight=91.1767 41.0934 34.9817 50.0834 32.9847 25.8072 21.0457 6.1117 14.6854 18.3587 6.66362 11.3162 7.02184 4.29436
internal_count=750 479 445 271 437 116 95 34 158 82 27 116 69 47
is_linear=0
shrinkage=0.05


Tree=36
num_leaves=15
num_cat=0
split_feature=219 214 205 96 215 219 153 98 133 206 207 207 133 110
split_gain=26.6803 5.76564 4.39811 4.55902 3.71036 3.22531 7.44704 2.805 2.76647 2.29106 2.96751 2.25732 2.37775 2.42982
threshold=1.0000000180025095e-35 1.0000000180025095e-35 1.0000000180025095e-35 1.0000000180025095e-35 1.0000000180025095e-35 1.5000000000000002 1.0000000180025095e-35 1.0000000180025095e-35 1.0000000180025095e-35 1.0000000180025095e-35 1.0000000180025095e-35 1.0000000180025095e-35 1.0000000180025095e-35 1.0000000180025095e-35
decision_type=2 2 2 2 2 2 2 2 2 2 2 2 2 2
left_child=4 2 -2 -4 -1 6 7 9 -6 10 -3 12 -11 -14
right_child=1 5 3 -5 8 -7 -8 -9 -10 11 -12 -13 13 -15
leaf_value=-0.047699514478777856 -0.035763430407507256 0.026593800381021354 0.058303654553063668 -0.025940339094970805 -0.02861309726352991 0.059642129091578712 -0.088412476954686153 0.058939824471099592 0.024570564234932795 0.028782964475415819 -0.061786387899651268 0.048534200121867516 0.055750035707420958 -0.033652871301647319
leaf_weight=23.833864256739616 7.1482672020792943 1.9994746446609559 3.6309998109936714 2.8795512691140175 8.7411675974726659 7.0441641174256793 1.4501761943101872 5.7835497371852389 3.394802287220954 9.8539564758539218 1.8091562166810036 7.6623209603130809 0.96255788579583068 3.6114265248179436
leaf_count=151 38 18 25 13 37 97 4 90 15 106 14 99 15 32
internal_value=-0.00289936 0.0193772 -0.00868615 0.0210434 -0.0362405 0.0289179 0.0223858 0.0274572 -0.013736 0.0204268 -0.0153881 0.0266017 0.0149539 -0.0148388
internal_weight=89.8054 53.8356 13.6588 6.51055 35.9698 40.1768 33.1326 31.6824 12.136 25.8989 3.80863 22.0903 14.4279 4.57398
internal_count=754 551 76 38 203 475 378 374 52 284 32 252 153 47
is_linear=0
shrinkage=0.05


Tree=37
num_leaves=15
num_cat=0
split_feature=220 204 207 206 197 197 38 153 214 179 197 110 146 173
split_gain=27.5164 3.9038 2.76692 3.55592 5.71678 3.19711 4.1696 1.98475 1.84439 1.64892 2.51856 1.53508 3.38676 1.4949
threshold=1.0000000180025095e-35 2.5000000000000004 1.0000000180025095e-35 1.0000000180025095e-35 1.0000000180025095e-35 1.0000000180025095e-35 1.0000000180025095e-35 1.0000000180025095e-35 1.0000000180025095e-35 1.0000000180025095e-35 1.0000000180025095e-35 1.0000000180025095e-35 1.0000000180025095e-35 1.0000000180025095e-35
decision_type=2 2 2 2 2 2 2 2 2 2 2 2 2 2
left_child=1 -1 5 4 -4 6 8 -5 -2 10 11 12 -3 -7
right_child=2 9 3 7 -6 13 -8 -9 -10 -11 -12 -13 -14 -15
leaf_value=-0.044763879849464741 -0.0069234342626277971 -0.041242400492640656 0.032446120400803691 0.056896730844125193 -0.11581051911106291 0.046408022340351809 -0.051777128003854589 0.0020725293919121976 0.057214092479835089 -0.043002683544904316 0.039564652406235641 0.0074811634030289096 0.0046597946779370963 0.010656097003219614
leaf_weight=19.19959769397974 2.4995311349630365 10.182961732149137 2.6014786548912556 15.178188104182482 0.8669007122516631 7.0433331355452538 3.3419695980846882 1.8522880077362067 2.032271858304739 4.6574969738721839 2.2745311558246604 5.4144535958766928 6.6379274278879157 4.9990544430911541
leaf_count=132 13 53 36 224 5 94 20 9 28 21 11 24 32 57
internal_value=-0.00181079 -0.0272557 0.0286406 0.041536 -0.00460974 0.0153679 -0.00940697 0.0509339 0.0218388 -0.0157308 -0.0105484 -0.0156747 -0.0231283 0.0315666
internal_weight=88.782 48.367 40.415 20.4989 3.46838 19.9162 7.87377 17.0305 4.5318 29.1674 24.5099 22.2353 16.8209 12.0424
internal_count=759 273 486 274 41 212 61 233 41 141 120 109 85 151
is_linear=0
shrinkage=0.05


Tree=38
num_leaves=15
num_cat=0
split_feature=220 204 199 209 96 203 197 54 204 197 204 179 9 215
split_gain=33.5832 2.92029 2.45999 4.76916 6.48877 1.95317 3.39451 1.82422 1.67286 2.07291 1.55868 1.45985 2.27403 1.36102
threshold=1.0000000180025095e-35 3.5000000000000004 1.0000000180025095e-35 1.0000000180025095e-35 1.0000000180025095e-35 1.0000000180025095e-35 1.0000000180025095e-35 1.0000000180025095e-35 3.5000000000000004 1.0000000180025095e-35 4.5000000000000009 1.0000000180025095e-35 1.0000000180025095e-35 1.0000000180025095e-35
decision_type=2 2 2 2 2 2 2 2 2 2 2 2 2 2
left_child=1 -1 3 4 8 6 7 -5 9 -2 13 12 -12 -3
right_child=2 10 -4 5 -6 -7 -8 -9 -10 -11 11 -13 -14 -15
leaf_value=-0.038622797516202768 -0.034349094746681678 -0.010846741256558278 0.052734685701942868 0.019552107730545058 -0.11416194467604812 0.057175787438674991 0.057429112906067094 -0.057148285409513437 0.055762348074472667 0.03164388861767059 -0.028469941629284928 -0.055280822631071397 0.016892182214432675 0.04001780953253161
leaf_weight=25.042358577251434 2.396455958485606 3.2720399126410511 14.489382997155188 1.6695324257016173 1.1702644303441045 9.1654675118625146 3.1686834692955017 1.4471947737038136 1.7355860061943529 2.3635257184505463 8.9797172546386701 2.6434943974018088 3.9905796200036994 2.1990039199590683
leaf_count=166 13 16 197 19 4 144 45 7 27 23 41 11 18 11
internal_value=0.0015123 -0.0270789 0.036582 0.0264575 -0.00578466 0.0424543 0.0209872 -0.0160623 0.013741 -0.00158088 -0.0133683 -0.0214155 -0.0145133 0.0095975
internal_weight=83.7333 46.1272 37.6061 23.1167 7.66583 15.4509 6.28541 3.11673 6.49557 4.75998 21.0848 15.6138 12.9703 5.47104
internal_count=742 263 479 282 67 215 71 26 63 36 97 70 59 27
is_linear=0
shrinkage=0.05


Tree=39
num_leaves=15
num_cat=0
split_feature=215 213 215 96 219 205 197 204 20 204 168 6 9 160
split_gain=23.0954 5.14059 3.03959 3.14312 3.10113 4.66714 6.59175 2.46509 2.01565 1.78104 1.72673 1.5715 3.13855 1.19498
threshold=1.0000000180025095e-35 3.5000000000000004 1.5000000000000002 1.0000000180025095e-35 1.0000000180025095e-35 1.0000000180025095e-35 1.0000000180025095e-35 5.5000000000000009 1.0000000180025095e-35 3.5000000000000004 1.0000000180025095e-35 1.0000000180025095e-35 1.0000000180025095e-35 1.0000000180025095e-35
decision_type=2 2 2 2 2 2 2 2 2 2 2 2 2 2
left_child=1 -1 3 4 7 6 -6 9 13 -2 -8 -5 -13 -4
right_child=2 -3 8 11 5 -7 10 -9 -10 -11 -12 12 -14 -15
leaf_value=-0.040618485581121556 -0.015313793970984034 0.016468020124505347 0.019882886035883243 -0.041993593852184971 -0.034575625015250432 0.056534467646189114 0.046507359365087125 -0.045838085895589978 -0.037345818795684098 0.038958291452782262 -0.024452842616748356 0.058979906184206489 -0.037950584872242836 0.058883866888581785
leaf_weight=29.90585758164525 2.9744529798626917 4.5425453484058371 2.6334821060299864 3.3154423311352721 5.007011905312539 9.5450995117425901 7.2779776267707348 2.6141358017921448 0.72360112145543176 3.0739022344350815 0.97177207842469204 1.542905580252409 1.820470292121172 7.7261953949928257
leaf_count=198 15 22 33 22 25 157 97 9 6 15 10 16 11 122
internal_value=-0.00168931 -0.0330908 0.0202853 0.0135879 0.0202006 0.0298758 0.0106811 -0.00526675 0.0433343 0.0122684 0.0381487 -0.0175652 0.00651504 0.0489696
internal_weight=83.6749 34.4484 49.2264 38.1432 31.4644 22.8019 13.2568 8.66249 11.0833 6.04836 8.24975 6.67882 3.36338 10.3597
internal_count=758 220 538 377 328 289 132 39 161 30 107 49 27 155
is_linear=0
shrinkage=0.05


Tree=40
num_leaves=15
num_cat=0
split_feature=220 133 98 205 29 110 185 164 219 117 0 204 209 38
split_gain=19.6695 4.77565 2.99564 2.37352 2.14332 2.08904 2.30731 1.69485 1.54835 7.03685 2.716 1.86596 3.06288 1.90666
threshold=1.0000000180025095e-35 1.0000000180025095e-35 1.0000000180025095e-35 1.0000000180025095e-35 1.0000000180025095e-35 1.0000000180025095e-35 1.0000000180025095e-35 1.0000000180025095e-35 1.5000000000000002 1.0000000180025095e-35 1.0000000180025095e-35 4.5000000000000009 1.5000000000000002 1.0000000180025095e-35
decision_type=2 2 2 2 2 2 2 2 2 2 2 2 2 2
left_child=1 3 4 -1 8 6 -5 -3 9 11 -10 12 13 -2
right_child=2 7 -4 5 -6 -7 -8 -9 10 -11 -12 -13 -14 -15
leaf_value=-0.046170325348299686 0.037684611351019547 -0.029261664692728746 0.055037540263412899 -0.042016223015193248 0.057307681560367307 0.0091664948651580518 0.013399792440482193 0.017223020508196157 0.06001172300791089 -0.093385782129988854 -0.044143121049186038 0.041878077952143981 -0.073587829855944462 0.00082044515678390264
leaf_weight=18.455688394606113 5.2611483149230613 2.6544754654169065 6.4500175304710856 9.4457603543996829 3.0580313950777045 4.4633703231811515 2.3445727862417689 7.5045175328850746 3.4511488042771807 1.5891792476177204 0.76457264274358738 5.1570898294448844 1.0890635140240199 10.523392651230097
leaf_count=132 59 11 121 54 46 19 13 39 46 4 9 76 9 114
internal_value=-0.00276304 -0.025075 0.0240448 -0.0339 0.017574 -0.0199674 -0.0309964 0.00507689 0.0132089 0.00822691 0.041122 0.0155567 0.00751211 0.0131076
internal_weight=82.212 44.8684 37.3436 34.7094 30.8936 16.2537 11.7903 10.159 27.8356 23.6199 4.21572 22.0307 16.8736 15.7845
internal_count=752 268 484 218 363 86 67 50 317 262 55 258 182 173
is_linear=0
shrinkage=0.05


Tree=41
num_leaves=15
num_cat=0
split_feature=215 218 66 199 219 219 117 204 204 206 213 210 219 22
split_gain=20.1733 3.5276 2.83098 3.34795 3.16051 2.91325 3.27498 2.95894 3.25013 3.08885 2.85325 2.64958 3.2995 2.19226
threshold=1.0000000180025095e-35 1.5000000000000002 1.0000000180025095e-35 1.0000000180025095e-35 1.0000000180025095e-35 1.5000000000000002 1.0000000180025095e-35 3.5000000000000004 5.5000000000000009 1.5000000000000002 1.5000000000000002 1.0000000180025095e-35 1.0000000180025095e-35 1.0000000180025095e-35
decision_type=2 2 2 2 2 2 2 2 2 2 2 2 2 2
left_child=1 -1 3 5 -5 6 7 9 13 10 -2 -10 -13 -9
right_child=2 -3 -4 4 -6 -7 -8 8 11 -11 -12 12 -14 -15
leaf_value=-0.034015700214918537 0.022001101603947262 0.044876929629963286 0.056943403499811043 -0.009859951847220395 0.045619758585725034 0.058549921891431024 -0.080939058739294134 0.058160627130601605 -0.076514766942521101 -0.086087494851135496 -0.046244405954961418 -0.030638846008031753 0.055871020594541382 -0.0071414433092539045
leaf_weight=30.735130056738853 3.8624520897865393 1.485401690006255 4.9933136329054824 3.2026177868247059 12.934436872601507 2.3056301772594443 1.1975247487425793 5.2270418591797334 1.1566663980484007 1.4409742876887319 2.53787936642766 2.440753847360611 2.0097454413771629 1.7042630538344381
leaf_count=201 35 7 85 14 187 34 4 67 6 6 19 9 33 20
internal_value=-0.000175039 -0.0303787 0.0214447 0.0170155 0.0346091 0.00512807 -0.000580295 0.00414162 0.0192081 -0.01995 -0.00505982 -0.00909504 0.00842707 0.0421042
internal_weight=77.2338 32.2205 45.0133 40.02 16.1371 23.8829 21.5773 20.3798 12.5385 7.84131 6.40033 5.60717 4.4505 6.9313
internal_count=727 208 519 434 201 233 199 195 135 60 54 48 42 87
is_linear=0
shrinkage=0.05


Tree=42
num_leaves=15
num_cat=0
split_feature=215 219 219 214 99 117 65 117 173 53 210 219 210 209
split_gain=22.4143 3.75648 3.55367 2.54459 2.17856 2.16814 2.15201 2.10208 2.00171 1.39145 1.61395 2.33048 1.30723 1.27895
threshold=1.0000000180025095e-35 1.0000000180025095e-35 1.0000000180025095e-35 1.0000000180025095e-35 1.0000000180025095e-35 1.0000000180025095e-35 1.0000000180025095e-35 1.0000000180025095e-35 1.0000000180025095e-35 1.0000000180025095e-35 2.5000000000000004 1.5000000000000002 1.0000000180025095e-35 1.0000000180025095e-35
decision_type=2 2 2 2 2 2 2 2 2 2 2 2 2 2
left_child=1 -1 6 5 9 -4 12 -3 13 10 -5 -12 -2 -6
right_child=2 7 3 4 8 -7 -8 -9 -10 -11 11 -13 -14 -15
leaf_value=-0.045233110234407868 -0.015152970746764183 0.0028622912192638955 0.019548885113760212 0.048337879705691644 -0.062018177274837896 -0.046402027029039755 -0.030233478703863143 -0.04563522186956584 0.055353475550472923 -0.01157618779203376 -0.037249330094444887 0.062317356616281933 0.032903978781604358 0.0095329218086688816
leaf_weight=20.478720713406801 2.2011134475469571 8.6422723308205587 4.3238252997398368 21.53552607074381 1.2065708413720124 1.7508047521114347 4.3354393094778061 3.0134357325732699 1.1237717084586623 1.1818137764930714 1.3803701549768441 1.0234359130263326 3.9626152664422989 1.2947077713906763
leaf_count=153 11 43 27 374 7 9 19 20 19 16 12 13 19 13
internal_value=-0.000393494 -0.032336 0.0222555 0.0299437 0.0361571 0.000540786 -0.00324245 -0.00967613 -7.78766e-05 0.0413859 0.0440005 0.00514183 0.0157425 -0.024982
internal_weight=77.4544 32.1344 45.32 34.8208 28.7462 6.07463 10.4992 11.6557 3.62505 25.1211 23.9393 2.40381 6.16373 2.50128
internal_count=755 216 539 490 454 36 49 63 39 415 399 25 30 20
is_linear=0
shrinkage=0.05


Tree=43
num_leaves=15
num_cat=0
split_feature=220 205 207 94 197 38 64 209 96 196 210 116 38 202
split_gain=19.1328 3.43113 2.97132 3.85656 2.77172 2.59234 1.68635 1.52394 5.79659 1.46695 1.28096 1.66645 1.21693 2.96671
threshold=1.0000000180025095e-35 1.0000000180025095e-35 1.0000000180025095e-35 1.0000000180025095e-35 1.0000000180025095e-35 1.0000000180025095e-35 1.0000000180025095e-35 1.0000000180025095e-35 1.0000000180025095e-35 1.0000000180025095e-35 2.5000000000000004 1.0000000180025095e-35 1.0000000180025095e-35 1.0000000180025095e-35
decision_type=2 2 2 2 2 2 2 2 2 2 2 2 2 2
left_child=2 4 9 -4 5 -2 -6 8 -3 12 -9 -12 -1 -14
right_child=1 7 3 -5 6 -7 -8 10 -10 -11 11 -13 13 -15
leaf_value=-0.042880242959612028 0.0034171873201878158 0.056116484989614718 0.053848398935055386 -0.02203486195561534 0.0095934479457741983 -0.072476904937041592 0.055776375985524075 0.05473853567231856 -0.066678317670892023 0.0092146277959168181 -0.010055094497761359 0.064515973706735771 0.024608181115877668 -0.03787438445735325
leaf_weight=21.238023076206446 3.0212843269109699 2.6857226714491871 2.374263182282446 5.6798714995384216 8.1460178270935995 1.7928396612405775 2.6099263131618509 10.843485310673712 1.4966169558465479 1.8914824873208989 1.9502260126173487 1.2165182828903198 2.5667669810354727 7.3105648159980774
leaf_count=162 19 48 14 23 105 7 43 219 7 10 22 11 19 34
internal_value=-0.00396704 0.0239157 -0.0268938 0.000334621 0.00668626 -0.0248467 0.0207997 0.0386616 0.0121753 -0.033538 0.0465682 0.0185917 -0.0361369 -0.0216374
internal_weight=74.8236 33.7626 41.061 8.05413 15.5701 4.81412 10.7559 18.1926 4.18234 33.0068 14.0102 3.16674 31.1154 9.87733
internal_count=743 481 262 37 174 26 148 307 55 225 252 33 215 53
is_linear=0
shrinkage=0.05


Tree=44
num_leaves=15
num_cat=0
split_feature=220 219 98 199 45 64 166 214 205 130 219 205 185 179
split_gain=13.1754 3.42653 2.94701 3.30574 2.68094 2.60206 3.14579 2.69107 2.36121 2.34669 3.23646 2.82245 2.73258 2.29946
threshold=1.0000000180025095e-35 1.5000000000000002 1.0000000180025095e-35 1.0000000180025095e-35 1.0000000180025095e-35 1.0000000180025095e-35 1.0000000180025095e-35 1.0000000180025095e-35 1.0000000180025095e-35 1.0000000180025095e-35 1.0000000180025095e-35 2.5000000000000004 1.0000000180025095e-35 1.0000000180025095e-35
decision_type=2 2 2 2 2 2 2 2 2 2 2 2 2 2
left_child=8 2 3 4 5 6 -2 -7 -1 10 11 12 -10 -5
right_child=1 -3 -4 13 -6 7 -8 -9 9 -11 -12 -13 -14 -15
leaf_value=-0.033639670365657737 -0.03426989688516488 0.057219823179946498 0.053885909823994771 0.059867117503667688 0.056992188076036503 -0.049427030945854128 0.056287550865370961 0.056280660638266693 -0.031472681263344425 -0.031757094744097492 0.054301422665701926 0.041533599133374316 0.036106911338912563 0.009895610127571338
leaf_weight=17.580707903951406 9.3772558346390724 5.8224264048039904 4.1859090477228156 4.0993537679314613 1.5149704255163676 0.82687966525554601 1.0682575590908534 2.2145970612764359 8.3916324004530907 7.6586686968803397 2.4911939129233351 2.3324835970997801 1.8203046433627612 5.2507761493325233
leaf_count=137 80 99 94 57 27 3 16 35 49 33 15 13 12 78
internal_value=-0.000480709 0.0222633 0.0151314 0.00846984 -0.00607372 -0.0131578 -0.0250086 0.0275421 -0.0198847 -0.00922906 0.00224602 -0.00809166 -0.0194264 0.0318045
internal_weight=74.6354 34.3604 28.538 24.3521 15.002 13.487 10.4455 3.04148 40.275 22.6943 15.0356 12.5444 10.2119 9.35013
internal_count=748 489 390 296 161 134 96 38 259 122 89 74 61 135
is_linear=0
shrinkage=0.05


Tree=45
num_leaves=15
num_cat=0
split_feature=220 133 205 197 123 210 96 197 213 210 213 199 209 93
split_gain=14.7472 3.29095 2.97313 2.58986 2.45886 1.55232 1.43533 1.87754 1.21611 2.13243 2.60066 1.2459 1.114 2.39672
threshold=1.0000000180025095e-35 1.0000000180025095e-35 1.0000000180025095e-35 1.0000000180025095e-35 1.0000000180025095e-35 1.5000000000000002 1.0000000180025095e-35 1.0000000180025095e-35 3.5000000000000004 1.0000000180025095e-35 1.5000000000000002 1.0000000180025095e-35 1.0000000180025095e-35 1.0000000180025095e-35
decision_type=2 2 2 2 2 2 2 2 2 2 2 2 2 2
left_child=1 -1 3 -2 6 -3 -4 12 9 10 11 -5 -8 -14
right_child=2 5 4 8 -6 -7 7 -9 -10 -11 -12 -13 13 -15
leaf_value=-0.028700492944226864 -0.025286150521300618 -0.0066332608120714971 0.054466511003573394 0.058050064458765073 -0.050243189871006289 0.039167714239217513 -0.043556585306900236 0.056807747798771707 -0.010100459847229626 0.055123569070795658 -0.054651725673958242 -0.0072517852710390109 0.057116022895447031 -0.041405971872474773
leaf_weight=30.533275943249464 4.1031455993652317 8.4612342864274961 10.286909759044653 1.7377113066613656 0.73808473348617454 2.3676862418651572 1.0194308757781976 2.5443201139569283 2.4072706028819093 4.2699913829565048 1.2750095054507253 1.260067593306303 1.5616255179047585 1.0208039879798889
leaf_count=216 23 43 223 24 10 11 4 44 29 77 9 17 25 6
internal_value=-0.000544595 -0.0203014 0.0248146 0.00859385 0.0390345 0.00338088 0.0430444 0.0239272 0.0212892 0.0301345 0.00516174 0.0306015 0.000700618 0.0181714
internal_weight=73.5866 41.3622 32.2244 15.0532 17.1712 10.8289 16.4331 6.14618 10.9501 8.54278 4.27279 2.99778 3.60186 2.58243
internal_count=761 270 491 179 312 54 302 79 156 127 50 41 35 31
is_linear=0
shrinkage=0.05


Tree=46
num_leaves=15
num_cat=0
split_feature=215 110 205 94 133 173 134 196 20 13 199 201 1 204
split_gain=16.6583 3.09993 2.91517 2.08097 2.70332 2.16997 4.00133 2.35458 2.47888 2.07611 2.02277 2.0222 1.93706 1.79274
threshold=1.0000000180025095e-35 1.0000000180025095e-35 1.0000000180025095e-35 1.0000000180025095e-35 1.0000000180025095e-35 1.0000000180025095e-35 1.0000000180025095e-35 1.0000000180025095e-35 1.0000000180025095e-35 1.0000000180025095e-35 1.0000000180025095e-35 1.0000000180025095e-35 1.0000000180025095e-35 6.5000000000000009
decision_type=2 2 2 2 2 2 2 2 2 2 2 2 2 2
left_child=1 -1 -3 4 9 6 12 -7 13 10 -2 -4 -5 -9
right_child=3 2 11 5 -6 7 -8 8 -10 -11 -12 -13 -14 -15
leaf_value=-0.034735356765159174 -0.0078904923440413829 -0.042105439136183302 0.059614183224421496 0.021497059555799752 0.06523580079327522 -0.020039130341392788 -0.065183865693129547 0.056769093281769392 -0.055239489433515511 0.070189597535432677 0.043827474796231475 -0.0049516194457716574 0.067208166674194506 0.0066929767225180556
leaf_weight=22.874563310295347 5.1344178617000544 2.4264169111847869 2.2595156878232956 5.1792912818491441 5.6667648069560519 6.615790329873561 0.96085494384169656 3.372513260692358 0.96208544448018063 1.8232961073517806 2.9925390370190144 2.6176355630159378 4.1945785544812679 3.8024428859353065
leaf_count=183 40 15 12 70 98 62 5 68 6 33 30 10 76 44
internal_value=0.00247045 -0.0256803 0.00267983 0.0233413 0.0376701 0.0144216 0.0319909 0.00211379 0.0201251 0.0219712 0.0111533 0.0249608 0.0419517 0.0302307
internal_weight=70.8827 30.1781 7.30357 40.7046 15.617 25.0876 10.3347 14.7528 8.13704 9.95025 8.12696 4.87715 9.37387 7.17496
internal_count=752 220 37 532 201 331 151 180 118 103 70 22 146 112
is_linear=0
shrinkage=0.05


Tree=47
num_leaves=15
num_cat=0
split_feature=219 117 219 204 37 134 20 207 204 133 110 214 65 133
split_gain=15.9322 3.68321 7.36596 3.67992 2.96555 2.45042 1.8014 1.9868 4.65594 2.40307 3.68376 3.06173 1.72468 2.91062
threshold=1.0000000180025095e-35 1.0000000180025095e-35 1.5000000000000002 2.5000000000000004 1.0000000180025095e-35 1.0000000180025095e-35 1.0000000180025095e-35 1.0000000180025095e-35 2.5000000000000004 1.0000000180025095e-35 1.0000000180025095e-35 1.0000000180025095e-35 1.0000000180025095e-35 1.0000000180025095e-35
decision_type=2 2 2 2 2 2 2 2 2 2 2 2 2 2
left_child=3 6 -3 -1 -4 12 7 9 -9 11 -11 -2 -5 -14
right_child=1 2 4 5 -6 -7 -8 8 -10 10 -12 -13 13 -15
leaf_value=-0.05087218453608703 0.0036438496404519122 -0.055177621327047177 0.06565530617950345 0.010985919192102747 -0.049349467119583101 -0.059166006177325238 -0.04819581879164006 -0.027929210558524854 0.058515426057603605 0.077116425943501044 -0.025035146916280976 0.051198990230117702 -0.058948574523901426 0.0074544814147190098
leaf_weight=10.602583494037392 5.703179910779002 4.1250492781400672 2.8530081883072858 7.6185398027300852 0.69761368259787548 2.4719669371843329 0.74469590932130714 1.821214124560355 10.763465747237204 1.081750165671109 4.7927600294351578 8.3255586512386781 3.1266751140356064 3.4947721809148788
leaf_count=98 31 23 46 46 5 13 10 14 227 18 42 127 18 18
internal_value=0.00173883 0.0214828 -0.00973493 -0.0278312 0.0430596 -0.0132134 0.0286931 0.0304556 0.0460054 0.0206235 -0.00622465 0.0318661 -0.00523629 -0.0239013
internal_weight=68.2228 40.9083 7.67567 27.3145 3.55062 16.712 33.2326 32.4879 12.5847 19.9032 5.87451 14.0287 14.24 6.62145
internal_count=736 543 74 193 51 95 469 459 241 218 60 158 82 36
is_linear=0
shrinkage=0.05


Tree=48
num_leaves=15
num_cat=0
split_feature=215 205 106 219 219 117 37 176 219 205 123 209 146 108
split_gain=10.3259 2.894 2.89114 2.6123 1.90975 5.69086 2.96877 2.01163 2.10081 2.82737 3.99396 2.70808 1.80983 1.60398
threshold=1.0000000180025095e-35 1.0000000180025095e-35 1.0000000180025095e-35 1.0000000180025095e-35 1.5000000000000002 1.0000000180025095e-35 1.0000000180025095e-35 1.0000000180025095e-35 1.0000000180025095e-35 1.0000000180025095e-35 1.0000000180025095e-35 1.0000000180025095e-35 1.0000000180025095e-35 1.0000000180025095e-35
decision_type=2 2 2 2 2 2 2 2 2 2 2 2 2 2
left_child=1 -1 4 -3 5 7 -6 8 11 13 -11 -2 -13 -10
right_child=2 3 -4 -5 6 -7 -8 -9 9 10 -12 12 -14 -15
leaf_value=-0.042646686841414906 0.042074665543001183 -0.030561437647148561 0.080217683162528239 0.0092325610782904508 0.055914012733715102 -0.07846639082346013 -0.058720210044713873 -0.053713050015934787 0.0012220822000438489 0.049951447090721711 -0.093042978056515208 -0.037649719321391627 0.015087843798146634 0.065548692134253447
leaf_weight=12.523194309324028 2.3276779651641863 8.2910115458071232 1.6032442413270462 8.2057716324925423 4.2899090573191634 1.8201418519020069 0.65042350068688382 1.1132775247097004 11.078718841075897 9.5784383844584191 0.51455355063080865 4.8280150294303894 2.4535438120365143 1.0619661174714572
leaf_count=118 14 60 29 38 86 5 6 7 136 214 5 20 11 11
internal_value=-0.00166508 -0.0245244 0.0143896 -0.0107672 0.0117323 0.00759985 0.0408218 0.0123532 0.014663 0.023106 0.0426614 -0.00487223 -0.0198796 0.00684884
internal_weight=70.3399 29.02 41.3199 16.4968 39.7167 34.7763 4.94033 32.9562 31.8429 22.2337 10.093 9.60924 7.28156 12.1407
internal_count=760 216 544 98 515 423 92 418 411 366 219 45 31 147
is_linear=0
shrinkage=0.05


Tree=49
num_leaves=15
num_cat=0
split_feature=220 199 98 213 110 64 205 218 59 132 3 94 210 213
split_gain=12.1186 3.22769 2.91722 2.54021 2.05225 2.79866 3.39326 3.18098 2.76601 1.68723 1.56216 0.914578 3.40122 2.63808
threshold=1.0000000180025095e-35 1.0000000180025095e-35 1.0000000180025095e-35 1.0000000180025095e-35 1.0000000180025095e-35 1.0000000180025095e-35 1.0000000180025095e-35 1.5000000000000002 1.0000000180025095e-35 1.0000000180025095e-35 1.0000000180025095e-35 1.0000000180025095e-35 1.5000000000000002 3.5000000000000004
decision_type=2 2 2 2 2 2 2 2 2 2 2 2 2 2
left_child=3 2 4 -1 5 6 -2 9 -6 -8 11 12 13 -5
right_child=1 -3 -4 10 8 -7 7 -9 -10 -11 -12 -13 -14 -15
leaf_value=-0.034890305275918423 -0.055555222558379774 0.048871321975539721 0.053331304322192956 0.0017361135643572259 0.045970243602090261 0.057199895071469976 0.058197223732247949 -0.037764232402476831 -0.06642145657500996 -0.031546201738480627 0.037845964689191436 -0.018831155099863744 0.067731153013035755 -0.064027107472136191
leaf_weight=11.354816630482672 3.5769678167998791 10.994542982429268 3.9444102048873892 8.1910159476101398 4.3158711269497863 1.4471498169004924 2.513160908594728 2.2956640720367432 0.62694698572158802 0.66160734370350827 1.8342972695827473 13.463480599224567 1.6115092784166343 1.8738311231136329
leaf_count=115 19 202 110 58 76 24 46 18 7 6 9 70 8 9
internal_value=0.00364306 0.0272314 0.0149558 -0.0150511 0.00515051 -0.00736083 -0.0176875 0.00707326 0.0317145 0.0394951 -0.00669969 -0.0099499 0.000290667 -0.0105074
internal_weight=68.7053 30.3763 19.3818 38.329 15.4374 10.4945 9.0474 5.47043 4.94282 3.17477 26.9741 25.1398 11.6764 10.0648
internal_count=777 508 306 269 196 113 89 70 83 52 154 145 75 67
is_linear=0
shrinkage=0.05


Tree=50
num_leaves=15
num_cat=0
split_feature=215 173 69 205 197 209 179 214 213 214 204 196 93 123
split_gain=10.2661 2.99384 2.61632 2.82564 2.5792 2.03966 1.91658 1.95 1.81279 1.65558 1.78252 2.76134 1.58531 1.94224
threshold=1.0000000180025095e-35 1.0000000180025095e-35 1.0000000180025095e-35 1.0000000180025095e-35 1.0000000180025095e-35 1.0000000180025095e-35 1.0000000180025095e-35 2.5000000000000004 1.5000000000000002 2.5000000000000004 6.5000000000000009 1.0000000180025095e-35 1.0000000180025095e-35 1.0000000180025095e-35
decision_type=2 2 2 2 2 2 2 2 2 2 2 2 2 2
left_child=1 -1 3 4 5 -2 7 -6 -9 10 12 -12 13 -5
right_child=2 -3 -4 9 6 -7 -8 8 -10 -11 11 -13 -14 -15
leaf_value=-0.042299163647736268 -0.0084439011479849179 -0.008726755786615862 0.094582397555092276 0.023616820254532156 0.057025179429963851 -0.07584587867191761 -0.012490323250261693 0.037222479750273915 -0.061818239311977545 0.05669883754156127 -0.082267149584785759 0.0096917634873249243 0.078150788338957167 -0.067578108678812338
leaf_weight=15.239296663552523 2.5657274648547146 11.768819086253643 0.94588217698037524 13.648636614903809 2.8242639154195786 1.9952788427472112 5.6002162471413612 0.99117288365960099 0.86542088910937309 2.8917270693927994 1.0458048321306694 3.7205865867435932 1.2635203003883368 0.60994123294949609
leaf_count=149 16 61 9 217 47 8 72 17 8 60 6 40 22 6
internal_value=-0.00397873 -0.0276699 0.0124412 0.0103978 -0.00663638 -0.0379299 0.0072464 0.0308596 -0.00894374 0.0213046 0.0162598 -0.0104852 0.0244725 0.0197158
internal_weight=65.9763 27.0081 38.9682 38.0223 14.8421 4.56101 10.2811 4.68086 1.85659 23.1802 20.2885 4.76639 15.5221 14.2586
internal_count=738 210 528 519 168 24 144 72 25 351 291 46 245 223
is_linear=0
shrinkage=0.05


Tree=51
num_leaves=15
num_cat=0
split_feature=220 204 94 98 204 160 214 132 59 54 164 132 213 204
split_gain=11.0228 3.07595 2.49638 2.15969 1.90222 1.68386 1.47209 2.39443 2.30327 1.84298 1.6867 1.84305 1.75086 1.63966
threshold=1.0000000180025095e-35 3.5000000000000004 1.0000000180025095e-35 1.0000000180025095e-35 4.5000000000000009 1.0000000180025095e-35 1.5000000000000002 1.0000000180025095e-35 1.0000000180025095e-35 1.0000000180025095e-35 1.0000000180025095e-35 1.0000000180025095e-35 3.5000000000000004 4.5000000000000009
decision_type=2 2 2 2 2 2 2 2 2 2 2 2 2 2
left_child=1 -1 4 6 -3 -4 7 9 10 -2 11 12 -8 -11
right_child=3 2 5 -5 -6 -7 8 -9 -10 13 -12 -13 -14 -15
leaf_value=-0.033797548855848701 0.008253572960288464 0.047125556820106239 -0.06012816023755585 0.053234104814101374 -0.0057100582704042238 -0.011048717709863279 0.039431649222288721 0.058452393281848869 -0.069600581920145801 -0.081930249921323792 0.054483028520171443 -0.069651768027937461 -0.012635482634022541 -0.010001775454174924
leaf_weight=19.486278545111418 6.4887234345078504 3.1494191735982904 2.0543688014149657 4.3632586579769841 3.7105730921030045 11.704152934253216 5.2726511172950215 1.6102723684161908 0.59845590591430742 1.2786547020077708 4.7350295893847951 0.5710521675646304 2.3272462077438831 2.0830376110970974
leaf_count=178 74 19 11 126 20 56 105 24 6 6 104 6 30 20
internal_value=-0.00251732 -0.0195538 -0.00609213 0.020779 0.0185467 -0.0183771 0.0151067 0.00192701 0.0262917 -0.00731334 0.0307383 0.0169783 0.0234876 -0.0373605
internal_weight=69.4332 40.1048 20.6185 29.3284 6.85999 13.7585 24.9651 11.4607 13.5044 9.85042 12.906 8.17095 7.5999 3.36169
internal_count=785 284 106 501 39 67 375 124 251 100 245 141 135 26
is_linear=0
shrinkage=0.05


Tree=52
num_leaves=15
num_cat=0
split_feature=219 207 197 205 96 204 20 168 215 214 117 204 205 74
split_gain=12.5991 3.19823 3.0747 3.2989 2.05949 1.98235 2.16737 1.91748 1.84232 1.76856 1.55342 1.46372 1.10968 1.0372
threshold=1.0000000180025095e-35 1.0000000180025095e-35 1.0000000180025095e-35 1.0000000180025095e-35 1.0000000180025095e-35 2.5000000000000004 1.0000000180025095e-35 1.0000000180025095e-35 1.0000000180025095e-35 1.5000000000000002 1.0000000180025095e-35 2.5000000000000004 1.0000000180025095e-35 1.0000000180025095e-35
decision_type=2 2 2 2 2 2 2 2 2 2 2 2 2 2
left_child=8 2 3 11 7 -3 10 13 -1 -10 -7 -2 -11 -4
right_child=1 5 4 -5 -6 6 -8 -9 9 12 -12 -13 -14 -15
leaf_value=-0.039198875347173222 -0.009152970883158815 -0.0091652965710430946 0.055563361723829252 0.013751596808631018 -0.055414870231857233 0.058183882097527131 -0.033966519709412155 -0.032544500866979541 0.0099126524402993379 -0.058079475264406849 0.0086814421757154866 -0.053859034271404288 -0.013546701454874178 0.012411158381178003
leaf_weight=15.985680166631937 3.5283192582428464 2.1075106635689727 5.390893839299677 8.2389451246708614 0.66872795857489187 8.9846320096403307 0.83851017057895738 0.91073892638087262 4.8558986708521843 2.2875999063253403 1.9242178890854127 3.8057932406663895 3.6007012575864792 1.8774694856256244
leaf_count=153 29 17 108 65 8 226 12 13 24 12 22 21 15 31
internal_value=-0.00209657 0.0162985 0.00541211 -0.00796069 0.0289496 0.0354871 0.0434978 0.0358472 -0.0284373 -0.0124258 0.0494521 -0.0323517 -0.0308476 0.0444168
internal_weight=65.0056 38.2758 24.4209 15.5731 8.84783 13.8549 11.7474 8.1791 26.7299 10.7442 10.9088 7.33411 5.8883 7.26836
internal_count=756 552 275 115 160 277 260 152 204 51 248 50 27 139
is_linear=0
shrinkage=0.05


Tree=53
num_leaves=15
num_cat=0
split_feature=219 98 219 117 102 196 0 108 66 49 1 201 141 164
split_gain=5.99527 3.7056 2.84759 5.91854 2.63487 2.20386 2.18432 2.11639 1.79751 2.11712 1.9591 2.27924 1.75349 1.6819
threshold=1.0000000180025095e-35 1.0000000180025095e-35 1.5000000000000002 1.0000000180025095e-35 1.0000000180025095e-35 1.0000000180025095e-35 1.0000000180025095e-35 1.0000000180025095e-35 1.0000000180025095e-35 1.0000000180025095e-35 1.0000000180025095e-35 1.0000000180025095e-35 1.0000000180025095e-35 1.0000000180025095e-35
decision_type=2 2 2 2 2 2 2 2 2 2 2 2 2 2
left_child=5 2 3 4 7 -1 -4 8 9 10 11 12 13 -2
right_child=1 -3 6 -5 -6 -7 -8 -9 -10 -11 -12 -13 -14 -15
leaf_value=-0.02677857310676084 -0.011098493052557109 0.056959319751726301 0.063725803890788427 -0.056029566418606062 0.065939911150111427 0.011760043907287306 -0.025881839565439432 0.05459701540714116 0.046562942555865093 0.05033460897536364 0.011296817904125032 -0.06584841974759352 -0.036569528097594214 0.046076188959141916
leaf_weight=21.262946579605345 4.1439192723483043 3.9377482440322629 3.2526081446558228 4.0064298659563056 1.8926108479499806 4.4936207905411711 0.85988192632794369 1.9709897097200144 1.9582491684705008 1.6879585180431593 7.9655823074281207 2.2652950733900061 3.851137638092041 1.8652399517595766
leaf_count=181 41 115 63 25 41 23 11 20 36 21 102 11 39 26
internal_value=-0.00127225 0.0109266 0.00585197 0.000759696 0.00900296 -0.0200549 0.0449897 0.00481135 0.000677489 -0.00344826 -0.00796682 -0.0206215 -0.0102312 0.0066485
internal_weight=65.4142 39.6577 35.7199 31.6074 27.601 25.7566 4.11249 25.7084 23.7374 21.7791 20.0912 12.1256 9.8603 6.00916
internal_count=755 551 436 362 337 204 74 296 276 240 219 117 106 67
is_linear=0
shrinkage=0.05


Tree=54
num_leaves=15
num_cat=0
split_feature=220 218 98 64 73 205 205 213 117 160 203 54 216 179
split_gain=8.48945 2.23052 1.90189 1.79995 1.38013 1.76888 1.7578 2.10772 2.39864 1.42376 1.57237 2.03202 2.85584 2.13995
threshold=1.0000000180025095e-35 1.5000000000000002 1.0000000180025095e-35 1.0000000180025095e-35 1.0000000180025095e-35 1.0000000180025095e-35 1.5000000000000002 2.5000000000000004 1.0000000180025095e-35 1.0000000180025095e-35 1.5000000000000002 1.0000000180025095e-35 1.0000000180025095e-35 1.0000000180025095e-35
decision_type=2 2 2 2 2 2 2 2 2 2 2 2 2 2
left_child=1 -1 3 4 5 9 -7 -8 -9 -2 11 12 -11 -14
right_child=2 -3 -4 -5 -6 6 7 8 -10 10 -12 -13 13 -15
leaf_value=-0.021164732606941499 -0.051352259780045463 0.030561707082875356 0.052724648498843577 0.044009173113533744 0.060564544354676703 0.053437883025209222 -0.047267103188341889 0.055326314995964111 -0.019195638433872828 0.032894438530662942 0.056959686620819031 0.024630468075152501 -0.018187899913478103 -0.10167540308352102
leaf_weight=32.138416964560747 1.718110468238591 2.2286306321620932 3.7184417862445107 4.1900696270167819 1.1695882119238366 2.8187339790165407 1.4349333271384237 2.455081669613719 1.9275568351149557 1.2543625645339611 1.0151008702814577 2.6794771775603294 1.6699589155614376 1.420364037156105
leaf_count=243 10 10 125 83 15 73 21 59 13 12 16 50 15 9
internal_value=-0.00124691 -0.0178104 0.0194739 0.0142687 0.00789887 0.00455005 0.0210312 0.00532951 0.0225503 -0.0100375 -0.00120794 -0.00961407 -0.0307335 -0.0565602
internal_weight=61.8388 34.367 27.4718 23.7533 19.5633 18.3937 8.63631 5.81757 4.38264 9.75737 8.03926 7.02416 4.34469 3.09032
internal_count=754 253 501 376 293 278 166 93 72 112 102 86 36 24
is_linear=0
shrinkage=0.05


Tree=55
num_leaves=15
num_cat=0
split_feature=220 15 123 215 10 65 202 30 164 110 216 215 1 214
split_gain=7.7445 2.74545 3.00009 2.56308 1.50878 1.49391 2.25254 4.2539 1.44471 1.27535 4.14033 1.92654 1.73597 1.67759
threshold=1.0000000180025095e-35 1.0000000180025095e-35 1.0000000180025095e-35 1.5000000000000002 1.0000000180025095e-35 1.0000000180025095e-35 1.0000000180025095e-35 1.0000000180025095e-35 1.0000000180025095e-35 1.0000000180025095e-35 1.0000000180025095e-35 1.0000000180025095e-35 1.0000000180025095e-35 1.5000000000000002
decision_type=2 2 2 2 2 2 2 2 2 2 2 2 2 2
left_child=9 3 -3 4 5 8 -7 -8 -2 11 -11 -1 -12 -13
right_child=1 2 -4 -5 -6 6 7 -9 -10 10 12 13 -14 -15
leaf_value=-0.032297588990592666 0.0068414719286680626 0.053479358823967142 -0.061318441754736767 0.055586917344474143 -0.060376121753007161 -0.048199295491090706 0.054598311338839668 -0.05821198013551402 0.055500974633903688 0.055394672973178273 -0.060496205086054369 0.018040782876683637 -0.0016413205746162183 -0.023048981252548062
leaf_weight=18.034660864621401 6.6379273552447575 6.8415162917226544 0.62076269835233677 2.4462396800518027 0.95345236919820386 2.7295155599713334 2.221866562962532 1.3394296430051329 1.9805358145385978 2.3723326399922362 2.0230453833937645 4.4278666004538554 3.2911892831325531 5.6584410518407822
leaf_count=177 91 205 5 53 5 23 55 8 40 14 12 22 14 27
internal_value=-0.0025341 0.0183671 0.0439297 0.00794838 0.000601895 0.00450146 -0.0140239 0.0121695 0.0180235 -0.017577 0.000471748 -0.0225104 -0.0240464 -0.00501067
internal_weight=61.5788 25.7712 7.46228 18.309 15.8627 14.9093 6.29081 3.5613 8.61846 35.8075 7.68657 28.121 5.31423 10.0863
internal_count=751 485 210 275 222 217 86 63 131 266 40 226 26 49
is_linear=0
shrinkage=0.05


Tree=56
num_leaves=15
num_cat=0
split_feature=215 110 106 133 204 134 204 186 93 123 50 64 53 133
split_gain=5.22448 2.5908 2.11719 1.91614 3.22205 1.86782 2.23189 2.41625 1.88959 1.44633 1.49819 1.5818 1.61576 1.78636
threshold=1.0000000180025095e-35 1.0000000180025095e-35 1.0000000180025095e-35 1.0000000180025095e-35 4.5000000000000009 1.0000000180025095e-35 6.5000000000000009 1.0000000180025095e-35 1.0000000180025095e-35 1.0000000180025095e-35 1.0000000180025095e-35 1.0000000180025095e-35 1.0000000180025095e-35 1.0000000180025095e-35
decision_type=2 2 2 2 2 2 2 2 2 2 2 2 2 2
left_child=1 3 5 -1 -5 6 7 8 9 10 11 12 13 -2
right_child=2 -3 -4 4 -6 -7 -8 -9 -10 -11 -12 -13 -14 -15
leaf_value=-0.039015603157880177 0.002047297844410921 0.0070943173983716015 0.074553728813222697 0.028686421878497168 -0.058374632536519679 -0.035324221904111823 -0.019813757037930847 0.10107293580053762 0.07664802498019789 -0.051607010841368595 -0.054605310451297323 0.05095453396545882 -0.053597255559258754 0.031283148435745547
leaf_weight=12.793351165950304 12.466360481455943 6.9486469700932494 1.2670462075620879 3.0516873747110358 1.6305720806121824 2.2491877414286128 4.8060743156820527 0.82976136915385623 1.1719181295484293 0.8705339077860107 0.77412024885415931 2.8704244922846547 0.9134964682161798 8.9948003832250834
leaf_count=152 156 37 31 19 9 24 46 15 26 9 4 55 8 174
internal_value=-0.000762476 -0.0187308 0.0110306 -0.0289994 -0.00163213 0.00879152 0.0117361 0.0169844 0.014498 0.0117893 0.0139104 0.0160114 0.0115285 0.0143006
internal_weight=61.638 24.4243 37.2137 17.4756 4.68226 35.9467 33.6975 28.8914 28.0617 26.8897 26.0192 25.2451 22.3747 21.4612
internal_count=765 217 548 180 28 517 493 447 432 406 397 393 338 330
is_linear=0
shrinkage=0.05


Tree=57
num_leaves=15
num_cat=0
split_feature=220 209 166 199 168 204 133 125 9 65 130 201 202 133
split_gain=5.66916 2.1047 2.28579 2.2084 2.38747 2.04449 2.62774 1.55018 1.05607 1.98202 2.90005 1.77984 1.46677 1.18996
threshold=1.0000000180025095e-35 1.0000000180025095e-35 1.0000000180025095e-35 1.0000000180025095e-35 1.0000000180025095e-35 2.5000000000000004 1.0000000180025095e-35 1.0000000180025095e-35 1.0000000180025095e-35 1.0000000180025095e-35 1.0000000180025095e-35 1.0000000180025095e-35 1.0000000180025095e-35 1.0000000180025095e-35
decision_type=2 2 2 2 2 2 2 2 2 2 2 2 2 2
left_child=5 2 3 -2 -5 6 -1 -3 9 10 12 -10 -7 -11
right_child=1 7 -4 4 -6 8 -8 -9 11 13 -12 -13 -14 -15
leaf_value=-0.038531880464109103 -0.028728362609170943 0.032944736463798814 0.055933884973309367 0.058444579439126634 -0.046433865768315187 0.015779417442557619 0.046062084747444276 -0.061890667557359259 -0.039139385776350351 -0.042979452766038678 -0.018445553917414745 0.0092018146084231669 0.069930537396794251 -0.00041041988265821451
leaf_weight=9.7733790725469554 5.3836650867015141 14.977197498083111 1.5482400525361297 1.8313727267086508 0.77111264690756787 2.4110080301761645 1.0131695568561561 0.44367015175521451 4.5907870531082144 2.5524864718317986 2.9771157652139664 3.2535211518406868 2.5980110466480255 4.6005650982260704
leaf_count=121 56 350 29 33 10 20 7 3 25 19 16 14 17 24
internal_value=0.000726794 0.0187986 0.000331774 -0.0104476 0.0273692 -0.0126278 -0.0305861 0.0302162 -0.00419975 0.00351521 0.020637 -0.0190893 0.0438658 -0.0156007
internal_weight=58.7253 24.9553 9.53439 7.98615 2.60249 33.77 10.7865 15.4209 22.9835 15.1392 7.98613 7.84431 5.00902 7.15305
internal_count=744 481 128 99 43 263 128 353 135 96 53 39 37 43
is_linear=0
shrinkage=0.05


Tree=58
num_leaves=15
num_cat=0
split_feature=220 214 213 94 205 65 45 65 64 99 160 59 30 123
split_gain=6.38068 2.23152 1.69245 1.63967 2.4294 1.62524 1.51309 1.44693 1.42645 1.7362 2.13897 1.58951 1.82835 2.16599
threshold=1.0000000180025095e-35 1.0000000180025095e-35 1.5000000000000002 1.0000000180025095e-35 1.5000000000000002 1.0000000180025095e-35 1.0000000180025095e-35 1.0000000180025095e-35 1.0000000180025095e-35 1.0000000180025095e-35 1.0000000180025095e-35 1.0000000180025095e-35 1.0000000180025095e-35 1.0000000180025095e-35
decision_type=2 2 2 2 2 2 2 2 2 2 2 2 2 2
left_child=2 -2 -1 4 5 -4 -6 -5 9 11 -11 12 13 -3
right_child=1 8 3 7 6 -7 -8 -9 -10 10 -12 -13 -14 -15
leaf_value=-0.031843656244097497 -0.017667119268729305 0.039730518982240698 0.010598864741769094 -0.010592662526828318 -0.035001804370831065 0.0813878083066365 0.013666912881248086 -0.048824960460392079 0.05370502245029294 -0.087311562804436957 0.013183814626353409 -0.052544959838777931 -0.01724238420723628 -0.053275129824415693
leaf_weight=13.149744868278502 4.1230555810034302 11.112635502591729 1.8906611129641533 8.8174009546637517 3.3500489145517349 1.4196491166949272 3.0518336892127991 3.4402982518076906 3.1352521814405909 0.83476143330335628 1.4478383399546138 0.658231161534787 1.997565126046539 0.66337510570883829
leaf_count=154 28 299 13 44 16 10 16 16 83 3 24 8 19 8
internal_value=-0.00408168 0.0158046 -0.0176561 -0.00916435 0.00618114 0.0409572 -0.011801 -0.0213231 0.0227572 0.0169521 -0.023568 0.0233609 0.0269884 0.0344913
internal_weight=59.0924 23.9727 35.1196 21.9699 9.71219 3.31031 6.40188 12.2577 19.8497 16.7144 2.2826 14.4318 13.7736 11.776
internal_count=741 472 269 115 55 23 32 60 444 361 27 334 326 307
is_linear=0
shrinkage=0.05


Tree=59
num_leaves=15
num_cat=0
split_feature=215 106 157 45 204 38 45 216 54 199 94 213 204 20
split_gain=6.76333 2.58749 2.32156 1.79816 1.83585 1.74729 2.03075 1.78698 1.95512 1.37892 2.06821 1.61483 2.36554 2.56398
threshold=1.0000000180025095e-35 1.0000000180025095e-35 1.0000000180025095e-35 1.0000000180025095e-35 3.5000000000000004 1.0000000180025095e-35 1.0000000180025095e-35 1.0000000180025095e-35 1.0000000180025095e-35 1.0000000180025095e-35 1.0000000180025095e-35 1.0000000180025095e-35 3.5000000000000004 1.0000000180025095e-35
decision_type=2 2 2 2 2 2 2 2 2 2 2 2 2 2
left_child=5 2 3 9 -5 6 -1 8 -7 11 -11 -2 -13 -14
right_child=1 -3 -4 4 -6 7 -8 -9 -10 10 -12 12 13 -15
leaf_value=-0.042244513594907433 0.03136695565744594 0.079514259097780426 0.065263691498346557 -0.0081951731835452676 0.069730012262523705 0.069117812374479587 0.0001523693382261547 -0.022096360480294768 -0.0086459185003104951 0.047820412534829854 0.0019393859293717526 -0.040435420134819981 0.010780218977722571 -0.086853732746844006
leaf_weight=11.703641658648847 2.3449452593922713 1.3882957138121117 1.7863536085933436 1.1811537202447646 2.098964998498559 1.4265936650335789 3.7228517904877672 5.1568842232227325 1.864870972931385 3.4898067228496048 8.2932120058685541 5.1231319438666096 7.8903073053807002 0.73508664965629567
leaf_count=135 26 32 40 17 59 15 25 28 11 52 147 40 121 4
internal_value=-0.00156482 0.0126484 0.00983047 0.00665223 0.0416696 -0.0220029 -0.0320129 -0.00372485 0.0250586 0.00253187 0.0155281 -0.00698345 -0.0135245 0.00245951
internal_weight=58.2061 34.3313 32.943 31.1566 3.28012 23.8748 15.4265 8.44835 3.29146 27.8765 11.783 16.0935 13.7485 8.62539
internal_count=752 538 506 466 76 214 160 54 26 390 199 191 165 125
is_linear=0
shrinkage=0.05


Tree=60
num_leaves=15
num_cat=0
split_feature=220 218 98 1 179 205 44 132 0 207 218 13 213 197
split_gain=5.518 2.54823 1.8215 1.4977 3.06683 2.26409 2.23108 1.29267 1.25301 1.22042 1.46702 1.45557 1.4724 2.71176
threshold=1.0000000180025095e-35 1.5000000000000002 1.0000000180025095e-35 1.0000000180025095e-35 1.0000000180025095e-35 2.5000000000000004 1.0000000180025095e-35 1.0000000180025095e-35 1.0000000180025095e-35 1.5000000000000002 1.5000000000000002 1.0000000180025095e-35 1.5000000000000002 1.0000000180025095e-35
decision_type=2 2 2 2 2 2 2 2 2 2 2 2 2 2
left_child=1 3 8 6 5 -5 7 -1 9 10 11 12 13 -2
right_child=2 -3 -4 4 -6 -7 -8 -9 -10 -11 -12 -13 -14 -15
leaf_value=-0.025541879547990788 -0.012501081267244491 0.03306942080326998 0.05226541545251652 0.070880766836825551 -0.047606429039921558 -0.0076034529053557072 0.018820228194100532 -0.06008802117835154 0.055445657332287304 0.054596928255862057 -0.029329797011482674 0.056016509582066304 -0.0083145748718152796 0.055926202023958704
leaf_weight=20.39641390554608 2.7119250185787829 2.4121702164411536 2.8375867139548054 1.763635240495204 1.9465968981385229 1.9184832274913788 2.5837035179138175 3.1224091723561278 1.3991471771150816 1.2401948329061259 2.9017545804381362 1.5102293994277722 8.8993970546871406 3.1063296645879745
leaf_count=193 18 11 119 11 11 10 16 17 33 32 30 33 151 61
internal_value=-0.00346423 -0.0164728 0.0145861 -0.0202389 0.00315351 0.0299884 -0.0252832 -0.0301283 0.00967459 0.0065307 0.00341452 0.00926962 0.00447276 0.0240318
internal_weight=58.75 34.1434 24.6066 31.7312 5.62872 3.68212 26.1025 23.5188 21.769 20.3698 19.1296 16.2279 14.7177 5.81825
internal_count=746 269 477 258 32 21 226 210 358 325 293 263 230 79
is_linear=0
shrinkage=0.05


Tree=61
num_leaves=15
num_cat=0
split_feature=109 197 110 205 134 205 179 216 199 220 146 54 1 133
split_gain=3.26165 3.77249 2.53289 2.4057 2.39673 2.50356 2.51704 2.34232 1.44982 2.43177 1.73106 1.4006 1.33169 0.949735
threshold=1.0000000180025095e-35 1.0000000180025095e-35 1.0000000180025095e-35 1.0000000180025095e-35 1.0000000180025095e-35 2.5000000000000004 1.0000000180025095e-35 1.0000000180025095e-35 1.0000000180025095e-35 1.0000000180025095e-35 1.0000000180025095e-35 1.0000000180025095e-35 1.0000000180025095e-35 1.0000000180025095e-35
decision_type=2 2 2 2 2 2 2 2 2 2 2 2 2 2
left_child=1 2 8 -2 5 6 -3 -4 10 -10 -1 -8 -9 -13
right_child=3 4 7 -5 -6 -7 11 12 9 -11 -12 13 -14 -15
leaf_value=-0.027388963367531233 -0.007527747397698974 0.05738715223776563 0.063683573142224156 0.057256578299613128 -0.037362441638764045 -0.026968240394546594 -0.02242253876391255 -0.037061374141972594 -0.054364705240108259 0.059643071611373638 0.0061206237134567403 0.052497250808497598 0.016427165746055523 -0.00071510391387360562
leaf_weight=20.050478136166937 2.1204053629189721 6.0704968031495756 1.8885619286447752 4.4201753716915846 1.6495785545557744 1.8817311972379691 2.0219742469489574 1.7369374092668293 0.6970060393214218 1.4218913726508617 4.7710959687829009 1.9853540174663067 3.5256145372986794 1.451635604724288
leaf_count=203 28 106 19 160 18 11 26 12 7 24 28 63 17 24
internal_value=0.00308348 -0.00133044 -0.0105373 0.036254 0.0195102 0.0265056 0.0352331 0.0159154 -0.0175589 0.0221405 -0.0209479 0.0105972 -0.00122705 0.0300227
internal_weight=55.6929 49.1524 34.0916 6.54058 15.0608 13.4112 11.5295 7.15111 26.9405 2.1189 24.8216 5.45896 5.26255 3.43699
internal_count=746 558 310 188 248 230 219 48 262 31 231 113 29 87
is_linear=0
shrinkage=0.05


Tree=62
num_leaves=15
num_cat=0
split_feature=109 197 123 134 44 205 168 110 108 206 204 204 139 185
split_gain=4.08952 5.20806 4.62173 3.68997 2.64346 2.2647 1.83524 1.45568 1.76107 1.30703 1.20917 2.27351 1.06374 1.54244
threshold=1.0000000180025095e-35 1.0000000180025095e-35 1.0000000180025095e-35 1.0000000180025095e-35 1.0000000180025095e-35 2.5000000000000004 1.0000000180025095e-35 1.0000000180025095e-35 1.0000000180025095e-35 2.5000000000000004 4.5000000000000009 3.5000000000000004 1.0000000180025095e-35 1.0000000180025095e-35
decision_type=2 2 2 2 2 2 2 2 2 2 2 2 2 2
left_child=1 4 -2 5 7 6 9 8 10 -3 11 12 13 -1
right_child=2 3 -4 -5 -6 -7 -8 -9 -10 -11 -12 -13 -14 -15
leaf_value=-0.028301444861135956 0.055007008573243643 0.05667714413413856 -0.1228570004305579 -0.038722611489234678 0.034967135557804875 -0.021357176588417709 -0.020698505171416415 0.0033037302023444142 0.017908763962878289 0.0042519874694321993 -0.044452649864801276 0.033900413026483313 -0.076579398609142896 0.03183225949189785
leaf_weight=10.689527835696939 5.313609172590076 8.1558795478194899 0.39218848943710316 2.0528070926666251 2.6700446978211394 1.6185728050768364 1.0469826869666583 6.9238053467124692 2.3994194865226737 1.3917806064710028 6.9296749662607899 1.7776545230299241 0.97697923332452852 1.1845472268760211
leaf_count=130 190 170 1 20 23 11 18 44 29 24 45 15 4 15
internal_value=0.00277139 -0.00200278 0.0427815 0.023303 -0.0127627 0.0337283 0.0421438 -0.0168894 -0.0227253 0.049035 -0.0272478 -0.0190978 -0.0264289 -0.0223026
internal_weight=53.5235 47.8177 5.7058 14.266 33.5517 12.2132 10.5946 30.8816 23.9578 9.54766 21.5584 14.6287 12.8511 11.8741
internal_count=739 548 191 243 305 223 212 282 238 194 209 164 149 145
is_linear=0
shrinkage=0.05


Tree=63
num_leaves=15
num_cat=0
split_feature=220 207 37 38 206 197 209 166 153 205 64 65 38 205
split_gain=5.00555 1.88907 2.43083 3.25428 1.9572 4.08626 1.66831 2.49162 1.36282 1.29112 1.7377 3.18526 3.58696 2.75596
threshold=1.0000000180025095e-35 1.0000000180025095e-35 1.0000000180025095e-35 1.0000000180025095e-35 1.0000000180025095e-35 1.0000000180025095e-35 1.0000000180025095e-35 1.0000000180025095e-35 1.0000000180025095e-35 1.0000000180025095e-35 1.0000000180025095e-35 1.0000000180025095e-35 1.0000000180025095e-35 2.5000000000000004
decision_type=2 2 2 2 2 2 2 2 2 2 2 2 2 2
left_child=9 2 3 -2 5 -3 -5 -8 -6 -1 11 12 -11 -13
right_child=1 4 -4 6 8 -7 7 -9 -10 10 -12 13 -14 -15
leaf_value=-0.026301466975996037 0.05788887538408484 0.053589803995912379 -0.081670677582934947 -0.031555033253734391 0.053575916284227657 -0.093509096013448437 0.053957638883282456 -0.017530844743992687 -0.0019722192423484402 0.0082326940359765937 -0.024273431110727731 -0.034836278058936458 0.095937227847432763 0.036069636673340115
leaf_weight=11.479704428464176 2.737880600616335 1.0668990379199375 0.7636145409196623 3.4527552090585232 6.8773602638393623 0.84685632400214661 2.1655231975018978 2.7881106548011303 1.3153665438294408 3.9337678179144877 7.5655984580516806 5.2292715944349766 1.6567991897463796 1.8570740297436712
leaf_count=140 54 43 5 42 225 4 59 47 9 27 42 30 11 12
internal_value=-0.000194071 0.0181244 0.00463094 0.0105444 0.034023 -0.011503 -0.00487525 0.013721 0.0446575 -0.0129066 -0.00531027 0.00600697 0.0342245 -0.0162544
internal_weight=53.7366 22.0144 11.9079 11.1443 10.1065 1.91376 8.40639 4.95363 8.19273 31.7222 20.2425 12.6769 5.59057 7.08635
internal_count=750 488 207 202 281 47 148 106 234 262 122 80 38 42
is_linear=0
shrinkage=0.05


Tree=64
num_leaves=15
num_cat=0
split_feature=219 117 219 49 204 102 64 15 38 9 65 98 141 213
split_gain=4.76284 3.49307 3.86653 3.00844 1.90778 1.70167 1.60863 2.62808 1.97606 2.35246 2.59861 1.55341 1.73587 1.74446
threshold=1.5000000000000002 1.0000000180025095e-35 1.0000000180025095e-35 1.0000000180025095e-35 8.5000000000000018 1.0000000180025095e-35 1.0000000180025095e-35 1.0000000180025095e-35 1.0000000180025095e-35 1.0000000180025095e-35 1.0000000180025095e-35 1.0000000180025095e-35 1.0000000180025095e-35 2.5000000000000004
decision_type=2 2 2 2 2 2 2 2 2 2 2 2 2 2
left_child=1 2 6 4 5 11 7 8 -1 10 -10 12 -4 -14
right_child=-2 -3 3 -5 -6 -7 -8 -9 9 -11 -12 -13 13 -15
leaf_value=-0.012318083335669635 0.062176797198842983 -0.05101174003297794 0.01390497566930036 0.079860819915068104 -0.054491250849510946 0.071511229681853458 -0.0421733621809239 -0.061462086794094421 0.10290469508699646 -0.020390423526471121 0.0023509129314319187 0.055031661591281034 -0.039411465237613158 0.02466864939309063
leaf_weight=10.694970697164541 2.941783418878912 3.5612350422888985 14.537088692188279 1.6057363813742984 1.1222676169127215 1.1515202270820726 4.4164687134325495 2.0419277921318999 1.4219853542745104 1.5496481806039808 1.1721426993608475 1.6946874596178521 3.529057538136839 1.5193089712411163
leaf_count=113 91 28 193 39 8 31 45 9 11 8 11 83 43 28
internal_value=0.000348453 -0.00328795 0.000370412 0.0136417 0.0091274 0.0123103 -0.0153078 -0.00827906 -0.000960657 0.0283525 0.05747 0.00910677 0.00513298 -0.0201265
internal_weight=52.9598 50.018 46.4568 25.1597 23.5539 22.4317 21.2971 16.8807 14.8387 4.14378 2.59413 21.2801 19.5855 5.04837
internal_count=741 650 622 425 386 378 197 152 143 30 22 347 264 71
is_linear=0
shrinkage=0.05


Tree=65
num_leaves=15
num_cat=0
split_feature=219 219 117 207 160 146 139 216 208 150 197 133 157 173
split_gain=6.47315 3.91882 6.10839 3.26958 2.90524 2.29429 1.81185 2.04061 3.84879 1.92214 1.68133 1.53618 1.50647 1.18369
threshold=1.0000000180025095e-35 1.5000000000000002 1.0000000180025095e-35 1.0000000180025095e-35 1.0000000180025095e-35 1.0000000180025095e-35 1.0000000180025095e-35 1.0000000180025095e-35 1.0000000180025095e-35 1.0000000180025095e-35 1.0000000180025095e-35 1.0000000180025095e-35 1.0000000180025095e-35 1.0000000180025095e-35
decision_type=2 2 2 2 2 2 2 2 2 2 2 2 2 2
left_child=5 2 3 6 -5 10 7 9 11 -2 -1 -9 -7 -12
right_child=1 -3 -4 4 -6 12 -8 8 -10 -11 13 -13 -14 -15
leaf_value=-0.043090288193285607 0.051896110517743371 0.060756853267428218 -0.061034780407606383 -0.019033849869531386 0.05859611433892864 -0.01684923130867972 -0.030096358603985102 -0.001354844083974754 0.098287182427739428 -0.022737958529654028 0.02066492164891829 -0.049296695302976243 0.039297773269756829 -0.03180962267234335
leaf_weight=11.982704820111399 3.9273033291101536 3.547724710777401 3.116171706467866 1.5363905318081439 5.5911159235984016 3.0363125875592223 3.5555743463337413 6.6070079244673234 0.84375752508640367 1.1055248863995073 2.0635293871164313 2.2365287486463785 1.9696384742856023 2.2426538914442062
leaf_count=152 49 108 24 21 197 18 42 83 6 5 13 26 11 10
internal_value=-0.00299225 0.011199 0.00503411 0.0131387 0.0418624 -0.0243623 0.00193646 0.00967383 -0.00374453 0.0355018 -0.0334604 -0.0134793 0.00524234 -0.00666374
internal_weight=53.3619 32.0671 28.5194 25.4032 7.12751 21.2948 18.2757 14.7201 9.68729 5.03283 16.2889 8.84354 5.00595 4.30618
internal_count=765 561 453 429 218 204 211 169 115 54 175 109 29 23
is_linear=0
shrinkage=0.05


Tree=66
num_leaves=15
num_cat=0
split_feature=219 204 117 22 168 198 219 204 54 133 110 123 208 199
split_gain=4.57078 3.29678 2.55501 2.42099 2.14389 2.08265 2.29473 2.24558 2.15615 3.43271 2.59495 3.06762 2.22361 1.84152
threshold=1.5000000000000002 3.5000000000000004 1.0000000180025095e-35 1.0000000180025095e-35 1.0000000180025095e-35 1.0000000180025095e-35 1.0000000180025095e-35 4.5000000000000009 1.0000000180025095e-35 1.0000000180025095e-35 1.0000000180025095e-35 1.0000000180025095e-35 1.0000000180025095e-35 1.0000000180025095e-35
decision_type=2 2 2 2 2 2 2 2 2 2 2 2 2 2
left_child=1 3 5 4 13 6 7 -3 9 -8 11 -11 -10 -1
right_child=-2 2 -4 -5 -6 -7 8 -9 12 10 -12 -13 -14 -15
leaf_value=-0.022334602930839449 0.061376818155892736 0.025857210190411241 -0.063488752062130158 0.050688757518879149 -0.071055289000191466 0.071943318420042909 0.064644003014826326 -0.022611163022513675 0.054642918700013421 0.052344726967160096 -0.067490261320600098 -0.10107086098481391 -0.011929089747982341 0.023328024266520003
leaf_weight=15.176861314103016 3.0207735132426015 3.5043107196688723 1.1403826400637616 1.2472983580082644 1.9395546093583096 1.4157190928235639 1.4319407287985084 7.5136139877140522 6.0415351241827011 1.3850180115550754 1.89092917740345 0.42607746832072746 1.5830055531114338 2.5838867928832761
leaf_count=183 97 22 5 24 22 40 40 49 124 67 16 2 12 35
internal_value=0.00174781 -0.00206194 0.00971403 -0.0168651 -0.0211422 0.0130277 0.00951972 -0.00719553 0.0239546 -0.00109439 -0.026522 0.0162522 0.0408213 -0.0156915
internal_weight=50.3009 47.2801 26.3325 20.9476 19.7003 25.1921 23.7764 11.0179 12.7585 5.13397 3.70202 1.8111 7.62454 17.7607
internal_count=738 641 377 264 240 372 332 71 261 125 85 69 136 218
is_linear=0
shrinkage=0.05


Tree=67
num_leaves=15
num_cat=0
split_feature=215 168 15 109 173 0 210 99 65 204 30 215 157 205
split_gain=2.81207 1.74008 1.47108 1.44888 1.91649 1.47553 1.19521 1.21251 1.12406 1.05874 0.98503 1.61885 2.14744 3.4731
threshold=1.5000000000000002 1.0000000180025095e-35 1.0000000180025095e-35 1.0000000180025095e-35 1.0000000180025095e-35 1.0000000180025095e-35 2.5000000000000004 1.0000000180025095e-35 1.0000000180025095e-35 3.5000000000000004 1.0000000180025095e-35 1.0000000180025095e-35 1.0000000180025095e-35 1.5000000000000002
decision_type=2 2 2 2 2 2 2 2 2 2 2 2 2 2
left_child=1 3 -2 5 -5 10 7 -4 -7 -3 11 -1 13 -13
right_child=2 9 6 4 -6 8 -8 -9 -10 -11 -12 12 -14 -15
leaf_value=-0.0093180677951600881 0.063653622095424134 -0.06690265846420268 0.04647918120335514 -0.037709321951663516 0.05719868561155092 -0.0074049000933561872 -0.050735173879514095 -0.025146392467501472 -0.082365923321656764 0.001116980835601848 -0.033199426281307204 0.02228556929650044 0.084509750646979992 -0.034314966545560759
leaf_weight=18.582653433084488 2.3519299579784265 1.6897188648581498 2.0668600378558049 0.71145093441009466 2.107817193493247 0.97923547960817736 0.61527803912758816 0.82740244641900051 1.0220899228006601 0.86492177471518505 2.3057646322995415 10.565593618899578 0.97402417846024114 3.6454168949276218
leaf_count=186 66 21 83 10 92 11 9 11 9 16 15 171 11 35
internal_value=0.000546526 -0.00383908 0.0330553 -0.00133815 0.0332484 -0.00389913 0.0125497 0.0260031 -0.045688 -0.0438733 -0.00158072 0.000578305 0.012689 0.00776637
internal_weight=49.3102 43.4487 5.86147 40.894 2.81927 38.0748 3.50954 2.89426 2.00133 2.55464 36.0735 33.7677 15.185 14.211
internal_count=746 577 169 540 102 438 103 94 20 37 418 403 217 206
is_linear=0
shrinkage=0.05


Tree=68
num_leaves=15
num_cat=0
split_feature=219 215 205 213 208 1 50 204 166 205 204 204 204 164
split_gain=3.67895 2.29636 2.01653 1.83186 1.32927 2.0129 1.17026 1.05586 2.44753 4.83642 3.40487 1.84647 1.75262 1.71233
threshold=1.5000000000000002 1.5000000000000002 1.0000000180025095e-35 1.5000000000000002 1.0000000180025095e-35 1.0000000180025095e-35 1.0000000180025095e-35 3.5000000000000004 1.0000000180025095e-35 1.0000000180025095e-35 2.5000000000000004 6.5000000000000009 7.5000000000000009 1.0000000180025095e-35
decision_type=2 2 2 2 2 2 2 2 2 2 2 2 2 2
left_child=1 4 3 -3 6 -6 7 8 -1 10 -10 13 -13 -9
right_child=-2 2 -4 -5 5 -7 -8 11 9 -11 -12 12 -14 -15
leaf_value=-0.028668466890308587 0.054649251520553478 0.053997353837881713 0.066078449288740293 -0.038313003393360141 0.060019158598865863 -0.01426557765472687 -0.053355283883072646 -0.010685973499589295 -0.034076791121943756 0.14127831588033654 0.064871904600922584 -0.045065649233890004 0.014562771947938542 0.023415104711801558
leaf_weight=13.290004505775871 2.7916491962969294 0.88157831318676416 2.0658429451286793 1.3767625447362659 1.7385889785364261 1.917931055650115 1.5276314448565234 6.6330497171729812 3.1131836436688891 0.63561324030160893 1.2062695678323505 3.749538652598857 1.8356007952243087 8.2720380462706089
leaf_count=153 98 23 75 15 22 11 9 100 50 7 18 25 15 133
internal_value=-0.00115741 -0.0043867 0.0303786 -0.00227823 -0.00780959 0.0210551 -0.010431 -0.00873813 -0.0174864 0.0125052 -0.00644394 -0.000948448 -0.0254683 0.00823947
internal_weight=51.0353 48.2436 4.32418 2.25834 43.9194 3.65652 40.2629 38.7353 18.2451 4.95507 4.31945 20.4902 5.58514 14.9051
internal_count=754 656 113 38 543 33 510 501 228 75 68 273 40 233
is_linear=0
shrinkage=0.05


Tree=69
num_leaves=15
num_cat=0
split_feature=213 214 213 219 66 53 210 134 203 215 214 216 206 210
split_gain=2.55154 2.35141 2.08424 1.77678 1.79902 1.4775 1.25023 1.36287 1.58659 1.83438 1.8479 1.1391 2.00643 1.84409
threshold=4.5000000000000009 1.0000000180025095e-35 3.5000000000000004 1.5000000000000002 1.0000000180025095e-35 1.0000000180025095e-35 2.5000000000000004 1.0000000180025095e-35 1.0000000180025095e-35 1.0000000180025095e-35 1.5000000000000002 1.0000000180025095e-35 1.5000000000000002 1.5000000000000002
decision_type=2 2 2 2 2 2 2 2 2 2 2 2 2 2
left_child=1 2 -1 4 5 6 7 8 9 -3 -11 13 -13 -10
right_child=-2 3 -4 -5 -6 -7 -8 -9 11 10 -12 12 -14 -15
leaf_value=-0.019886954683877404 0.062468685291502263 -0.0251826818414989 0.038450796379391257 0.0534498006568149 0.042081796408072497 -0.054560573017151143 -0.044096519937912623 -0.021160559277426293 -0.04255145006422778 0.088162697364132625 0.023271147750476253 -0.015574777061476228 0.082122345831712074 0.039583505613143069
leaf_weight=18.310579242184762 1.5890354206785549 1.6115735396743005 1.6707430817186821 1.9550255080685008 2.7684382060542694 1.2015228094533075 1.3559224400669325 3.8851638156920663 3.082870501093566 1.2883295211941002 7.390690766274929 1.4392974693328144 0.82778383884578932 0.87801494915038336
leaf_count=195 28 12 16 81 80 13 12 27 46 19 155 14 12 30
internal_value=0.000140648 -0.00193718 -0.015009 0.00749741 0.00400578 -0.000585059 0.00239536 0.00548496 0.011752 0.0238071 0.0329038 -0.00816685 0.0200976 -0.0243445
internal_weight=49.255 47.666 19.9813 27.6846 25.7296 22.9612 21.7596 20.4037 16.5186 10.2906 8.67902 6.22797 2.26708 3.96089
internal_count=740 712 211 501 420 340 327 315 288 186 174 102 26 76
is_linear=0
shrinkage=0.05


Tree=70
num_leaves=15
num_cat=0
split_feature=109 197 134 205 74 168 132 0 108 125 206 38 215 64
split_gain=3.79653 3.74726 2.33785 2.87076 2.24805 2.41735 1.7947 1.21322 3.0332 0.942839 1.08938 2.05641 2.47299 2.12011
threshold=1.0000000180025095e-35 1.0000000180025095e-35 1.0000000180025095e-35 2.5000000000000004 1.0000000180025095e-35 1.0000000180025095e-35 1.0000000180025095e-35 1.0000000180025095e-35 1.0000000180025095e-35 1.0000000180025095e-35 1.5000000000000002 1.0000000180025095e-35 1.0000000180025095e-35 1.0000000180025095e-35
decision_type=2 2 2 2 2 2 2 2 2 2 2 2 2 2
left_child=1 7 3 4 5 -3 -2 8 9 10 11 12 -1 -13
right_child=6 2 -4 -5 -6 -7 -8 -9 -10 -11 -12 13 -14 -15
leaf_value=-0.026488787556755773 0.054409150604234013 0.062064161741693026 -0.039161545940504902 -0.037543892503025887 -0.0083927967207452873 -0.021103798781910807 -0.028456963732576137 -0.061755667979802524 0.049711630750358213 -0.05883351482873389 -0.027797230545646354 0.066119797208408326 0.018413744235788662 -0.025446506423233387
leaf_weight=11.731942441314468 3.8984261509031048 5.953006771393115 1.6155708162114031 1.5505726765841252 2.1719366069883108 1.0239984598010776 0.78496078494936217 1.3494203183799971 1.8000742057338346 1.2942102774977673 10.880356600508092 1.7132864873856297 4.151367623358964 1.0017958283424377
leaf_count=145 177 151 18 11 39 18 19 11 26 18 65 20 32 8
internal_value=-0.00237722 -0.0067223 0.0169018 0.025367 0.0360292 0.0498578 0.0405203 -0.0152987 -0.0133741 -0.0170643 -0.0152305 -0.00787879 -0.0147528 0.0323342
internal_weight=50.9209 46.2375 12.3151 10.6995 9.14894 6.97701 4.68339 33.9225 32.573 30.773 29.4787 18.5984 15.8833 2.71508
internal_count=758 562 237 219 208 169 196 325 314 288 270 205 177 28
is_linear=0
shrinkage=0.05


Tree=71
num_leaves=15
num_cat=0
split_feature=106 219 146 98 45 1 205 196 48 206 204 37 219 168
split_gain=2.38791 2.37762 2.58252 1.73607 1.39413 1.29703 1.27249 1.81511 1.02632 0.969587 0.970506 2.48025 1.79147 1.54506
threshold=1.0000000180025095e-35 1.0000000180025095e-35 1.0000000180025095e-35 1.0000000180025095e-35 1.0000000180025095e-35 1.0000000180025095e-35 1.5000000000000002 1.0000000180025095e-35 1.0000000180025095e-35 2.5000000000000004 6.5000000000000009 1.0000000180025095e-35 1.5000000000000002 1.0000000180025095e-35
decision_type=2 2 2 2 2 2 2 2 2 2 2 2 2 2
left_child=1 2 4 5 6 8 7 -1 9 10 11 12 13 -3
right_child=-2 3 -4 -5 -6 -7 -8 -9 -10 -11 -12 -13 -14 -15
leaf_value=-0.032994854021164359 0.075107057829779528 0.0039451407543492295 0.016657291656923607 0.053631447305316805 0.028315187419805429 0.020839814055799724 -0.059623430161476754 0.018907851700188473 0.057354851840537117 0.050060053682599907 -0.037484466188028739 -0.090887470525069833 0.076698365183847331 -0.052059022289571669
leaf_weight=8.115725249052046 1.0303743416443456 10.260617842897776 4.7156894207000724 1.9107528422027815 1.0899540483951575 7.9659614739939562 2.9232915639877328 2.1256685182452193 0.66367289237677951 0.7348552970215686 2.467573046684266 0.76183394528925497 0.75497851707041341 1.3995074816048152
leaf_count=123 30 153 29 116 11 146 20 14 12 14 23 6 27 12
internal_value=-0.000169479 -0.00185967 -0.0154172 0.0076943 -0.026028 0.00418459 -0.0305273 -0.0222221 -0.00360011 -0.00606994 -0.00870648 -0.00331738 0.00205622 -0.00277676
internal_weight=46.9205 45.8901 18.9703 26.9198 14.2546 25.009 13.1647 10.2414 17.043 16.3794 15.6445 13.1769 12.4151 11.6601
internal_count=736 706 197 509 168 393 157 137 247 235 221 198 192 165
is_linear=0
shrinkage=0.05


Tree=72
num_leaves=15
num_cat=0
split_feature=197 109 133 134 205 166 219 204 146 61 213 202 205 217
split_gain=2.75598 4.09964 2.84837 2.24199 2.01963 1.98964 1.85651 2.08638 2.16159 1.97544 1.813 1.61316 1.56758 1.40663
threshold=1.0000000180025095e-35 1.0000000180025095e-35 1.0000000180025095e-35 1.0000000180025095e-35 1.0000000180025095e-35 1.0000000180025095e-35 1.0000000180025095e-35 3.5000000000000004 1.0000000180025095e-35 1.0000000180025095e-35 1.5000000000000002 1.5000000000000002 1.5000000000000002 1.0000000180025095e-35
decision_type=2 2 2 2 2 2 2 2 2 2 2 2 2 2
left_child=1 4 3 13 10 6 7 -6 -9 11 -1 12 -8 -2
right_child=2 -3 -4 -5 5 -7 9 8 -10 -11 -12 -13 -14 -15
leaf_value=-0.038490300322041204 0.039014868963532595 0.053776523326624838 -0.016407258866640705 -0.018201550074457239 -0.058657865653393128 0.049461739864170344 0.057793665386113538 -0.035400554619736548 0.016982674541732672 -0.024066639641183617 0.015856682911606367 0.078141166432574904 -0.0064724970867648338 0.11887541913112248
leaf_weight=9.096410436555745 7.5006900420412386 2.5658170925453296 3.9442662894725791 1.7048534490168101 2.7641454301774537 1.675053285434841 1.3660850869491694 3.7897320576012135 4.099975511431694 2.8343725893646479 1.8459957838058461 1.2141571380198 3.1068529449403286 0.59513642918318499
leaf_count=126 185 138 70 30 26 19 23 29 23 17 13 16 22 15
internal_value=0.000549947 -0.00701966 0.0194719 0.0339114 -0.0119262 -0.00279679 -0.00736181 -0.0212758 -0.00817902 0.0100339 -0.0293219 0.0270292 0.0131551 0.0448855
internal_weight=48.1035 34.3586 13.7449 9.80068 31.7928 20.8504 19.1753 10.6539 7.88971 8.52147 10.9424 5.6871 4.47294 8.09583
internal_count=752 452 300 230 314 175 156 78 52 78 139 61 45 200
is_linear=0
shrinkage=0.05


Tree=73
num_leaves=15
num_cat=0
split_feature=106 219 205 94 64 110 64 206 220 207 204 164 213 205
split_gain=3.18434 2.46474 2.26972 1.72533 2.17407 2.0169 1.60619 1.50973 1.25658 1.24786 1.47449 1.16907 3.89298 1.16192
threshold=1.0000000180025095e-35 1.0000000180025095e-35 1.0000000180025095e-35 1.0000000180025095e-35 1.0000000180025095e-35 1.0000000180025095e-35 1.0000000180025095e-35 1.0000000180025095e-35 1.0000000180025095e-35 1.5000000000000002 2.5000000000000004 1.0000000180025095e-35 1.5000000000000002 3.5000000000000004
decision_type=2 2 2 2 2 2 2 2 2 2 2 2 2 2
left_child=1 9 6 4 5 -4 11 -5 -7 10 -1 -3 -13 -9
right_child=-2 2 3 7 -6 8 -8 13 -10 -11 -12 12 -14 -15
leaf_value=-0.034808136526851503 0.079332364445241804 -0.026210706387276891 0.040042688816855937 -0.044319415435135526 -0.01480425639348722 0.16805479806725199 0.034079953841263132 0.021956304609573863 0.051833279448061077 -0.071656939084218982 -0.00461678083369576 -0.037333672113696266 0.074145688209255586 -0.03110690442524526
leaf_weight=6.0241800490766826 1.1812225989997376 8.2662787334993464 2.979509152472017 1.2664178814738996 1.2650474701076744 0.59717585146427143 1.8384536318480975 7.1264554560184461 0.38092401716858149 1.0089173763990391 12.303386390209196 1.8716856800019752 1.3465253245085476 1.2062663212418554
leaf_count=107 31 109 94 30 15 4 46 150 21 4 88 20 33 8
internal_value=-0.00175957 -0.00377695 0.00566551 0.0191274 0.0422548 0.0604937 -0.00931089 0.00654439 0.122792 -0.0175207 -0.0145405 -0.016257 0.00931019 0.0142747
internal_weight=48.6624 47.4812 28.1447 14.8218 5.22266 3.95761 13.3229 9.59914 0.9781 19.3365 18.3276 11.4845 3.21821 8.33272
internal_count=760 729 530 322 134 119 208 188 25 199 195 162 53 158
is_linear=0
shrinkage=0.05


Tree=74
num_leaves=15
num_cat=0
split_feature=215 20 109 213 214 37 108 153 205 110 216 208 133 54
split_gain=2.93506 1.63207 1.20263 1.9953 0.947181 0.824801 2.29664 1.04206 0.772911 1.15487 1.76505 2.3841 1.60937 1.59214
threshold=1.5000000000000002 1.0000000180025095e-35 1.0000000180025095e-35 1.5000000000000002 3.5000000000000004 1.0000000180025095e-35 1.0000000180025095e-35 1.0000000180025095e-35 3.5000000000000004 1.0000000180025095e-35 1.0000000180025095e-35 1.0000000180025095e-35 1.0000000180025095e-35 1.0000000180025095e-35
decision_type=2 2 2 2 2 2 2 2 2 2 2 2 2 2
left_child=2 4 5 -4 -2 6 7 8 9 12 11 -11 -1 -12
right_child=1 -3 3 -5 -6 -7 -8 -9 -10 10 13 -13 -14 -15
leaf_value=-0.022325687465860507 0.057237177042434417 -0.03686356626087952 -0.048785548485300298 0.05439707810385648 -0.015558008371070055 -0.036089886997772651 0.057768556267802224 -0.063789388768802288 -0.051092886650763072 0.059288274355209017 -0.033895224101668751 -0.023761331192404526 0.0066861176671791063 0.0095938315835359649
leaf_weight=14.574089365080001 3.521465813741087 0.65913692489266384 0.62756669148802702 1.8487885762006042 0.51180102676153172 2.3977411957457653 1.3674112483859051 0.82491514086723228 0.96482072770595451 2.7825934039428804 3.3090614015236497 1.2534003257751463 7.1133269798010579 5.7817386854439974
leaf_count=187 146 5 6 98 16 17 30 3 3 47 42 8 48 108
internal_value=-0.00146246 0.0360792 -0.00557399 0.0282482 0.0479998 -0.00764874 -0.0058528 -0.00822949 -0.00694852 -0.00572512 0.00598016 0.0334968 -0.01281 -0.00623623
internal_weight=47.5379 4.6924 42.8455 2.47636 4.03327 40.3691 37.9714 36.6039 35.779 34.8142 13.1268 4.03599 21.6874 9.0908
internal_count=764 167 597 104 162 493 476 446 443 440 205 55 235 150
is_linear=0
shrinkage=0.05


Tree=75
num_leaves=15
num_cat=0
split_feature=205 219 22 13 104 117 205 219 208 208 64 123 213 60
split_gain=2.6077 2.30462 2.00256 1.81816 3.22362 1.77531 1.64561 1.93884 2.299 2.66653 1.96334 2.90641 1.21922 1.08246
threshold=1.0000000180025095e-35 1.5000000000000002 1.0000000180025095e-35 1.0000000180025095e-35 1.0000000180025095e-35 1.0000000180025095e-35 3.5000000000000004 1.0000000180025095e-35 1.5000000000000002 1.0000000180025095e-35 1.0000000180025095e-35 1.0000000180025095e-35 1.0000000180025095e-35 1.0000000180025095e-35
decision_type=2 2 2 2 2 2 2 2 2 2 2 2 2 2
left_child=2 5 3 -1 12 6 7 13 9 10 11 -9 -5 -2
right_child=1 -3 -4 4 -6 -7 -8 8 -10 -11 -12 -13 -14 -15
leaf_value=-0.022063798247173479 0.0052492165684436543 0.061153317546786538 0.053197179083825645 0.14502754441545226 -0.056181301147978584 -0.058260219236902978 -0.054279526509979595 0.049874004781246026 -0.090322608414616146 0.091188514827011791 -0.0111185626097711 -0.080595517533998282 0.033111618674548843 -0.031331313704392912
leaf_weight=17.746432621032007 10.276604641228923 2.0232664607465258 1.0569991376250971 0.49777264147996791 0.61119844764471054 1.0403181537985791 1.0028142109513272 4.9822237775661016 0.40158644318580705 1.5866474965587265 3.1051208581775427 0.46685126982629288 0.47612556349486113 2.5178108252584943
leaf_count=269 75 82 22 7 4 7 8 182 1 30 38 3 15 19
internal_value=-0.00027653 0.00979776 -0.0138169 -0.0174811 0.0338264 0.00570374 0.00843767 0.0111327 0.0270094 0.0316558 0.0206136 0.038696 0.0903134 -0.00194946
internal_weight=47.7918 27.4032 20.3885 19.3315 1.5851 25.38 24.3397 23.3368 10.5424 10.1408 8.5542 5.44908 0.973898 12.7944
internal_count=762 445 317 295 26 363 356 348 254 253 223 185 22 94
is_linear=0
shrinkage=0.05


Tree=76
num_leaves=15
num_cat=0
split_feature=219 117 215 173 93 176 141 214 219 216 54 179 45 13
split_gain=3.08476 1.74215 1.47099 1.84434 1.98228 1.22572 1.35081 2.57185 2.93096 2.31511 1.7084 2.358 1.50836 1.3759
threshold=1.5000000000000002 1.0000000180025095e-35 1.0000000180025095e-35 1.0000000180025095e-35 1.0000000180025095e-35 1.0000000180025095e-35 1.0000000180025095e-35 1.5000000000000002 1.0000000180025095e-35 1.0000000180025095e-35 1.0000000180025095e-35 1.0000000180025095e-35 1.0000000180025095e-35 1.0000000180025095e-35
decision_type=2 2 2 2 2 2 2 2 2 2 2 2 2 2
left_child=1 2 3 -1 -5 6 7 13 -9 12 11 -10 -8 -4
right_child=-2 -3 5 4 -6 -7 9 8 10 -11 -12 -13 -14 -15
leaf_value=-0.028136578574453303 0.059356151466936957 -0.042458764929315565 0.035647813865164669 0.017402320098983588 -0.036045682097006176 -0.044336050534658833 -0.033803137805957964 -0.035053870942701119 0.053104180229976365 0.039830411362139273 0.053071999407612619 -0.027096121075629906 0.050940320622773289 0.10231173451580969
leaf_weight=7.2552872952073821 2.2949614357203236 2.3011718355119219 5.5029480205848911 7.548701573163271 2.2523963153362274 0.99154089950024982 4.4654097286984316 3.1953593790531141 1.4379169768653812 1.9889559121802447 2.7866067504510283 2.5274386759847403 0.59506245609372843 0.90068927314132441
leaf_count=130 98 22 54 46 13 8 80 18 50 41 95 27 52 20
internal_value=0.00285063 -0.000113476 0.00223749 -0.00902672 0.0051194 0.0101141 0.0124214 0.0203093 0.00439884 -0.00587441 0.0230698 0.00198611 -0.0238381 0.0450243
internal_weight=46.0444 43.7495 41.4483 17.0564 9.8011 24.3919 23.4004 16.351 9.94732 7.04943 6.75196 3.96536 5.06047 6.40364
internal_count=754 656 634 189 59 445 437 264 190 173 172 77 132 74
is_linear=0
shrinkage=0.05


Tree=77
num_leaves=15
num_cat=0
split_feature=219 117 215 185 96 201 10 204 205 64 205 22 98 196
split_gain=2.33091 1.71585 1.67677 1.67341 1.76019 1.49133 1.97645 2.24133 1.35474 1.18278 0.766962 1.29672 1.42308 0.86091
threshold=1.5000000000000002 1.0000000180025095e-35 1.0000000180025095e-35 1.0000000180025095e-35 1.0000000180025095e-35 1.0000000180025095e-35 1.0000000180025095e-35 1.5000000000000002 2.5000000000000004 1.0000000180025095e-35 1.0000000180025095e-35 1.0000000180025095e-35 1.0000000180025095e-35 1.0000000180025095e-35
decision_type=2 2 2 2 2 2 2 2 2 2 2 2 2 2
left_child=1 2 -1 5 -5 6 7 -4 9 10 13 12 -12 -9
right_child=-2 -3 3 4 -6 -7 -8 8 -10 -11 11 -13 -14 -15
leaf_value=-0.013234438969145102 0.053465359343047761 -0.043455842756191465 0.11178817808262374 0.057028473798957459 -0.0080535950636334754 -0.032017817275705331 0.078151083685434997 -0.0061449785912305191 0.058271833559594588 0.043907033792868574 0.030218553540035394 -0.039941308277829664 -0.038636121822988263 -0.042169929692134477
leaf_weight=18.384087610989809 1.8145036511123169 2.6386076342314473 0.45242690667510821 2.9517420949414364 1.6031616758555172 2.9924625381827346 0.90607663430273611 4.1069433884695119 0.90029259072616774 1.1355203380808241 3.6974558159708977 1.3188866348937152 0.94149918155744661 2.7816539630293846
leaf_count=199 93 27 6 55 17 34 13 72 44 41 75 36 17 21
internal_value=-0.0020911 -0.00434073 -0.00189339 0.00687127 0.0341219 0.00041763 0.00639407 0.00215418 -0.00117874 -0.00500674 -0.00933032 0.00380638 0.0162442 -0.0206921
internal_weight=46.6253 44.8108 42.1722 23.7881 4.5549 19.2332 16.2408 15.3347 14.8823 13.982 12.8464 5.95784 4.63895 6.8886
internal_count=750 657 630 431 72 359 325 312 306 262 221 128 92 93
is_linear=0
shrinkage=0.05


Tree=78
num_leaves=15
num_cat=0
split_feature=57 197 109 44 205 15 64 131 110 94 130 185 207 160
split_gain=2.22579 1.90553 3.94292 2.0919 1.44902 1.50813 1.61328 1.24552 1.46492 1.71702 1.39075 1.29658 1.65508 1.3481
threshold=1.0000000180025095e-35 1.0000000180025095e-35 1.0000000180025095e-35 1.0000000180025095e-35 3.5000000000000004 1.0000000180025095e-35 1.0000000180025095e-35 1.0000000180025095e-35 1.0000000180025095e-35 1.0000000180025095e-35 1.0000000180025095e-35 1.0000000180025095e-35 1.0000000180025095e-35 1.0000000180025095e-35
decision_type=2 2 2 2 2 2 2 2 2 2 2 2 2 2
left_child=1 2 3 7 5 -3 -7 8 9 10 11 12 -1 -13
right_child=-2 4 -4 -5 -6 6 -8 -9 -10 -11 -12 13 -14 -15
leaf_value=-0.035436793188363479 0.092292207338312823 0.026763762704065441 0.055406377877028304 0.035966006280557898 -0.070804728593584831 -0.038775823903171872 0.059361881170238252 0.036974218649532514 0.00079996342216550438 -0.04639798052170796 0.036681497915204614 0.059039008236257164 0.031678551759460771 -0.0312160193234731
leaf_weight=8.0330470763147002 0.65200736001133819 10.260433760471637 2.3042846890166393 2.0609535947442046 0.47243616450578052 1.8914649658836435 0.53785282094031561 1.0531754344701756 7.1034736931323996 6.5881077144294968 1.1902175471186645 0.956319909542799 1.0371772907674301 0.72920516505837507
leaf_count=130 7 234 129 21 5 43 14 5 49 63 8 10 9 12
internal_value=0.000584098 -0.000768161 -0.0075254 -0.012569 0.0151754 0.0183765 -0.0170481 -0.0163167 -0.0185059 -0.0259051 -0.0146035 -0.0202786 -0.0277622 0.0199922
internal_weight=44.8702 44.2181 31.056 28.7517 13.1622 12.6898 2.42932 26.6907 25.6375 18.5341 11.946 10.7557 9.07022 1.68553
internal_count=739 732 436 307 296 291 57 286 281 232 169 161 139 22
is_linear=0
shrinkage=0.05


Tree=79
num_leaves=15
num_cat=0
split_feature=205 94 160 196 22 219 215 214 220 218 205 110 60 205
split_gain=1.91223 2.35849 2.35467 4.84851 2.21057 1.97443 1.86974 1.81728 1.40722 2.01916 1.17005 1.57396 1.38448 1.02595
threshold=1.0000000180025095e-35 1.0000000180025095e-35 1.0000000180025095e-35 1.0000000180025095e-35 1.0000000180025095e-35 1.0000000180025095e-35 1.0000000180025095e-35 2.5000000000000004 1.0000000180025095e-35 1.5000000000000002 2.5000000000000004 1.0000000180025095e-35 1.0000000180025095e-35 2.5000000000000004
decision_type=2 2 2 2 2 2 2 2 2 2 2 2 2 2
left_child=4 2 3 -2 -1 6 13 8 -3 -10 11 -7 -12 -4
right_child=1 7 5 -5 -6 10 -8 -9 9 -11 12 -13 -14 -15
leaf_value=-0.019505971035235315 0.19744521445339674 -0.023212912594290026 -0.053096193506175816 -0.0054448211521460968 0.064676607914914738 0.031796218736617463 0.030342144619586217 0.04452020268650593 0.052094295574945298 -0.023461218573188631 0.051437949166163503 0.10745514168415722 -0.069452521103832099 0.00052870702230951795
leaf_weight=18.301061891019348 0.55015447363257297 10.146943889558314 1.8373749740421772 0.63356549479067326 0.81453949678689141 2.2550221309065823 2.3530882298946381 1.4833561624400324 1.7267810720950358 1.8123043542727826 0.47927971696481098 0.9888350530527531 0.46818572282791138 1.7333847805857658
leaf_count=291 5 59 25 17 18 70 14 43 95 37 37 22 2 9
internal_value=-0.00386841 0.00483451 0.0221283 0.0888519 -0.0159188 0.01432 -0.00426132 -0.00804675 -0.0137442 0.0134036 0.0405822 0.0548596 -0.00829952 -0.0270646
internal_weight=45.5839 26.4683 11.2989 1.18372 19.1156 10.1152 5.92385 15.1694 13.686 3.53909 4.19132 3.24386 0.947465 3.57076
internal_count=744 435 201 22 309 179 48 234 191 132 131 92 39 34
is_linear=0
shrinkage=0.05


Tree=80
num_leaves=15
num_cat=0
split_feature=29 196 48 10 37 219 204 108 53 197 133 160 133 21
split_gain=1.37191 1.03686 0.981225 0.9215 0.776513 2.07206 1.17084 0.878514 1.14262 0.797084 2.2777 2.51652 1.63663 1.76676
threshold=1.0000000180025095e-35 1.0000000180025095e-35 1.0000000180025095e-35 1.0000000180025095e-35 1.0000000180025095e-35 1.5000000000000002 7.5000000000000009 1.0000000180025095e-35 1.0000000180025095e-35 1.0000000180025095e-35 1.0000000180025095e-35 1.0000000180025095e-35 1.0000000180025095e-35 1.0000000180025095e-35
decision_type=2 2 2 2 2 2 2 2 2 2 2 2 2 2
left_child=2 -2 3 4 5 7 -6 8 9 10 -1 -12 13 -11
right_child=1 -3 -4 -5 6 -7 -8 -9 -10 12 11 -13 -14 -15
leaf_value=-0.024355616915349911 -0.030118256119273847 0.062531092849591269 0.056736514219041002 0.032237702388079874 -0.071800612036863401 0.062522077793082415 -0.0026654469659603643 0.034222728645308877 -0.070746885013524816 0.10302480425290009 -0.055349272129170436 0.015192418266006678 -0.026389712143627071 0.010933084638532348
leaf_weight=15.532968493178487 0.39372658543288586 1.2958945455029607 0.6343353446573009 1.5257925153709937 1.1364196166396134 1.0849774507805694 1.3281068112701175 1.2162821572273959 0.73355305753648181 0.5735599957406502 1.4636335521936406 9.2831199108622968 2.8396517690271139 5.6624610139988363
leaf_count=193 7 53 13 18 13 59 8 14 9 9 6 149 44 123
internal_value=-0.00325361 0.0409413 -0.00498958 -0.00591348 -0.0073383 -0.00559175 -0.0345444 -0.00757276 -0.00898137 -0.00769986 -0.0121117 0.00558513 0.00507527 0.0194032
internal_weight=44.7045 1.68962 43.0149 42.3805 40.8547 38.3902 2.46453 37.3052 36.0889 35.3554 26.2797 10.7468 9.07567 6.23602
internal_count=718 60 658 645 627 606 21 547 533 524 348 155 176 132
is_linear=0
shrinkage=0.05


Tree=81
num_leaves=15
num_cat=0
split_feature=117 108 109 123 141 199 219 210 157 60 134 1 216 197
split_gain=2.23063 2.18402 1.83666 2.60871 1.5819 2.10798 1.34739 2.80412 1.16501 2.42181 1.51002 1.33809 5.1385 1.28165
threshold=1.0000000180025095e-35 1.0000000180025095e-35 1.0000000180025095e-35 1.0000000180025095e-35 1.0000000180025095e-35 1.0000000180025095e-35 1.5000000000000002 1.0000000180025095e-35 1.0000000180025095e-35 1.0000000180025095e-35 1.0000000180025095e-35 1.0000000180025095e-35 1.0000000180025095e-35 1.0000000180025095e-35
decision_type=2 2 2 2 2 2 2 2 2 2 2 2 2 2
left_child=1 2 4 -4 8 -6 -2 -8 10 -10 11 13 -13 -1
right_child=6 -3 3 -5 5 -7 7 -9 9 -11 -12 12 -14 -15
leaf_value=-0.011506801787974009 -0.05886147328966268 0.068767021961227345 0.054197370967291193 -0.076053905896514395 -0.053967928596398124 0.014154628201589251 -0.096086392347709729 0.053615902863298259 0.071314414580534405 -0.0025789564848394519 -0.0485746448090104 0.11386161051123632 -0.0021590718001814786 0.021216824958495389
leaf_weight=14.994015855714691 2.4158283397555347 1.2517233435064543 2.9144778684712942 0.4428245723247527 3.0093023581430307 1.8238524887710807 0.47333656251430489 0.92236341815441847 1.7838163478299964 2.9304204639047384 1.6073476616293181 1.2155369156971563 4.4413420902565122 3.7381548047997049
leaf_count=187 23 35 175 2 20 24 8 36 16 15 15 21 90 69
internal_value=0.000289083 0.00375905 0.00166728 0.0370174 -0.00167172 -0.028261 -0.0362655 0.00284599 0.00251283 0.0253815 -0.00163422 0.00145936 0.0227712 -0.00497654
internal_weight=43.9643 40.1528 38.9011 3.3573 35.5438 4.83315 3.81153 1.3957 30.7106 4.71424 25.9964 24.389 5.65688 18.7322
internal_count=736 669 634 177 457 44 67 44 413 31 382 367 111 256
is_linear=0
shrinkage=0.05


Tree=82
num_leaves=15
num_cat=0
split_feature=29 110 49 173 216 54 133 1 197 185 205 94 205 197
split_gain=1.99005 1.54134 2.69824 2.82785 2.55941 2.05619 2.07105 1.83897 1.9258 2.48756 1.54641 1.49796 1.45926 1.57349
threshold=1.0000000180025095e-35 1.0000000180025095e-35 1.0000000180025095e-35 1.0000000180025095e-35 1.5000000000000002 1.0000000180025095e-35 1.0000000180025095e-35 1.0000000180025095e-35 1.0000000180025095e-35 1.0000000180025095e-35 2.5000000000000004 1.0000000180025095e-35 1.0000000180025095e-35 1.0000000180025095e-35
decision_type=2 2 2 2 2 2 2 2 2 2 2 2 2 2
left_child=1 5 3 4 12 6 7 8 -1 -10 -8 -12 13 -3
right_child=-2 2 -4 -5 -6 -7 10 -9 9 -11 11 -13 -14 -15
leaf_value=-0.031496586092474403 0.053434292199994307 -0.020353140337210515 0.092553929184855166 -0.016372893084232381 -0.06905090221070552 -0.044110333843976897 0.00011238334781525996 0.064647376336988666 0.069912583026289624 -0.020517469110039474 0.029387271996586507 0.13350130101959096 0.10308752587361186 0.053775096468854415
leaf_weight=10.807879990898074 1.4941159654408682 1.0370658598840203 0.89401808008551675 7.5858104038052261 0.54690448567271222 4.239832686726003 5.994013209361583 0.65118799358606416 1.1909526586532586 2.1039644768461585 1.9538271492347123 0.41968764830380667 0.88256186712533224 2.3114270539954305
leaf_count=170 62 10 22 90 3 54 100 13 21 27 43 13 28 78
internal_value=-0.00323729 -0.00532187 0.00867036 0.00260478 0.032735 -0.0121017 -0.00623225 -0.0175017 -0.0212948 0.0121686 0.0136385 0.0477968 0.0458918 0.0308167
internal_weight=42.1132 40.6191 13.2578 12.3638 4.77796 27.3613 23.1215 14.754 14.1028 3.29492 8.36753 2.37351 4.23105 3.34849
internal_count=734 672 231 209 119 441 387 231 218 48 156 56 116 88
is_linear=0
shrinkage=0.05


Tree=83
num_leaves=15
num_cat=0
split_feature=54 110 204 213 198 139 216 204 96 98 209 60 215 65
split_gain=1.96873 2.5489 1.74294 1.78867 1.64088 1.4876 1.76438 1.43899 1.08913 2.43171 1.15905 1.03792 0.889113 1.27148
threshold=1.0000000180025095e-35 1.0000000180025095e-35 8.5000000000000018 4.5000000000000009 1.0000000180025095e-35 1.0000000180025095e-35 1.5000000000000002 7.5000000000000009 1.0000000180025095e-35 1.0000000180025095e-35 1.5000000000000002 1.0000000180025095e-35 1.0000000180025095e-35 1.0000000180025095e-35
decision_type=2 2 2 2 2 2 2 2 2 2 2 2 2 2
left_child=4 5 3 11 7 -2 -7 8 9 12 -11 -3 -1 -14
right_child=1 2 -4 -5 -6 6 -8 -9 -10 10 -12 -13 13 -15
leaf_value=-0.020902315077817826 -0.031764464728402414 0.048671894115345449 -0.014947028737020163 -0.00065112153552265753 0.047241943935827778 0.069721191639680463 -0.040560159601690626 0.041128188045964229 -0.04241953174369606 0.073622360564482792 -0.022983791691555334 0.10254532626193497 0.013320793704144643 -0.018847252193991845
leaf_weight=11.870195960626022 2.9930959339253587 3.706984878052026 1.3820782303810117 1.5066664917394517 1.4322216426953662 0.97208729106932856 0.57853238843381405 1.4444622034206975 2.3780501075088969 1.3014387870207418 0.40775839518755663 1.1781830010004339 6.5636121984571201 5.7742517683655024
leaf_count=175 43 124 8 17 45 21 6 21 31 59 15 13 108 69
internal_value=0.00165477 0.0185782 0.035967 0.0469759 -0.00503254 -0.0111724 0.0285755 -0.00755 -0.010035 -0.00706354 0.0505753 0.0616648 -0.0111331 -0.00173419
internal_weight=43.4896 12.3176 7.77391 6.39183 31.172 4.54372 1.55062 29.7398 28.2953 25.9173 1.7092 4.88517 24.2081 12.3379
internal_count=755 232 162 154 523 70 27 478 457 426 74 137 352 177
is_linear=0
shrinkage=0.05


Tree=84
num_leaves=15
num_cat=0
split_feature=197 109 205 204 179 60 168 219 74 117 26 219 160 65
split_gain=2.90433 1.63249 1.58701 1.48984 1.4491 1.72821 1.55535 1.37659 1.2314 0.999621 1.31199 1.14344 2.16789 3.17543
threshold=1.0000000180025095e-35 1.0000000180025095e-35 1.0000000180025095e-35 2.5000000000000004 1.0000000180025095e-35 1.0000000180025095e-35 1.0000000180025095e-35 1.0000000180025095e-35 1.0000000180025095e-35 1.0000000180025095e-35 1.0000000180025095e-35 1.0000000180025095e-35 1.0000000180025095e-35 1.0000000180025095e-35
decision_type=2 2 2 2 2 2 2 2 2 2 2 2 2 2
left_child=1 9 -3 -2 5 -5 7 -6 -9 10 11 -1 -13 -14
right_child=3 2 -4 4 6 -7 -8 8 -10 -11 -12 12 13 -15
leaf_value=-0.017019612712535725 -0.020736976004682911 -0.034243288525613737 0.054226012561711813 0.0602335108554422 -0.05829788060317527 -0.0046094288079268448 -0.06744144205641997 0.054141992151280051 -0.0090236228232478451 -0.040161215397756744 -0.050077621498770812 -0.03516521230671376 0.00022756760609300995 0.078590460677047072
leaf_weight=14.277138259261857 2.0920763667672864 0.72189507633447592 1.7021963056176899 3.9362117270939034 0.52452496439218554 1.3905869717709718 0.6414227196946739 1.9421045687049627 1.2801748858764768 3.4341120822355142 2.0231410432606927 2.4267352391034365 5.1831490779295564 1.7223615245893595
leaf_count=181 30 8 134 127 3 16 11 84 30 44 17 14 36 25
internal_value=-0.00361166 -0.0115411 0.0278798 0.0175368 0.0257789 0.0433059 0.00450305 0.0168194 0.029047 -0.0148287 -0.0114347 -0.00812335 0.00548679 0.0197727
internal_weight=43.2978 31.4907 2.42409 11.8071 9.71503 5.3268 4.38823 3.7468 3.22228 29.0666 25.6325 23.6094 9.33225 6.90551
internal_count=760 459 142 301 271 143 128 117 114 317 273 256 75 61
is_linear=0
shrinkage=0.05


Tree=85
num_leaves=15
num_cat=0
split_feature=197 206 96 21 166 209 109 173 219 0 162 185 94 160
split_gain=2.11972 1.80356 1.95454 2.14271 1.46027 2.22808 1.41705 1.56799 1.35746 0.938434 1.02768 1.22075 2.1035 1.03305
threshold=1.0000000180025095e-35 1.5000000000000002 1.0000000180025095e-35 1.0000000180025095e-35 1.0000000180025095e-35 1.0000000180025095e-35 1.0000000180025095e-35 1.0000000180025095e-35 1.0000000180025095e-35 1.0000000180025095e-35 1.0000000180025095e-35 1.0000000180025095e-35 1.0000000180025095e-35 1.0000000180025095e-35
decision_type=2 2 2 2 2 2 2 2 2 2 2 2 2 2
left_child=6 2 3 -2 5 -5 9 -8 -3 10 11 13 -13 -1
right_child=1 8 -4 4 -6 -7 7 -9 -10 -11 -12 12 -14 -15
leaf_value=-0.043013210597455304 0.090239708702328392 0.0064879601332303721 -0.065323569892120278 -0.044973747423128686 0.053829710372438444 0.043556339221201133 -0.033432011277379374 0.054540673924944487 0.053147813109542967 -0.055920054476313742 -0.050340306504540744 0.063539515622722739 -0.015668552110865031 -0.0077109481433845703
leaf_weight=2.3260639160871674 0.70802067499607613 2.591403417289257 1.0521740750409661 2.3803040012717251 0.87720901845023025 1.0132311601191757 0.72065574303269309 1.7045316672883928 3.911739066708833 1.1385252038016904 1.4579286137595762 1.5536239091306916 1.8202110175043344 18.995896203443408
leaf_count=27 18 15 8 30 20 34 11 127 178 10 17 21 23 207
internal_value=-0.000954819 0.0162895 -0.00340558 0.0096797 -0.00367586 -0.0185407 -0.00822807 0.0283992 0.0345546 -0.0114828 -0.00954831 -0.00714014 0.0208061 -0.0115622
internal_weight=42.2515 12.5341 6.03094 4.97876 4.27074 3.39354 29.7174 2.42519 6.50314 27.2922 26.1537 24.6958 3.37383 21.322
internal_count=746 303 110 102 84 64 443 138 193 305 295 278 44 234
is_linear=0
shrinkage=0.05


Tree=86
num_leaves=15
num_cat=0
split_feature=106 206 219 53 45 185 164 22 203 117 204 206 206 216
split_gain=2.06232 0.813427 1.36519 1.17912 0.610428 1.66101 1.14791 1.0958 0.785183 1.46185 1.48435 2.60397 1.90406 1.39253
threshold=1.0000000180025095e-35 2.5000000000000004 1.0000000180025095e-35 1.0000000180025095e-35 1.0000000180025095e-35 1.0000000180025095e-35 1.0000000180025095e-35 1.0000000180025095e-35 1.5000000000000002 1.0000000180025095e-35 2.5000000000000004 1.5000000000000002 1.0000000180025095e-35 1.0000000180025095e-35
decision_type=2 2 2 2 2 2 2 2 2 2 2 2 2 2
left_child=1 3 -3 4 8 6 -6 -8 9 10 -1 12 -12 -10
right_child=-2 2 -4 -5 5 -7 7 -9 13 -11 11 -13 -14 -15
leaf_value=-0.014612489730106985 0.074126868984159364 -0.021757980134183688 0.061322562767837242 -0.063638025236135196 -0.039299831113812349 0.089455358952165262 0.0058396926208777291 0.080784609241765212 -0.034604978524925091 -0.034288761239758291 -0.019833968109672567 -0.0040640077551018462 0.046756795598508274 0.013513360279215235
leaf_weight=7.1022066436708036 0.95680390112101932 0.79148880392312948 1.3176049664616583 0.75429719965904851 1.1142087690532196 0.66291565168648947 2.6899003344587986 0.59576057363301504 4.4280303758569053 2.6715305182151488 1.3030937518924481 10.054131045471877 6.0920601487159729 2.2766170548275113
leaf_count=124 36 5 38 9 9 13 50 24 93 50 11 157 99 41
internal_value=0.0015449 -0.000114364 0.0301446 -0.00172008 -0.000522238 0.0156731 0.00455656 0.0194288 -0.00293896 0.000835882 0.00465791 0.0125014 0.0350229 -0.018266
internal_weight=42.8106 41.8538 2.10909 39.7448 38.9905 5.06279 4.39987 3.28566 33.9277 27.223 24.5515 17.4493 7.39515 6.70465
internal_count=759 723 43 680 671 96 83 74 575 441 391 267 110 134
is_linear=0
shrinkage=0.05


Tree=87
num_leaves=15
num_cat=0
split_feature=215 109 186 3 99 197 53 65 60 209 26 0 108 139
split_gain=2.00657 2.44384 1.39082 1.47427 1.12195 0.849094 1.64598 1.24211 1.90582 1.29436 0.911423 0.914565 1.73731 0.999903
threshold=1.5000000000000002 1.0000000180025095e-35 1.0000000180025095e-35 1.0000000180025095e-35 1.0000000180025095e-35 1.0000000180025095e-35 1.0000000180025095e-35 1.0000000180025095e-35 1.0000000180025095e-35 1.0000000180025095e-35 1.0000000180025095e-35 1.0000000180025095e-35 1.0000000180025095e-35 1.0000000180025095e-35
decision_type=2 2 2 2 2 2 2 2 2 2 2 2 2 2
left_child=1 2 3 5 -2 10 7 8 -7 -9 11 12 13 -1
right_child=4 -3 -4 -5 -6 6 -8 9 -10 -11 -12 -13 -14 -15
leaf_value=-0.0030278375202902105 0.051283141921652946 0.054595739216487672 -0.056628673427833676 -0.052136206802559787 -0.012613527088017829 0.052833726312585351 -0.056139465152842564 -0.039466202014167458 -0.022266613537858668 0.039800696186916784 -0.039507583812960462 -0.053374089939842051 0.059633825750328766 -0.034800398464850696
leaf_weight=19.89659067569302 2.4796887305565174 1.5812951293773938 1.4641728103160847 1.7173885852098454 0.95027400040999044 3.3177169873379162 0.83311536721885193 1.4738331139087679 1.1333443252369759 0.79162782803177822 2.2206120677292338 0.98113694600760837 1.022776287049054 2.828233713284134
leaf_count=229 141 104 15 6 20 84 9 23 9 31 26 10 18 20
internal_value=-0.00309409 -0.00629803 -0.00885348 -0.00692201 0.0335805 -0.00467121 0.0101491 0.0183715 0.0337114 -0.0117677 -0.00882298 -0.00606754 -0.00411306 -0.00698211
internal_weight=42.6918 39.2618 37.6805 36.2164 3.42996 34.499 7.54964 6.71652 4.45106 2.26546 26.9493 24.7287 23.7476 22.7248
internal_count=745 584 480 465 161 459 156 147 93 54 303 277 267 249
is_linear=0
shrinkage=0.05


Tree=88
num_leaves=15
num_cat=0
split_feature=220 218 199 53 37 209 218 209 217 13 166 205 213 205
split_gain=1.19989 2.5179 1.32137 1.54245 1.60708 1.47798 2.48592 1.18622 1.35007 1.07913 1.42725 5.07467 2.50317 1.90354
threshold=1.0000000180025095e-35 1.5000000000000002 1.0000000180025095e-35 1.0000000180025095e-35 1.0000000180025095e-35 1.0000000180025095e-35 1.5000000000000002 1.5000000000000002 1.0000000180025095e-35 1.0000000180025095e-35 1.0000000180025095e-35 1.0000000180025095e-35 1.5000000000000002 1.5000000000000002
decision_type=2 2 2 2 2 2 2 2 2 2 2 2 2 2
left_child=1 7 5 4 -4 -2 -7 8 9 10 12 -12 -1 -14
right_child=2 -3 3 -5 -6 6 -8 -9 -10 -11 11 -13 13 -15
leaf_value=-0.044538287700866257 -0.020180250097673033 0.050345235670844438 0.054217518575546235 -0.030398064283219173 -0.020759248112782919 0.052372352331180705 -0.019067000408493396 -0.037111221562828825 -0.054944386076294864 0.030262572176354741 -0.012220893178071318 0.12801300368894597 0.047016296586626906 -0.0095165478625109119
leaf_weight=4.407096929848211 4.4961513332091254 1.8854646682739247 4.170567223802208 0.87952538952231396 0.86250852374359954 2.6474218675866723 2.2549279541708529 3.3818461745977393 1.2857952825725067 2.2842433266341677 2.5913795139640565 0.8589600771665572 1.8135523833334435 8.3210202045738679
leaf_count=87 68 10 171 11 16 165 65 24 14 15 47 8 17 44
internal_value=0.00100577 -0.00536788 0.0121742 0.0306932 0.0413689 0.000523864 0.0195125 -0.00957914 -0.00526093 -0.00211031 -0.00622034 0.0226903 -0.01308 0.000599841
internal_weight=42.1405 26.8294 15.3111 5.9126 5.03308 9.3985 4.90235 24.9439 21.562 20.2763 17.992 3.45034 14.5417 10.1346
internal_count=762 266 496 198 187 298 230 256 232 218 203 55 148 61
is_linear=0
shrinkage=0.05


Tree=89
num_leaves=15
num_cat=0
split_feature=215 208 29 204 130 69 50 64 162 166 54 204 94 179
split_gain=1.18041 2.03167 1.70594 1.7476 1.44982 1.40755 0.861521 1.95029 1.80676 0.945671 2.41504 1.1837 2.61443 1.69751
threshold=1.0000000180025095e-35 1.0000000180025095e-35 1.0000000180025095e-35 1.5000000000000002 1.0000000180025095e-35 1.0000000180025095e-35 1.0000000180025095e-35 1.0000000180025095e-35 1.0000000180025095e-35 1.0000000180025095e-35 1.0000000180025095e-35 3.5000000000000004 1.0000000180025095e-35 1.0000000180025095e-35
decision_type=2 2 2 2 2 2 2 2 2 2 2 2 2 2
left_child=-1 2 3 -2 -3 6 7 9 -9 11 -11 -5 -13 -14
right_child=1 4 -4 5 -6 -7 -8 8 -10 10 -12 12 13 -15
leaf_value=-0.014663610026026215 0.067654646218039557 0.032343107806948809 0.059467519383000003 -0.038252656251281089 0.15606710135018773 0.074598609342535635 -0.050217776060186216 0.072624782876611657 -0.021354576480321297 0.055756868242125501 -0.027941051213678347 0.053469610475334578 -0.029672854027374462 0.051435023852273137
leaf_weight=16.814370522275567 0.81939763948322308 0.85646425466984399 1.1183522003702808 4.7934669451788192 0.3272534916177392 0.51687030494213004 1.1903183255344618 1.384017278440296 0.81114932894706715 1.6050843973644069 1.8612740207463503 1.4672303949482737 5.7027207361534238 0.72737931553274382
leaf_count=209 8 30 59 62 5 7 8 48 14 22 40 72 92 45
internal_value=-0.00457788 0.00273783 -0.000695939 -0.00391852 0.0665481 -0.00684216 -0.00899614 -0.00632253 0.0378979 -0.0123305 0.010815 -0.0186524 -0.00675557 -0.0204979
internal_weight=39.9953 23.181 21.9973 20.8789 1.18372 20.0595 19.5426 18.3523 2.19517 16.1572 3.46636 12.6908 7.89733 6.4301
internal_count=721 512 477 418 35 410 403 395 62 333 62 271 209 137
is_linear=0
shrinkage=0.05


Tree=90
num_leaves=15
num_cat=0
split_feature=205 22 94 131 110 37 215 197 203 13 50 160 213 215
split_gain=1.58167 1.88435 1.84232 1.55968 1.98838 1.51144 1.47698 1.29502 1.21393 1.39118 1.1851 2.69389 1.95073 1.20303
threshold=1.0000000180025095e-35 1.0000000180025095e-35 1.0000000180025095e-35 1.0000000180025095e-35 1.0000000180025095e-35 1.0000000180025095e-35 1.5000000000000002 1.0000000180025095e-35 1.0000000180025095e-35 1.0000000180025095e-35 1.0000000180025095e-35 1.0000000180025095e-35 1.5000000000000002 1.0000000180025095e-35
decision_type=2 2 2 2 2 2 2 2 2 2 2 2 2 2
left_child=1 7 3 4 10 6 8 -1 9 -4 11 -2 -13 -14
right_child=2 -3 5 -5 -6 -7 -8 -9 -10 -11 -12 12 13 -15
leaf_value=-0.030040393890048468 0.11579196773840135 0.064881775694838384 0.012622673002072808 -0.034874947221940934 0.097593478034050496 0.062487499242367274 0.055315301395030873 0.00011559967659852002 -0.043133569040494292 -0.025381199052176225 -0.052206691548936646 -0.046959270295824064 0.0053061743962744936 0.052358743205056582
leaf_weight=8.1740500908344931 0.77582520060241122 0.740244544111193 5.3844486377201921 0.99368697218597013 0.99956966238096345 0.80778862256556827 0.86141299083829004 6.3071997808292517 2.5486248917877683 4.3563178610056639 0.49491735547780979 1.0014533847570408 2.6996827162802219 2.7344202911481261
leaf_count=135 8 19 75 8 33 14 55 144 53 39 3 21 22 96
internal_value=-0.000355986 -0.0129287 0.00773322 0.0244714 0.0312451 -0.00389779 -0.00797551 -0.0169062 -0.0124118 -0.00437362 0.0226392 0.0277759 0.0171653 0.0289829
internal_weight=38.8796 15.2215 23.6581 9.69956 8.70587 13.9586 13.1508 14.4812 12.2894 9.74077 7.7063 7.21138 6.43556 5.4341
internal_count=725 298 427 191 183 236 222 279 167 114 150 147 139 118
is_linear=0
shrinkage=0.05


Tree=91
num_leaves=15
num_cat=0
split_feature=214 69 168 209 94 9 199 214 0 23 53 104 93 219
split_gain=1.7392 1.09089 0.987572 1.12301 2.11359 1.09277 0.960322 1.09592 0.844858 0.922559 0.732313 0.717089 0.64823 0.627927
threshold=2.5000000000000004 1.0000000180025095e-35 1.0000000180025095e-35 1.5000000000000002 1.0000000180025095e-35 1.0000000180025095e-35 1.0000000180025095e-35 1.0000000180025095e-35 1.0000000180025095e-35 1.0000000180025095e-35 1.0000000180025095e-35 1.0000000180025095e-35 1.0000000180025095e-35 1.5000000000000002
decision_type=2 2 2 2 2 2 2 2 2 2 2 2 2 2
left_child=1 2 3 8 -5 -6 7 -4 9 10 12 -2 13 -1
right_child=11 -3 6 4 5 -7 -8 -9 -10 -11 -12 -13 -14 -15
leaf_value=-0.0008268575871594315 0.046489950496668979 0.04691654706975279 -0.051978878150027441 0.050553636883886859 -0.055567288082363053 -0.0044026542617141206 -0.10052781610506843 0.042350240922677834 -0.038462169234520178 -0.035345924433789554 0.042591051021058132 -0.039955001605989103 0.041773185776886872 0.052343168322887462
leaf_weight=24.880209942115489 2.3403732595033939 1.0029471218585957 0.89820505306124576 0.78935240930877526 3.0343805765733123 1.5906529896892605 0.50163812190294255 0.46853031823411584 1.3887924579903472 1.6093195220455516 1.1538349976763118 0.26730180904269207 0.98134149145334859 0.56795980781316657
leaf_count=420 98 15 20 28 42 14 8 10 14 17 16 4 11 34
internal_value=-0.00190023 -0.00455231 -0.00591562 -0.00407593 -0.0250648 -0.0379706 -0.0413589 -0.0196419 -0.000359879 0.00145277 0.00359975 0.0376288 0.00189751 0.000359807
internal_weight=41.4748 38.8672 37.8642 35.9958 5.41439 4.62503 1.86837 1.36674 30.5815 29.1927 27.5833 2.60768 26.4295 25.4482
internal_count=751 649 634 596 84 56 38 30 512 498 481 102 465 454
is_linear=0
shrinkage=0.05


Tree=92
num_leaves=15
num_cat=0
split_feature=197 134 217 206 205 205 109 166 204 74 170 204 219 213
split_gain=1.63042 1.52492 1.94873 1.51312 1.53158 1.33309 1.84132 1.32409 1.29224 1.60238 1.2431 0.864649 1.99273 0.842766
threshold=1.0000000180025095e-35 1.0000000180025095e-35 1.0000000180025095e-35 1.0000000180025095e-35 3.5000000000000004 1.0000000180025095e-35 1.0000000180025095e-35 1.0000000180025095e-35 2.5000000000000004 1.0000000180025095e-35 1.0000000180025095e-35 3.5000000000000004 1.0000000180025095e-35 3.5000000000000004
decision_type=2 2 2 2 2 2 2 2 2 2 2 2 2 2
left_child=5 2 3 -2 8 -1 7 11 -5 10 -10 12 -7 -11
right_child=1 -3 -4 4 -6 6 -8 -9 9 13 -12 -13 -14 -15
leaf_value=-0.022656096274640932 -0.043558473132921938 -0.032030920555192383 0.10670842378985901 -0.025114094232306001 -0.073148572774342016 -0.059715638032179622 0.053865115149624609 0.038321360629722759 0.061061279532814039 0.060488194870348511 0.0053493262302666943 -0.0035756452641622278 0.026684081793995496 -0.02569714882466953
leaf_weight=10.225483176298441 0.97629065858199737 1.562854832038284 0.62278347322717387 1.0473186466842852 0.40225906111300069 2.127687528729449 1.4429934951476742 1.6410696860402811 4.1412338297814131 0.35826718155294646 1.3205518866889177 14.802155448123811 0.97235319763422001 1.3618792444467542
leaf_count=160 15 31 18 15 3 25 132 18 166 15 20 123 9 27
internal_value=-0.00186815 0.0139697 0.0209969 0.0154411 0.0221144 -0.00785255 -0.000639566 -0.00466396 0.026771 0.0343372 0.0475912 -0.00860437 -0.0326157 -0.00774671
internal_weight=43.0052 11.7934 10.2306 9.6078 8.63151 31.2117 20.9863 19.5433 8.22925 7.18193 5.46179 17.9022 3.10004 1.72015
internal_count=777 310 279 261 246 467 307 175 243 228 186 157 34 42
is_linear=0
shrinkage=0.05


Tree=93
num_leaves=15
num_cat=0
split_feature=24 180 69 213 204 204 117 139 205 176 219 217 168 214
split_gain=1.7629 0.916891 0.865487 0.950606 1.43497 1.07353 0.968033 0.895253 1.89966 1.08618 1.39684 1.30621 1.39937 1.12258
threshold=1.0000000180025095e-35 1.0000000180025095e-35 1.0000000180025095e-35 3.5000000000000004 7.5000000000000009 6.5000000000000009 1.0000000180025095e-35 1.0000000180025095e-35 2.5000000000000004 1.0000000180025095e-35 1.0000000180025095e-35 1.0000000180025095e-35 1.0000000180025095e-35 1.5000000000000002
decision_type=2 2 2 2 2 2 2 2 2 2 2 2 2 2
left_child=1 2 3 4 5 6 7 9 -9 10 13 12 -12 -1
right_child=-2 -3 -4 -5 -6 -7 -8 8 -10 -11 11 -13 -14 -15
leaf_value=0.0024579805489544637 0.080203434151627603 0.05977200779968414 0.047781043181615621 0.011969202754720208 0.061540266137169897 -0.041956007220746078 -0.034883225611223832 -0.031988063010744597 0.078065082126908728 -0.058121292990236773 0.041212100495160997 -0.038140372544735339 -0.019599997250636866 -0.033565887117743942
leaf_weight=9.2286490937695103 0.69028311595320602 0.62375061400234599 0.87762391334399481 8.8575560199096781 0.75186830712482233 2.2061327393166712 2.5701426905579856 4.3460862820502362 0.43099892511963833 0.72242504358291526 5.049051597248762 0.79787516221404065 1.1641180221922693 2.8244811277836552
leaf_count=143 13 11 15 150 17 24 54 98 42 5 143 10 18 20
internal_value=0.000972237 -0.000379825 -0.00132189 -0.0024283 -0.00666622 -0.00841408 -0.00568694 -0.00263208 -0.0220588 0.00205813 0.00433859 0.0220843 0.0298182 -0.0059837
internal_weight=41.141 40.4508 39.827 38.9494 30.0918 29.34 27.1338 24.5637 4.77709 19.7866 19.0642 7.01104 6.21317 12.0531
internal_count=763 750 739 724 574 557 533 479 140 339 334 171 161 163
is_linear=0
shrinkage=0.05


Tree=94
num_leaves=15
num_cat=0
split_feature=29 166 210 38 219 219 54 219 197 94 13 1 210 195
split_gain=1.25462 1.35721 1.48646 1.0992 1.8329 1.5451 0.936602 1.12788 0.969959 0.86059 1.8098 1.78199 2.06762 1.55708
threshold=1.0000000180025095e-35 1.0000000180025095e-35 1.0000000180025095e-35 1.0000000180025095e-35 1.0000000180025095e-35 1.0000000180025095e-35 1.0000000180025095e-35 1.0000000180025095e-35 1.0000000180025095e-35 1.0000000180025095e-35 1.0000000180025095e-35 1.0000000180025095e-35 1.5000000000000002 1.0000000180025095e-35
decision_type=2 2 2 2 2 2 2 2 2 2 2 2 2 2
left_child=1 9 3 4 -3 -5 -4 -8 -9 10 -1 -11 -13 -12
right_child=-2 2 6 5 -6 -7 7 8 -10 11 13 12 -14 -15
leaf_value=-0.0048904277875625093 0.056053693473259891 -0.022846148131798433 -0.037953610360584249 0.12737109547154266 0.06727494192451515 0.015668889872481283 -0.057582985325521467 -0.012005617837589825 0.053226738232407457 -0.028981853439106614 0.097536130279670091 0.036020078481803525 -0.025473999044425395 -0.011320586294977057
leaf_weight=16.108156216796491 0.90873383008874853 1.2227471508085719 1.3999303067103026 0.68800992518663429 1.0475339069962502 0.56283672666177154 0.48271577805280719 0.96983289998024713 1.3817580644972622 9.9604750094003958 0.83706547087058314 2.8498346325941375 2.6269403896294534 0.54069998860359192
leaf_count=254 59 29 17 8 18 16 3 8 53 170 27 66 20 2
internal_value=-0.0020509 -0.00334893 0.0154685 0.039473 0.0187368 0.0771091 -0.00449328 0.0120336 0.0263239 -0.00778154 -0.000186018 -0.0163851 0.00652439 0.0548156
internal_weight=41.5873 40.6785 7.75536 3.52113 2.27028 1.25085 4.23424 2.83431 2.35159 32.9232 17.4859 15.4373 5.47678 1.37777
internal_count=750 691 152 71 47 24 81 64 61 539 283 256 86 29
is_linear=0
shrinkage=0.05


Tree=95
num_leaves=15
num_cat=0
split_feature=163 63 106 170 185 141 213 66 208 216 179 197 186 216
split_gain=5.0006 1.15257 0.971863 0.635453 1.80676 0.600914 1.85494 1.26976 2.24482 1.10598 0.860368 1.68369 1.12 1.01522
threshold=1.0000000180025095e-35 1.0000000180025095e-35 1.0000000180025095e-35 1.0000000180025095e-35 1.0000000180025095e-35 1.0000000180025095e-35 3.5000000000000004 1.0000000180025095e-35 1.5000000000000002 1.0000000180025095e-35 1.0000000180025095e-35 1.0000000180025095e-35 1.0000000180025095e-35 1.0000000180025095e-35
decision_type=2 2 2 2 2 2 2 2 2 2 2 2 2 2
left_child=1 2 3 5 -5 10 7 9 -9 -7 11 -1 -13 -12
right_child=-2 -3 -4 4 -6 6 -8 8 -10 -11 13 12 -14 -15
leaf_value=-0.0040379370722887315 0.14449041663050119 -0.04345036776885558 0.06241667251233135 0.086831672126417389 -0.013524517302437707 -0.055353043184200972 0.052761085398833202 0.06773743346895382 -0.08137369386141359 0.010006406113863713 0.032881595501656161 0.027227035098039778 0.13370090297825113 -0.026162181786483947
leaf_weight=20.904912798665471 0.55779265705495973 1.9796994025818992 0.53758379421196778 0.70023403083905456 1.2474800888448954 3.5339783425442866 0.75011500203981984 0.73302463511936344 0.38496476411819458 0.79237045673653472 0.82489196071401139 2.3591012507677074 0.27586763957515348 6.2001567468978465
leaf_count=253 11 35 24 21 14 64 30 58 1 19 22 86 7 115
internal_value=-0.00421483 -0.00622691 -0.00434917 -0.00527645 0.0225551 -0.00675112 -0.0209516 -0.0311076 0.016393 -0.0433825 -0.00387318 0.000709535 0.0383743 -0.0192292
internal_weight=41.7822 41.2244 39.2447 38.7071 1.94771 36.7594 6.19445 5.44434 1.11799 4.32635 30.5649 23.5399 2.63497 7.02505
internal_count=760 749 714 690 35 655 172 142 59 83 483 346 93 137
is_linear=0
shrinkage=0.05


Tree=96
num_leaves=15
num_cat=0
split_feature=163 106 63 24 94 213 209 215 219 213 216 206 204 199
split_gain=4.03513 1.80253 1.27271 0.97694 0.986905 2.04858 2.08434 1.94494 1.72617 1.74608 1.53958 1.24218 1.91227 1.50535
threshold=1.0000000180025095e-35 1.0000000180025095e-35 1.0000000180025095e-35 1.0000000180025095e-35 1.0000000180025095e-35 1.0000000180025095e-35 1.0000000180025095e-35 1.0000000180025095e-35 1.0000000180025095e-35 2.5000000000000004 1.0000000180025095e-35 1.0000000180025095e-35 1.5000000000000002 1.0000000180025095e-35
decision_type=2 2 2 2 2 2 2 2 2 2 2 2 2 2
left_child=1 2 3 4 7 6 -6 8 -1 10 -10 12 -9 -13
right_child=-2 -3 -4 -5 5 -7 -8 11 9 -11 -12 13 -14 -15
leaf_value=-0.029026961214981169 0.12727993767234058 0.072637994616167031 -0.046301168521583898 0.065648771081521187 -0.027334875170857972 -0.015897119845156821 0.12155786127028193 0.13175219274180539 0.071474275146309066 -0.019251133490517117 -0.015211479186855488 -0.0022493171432433332 0.025036432772977055 0.057721740955154505
leaf_weight=5.4658016962930578 0.60036505945026775 0.76556770619936187 1.7662688770797093 0.51325496006756921 0.40555419027805584 17.392465993762016 0.55908591393381357 0.60093901306390662 1.5580909112468364 2.1916541084647179 0.76305346935987461 4.5450693508610129 1.3925964096561072 1.3593428502790628
leaf_count=106 11 31 30 9 7 317 17 9 22 11 8 102 35 41
internal_value=-0.0013663 -0.00333262 -0.00484277 -0.00285004 -0.00382034 -0.0119635 0.0589603 0.00454169 -0.0101308 0.0127558 0.0429772 0.0230795 0.0572052 0.0115575
internal_weight=39.8791 39.2787 38.5132 36.7469 36.2337 18.3571 0.96464 17.8765 9.9786 4.5128 2.32114 7.89795 1.99354 5.90441
internal_count=756 745 714 684 675 341 24 334 147 41 30 187 44 143
is_linear=0
shrinkage=0.05


Tree=97
num_leaves=15
num_cat=0
split_feature=163 215 204 168 205 22 65 204 164 1 216 123 210 202
split_gain=4.64752 1.27609 1.07174 1.63358 1.58908 1.93867 1.16647 1.43631 1.54384 0.997071 1.26552 0.958903 1.69253 0.943462
threshold=1.0000000180025095e-35 1.0000000180025095e-35 1.5000000000000002 1.0000000180025095e-35 1.0000000180025095e-35 1.0000000180025095e-35 1.0000000180025095e-35 3.5000000000000004 1.0000000180025095e-35 1.0000000180025095e-35 1.0000000180025095e-35 1.0000000180025095e-35 1.5000000000000002 2.5000000000000004
decision_type=2 2 2 2 2 2 2 2 2 2 2 2 2 2
left_child=1 9 -3 4 5 -4 7 -6 -9 10 -1 12 -8 -14
right_child=-2 2 3 -5 6 -7 11 8 -10 -11 -12 -13 13 -15
leaf_value=-0.01511099455087498 0.14333856329538081 0.05600971988801378 -0.02561697961514128 0.063108233112919992 -0.023977729534989931 0.064864728005016567 -0.01936621724113248 0.01313335036830917 0.072295648606437724 0.0037272473902290391 -0.056717836557346336 -0.067257009581058666 0.067086168015311962 -0.0074465302596462592
leaf_weight=10.052691699005665 0.53631985653191705 0.91914127022028225 7.8072558762505704 1.0033416370861221 1.1426892420276979 0.64057441987097252 3.5310833700932562 2.5407292200252414 1.9482276116032151 5.0438034236431113 2.2336777690798035 0.57166933268308628 1.1626469134353099 0.66885105241090048
leaf_count=154 8 11 143 24 12 18 93 60 70 30 30 3 72 16
internal_value=-0.00285323 -0.00484999 0.00316164 0.000850426 -0.00227072 -0.018756 0.00977027 0.0260701 0.0388101 -0.014991 -0.0226752 -0.00569838 0.000863983 0.0398673
internal_weight=39.8027 39.2664 21.9362 21.0171 20.0137 8.44783 11.5659 5.63165 4.48896 17.3302 12.2864 5.93425 5.36258 1.8315
internal_count=744 736 522 511 487 161 326 142 130 214 184 184 181 88
is_linear=0
shrinkage=0.05


Tree=98
num_leaves=15
num_cat=0
split_feature=163 140 146 157 204 204 215 204 94 175 204 215 132 204
split_gain=2.76116 1.86722 0.967347 1.97147 1.24854 1.04595 3.40531 0.943302 1.26896 1.08161 1.2875 0.865683 1.09191 1.43743
threshold=1.0000000180025095e-35 1.0000000180025095e-35 1.0000000180025095e-35 1.0000000180025095e-35 4.5000000000000009 1.5000000000000002 1.0000000180025095e-35 3.5000000000000004 1.0000000180025095e-35 1.0000000180025095e-35 4.5000000000000009 1.5000000000000002 1.0000000180025095e-35 2.5000000000000004
decision_type=2 2 2 2 2 2 2 2 2 2 2 2 2 2
left_child=1 2 5 7 -5 6 -1 -4 9 10 -9 -7 -13 -14
right_child=-2 -3 3 4 -6 11 -8 8 -10 -11 -12 12 13 -15
leaf_value=-0.0060724222327310576 0.098713148490175096 0.055156513072041891 -0.041778722512088105 0.032532898166209606 0.13524708746959188 -0.014407569635282653 0.13187979916036938 0.1096793534501755 -0.017343399994557761 -0.016808396073335074 0.0044262077440651226 0.043378047980963653 -0.093488398425489075 0.054461858805201095
leaf_weight=2.4121158393099935 0.68150872457772393 1.3382790349423874 1.1285050241276611 0.8798151249065993 0.44575107237324119 24.887178049422804 0.54919197224080551 0.72697546007111646 1.9533856729976833 0.55250950157642376 0.48397504142485559 1.4474491281434887 0.40427914261817921 0.27641922631300986
leaf_count=81 10 47 19 20 7 365 9 26 49 2 14 73 1 25
internal_value=-0.00102641 -0.00283972 -0.0049869 0.0130407 0.0670728 -0.00869802 0.0195116 -0.00174111 0.0104151 0.0411632 0.0676133 -0.0117902 0.0188175 -0.0334085
internal_weight=38.1673 37.4858 36.1476 6.17092 1.32557 29.9766 2.96131 4.84535 3.71685 1.76346 1.21095 27.0153 2.12815 0.680698
internal_count=748 738 691 137 27 554 90 110 91 42 40 464 99 26
is_linear=0
shrinkage=0.05


Tree=99
num_leaves=15
num_cat=0
split_feature=163 13 208 220 102 173 216 215 214 209 167 60 160 133
split_gain=2.99331 2.60844 2.61098 1.60775 1.35969 1.28687 1.2709 1.38182 1.02886 0.938355 0.933237 0.936727 0.927892 0.947521
threshold=1.0000000180025095e-35 1.0000000180025095e-35 1.0000000180025095e-35 1.0000000180025095e-35 1.0000000180025095e-35 1.0000000180025095e-35 1.0000000180025095e-35 1.0000000180025095e-35 2.5000000000000004 1.0000000180025095e-35 1.0000000180025095e-35 1.0000000180025095e-35 1.0000000180025095e-35 1.0000000180025095e-35
decision_type=2 2 2 2 2 2 2 2 2 2 2 2 2 2
left_child=1 4 3 6 8 -6 7 -3 9 -1 11 12 -11 -14
right_child=-2 2 -4 -5 5 -7 -8 -9 -10 10 -12 -13 13 -15
leaf_value=-0.027711542710120649 0.099728291844271566 -0.015293454392889601 0.11588534810327394 0.052805872699367568 0.080946852649191187 -0.0025573319416931075 -0.029655663813917096 0.048450757503021934 0.042435587669680259 -0.042700428930555347 0.028823914947902027 -0.059736569325032685 0.015436877321973731 -0.015123240245305789
leaf_weight=13.189873404335238 0.66656032763421436 1.6591095253825172 0.62881672708317626 1.6927360126283018 0.69519483903422874 1.3717975192703307 2.4865115731954575 1.7437013536691663 0.7240428919903924 1.847235972527417 1.4366842396557338 1.0155753749422736 3.8992834850214351 7.2568186563439667
leaf_count=229 9 11 15 107 22 33 16 11 33 28 10 9 77 135
internal_value=-0.00534817 -0.00711473 0.0179796 0.00985977 -0.0136691 0.0255278 -0.00248399 0.017371 -0.0164277 -0.0179156 -0.00955562 -0.0134888 -0.00987682 -0.00444186
internal_weight=40.3139 39.6474 8.21088 7.58206 31.4365 2.06699 5.88932 3.40281 29.3695 28.6455 15.4556 14.0189 13.0033 11.1561
internal_count=745 736 160 145 576 55 38 22 521 488 259 249 240 212
is_linear=0
shrinkage=0.05


Tree=100
num_leaves=15
num_cat=0
split_feature=163 63 215 20 72 204 204 117 53 117 168 10 38 173
split_gain=3.90023 0.980447 0.662852 1.54938 1.12238 0.76808 1.64038 2.87195 1.41594 1.38411 1.3731 1.17608 1.16118 0.8835
threshold=1.0000000180025095e-35 1.0000000180025095e-35 1.5000000000000002 1.0000000180025095e-35 1.0000000180025095e-35 5.5000000000000009 3.5000000000000004 1.0000000180025095e-35 1.0000000180025095e-35 1.0000000180025095e-35 1.0000000180025095e-35 1.0000000180025095e-35 1.0000000180025095e-35 1.0000000180025095e-35
decision_type=2 2 2 2 2 2 2 2 2 2 2 2 2 2
left_child=1 2 5 4 -4 6 9 8 11 10 -1 12 13 -8
right_child=-2 -3 3 -5 -6 -7 7 -9 -10 -11 -12 -13 -14 -15
leaf_value=-0.011300470043273095 0.12778805357181949 -0.042746688800419264 0.053880786668105113 -0.065917266406399777 -0.041369077805186054 -0.016666174660540069 -0.043136370925094793 -0.050653799176045539 -0.028542312020284656 0.052328795755659588 -0.06547729650789412 0.10154727856792506 0.046650293675571386 0.017810903156472043
leaf_weight=10.000776465050874 0.55939436051994462 1.6629552000667889 1.8233826814685015 0.43145651184022416 0.37245630403049279 10.426676291972397 0.69627294503151649 1.5341102597303695 1.1847808994352824 0.75394480023533184 1.3244266598485417 0.53458668291568834 3.5600561867468059 4.0727554359473288
leaf_count=170 9 30 130 3 14 108 10 25 12 20 19 3 117 67
internal_value=-0.00328509 -0.00519557 -0.00349478 0.0207044 0.0377246 -0.00535988 -0.000377698 0.0130665 0.0227947 -0.0132692 -0.0176362 0.0296568 0.0250427 0.00891267
internal_weight=38.938 38.3786 36.7157 2.6273 2.19584 34.0884 23.6617 11.5826 10.0485 12.0791 11.3252 8.86367 8.32908 4.76903
internal_count=737 728 698 147 144 551 443 234 209 209 189 197 194 77
is_linear=0
shrinkage=0.05


Tree=101
num_leaves=15
num_cat=0
split_feature=197 99 168 98 213 159 163 63 211 219 201 185 206 162
split_gain=1.62158 1.29708 1.49944 1.91552 1.45043 0.877874 0.902416 1.22621 0.843929 0.613903 0.902655 0.861537 0.720938 2.15941
threshold=1.0000000180025095e-35 1.0000000180025095e-35 1.0000000180025095e-35 1.0000000180025095e-35 1.5000000000000002 1.0000000180025095e-35 1.0000000180025095e-35 1.0000000180025095e-35 1.0000000180025095e-35 1.0000000180025095e-35 1.0000000180025095e-35 1.0000000180025095e-35 1.0000000180025095e-35 1.0000000180025095e-35
decision_type=2 2 2 2 2 2 2 2 2 2 2 2 2 2
left_child=5 2 3 -2 -3 6 7 8 9 10 11 -1 13 -11
right_child=1 4 -4 -5 -6 -7 -8 -9 -10 12 -12 -13 -14 -15
leaf_value=0.0022598480539625372 0.053082822225376941 0.053338757404444992 -0.028885066302828191 -0.0080109407704736443 -0.056342744462616362 0.057144003425393775 0.060298656589560587 -0.050251860456095768 -0.048816757800562938 0.0149122419389988 -0.054250483013913026 -0.052834083299124694 0.0054480427592099017 0.16449122990632739
leaf_weight=9.7298504821956282 5.8547291832510346 0.44972698204219408 0.89184124604798842 1.6430902099236844 0.91400857316330075 0.68706847843713958 0.60471135377883811 1.2285185530781735 0.82513410039245982 1.4221573981922109 0.88828743062913496 0.76540904864668924 11.148619039217008 0.29058923851698626
leaf_count=139 215 15 19 34 18 26 6 22 11 57 13 12 166 5
internal_value=0.0075291 0.025053 0.0324044 0.0396946 -0.0201724 0.00133426 -9.10323e-05 -0.00147964 0.000910369 0.00260275 -0.00585421 -0.0017581 0.010088 0.0402902
internal_weight=37.3437 9.7534 8.38966 7.49782 1.36374 27.5903 26.9033 26.2986 25.07 24.2449 11.3835 10.4953 12.8614 1.71275
internal_count=758 301 268 249 33 457 431 425 403 392 164 151 228 62
is_linear=0
shrinkage=0.05


Tree=102
num_leaves=15
num_cat=0
split_feature=214 130 63 219 0 219 117 186 179 199 203 196 38 1
split_gain=1.97209 1.19567 0.826628 0.726918 0.543019 1.90574 1.2431 1.46753 0.615249 0.719493 0.666616 1.16745 2.26525 1.25642
threshold=2.5000000000000004 1.0000000180025095e-35 1.0000000180025095e-35 1.0000000180025095e-35 1.0000000180025095e-35 1.5000000000000002 1.0000000180025095e-35 1.0000000180025095e-35 1.0000000180025095e-35 1.0000000180025095e-35 1.0000000180025095e-35 1.0000000180025095e-35 1.0000000180025095e-35 1.0000000180025095e-35
decision_type=2 2 2 2 2 2 2 2 2 2 2 2 2 2
left_child=2 3 4 -2 5 6 7 8 10 -10 11 13 -13 -1
right_child=1 -3 -4 -5 -6 -7 -8 -9 9 -11 -12 12 -14 -15
leaf_value=-0.014469568042719393 -0.020106086971330348 0.16291750005652761 -0.043580430934292667 0.052321969243254787 -0.032041021184494478 0.063525290508932283 -0.055224141584522893 0.067248268481419585 0.00064987869174016515 -0.035448410055537963 -0.018737612360755478 0.051735748653134829 -0.035003602124897108 0.020055494567706469
leaf_weight=10.284522630739977 0.49700000882148643 0.18985748430714 1.6562912627123285 1.1434621044900266 2.0996580049395552 0.96174280298873682 1.3304537422955025 0.67158844834193487 2.2063078428618601 3.6873031803406775 5.6669031844940028 2.5614362512715152 1.0659427833743396 3.5429580733180037
leaf_count=159 5 9 31 80 40 48 18 13 30 74 143 37 15 33
internal_value=-0.00649309 0.044127 -0.00908581 0.0303789 -0.00740931 -0.00579206 -0.00794135 -0.00582232 -0.00751361 -0.0219348 -0.00383773 0.000999674 0.0262465 -0.00562335
internal_weight=37.5654 1.83032 35.7351 1.64046 34.0788 31.9792 31.0174 29.687 29.0154 5.89361 23.1218 17.4549 3.62738 13.8275
internal_count=735 94 641 85 610 570 522 504 491 104 387 244 52 192
is_linear=0
shrinkage=0.05


Tree=103
num_leaves=15
num_cat=0
split_feature=163 219 38 220 210 168 204 203 204 219 204 166 65 22
split_gain=2.11957 1.85207 1.07876 1.40677 1.37507 1.3384 0.766387 1.72331 0.874265 0.734377 0.788611 0.724176 1.39464 0.673945
threshold=1.0000000180025095e-35 1.5000000000000002 1.0000000180025095e-35 1.0000000180025095e-35 2.5000000000000004 1.0000000180025095e-35 3.5000000000000004 1.0000000180025095e-35 4.5000000000000009 1.0000000180025095e-35 1.5000000000000002 1.0000000180025095e-35 1.0000000180025095e-35 1.0000000180025095e-35
decision_type=2 2 2 2 2 2 2 2 2 2 2 2 2 2
left_child=1 2 3 6 5 -5 9 8 -8 10 11 12 -1 -4
right_child=-2 -3 13 4 -6 -7 7 -9 -10 -11 -12 -13 -14 -15
leaf_value=-0.020479639366575941 0.079808992648648158 0.05229013107861679 -0.018727046630908028 0.054288995817622032 -0.051461959714218131 -0.024425026722751333 0.04076365565035911 -0.040111236029544854 5.3042215616277089e-05 0.0094769709562313349 -0.046948704365443301 -0.050917395961242555 0.076577344519209306 0.028728039543521496
leaf_weight=1.1878058444708606 0.73496241867542167 1.3169253144878883 17.287829771754335 2.711729297414422 0.48429503198713053 0.67432709434069682 2.4338695406913757 1.6267782077193258 2.8783899433910847 1.7276011034846304 2.6750301849097013 0.68761054426431645 0.5376613251864909 0.78201095806434651
leaf_count=44 9 103 250 166 5 9 18 8 23 22 36 24 15 20
internal_value=-0.0042708 -0.00594041 -0.00808876 0.000712426 0.0273422 0.0386132 -0.00678073 0.00491625 0.0187051 -0.0186894 -0.0282529 -0.00752752 0.00976364 -0.0166733
internal_weight=37.7468 37.0119 35.6949 17.6251 3.87035 3.38606 13.7547 6.93904 5.31226 6.81571 5.08811 2.41308 1.72547 18.0698
internal_count=752 743 640 370 180 175 190 49 41 141 119 83 59 270
is_linear=0
shrinkage=0.05


Tree=104
num_leaves=15
num_cat=0
split_feature=163 55 63 60 170 218 205 110 13 214 201 26 162 164
split_gain=1.31544 1.32948 0.770946 0.733846 1.05642 1.09538 0.774976 2.12774 1.85147 1.09148 1.09081 1.06319 0.643117 0.532921
threshold=1.0000000180025095e-35 1.0000000180025095e-35 1.0000000180025095e-35 1.0000000180025095e-35 1.0000000180025095e-35 1.0000000180025095e-35 1.0000000180025095e-35 1.0000000180025095e-35 1.0000000180025095e-35 1.5000000000000002 1.0000000180025095e-35 1.0000000180025095e-35 1.0000000180025095e-35 1.0000000180025095e-35
decision_type=2 2 2 2 2 2 2 2 2 2 2 2 2 2
left_child=1 2 3 4 6 -6 8 11 12 -10 -9 -8 13 -1
right_child=-2 -3 -4 -5 5 -7 7 10 9 -11 -12 -13 -14 -15
leaf_value=-0.026554450414420023 0.05933245652785795 0.073585145245808628 -0.042125977022221692 -0.018148486598228732 0.10170897850994168 -0.0035644550006644279 -0.0055069345025327999 0.072654553309307146 0.12221928884464593 0.006297631515666308 0.0052885374856864453 0.065307332018909314 0.026139402983169122 -0.0035838372816026174
leaf_weight=7.3393233679234999 0.85499651171266933 0.55263005814049293 1.3160244282335032 6.6351905940100542 0.51352599496021767 0.47626093402504921 11.893254865659397 1.6157247265800827 0.39426276274025518 0.41871817386709154 0.95672224136069406 0.55476706218905825 0.86322110099718052 3.8492526286281645
leaf_count=132 10 22 28 66 15 12 227 80 6 15 10 28 28 86
internal_value=-0.00198895 -0.0033916 -0.00454675 -0.00315405 0.000291523 0.051054 -0.00151029 0.00620383 -0.010517 0.0625149 0.0476004 -0.00235098 -0.0154436 -0.0186518
internal_weight=38.2339 37.3789 36.8262 35.5102 28.875 0.989787 27.8852 15.0205 12.8648 0.812981 2.57245 12.448 12.0518 11.1886
internal_count=765 755 733 705 639 27 612 345 267 21 90 255 246 218
is_linear=0
shrinkage=0.05


Tree=105
num_leaves=15
num_cat=0
split_feature=109 160 215 104 53 209 216 96 13 197 179 74 110 216
split_gain=0.928412 1.47484 0.964364 0.870546 0.690306 0.644234 1.01561 0.811236 1.3385 0.678888 1.78193 0.810839 1.10202 0.670327
threshold=1.0000000180025095e-35 1.0000000180025095e-35 1.5000000000000002 1.0000000180025095e-35 1.0000000180025095e-35 1.5000000000000002 1.0000000180025095e-35 1.0000000180025095e-35 1.0000000180025095e-35 1.0000000180025095e-35 1.0000000180025095e-35 1.0000000180025095e-35 1.0000000180025095e-35 1.0000000180025095e-35
decision_type=2 2 2 2 2 2 2 2 2 2 2 2 2 2
left_child=2 -2 4 -4 5 7 -7 8 9 11 -11 12 -1 -12
right_child=1 -3 3 -5 -6 6 -8 -9 -10 10 13 -13 -14 -15
leaf_value=-0.011259075796784479 -0.034745790522289897 0.053254691993670715 0.054715770625968607 -0.051271616239499752 -0.042335054086478863 -0.0462607185447362 0.0017413042934013162 -0.024555432142686479 0.043072802905660373 0.049512143889613495 0.053535628242850325 -0.054048141316909382 0.018910780491282961 -0.019041122619326684
leaf_weight=13.263974834233538 0.66842411644756805 1.654924808535724 1.1299841257277865 0.23383392300456751 1.2814488094300021 2.2464068348053834 2.1628217212855816 3.5456128474324933 1.7575705987401296 2.0828492646105579 0.36076879315078292 0.86276910826563735 3.9217058196663848 2.6931453868746758
leaf_count=203 26 158 74 3 16 22 20 39 23 52 12 11 26 74
internal_value=-0.00268491 0.0279371 -0.00468659 0.0365437 -0.00633177 -0.00492934 -0.0227147 -0.00217665 0.00100448 -0.00218453 0.013853 -0.00674898 -0.00437443 -0.0104674
internal_weight=37.8662 2.32335 35.5429 1.36382 34.1791 32.8976 4.40923 28.4884 24.9428 23.1852 5.13676 18.0484 17.1857 3.05391
internal_count=759 184 575 77 498 482 42 440 401 378 138 240 229 86
is_linear=0
shrinkage=0.05


Tree=106
num_leaves=15
num_cat=0
split_feature=163 216 102 160 123 179 64 220 204 110 157 206 1 65
split_gain=1.86593 0.986128 1.53515 1.2029 1.32425 1.11569 1.09179 1.04464 0.956486 2.41358 1.53654 2.10975 1.3822 1.54507
threshold=1.0000000180025095e-35 1.0000000180025095e-35 1.0000000180025095e-35 1.0000000180025095e-35 1.0000000180025095e-35 1.0000000180025095e-35 1.0000000180025095e-35 1.0000000180025095e-35 6.5000000000000009 1.0000000180025095e-35 1.0000000180025095e-35 1.0000000180025095e-35 1.0000000180025095e-35 1.0000000180025095e-35
decision_type=2 2 2 2 2 2 2 2 2 2 2 2 2 2
left_child=1 3 5 6 8 -3 -1 -7 9 10 12 -12 13 -5
right_child=-2 2 -4 4 -6 7 -8 -9 -10 -11 11 -13 -14 -15
leaf_value=-0.039330471892876584 0.076882626378042843 -0.0066524124264748718 0.040128105048890826 -0.026857242981659171 -0.070619956248759413 -0.063081886526829403 0.024436088992886261 -0.018877695205400946 -0.013040243867500918 0.075639639758536145 -0.022249095280428857 0.096078559344839221 0.059067074005079614 0.013388544720051214
leaf_weight=2.6789455430116536 0.72977110929787059 8.8036358146928197 1.2383377267979092 4.0665895878337324 0.51475836336612601 2.0983609184622773 0.89569843560457219 3.6813466981984675 3.3983275974169365 1.5373589815571911 0.58293997659348029 1.0647708692122249 0.9781389827840038 5.7663452895358205
leaf_count=36 9 160 44 87 3 17 25 92 49 43 9 19 16 136
internal_value=-0.00229776 -0.00384669 -0.0133195 0.00312953 0.00841528 -0.017858 -0.0233525 -0.0349263 0.0107542 0.0165316 0.00923791 0.0542157 0.00238287 -0.00325583
internal_weight=38.0353 37.3056 15.8217 21.4839 17.9092 14.5833 3.57464 5.77971 17.3945 13.9961 12.4588 1.64771 10.8111 9.83293
internal_count=745 736 313 423 362 269 61 109 359 310 267 28 239 223
is_linear=0
shrinkage=0.05


Tree=107
num_leaves=15
num_cat=0
split_feature=163 210 215 38 216 166 219 134 207 10 54 204 45 210
split_gain=2.48074 0.85433 1.15482 1.64061 1.25701 1.39622 1.14997 1.08053 1.14059 1.08033 1.01162 0.825619 1.06268 0.964558
threshold=1.0000000180025095e-35 1.5000000000000002 1.0000000180025095e-35 1.0000000180025095e-35 1.0000000180025095e-35 1.0000000180025095e-35 1.5000000000000002 1.0000000180025095e-35 1.5000000000000002 1.0000000180025095e-35 1.0000000180025095e-35 3.5000000000000004 1.0000000180025095e-35 1.0000000180025095e-35
decision_type=2 2 2 2 2 2 2 2 2 2 2 2 2 2
left_child=1 2 -1 6 -5 10 7 8 11 -3 -6 12 -4 -13
right_child=-2 9 3 4 5 -7 -8 -9 -10 -11 -12 13 -14 -15
leaf_value=-0.02441968281202608 0.090691451520586358 0.014261780436902453 0.029600086675678747 -0.039167525344990434 -0.001416063997348173 -0.025736786649306627 -0.055899984745909959 -0.05306582697754017 -0.048349383462154942 -0.051824705365369345 0.058517754922238055 0.011154018165628844 -0.040343406966115852 0.077739411983320961
leaf_weight=11.106937002390625 0.64848402515053649 6.2573826356092459 2.7521997103467597 3.8821786446496844 1.8104186011478305 3.2014897097833455 0.54078848985955108 0.47232445050030936 0.4845717567950486 0.6862187162041663 1.1521280275192112 0.84243206027895223 0.67656133044511069 1.5347552723251283
leaf_count=181 8 139 42 60 42 57 12 6 15 10 68 24 11 43
internal_value=-0.00621872 -0.00799397 -0.0118309 -0.0037718 -0.0168815 -0.0028455 0.0142607 0.0198711 0.0253476 0.00773062 0.0218921 0.0314984 0.0157989 0.0541428
internal_weight=36.0489 35.4004 28.4568 17.3498 10.0462 6.16404 7.30363 6.76284 6.29052 6.9436 2.96255 5.80595 3.42876 2.37719
internal_count=718 710 561 380 227 167 153 141 135 149 110 120 53 67
is_linear=0
shrinkage=0.05


Tree=108
num_leaves=15
num_cat=0
split_feature=219 201 205 203 199 117 61 213 209 213 218 166 215 206
split_gain=2.05275 0.879436 0.887496 1.15344 1.33893 0.970793 0.900475 1.1987 0.824045 0.771407 1.69501 0.916751 1.16642 1.51246
threshold=1.5000000000000002 1.0000000180025095e-35 1.5000000000000002 1.0000000180025095e-35 1.0000000180025095e-35 1.0000000180025095e-35 1.0000000180025095e-35 3.5000000000000004 1.0000000180025095e-35 1.5000000000000002 1.0000000180025095e-35 1.0000000180025095e-35 1.0000000180025095e-35 1.0000000180025095e-35
decision_type=2 2 2 2 2 2 2 2 2 2 2 2 2 2
left_child=1 2 3 9 -5 6 -4 -8 -3 11 -11 12 -1 -14
right_child=-2 8 5 4 -6 -7 7 -9 -10 10 -12 -13 13 -15
leaf_value=-0.037035168052754641 0.058452529424565039 -0.056481092559991578 -0.015159342811018793 -0.043061071128093216 0.026262806350793717 -0.059049701236533664 0.053348040303669103 -0.031761100828819652 -0.013231591777331936 0.08930235450570001 0.013252049886839616 0.022039100784246909 0.071047266559790739 -0.01038242621645788
leaf_weight=2.5069440528750473 1.2756346814567212 1.4344956907443691 9.1614353110780886 2.340117122046649 0.99169028922915448 1.0528012588620193 1.1756762235891081 0.63834189949557174 4.7424824791960418 0.84310203604400058 5.5938311414793134 3.1698464003857225 0.74250908382236991 2.4578648882452399
leaf_count=79 103 14 173 36 27 6 32 5 54 14 106 68 10 37
internal_value=-0.00390446 -0.006063 -0.00259684 0.00423404 -0.0224273 -0.0131859 -0.00878649 0.0233987 -0.0232755 0.0100346 0.023213 0.000478769 -0.0114958 0.00850983
internal_weight=38.1268 36.8511 30.6742 18.6459 3.33181 12.0283 10.9755 1.81402 6.17698 15.3141 6.43693 8.87716 5.70732 3.20037
internal_count=764 661 593 377 63 216 210 37 68 314 120 194 126 47
is_linear=0
shrinkage=0.05


Tree=109
num_leaves=15
num_cat=0
split_feature=219 131 209 204 140 167 168 214 50 22 204 15 204 208
split_gain=1.32675 0.897052 0.570161 1.58424 1.16904 0.611499 0.631137 0.745717 0.492124 0.473856 2.29054 1.02763 1.24009 0.75684
threshold=1.5000000000000002 1.0000000180025095e-35 1.5000000000000002 7.5000000000000009 1.0000000180025095e-35 1.0000000180025095e-35 1.0000000180025095e-35 1.0000000180025095e-35 1.0000000180025095e-35 1.0000000180025095e-35 6.5000000000000009 1.0000000180025095e-35 3.5000000000000004 1.0000000180025095e-35
decision_type=2 2 2 2 2 2 2 2 2 2 2 2 2 2
left_child=1 2 3 5 -4 6 8 -8 9 11 -11 13 -13 -1
right_child=-2 -3 4 -5 -6 -7 7 -9 -10 10 -12 12 -14 -15
leaf_value=0.0048778946000395734 0.052066513946425266 0.042205362601786825 -0.029307657281849878 0.070155989010659781 0.033933160049080091 -0.046090140233664437 -0.058414943362406303 -0.0020028641202557416 -0.046702112869607411 0.05642586396005126 -0.060325887453805085 -0.056403126305438589 0.027717495180753317 -0.046224885156662267
leaf_weight=18.196450222283627 1.1290471423417319 1.0624272604472924 4.5897906757891169 0.74924543453380366 0.86913827224634577 0.81920673605054517 1.0445981193333858 1.3339021261781452 0.54564078152179618 1.5134906135499471 0.58150545228272665 1.5934957237914198 0.60424660868011404 0.75457257498055597
leaf_count=337 97 13 77 12 15 9 19 23 5 50 5 23 43 9
internal_value=-0.00126304 -0.00302064 -0.00446812 -0.00156102 -0.0192388 -0.00355211 -0.00222042 -0.0267781 0.000234895 0.00133673 0.0240192 -0.0009102 -0.033275 0.00284314
internal_weight=35.3868 34.2577 33.1953 27.7364 5.45893 26.9871 26.1679 2.3785 23.7894 23.2438 2.095 21.1488 2.19774 18.951
internal_count=737 640 627 535 92 523 514 42 472 467 55 412 66 346
is_linear=0
shrinkage=0.05


Tree=110
num_leaves=15
num_cat=0
split_feature=110 206 66 54 204 199 199 204 159 206 203 215 217 22
split_gain=1.30656 1.56392 1.31553 1.43038 2.28743 1.48389 1.15192 1.13823 0.944098 0.861582 0.735161 0.717543 1.15228 1.12689
threshold=1.0000000180025095e-35 1.0000000180025095e-35 1.0000000180025095e-35 1.0000000180025095e-35 7.5000000000000009 1.0000000180025095e-35 1.0000000180025095e-35 3.5000000000000004 1.0000000180025095e-35 1.0000000180025095e-35 1.0000000180025095e-35 1.0000000180025095e-35 1.0000000180025095e-35 1.0000000180025095e-35
decision_type=2 2 2 2 2 2 2 2 2 2 2 2 2 2
left_child=8 -2 3 5 6 10 -5 -8 11 -10 -3 13 -13 -1
right_child=1 2 -4 4 -6 -7 7 -9 9 -11 -12 12 -14 -15
leaf_value=-0.025259873488800128 -0.050716135115775079 0.028967760812642698 0.091716998701398877 0.1030875868183049 -0.0037067101294797167 -0.048165855976956856 -0.020060655942124282 0.058173287053872674 0.14011036482657013 0.011198193660863314 -0.041327659761506555 -0.0066982750007967135 0.045177580389238886 0.049866329959085111
leaf_weight=8.1977084483951366 0.90048749907873471 1.8699343847110834 0.5711502705235042 0.94998852373100851 2.9717985559254885 1.5464580566622319 0.62414886057376895 1.8224160675890742 0.19757358264177938 0.37680815649218857 0.46428341791033734 13.423713043448513 1.163216356653719 0.53152326494455415
leaf_count=164 12 34 19 33 20 31 10 87 11 21 12 268 23 4
internal_value=-0.00107861 0.0125949 0.0178638 0.0137481 0.0283294 -0.0101803 0.0563592 0.0382148 -0.00778679 0.0555409 0.0149858 -0.00934684 -0.0025615 -0.0206854
internal_weight=35.6112 11.7207 10.8202 10.249 6.36835 3.88068 3.39655 2.44656 23.8905 0.574382 2.33422 23.3162 14.5869 8.72923
internal_count=749 258 246 227 150 77 130 97 491 32 46 459 291 168
is_linear=0
shrinkage=0.05


Tree=111
num_leaves=15
num_cat=0
split_feature=218 220 123 201 1 173 179 220 199 208 66 132 160 210
split_gain=1.73026 2.93539 0.779732 0.586777 0.653351 1.95453 3.58195 1.41805 1.11724 0.931899 1.69299 1.25608 1.30269 1.7123
threshold=1.5000000000000002 1.0000000180025095e-35 1.0000000180025095e-35 1.0000000180025095e-35 1.0000000180025095e-35 1.0000000180025095e-35 1.0000000180025095e-35 1.0000000180025095e-35 1.0000000180025095e-35 1.0000000180025095e-35 1.0000000180025095e-35 1.0000000180025095e-35 1.0000000180025095e-35 1.5000000000000002
decision_type=2 2 2 2 2 2 2 2 2 2 2 2 2 2
left_child=3 -2 -3 4 9 6 -6 -8 -7 11 -11 12 -1 -14
right_child=1 2 -4 -5 5 8 7 -9 -10 10 -12 -13 13 -15
leaf_value=0.025255904935243496 0.09742449203092024 0.011932835775525435 -0.066845383706983494 -0.02197084554575407 0.13261724996267296 -0.044423715528262644 -0.052985331159401045 0.051566475348905905 0.013119908698719641 0.078904478839020686 -0.014560290328504999 -0.040199947478878707 -0.017141241216786941 0.033065165109125882
leaf_weight=2.942431951873016 1.1213245317339888 1.47102954541333 0.39938225550577056 5.0267000566236666 0.80735167884267789 1.4602319761179388 0.65885201096534729 0.63872222020290792 1.9972178367897868 0.85247154789976654 1.1224603955633938 2.9872606634162358 13.843691835412754 1.9357084261719144
leaf_count=62 7 70 3 66 17 16 8 46 41 19 8 48 285 50
internal_value=-0.00300703 0.0334592 -0.00488839 -0.00619021 -0.00347792 0.0119428 0.0499286 -0.00152041 -0.0111833 -0.0070996 0.0257834 -0.010091 -0.00528686 -0.0109823
internal_weight=37.2648 2.99174 1.87041 34.2731 29.2464 5.56238 2.10493 1.29757 3.45745 23.684 1.97493 21.7091 18.7218 15.7794
internal_count=746 80 73 666 600 128 71 54 57 472 27 445 397 335
is_linear=0
shrinkage=0.05


Tree=112
num_leaves=15
num_cat=0
split_feature=204 117 206 1 168 210 134 132 170 166 110 214 209 220
split_gain=0.883485 0.891919 0.857652 3.26248 1.25471 0.988155 1.27363 0.96271 1.35993 0.917413 0.905929 0.773313 0.758704 1.08939
threshold=6.5000000000000009 1.0000000180025095e-35 1.5000000000000002 1.0000000180025095e-35 1.0000000180025095e-35 1.5000000000000002 1.0000000180025095e-35 1.0000000180025095e-35 1.0000000180025095e-35 1.0000000180025095e-35 1.0000000180025095e-35 1.0000000180025095e-35 1.5000000000000002 1.0000000180025095e-35
decision_type=2 2 2 2 2 2 2 2 2 2 2 2 2 2
left_child=1 2 3 4 7 6 9 8 12 -4 -5 -3 13 -1
right_child=-2 11 5 10 -6 -7 -8 -9 -10 -11 -12 -13 -14 -15
leaf_value=-0.0040728377235180972 -0.017587051985829685 -0.043475651586508318 0.038115933674960266 0.17301076190526557 -0.047621962220140181 0.065212738297308934 -0.045335386830487268 -0.038696946071028096 0.076629147098985884 0.00041582863727422848 0.053460334277753478 0.03312106178460511 -0.033360122602197007 0.031077228361801486
leaf_weight=9.6199739770963877 6.7444923508446655 1.7095465883612626 3.2828227400314045 0.30201528687029977 1.5751616740599264 0.99012169777415682 0.85560627514496435 1.5231278948485858 0.60249412758275944 3.1737727606669068 0.33339198492467403 0.40819396334700275 1.5266967262141413 2.8595139472745368
leaf_count=131 85 24 86 8 28 33 12 31 20 63 12 32 33 133
internal_value=-0.00129967 0.00251955 0.00500183 -0.00103337 -0.00502795 0.0183355 0.011988 -0.000868929 0.00307509 0.0195843 0.110284 -0.0287117 -8.89332e-05 0.00398135
internal_weight=35.5069 28.7624 26.6447 18.3424 17.707 8.30232 7.3122 16.1318 14.6087 6.4566 0.635407 2.11774 14.0062 12.4795
internal_count=731 646 590 396 376 194 161 348 317 149 20 56 297 264
is_linear=0
shrinkage=0.05


Tree=113
num_leaves=15
num_cat=0
split_feature=214 96 175 1 139 216 201 208 61 204 214 53 94 210
split_gain=1.33058 1.24716 1.34992 1.32695 1.97875 1.64826 1.35168 1.1169 1.06167 2.08435 1.11037 1.50442 1.00299 1.81944
threshold=2.5000000000000004 1.0000000180025095e-35 1.0000000180025095e-35 1.0000000180025095e-35 1.0000000180025095e-35 1.0000000180025095e-35 1.0000000180025095e-35 1.0000000180025095e-35 1.0000000180025095e-35 4.5000000000000009 1.0000000180025095e-35 1.0000000180025095e-35 1.0000000180025095e-35 1.5000000000000002
decision_type=2 2 2 2 2 2 2 2 2 2 2 2 2 2
left_child=1 2 3 6 5 -5 12 -2 9 10 -7 -12 13 -1
right_child=7 -3 -4 4 -6 8 -8 -9 -10 -11 11 -13 -14 -15
leaf_value=0.0032215688741198626 0.029612353303754554 -0.02804209819985708 -0.062330373565267855 0.086758795432184441 -0.058539700436348555 -0.060848783339209206 -0.038832602727836514 0.16817641851872522 -0.031809240122775188 0.082231253374347793 0.053011482652628429 -0.032838259570184034 -0.015431602114330487 0.073885795488967621
leaf_weight=12.527438217308383 1.3385541986208398 4.4725937973707905 0.83732953388243814 1.0867094662971784 0.6867121667601167 0.5226921886205681 2.4424215506296596 0.16315606166608621 0.85870711132884014 1.2726757368072865 1.341262581991032 0.82369372248649586 6.5911813990678629 0.98234423645772118
leaf_count=269 85 67 6 19 8 3 33 6 8 26 57 5 131 27
internal_value=-0.00140441 -0.00341295 0.000262208 0.00206104 0.021793 0.0311339 -0.00370924 0.0446669 0.0185903 0.0295183 0.00455732 0.0203485 0.000558521 0.00835982
internal_weight=35.9475 34.4458 29.9732 29.1358 6.59245 5.90574 22.5434 1.50171 4.81903 3.96032 2.68765 2.16496 20.101 13.5098
internal_count=750 659 592 586 126 118 460 91 99 91 65 62 427 296
is_linear=0
shrinkage=0.05


Tree=114
num_leaves=15
num_cat=0
split_feature=219 167 216 150 208 131 53 22 214 210 209 185 210 98
split_gain=2.42597 1.84117 2.85251 1.945 1.11879 1.88506 1.15604 1.22815 0.959931 1.09412 1.53977 1.03604 0.999501 0.803
threshold=1.0000000180025095e-35 1.0000000180025095e-35 1.0000000180025095e-35 1.0000000180025095e-35 1.5000000000000002 1.0000000180025095e-35 1.0000000180025095e-35 1.0000000180025095e-35 1.5000000000000002 1.0000000180025095e-35 1.0000000180025095e-35 1.0000000180025095e-35 1.5000000000000002 1.0000000180025095e-35
decision_type=2 2 2 2 2 2 2 2 2 2 2 2 2 2
left_child=8 3 -3 4 5 6 7 13 9 10 11 -1 -11 -2
right_child=1 2 -4 -5 -6 -7 -8 -9 -10 12 -12 -13 -14 -15
leaf_value=-0.017204476615479081 -0.0052393376517224557 -0.012691598755927416 0.092275702900375942 -0.076085713663871457 -0.078203086510780215 0.10256465873396066 0.063663666964908286 0.048203529311810878 -0.040434080383220487 -0.033585772188511102 0.070058697292015623 0.053453553513061761 0.012952926901915005 0.053531246157354863
leaf_weight=3.0525881480425583 11.871049028006377 1.1144627779722207 1.5438002962619064 0.73512654891237694 0.37469011545181352 0.52262695133686143 0.8184017294552185 1.3286652105161927 3.4606166873127213 5.163752943277359 0.83383141830563534 0.62501474283635605 1.4856307730078695 0.61113465717062432
leaf_count=107 328 7 15 3 1 10 17 89 29 48 8 10 9 67
internal_value=-0.00213042 0.00969065 0.0482687 0.00338438 0.007147 0.00925761 0.00592424 0.00250272 -0.0174267 -0.0102929 0.00871302 -0.00519603 -0.0231879 -0.0023619
internal_weight=33.5414 18.92 2.65826 16.2617 15.5266 15.1519 14.6293 13.8108 14.6214 11.1608 4.51143 3.6776 6.64938 12.4822
internal_count=748 537 22 515 512 511 501 484 211 182 125 117 57 395
is_linear=0
shrinkage=0.05


Tree=115
num_leaves=15
num_cat=0
split_feature=37 219 163 204 205 204 204 162 1 160 22 21 204 44
split_gain=1.16434 1.49978 1.03933 0.553728 1.09736 1.60699 0.630878 1.63824 1.15047 1.09191 0.797075 0.821196 0.73836 3.30426
threshold=1.0000000180025095e-35 1.5000000000000002 1.0000000180025095e-35 8.5000000000000018 3.5000000000000004 7.5000000000000009 3.5000000000000004 1.0000000180025095e-35 1.0000000180025095e-35 1.0000000180025095e-35 1.0000000180025095e-35 1.0000000180025095e-35 4.5000000000000009 1.0000000180025095e-35
decision_type=2 2 2 2 2 2 2 2 2 2 2 2 2 2
left_child=1 2 3 4 5 6 7 8 10 -8 11 -1 -11 -14
right_child=-2 -3 -4 -5 -6 -7 9 -9 -10 12 -12 -13 13 -15
leaf_value=-0.014290288485192241 -0.036923328212994481 0.058795857185522986 0.052074482875257337 -0.033958661663130794 -0.064402330264344845 0.055972027062651808 -0.028907445491751383 0.0727292961775418 0.032160718406177187 0.021770157220167327 0.040811386949843924 -0.045229865717752497 -0.012500382157146155 0.10647638634881269
leaf_weight=8.6787833385169524 2.3388441202696404 1.0354665287304659 0.85634717741049726 1.4474697762634594 0.69603549316525359 1.1931513086892653 2.2036626683548155 0.56057929713279087 1.1996978530660278 6.1650201634038151 0.52935633389279324 2.8485851027071485 6.5129712297348306 0.64099929505027819
leaf_count=167 28 99 10 14 3 13 34 18 18 138 22 37 121 26
internal_value=-0.002781 -0.000470969 -0.00230109 -0.00372611 -0.00232482 -0.000909678 -0.00322288 -0.0109941 -0.0145346 0.00369446 -0.019181 -0.0219359 0.00908854 -0.00184
internal_weight=36.907 34.5681 33.5327 32.6763 31.2288 30.5328 29.3397 13.817 13.2564 15.5227 12.0567 11.5274 13.319 7.15397
internal_count=748 720 621 611 597 594 581 262 244 319 226 204 285 147
is_linear=0
shrinkage=0.05


Tree=116
num_leaves=15
num_cat=0
split_feature=159 179 102 204 203 204 37 1 220 164 38 157 214 134
split_gain=1.11708 0.849486 1.49555 0.572335 0.858405 1.26682 0.813557 1.58069 1.36386 1.06737 1.7426 1.40141 0.855394 0.778605
threshold=1.0000000180025095e-35 1.0000000180025095e-35 1.0000000180025095e-35 8.5000000000000018 1.0000000180025095e-35 7.5000000000000009 1.0000000180025095e-35 1.0000000180025095e-35 1.0000000180025095e-35 1.0000000180025095e-35 1.0000000180025095e-35 1.0000000180025095e-35 1.0000000180025095e-35 1.0000000180025095e-35
decision_type=2 2 2 2 2 2 2 2 2 2 2 2 2 2
left_child=1 3 -3 4 6 -6 7 8 9 -1 11 -11 -9 -14
right_child=-2 2 -4 -5 5 -7 -8 12 -10 10 -12 -13 13 -15
leaf_value=-0.015578342243154505 0.066432277658240585 -0.024583080188413306 0.073015214046639479 -0.0275787791754947 -0.018952062259705756 0.052946078085791062 -0.026313195911995536 0.084193556632320726 0.039257968442909019 -0.0090579038017024865 0.081475111137568668 0.047909145792797876 0.061498937529263345 -0.018606453991610369
leaf_weight=6.002458033151937 0.61409584595821698 5.9198275613598517 0.42038838006556023 1.5250108670443285 5.9622523406287646 0.68282483890652645 1.4832494580186892 1.0535233244299882 2.6454875429626545 4.7048966307193041 0.82403655350208271 1.4010854810476301 0.62507447134703376 0.58934821374714375
leaf_count=105 34 122 28 17 165 12 12 10 99 74 7 8 32 7
internal_value=-0.00040047 -0.00161331 -0.0181118 0.00219059 0.00393842 -0.0115641 0.00926794 0.0122252 0.00654738 -0.000143945 0.0132246 0.00401382 0.051225 0.0226245
internal_weight=34.4536 33.8395 6.34022 27.4992 25.9742 6.64508 19.3292 17.8459 15.578 12.9325 6.93002 6.10598 2.26795 1.21442
internal_count=732 698 150 548 531 177 354 342 293 194 89 82 49 39
is_linear=0
shrinkage=0.05


Tree=117
num_leaves=15
num_cat=0
split_feature=53 201 157 205 10 126 206 61 209 30 205 110 162 160
split_gain=0.879697 0.642682 1.0203 0.901376 0.864706 0.86399 0.819475 0.809621 0.794645 0.78481 0.740313 1.6594 1.11747 1.08744
threshold=1.0000000180025095e-35 1.0000000180025095e-35 1.0000000180025095e-35 1.5000000000000002 1.0000000180025095e-35 1.0000000180025095e-35 1.0000000180025095e-35 1.0000000180025095e-35 1.0000000180025095e-35 1.0000000180025095e-35 1.0000000180025095e-35 1.0000000180025095e-35 1.0000000180025095e-35 1.0000000180025095e-35
decision_type=2 2 2 2 2 2 2 2 2 2 2 2 2 2
left_child=1 2 3 4 5 10 -4 -5 -3 -9 12 13 -1 -12
right_child=-2 8 6 7 -6 -7 -8 9 -10 -11 11 -13 -14 -15
leaf_value=-0.0082470226300702248 -0.049903460721145945 -0.047618035013711396 -0.0061704755700595151 -0.020995754600565655 0.056274695194419404 0.071726129470591732 0.055619631085355239 0.049620567967664071 -0.0050106110992092284 -0.036412270911374438 0.061626405736464732 0.067075853186575857 0.068366383625786467 -0.011320803217074141
leaf_weight=10.832272953353836 0.90968545351643015 1.4038366936147202 0.8155880225822324 6.5076731874141833 0.83247931813821097 0.45881692226976056 1.5685490192845462 0.85853687673807122 4.9632902862504125 0.38348247110843658 0.61513566365465555 1.2892758786911143 0.49783140001818615 3.0147457176353774
leaf_count=251 19 15 10 142 12 10 47 35 63 5 9 50 21 63
internal_value=-0.0013786 -8.18779e-05 0.00321343 0.000265725 0.00654005 0.00406202 0.0344819 -0.0139355 -0.0144048 0.0230573 0.00215145 0.0183484 -0.00488072 0.00104115
internal_weight=34.9512 34.0415 27.6744 25.2903 17.5406 16.7081 2.38414 7.74969 6.36713 1.24202 16.2493 4.91916 11.3301 3.62988
internal_count=752 733 655 598 416 404 57 182 78 40 394 122 272 72
is_linear=0
shrinkage=0.05


Tree=118
num_leaves=15
num_cat=0
split_feature=37 219 203 204 204 199 98 206 13 216 110 204 96 218
split_gain=1.16563 1.1702 0.800334 0.962155 1.565 0.912138 1.23409 0.908337 0.763139 0.681332 1.81602 1.10991 0.907711 1.29272
threshold=1.0000000180025095e-35 1.5000000000000002 1.0000000180025095e-35 6.5000000000000009 4.5000000000000009 1.0000000180025095e-35 1.0000000180025095e-35 1.0000000180025095e-35 1.0000000180025095e-35 1.0000000180025095e-35 1.0000000180025095e-35 2.5000000000000004 1.0000000180025095e-35 1.5000000000000002
decision_type=2 2 2 2 2 2 2 2 2 2 2 2 2 2
left_child=1 2 9 4 5 6 -4 -6 -2 10 12 -11 13 -1
right_child=8 -3 3 -5 7 -7 -8 -9 -10 11 -12 -13 -14 -15
leaf_value=0.0060033644682196928 -0.053551097003771288 0.058616691517554609 -0.044772261170793332 -0.048581144444451344 -0.031675876005816284 0.040262455467464479 0.055718410103791562 0.07156241338009256 0.0066950497321381129 -0.035070717290385488 0.056157380137888305 0.0046256567202463388 -0.038861708909017946 0.080774000198781809
leaf_weight=10.922281601699067 1.5230525778606527 0.94805078743956883 2.3845954334829003 1.5215590693987904 0.27964309556409694 0.52142768679186691 0.35041081672534335 0.89486310491338372 0.80264545930549491 2.2040208652615556 2.1003324438352147 8.7575994399376196 1.0376898839604116 0.61037595523521382
leaf_count=174 19 92 50 28 15 16 30 51 10 32 40 166 15 8
internal_value=0.0014375 0.00388212 0.00223921 -0.014277 -0.00249717 -0.0203429 -0.0318973 0.046982 -0.0327589 0.00607471 0.0131211 -0.00335598 0.00593035 0.00996067
internal_weight=34.8585 32.5329 31.5848 5.9525 4.43094 3.25643 2.73501 1.17451 2.3257 25.6323 14.6707 10.9616 12.5703 11.5327
internal_count=746 717 625 190 162 96 80 66 29 435 237 198 197 182
is_linear=0
shrinkage=0.05


Tree=119
num_leaves=15
num_cat=0
split_feature=131 204 110 206 213 215 170 110 133 197 133 218 93 109
split_gain=2.12406 1.6141 0.902293 0.543678 1.42012 1.27766 1.86826 1.12534 1.61097 1.09643 0.768852 1.31385 1.06522 0.990523
threshold=1.0000000180025095e-35 8.5000000000000018 1.0000000180025095e-35 1.0000000180025095e-35 2.5000000000000004 1.0000000180025095e-35 1.0000000180025095e-35 1.0000000180025095e-35 1.0000000180025095e-35 1.0000000180025095e-35 1.0000000180025095e-35 1.0000000180025095e-35 1.0000000180025095e-35 1.0000000180025095e-35
decision_type=2 2 2 2 2 2 2 2 2 2 2 2 2 2
left_child=1 3 -3 4 5 -1 -7 10 9 -9 -5 -12 13 -13
right_child=-2 2 -4 7 -6 6 -8 8 -10 -11 11 12 -14 -15
leaf_value=-2.6808041432115305e-05 0.095333348858312239 0.0060919689981575043 0.10097384154092459 -0.021611105183773526 -0.049230608097059599 0.076334597872054419 -0.047060290384459275 0.0088802655223466243 -0.020644967269784091 0.054776069178911736 0.076607369185259358 -0.022917523893481347 0.0466897991127962 0.053139709151039598
leaf_weight=2.7719814060255912 0.58460942143574257 0.43400110816582926 0.59282683837227523 10.719995952676983 0.82429902674630273 1.5949253699509425 0.37979449238628138 4.104011680698024 3.1645602899370715 1.9054710649652404 0.52017318457364936 4.3267195604275912 0.80707782297395159 0.47508243203628797
leaf_count=93 12 17 8 167 14 58 5 30 62 133 16 41 13 58
internal_value=0.000870083 -0.000822822 0.0608709 -0.00282791 0.011348 0.0218679 0.0526023 -0.00586267 0.00822829 0.0234328 -0.013535 0.000590539 -0.00645934 -0.0153925
internal_weight=33.2055 32.6209 1.02683 31.5941 5.571 4.7467 1.97472 26.0231 9.17404 6.00948 16.849 6.12905 5.60888 4.8018
internal_count=727 715 25 690 170 156 63 520 225 163 295 128 112 99
is_linear=0
shrinkage=0.05


Tree=120
num_leaves=15
num_cat=0
split_feature=167 205 106 179 13 213 102 197 205 213 215 185 214 164
split_gain=0.931718 1.33359 1.58687 1.45876 1.60337 2.81175 0.950461 0.919386 1.15425 0.94598 0.735827 0.721076 0.707449 0.706811
threshold=1.0000000180025095e-35 1.5000000000000002 1.0000000180025095e-35 1.0000000180025095e-35 1.0000000180025095e-35 1.5000000000000002 1.0000000180025095e-35 1.0000000180025095e-35 1.0000000180025095e-35 1.0000000180025095e-35 1.0000000180025095e-35 1.0000000180025095e-35 1.5000000000000002 1.0000000180025095e-35
decision_type=2 2 2 2 2 2 2 2 2 2 2 2 2 2
left_child=1 3 -3 4 5 7 10 8 -1 -10 -7 -9 -6 -14
right_child=-2 2 -4 -5 12 6 -8 11 9 -11 -12 -13 13 -15
leaf_value=-0.01052490375735546 0.025591919958615896 -0.021248372915665382 0.073609696103832209 -0.017820725575895452 -0.046699783951593007 0.13527499591329251 0.014894880671362083 0.076407940344486169 -0.001050279432567377 0.078712420350474988 0.065562337072929841 0.0097755555981820959 -0.03810027210700076 0.062051586703209739
leaf_weight=5.7516261609271222 2.9203757485374799 10.990285826614123 0.45931904308963645 5.3857861041324204 1.4437255193479352 0.53082579001784269 0.64050743682309974 0.76837879745289661 0.74224590696394421 0.74465968832373619 1.3192789410240946 0.86097319889813662 0.3362743540201335 0.37000562285538763
leaf_count=134 27 234 17 130 18 6 18 36 15 7 35 24 12 21
internal_value=-0.00138172 -0.00397773 -0.017443 0.00418198 0.0129544 0.0204489 0.0673902 0.00726507 -0.00037313 0.0388958 0.0855641 0.0411984 -0.0266392 0.0143672
internal_weight=33.2643 30.3439 11.4496 18.8943 13.5085 11.3585 2.49061 8.86788 7.23853 1.48691 1.8501 1.62935 2.15001 0.70628
internal_count=734 707 251 456 326 275 59 216 156 22 41 60 51 33
is_linear=0
shrinkage=0.05


Tree=121
num_leaves=15
num_cat=0
split_feature=219 108 37 53 3 117 160 23 163 203 204 166 213 54
split_gain=1.53588 0.848597 1.00471 0.93145 0.757394 0.613239 0.860524 0.970073 0.930007 0.864556 1.05681 0.858821 0.851017 0.920342
threshold=1.5000000000000002 1.0000000180025095e-35 1.0000000180025095e-35 1.0000000180025095e-35 1.0000000180025095e-35 1.0000000180025095e-35 1.0000000180025095e-35 1.0000000180025095e-35 1.0000000180025095e-35 1.0000000180025095e-35 6.5000000000000009 1.0000000180025095e-35 3.5000000000000004 1.0000000180025095e-35
decision_type=2 2 2 2 2 2 2 2 2 2 2 2 2 2
left_child=1 2 3 5 -3 6 8 9 -1 11 12 -8 13 -11
right_child=-2 4 -4 -5 -6 -7 7 -9 -10 10 -12 -13 -14 -15
leaf_value=-0.028868175277778053 0.057135111155566742 0.058056178488036361 -0.047257252098492908 -0.05041829238560918 -0.015067174921297924 -0.032143803290966659 0.010872623883645367 0.067667342394237939 0.036151614337898812 0.0036068856307399375 -0.060134636409719625 -0.018182909480323459 0.064859455290739734 -0.067770098725004474
leaf_weight=4.1224951364565774 1.0446741058258329 0.98718444653786608 1.4224090930074442 1.0552421957254399 0.55220429599285126 1.6580135617405165 15.402378648053864 0.56856942409649391 0.63462785398587573 1.7970394529402258 1.1469743261113761 3.0462155994027844 0.39510464551858593 0.60321541037410487
leaf_count=81 97 26 17 13 2 26 239 12 7 116 15 75 19 6
internal_value=-0.00256415 -0.00443187 -0.00618416 -0.00426425 0.0318256 -0.00260623 -0.000839286 0.00317097 -0.0201942 0.00153323 -0.0197205 0.006075 -0.00313805 -0.0143311
internal_weight=34.4363 33.3917 31.8523 30.4299 1.53939 29.3746 27.7166 22.9595 4.75712 22.3909 3.94233 18.4486 2.79536 2.40025
internal_count=751 654 626 609 28 596 570 482 88 470 156 314 141 122
is_linear=0
shrinkage=0.05


Tree=122
num_leaves=15
num_cat=0
split_feature=106 204 63 160 131 206 199 214 57 209 130 214 208 204
split_gain=1.1131 1.00268 0.553071 0.611595 1.91082 1.11748 0.807017 0.596222 0.535052 0.527918 0.507999 1.13754 1.19006 0.593832
threshold=1.0000000180025095e-35 8.5000000000000018 1.0000000180025095e-35 1.0000000180025095e-35 1.0000000180025095e-35 1.0000000180025095e-35 1.0000000180025095e-35 1.0000000180025095e-35 1.0000000180025095e-35 1.5000000000000002 1.0000000180025095e-35 1.0000000180025095e-35 1.0000000180025095e-35 5.5000000000000009
decision_type=2 2 2 2 2 2 2 2 2 2 2 2 2 2
left_child=1 2 3 5 8 -1 -7 -4 10 -8 -5 -12 13 -13
right_child=-2 -3 7 4 -6 6 9 -9 -10 -11 11 12 -14 -15
leaf_value=0.028201867674507733 0.066451992692515227 -0.044820606209842045 -0.054899477738102824 -0.0045562823079216483 0.10037981039541338 -0.041952867232369864 0.057487793668474764 0.012486152228430126 0.045691812660615394 -0.042502276927534728 0.042727415894530586 0.0048429455825505265 0.034716985224749003 -0.04681371326280781
leaf_weight=1.0216119289398218 0.57006128260400046 1.4406602871604253 0.97380133438855299 20.096270577632833 0.4854022532235821 2.9177906198892747 0.37811429682187725 0.49517323239706457 0.63258116249926288 0.20280966511927545 1.9971183445304621 0.93898361432366106 1.2570244546514007 1.3653061485383657
leaf_count=28 33 17 16 470 10 42 20 17 8 9 15 22 8 23
internal_value=-0.00284076 -0.00399567 -0.00220046 -0.000792923 0.00207929 -0.0178043 -0.0312379 -0.0321846 0.000264147 0.0225797 -0.000855987 0.0125223 -0.00441621 -0.0257639
internal_weight=34.7727 34.2026 32.762 31.293 26.7727 4.52033 3.49871 1.46897 26.2873 0.580924 25.6547 5.55843 3.56131 2.30429
internal_count=738 705 688 655 556 99 71 33 546 29 538 68 53 45
is_linear=0
shrinkage=0.05


Tree=123
num_leaves=15
num_cat=0
split_feature=163 215 160 99 63 128 61 206 122 218 205 205 130 175
split_gain=0.583877 0.616842 0.910919 0.799782 0.783984 0.455148 0.468125 2.38132 0.621909 0.763615 0.519372 0.70862 1.32083 0.717943
threshold=1.0000000180025095e-35 1.5000000000000002 1.0000000180025095e-35 1.0000000180025095e-35 1.0000000180025095e-35 1.0000000180025095e-35 1.0000000180025095e-35 1.5000000000000002 1.0000000180025095e-35 1.5000000000000002 3.5000000000000004 2.5000000000000004 1.0000000180025095e-35 1.0000000180025095e-35
decision_type=2 2 2 2 2 2 2 2 2 2 2 2 2 2
left_child=1 4 3 -3 5 6 8 -8 9 10 11 12 13 -1
right_child=-2 2 -4 -5 -6 -7 7 -9 -10 -11 -12 -13 -14 -15
leaf_value=-0.0052287322549012666 0.033882568616689188 0.026490205562543379 0.052622047391746501 -0.067942412640731975 -0.046279747288905826 -0.035244740754742931 0.038344574161099841 -0.052178198453622288 -0.040428913644112788 0.060586088114394469 -0.040671316271670005 0.016263276163720555 0.07384273474123508 -0.065803888382585093
leaf_weight=17.319786671199868 0.9924888270907094 0.50918116723187279 1.0936523072887203 0.40063500753603876 1.205740095116197 1.2077806186862279 1.0937620950862759 2.1637214422225952 0.99516855995170672 0.50746083329431613 0.81315333768725295 5.2008542902767649 0.52079144306480785 0.50336507661268015
leaf_count=387 11 31 129 4 23 24 25 13 6 16 6 63 14 4
internal_value=-0.00391244 -0.005031 0.0218713 -0.0150929 -0.00674033 -0.00516827 -0.00392073 -0.0217835 -0.00167068 -0.000119494 -0.0013842 -2.73654e-05 -0.00464607 -0.00693951
internal_weight=34.5275 33.5351 2.00347 0.909816 31.5316 30.3258 29.1181 3.25748 25.8606 24.8654 24.358 23.5448 18.3439 17.8232
internal_count=756 745 164 35 581 558 534 38 496 490 474 468 405 391
is_linear=0
shrinkage=0.05


Tree=124
num_leaves=15
num_cat=0
split_feature=157 209 167 126 63 48 53 206 210 219 37 44 203 209
split_gain=1.61663 1.72106 1.17838 0.953202 0.713487 0.641026 0.549849 0.849602 0.670914 0.728784 0.999818 0.843034 0.778053 1.15482
threshold=1.0000000180025095e-35 1.5000000000000002 1.0000000180025095e-35 1.0000000180025095e-35 1.0000000180025095e-35 1.0000000180025095e-35 1.0000000180025095e-35 2.5000000000000004 2.5000000000000004 1.0000000180025095e-35 1.0000000180025095e-35 1.0000000180025095e-35 1.5000000000000002 1.0000000180025095e-35
decision_type=2 2 2 2 2 2 2 2 2 2 2 2 2 2
left_child=3 2 -2 4 5 6 7 8 9 -1 11 12 -11 -14
right_child=1 -3 -4 -5 -6 -7 -8 -9 -10 10 -12 -13 13 -15
leaf_value=-0.011727415691421836 0.027727037003698687 -0.016096497251824701 0.088965108769979595 0.07022910012138818 -0.039128378113207692 0.056378991280823187 -0.036497980654384053 0.050848916528516343 -0.044445421136796781 0.014474803714481616 -0.064635379784477476 0.0740279242854575 -0.041538731288176443 0.023339059778057669
leaf_weight=9.9547188580036394 3.0847150154877445 1.7273072176612911 1.0539789050817487 0.43586533982306619 1.3947675651870657 0.45556126115843554 1.1995754011441011 0.74225230724550684 0.95879071136005123 8.2164856272283888 0.47375088557601053 0.48456385964527804 1.7278379164636128 1.1374288236256687
leaf_count=151 46 31 6 10 37 13 17 31 12 246 7 34 29 76
internal_value=0.00202052 0.0258257 0.0433222 -0.00311682 -0.00431212 -0.00239658 -0.00347212 -0.00180022 -0.00350274 -0.00171798 0.00655781 0.00947385 0.00665114 -0.0157841
internal_weight=33.0476 5.866 4.13869 27.1816 26.7457 25.351 24.8954 23.6958 22.9536 21.9948 12.0401 11.5663 11.0818 2.86527
internal_count=746 83 52 663 653 616 603 586 555 543 392 385 351 105
is_linear=0
shrinkage=0.05


Tree=125
num_leaves=15
num_cat=0
split_feature=215 209 164 21 204 130 208 60 110 204 69 121 54 199
split_gain=0.923607 1.23503 0.755667 0.855442 1.49291 0.75003 1.48856 1.29954 0.91741 1.09248 1.26589 0.866604 0.854059 1.24216
threshold=1.0000000180025095e-35 1.5000000000000002 1.0000000180025095e-35 1.0000000180025095e-35 2.5000000000000004 1.0000000180025095e-35 1.0000000180025095e-35 1.0000000180025095e-35 1.0000000180025095e-35 1.5000000000000002 1.0000000180025095e-35 1.0000000180025095e-35 1.0000000180025095e-35 1.0000000180025095e-35
decision_type=2 2 2 2 2 2 2 2 2 2 2 2 2 2
left_child=1 2 3 4 -1 8 7 -7 9 -2 -11 12 13 -10
right_child=5 -3 -4 -5 -6 6 -8 -9 11 10 -12 -13 -14 -15
leaf_value=-0.021849465536341484 0.047257367602597633 -0.057467397381619378 -0.022743611758601675 -0.040482699071753253 0.030796259041704091 0.0582925439528632 0.12623847846818587 -0.050578204570234722 0.052608173287914894 -0.017137907419684562 0.059554573980936346 -0.065986621889808972 0.052141346391348799 -0.017110006911330251
leaf_weight=2.3091374058276379 0.79469644092023983 1.6044509392231709 6.7924318825826049 1.0442960755899546 3.2306896168738604 0.58116715634241589 0.34306014794856299 0.5187706807628274 0.95581879257224422 10.92351875454187 0.5659375227987774 0.29831036925315846 1.5386545792571267 1.9268036838620901
leaf_count=67 9 14 96 10 31 43 4 6 52 246 7 1 118 31
internal_value=-0.00679272 -0.0160152 -0.0110432 0.00102729 0.00885221 0.000697092 0.0353061 0.00694514 -0.00223995 -0.00943873 -0.0133603 0.0164971 0.0220624 0.00600712
internal_weight=33.4277 14.981 13.3766 6.58412 5.53983 18.4467 1.443 1.09994 17.0037 12.2842 11.4895 4.71959 4.42128 2.88262
internal_count=735 218 204 108 98 517 53 49 464 262 253 202 201 83
is_linear=0
shrinkage=0.05


Tree=126
num_leaves=15
num_cat=0
split_feature=166 1 106 207 205 219 38 179 215 123 159 66 45 26
split_gain=0.957805 1.33303 1.03895 0.895343 0.861597 1.14445 1.35734 0.725371 0.601282 1.55147 0.494998 1.2832 0.856291 0.73768
threshold=1.0000000180025095e-35 1.0000000180025095e-35 1.0000000180025095e-35 1.0000000180025095e-35 1.0000000180025095e-35 1.0000000180025095e-35 1.0000000180025095e-35 1.0000000180025095e-35 1.5000000000000002 1.0000000180025095e-35 1.0000000180025095e-35 1.0000000180025095e-35 1.0000000180025095e-35 1.0000000180025095e-35
decision_type=2 2 2 2 2 2 2 2 2 2 2 2 2 2
left_child=2 4 8 7 5 -2 -7 -3 10 -10 12 -12 13 -1
right_child=1 3 -4 -5 -6 6 -8 -9 9 -11 11 -13 -14 -15
leaf_value=0.00069351497706230867 -0.039694048216352834 0.13186736764007889 0.067810628659554603 -0.021452455976679177 0.036603709440366568 0.10689221179618247 -0.011584649053879353 0.050214979377036575 0.052130314083884313 -0.061028197393202505 0.086493536184281739 -0.047320427375448615 -0.03130366316136686 -0.021737233964391693
leaf_weight=15.963119505206139 1.673820035532116 0.34633334004320171 0.49715306091820721 0.34078566054813553 1.2382169966585932 0.35208329418674111 0.77141732349991798 1.2672159664798528 1.229912923881783 0.40188470995053638 0.44838228868320484 0.29837567452341318 3.4671341355424365 4.7578802388161412
leaf_count=251 35 10 26 11 20 14 19 36 129 6 22 10 53 97
internal_value=0.00020124 0.0182931 -0.00380293 0.0521879 0.00187856 -0.0134923 0.0255437 0.0677409 -0.00514306 0.0242612 -0.00706735 0.0330266 -0.00830517 -0.00445695
internal_weight=33.0537 5.98987 27.0638 1.95433 4.03554 2.79732 1.1235 1.61355 26.5667 1.6318 24.9349 0.746758 24.1881 20.721
internal_count=739 145 594 57 88 68 33 46 568 135 433 32 401 348
is_linear=0
shrinkage=0.05


Tree=127
num_leaves=15
num_cat=0
split_feature=197 53 110 160 117 166 205 65 110 204 215 204 133 1
split_gain=1.47555 1.52443 1.04315 0.807722 1.00373 0.830924 1.01575 0.826333 1.34833 0.969923 1.56631 0.942245 1.58614 0.803082
threshold=1.0000000180025095e-35 1.0000000180025095e-35 1.0000000180025095e-35 1.0000000180025095e-35 1.0000000180025095e-35 1.0000000180025095e-35 1.0000000180025095e-35 1.0000000180025095e-35 1.0000000180025095e-35 3.5000000000000004 1.0000000180025095e-35 1.5000000000000002 1.0000000180025095e-35 1.0000000180025095e-35
decision_type=2 2 2 2 2 2 2 2 2 2 2 2 2 2
left_child=3 2 -2 5 7 -1 -7 9 11 -5 -11 -9 -13 -14
right_child=1 -3 -4 4 -6 6 -8 8 -10 10 -12 12 13 -15
leaf_value=-0.051447333520000374 0.012361396431372754 -0.039647284454409501 0.052729332672262021 -0.025503240857810097 -0.033326434026429382 -0.04408959469840143 0.038027575646273924 0.065602064472012805 0.073554816843323226 -0.0077855378435607372 0.049026448936381362 -0.043513705705405845 0.021388436723401096 -0.053457575254460182
leaf_weight=1.7638206575065878 3.9792178762145332 0.93303160800132889 2.6769351310795173 4.1927876891568356 2.2139030324760816 0.71631613187491894 0.79401394724845886 0.63221911527216335 0.86498687148559827 5.4271506853401661 1.5625095560681073 1.4916733186691997 4.485281137865968 0.38952003722079087
leaf_count=23 93 14 183 82 41 14 7 21 16 35 56 28 110 9
internal_value=0.000938843 0.0202063 0.0285964 -0.00502119 -0.00146092 -0.0281391 -0.000918781 0.0022431 0.0146625 -0.00649041 0.00491455 0.00738381 0.00160248 0.0154079
internal_weight=32.1234 7.58918 6.65615 24.5342 21.26 3.27415 1.51033 19.0461 7.86368 11.1824 6.98966 6.99869 6.36647 4.8748
internal_count=732 290 276 442 398 44 21 357 184 173 91 168 147 119
is_linear=0
shrinkage=0.05


Tree=128
num_leaves=15
num_cat=0
split_feature=108 24 198 204 163 213 94 204 166 117 209 216 168 216
split_gain=1.20035 1.2058 0.79391 0.941957 0.641897 0.687253 1.55128 1.03289 1.093 1.01601 1.2883 1.04816 1.0003 0.906979
threshold=1.0000000180025095e-35 1.0000000180025095e-35 1.0000000180025095e-35 3.5000000000000004 1.0000000180025095e-35 1.0000000180025095e-35 1.0000000180025095e-35 3.5000000000000004 1.0000000180025095e-35 1.0000000180025095e-35 1.5000000000000002 1.0000000180025095e-35 1.0000000180025095e-35 1.0000000180025095e-35
decision_type=2 2 2 2 2 2 2 2 2 2 2 2 2 2
left_child=1 2 4 -4 5 6 12 -7 9 10 -9 -12 -1 -10
right_child=-2 -3 3 -5 -6 7 -8 8 13 -11 11 -13 -14 -15
leaf_value=0.013914785225569496 0.055592051315536933 0.069016883774736582 -0.012811400274541999 0.071273392726323187 0.036049863648783355 -0.024251183037424379 0.098170559068553653 0.017304523572100588 0.038218337556493454 -0.040427329372903026 -0.052751882525712661 0.0034636092719560678 -0.051192786955475404 -0.042210737966992935
leaf_weight=3.3565858767833694 0.96324354771058907 0.60229930642526497 0.58588224556296953 0.77187924727331847 0.96352802193723519 7.4663918500300523 0.47260840260423709 9.5008992176735756 0.41055845376104061 1.1949580742511905 1.3479744660435256 2.1545225812587887 0.71573519892990578 2.3968746575992554
leaf_count=102 55 12 9 38 11 120 22 205 14 24 30 40 19 53
internal_value=0.000599471 -0.00105895 -0.00240576 0.0349903 -0.00409935 -0.00543252 0.0124231 -0.00874863 -0.00194223 0.00369436 0.00774896 -0.0181715 0.00247173 -0.0304488
internal_weight=32.9039 31.9407 31.3384 1.35776 29.9806 29.0171 4.54493 24.4722 17.0058 14.1984 13.0034 3.5025 4.07232 2.80743
internal_count=754 699 687 47 640 629 143 486 366 299 275 70 121 67
is_linear=0
shrinkage=0.05


Tree=129
num_leaves=15
num_cat=0
split_feature=219 163 220 214 139 133 65 197 1 204 117 141 213 213
split_gain=1.26969 1.10309 1.16088 0.958751 1.25894 1.42582 1.31967 1.12068 0.924461 2.27549 0.76786 0.763358 0.837271 0.839353
threshold=1.5000000000000002 1.0000000180025095e-35 1.0000000180025095e-35 1.5000000000000002 1.0000000180025095e-35 1.0000000180025095e-35 1.0000000180025095e-35 1.0000000180025095e-35 1.0000000180025095e-35 7.5000000000000009 1.0000000180025095e-35 1.0000000180025095e-35 1.5000000000000002 3.5000000000000004
decision_type=2 2 2 2 2 2 2 2 2 2 2 2 2 2
left_child=1 2 3 4 5 8 -7 -5 -1 -10 11 -4 -13 -14
right_child=-2 -3 10 7 -6 6 -8 -9 9 -11 -12 12 13 -15
leaf_value=-0.021656502206164215 0.057681186704378377 0.056855640536139895 0.024099828271757127 -0.063342117678296159 -0.047876704062555793 -0.0022290716615204305 0.050706154076183708 -0.010525027020892051 0.052939064153359333 -0.027970544058109705 -0.053167760353087082 0.052760089431530516 -0.029648315424733993 0.051458660567790721
leaf_weight=6.7885321751237004 0.91402219474548374 0.77350520750041951 6.1014330685720743 1.673927922733127 1.5427860580384738 2.5458463877439508 2.1903605870902538 2.5106828063726425 1.6378638632595539 1.8511243797838688 0.44817350804805833 0.50026339199394021 2.2060680376598616 0.37290284933987994
leaf_count=147 94 9 220 18 13 14 19 19 15 10 4 20 125 29
internal_value=-0.000403109 -0.00210781 -0.00360958 -0.0102702 -0.00486573 -0.000445989 0.022252 -0.0316529 -0.0109059 0.0100115 0.0107377 0.0138574 -0.0064377 -0.0179208
internal_weight=32.0575 31.1435 30.37 20.7411 16.5565 15.0137 4.73621 4.18461 10.2775 3.48899 9.62884 9.18067 3.07923 2.57897
internal_count=756 662 653 255 218 205 33 37 172 25 398 394 174 154
is_linear=0
shrinkage=0.05


Tree=130
num_leaves=15
num_cat=0
split_feature=53 109 132 117 219 0 1 196 214 209 23 203 9 206
split_gain=0.864287 0.82558 1.29951 0.717996 0.740615 1.79195 0.649952 0.575757 0.964726 0.871963 1.27425 1.27816 1.01499 0.808099
threshold=1.0000000180025095e-35 1.0000000180025095e-35 1.0000000180025095e-35 1.0000000180025095e-35 1.5000000000000002 1.0000000180025095e-35 1.0000000180025095e-35 1.0000000180025095e-35 1.0000000180025095e-35 1.0000000180025095e-35 1.0000000180025095e-35 1.0000000180025095e-35 1.0000000180025095e-35 1.0000000180025095e-35
decision_type=2 2 2 2 2 2 2 2 2 2 2 2 2 2
left_child=1 3 -3 7 -5 -6 -2 8 -1 13 11 12 -11 -9
right_child=6 2 -4 4 5 -7 -8 9 -10 10 -12 -13 -14 -15
leaf_value=0.0040257046474058613 -0.0027105480442200756 0.052716650367572608 -0.042067940340404959 -0.052635036632940273 0.060332581279117392 -0.073523438573581304 0.067260100142942508 0.090486717242559245 -0.016564926511051303 0.024132087654986378 0.064094464894905515 -0.053603459007914536 -0.048023667674145322 0.019512424219191381
leaf_weight=11.405006968416279 0.57129319291561731 1.4504762564320106 0.48170643288176496 1.494470473378896 0.58007907768478595 0.43943855911493301 0.79197534266859293 0.51066767168231253 11.349479806376619 2.0323129039024943 0.62046692811418314 1.3006524876691399 0.64111820538528252 1.8684170972555874
leaf_count=180 16 171 20 26 42 2 9 13 184 31 16 25 19 33
internal_value=-0.0011023 -0.00265969 0.0290862 -0.00456214 -0.0302201 0.00263716 0.0379381 -0.00239235 -0.00624449 0.0101769 -0.0025456 -0.01295 0.00682834 0.034747
internal_weight=35.5376 34.1743 1.93218 32.2421 2.51399 1.01952 1.36327 29.7281 22.7545 6.97364 4.59455 3.97408 2.67343 2.37908
internal_count=787 762 191 571 70 44 25 501 364 137 91 75 50 46
is_linear=0
shrinkage=0.05


Tree=131
num_leaves=15
num_cat=0
split_feature=207 94 213 96 44 6 205 205 186 166 131 168 213 110
split_gain=1.09962 2.37036 1.34552 1.16513 0.730893 0.820383 0.840548 0.871061 1.05353 0.914379 0.688878 0.665256 0.841527 1.22434
threshold=1.0000000180025095e-35 1.0000000180025095e-35 2.5000000000000004 1.0000000180025095e-35 1.0000000180025095e-35 1.0000000180025095e-35 3.5000000000000004 1.0000000180025095e-35 1.0000000180025095e-35 1.0000000180025095e-35 1.0000000180025095e-35 1.0000000180025095e-35 3.5000000000000004 1.0000000180025095e-35
decision_type=2 2 2 2 2 2 2 2 2 2 2 2 2 2
left_child=4 3 -3 -2 5 6 7 8 11 -9 -4 12 13 -1
right_child=1 2 10 -5 -6 -7 -8 9 -10 -11 -12 -13 -14 -15
leaf_value=-0.020978607835123245 0.057526884402459379 -0.034254317584099379 0.0046500957976616268 -0.020655896580784854 0.014011385458713011 -0.039409670715075416 -0.068223085527042468 -0.0043966075726965632 0.061425004983900237 0.042873240874809697 0.080816418618955013 -0.053461148439290354 -0.049586956113410047 0.026082611299620303
leaf_weight=5.7026918369811117 2.5306798899546252 3.0333431246690452 2.429498146171682 0.58708221826236684 2.2750432069879016 3.1397404423914841 0.63621813058853049 5.5712023669620967 0.39745974633842784 1.2531765154562888 0.33818663423880924 1.4101706305518753 1.5919089093804357 1.82409308233764
leaf_count=143 123 80 89 21 29 34 2 97 8 20 5 28 22 63
internal_value=-0.00732944 0.00764439 -0.0112526 0.0428049 -0.0129403 -0.0157887 -0.0117552 -0.0097313 -0.0184848 0.00428366 0.0139569 -0.0215013 -0.0165589 -0.00957347
internal_weight=32.7205 8.91879 5.80103 3.11776 23.8017 21.5267 18.3869 17.7507 10.9263 6.82438 2.76768 10.5289 9.11869 7.52678
internal_count=764 318 174 144 446 417 383 381 264 117 94 256 228 206
is_linear=0
shrinkage=0.05


Tree=132
num_leaves=15
num_cat=0
split_feature=131 53 110 205 220 20 22 146 153 61 206 204 204 45
split_gain=0.870838 0.781232 0.604533 0.518432 0.95661 1.00047 0.797561 0.759712 0.714207 0.627546 0.612634 0.734282 0.57513 0.977172
threshold=1.0000000180025095e-35 1.0000000180025095e-35 1.0000000180025095e-35 1.5000000000000002 1.0000000180025095e-35 1.0000000180025095e-35 1.0000000180025095e-35 1.0000000180025095e-35 1.0000000180025095e-35 1.0000000180025095e-35 1.5000000000000002 5.5000000000000009 4.5000000000000009 1.0000000180025095e-35
decision_type=2 2 2 2 2 2 2 2 2 2 2 2 2 2
left_child=1 3 -3 6 10 8 7 9 -6 -1 11 12 13 -5
right_child=-2 2 -4 4 5 -7 -8 -9 -10 -11 -12 -13 -14 -15
leaf_value=-0.0019990700112652959 0.043056540601777389 -0.0082151778923430681 0.065123356679671229 -0.038867639015660323 0.051783989716909021 -0.055722386808643769 0.051874998588051495 0.065478943544822338 -0.016567381851858284 -0.063997345384378498 -0.032999623953087191 0.021958187844405591 -0.047739938271027606 0.022991363955049547
leaf_weight=16.03291433514098 1.0327793415635813 0.46276825037784763 0.71535920316819102 1.2088741399347764 1.3078712219721631 0.39647968648932863 0.71875890670344134 0.40815467340871592 0.53996892552822817 0.41881851758807798 4.6612031161785126 1.4653144814074037 1.2348640710115435 1.3528936430811882
leaf_count=396 13 11 14 9 176 8 33 8 10 4 24 14 9 13
internal_value=-0.00210839 -0.00361677 0.036316 -0.00519835 -0.0131324 0.0163471 0.000293365 -0.00190563 0.0318106 -0.00357739 -0.0197997 -0.00810687 -0.0197105 -0.00619932
internal_weight=31.957 30.9242 1.17813 29.7461 12.1675 2.24432 17.5786 16.8599 1.84784 16.4517 9.92315 5.26195 3.79663 2.56177
internal_count=742 729 25 704 263 194 441 408 186 400 69 45 31 22
is_linear=0
shrinkage=0.05


Tree=133
num_leaves=15
num_cat=0
split_feature=131 215 214 65 94 176 13 203 139 202 207 96 203 205
split_gain=1.59655 0.571389 0.754076 0.684317 1.25543 0.812453 0.811002 0.836444 0.656165 0.625805 2.06679 0.713417 0.894119 0.586998
threshold=1.0000000180025095e-35 1.0000000180025095e-35 1.5000000000000002 1.0000000180025095e-35 1.0000000180025095e-35 1.0000000180025095e-35 1.0000000180025095e-35 1.0000000180025095e-35 1.0000000180025095e-35 1.0000000180025095e-35 1.0000000180025095e-35 1.0000000180025095e-35 1.0000000180025095e-35 1.0000000180025095e-35
decision_type=2 2 2 2 2 2 2 2 2 2 2 2 2 2
left_child=1 2 -1 5 6 8 7 -5 13 -6 -11 -12 -13 -3
right_child=-2 3 -4 4 9 -7 -8 -9 -10 10 11 12 -14 -15
leaf_value=-0.0075424640440607486 0.091754348633515503 0.011320854275192679 -0.054411439190619228 -0.013636749043046001 -0.042081954119853229 -0.043999878193521608 0.085162081491666944 0.058892416592454172 -0.0075746169770487988 0.059836126626312547 -0.048583628801237566 -0.041536037252207274 0.068628706575969561 0.041118368510395888
leaf_weight=12.706466919742528 0.45077606872655351 4.1799364309990779 0.92035213578492481 1.2925792448222631 2.1681338147027418 0.61457904055714685 0.42549186234828074 0.57405558810569335 2.3306276511866599 0.846777927828953 1.7056759644765409 0.39205212076194573 0.34737967094406486 2.7337293032323942
leaf_count=198 9 106 13 20 34 7 20 49 74 42 61 8 16 89
internal_value=-0.0016722 -0.00302039 -0.010708 0.00292801 -0.00818698 0.0116679 0.0228682 0.00866851 0.0153688 -0.021224 -0.00748631 -0.0308011 0.0102186 0.0231031
internal_weight=31.6886 31.2378 13.6268 17.611 7.75215 9.85887 2.29213 1.86663 9.24429 5.46002 3.29189 2.44511 0.739432 6.91367
internal_count=746 737 211 526 250 276 89 69 269 161 127 85 24 195
is_linear=0
shrinkage=0.05


Tree=134
num_leaves=15
num_cat=0
split_feature=3 207 57 53 209 98 23 213 102 170 204 203 199 37
split_gain=1.18031 1.95532 0.822053 0.676519 0.591491 1.0275 0.796681 0.777393 0.738295 0.732173 1.3403 0.712649 1.26625 0.61504
threshold=1.0000000180025095e-35 1.5000000000000002 1.0000000180025095e-35 1.0000000180025095e-35 1.5000000000000002 1.0000000180025095e-35 1.0000000180025095e-35 3.5000000000000004 1.0000000180025095e-35 1.0000000180025095e-35 2.5000000000000004 1.0000000180025095e-35 1.0000000180025095e-35 1.0000000180025095e-35
decision_type=2 2 2 2 2 2 2 2 2 2 2 2 2 2
left_child=2 -2 3 4 5 9 8 -7 -6 11 -11 13 -13 -1
right_child=1 -3 -4 -5 6 7 -8 -9 -10 10 -12 12 -14 -15
leaf_value=0.0059662632048076165 0.080289581165542245 -0.049398256310387412 -0.05914338586841078 -0.040517008333487731 -0.036726130773888359 0.066482798709275204 0.02133972587049815 -0.021536330917931015 0.028514740753335002 0.13689950129149728 -0.023892538230141147 -0.034656747082179709 0.043831598599626174 -0.027395559104726342
leaf_weight=16.126097462722129 1.0246318134595629 0.40573127800598729 0.63798489421605964 1.0840132556622837 3.118430048692971 1.0333570435177524 1.0763039077864958 0.33127804205287237 0.50368160835932929 0.26775058172643085 0.2511863533873111 3.0047739193541925 0.61987056373618532 1.5109144127927709
leaf_count=377 27 21 5 19 58 64 21 17 15 11 10 58 27 15
internal_value=-0.000856639 0.0435028 -0.00300272 -0.00176456 -0.000255845 0.00302757 -0.0164305 0.0451153 -0.0276539 0.000390617 0.0590697 -0.00104157 -0.021234 0.00310825
internal_weight=30.996 1.43036 29.5656 28.9277 27.8436 23.1452 4.69842 1.36464 3.62211 21.7806 0.518937 21.2617 3.62464 17.637
internal_count=745 48 697 692 673 579 94 81 73 498 21 477 85 392
is_linear=0
shrinkage=0.05


Tree=135
num_leaves=15
num_cat=0
split_feature=140 204 206 197 204 131 65 196 207 162 205 13 196 207
split_gain=0.945756 0.71158 1.35956 1.46936 1.10874 0.926094 1.18844 1.20016 1.05838 0.839747 0.81853 0.786116 1.16264 0.880557
threshold=1.0000000180025095e-35 2.5000000000000004 1.5000000000000002 1.0000000180025095e-35 7.5000000000000009 1.0000000180025095e-35 1.0000000180025095e-35 1.0000000180025095e-35 1.0000000180025095e-35 1.0000000180025095e-35 1.0000000180025095e-35 1.0000000180025095e-35 1.0000000180025095e-35 1.0000000180025095e-35
decision_type=2 2 2 2 2 2 2 2 2 2 2 2 2 2
left_child=1 5 3 4 11 6 9 8 -8 10 -1 13 -13 -3
right_child=-2 2 -4 -5 -6 -7 7 -9 -10 -11 -12 12 -14 -15
leaf_value=-0.04465190241425445 0.062241887154060295 0.0034696751234182923 -0.0098337301536300901 0.059131347295011454 0.077389983175851662 -0.087599432824448778 0.022414102061657327 0.091350123976198475 -0.059986900736368948 0.028654965318655808 0.020727405252905343 -0.060382497838909283 0.024328319931861162 0.054038949355727263
leaf_weight=3.3024144833907552 0.58114317996660148 6.5353596778586489 11.649153502541592 1.5852472286205745 0.53244539396837431 0.42253571958281089 1.4472066098824146 0.4419726114720105 0.53328679874539364 0.59461889788508404 0.55989930406212796 1.0425225365906952 0.6624178634956478 0.9914365920703857
leaf_count=81 42 73 247 80 9 6 39 12 4 15 10 10 40 77
internal_value=-0.000940019 -0.0021518 0.00216562 0.0144819 0.00723287 -0.0157502 -0.0113372 0.0168514 0.000226012 -0.0266585 -0.0351742 0.00318653 -0.0274699 0.0101307
internal_weight=30.8817 30.3005 22.9986 11.3494 9.76418 7.30193 6.8794 2.42247 1.98049 4.45693 3.86231 9.23174 1.70494 7.5268
internal_count=745 703 536 289 209 167 161 55 43 106 91 200 50 150
is_linear=0
shrinkage=0.05


Tree=136
num_leaves=15
num_cat=0
split_feature=202 208 98 163 102 216 157 44 126 98 204 219 49 13
split_gain=1.30912 1.94031 1.13313 1.05034 0.606219 1.14028 0.565523 0.731499 0.64192 0.442213 1.40116 0.807894 0.734451 0.470881
threshold=1.5000000000000002 1.0000000180025095e-35 1.0000000180025095e-35 1.0000000180025095e-35 1.0000000180025095e-35 1.0000000180025095e-35 1.0000000180025095e-35 1.0000000180025095e-35 1.0000000180025095e-35 1.0000000180025095e-35 4.5000000000000009 1.0000000180025095e-35 1.0000000180025095e-35 1.0000000180025095e-35
decision_type=2 2 2 2 2 2 2 2 2 2 2 2 2 2
left_child=3 2 -2 4 6 -6 8 -8 9 12 -11 -12 13 -1
right_child=1 -3 -4 -5 5 -7 7 -9 -10 10 11 -13 -14 -15
leaf_value=-0.0220003537021593 0.026804525465045165 0.10957528786590894 -0.046044411313313105 0.049131195850951631 -0.014665340312633014 0.069446512219199133 -0.0099724883989007907 0.032713522664342694 0.037748755663774419 0.050978927836789173 -0.06104367088722739 0.05054863658037291 0.029540710557394857 0.0023975500709638086
leaf_weight=17.132470074342589 2.1430387451546267 0.57173016190063197 0.71085733687505115 0.80591998819727351 0.96034049685113021 0.69421635614708066 2.6607781238853923 1.6115186101524157 0.59033793373964627 0.94514178344979771 0.71253980696201324 0.20998908462934196 0.8055661219987077 2.2357088547432786
leaf_count=378 49 11 16 9 22 31 26 27 12 52 4 48 25 60
internal_value=-0.00374842 0.0255018 0.00865909 -0.00716071 -0.00874926 0.0206262 -0.0105558 0.00612876 -0.0137054 -0.0150835 0.00819252 -0.0356427 -0.0172384 -0.0191841
internal_weight=32.7902 3.42563 2.8539 29.3645 28.5586 1.65456 26.9041 4.2723 22.6318 22.0414 1.86767 0.922529 20.1737 19.3682
internal_count=770 76 65 694 685 53 632 53 579 567 104 52 463 438
is_linear=0
shrinkage=0.05


Tree=137
num_leaves=15
num_cat=0
split_feature=131 60 1 9 110 74 204 168 215 117 204 117 209 219
split_gain=0.662426 0.524345 0.748429 1.82481 1.01312 0.633519 0.58069 1.12008 1.62087 0.787537 0.683883 1.17938 1.15463 1.03067
threshold=1.0000000180025095e-35 1.0000000180025095e-35 1.0000000180025095e-35 1.0000000180025095e-35 1.0000000180025095e-35 1.0000000180025095e-35 1.5000000000000002 1.0000000180025095e-35 1.0000000180025095e-35 1.0000000180025095e-35 3.5000000000000004 1.0000000180025095e-35 1.5000000000000002 1.0000000180025095e-35
decision_type=2 2 2 2 2 2 2 2 2 2 2 2 2 2
left_child=1 2 6 -4 -5 -6 7 8 9 -1 13 12 -12 -8
right_child=-2 -3 3 4 5 -7 10 -9 -10 -11 11 -13 -14 -15
leaf_value=-0.0069841928869711209 0.036328621645732063 -0.020722804326628302 0.096428113457407871 -0.033828612268365969 0.0052143892877568833 0.053554836601366444 -0.042113618491207316 -0.054572765023447406 0.1051494544772088 0.086111438286780376 0.017210609585423468 -0.043954299219491517 -0.027465466390263451 -0.0074306879082161039
leaf_weight=1.6438523652032122 0.95607274561189015 5.03281550342217 0.5877737031551068 1.34515982971061 2.8254241039976482 0.89165317476727057 3.4252363378182071 0.50467121507972468 0.52422452624887217 0.26359862741082896 5.9424588894471508 1.3688955455436369 1.9113834679010322 5.7178210359998047
leaf_count=70 11 59 28 26 63 31 47 16 10 11 186 29 81 98
internal_value=-0.00468211 -0.00590797 -0.00314158 0.0130368 0.00335431 0.0168103 -0.00743261 0.0132132 0.0272815 0.00588108 -0.0107335 -0.00112684 0.00633783 -0.0204239
internal_weight=32.941 31.985 26.9522 5.65001 5.06224 3.71708 21.3021 2.93635 2.43168 1.90745 18.3658 9.22274 7.85384 9.14306
internal_count=766 755 696 148 120 94 548 107 91 81 441 296 267 145
is_linear=0
shrinkage=0.05


Tree=138
num_leaves=15
num_cat=0
split_feature=102 216 203 165 73 117 214 214 203 94 45 213 213 213
split_gain=0.389016 1.21769 0.835294 0.48716 0.523006 0.508344 1.08937 0.609769 0.950535 0.552719 1.29699 0.875795 0.865973 1.26057
threshold=1.0000000180025095e-35 1.0000000180025095e-35 1.0000000180025095e-35 1.0000000180025095e-35 1.0000000180025095e-35 1.0000000180025095e-35 1.0000000180025095e-35 1.0000000180025095e-35 1.0000000180025095e-35 1.0000000180025095e-35 1.0000000180025095e-35 4.5000000000000009 3.5000000000000004 2.5000000000000004
decision_type=2 2 2 2 2 2 2 2 2 2 2 2 2 2
left_child=3 2 -2 4 5 7 -7 8 9 10 12 -11 13 -1
right_child=1 -3 -4 -5 -6 6 -8 -9 -10 11 -12 -13 -14 -15
leaf_value=-0.0085601837348779145 -0.047923743364720994 0.067835576813878265 0.044149366867775465 -0.055453354462964899 0.036016276116568539 -0.057579939301498961 0.038253389772397318 -0.011798960591236564 -0.038344909036029856 0.044704658537177352 0.049982148883901296 -0.010183306420154317 -0.063794109810412253 0.069805086398335325
leaf_weight=6.0675981538370376 0.71213179267942794 0.71714731189422298 0.37659200129564852 0.50243576616048713 0.72941513080149789 1.215120892971753 0.39227043447317544 16.045089984836522 1.2638410544022907 2.0372377494350067 1.1482776328921316 1.1297928094863894 0.61850958317518223 0.56057903170585621
leaf_count=120 12 42 23 7 19 22 36 425 12 21 11 6 5 7
internal_value=-0.00532539 0.0172473 -0.0160754 -0.00661089 -0.00582454 -0.00682589 -0.0341926 -0.00530224 0.00282514 0.00732543 0.000610798 0.0251242 -0.00721237 -0.00193243
internal_weight=33.516 1.80587 1.08872 31.7102 31.2077 30.4783 1.60739 28.8709 12.8258 11.562 8.39496 3.16703 7.24669 6.62818
internal_count=768 77 35 691 684 665 58 607 182 170 143 27 132 127
is_linear=0
shrinkage=0.05


Tree=139
num_leaves=15
num_cat=0
split_feature=215 13 30 45 204 205 213 74 49 96 218 219 38 164
split_gain=1.30076 0.95656 1.06112 0.766047 0.753362 0.727623 1.03111 0.672026 0.832003 0.800776 0.619009 0.507432 0.474355 1.1123
threshold=1.5000000000000002 1.0000000180025095e-35 1.0000000180025095e-35 1.0000000180025095e-35 6.5000000000000009 3.5000000000000004 4.5000000000000009 1.0000000180025095e-35 1.0000000180025095e-35 1.0000000180025095e-35 1.5000000000000002 1.0000000180025095e-35 1.0000000180025095e-35 1.0000000180025095e-35
decision_type=2 2 2 2 2 2 2 2 2 2 2 2 2 2
left_child=1 2 5 4 10 6 7 9 -9 12 -3 -6 -1 -14
right_child=-2 3 -4 -5 11 -7 -8 8 -10 -11 -12 -13 13 -15
leaf_value=-0.0030324613912761965 0.042735411494839254 -0.0084931520652847745 0.064230474000451981 -0.063860149210616668 -0.060149564282200377 -0.052044833766988811 0.053447068377744891 -0.046112833845002678 0.022908437016824448 -0.042152190195182716 0.063909000228434584 -0.013669680898619635 0.0034024409155854573 0.052089780835419569
leaf_weight=11.188317715073962 1.5861424743197847 0.83424647338688307 0.63278406392782827 0.96528798434883345 0.89250166900455985 0.68802532553672691 0.87242793058976431 1.6531528970226639 0.59331649332307268 1.0183056313544501 0.45688971842173487 1.7166107691591603 5.6874412294710046 1.4779257366899399
leaf_count=260 173 22 12 14 8 4 16 44 6 23 13 20 97 42
internal_value=-0.00134106 -0.00377894 0.000348947 -0.0239806 -0.0141107 -0.00139502 0.000154425 -0.00199624 -0.0278836 0.00100578 0.0171275 -0.0295691 0.00340029 0.0134447
internal_weight=30.2634 28.6772 23.8117 4.86554 3.90025 23.1789 22.4909 21.6185 2.24647 19.372 1.29114 2.60911 18.3537 7.16537
internal_count=754 581 504 77 63 492 488 472 50 422 35 28 399 139
is_linear=0
shrinkage=0.05


Tree=140
num_leaves=15
num_cat=0
split_feature=219 163 217 213 63 124 210 157 208 208 185 209 98 213
split_gain=1.14176 0.767533 0.517779 0.462745 0.407669 0.365341 0.42697 0.727242 1.40738 1.21532 0.96563 0.596067 0.52006 0.449362
threshold=1.5000000000000002 1.0000000180025095e-35 1.0000000180025095e-35 3.5000000000000004 1.0000000180025095e-35 1.0000000180025095e-35 1.5000000000000002 1.0000000180025095e-35 1.5000000000000002 1.0000000180025095e-35 1.0000000180025095e-35 1.5000000000000002 1.0000000180025095e-35 1.0000000180025095e-35
decision_type=2 2 2 2 2 2 2 2 2 2 2 2 2 2
left_child=1 2 4 -4 5 -1 11 8 9 10 -8 12 13 -7
right_child=-2 -3 3 -5 -6 6 7 -9 -10 -11 -12 -13 -14 -15
leaf_value=0.023872170080095539 0.057449478491942166 0.041471022390891871 -0.047912235783881263 0.0029370981636086752 -0.036474271580197608 0.0086836250761347916 0.048843257118102813 -0.011329222132666385 -0.07147874651005863 0.11699006245892495 -0.016891606467405739 -0.034736573528501763 0.036000081982022501 -0.010775591429382357
leaf_weight=1.178475909982821 0.75226620642933895 0.86918562941718747 1.3266761612612747 0.67508483317214985 0.9622526615858068 3.7098854754585906 1.3873896523728038 2.7237827444914728 0.34156897664070118 0.39746132900472719 0.93530426477082063 1.8800479222554702 0.73524728755000879 14.811392710311337
leaf_count=30 92 10 23 17 30 115 62 22 1 9 16 40 45 241
internal_value=-0.00343617 -0.00487046 -0.00616709 -0.0307635 -0.00447296 -0.00337713 -0.00456993 0.00746548 0.0241857 0.0361983 0.0223731 -0.00786427 -0.00524068 -0.00687783
internal_weight=32.686 31.9338 31.0646 2.00176 29.0628 28.1006 26.9221 5.78551 3.06172 2.72016 2.32269 21.1366 19.2565 18.5213
internal_count=753 661 651 40 611 581 551 110 88 87 78 441 401 356
is_linear=0
shrinkage=0.05


Tree=141
num_leaves=15
num_cat=0
split_feature=126 213 180 205 205 209 214 22 209 204 64 160 38 13
split_gain=0.922524 0.803565 0.516337 0.565979 0.811102 1.1892 1.42618 0.785728 0.738978 0.849539 0.683158 0.616507 0.703819 0.595301
threshold=1.0000000180025095e-35 4.5000000000000009 1.0000000180025095e-35 1.0000000180025095e-35 1.5000000000000002 1.0000000180025095e-35 1.5000000000000002 1.0000000180025095e-35 1.0000000180025095e-35 3.5000000000000004 1.0000000180025095e-35 1.0000000180025095e-35 1.0000000180025095e-35 1.0000000180025095e-35
decision_type=2 2 2 2 2 2 2 2 2 2 2 2 2 2
left_child=1 2 3 7 5 10 -7 13 -6 -10 11 -5 -13 -1
right_child=-2 -3 -4 4 8 6 -8 -9 9 -11 -12 12 -14 -15
leaf_value=-0.021416191755430761 0.067599790738460327 0.03613244901841655 0.046758401662030762 0.10438695900509698 -0.045374455653613852 -0.024294170968476143 0.061978797858535085 0.04694469208137815 -0.045474645730271976 -0.00063457546182240244 -0.011276436229111009 0.0032832306922790525 0.074318673922332809 0.025496466551437488
leaf_weight=11.575034187990243 0.43207735591567953 1.0958947113831516 0.43348397128283878 0.46243414003402006 1.2827310655266035 2.4010883653536443 0.59842133137863118 0.47376173594966609 1.1796846941579122 10.100068858766461 0.5041084112599491 0.71812381804920999 0.67783448856789619 0.71819154918193895
leaf_count=263 8 27 11 6 25 30 45 20 23 215 16 16 18 23
internal_value=-0.00497495 -0.00594816 -0.0074298 -0.00819515 -0.00246479 0.0138154 -0.00708216 -0.0162404 -0.0094136 -0.00532414 0.0403475 0.0543511 0.0377759 -0.0186755
internal_weight=32.6529 32.2209 31.125 30.6915 17.9245 5.36201 2.99951 12.767 12.5625 11.2798 2.3625 1.85839 1.39596 12.2932
internal_count=746 738 711 700 394 131 75 306 263 238 56 40 34 286
is_linear=0
shrinkage=0.05


Tree=142
num_leaves=15
num_cat=0
split_feature=94 210 197 213 1 185 9 206 168 24 157 210 185 196
split_gain=0.815194 1.69235 1.08698 0.918576 1.56611 0.64378 0.999272 0.630094 0.590267 0.515184 0.612106 1.80897 0.453999 0.448942
threshold=1.0000000180025095e-35 1.5000000000000002 1.0000000180025095e-35 1.0000000180025095e-35 1.0000000180025095e-35 1.0000000180025095e-35 1.0000000180025095e-35 1.0000000180025095e-35 1.0000000180025095e-35 1.0000000180025095e-35 1.0000000180025095e-35 1.5000000000000002 1.0000000180025095e-35 1.0000000180025095e-35
decision_type=2 2 2 2 2 2 2 2 2 2 2 2 2 2
left_child=1 2 5 4 -2 6 8 -5 13 10 -9 -12 -4 -1
right_child=3 -3 12 7 -6 -7 -8 9 -10 -11 11 -13 -14 -15
leaf_value=-0.0043618456883230709 -0.021130485781396813 0.060204737146799261 0.07388573275320863 -0.041466541561475334 0.12245327436507561 0.024018495196138759 -0.042595243814972664 -0.013296106352273433 -0.048814747945434597 -0.05506184970332665 0.048730204511152786 -0.025800474524496915 0.017186094081078376 0.023982946448706521
leaf_weight=6.750638533383599 0.42457249853760259 1.2956314493785601 0.62171388114802606 1.7211495527299145 0.34360738028772175 1.7469249879941351 1.8111486262641854 10.759655339701562 0.62565686367452222 0.59470690088346678 1.6274211029522132 1.6291584043065084 0.81698216288350523 1.761473096674308
leaf_count=125 10 46 38 36 15 27 18 272 17 6 17 24 24 73
internal_value=-0.00282046 0.00551197 0.000498601 -0.0103391 0.0430946 -0.004169 -0.00866638 -0.0128524 -0.00194153 -0.00948164 -0.00754768 0.011445 0.0416881 0.00150375
internal_weight=32.5304 15.4302 14.1345 17.1003 0.76818 12.6958 10.9489 16.3321 9.13777 14.6109 14.0162 3.25658 1.4387 8.51211
internal_count=748 368 322 380 25 260 233 355 215 319 313 41 62 198
is_linear=0
shrinkage=0.05


Tree=143
num_leaves=15
num_cat=0
split_feature=213 1 219 166 204 160 215 124 164 163 206 215 123 22
split_gain=0.690193 1.59529 0.719793 1.11 1.04766 0.882122 0.793878 0.574435 0.866518 0.450888 0.50314 0.829179 1.3024 0.585167
threshold=1.0000000180025095e-35 1.0000000180025095e-35 1.0000000180025095e-35 1.0000000180025095e-35 1.5000000000000002 1.0000000180025095e-35 1.0000000180025095e-35 1.0000000180025095e-35 1.0000000180025095e-35 1.0000000180025095e-35 1.0000000180025095e-35 1.0000000180025095e-35 1.0000000180025095e-35 1.0000000180025095e-35
decision_type=2 2 2 2 2 2 2 2 2 2 2 2 2 2
left_child=1 2 4 6 5 -1 -4 -7 -9 10 11 -2 -13 -12
right_child=9 -3 3 -5 -6 7 -8 8 -10 -11 13 12 -14 -15
leaf_value=-0.050686545274578144 -0.046601801423866829 0.12232078749006095 -0.051382298962330375 0.092679950095059721 -0.052852728704258514 0.10889844521893124 0.053807464555444787 -0.050593185629007421 0.05322807186128406 0.034561987591322001 -0.0071305374502390597 0.035997185468011811 -0.065647031501977579 0.020329430262640547
leaf_weight=0.37724894378334339 1.9437492042779987 0.32407528872136016 0.38876693043857791 0.52544123819097877 0.88010883517563332 0.22590543981641587 0.33301479835063219 0.29582470096647639 0.62683125585317612 0.66061421134509046 21.843910302035514 0.98251181363593765 0.46397458016872406 2.1291848060791372
leaf_count=18 19 14 12 14 22 11 11 17 22 7 447 61 2 77
internal_value=-0.0034896 0.016002 0.00657031 0.0373957 -0.00940952 0.0156491 -0.00284997 0.0374373 0.0199406 -0.00625589 -0.00724133 -0.0252705 0.00339381 -0.00469166
internal_weight=32.0012 3.97722 3.65314 1.24722 2.40592 1.52581 0.721782 1.14856 0.922656 28.0239 27.3633 3.39024 1.44649 23.9731
internal_count=754 141 127 37 90 68 23 50 39 613 606 82 63 524
is_linear=0
shrinkage=0.05


Tree=144
num_leaves=15
num_cat=0
split_feature=204 195 163 108 219 204 117 204 26 196 1 202 53 117
split_gain=2.01333 1.03312 0.88628 0.892233 0.76331 0.701633 0.928737 0.907655 0.915343 0.900639 0.849081 0.861281 0.900366 0.769859
threshold=8.5000000000000018 1.0000000180025095e-35 1.0000000180025095e-35 1.0000000180025095e-35 1.5000000000000002 1.5000000000000002 1.0000000180025095e-35 7.5000000000000009 1.0000000180025095e-35 1.0000000180025095e-35 1.0000000180025095e-35 1.0000000180025095e-35 1.0000000180025095e-35 1.0000000180025095e-35
decision_type=2 2 2 2 2 2 2 2 2 2 2 2 2 2
left_child=1 2 3 4 5 9 7 10 -9 13 -7 -12 -13 -1
right_child=-2 -3 -4 -5 -6 6 -8 8 -10 -11 11 12 -14 -15
leaf_value=0.0021895397601878991 0.075575301420342078 -0.077936957490652062 0.05633033334332193 0.055731122293619012 0.058781308015201442 -0.012268660907143005 -0.052924313696412456 0.06437774230051628 -0.0024601904941579291 0.11399428525241412 0.068796421600577709 -0.0036206127794428502 0.067188262150111089 0.096128099114680621
leaf_weight=1.9528570557013365 0.91235127206891675 0.4176147454418232 0.71281677787192066 0.69673066603718226 0.51386220491258328 15.693068219989081 0.98341938853263755 0.95032001310028058 1.111219241283834 0.24367473274469365 0.57214725273661216 4.2488456891151145 0.50197441445197899 0.24552514031529415
leaf_count=86 24 9 7 40 62 350 14 13 8 5 21 103 8 10
internal_value=0.00244714 0.000134061 0.00128101 -0.000134905 -0.00157562 -0.00274586 -0.00533764 -0.0033098 0.0283505 0.0227903 -0.00641548 0.0108408 0.00386109 0.012681
internal_weight=29.7564 28.8441 28.4265 27.7136 27.0169 26.5031 24.061 23.0776 2.06154 2.44206 21.016 5.32297 4.75082 2.19838
internal_count=760 736 727 720 680 618 517 503 21 101 482 132 111 96
is_linear=0
shrinkage=0.05


Tree=145
num_leaves=15
num_cat=0
split_feature=163 206 202 196 131 104 61 117 141 196 176 207 213 199
split_gain=0.924732 0.743394 0.75524 0.495218 0.427712 0.488394 0.564514 0.476964 0.745993 1.18941 1.38073 0.970567 0.740749 0.725784
threshold=1.0000000180025095e-35 2.5000000000000004 1.5000000000000002 1.0000000180025095e-35 1.0000000180025095e-35 1.0000000180025095e-35 1.0000000180025095e-35 1.0000000180025095e-35 1.0000000180025095e-35 1.0000000180025095e-35 1.0000000180025095e-35 1.0000000180025095e-35 1.5000000000000002 1.0000000180025095e-35
decision_type=2 2 2 2 2 2 2 2 2 2 2 2 2 2
left_child=1 4 3 -3 5 7 -7 8 9 11 -11 -1 -13 -10
right_child=-2 2 -4 -5 -6 6 -8 -9 13 10 -12 12 -14 -15
leaf_value=-0.010041842067709337 0.052897858359792826 -0.027009090016203482 0.075842752090168192 0.036664028317275846 0.026868638342990844 -0.052045957493054198 0.024525462300987205 -0.029366675299710956 -0.03567716982380377 0.032115057550695762 -0.057005509680310498 -0.023594644360365614 0.060381864290777021 0.0081408469669674993
leaf_weight=14.291672501014569 0.72534780751448025 0.60168576799332985 0.550470577640226 0.62006342754466459 0.9489967196714123 1.1271221984643478 0.30606429919134814 1.9754682922502969 3.1024044334772034 4.0955752892186856 0.48619481921195973 0.37213860731571802 0.89214338548481464 1.3589815585874019
leaf_count=261 9 15 20 24 11 30 16 60 103 127 4 13 21 32
internal_value=-0.00290271 -0.00421986 0.0272157 0.00530636 -0.00614379 -0.00726236 -0.0356937 -0.00572904 -0.00383078 0.000267554 0.022658 -0.00632722 0.0356636 -0.0223298
internal_weight=31.4543 30.729 1.77222 1.22175 28.9568 28.0078 1.43319 26.5746 24.5991 20.1377 4.58177 15.556 1.26428 4.46139
internal_count=746 737 59 39 678 667 46 621 561 426 131 295 34 135
is_linear=0
shrinkage=0.05


Tree=146
num_leaves=15
num_cat=0
split_feature=201 1 110 54 94 208 214 166 196 96 98 26 220 130
split_gain=1.34362 1.14331 1.64081 1.02085 0.820675 2.08822 1.09643 0.649264 0.60481 0.689427 0.961534 0.591411 0.996194 0.557656
threshold=1.0000000180025095e-35 1.0000000180025095e-35 1.0000000180025095e-35 1.0000000180025095e-35 1.0000000180025095e-35 1.0000000180025095e-35 1.0000000180025095e-35 1.0000000180025095e-35 1.0000000180025095e-35 1.0000000180025095e-35 1.0000000180025095e-35 1.0000000180025095e-35 1.0000000180025095e-35 1.0000000180025095e-35
decision_type=2 2 2 2 2 2 2 2 2 2 2 2 2 2
left_child=1 4 3 -3 13 6 -6 8 -8 10 -10 -2 -13 -1
right_child=11 2 -4 -5 5 -7 7 -9 9 -11 -12 12 -14 -15
leaf_value=0.0028788290491337746 -0.015340868829275373 0.063801466846889768 0.055053488478161862 -0.028362909136388056 -0.05827442798131937 0.096814612440876746 -0.029426033534897391 0.042642067601298579 -0.040324196679182585 0.045409072233746101 0.054964103056410356 -0.10484196919319166 -0.01495331924472598 0.040112402074132053
leaf_weight=12.148571980564164 3.8779612313956013 0.38195609592366842 2.3143057991983369 1.4080582305323333 1.5273291962221254 0.39949079835787404 3.2339066863059998 0.51989433006383468 1.0148659654660153 0.70333036460215215 0.35818067542277265 0.55488010589033343 0.6934123057872057 1.0963834535796202
leaf_count=307 42 15 99 30 20 11 55 23 23 33 43 3 24 32
internal_value=-0.00164914 0.00311385 0.0272502 -0.00869673 -0.001603 -0.0145183 -0.0205633 -0.0106842 -0.015905 0.00515369 -0.0154668 -0.0249763 -0.0549098 0.00596093
internal_weight=30.2325 25.1063 4.10432 1.79001 21.002 7.757 7.35751 5.83018 5.31028 2.07638 1.37305 5.12625 1.24829 13.245
internal_count=760 691 144 45 547 208 197 177 154 99 66 69 27 339
is_linear=0
shrinkage=0.05


Tree=147
num_leaves=15
num_cat=0
split_feature=146 204 214 44 204 204 157 215 163 126 64 207 204 216
split_gain=0.703321 0.904001 1.21233 0.639707 1.39659 0.663841 0.546118 0.477542 0.35454 0.335855 0.359947 0.661162 0.626239 0.695357
threshold=1.0000000180025095e-35 5.5000000000000009 1.0000000180025095e-35 1.0000000180025095e-35 4.5000000000000009 3.5000000000000004 1.0000000180025095e-35 1.0000000180025095e-35 1.0000000180025095e-35 1.0000000180025095e-35 1.0000000180025095e-35 1.5000000000000002 6.5000000000000009 1.0000000180025095e-35
decision_type=2 2 2 2 2 2 2 2 2 2 2 2 2 2
left_child=8 3 -3 4 5 -2 -5 -7 9 10 11 12 13 -1
right_child=1 2 -4 6 -6 7 -8 -9 -10 -11 -12 -13 -14 -15
leaf_value=0.0003015996494696347 0.021399973522353843 0.15389701768748679 0.0040500123613013243 -0.04688222434086764 -0.020800661945890815 0.14206091172982863 0.0071679140787645826 0.056482451896784129 0.024470665246869274 0.029365830716994307 0.0014452131588032157 0.051625178660937049 -0.043300616760712833 -0.021399899856113718
leaf_weight=7.7102014962583976 0.5490701480302953 0.26080020517110813 0.27977891336195171 0.73492277861805644 0.88323835562914599 0.30229294300079346 1.2835581521503627 0.35380332753993571 0.94654461601748963 0.62900593597441812 7.5244727723766109 0.40207213081885029 1.569924373179673 7.0813501221127808
leaf_count=182 13 2 26 25 24 2 18 26 9 12 153 48 23 186
internal_value=-0.00234693 0.0155614 0.0763431 0.00756083 0.0269612 0.0619647 -0.0125116 0.0959123 -0.0055649 -0.00670588 -0.00764006 -0.0117181 -0.0132747 -0.0100878
internal_weight=30.511 4.64746 0.540579 4.10689 2.0884 1.20517 2.01848 0.656096 25.8636 24.917 24.288 16.7635 16.3615 14.7916
internal_count=749 136 28 108 65 41 43 28 613 604 592 439 391 368
is_linear=0
shrinkage=0.05


Tree=148
num_leaves=15
num_cat=0
split_feature=214 175 219 45 210 213 219 124 141 15 164 179 102 1
split_gain=0.826037 0.847866 0.886922 0.474527 0.715818 0.709919 0.59439 0.521838 0.50724 0.505066 0.621141 0.381852 0.683947 0.817808
threshold=2.5000000000000004 1.0000000180025095e-35 1.0000000180025095e-35 1.0000000180025095e-35 1.5000000000000002 2.5000000000000004 1.0000000180025095e-35 1.0000000180025095e-35 1.0000000180025095e-35 1.0000000180025095e-35 1.0000000180025095e-35 1.0000000180025095e-35 1.0000000180025095e-35 1.0000000180025095e-35
decision_type=2 2 2 2 2 2 2 2 2 2 2 2 2 2
left_child=3 2 -2 7 6 -6 -5 -1 9 11 -11 12 13 -9
right_child=1 -3 -4 4 5 -7 -8 8 -10 10 -12 -13 -14 -15
leaf_value=0.027403864449074458 -0.034516739113881888 0.13765248713458722 0.051780231667214051 -0.054551311779872186 0.067609524899848811 -0.01962206221228107 -0.0016573797243135194 -0.0044782492800003069 -0.026546700091114019 -0.020392043733682631 0.071674339456219427 -0.016157103555449286 -0.041175607757407973 0.02541638123354131
leaf_weight=1.1929870045278317 0.49213344976305851 0.16704633831977833 0.7537568966508843 1.7699277568608516 0.35832919937092833 0.66812873852904886 0.75884806818794448 10.791612401371827 2.7835854424629352 0.29973446344956656 0.47121007100213319 5.8403183887712649 0.99000203155446875 2.9031819376396024
leaf_count=29 6 1 88 18 17 12 45 197 101 16 17 126 22 39
internal_value=-0.00545167 0.0318749 0.0176925 -0.00728115 -0.0243847 0.0108299 -0.0386786 -0.00487511 -0.00647432 -0.00385068 0.03588 -0.005343 -0.0010421 0.00185916
internal_weight=30.2408 1.41294 1.24589 28.8279 3.55523 1.02646 2.52878 25.2726 24.0796 21.2961 0.770945 20.5251 14.6848 13.6948
internal_count=734 95 94 639 92 29 63 547 518 417 33 384 258 236
is_linear=0
shrinkage=0.05


Tree=149
num_leaves=15
num_cat=0
split_feature=203 133 117 204 45 202 108 204 204 199 176 1 206 208
split_gain=0.823859 1.3131 1.22434 1.85336 1.43741 0.836961 0.787282 0.631312 1.20606 0.709747 0.603191 0.669583 1.63168 0.937615
threshold=1.0000000180025095e-35 1.0000000180025095e-35 1.0000000180025095e-35 3.5000000000000004 1.0000000180025095e-35 1.5000000000000002 1.0000000180025095e-35 6.5000000000000009 4.5000000000000009 1.0000000180025095e-35 1.0000000180025095e-35 1.0000000180025095e-35 1.5000000000000002 1.0000000180025095e-35
decision_type=2 2 2 2 2 2 2 2 2 2 2 2 2 2
left_child=1 6 3 4 -3 7 10 8 9 -2 11 -1 -13 -14
right_child=5 2 -4 -5 -6 -7 -8 -9 -10 -11 -12 12 13 -15
leaf_value=-0.0045809739292852767 -0.034173942528690764 0.042146755876877745 -0.035810506389795584 0.054730071675786307 -0.041907465253647719 0.032378637873203768 0.057475717175187069 -0.049164038919803615 0.036686246724916896 0.037114056698843621 -0.053335881811143265 0.08565609227144147 0.022435255314330813 -0.022604853693992438
leaf_weight=9.749972165445806 2.5372036599437702 0.94764518551528376 0.64844960020855058 4.3549028283450752 1.0979175136890262 1.0299160744179969 0.65933487279107694 1.177352513594087 1.1157777867629191 0.40486267569940526 0.4823916535824545 0.75047797232400704 3.3014131871750578 1.7776684290729461
leaf_count=256 84 15 16 77 8 47 26 22 86 19 5 18 82 11
internal_value=0.00730605 0.0115574 0.0296573 0.0362901 -0.00296777 -0.00882388 0.00392732 -0.0169296 -0.00757704 -0.0243639 0.00172918 0.00343417 0.0168395 0.00667131
internal_weight=30.0353 23.7702 7.04892 6.40047 2.04556 6.26511 16.7213 5.2352 4.05784 2.94207 16.0619 15.5795 5.82956 5.07908
internal_count=772 514 116 100 23 258 398 211 189 103 372 367 111 93
is_linear=0
shrinkage=0.05


Tree=150
num_leaves=15
num_cat=0
split_feature=219 166 160 206 215 208 208 21 207 206 197 117 202 146
split_gain=1.51148 2.10427 1.40612 2.19671 1.34587 0.797559 0.834638 2.23092 0.836861 0.873603 0.939929 0.685896 0.609778 0.572893
threshold=1.0000000180025095e-35 1.0000000180025095e-35 1.0000000180025095e-35 1.0000000180025095e-35 1.0000000180025095e-35 1.5000000000000002 1.0000000180025095e-35 1.0000000180025095e-35 1.0000000180025095e-35 1.0000000180025095e-35 1.0000000180025095e-35 1.0000000180025095e-35 1.5000000000000002 1.0000000180025095e-35
decision_type=2 2 2 2 2 2 2 2 2 2 2 2 2 2
left_child=13 5 3 -3 -4 6 8 -8 12 10 -10 -11 -2 -1
right_child=1 2 4 -5 -6 -7 7 -9 9 11 -12 -13 -14 -15
leaf_value=-0.022415482617165774 -0.015760558106122275 0.29214153564953821 -0.020030548788097263 0.042726820227734531 0.057373946533619005 -0.074076307686854179 0.083558438272897495 -0.024106294537992234 0.052237808940510201 0.054577262365076075 -0.058729620298735796 -0.011500095514201015 0.024688095194631329 -9.4946936616631131e-05
leaf_weight=8.5102562448009866 7.8247702411608753 0.14131372561678324 0.82050548307597582 0.23523941216990352 1.7795856811571864 0.35649594664573747 1.0080759747070267 0.92048931278986845 0.2842208511428902 1.5300114537531047 0.58075085841119289 0.52834718851954665 1.0577086653793228 4.3412587083876124
leaf_count=171 150 6 12 22 65 1 24 11 44 182 4 21 10 30
internal_value=-0.00192449 0.00782743 0.0460254 0.136328 0.0329476 -0.000241758 0.00167473 0.0321709 -0.00330705 0.0198977 -0.0222669 0.0376163 -0.010944 -0.0148756
internal_weight=29.919 17.0675 2.97664 0.376553 2.60009 14.0909 13.7344 1.92857 11.8058 2.92333 0.864972 2.05836 8.88248 12.8515
internal_count=753 552 105 28 77 447 446 35 411 251 48 203 160 201
is_linear=0
shrinkage=0.05


Tree=151
num_leaves=15
num_cat=0
split_feature=108 204 215 219 117 117 166 124 213 209 204 185 38 204
split_gain=1.88376 0.940043 1.37529 0.899521 0.819318 0.712338 0.656159 0.611718 0.609749 0.545066 2.14517 1.37075 0.560459 1.04552
threshold=1.0000000180025095e-35 1.5000000000000002 1.0000000180025095e-35 1.5000000000000002 1.0000000180025095e-35 1.0000000180025095e-35 1.0000000180025095e-35 1.0000000180025095e-35 4.5000000000000009 1.5000000000000002 7.5000000000000009 1.0000000180025095e-35 1.0000000180025095e-35 5.5000000000000009
decision_type=2 2 2 2 2 2 2 2 2 2 2 2 2 2
left_child=1 2 4 5 6 8 7 -1 9 10 -3 12 13 -11
right_child=-2 3 -4 -5 -6 -7 -8 -9 -10 11 -12 -13 -14 -15
leaf_value=0.082591055421585555 0.068955186470576912 -0.0034077599973755045 0.10489091657099972 0.058225098108098353 0.092346601101025091 -0.051601161614209426 -0.051172830642184503 -0.0046448672670681103 -0.048221644540732127 -0.045894372057841887 0.083134911234895692 0.035638219591229037 -0.053259170339641504 0.036856958108089984
leaf_weight=0.270203396677971 0.95159536178107273 18.633556766144483 0.4651643969118594 0.54565635969629411 0.25144114159047593 0.85206570848822494 0.51435384340584267 0.78412895742804445 0.79299867362715204 0.94715625816024751 0.74466193770058353 0.88467851397581387 1.8093364423257299 0.63935667544137686
leaf_count=12 53 411 8 72 9 15 22 42 15 25 12 14 23 23
internal_value=-0.000233288 -0.00257343 0.0281647 -0.00529092 0.008556 -0.00666059 -0.00487461 0.0177119 -0.00509456 -0.00364901 -8.21172e-05 -0.0197966 -0.0342383 -0.012546
internal_weight=29.0864 28.1348 2.28529 25.8495 1.82013 25.3038 1.56869 1.05433 24.4517 23.6587 19.3782 4.28053 3.39585 1.58651
internal_count=756 703 93 610 85 538 76 54 523 508 423 85 71 48
is_linear=0
shrinkage=0.05


Tree=152
num_leaves=15
num_cat=0
split_feature=131 110 216 54 179 205 130 206 205 206 13 204 54 204
split_gain=1.4092 0.790105 1.07205 1.08353 1.26603 1.58579 0.787435 0.731732 0.573143 0.718484 0.446647 0.370025 0.339517 0.6206
threshold=1.0000000180025095e-35 1.0000000180025095e-35 1.0000000180025095e-35 1.0000000180025095e-35 1.0000000180025095e-35 3.5000000000000004 1.0000000180025095e-35 1.0000000180025095e-35 1.0000000180025095e-35 1.5000000000000002 1.0000000180025095e-35 3.5000000000000004 1.0000000180025095e-35 4.5000000000000009
decision_type=2 2 2 2 2 2 2 2 2 2 2 2 2 2
left_child=1 12 7 -4 10 6 11 -3 9 -9 -5 -6 -1 -14
right_child=-2 2 3 4 5 -7 -8 8 -10 -11 -12 -13 13 -15
leaf_value=-0.0040601791529564987 0.083634989841025908 -0.032795748595231128 -0.023024028103523567 -0.022839526362822844 -0.0053448390373006527 -0.06398807296905111 0.12849581702116145 -0.015273372981307778 0.080091788487824639 0.080268408691108503 0.020268620498662501 0.056593348525236314 -0.050832016676536473 -0.0054084807160851281
leaf_weight=16.409443040931375 0.49748201831243832 0.28001533192582284 2.7935816306853667 1.695170187391341 0.29534170217812095 0.29756049951538432 0.34472216467838723 0.48766369000077225 0.97133148205466568 0.3298864453099668 0.9308209546143188 1.3137086521601302 1.172762670204974 2.0956208559218794
leaf_count=414 12 7 59 29 6 2 3 8 39 18 9 84 16 61
internal_value=0.000184886 -0.00122634 0.0104209 0.00180601 0.0160279 0.0435403 0.0599169 0.0423625 0.054127 0.0232783 -0.00755921 0.0452246 -0.00699129 -0.0217074
internal_weight=29.9151 29.4176 9.7398 7.67091 4.87732 2.25133 1.95377 2.0689 1.78888 0.81755 2.62599 1.60905 19.6778 3.26838
internal_count=767 755 264 192 133 95 93 72 65 26 38 90 491 77
is_linear=0
shrinkage=0.05


Tree=153
num_leaves=15
num_cat=0
split_feature=134 26 208 131 94 213 210 13 130 185 197 159 38 209
split_gain=1.33996 0.806842 0.749124 2.2772 0.554496 1.37632 1.10767 0.959989 0.793453 0.858804 1.39999 0.61171 0.610976 0.609909
threshold=1.0000000180025095e-35 1.0000000180025095e-35 1.5000000000000002 1.0000000180025095e-35 1.0000000180025095e-35 1.0000000180025095e-35 1.5000000000000002 1.0000000180025095e-35 1.0000000180025095e-35 1.0000000180025095e-35 1.0000000180025095e-35 1.0000000180025095e-35 1.0000000180025095e-35 1.0000000180025095e-35
decision_type=2 2 2 2 2 2 2 2 2 2 2 2 2 2
left_child=2 -2 3 4 6 12 7 8 9 10 11 -1 -6 -7
right_child=1 -3 -4 -5 5 13 -8 -9 -10 -11 -12 -13 -14 -15
leaf_value=-0.022979010742404316 -0.020078497695589011 -0.069382619710768242 -0.074224857368350244 0.094559491483329261 0.0084060435231210536 0.004990012765202184 0.062118921039096914 0.064333533961616507 0.03858161347470758 0.017237724095741369 0.077823129020863135 0.035479807642166024 0.12178889947468126 -0.022433159909917632
leaf_weight=7.5453542619943654 3.6303057337645432 1.0756367332069201 0.35726121068000694 0.60458759672474016 0.21536994469352144 2.7081698286347082 0.75273737969109866 0.54965816822368729 1.0384572781622416 2.7322592395357779 0.38726121792569834 0.47570486925542343 0.26501946034841239 8.0674070075037871
leaf_count=186 34 24 1 10 7 74 42 31 21 47 11 16 15 241
internal_value=-0.00681895 -0.0313479 -0.0023273 -0.00131372 -0.00365688 -0.0118494 0.00318327 -0.000302014 -0.00321911 -0.00711552 -0.015029 -0.019512 0.0709567 -0.015541
internal_weight=30.4052 4.70594 25.6992 25.342 24.7374 11.256 13.4814 12.7287 12.179 11.1406 8.40832 8.02106 0.480389 10.7756
internal_count=760 58 702 701 691 337 354 312 281 260 213 202 22 315
is_linear=0
shrinkage=0.05


Tree=154
num_leaves=15
num_cat=0
split_feature=108 13 208 163 170 213 215 207 126 219 146 205 98 65
split_gain=1.78636 1.1829 1.50521 1.03217 0.888032 0.631262 1.07946 0.785852 0.554005 0.795592 0.667483 0.975895 1.37945 0.870397
threshold=1.0000000180025095e-35 1.0000000180025095e-35 1.0000000180025095e-35 1.0000000180025095e-35 1.0000000180025095e-35 3.5000000000000004 1.0000000180025095e-35 1.0000000180025095e-35 1.0000000180025095e-35 1.5000000000000002 1.0000000180025095e-35 2.5000000000000004 1.0000000180025095e-35 1.0000000180025095e-35
decision_type=2 2 2 2 2 2 2 2 2 2 2 2 2 2
left_child=1 3 4 8 5 6 -3 -8 9 10 -1 12 -12 -13
right_child=-2 2 -4 -5 -6 -7 7 -9 -10 -11 11 13 -14 -15
leaf_value=-0.018126675129532813 0.065742199744596316 -0.054331740071483073 0.09318326530296947 0.049498889407615723 -0.052172375778436364 0.056308991386328423 0.080240914896148818 0.006740276584921121 0.038295202705176272 0.059168342665789943 -0.037483473459549908 -0.0032991118799307164 0.061911695911841196 0.056857096593878491
leaf_weight=16.60306553123521 0.94286355699296009 0.59210534393787373 0.58995383500587184 0.73195723572280158 0.53675987012684334 0.78878735841135483 0.45488703431328792 1.8133878828957675 0.55928304744884272 0.38463944604154576 1.9489160266239189 1.2566044531995431 0.42523568181786675 1.1530741956667043
leaf_count=381 61 9 7 9 7 35 15 54 11 44 31 21 32 30
internal_value=-0.00194349 -0.00423593 0.0184131 -0.00892613 0.00787519 0.0167076 0.00578705 0.0214803 -0.0108412 -0.0121034 -0.0133852 0.0030707 -0.0196807 0.0254867
internal_weight=28.7815 27.8387 4.77588 23.0628 4.18593 3.64917 2.86038 2.26827 22.3308 21.7715 21.3869 4.78383 2.37415 2.40968
internal_count=747 686 127 559 120 113 78 69 550 539 495 114 63 51
is_linear=0
shrinkage=0.05


Tree=155
num_leaves=15
num_cat=0
split_feature=213 157 74 204 204 69 215 204 124 65 219 164 213 166
split_gain=1.11399 1.12098 0.869411 0.784995 0.437304 1.13949 1.1023 0.791635 0.663778 0.995737 1.0384 1.45597 0.659473 1.56936
threshold=4.5000000000000009 1.0000000180025095e-35 1.0000000180025095e-35 2.5000000000000004 1.5000000000000002 1.0000000180025095e-35 1.0000000180025095e-35 2.5000000000000004 1.0000000180025095e-35 1.0000000180025095e-35 1.0000000180025095e-35 1.0000000180025095e-35 1.0000000180025095e-35 1.0000000180025095e-35
decision_type=2 2 2 2 2 2 2 2 2 2 2 2 2 2
left_child=2 -2 4 -4 5 6 8 -6 -1 10 11 -10 13 -9
right_child=1 -3 3 -5 7 -7 -8 12 9 -11 -12 -13 -14 -15
leaf_value=0.082792855100659798 -0.010805203720087623 0.10141717453030191 -0.052525384080984373 0.041217871455552099 -0.029626131962602876 -0.062475238481595245 0.10070870839432396 -0.025571698867327158 -0.051126275852707181 -0.050761036026593112 0.13376491871890836 0.10312973037588927 -0.0060815445824505179 0.11419301337693342
leaf_weight=0.26954218465834912 0.39310373313492064 0.5128127348725684 0.25760430842637916 1.6779524118173865 3.621311123599301 0.4144949372857808 0.42036261688917864 0.42766818101518111 0.43835282698274636 0.62197446823120117 0.19487491436302662 0.23496614675968885 19.379417600197485 0.37869742838665843
leaf_count=11 15 12 5 66 68 6 7 18 24 28 6 14 459 8
internal_value=-0.0018593 0.0527206 -0.00360417 0.0287415 -0.0059755 0.013517 0.0279653 -0.00809985 0.0105882 -0.0024722 0.0321219 0.00270399 -0.00423805 0.0400667
internal_weight=29.2431 0.905916 28.3372 1.93556 26.4017 2.59457 2.18007 23.8071 1.75971 1.49017 0.868194 0.673319 20.1858 0.806366
internal_count=747 27 720 71 649 96 90 553 83 72 44 38 485 26
is_linear=0
shrinkage=0.05


Tree=156
num_leaves=15
num_cat=0
split_feature=24 106 53 124 209 170 205 162 219 219 117 13 214 203
split_gain=1.35198 0.768419 0.514385 0.280105 0.512113 0.399826 0.346159 0.884713 2.05756 0.667094 0.787061 0.633701 0.837162 0.519681
threshold=1.0000000180025095e-35 1.0000000180025095e-35 1.0000000180025095e-35 1.0000000180025095e-35 1.0000000180025095e-35 1.0000000180025095e-35 1.0000000180025095e-35 1.0000000180025095e-35 1.0000000180025095e-35 1.5000000000000002 1.0000000180025095e-35 1.0000000180025095e-35 1.5000000000000002 1.0000000180025095e-35
decision_type=2 2 2 2 2 2 2 2 2 2 2 2 2 2
left_child=1 2 3 4 5 -1 7 11 -9 10 13 -5 -13 -8
right_child=-2 -3 -4 6 -6 -7 9 8 -10 -11 -12 12 -14 -15
leaf_value=0.01078730549025108 0.074867989540296609 0.066494841129639173 0.032409386803593253 -0.021492745803188149 -0.027470620685631848 0.077850876806217717 0.0024942210667496605 -0.053273186282645039 0.1596223371817875 0.057546383984384698 -0.054149535756431902 0.085094707997485239 -0.0258649000757568 -0.01961438124848728
leaf_weight=0.57372472621501802 0.55016744477325019 0.37909259303705667 0.88405493670143087 8.9823891508858633 0.46399015560746193 0.36278171930462122 12.305217826156879 0.22638968378305513 0.22757485555484891 0.44200668990379099 0.76713235676288682 0.3336449285270654 0.34655442473012954 3.3903258303762422
leaf_count=17 12 27 19 234 7 8 166 5 18 63 10 6 17 156
internal_value=-0.00279606 -0.00423545 -0.0051504 -0.0063187 0.0154843 0.0367662 -0.00744874 -0.0147642 0.0534525 -0.00307082 -0.00469833 -0.0179691 0.028562 -0.00228136
internal_weight=30.235 29.6849 29.3058 28.4217 1.4005 0.936506 27.0212 10.1166 0.453965 16.9047 16.4627 9.66259 0.680199 15.6955
internal_count=765 753 726 707 32 25 675 280 23 395 332 257 23 322
is_linear=0
shrinkage=0.05


Tree=157
num_leaves=15
num_cat=0
split_feature=53 133 204 204 208 10 209 104 206 49 219 208 44 204
split_gain=0.774765 0.737756 1.96248 1.42256 1.2104 0.826567 0.654583 1.04538 0.702593 0.470004 0.4573 0.446295 0.808697 0.738385
threshold=1.0000000180025095e-35 1.0000000180025095e-35 2.5000000000000004 3.5000000000000004 1.5000000000000002 1.0000000180025095e-35 1.5000000000000002 1.0000000180025095e-35 1.0000000180025095e-35 1.0000000180025095e-35 1.0000000180025095e-35 1.0000000180025095e-35 1.0000000180025095e-35 4.5000000000000009
decision_type=2 2 2 2 2 2 2 2 2 2 2 2 2 2
left_child=1 -1 -3 10 5 6 8 9 -5 -8 -4 12 13 -10
right_child=-2 2 3 4 -6 -7 7 -9 11 -11 -12 -13 -14 -15
leaf_value=-0.0022095757782002812 -0.042674882414454635 0.12277865347668281 -0.062386754618191709 0.095191561499002875 -0.071114821071618872 -0.051896895377213509 -0.041467289073514081 0.073977349720912577 0.057451094627350513 0.025755722068694961 -0.0081777737167737612 -0.011602054034641209 0.083849019872399427 -1.3621141288657617e-05
leaf_weight=18.850660848664127 0.95013534050667559 0.40678722085431029 0.70236592739820458 0.522295074420981 0.33922705054283131 0.32238240435253818 0.8149604224017819 0.39290117705240835 0.99023936851881567 0.38185275217983872 0.8721116753295064 0.48285078152548511 0.78581220837077115 1.2836713708820751
leaf_count=474 19 8 7 24 1 8 21 24 40 10 27 5 19 60
internal_value=0.00170565 0.00325889 0.0156825 0.0101614 0.020761 0.0259754 0.0304151 0.0032122 0.0410538 -0.0200193 -0.0323601 0.0330721 0.0401221 0.025011
internal_weight=28.0983 27.1481 8.29746 7.89067 6.31619 5.97697 5.65458 1.58971 4.06487 1.19681 1.57448 3.54257 3.05972 2.27391
internal_count=747 728 254 246 212 211 203 55 148 31 34 124 119 100
is_linear=0
shrinkage=0.05


Tree=158
num_leaves=15
num_cat=0
split_feature=198 204 131 180 219 160 98 94 196 199 216 213 205 203
split_gain=0.453374 0.807673 0.437422 0.375634 0.303149 0.776143 0.757987 0.619387 0.905292 1.16874 0.629861 0.672136 0.598479 0.526194
threshold=1.0000000180025095e-35 3.5000000000000004 1.0000000180025095e-35 1.0000000180025095e-35 1.0000000180025095e-35 1.0000000180025095e-35 1.0000000180025095e-35 1.0000000180025095e-35 1.0000000180025095e-35 1.0000000180025095e-35 1.0000000180025095e-35 1.5000000000000002 1.0000000180025095e-35 1.0000000180025095e-35
decision_type=2 2 2 2 2 2 2 2 2 2 2 2 2 2
left_child=2 -2 3 4 5 -1 7 8 10 12 11 -6 -10 -7
right_child=1 -3 -4 -5 6 13 -8 -9 9 -11 -12 -13 -14 -15
leaf_value=-0.052321963139491015 -0.016549743759176321 0.068144750648184288 -0.042616084406831282 0.040252680888348095 0.026439902997113005 -0.0047402750290577193 0.053782494092161029 -0.014114120954221186 -0.040377286038772449 0.054770195416801865 -0.0021236282110699122 0.1008185087163172 0.0095540173187471725 -0.034907538959885125
leaf_weight=1.2776948241516937 0.60837304918095358 0.52389606757787988 0.97046249418053676 0.39020612719468672 0.82659657672047548 7.3062946172431236 0.53254019387532103 10.218034023127984 1.7834885424235842 0.57845576666295517 0.82046630233526219 0.48018850386142731 0.90447348856832821 1.8019966445863245
leaf_count=34 9 30 7 11 20 132 94 247 24 31 21 5 50 14
internal_value=-0.00837773 0.022638 -0.00963686 -0.00844798 -0.00916427 -0.0158279 -0.00487737 -0.00687836 0.00682944 -0.00970143 0.0322128 0.0537709 -0.0235759 -0.0107086
internal_weight=29.0232 1.13227 27.8909 26.9204 26.5302 10.386 16.1442 15.6117 5.39367 3.26642 2.12725 1.30679 2.68796 9.10829
internal_count=729 39 690 683 672 180 492 398 151 105 46 25 74 146
is_linear=0
shrinkage=0.05


Tree=159
num_leaves=15
num_cat=0
split_feature=24 202 208 216 205 213 204 134 186 216 64 219 215 117
split_gain=1.29008 0.574429 1.33686 1.63634 0.554536 1.38986 0.923381 0.835486 0.4812 0.531557 0.416133 1.12679 0.824509 0.760929
threshold=1.0000000180025095e-35 1.5000000000000002 1.0000000180025095e-35 1.0000000180025095e-35 3.5000000000000004 4.5000000000000009 7.5000000000000009 1.0000000180025095e-35 1.0000000180025095e-35 1.5000000000000002 1.0000000180025095e-35 1.0000000180025095e-35 1.0000000180025095e-35 1.0000000180025095e-35
decision_type=2 2 2 2 2 2 2 2 2 2 2 2 2 2
left_child=1 4 3 -3 5 6 7 8 10 -10 13 12 -12 -1
right_child=-2 2 -4 -5 -6 -7 -8 -9 9 -11 11 -13 -14 -15
leaf_value=-0.0060394412289483624 0.078913435301519841 0.059080261784026589 0.10740480153171716 -0.034230177283051888 -0.050981041008069022 0.074651874933432685 0.049969238563475141 -0.049038740420021765 0.072022163190049379 -0.012215229883599077 -0.050884481313259879 0.055114167242502982 0.034555805221884832 -0.051258978187282048
leaf_weight=18.529965162510084 0.49886605452047561 0.80754692468326461 0.37983799696667109 1.1235280309338123 0.62271695397794147 0.56021557725034554 0.74048494594171543 1.1120779332704831 0.42060356959700484 0.3375868444563821 0.72673909924924307 0.96142283891094837 0.46178409457206726 0.97949584302841586
leaf_count=440 10 31 9 22 4 12 15 15 6 16 32 71 4 37
internal_value=-0.000779389 -0.00221132 0.0216572 0.00479087 -0.00437837 -0.00320963 -0.00500686 -0.00673697 -0.0046385 0.0345152 -0.00600907 0.0148681 -0.0176879 -0.00830974
internal_weight=28.2629 27.764 2.31091 1.93107 25.4531 24.8304 24.2702 23.5297 22.4176 0.75819 21.6594 2.14995 1.18852 19.5095
internal_count=724 714 62 53 652 648 636 621 606 22 584 107 36 477
is_linear=0
shrinkage=0.05


Tree=160
num_leaves=15
num_cat=0
split_feature=206 0 63 126 131 104 207 206 173 206 215 157 130 10
split_gain=0.86528 0.977115 0.809458 0.543409 0.46297 0.595892 0.464143 0.870667 0.893308 0.553401 1.35169 0.929243 0.759617 0.816205
threshold=2.5000000000000004 1.0000000180025095e-35 1.0000000180025095e-35 1.0000000180025095e-35 1.0000000180025095e-35 1.0000000180025095e-35 1.0000000180025095e-35 1.0000000180025095e-35 1.0000000180025095e-35 1.0000000180025095e-35 1.0000000180025095e-35 1.0000000180025095e-35 1.0000000180025095e-35 1.0000000180025095e-35
decision_type=2 2 2 2 2 2 2 2 2 2 2 2 2 2
left_child=2 -2 3 4 5 6 9 -8 -9 10 11 -1 13 -11
right_child=1 -3 -4 -5 -6 -7 7 8 -10 12 -12 -13 -14 -15
leaf_value=0.0092164749250826117 0.059268238711507285 -0.03820240114528959 -0.043296536945389028 0.051723468952454145 0.032790755444303946 -0.036379950677296539 -0.040660332174887459 0.060015215189228657 0.0066516976101048154 -0.01872707146670826 0.061403900737103861 -0.059744127697035833 0.011727619496046249 0.034669416295426546
leaf_weight=2.2612578533590089 1.1104396843147686 0.33459697186481197 1.1919540190137912 0.47680144407786329 0.91461924987379362 1.3004618225386355 0.65027704468229686 1.0979779387707824 2.7446468173002359 11.072552832483776 1.0151297776028512 0.62311591207981099 3.338909428450278 0.76512574404478151
leaf_count=90 42 14 35 10 11 46 30 55 124 229 27 3 30 6
internal_value=-0.00101214 0.036699 -0.00299715 -0.001168 -0.00214607 -0.00343094 -0.00161292 0.012845 0.0218996 -0.00501813 0.0117826 -0.0056812 -0.00933494 -0.0152758
internal_weight=28.8979 1.44504 27.4528 26.2609 25.7841 24.8695 23.569 4.4929 3.84262 19.0761 3.8995 2.88437 15.1766 11.8377
internal_count=752 56 696 661 651 640 594 209 179 385 120 93 265 235
is_linear=0
shrinkage=0.05


Tree=161
num_leaves=15
num_cat=0
split_feature=164 94 130 204 133 45 1 208 213 130 204 219 37 214
split_gain=1.32639 2.31233 1.71154 0.921316 1.02902 0.796087 0.780074 1.40317 1.05115 0.838498 0.788326 0.759934 1.34646 0.667628
threshold=1.0000000180025095e-35 1.0000000180025095e-35 1.0000000180025095e-35 8.5000000000000018 1.0000000180025095e-35 1.0000000180025095e-35 1.0000000180025095e-35 1.0000000180025095e-35 1.5000000000000002 1.0000000180025095e-35 3.5000000000000004 1.0000000180025095e-35 1.0000000180025095e-35 1.5000000000000002
decision_type=2 2 2 2 2 2 2 2 2 2 2 2 2 2
left_child=3 2 5 4 6 -2 7 9 -8 10 -1 -10 -13 -3
right_child=1 13 -4 -5 -6 -7 8 -9 11 -11 -12 12 -14 -15
leaf_value=-0.014898701253899346 0.01428326230053901 -0.022902590018999133 0.11931299327338407 -0.058903788731060162 -0.036552646372043217 0.06361931080865825 0.093189931497724435 0.0617478099685983 -0.051802664293999372 -0.052452428797846055 0.035073335562507961 0.061221800871683996 -0.028584305985129583 0.011130065650512786
leaf_weight=6.4357420483138377 4.8152501044241944 4.5068942726356909 0.49731372276437458 1.0228349578101195 2.8936273718136354 0.98490038892487053 0.42274029576219563 0.63414584414567876 0.43825063668191444 1.2921282228780908 0.89951546501833934 0.95691706670913845 0.74023554753512144 2.1184185551828705
leaf_count=134 154 75 19 8 41 40 21 9 9 21 46 40 4 131
internal_value=-0.00327031 0.0085996 0.0302935 -0.0130181 -0.00982821 0.0226608 -0.00328568 -0.0100365 0.0211551 -0.0153129 -0.00877068 0.00689449 0.0220517 -0.0120208
internal_weight=28.6589 12.9228 6.29746 15.7361 14.7133 5.80015 11.8197 9.26153 2.55814 8.62739 7.33526 2.1354 1.69715 6.62531
internal_count=752 419 213 333 325 194 284 210 74 201 180 53 44 206
is_linear=0
shrinkage=0.05


Tree=162
num_leaves=15
num_cat=0
split_feature=218 195 219 185 162 179 117 205 49 66 185 214 201 38
split_gain=1.26615 1.61412 1.3469 0.936345 0.893863 2.84433 1.11737 1.04043 1.38029 0.901989 0.815974 0.671339 0.66692 0.581251
threshold=1.5000000000000002 1.0000000180025095e-35 1.0000000180025095e-35 1.0000000180025095e-35 1.0000000180025095e-35 1.0000000180025095e-35 1.0000000180025095e-35 3.5000000000000004 1.0000000180025095e-35 1.0000000180025095e-35 1.0000000180025095e-35 1.0000000180025095e-35 1.0000000180025095e-35 1.0000000180025095e-35
decision_type=2 2 2 2 2 2 2 2 2 2 2 2 2 2
left_child=1 2 3 12 6 -6 7 8 9 10 -4 -8 -1 -2
right_child=13 -3 4 -5 5 -7 11 -9 -10 -11 -12 -13 -14 -15
leaf_value=0.00044795999901420659 0.077568610797514648 -0.096296730793009877 0.0055262420263971074 -0.0398678500503276 0.24866615341299025 -0.028102086592271858 -0.042014041248502873 -0.044313791582297292 0.091286991683837415 0.07024517713583156 0.046346686912671645 0.038229780687300846 -0.053281784818494451 0.022665223965208054
leaf_weight=9.4422285798937118 0.72553862136555758 0.41725580382626404 7.4135273305000648 2.056229663081468 0.1615680376999088 0.2181946492055431 1.3390164580196149 0.63863288122229356 0.66208572636242102 0.72565073013538572 1.466371615999378 0.32365227911213867 0.61517046578228551 1.4365260699996725
leaf_count=168 37 7 235 26 14 9 23 7 22 59 51 35 12 46
internal_value=0.00435345 0.00123622 0.00286002 -0.00912403 0.0140712 0.0896475 0.0117877 0.0176085 0.02146 0.016647 0.0122671 -0.0263939 -0.00283847 0.0410895
internal_weight=27.6416 25.4796 25.0623 12.1136 12.9487 0.379763 12.5689 10.9063 10.2676 9.60555 8.8799 1.66267 10.0574 2.16206
internal_count=751 668 661 206 455 23 432 374 367 345 286 58 180 83
is_linear=0
shrinkage=0.05


Tree=163
num_leaves=15
num_cat=0
split_feature=197 213 206 53 208 204 219 1 210 94 209 10 124 65
split_gain=0.657883 0.754072 1.20237 0.838242 0.751992 1.45348 0.485567 0.407051 0.396566 0.894905 0.765341 0.375952 0.3588 0.406481
threshold=1.0000000180025095e-35 1.0000000180025095e-35 1.5000000000000002 1.0000000180025095e-35 1.0000000180025095e-35 8.5000000000000018 1.0000000180025095e-35 1.0000000180025095e-35 1.5000000000000002 1.0000000180025095e-35 1.5000000000000002 1.0000000180025095e-35 1.0000000180025095e-35 1.0000000180025095e-35
decision_type=2 2 2 2 2 2 2 2 2 2 2 2 2 2
left_child=4 -2 -3 6 5 8 -4 -6 11 -10 -11 12 13 -1
right_child=1 2 3 -5 7 -7 -8 -9 9 10 -12 -13 -14 -15
leaf_value=-0.019302299659867971 0.069768226960685534 -0.019899778672250637 0.0094551177144313117 -0.013748925281960681 -0.01891153144564198 0.069267829974032122 0.052373100490860261 -0.059409965546894754 0.062393767580168402 -0.031252522012088647 0.043396894694335657 0.025419401517563979 -0.016605994795815614 0.049797407624995599
leaf_weight=0.40794766787440906 0.42996599222533305 3.4658464246313088 1.0809052512049677 1.2467331975931299 1.3711333445389746 0.58839199505746265 1.6885874881991183 1.1332892400678247 0.5836497098207466 1.1813031792407853 0.48404514777939778 0.60397404991090375 14.763859304599464 0.44497012719511986
leaf_count=17 23 96 11 15 22 11 158 9 28 24 25 6 303 7
internal_value=-0.0069547 0.0053771 0.00167679 0.0202965 -0.0114797 -0.0080948 0.0356226 -0.0372377 -0.0105593 0.00911671 -0.00955515 -0.0132874 -0.0147844 0.0167473
internal_weight=29.4746 7.91204 7.48207 4.01623 21.5626 19.0581 2.76949 2.50442 18.4697 2.249 1.66535 16.2208 15.6168 0.852918
internal_count=755 303 280 184 452 421 169 31 410 77 49 333 327 24
is_linear=0
shrinkage=0.05


Tree=164
num_leaves=15
num_cat=0
split_feature=204 175 65 117 213 204 45 123 146 102 204 213 1 117
split_gain=0.823175 0.777066 0.706021 1.23832 0.941282 2.04463 1.35947 0.829321 0.860776 0.720388 0.65773 0.474793 1.41072 0.694701
threshold=8.5000000000000018 1.0000000180025095e-35 1.0000000180025095e-35 1.0000000180025095e-35 2.5000000000000004 2.5000000000000004 1.0000000180025095e-35 1.0000000180025095e-35 1.0000000180025095e-35 1.0000000180025095e-35 7.5000000000000009 1.5000000000000002 1.0000000180025095e-35 1.0000000180025095e-35
decision_type=2 2 2 2 2 2 2 2 2 2 2 2 2 2
left_child=1 2 9 4 6 -6 7 8 -4 10 11 12 13 -1
right_child=-2 -3 3 -5 5 -7 -8 -9 -10 -11 -12 -13 -14 -15
leaf_value=-0.013385118199737034 -0.044497435419136429 -0.056019952389459393 0.019265248498753093 -0.041216885636543132 0.17537740243544431 0.026551796489788199 -0.044504215902407704 -0.044202223067179448 0.087460108900486486 0.041801313999581362 0.035207449526764252 -0.017456555768797791 0.10236745269256667 0.046146218799975339
leaf_weight=3.6959887177217796 1.1507353677880008 0.63002261595101927 3.708373102475889 0.95744590026151843 0.28323806915432204 1.2460629100969525 0.95432591560529534 0.44194315373897541 0.52869999164249737 0.74973375577246848 0.81541073415428478 9.3517392061767151 0.32637700549093995 0.56496669352054585
leaf_count=126 23 8 110 38 5 77 42 3 29 33 10 201 17 15
internal_value=-0.0031772 -0.00121678 0.000244738 0.0121886 0.0193274 0.0541154 0.00988339 0.0209762 0.0277746 -0.00601066 -0.00844017 -0.0109935 0.00218214 -0.00549177
internal_weight=25.4051 24.2543 23.6243 8.12009 7.16264 1.5293 5.63334 4.67902 4.23707 15.5042 14.7545 13.9391 4.58733 4.26096
internal_count=737 714 706 304 266 82 184 142 139 402 369 359 158 141
is_linear=0
shrinkage=0.05


Tree=165
num_leaves=15
num_cat=0
split_feature=66 157 219 218 199 133 131 207 209 213 45 218 201 208
split_gain=2.05925 1.29134 1.13216 1.01106 0.976766 1.10486 0.920337 0.904815 0.810788 0.917367 0.708053 0.706238 1.54014 1.54385
threshold=1.0000000180025095e-35 1.0000000180025095e-35 1.5000000000000002 1.0000000180025095e-35 1.0000000180025095e-35 1.0000000180025095e-35 1.0000000180025095e-35 1.0000000180025095e-35 1.0000000180025095e-35 1.0000000180025095e-35 1.0000000180025095e-35 1.5000000000000002 1.0000000180025095e-35 1.0000000180025095e-35
decision_type=2 2 2 2 2 2 2 2 2 2 2 2 2 2
left_child=2 6 3 4 5 8 7 -2 10 -10 -1 -5 13 -13
right_child=1 -3 -4 11 -6 -7 -8 -9 9 -11 -12 12 -14 -15
leaf_value=-0.028148969775461597 -0.041683032069919024 0.082584592526670914 0.055927882628196271 -0.026165278350955321 0.031423159326573073 0.037794707799520662 0.083511617153380499 0.037243545949551482 0.10576420891203438 -0.021203314073493906 0.035413402291361688 0.0074257003140016237 0.063260171111642879 -0.10727296933307595
leaf_weight=5.0304416163126096 0.82699731667526 0.93157228123163793 0.61551510589197178 11.688240600313291 1.958951680222526 1.0961150352377442 0.34668055176734913 0.6473762097011786 0.274830026552081 0.29493932798504829 0.47993331961333741 1.0250380873912939 0.74332647072151292 0.41101764270570118
leaf_count=147 23 17 91 243 51 18 2 66 14 6 8 31 9 4
internal_value=-0.00622435 0.0347029 -0.0109943 -0.012785 0.000130441 -0.00841174 0.0102087 -0.00702751 -0.0167417 0.0400399 -0.0226129 -0.0212929 0.00483784 -0.0254025
internal_weight=26.371 2.75263 23.6183 23.0028 9.13521 7.17626 1.82105 1.47437 6.08014 0.569769 5.51037 13.8676 2.17938 1.43606
internal_count=730 108 622 531 244 193 91 89 175 20 155 287 44 35
is_linear=0
shrinkage=0.05


Tree=166
num_leaves=15
num_cat=0
split_feature=213 162 215 1 173 213 15 37 201 170 96 63 205 38
split_gain=1.61617 0.663673 0.424956 0.570591 1.55635 0.74921 0.894298 0.883028 0.998375 0.897078 0.819493 0.557136 0.868341 2.26632
threshold=4.5000000000000009 1.0000000180025095e-35 1.0000000180025095e-35 1.0000000180025095e-35 1.0000000180025095e-35 2.5000000000000004 1.0000000180025095e-35 1.0000000180025095e-35 1.0000000180025095e-35 1.0000000180025095e-35 1.0000000180025095e-35 1.0000000180025095e-35 1.0000000180025095e-35 1.0000000180025095e-35
decision_type=2 2 2 2 2 2 2 2 2 2 2 2 2 2
left_child=1 2 11 5 -5 6 7 8 9 -4 -7 12 13 -1
right_child=-2 -3 3 4 -6 10 -8 -9 -10 -11 -12 -13 -14 -15
leaf_value=-0.013617751314291654 0.075787050906368544 -0.040626516525627605 0.041826397157583468 0.045126262842816851 -0.033838944909708131 0.054607985172152186 -0.027361890266844144 -0.053520263723913324 -0.030554833187248571 -0.026947334806249099 0.0055457389959236887 -0.054694338148725034 -0.014910823197769665 0.081732031177472686
leaf_weight=1.918114109896129 0.65775279884110105 1.1548480402561825 2.949907818168866 0.83433529362082604 2.4750333686824888 1.6365447831922211 2.0365990900900215 0.46205570874735702 0.81810886226594437 0.5649722721427678 1.7734276942937868 0.63023127336055118 7.8249227972701192 0.92310760915279377
leaf_count=86 26 33 80 67 62 108 107 6 7 8 49 14 82 10
internal_value=-0.00161584 -0.00357383 -0.0018517 0.00411845 -0.0139308 0.00995069 0.000396361 0.0121861 0.0191928 0.0307719 0.0290921 -0.00901343 -0.00631428 0.0173612
internal_weight=26.66 26.0022 24.8474 13.551 3.30937 10.2416 6.83164 4.79504 4.33299 3.51488 3.40997 11.2964 10.6661 2.84122
internal_count=745 719 686 494 129 365 208 101 95 88 157 192 178 96
is_linear=0
shrinkage=0.05


Tree=167
num_leaves=15
num_cat=0
split_feature=164 117 213 214 205 0 117 146 74 64 205 219 208 1
split_gain=0.946084 1.2193 1.30232 1.17084 0.983832 1.11061 0.950012 0.60477 0.590348 0.572444 0.51545 0.548645 0.372527 0.758777
threshold=1.0000000180025095e-35 1.0000000180025095e-35 2.5000000000000004 1.0000000180025095e-35 3.5000000000000004 1.0000000180025095e-35 1.0000000180025095e-35 1.0000000180025095e-35 1.0000000180025095e-35 1.0000000180025095e-35 1.0000000180025095e-35 1.0000000180025095e-35 1.0000000180025095e-35 1.0000000180025095e-35
decision_type=2 2 2 2 2 2 2 2 2 2 2 2 2 2
left_child=6 2 3 -2 5 10 7 8 12 -5 -4 -12 13 -1
right_child=1 -3 4 9 -6 -7 -8 -9 -10 -11 11 -13 -14 -15
leaf_value=-0.012006898794805709 0.018669061963687113 -0.038506506798693663 0.11374834424588989 -0.028178355227740273 -0.036146008407521822 -0.028197580459961648 0.05363860654428966 -0.061458152578284075 -0.043305056792579726 0.052187219347702742 0.027919065988445749 0.077210579495453596 -0.027728681843022775 0.016003677625310599
leaf_weight=7.7036293954588402 4.6379466997459513 1.200442199464306 0.396957640827169 2.7113834411138673 0.37653450842481095 0.39967037766473357 0.57729947834741402 0.58739523217082101 1.1960443755378953 0.24130088806850825 1.1569927297532561 1.1024462164787108 1.7981774932704873 3.5236116399173625
leaf_count=191 79 45 16 118 7 19 24 6 29 15 16 91 14 75
internal_value=-0.00103763 0.00934643 0.0145577 0.00300062 0.0401142 0.0495101 -0.00928734 -0.0117404 -0.00968689 -0.0216107 0.0612017 0.0519698 -0.00659994 -0.00321592
internal_weight=27.6098 12.2237 11.0232 7.59063 3.4326 3.05607 15.3862 14.8089 14.2215 2.95268 2.6564 2.25944 13.0254 11.2272
internal_count=745 406 361 212 149 142 339 315 309 133 123 107 280 266
is_linear=0
shrinkage=0.05


Tree=168
num_leaves=15
num_cat=0
split_feature=210 94 61 104 195 201 10 196 69 204 130 204 110 216
split_gain=0.849462 1.10974 0.727511 0.389102 0.338757 0.328853 0.315774 0.698856 0.27235 0.234349 0.232561 0.765287 0.333464 1.3258
threshold=1.5000000000000002 1.0000000180025095e-35 1.0000000180025095e-35 1.0000000180025095e-35 1.0000000180025095e-35 1.0000000180025095e-35 1.0000000180025095e-35 1.0000000180025095e-35 1.0000000180025095e-35 7.5000000000000009 1.0000000180025095e-35 5.5000000000000009 1.0000000180025095e-35 1.0000000180025095e-35
decision_type=2 2 2 2 2 2 2 2 2 2 2 2 2 2
left_child=3 -2 6 4 8 9 7 -3 10 -4 12 -12 -1 -14
right_child=1 2 5 -5 -6 -7 -8 -9 -10 -11 11 -13 13 -15
leaf_value=-0.01246391607465506 0.064987647361341508 -0.019459044028476827 0.013953543329429489 -0.034393198033431119 -0.04323196881316313 0.010999070509251793 -0.053053239987387035 0.05491057424299739 0.033711044863419207 0.078638275010995559 0.052585288965801461 -0.0083611545589277868 0.036607911735036337 -0.01306728308492449
leaf_weight=12.081777557439656 0.9231113409914532 1.6049056674819442 0.20473720697918929 1.2580508025130246 0.58859781117644061 0.85819950001314282 0.40876260842196632 0.39330383058404539 0.44984330423176189 0.44299441983457655 0.7115536431956565 1.8653139414382165 1.9067954673664633 4.5443639930454083
leaf_count=307 45 13 12 37 4 8 7 40 13 18 18 22 59 139
internal_value=-0.00340234 0.0156748 0.00404123 -0.00734391 -0.00580748 0.0312979 -0.013012 -0.00482101 -0.00478575 0.0581925 -0.00560611 0.00846806 -0.00756302 0.00161542
internal_weight=28.2423 4.83601 3.9129 23.4063 22.1482 1.50593 2.40697 1.99821 21.5596 0.647732 21.1098 2.57687 18.5329 6.45116
internal_count=742 143 98 599 562 38 60 53 558 30 545 40 505 198
is_linear=0
shrinkage=0.05


Tree=169
num_leaves=15
num_cat=0
split_feature=195 163 126 213 209 220 74 9 205 216 204 121 110 209
split_gain=0.99114 0.600551 0.534904 0.644395 0.945485 0.538907 0.50398 0.513751 0.471589 0.682704 0.618934 0.415931 0.466765 0.873278
threshold=1.0000000180025095e-35 1.0000000180025095e-35 1.0000000180025095e-35 2.5000000000000004 1.0000000180025095e-35 1.0000000180025095e-35 1.0000000180025095e-35 1.0000000180025095e-35 1.5000000000000002 1.0000000180025095e-35 3.5000000000000004 1.0000000180025095e-35 1.0000000180025095e-35 1.0000000180025095e-35
decision_type=2 2 2 2 2 2 2 2 2 2 2 2 2 2
left_child=1 2 3 11 8 -6 7 -7 9 -5 -11 12 -1 -14
right_child=-2 -3 -4 4 5 6 -8 -9 -10 10 -12 -13 13 -15
leaf_value=-0.015856702906272675 -0.074540327303359355 0.038164082250647324 0.046456226658548233 0.092195429339375592 -0.0095777178484949422 0.05123154479044513 0.053215507698784206 -0.0085131521648097036 -0.013194120627709853 -0.03192490777452639 0.05741971548527805 -0.06522530637279822 -0.0097942681027322551 0.044459301018213715
leaf_weight=11.561929737508772 0.49589924415340547 0.84967874363064666 0.50586013193242152 0.57701563509181031 7.4153168210759741 0.45630934496875908 0.68977218563668419 1.7017927744454937 0.36499741906300176 0.32799023296684027 0.47393971210112795 0.35951543971896249 2.877144691650757 0.99933638458605845
leaf_count=310 17 8 12 12 53 67 33 65 12 8 18 5 51 85
internal_value=-0.00444661 -0.00325461 -0.00449768 -0.00542469 0.00330632 -0.00247734 0.0160107 0.00411927 0.0373434 0.0507204 0.0208777 -0.0120607 -0.0108226 0.00419202
internal_weight=29.6565 29.1606 28.3109 27.8051 12.0071 10.2632 2.84787 2.1581 1.74394 1.37895 0.80193 15.7979 15.4384 3.87648
internal_count=756 739 731 719 268 218 165 132 50 38 26 451 446 136
is_linear=0
shrinkage=0.05


Tree=170
num_leaves=15
num_cat=0
split_feature=25 213 163 98 175 204 219 204 44 157 22 65 134 204
split_gain=0.60747 1.33165 0.419653 0.321734 0.902216 1.1341 0.74279 0.466067 0.938316 0.883014 0.87333 0.715282 0.810046 0.572625
threshold=1.0000000180025095e-35 2.5000000000000004 1.0000000180025095e-35 1.0000000180025095e-35 1.0000000180025095e-35 4.5000000000000009 1.0000000180025095e-35 4.5000000000000009 1.0000000180025095e-35 1.0000000180025095e-35 1.0000000180025095e-35 1.0000000180025095e-35 1.0000000180025095e-35 1.5000000000000002
decision_type=2 2 2 2 2 2 2 2 2 2 2 2 2 2
left_child=2 -2 3 7 5 -5 -7 13 10 -10 11 12 -9 -1
right_child=1 -3 -4 4 -6 6 -8 8 9 -11 -12 -13 -14 -15
leaf_value=0.010968947648768322 -0.026163881810822 0.078574283115202148 0.028305061446071606 0.042082426956386941 0.12182716038855917 -0.056483426783932145 0.050555649726438591 0.037742002990533687 -0.0099641819827682183 0.12434487693054373 0.051639044080701912 -0.03460354806003426 -0.0083007382215378855 -0.016497620056536873
leaf_weight=2.2170120885130151 0.55136992235202231 0.6749789425812196 0.94130830792710085 0.954648703685961 0.17475970089435566 0.78343409299850464 0.20435382597497664 1.2176163487019911 0.21018272789660919 0.29293200850952417 0.69114964242908161 1.7959546180936738 4.4337110470514745 13.170353432709815
leaf_count=99 18 28 11 49 1 6 60 51 17 6 26 66 32 277
internal_value=-0.00293625 0.0314837 -0.00449457 -0.00567542 0.0130099 0.00321974 -0.0343392 -0.0073218 0.0019703 0.0682355 -0.00212619 -0.00711591 0.00161948 -0.0125402
internal_weight=28.3138 1.22635 27.0874 26.1461 2.1172 1.94244 0.987788 24.0289 8.64155 0.503115 8.13843 7.44728 5.65133 15.3874
internal_count=747 46 701 690 116 115 66 574 198 23 175 149 83 376
is_linear=0
shrinkage=0.05


Tree=171
num_leaves=15
num_cat=0
split_feature=126 162 203 213 175 196 206 1 204 204 197 94 13 185
split_gain=0.556247 0.478837 0.420443 0.870403 0.706959 0.798299 0.627891 1.40613 1.09683 0.804755 0.672645 0.638895 0.697976 0.49894
threshold=1.0000000180025095e-35 1.0000000180025095e-35 1.0000000180025095e-35 3.5000000000000004 1.0000000180025095e-35 1.0000000180025095e-35 1.5000000000000002 1.0000000180025095e-35 8.5000000000000018 5.5000000000000009 1.0000000180025095e-35 1.0000000180025095e-35 1.0000000180025095e-35 1.0000000180025095e-35
decision_type=2 2 2 2 2 2 2 2 2 2 2 2 2 2
left_child=1 2 6 -4 5 -5 7 9 -8 10 11 13 -13 -1
right_child=-2 -3 3 4 -6 -7 8 -9 -10 -11 -12 12 -14 -15
leaf_value=-0.0059210997908607406 0.048679546340597936 -0.039268211139593633 -0.029941032282334357 -0.044281460781811624 0.11339298376000879 0.055100186772449322 -0.0046893446312362931 0.067855830160023098 -0.057926009552565917 0.04921079399280559 0.027369571149960321 -0.055742594936737166 0.0052572639240407656 0.030238778319062794
leaf_weight=6.179209470865322 0.48741877963766356 0.99440682184649531 3.4246851523348587 0.42056383949238796 0.17852126125944778 0.38893578111310489 8.302536348695865 0.86096584517508823 1.0951364268548793 0.82741094788070846 1.6617950334330096 1.2222499710042027 0.760873851366341 1.1281356737017629
leaf_count=146 10 29 168 9 2 46 202 21 7 18 54 15 10 15
internal_value=-0.00426608 -0.00520637 -0.00392584 -0.0180135 0.0233298 0.00346789 -0.00110508 0.00617185 -0.0108932 0.00166343 -0.00192864 -0.00716923 -0.0323385 -0.000338601
internal_weight=27.9328 27.4454 26.451 4.41271 0.988021 0.8095 22.0383 12.6406 9.39767 11.7797 10.9523 9.29047 1.98312 7.30735
internal_count=752 742 713 225 57 55 488 279 209 258 240 186 25 161
is_linear=0
shrinkage=0.05


Tree=172
num_leaves=15
num_cat=0
split_feature=197 205 110 204 126 213 74 205 146 216 209 109 133 205
split_gain=0.701999 0.545573 0.715407 0.561753 0.430647 0.398871 0.506212 0.337436 0.710446 0.830516 0.618186 0.914951 0.754635 0.633532
threshold=1.0000000180025095e-35 3.5000000000000004 1.0000000180025095e-35 2.5000000000000004 1.0000000180025095e-35 3.5000000000000004 1.0000000180025095e-35 2.5000000000000004 1.0000000180025095e-35 1.0000000180025095e-35 1.0000000180025095e-35 1.0000000180025095e-35 1.0000000180025095e-35 1.0000000180025095e-35
decision_type=2 2 2 2 2 2 2 2 2 2 2 2 2 2
left_child=4 2 -2 -4 7 -5 -7 10 9 -9 12 -12 13 -1
right_child=1 -3 3 5 -6 6 -8 8 -10 -11 11 -13 -14 -15
leaf_value=-0.015690516789697219 0.00073049791564009509 -0.055805613409387882 -0.042760217040997195 0.056419007600231212 0.044985837452512778 0.0024025922377642114 0.053635396082915177 -0.038225159523484833 0.028823612460659481 0.0095262093093208718 -0.023060980836674114 0.05160008528343242 0.040123998059548444 0.018057403526483811
leaf_weight=4.2337700440548449 3.322536392020992 0.26185228372924019 0.23283472284674678 1.5552334366366269 0.46108746528625388 1.216163621938904 0.79884139812202182 1.3698179541388515 2.1877540621208027 2.7160537384916097 6.7305030126590282 0.43698775584925886 1.1087829382158814 2.0708316221134737
leaf_count=137 93 6 4 129 7 37 31 20 51 20 92 77 19 45
internal_value=0.00179332 0.0150757 0.0176804 0.0324887 -0.00281002 0.0373961 0.0227137 -0.00386677 0.00582935 -0.00648278 -0.00803867 -0.018509 0.00208442 -0.00460556
internal_weight=28.7031 7.38746 7.12561 3.80307 21.3156 3.57024 2.01501 20.8545 6.27363 4.08587 14.5809 7.16749 7.41338 6.3046
internal_count=768 300 294 201 468 197 68 461 91 40 370 169 201 182
is_linear=0
shrinkage=0.05


Tree=173
num_leaves=15
num_cat=0
split_feature=24 195 179 204 204 203 1 60 133 102 204 219 160 117
split_gain=0.929171 0.942425 0.673668 0.473171 0.78822 0.499424 0.853408 0.991954 0.665695 0.589907 0.557871 0.507894 1.17196 0.747825
threshold=1.0000000180025095e-35 1.0000000180025095e-35 1.0000000180025095e-35 8.5000000000000018 7.5000000000000009 1.0000000180025095e-35 1.0000000180025095e-35 1.0000000180025095e-35 1.0000000180025095e-35 1.0000000180025095e-35 6.5000000000000009 1.0000000180025095e-35 1.0000000180025095e-35 1.0000000180025095e-35
decision_type=2 2 2 2 2 2 2 2 2 2 2 2 2 2
left_child=1 2 3 4 5 6 7 8 11 10 -7 -1 -13 -14
right_child=-2 -3 -4 -5 -6 9 -8 -9 -10 -11 -12 12 13 -15
leaf_value=-0.015146741415985305 -0.06967666845126487 -0.07166431125397088 -0.017903642662837577 -0.026713918197926748 0.041543266969373438 -0.0087877004803764546 0.048083964262459443 -0.052828454497606959 0.021990774041828764 0.049016907623307245 -0.052724916792072841 0.070192262487197232 0.0154683466177288 -0.040203705934416634
leaf_weight=4.0467405775562089 0.54779369832249258 0.50313345366157491 5.6163141969009294 1.3706083265133191 1.2833631323883299 3.0955085768800918 1.0942920097149915 0.77292275149375278 4.0498917882796377 0.34563839115435246 0.94239438418298949 0.67234084533993188 1.7563172733644026 0.91874925442971278
leaf_count=126 11 18 152 14 17 159 42 10 54 23 11 33 49 18
internal_value=-0.005221 -0.00388701 -0.00257366 0.00165745 0.00370644 0.00096222 0.00578264 0.00199365 0.0056963 -0.0136757 -0.0190421 -0.00322845 0.0111798 -0.00365217
internal_weight=27.016 26.4682 25.9651 20.3488 18.9782 17.6948 13.3113 12.217 11.444 4.38354 4.0379 7.39415 3.34741 2.67507
internal_count=737 726 708 556 542 525 332 290 280 193 170 226 100 67
is_linear=0
shrinkage=0.05


Tree=174
num_leaves=15
num_cat=0
split_feature=1 74 204 110 54 219 159 204 215 208 108 49 27 64
split_gain=0.828359 1.95493 1.42763 1.33214 1.41749 0.633181 0.518915 1.33742 0.572182 0.92087 0.643401 0.492329 0.537724 0.62379
threshold=1.0000000180025095e-35 1.0000000180025095e-35 7.5000000000000009 1.0000000180025095e-35 1.0000000180025095e-35 1.5000000000000002 1.0000000180025095e-35 4.5000000000000009 1.0000000180025095e-35 1.0000000180025095e-35 1.0000000180025095e-35 1.0000000180025095e-35 1.0000000180025095e-35 1.0000000180025095e-35
decision_type=2 2 2 2 2 2 2 2 2 2 2 2 2 2
left_child=5 2 3 4 -2 6 8 -8 -1 10 11 12 13 -10
right_child=1 -3 -4 -5 -6 -7 7 -9 9 -11 -12 -13 -14 -15
leaf_value=-0.013433019549533779 0.087513211662897994 -0.058189608791603731 -0.0010588311789896969 0.074140237208232859 -0.024238017871457143 0.056283817218392387 0.16726578857553762 -0.014919589241022272 -0.0076834771844693341 0.056700497027870868 0.055153690646377429 0.037339724501510338 -0.046906076613910178 0.03787726033554828
leaf_weight=8.7486693114042389 0.41025458782678403 0.72730987711111073 2.3728013888467103 2.1036313837976195 0.92033110006013885 0.46443296459619787 0.15806929825339366 0.27772207604721189 6.8153811943484417 0.76567722507752556 0.49641621048795137 0.68881453317590136 0.75433889823034395 0.84434497886104498
leaf_count=182 11 33 18 82 26 74 9 19 186 25 22 17 14 37
internal_value=0.00363062 0.0190877 0.0287664 0.0493735 0.0102178 -0.00141595 -0.00278672 0.0511623 -0.00401676 0.00393114 -0.000277947 -0.00330085 -0.00662788 -0.00266124
internal_weight=26.5482 6.53433 5.80702 3.43422 1.33059 20.0139 19.5494 0.435791 19.1136 10.365 9.5993 9.10288 8.41407 7.65973
internal_count=755 170 137 119 37 585 511 28 483 301 276 254 237 223
is_linear=0
shrinkage=0.05


Tree=175
num_leaves=15
num_cat=0
split_feature=204 53 219 179 207 219 166 160 117 209 208 38 26 14
split_gain=0.859859 0.702442 0.613741 0.52319 0.492425 0.361548 1.03895 2.14598 0.869276 0.81278 1.15862 1.11692 1.02239 0.577596
threshold=8.5000000000000018 1.0000000180025095e-35 1.5000000000000002 1.0000000180025095e-35 1.0000000180025095e-35 1.0000000180025095e-35 1.0000000180025095e-35 1.0000000180025095e-35 1.0000000180025095e-35 1.0000000180025095e-35 1.5000000000000002 1.0000000180025095e-35 1.0000000180025095e-35 1.0000000180025095e-35
decision_type=2 2 2 2 2 2 2 2 2 2 2 2 2 2
left_child=1 2 3 5 -5 -1 8 -8 9 11 12 -7 13 -11
right_child=-2 -3 -4 4 -6 6 7 -9 -10 10 -12 -13 -14 -15
leaf_value=-0.0063779787210006657 -0.044820841318419846 0.040681285675026872 0.056141699997868139 -0.025031605712092859 0.035519520481928267 0.034854629062027978 0.2012892948189681 0.0078321278947678149 -0.05153219571863335 0.060444700694643777 -0.068039945714431282 -0.032907504336142777 -0.0071089443598959636 -0.021054823867982589
leaf_weight=10.730761413928137 1.183858798642176 0.96231553261168201 0.43185688664379895 3.8990345960482946 0.36740380010451179 0.87623332603834492 0.2065787385799922 0.46833951422013331 0.68222432117909182 1.9896657531498942 0.31661444902420033 1.9874034514650702 1.1135100513056384 0.2440643161535262
leaf_count=186 23 19 82 84 33 43 20 24 15 125 1 33 50 4
internal_value=-0.00321118 -0.00118201 -0.00291 -0.0040245 -0.0198173 -0.000404982 0.0077241 0.0670454 0.00217089 0.0077837 0.0233819 -0.0121732 0.0320294 0.0515398
internal_weight=25.4599 24.276 23.3137 22.8818 4.26644 18.6154 7.88463 0.674918 7.20972 6.52749 3.66385 2.86364 3.34724 2.23373
internal_count=742 719 700 618 117 501 315 44 271 256 180 76 179 129
is_linear=0
shrinkage=0.05


Tree=176
num_leaves=15
num_cat=0
split_feature=108 65 205 173 163 66 44 204 220 208 131 159 206 164
split_gain=1.44538 0.965848 1.06974 1.15161 0.72033 0.715162 1.29553 0.685013 1.0056 0.669301 0.727847 0.577378 0.574212 0.507402
threshold=1.0000000180025095e-35 1.0000000180025095e-35 1.0000000180025095e-35 1.0000000180025095e-35 1.0000000180025095e-35 1.0000000180025095e-35 1.0000000180025095e-35 1.5000000000000002 1.0000000180025095e-35 1.5000000000000002 1.0000000180025095e-35 1.0000000180025095e-35 1.0000000180025095e-35 1.0000000180025095e-35
decision_type=2 2 2 2 2 2 2 2 2 2 2 2 2 2
left_child=1 4 3 7 -1 11 9 13 -9 10 -7 -4 -10 -3
right_child=-2 2 5 -5 -6 6 -8 8 12 -11 -12 -13 -14 -15
leaf_value=-0.012213906755276879 0.063922360249630147 0.094363065451054107 -0.024938487671441092 0.098860129415084264 0.034741531528598379 -0.011020051594833151 0.098119009430843937 -0.029982581637797063 -0.021761243366772126 -0.066853337750770167 0.078304651716872092 0.034108257510911517 0.061052697528116311 0.015405085184693615
leaf_weight=16.569390464370382 0.83024004701292042 0.44676916813477774 3.0250066783628431 0.54284932452719648 0.85911891720024769 0.72521068417699985 0.42586591327562917 1.0559854488819838 0.28600417729467154 0.30638191103935231 0.33266560733318329 0.47965388372540463 0.78065398026956245 0.37363055534660816
leaf_count=389 60 16 111 12 10 41 14 20 3 1 2 18 34 11
internal_value=-0.00102891 -0.0030864 0.0104363 0.0319449 -0.00989929 -0.00372416 0.0219875 0.0196023 0.0046056 -0.0017777 0.0170695 -0.0168572 0.0388477 0.0584036
internal_weight=27.0394 26.2092 8.78068 3.48589 17.4285 5.29478 1.79012 2.94304 2.12264 1.36426 1.05788 3.50466 1.06666 0.8204
internal_count=742 682 283 96 399 187 58 84 57 44 43 129 37 27
is_linear=0
shrinkage=0.05


Tree=177
num_leaves=15
num_cat=0
split_feature=24 162 104 209 179 108 65 199 185 21 173 215 164 164
split_gain=1.30285 0.897082 0.779533 0.46225 0.909796 0.757018 0.581554 0.973359 0.726172 0.694177 0.658136 0.726952 0.607453 0.584022
threshold=1.0000000180025095e-35 1.0000000180025095e-35 1.0000000180025095e-35 1.0000000180025095e-35 1.0000000180025095e-35 1.0000000180025095e-35 1.0000000180025095e-35 1.0000000180025095e-35 1.0000000180025095e-35 1.0000000180025095e-35 1.0000000180025095e-35 1.0000000180025095e-35 1.0000000180025095e-35 1.0000000180025095e-35
decision_type=2 2 2 2 2 2 2 2 2 2 2 2 2 2
left_child=1 2 3 6 5 -5 7 -1 9 10 11 12 -8 -11
right_child=-2 -3 -4 4 -6 -7 8 -9 -10 13 -12 -13 -14 -15
leaf_value=-0.011179440561397727 0.076412507756055362 -0.047899436770629689 -0.040292059527347907 0.0064094834899586619 -0.026544756069569603 -0.03679122982678678 0.034390180206208522 0.040396259752605912 -0.015260692536623655 0.04872000069935381 0.096955496468939195 0.081681001293965633 -0.051063617482284343 -0.032981847702722514
leaf_weight=4.6002597612096121 0.52549919195007433 1.0720505467033934 1.2171062542474818 10.298375517231758 3.6415244499221435 1.1248210797639338 0.71020357310772053 1.1418588884407652 0.90530541539192189 0.36216639052145172 0.57876870839390893 0.53145126393064845 0.29407830722630024 0.55226823722478002
leaf_count=121 11 33 48 235 109 30 25 37 22 10 15 9 12 15
internal_value=-0.00156159 -0.0030775 -0.00122639 0.000695393 -0.00478201 0.00215559 0.00922293 -0.000923266 0.0240316 0.0357754 0.0515164 0.0343919 0.00936722 -0.000623424
internal_weight=27.5557 27.0302 25.9582 24.7411 15.0647 11.4232 9.67636 5.74212 3.93424 3.02894 2.1145 1.53573 1.00428 0.914435
internal_count=732 721 688 640 374 265 266 158 108 86 61 46 37 25
is_linear=0
shrinkage=0.05


Tree=178
num_leaves=15
num_cat=0
split_feature=166 210 205 94 213 205 3 104 10 196 210 132 65 203
split_gain=0.785583 1.02896 1.12487 1.23669 0.429946 0.306607 0.816718 0.424302 0.438113 0.516432 0.480573 0.335133 0.38091 0.318287
threshold=1.0000000180025095e-35 1.0000000180025095e-35 1.0000000180025095e-35 1.0000000180025095e-35 4.5000000000000009 1.5000000000000002 1.0000000180025095e-35 1.0000000180025095e-35 1.0000000180025095e-35 1.0000000180025095e-35 2.5000000000000004 1.0000000180025095e-35 1.0000000180025095e-35 1.0000000180025095e-35
decision_type=2 2 2 2 2 2 2 2 2 2 2 2 2 2
left_child=4 2 3 -2 5 6 13 8 9 -7 11 -11 -13 -1
right_child=1 -3 -4 -5 -6 7 -8 -9 -10 10 -12 12 -14 -15
leaf_value=0.0046718241780487569 -0.042258359171743906 -0.045118473115674379 0.056206727444060904 0.046209109142677104 0.03269477321602348 -0.0089807595302392341 0.082296571262699833 -0.040205022789535971 -0.049847515873438143 0.058524983072960723 -0.019481995270582659 0.052991324071991086 -0.051077718659902266 -0.017970000718448651
leaf_weight=7.8561593492049795 1.5378598999232052 2.7192993947828654 0.64238956221379329 0.53158406275906589 0.8510631965182246 7.8557191285071841 0.31260481558274555 1.0101591473212472 0.54377600247971791 0.77133396931458242 0.48489639785839234 0.17152755183633417 0.18040197767550126 1.934328968520276
leaf_count=242 46 76 9 17 24 70 8 44 9 101 17 23 5 62
internal_value=-0.00635739 -0.0233851 -0.00159184 -0.0195335 -0.00214841 -0.00355241 0.00273867 -0.00932119 -0.00620382 -0.00369614 0.0221188 0.0400772 -0.000355325 0.000198428
internal_weight=27.4031 5.43113 2.71183 2.06944 21.972 21.1209 10.1031 11.0178 10.0077 9.46388 1.60816 1.12326 0.35193 9.79049
internal_count=753 148 72 63 605 581 312 269 225 216 146 129 28 304
is_linear=0
shrinkage=0.05


Tree=179
num_leaves=15
num_cat=0
split_feature=213 185 45 124 214 196 110 204 94 219 207 206 197 166
split_gain=0.666034 0.36737 0.755375 0.428256 0.474614 1.06938 1.38171 0.940295 0.60987 0.562865 0.471997 0.712754 0.500543 0.375073
threshold=4.5000000000000009 1.0000000180025095e-35 1.0000000180025095e-35 1.0000000180025095e-35 1.0000000180025095e-35 1.0000000180025095e-35 1.0000000180025095e-35 1.5000000000000002 1.0000000180025095e-35 1.0000000180025095e-35 1.0000000180025095e-35 1.0000000180025095e-35 1.0000000180025095e-35 1.0000000180025095e-35
decision_type=2 2 2 2 2 2 2 2 2 2 2 2 2 2
left_child=1 3 -3 -1 5 6 8 -6 13 -9 -11 12 -12 -5
right_child=-2 2 -4 4 7 -7 -8 9 -10 10 11 -13 -14 -15
leaf_value=-0.04659693201509732 0.049699305152262514 -0.0030149487237040667 0.061456087364331537 -0.0080592366731990807 0.073051409735399503 -0.036489499247843012 0.043574975619370029 -0.038604768182767681 0.032749124946990803 -0.017717166208621425 0.051871667076316574 0.047216195457317527 -0.052134549992651318 -0.051103212395984456
leaf_weight=0.84034368506400881 0.49764142674393852 4.7409730312647289 0.50248572335112829 3.5718438220210391 0.2845689975656559 1.7256814632564781 1.9186000349000094 2.7649894859641764 0.83137801662087429 7.3174034389376175 0.15515287028392755 0.74514000864292029 0.45471316017210484 0.58963965997099865
leaf_count=28 23 101 14 84 9 21 17 39 14 162 38 160 4 28
internal_value=-0.0076082 -0.00868669 0.00316337 -0.0116177 -0.0101739 -0.00128031 0.00751086 -0.016727 -0.00634744 -0.0189607 -0.0126976 0.0144091 -0.0256749 -0.0141581
internal_weight=26.9406 26.4429 5.24346 21.1995 20.3591 8.63714 6.91146 11.722 4.99286 11.4374 8.67241 1.35501 0.609866 4.16148
internal_count=742 719 115 604 576 164 143 412 126 403 364 202 42 112
is_linear=0
shrinkage=0.05


Tree=180
num_leaves=15
num_cat=0
split_feature=213 130 93 133 204 175 208 206 204 10 207 170 199 131
split_gain=0.439077 0.528291 1.31432 0.843256 1.43555 0.494248 0.459134 0.499006 0.553344 0.424245 0.602631 0.7192 0.639699 0.454873
threshold=4.5000000000000009 1.0000000180025095e-35 1.0000000180025095e-35 1.0000000180025095e-35 6.5000000000000009 1.0000000180025095e-35 1.0000000180025095e-35 1.5000000000000002 7.5000000000000009 1.0000000180025095e-35 1.0000000180025095e-35 1.0000000180025095e-35 1.0000000180025095e-35 1.0000000180025095e-35
decision_type=2 2 2 2 2 2 2 2 2 2 2 2 2 2
left_child=1 5 3 4 -3 9 7 8 -4 10 11 -1 13 -12
right_child=-2 2 6 -5 -6 -7 -8 -9 -10 -11 12 -13 -14 -15
leaf_value=-0.014597640088630527 -0.034529765315057831 -0.021273186651682673 -0.046649118752818325 0.095229661841661817 0.075511064774080525 -0.054156171747341358 0.012029457145136986 -0.063950112018605579 0.043272999310672987 0.029886382594624606 -0.0042614257313024614 0.034311728688789435 0.049590767135096976 0.072460251452529975
leaf_weight=15.352688073733606 1.2627950687892724 0.85970099327096183 0.35416662145871691 0.52391146944137279 0.69114611111581326 0.55347250777413037 0.95934467553161074 0.66775332659017295 0.33094531361712143 0.78044804022647341 3.5836724370019506 0.79032501822803247 0.78031265242316283 0.20420276257209469
leaf_count=377 27 18 13 20 5 8 7 7 7 19 178 25 64 6
internal_value=-0.00572662 -0.00435055 0.0114953 0.0403866 0.0218594 -0.00750386 -0.0144291 -0.0331914 -0.00321198 -0.00630242 -0.00766611 -0.0122031 0.00836685 -0.000125392
internal_weight=27.6949 26.4321 4.38697 2.07476 1.55085 22.0451 2.31221 1.35287 0.685112 21.4916 20.7112 16.143 4.56819 3.78788
internal_count=781 754 77 43 23 677 34 27 20 669 650 402 248 184
is_linear=0
shrinkage=0.05


Tree=181
num_leaves=15
num_cat=0
split_feature=195 163 121 162 219 216 210 216 65 220 201 74 110 185
split_gain=1.02097 0.738793 0.397445 0.456589 2.21853 1.5647 0.467413 0.622335 0.821779 0.739424 0.647841 0.504027 0.482177 0.461508
threshold=1.0000000180025095e-35 1.0000000180025095e-35 1.0000000180025095e-35 1.0000000180025095e-35 1.0000000180025095e-35 1.0000000180025095e-35 1.0000000180025095e-35 1.0000000180025095e-35 1.0000000180025095e-35 1.0000000180025095e-35 1.0000000180025095e-35 1.0000000180025095e-35 1.0000000180025095e-35 1.0000000180025095e-35
decision_type=2 2 2 2 2 2 2 2 2 2 2 2 2 2
left_child=1 2 3 6 -5 -6 7 -1 9 -9 -11 13 -13 -8
right_child=-2 -3 -4 4 5 -7 11 8 -10 10 -12 12 -14 -15
leaf_value=-0.0043369451392778298 -0.075736650846147113 0.045705142872782628 -0.054406756360489153 -0.052036272360739044 0.24301776011416859 0.011243249035390607 -0.0063608462800279547 -0.052269545843163782 -0.057087337114757754 0.053533702869638072 -0.032095622124050656 -0.0086928437737950476 0.050081091479456774 0.018056962072379983
leaf_weight=5.4401209207135413 0.49538388371001829 0.74779138818848778 0.39593861997127433 0.32205577939748664 0.16064303286839277 0.13319432875141501 13.388935764407504 0.53747036913409829 1.6145875414367765 0.5858613922027871 0.35456164693459868 0.56361902964999966 0.91625287156784907 2.2620435629214635
leaf_count=163 17 8 11 11 9 15 337 14 30 26 7 11 34 62
internal_value=-0.00459596 -0.00331084 -0.00468491 -0.00393578 0.0386075 0.137956 -0.00495677 -0.014518 -0.0324278 -0.00548746 0.0212494 -0.000194493 0.0276966 -0.00283173
internal_weight=27.9185 27.4231 26.6753 26.2793 0.615893 0.293837 25.6635 8.5326 3.09248 1.47789 0.940423 17.1309 1.47987 15.651
internal_count=755 738 730 719 35 24 684 240 77 47 33 444 45 399
is_linear=0
shrinkage=0.05


Tree=182
num_leaves=15
num_cat=0
split_feature=219 204 45 126 13 117 215 94 204 203 207 201 166 54
split_gain=0.764977 0.430721 0.725021 0.69915 0.609676 0.584442 0.660763 0.629866 0.480179 0.761363 0.646186 0.804262 0.44476 0.454045
threshold=1.5000000000000002 3.5000000000000004 1.0000000180025095e-35 1.0000000180025095e-35 1.0000000180025095e-35 1.0000000180025095e-35 1.0000000180025095e-35 1.0000000180025095e-35 7.5000000000000009 1.0000000180025095e-35 1.5000000000000002 1.0000000180025095e-35 1.0000000180025095e-35 1.0000000180025095e-35
decision_type=2 2 2 2 2 2 2 2 2 2 2 2 2 2
left_child=1 2 3 4 -1 6 -3 -8 9 10 11 12 -9 -14
right_child=-2 5 -4 -5 -6 -7 7 8 -10 -11 -12 -13 13 -15
leaf_value=-0.012759899274565421 0.05508221230254861 -0.0078838374652067719 -0.044164487044721368 0.054318272032375672 0.051264933739826268 -0.054143873000298465 0.041993291720780798 0.050654266557988992 0.050782259904527699 -0.03078233910257135 -0.047364593339712366 -0.03868803585728129 -0.0088786080906232325 0.036387727999575785
leaf_weight=8.6746600281621795 0.54905273122130793 7.9204507535323501 1.5241751505527652 0.44295031717047173 0.38848007423803288 0.47238904051482755 1.4783409124065654 1.2454729066812436 0.54166227538371448 1.3857011106447314 0.41934460995253164 0.54329000879079092 1.1299749598838389 1.0867578026372939
leaf_count=232 98 63 24 8 12 7 96 49 20 61 11 12 12 48
internal_value=-0.00335047 -0.00452766 -0.0121508 -0.00701783 -0.0100156 0.000655304 0.00229879 0.0125983 0.00575727 0.00156001 0.0116885 0.0178709 0.0267461 0.0133133
internal_weight=27.8027 27.2536 11.0303 9.50609 9.06314 16.2234 15.751 7.83054 6.3522 5.81054 4.42484 4.0055 3.46221 2.21673
internal_count=753 655 276 252 244 379 372 309 213 193 132 121 109 60
is_linear=0
shrinkage=0.05


Tree=183
num_leaves=15
num_cat=0
split_feature=195 204 108 162 126 204 65 215 214 213 65 160 166 166
split_gain=0.87413 0.776683 0.612061 0.534367 0.489119 0.496437 0.717459 0.488581 0.946256 0.890407 0.391018 0.745046 0.641836 0.568819
threshold=1.0000000180025095e-35 8.5000000000000018 1.0000000180025095e-35 1.0000000180025095e-35 1.0000000180025095e-35 2.5000000000000004 1.0000000180025095e-35 1.0000000180025095e-35 1.5000000000000002 1.5000000000000002 1.0000000180025095e-35 1.0000000180025095e-35 1.0000000180025095e-35 1.0000000180025095e-35
decision_type=2 2 2 2 2 2 2 2 2 2 2 2 2 2
left_child=1 2 3 4 5 6 -1 9 -9 -8 11 -7 -13 -12
right_child=-2 -3 -4 -5 -6 10 7 8 -10 -11 13 12 -14 -15
leaf_value=-0.031917441270587037 -0.06957454837412673 -0.061779344385238091 0.053843575777699597 -0.039110217737117703 0.049683686123692852 0.057873986312769056 -0.050691814037524902 0.079901941785861727 -0.016687288918016616 0.061427250972899063 -0.010959816706031338 0.01231737765537233 -0.016025918175462447 0.049855667228740116
leaf_weight=2.9205468641594257 0.50030997587600623 0.54630538879427959 0.4895928830082984 0.96338298061163996 0.46459585404954751 0.69488751247993086 0.63874414470046748 0.50337809696793534 0.51094273873604834 0.24500243365764618 6.587244244554312 7.0664914091757751 2.7844326238846406 0.4083243254572152
leaf_count=89 18 13 42 34 10 35 34 5 16 2 220 176 56 14
internal_value=-0.00414025 -0.00282146 -0.00149476 -0.00263371 -0.0010941 -0.00214916 -0.0163638 0.00756842 0.0312472 -0.0196089 0.00175561 0.00783567 0.00430595 -0.00741008
internal_weight=25.3242 24.8239 24.2776 23.788 22.8246 22.36 4.81861 1.89807 1.01432 0.883747 17.5414 10.5458 9.85092 6.99557
internal_count=764 746 733 691 657 647 146 57 21 36 501 267 232 234
is_linear=0
shrinkage=0.05


Tree=184
num_leaves=15
num_cat=0
split_feature=44 205 219 179 176 1 208 110 173 204 207 131 204 104
split_gain=0.803838 1.16052 0.674284 0.61652 0.682034 0.639612 1.51001 1.04621 0.853774 0.615088 0.948702 0.869527 0.797648 0.84425
threshold=1.0000000180025095e-35 2.5000000000000004 1.5000000000000002 1.0000000180025095e-35 1.0000000180025095e-35 1.0000000180025095e-35 1.0000000180025095e-35 1.0000000180025095e-35 1.0000000180025095e-35 4.5000000000000009 1.0000000180025095e-35 1.0000000180025095e-35 3.5000000000000004 1.0000000180025095e-35
decision_type=2 2 2 2 2 2 2 2 2 2 2 2 2 2
left_child=2 -2 3 4 5 9 7 8 -7 11 -11 12 13 -1
right_child=1 -3 -4 -5 -6 6 -8 -9 -10 10 -12 -13 -14 -15
leaf_value=0.0066592811640758228 -0.0065785572995884396 0.071424502597890724 0.054907781540198292 -0.017989363618655545 -0.06004729506201939 0.051417374686410777 -0.016325282172557538 0.086478773566178918 -0.033312255597731419 -0.047169130986536724 0.00099273240223539437 -0.043250674189380722 0.04596922383722727 -0.067229263178417251
leaf_weight=7.7507550204172855 0.97998483924311475 0.92874266352737322 0.5047884243685975 5.6288135513896114 0.4484223211184134 0.73164599580923029 1.5996348152402791 0.96621952287387092 0.50082910596393049 1.7121847316157062 2.5384184920985717 0.88244413229404095 1.2430958222248598 0.40689071617089201
leaf_count=218 45 25 93 132 4 12 11 27 14 30 77 8 66 4
internal_value=0.000104135 0.0313759 -0.00229167 -0.00347456 0.00087575 0.00236599 0.020635 0.047525 0.0169866 -0.00240852 -0.0184073 0.00420466 0.00865928 0.00297384
internal_weight=26.8229 1.90873 24.9141 24.4094 18.7805 18.3321 3.79833 2.19869 1.23248 14.5338 4.2506 10.2832 9.40074 8.15765
internal_count=766 70 696 603 471 467 64 53 26 403 107 296 288 222
is_linear=0
shrinkage=0.05


Tree=185
num_leaves=15
num_cat=0
split_feature=163 204 168 69 164 213 196 102 215 197 211 206 38 204
split_gain=0.723409 0.881578 1.23073 0.599683 0.625437 0.922991 0.484446 0.602776 0.463211 0.461054 0.536784 0.436669 0.430996 1.27067
threshold=1.0000000180025095e-35 1.5000000000000002 1.0000000180025095e-35 1.0000000180025095e-35 1.0000000180025095e-35 1.5000000000000002 1.0000000180025095e-35 1.0000000180025095e-35 1.5000000000000002 1.0000000180025095e-35 1.0000000180025095e-35 1.0000000180025095e-35 1.0000000180025095e-35 2.5000000000000004
decision_type=2 2 2 2 2 2 2 2 2 2 2 2 2 2
left_child=1 2 -1 4 8 -6 12 9 -3 10 -8 -11 -7 -14
right_child=-2 3 -4 -5 5 6 7 -9 -10 11 -12 -13 13 -15
leaf_value=0.043633615758310249 0.044522231050387356 -0.020161432076194009 -0.053593072517954546 0.053981320753677647 -0.035518388783211646 -0.012147956130591454 0.058595371812308297 -0.015111030893157044 0.02801823468110063 -0.059380828241798293 -0.019280809048482055 0.051295861799289633 0.094834039712460239 -0.0029558114893912923
leaf_weight=1.7046428993344371 0.73301061140955326 10.923163539671807 0.40230034478008736 0.37488558024051499 1.6670102774514823 4.2132207816466671 1.4638492834346841 0.79799209255725134 0.5227493467973553 0.22064284345833574 0.26067772950045753 0.14951037672290113 0.40765640139579806 1.7943757002940399
leaf_count=78 9 203 15 9 52 41 144 43 61 2 7 38 3 52
internal_value=-0.00443393 -0.00587496 0.0250691 -0.00873503 -0.00978367 -0.00125542 0.00488094 0.0218682 -0.017961 0.0359559 0.0468237 -0.0146769 -0.00277871 0.0151478
internal_weight=25.6357 24.9027 2.10694 22.7957 22.4208 10.9749 9.30793 2.89267 11.4459 2.09468 1.72453 0.370153 6.41525 2.20203
internal_count=757 748 93 655 646 382 330 234 264 191 151 40 96 55
is_linear=0
shrinkage=0.05


Tree=186
num_leaves=15
num_cat=0
split_feature=209 216 37 218 204 98 208 205 204 206 132 214 164 205
split_gain=1.16548 0.748112 0.77415 0.792508 0.851193 1.21081 0.690679 0.677238 0.95975 0.738504 0.585034 0.73553 0.571488 0.503002
threshold=1.0000000180025095e-35 1.5000000000000002 1.0000000180025095e-35 1.0000000180025095e-35 4.5000000000000009 1.0000000180025095e-35 1.0000000180025095e-35 1.5000000000000002 3.5000000000000004 1.5000000000000002 1.0000000180025095e-35 1.0000000180025095e-35 1.0000000180025095e-35 1.0000000180025095e-35
decision_type=2 2 2 2 2 2 2 2 2 2 2 2 2 2
left_child=7 2 3 -2 5 -5 -6 8 9 10 11 13 -13 -1
right_child=1 -3 -4 4 6 -7 -8 -9 -10 -11 -12 12 -14 -15
leaf_value=-0.0028967633268335308 0.039832616761470235 0.054973039523589041 -0.046753264835321516 -0.030574963292287462 -0.004149239315845695 0.043225314844713481 0.049606374526161144 -0.030937642938078647 0.054278947571389936 -0.037115349021775317 -0.045792500997758778 0.059834107566304563 -0.0060296333562149312 0.036209349542846762
leaf_weight=3.3836571234278381 0.78615772473858214 0.4201829432568055 1.4995795537251986 6.1935485928261169 5.2295875914060161 0.6105677019804715 0.67462577085825604 0.86429882037919092 1.3476307143864685 0.79508606321178366 0.3872176557779311 1.3940486694918943 0.43122601974755514 1.0862586935982106
leaf_count=119 39 28 21 132 186 46 13 28 55 16 4 32 17 17
internal_value=-0.00228635 -0.010828 -0.012672 -0.00888466 -0.0118984 -0.0239525 0.00199297 0.011302 0.0154388 0.00843879 0.0138589 0.0175281 0.0442736 0.00660663
internal_weight=25.1037 15.4142 14.9941 13.4945 12.7083 6.80412 5.90421 9.68942 8.82512 7.47749 6.68241 6.29519 1.82527 4.46992
internal_count=753 465 437 416 377 178 199 288 260 205 189 185 49 136
is_linear=0
shrinkage=0.05


Tree=187
num_leaves=15
num_cat=0
split_feature=131 53 117 108 176 214 219 205 23 208 6 204 216 110
split_gain=1.27497 1.23969 0.773253 0.529133 0.453122 0.329309 0.438978 0.304127 0.592148 0.581335 0.852174 0.542008 0.431836 1.28709
threshold=1.0000000180025095e-35 1.0000000180025095e-35 1.0000000180025095e-35 1.0000000180025095e-35 1.0000000180025095e-35 1.0000000180025095e-35 1.5000000000000002 1.5000000000000002 1.0000000180025095e-35 1.0000000180025095e-35 1.0000000180025095e-35 7.5000000000000009 1.0000000180025095e-35 1.0000000180025095e-35
decision_type=2 2 2 2 2 2 2 2 2 2 2 2 2 2
left_child=1 2 3 4 7 -4 -7 12 9 11 -11 -9 13 -1
right_child=-2 -3 5 -5 -6 6 -8 8 -10 10 -12 -13 -14 -15
leaf_value=0.0011963375558543966 0.085905843738491042 0.054494642616580546 -0.056373997229442432 0.054088593322134074 -0.053386915431783546 -0.052449266318916755 0.051191101372846742 -0.012151105826654221 0.030678728498037884 -0.004898033433856773 -0.071226150469679672 0.025332864379268669 -0.0075434327642613062 0.056701164628203918
leaf_weight=6.0320188642945336 0.41639985458459605 0.92719694192055513 0.97968880156986304 0.40950038505252351 0.44201176706701417 0.21406272053718567 0.19546371759497561 5.9068051753711153 0.86243210034445006 1.0024469576310364 0.93679026974132273 1.1525734394090248 5.719593510060804 1.2631670282280536
leaf_count=154 11 22 23 39 6 3 33 179 15 8 12 14 196 41
internal_value=-0.000894106 -0.00228191 -0.00437786 -0.00225505 -0.00324453 -0.0406347 -0.00298254 -0.00227567 -0.00889884 -0.012692 -0.0369393 -0.00603116 0.00274257 0.010807
internal_weight=26.4602 26.0438 25.1166 23.7273 23.3178 1.38922 0.409526 22.8758 9.86105 8.99862 1.93924 7.05938 13.0148 7.29519
internal_count=756 745 723 664 625 59 36 619 228 213 20 193 391 195
is_linear=0
shrinkage=0.05


Tree=188
num_leaves=15
num_cat=0
split_feature=134 26 159 206 110 166 216 169 130 54 170 199 197 74
split_gain=0.870164 1.02095 0.627525 0.88469 0.559511 1.77318 0.588251 0.560279 0.554107 0.472937 0.514921 0.459379 0.459076 0.400773
threshold=1.0000000180025095e-35 1.0000000180025095e-35 1.0000000180025095e-35 1.0000000180025095e-35 1.0000000180025095e-35 1.0000000180025095e-35 1.0000000180025095e-35 1.0000000180025095e-35 1.0000000180025095e-35 1.0000000180025095e-35 1.0000000180025095e-35 1.0000000180025095e-35 1.0000000180025095e-35 1.0000000180025095e-35
decision_type=2 2 2 2 2 2 2 2 2 2 2 2 2 2
left_child=2 -2 4 -4 9 7 -7 -6 -3 10 11 -1 -8 -14
right_child=1 8 3 -5 5 6 12 -9 -10 -11 -12 -13 13 -15
leaf_value=0.00090712010875858881 -0.0083809801991033533 -0.033755903227189431 0.15478870255554877 0.0077920574034853838 0.057119448280418185 0.037434602647058147 -0.058545277321676928 -0.02158549742469525 -0.11146979554495032 -0.025900820519670648 -0.028490884911083064 0.037140744795890676 0.009805094836779547 -0.032671174620242265
leaf_weight=11.195512347883781 3.274169484153389 0.52540256240172301 0.16316067351726715 0.27466236153850332 2.1102656989896782 0.60047392445267211 0.53953280672431025 0.25325782265281294 0.4070891048759222 1.9481486130098353 1.3801671015098698 0.9488999626773883 1.3777287231059747 0.93029991164803494
leaf_count=305 29 24 11 26 132 21 6 7 2 54 30 45 34 20
internal_value=-0.000712117 -0.0215264 0.00331874 0.0625723 0.00209988 0.0153275 -0.00753874 0.048686 -0.0676827 -0.00286842 0.000449282 0.00373822 -0.0170224 -0.00731587
internal_weight=25.9288 4.20666 21.7221 0.437823 21.2843 5.81156 3.44804 2.36352 0.932492 15.4727 13.5246 12.1444 2.84756 2.30803
internal_count=746 55 691 37 654 220 81 139 26 434 380 350 60 54
is_linear=0
shrinkage=0.05


Tree=189
num_leaves=15
num_cat=0
split_feature=219 170 208 202 213 202 201 164 218 214 21 38 6 197
split_gain=0.730877 0.374666 0.529444 0.695831 0.686007 0.47444 0.340641 0.271501 0.390028 0.845892 0.662318 0.760557 0.543014 0.486911
threshold=1.5000000000000002 1.0000000180025095e-35 1.0000000180025095e-35 1.5000000000000002 2.5000000000000004 1.5000000000000002 1.0000000180025095e-35 1.0000000180025095e-35 1.0000000180025095e-35 1.5000000000000002 1.0000000180025095e-35 1.0000000180025095e-35 1.0000000180025095e-35 1.0000000180025095e-35
decision_type=2 2 2 2 2 2 2 2 2 2 2 2 2 2
left_child=1 2 5 4 -4 7 -7 -1 10 12 11 13 -10 -9
right_child=-2 -3 3 -5 -6 6 -8 8 9 -11 -12 -13 -14 -15
leaf_value=-0.012766783738655699 0.05445548960429486 0.018778167437876303 -0.052286023441846588 -0.061295553817180708 0.017325520313426424 0.051275091226702978 0.00089574039999290036 -0.0012007009319070646 -0.023305831180667487 0.042584859449756068 -0.027808014220510421 0.08241543362047099 0.004020238288290727 0.075614962952045672
leaf_weight=9.8460303573229027 0.51130333037144637 1.4517196492524806 0.55369991826591924 1.0060044061392546 0.98091350903268903 0.61545791701064334 0.73770884249825031 1.2338367542251938 4.346117835084442 0.78823954434483301 0.6663846346491481 0.51038774265907694 3.1253755137440749 0.24771280586719502
leaf_count=257 101 34 12 7 17 25 10 67 50 76 19 8 78 2
internal_value=-0.00474721 -0.00590658 -0.00735988 -0.028977 -0.00779084 -0.00487671 0.0238097 -0.00674616 -0.00131669 -0.00667795 0.0153414 0.0297766 -0.0118752 0.0116428
internal_weight=26.6209 26.1096 24.6579 2.54062 1.53461 22.1173 1.35317 20.7641 10.9181 8.25973 2.65832 1.99194 7.47149 1.48155
internal_count=763 662 628 36 29 592 35 557 300 204 96 77 128 69
is_linear=0
shrinkage=0.05


Tree=190
num_leaves=15
num_cat=0
split_feature=108 214 141 220 213 66 45 206 26 208 220 61 214 196
split_gain=1.46105 0.752307 0.466735 0.432502 0.572747 0.338898 0.753552 0.345995 0.420895 0.335127 0.47694 0.299343 0.533316 0.435095
threshold=1.0000000180025095e-35 2.5000000000000004 1.0000000180025095e-35 1.0000000180025095e-35 2.5000000000000004 1.0000000180025095e-35 1.0000000180025095e-35 2.5000000000000004 1.0000000180025095e-35 1.0000000180025095e-35 1.0000000180025095e-35 1.0000000180025095e-35 1.0000000180025095e-35 1.0000000180025095e-35
decision_type=2 2 2 2 2 2 2 2 2 2 2 2 2 2
left_child=1 2 5 -4 -5 6 7 8 11 10 -3 12 -1 -14
right_child=-2 9 3 4 -6 -7 -8 -9 -10 -11 -12 -13 13 -15
leaf_value=0.00090913956389290307 0.065389562600997528 -0.025096526866818077 -0.046791806707354916 -0.023206743880723066 0.050950926313316748 -0.017758218759006305 0.04119096444881637 0.040616996680868593 -0.01694243620993862 0.099713704265476141 0.052048622264628863 -0.014425848101244924 0.002193313437858739 0.064018045402144036
leaf_weight=8.0160662145354014 0.80536081969330453 0.30691611021757015 1.2049552835524073 1.1575289462052749 0.33593337412457924 3.0472093783318988 1.0590115223312739 0.45574730451335277 4.2908310416387403 0.18232561915647238 0.57700848640524782 2.3745067403069688 0.50257888715714105 0.65605985070578754
leaf_count=165 63 6 13 78 57 43 26 16 141 2 70 24 8 32
internal_value=-0.000860874 -0.00306869 -0.00496399 -0.0245064 -0.00652602 -0.00237927 0.000321012 -0.002335 -0.0035708 0.0379933 0.0252623 0.0013971 0.00549224 0.0372005
internal_weight=24.972 24.1667 23.1004 2.69842 1.49346 20.402 17.3548 16.2958 15.84 1.06625 0.883925 11.5492 9.1747 1.15864
internal_count=744 681 603 148 135 455 412 386 370 78 76 229 205 40
is_linear=0
shrinkage=0.05


Tree=191
num_leaves=15
num_cat=0
split_feature=166 219 53 185 133 204 205 204 207 37 204 219 110 175
split_gain=0.577345 0.504381 0.779206 0.718681 0.69907 2.67679 0.614772 0.968494 0.493976 0.706127 0.533856 1.09353 0.452774 0.262754
threshold=1.0000000180025095e-35 1.0000000180025095e-35 1.0000000180025095e-35 1.0000000180025095e-35 1.0000000180025095e-35 1.5000000000000002 1.0000000180025095e-35 2.5000000000000004 1.0000000180025095e-35 1.0000000180025095e-35 1.5000000000000002 1.0000000180025095e-35 1.0000000180025095e-35 1.0000000180025095e-35
decision_type=2 2 2 2 2 2 2 2 2 2 2 2 2 2
left_child=8 6 3 4 5 -3 7 -2 9 10 11 -1 13 -10
right_child=1 2 -4 -5 -6 -7 -8 -9 12 -11 -12 -13 -14 -15
leaf_value=0.045519159709236659 -0.052722368640540467 0.35874054126843374 -0.0089088634967142179 -0.016981590481658589 0.041188634539864266 0.046797896427862071 0.034107705682716941 0.032234465864092759 0.0020178565309828681 -0.047867116187732456 -0.00875055377336721 -0.04735326095564181 0.054094722605156437 0.054277682113581409
leaf_weight=1.2224106360226912 0.93814363470300965 0.088639324996620972 0.9972617384046315 0.38808740282547649 1.3596029473701492 0.30680922314058989 0.720109337940812 0.52217946760356426 4.8259491200733455 1.046289840713144 13.000417465984354 0.42790674697607745 0.50881570250203356 0.25313698407262553
leaf_count=54 34 3 7 10 32 47 9 7 221 5 246 11 70 3
internal_value=4.33299e-05 0.0147748 0.0276022 0.0445918 0.0582073 0.116719 -0.00370005 -0.0223437 -0.00363926 -0.00818393 -0.00534994 0.0214385 0.00912722 0.00462244
internal_weight=26.6058 5.32083 3.1404 2.14314 1.75505 0.395449 2.18043 1.46032 21.2849 15.697 14.6507 1.65032 5.5879 5.07909
internal_count=759 149 99 92 82 50 50 41 610 316 311 65 294 224
is_linear=0
shrinkage=0.05


Tree=192
num_leaves=15
num_cat=0
split_feature=213 160 220 213 98 60 210 38 64 204 207 157 214 210
split_gain=0.584122 1.00845 0.748702 1.02341 0.496324 0.579518 0.496217 0.425275 1.20339 0.820625 0.551476 0.500109 0.498846 0.499009
threshold=1.5000000000000002 1.0000000180025095e-35 1.0000000180025095e-35 1.0000000180025095e-35 1.0000000180025095e-35 1.0000000180025095e-35 1.0000000180025095e-35 1.0000000180025095e-35 1.0000000180025095e-35 2.5000000000000004 1.0000000180025095e-35 1.0000000180025095e-35 1.5000000000000002 1.0000000180025095e-35
decision_type=2 2 2 2 2 2 2 2 2 2 2 2 2 2
left_child=2 -2 6 -4 7 -6 -1 8 11 -9 -11 12 -3 -14
right_child=1 4 3 -5 5 -7 -8 9 -10 10 -12 -13 13 -15
leaf_value=0.0061879444900876258 -0.040021189570739302 -0.04609117924236595 -0.017563015733771017 0.056705535946206913 0.056869231309404238 -0.0079357135300925068 -0.042830107725497293 0.06580870368641524 0.046581614008169313 -0.0062718837134874 0.028670655776564427 -0.0046766205094165118 -0.04791618469999237 0.066170609910825337
leaf_weight=4.5151448035612729 1.8957683453336418 2.429822055681139 0.6530559617385735 1.6010176189884078 0.7507815483404563 0.63824481569463387 0.58295725844800461 0.48161086719483215 0.68630397086963046 7.7353313446219527 1.3221708793716969 1.9352469639852641 0.17381029098760326 0.21367943329823902
leaf_count=143 54 46 25 75 110 12 12 5 14 122 85 20 5 16
internal_value=-0.000707722 -0.00549843 0.0111924 0.0351883 -0.0014997 0.027092 0.000582833 -0.00415123 -0.015309 0.00221054 -0.00117114 -0.0242465 -0.0376893 0.0149965
internal_weight=25.6149 18.2628 7.35218 2.25407 16.367 1.38903 5.0981 14.978 5.43886 9.53911 9.0575 4.75256 2.81731 0.38749
internal_count=744 489 255 100 435 122 155 313 101 212 207 87 67 21
is_linear=0
shrinkage=0.05


Tree=193
num_leaves=15
num_cat=0
split_feature=126 1 74 215 204 117 218 160 173 179 21 49 185 207
split_gain=0.819541 0.855756 0.539076 0.500654 0.940723 0.563985 0.473456 0.461976 0.608457 0.559505 0.699194 0.444294 0.422777 0.424395
threshold=1.0000000180025095e-35 1.0000000180025095e-35 1.0000000180025095e-35 1.0000000180025095e-35 1.5000000000000002 1.0000000180025095e-35 1.5000000000000002 1.0000000180025095e-35 1.0000000180025095e-35 1.0000000180025095e-35 1.0000000180025095e-35 1.0000000180025095e-35 1.0000000180025095e-35 1.0000000180025095e-35
decision_type=2 2 2 2 2 2 2 2 2 2 2 2 2 2
left_child=1 3 6 12 -5 11 7 -3 9 -9 -11 -6 13 -1
right_child=-2 2 -4 4 5 -7 -8 8 -10 10 -12 -13 -14 -15
leaf_value=-0.015496076214385139 0.076673918046679806 -0.045183926322878765 0.048937899995510209 0.075282696248841582 -0.00084532398700592625 -0.03816709655780063 0.038435915161662379 0.063717134876605047 -0.0027784810402562035 -0.05225285028799026 0.051248768547815841 0.044717155986998915 -0.052688700601826004 0.029211323333200312
leaf_weight=6.8365130280144584 0.35194617928936978 0.45976089723990288 0.93361537624150504 0.41439627576619464 6.6493337098072498 0.94944689533440385 1.1164963826886376 0.777680368264553 4.1237988951033913 0.31745121255517006 0.33574586745817214 0.58187351751257654 0.69951830059289921 0.57551070675253857
leaf_count=150 7 22 35 9 285 38 19 19 47 6 35 40 16 9
internal_value=0.000911522 -0.000164904 0.0132111 -0.00662171 0.00178686 -0.00193612 0.00853356 0.00298261 0.00696935 0.0350627 0.000947389 0.00282095 -0.0155315 -0.0120247
internal_weight=25.1231 24.7711 8.06455 16.7066 8.59505 8.18065 7.13093 6.01444 5.55468 1.43088 0.653197 7.23121 8.11154 7.41202
internal_count=737 730 183 547 372 363 148 129 107 60 41 325 175 159
is_linear=0
shrinkage=0.05


Tree=194
num_leaves=15
num_cat=0
split_feature=64 117 202 168 209 185 185 213 157 15 214 66 219 110
split_gain=0.327862 0.457891 0.673633 0.412083 0.577894 1.11734 0.773389 0.693889 0.669044 0.556948 0.428309 0.419697 0.389955 1.16858
threshold=1.0000000180025095e-35 1.0000000180025095e-35 1.5000000000000002 1.0000000180025095e-35 1.0000000180025095e-35 1.0000000180025095e-35 1.0000000180025095e-35 2.5000000000000004 1.0000000180025095e-35 1.0000000180025095e-35 1.5000000000000002 1.0000000180025095e-35 1.0000000180025095e-35 1.0000000180025095e-35
decision_type=2 2 2 2 2 2 2 2 2 2 2 2 2 2
left_child=1 2 3 4 6 8 7 9 10 -1 -6 -10 -2 -14
right_child=12 -3 -4 -5 5 -7 -8 -9 11 -11 -12 -13 13 -15
leaf_value=0.012994727273450824 -0.014656942141668086 -0.034010069128017191 0.059276163544566156 -0.033226323918101215 -0.0347390375997556 0.05125571681823108 -0.019768240748976817 0.051888180378776919 -0.025036383100215932 -0.04912119157662298 -0.0098570924472950374 0.021725024084220109 0.079859654447632974 0.0037522484143822951
leaf_weight=3.799626416643167 1.6599925151094783 1.4805841320558091 0.39734092916478303 1.3403035551309574 4.0921721746417425 0.64685528550762761 2.0642374574672431 1.0888197127496821 0.6972392408642919 0.39873824443202455 2.9956056006485596 1.5389798484393395 0.58084407576825459 3.8305217746237759
leaf_count=103 43 59 35 30 88 27 38 31 12 12 132 20 39 66
internal_value=-0.00420792 -0.0072252 -0.00514453 -0.0065161 -0.00444941 -0.0122911 0.00618644 0.0163197 -0.0166997 0.00709529 -0.0242228 0.00714511 0.00600008 0.0137733
internal_weight=26.6119 20.5405 19.0599 18.6626 17.3223 9.97085 7.35142 5.28718 9.324 4.19836 7.08778 2.23622 6.07136 4.41137
internal_count=735 587 528 493 463 279 184 146 252 115 220 32 148 105
is_linear=0
shrinkage=0.05


Tree=195
num_leaves=15
num_cat=0
split_feature=1 197 163 207 131 130 219 216 13 167 94 130 45 218
split_gain=1.62589 1.18759 0.768236 0.738236 1.12004 0.621384 0.620361 0.497787 0.435374 0.433321 0.421322 0.408506 0.55269 0.633097
threshold=1.0000000180025095e-35 1.0000000180025095e-35 1.0000000180025095e-35 1.0000000180025095e-35 1.0000000180025095e-35 1.0000000180025095e-35 1.0000000180025095e-35 1.0000000180025095e-35 1.0000000180025095e-35 1.0000000180025095e-35 1.0000000180025095e-35 1.0000000180025095e-35 1.0000000180025095e-35 1.0000000180025095e-35
decision_type=2 2 2 2 2 2 2 2 2 2 2 2 2 2
left_child=2 7 3 4 5 8 -3 -2 -1 -9 -10 12 13 -5
right_child=1 6 -4 11 -6 -7 -8 9 10 -11 -12 -13 -14 -15
leaf_value=-0.021036460492908575 0.031344321208285668 -0.0045848965764372744 0.040181135616780196 0.048643331002659697 -0.080860493209975959 0.021107573704632201 0.059716294821572272 -0.025936926144679441 0.068687988006558606 0.0096089056291374236 -0.025583835808962948 -0.021895194531262131 0.06318633562754282 -0.0061734837382549715
leaf_weight=9.5816711548832281 1.2410966664901923 0.46516141109168563 0.73870426218490948 0.66524457692867134 0.68139106035232622 1.0859056260960649 1.9373511738813247 1.491157187294448 0.27230364596471268 2.0172392260283232 0.20986178843304515 1.1116983804386107 0.47235315048601467 2.5295747436030069
leaf_count=260 18 6 6 31 2 19 118 18 11 14 12 49 42 143
internal_value=-0.0014411 0.0186196 -0.00971113 -0.01193 -0.0186293 -0.0148262 0.0472666 0.0041286 -0.0187036 -0.00549897 0.0276563 0.00465567 0.0127045 0.0052408
internal_weight=24.5007 7.15201 17.3487 16.61 11.8311 11.1497 2.40251 4.74949 10.0638 3.5084 0.482165 4.77887 3.66717 3.19482
internal_count=749 174 575 569 304 302 124 50 283 32 23 265 216 174
is_linear=0
shrinkage=0.05


Tree=196
num_leaves=15
num_cat=0
split_feature=204 201 215 203 1 74 64 133 204 216 65 199 206 205
split_gain=0.767664 0.762159 0.605248 0.630883 0.561948 1.10448 1.10124 0.794662 0.924013 0.715966 0.618655 1.59987 0.547011 0.558294
threshold=7.5000000000000009 1.0000000180025095e-35 1.5000000000000002 1.0000000180025095e-35 1.0000000180025095e-35 1.0000000180025095e-35 1.0000000180025095e-35 1.0000000180025095e-35 1.5000000000000002 1.0000000180025095e-35 1.0000000180025095e-35 1.0000000180025095e-35 1.0000000180025095e-35 1.5000000000000002
decision_type=2 2 2 2 2 2 2 2 2 2 2 2 2 2
left_child=2 -2 3 4 7 6 -6 8 9 -1 11 -10 -9 -14
right_child=1 -3 -4 -5 5 -7 -8 12 10 -11 -12 -13 13 -15
leaf_value=0.026386161936954079 0.069345639076730137 0.0093398836361923906 0.038879496315968133 -0.026502785066006441 0.053819583253504999 -0.027399943461806645 -0.0019290512137541149 -0.016200753634156056 -0.031606569154796836 -0.058385704315056623 -0.041792234910199934 0.047976674161162344 0.0545014997765981 0.007919206368301776
leaf_weight=1.6914356271736446 0.72443722852040005 1.9632815995719284 0.83314777925988792 2.8272563651844385 1.8871461728122076 1.2248903678846543 1.6695266754250042 1.3005839133402322 2.3359147625742485 0.29208561312407244 2.9638156661530957 0.86550069824443188 0.94157704873941872 2.0299419637885876
leaf_count=83 27 19 146 122 59 31 34 15 63 6 56 30 18 27
internal_value=0.000362918 0.0255136 -0.0028772 -0.0046141 -0.00101664 0.0135485 0.0276508 -0.00662366 -0.0157808 0.013903 -0.0253309 -0.0100913 0.010843 0.0226796
internal_weight=23.5505 2.68772 20.8628 20.0297 17.2024 4.78156 3.55667 12.4209 8.14875 1.98352 6.16523 3.20142 4.2721 2.97152
internal_count=736 46 690 544 422 124 93 298 238 89 149 93 60 45
is_linear=0
shrinkage=0.05


Tree=197
num_leaves=15
num_cat=0
split_feature=122 25 214 175 219 65 117 21 205 159 202 197 54 64
split_gain=0.818699 1.13571 0.422376 0.346122 0.763478 0.318914 0.450718 0.581175 0.891584 0.514205 0.48502 0.42322 1.30757 0.606105
threshold=1.0000000180025095e-35 1.0000000180025095e-35 2.5000000000000004 1.0000000180025095e-35 1.0000000180025095e-35 1.0000000180025095e-35 1.0000000180025095e-35 1.0000000180025095e-35 1.0000000180025095e-35 1.0000000180025095e-35 1.0000000180025095e-35 1.0000000180025095e-35 1.0000000180025095e-35 1.0000000180025095e-35
decision_type=2 2 2 2 2 2 2 2 2 2 2 2 2 2
left_child=1 2 5 4 -4 11 7 8 -7 -10 -9 -1 13 -13
right_child=-2 -3 3 -5 -6 6 -8 10 9 -11 -12 12 -14 -15
leaf_value=-0.004710310645696679 0.062171782216143605 -0.088202768683707564 -0.052828042407770837 0.092014404252921275 0.051621433177862601 0.022436969945429274 -0.045237079505006751 -0.049661721898576927 -0.024369532886561782 0.037052080054034563 0.020891698240639918 0.06306046045504228 -0.017714995453418741 -0.0050898881543774499
leaf_weight=11.779223997815288 0.46664766057801799 0.40038924827240308 0.27008851990103622 0.17919562757015228 0.49669779789837776 2.3735295084770769 0.93394305050605897 1.231399441603571 3.0301410326501359 0.38392157183261577 0.3036621733335777 1.2788890677911702 1.546108386508422 0.43798217488802049
leaf_count=221 43 2 5 1 87 58 32 19 87 21 37 42 77 19
internal_value=-0.00343739 -0.00467967 -0.00330034 0.0294515 0.0148307 -0.00463013 -0.0125259 -0.00835389 -0.00109946 -0.0174625 -0.035705 -0.00029617 0.0156387 0.045675
internal_weight=25.1118 24.6452 24.2448 0.945982 0.766786 23.2988 8.2566 7.32265 5.78759 3.41406 1.53506 15.0422 3.26298 1.71687
internal_count=751 708 706 93 92 613 254 222 166 108 56 359 138 61
is_linear=0
shrinkage=0.05


Tree=198
num_leaves=15
num_cat=0
split_feature=163 146 204 204 69 170 117 196 164 65 208 209 204 204
split_gain=0.499698 0.547648 0.980116 0.584142 0.832762 0.588316 0.946699 0.507001 0.536775 0.65121 0.376314 0.568504 0.666202 0.508364
threshold=1.0000000180025095e-35 1.0000000180025095e-35 3.5000000000000004 1.5000000000000002 1.0000000180025095e-35 1.0000000180025095e-35 1.0000000180025095e-35 1.0000000180025095e-35 1.0000000180025095e-35 1.0000000180025095e-35 1.0000000180025095e-35 1.5000000000000002 5.5000000000000009 4.5000000000000009
decision_type=2 2 2 2 2 2 2 2 2 2 2 2 2 2
left_child=1 3 -3 4 5 6 7 8 -1 -10 11 12 13 -4
right_child=-2 2 10 -5 -6 -7 -8 -9 9 -11 -12 -13 -14 -15
leaf_value=-0.050490327761556458 0.034508827148746722 -0.042656791379083875 0.046578648624396458 -0.012655568890024794 -0.056815835872882726 0.10496488064757403 0.11560549893027601 0.068287053517471094 0.068159183889697439 -0.050662408723055635 -0.015205161575925014 -0.0062353799394534856 0.11440786274886668 -0.018830548373522042
leaf_weight=0.50078679760918976 0.77000713147572142 0.71965088706929137 1.3107527603278875 18.005796405697765 0.32880448643118132 0.22754046134650696 0.21332668792456377 0.23019322310574353 0.30422378797084093 0.18569566961377859 0.57427278059185471 0.80295740973087948 0.28475934191374097 0.38410467765061174
leaf_count=39 9 23 40 495 7 4 7 9 19 9 8 40 10 25
internal_value=-0.00514083 -0.00640908 0.0102937 -0.00981414 0.0158881 0.0302736 0.0184238 0.00144335 -0.014088 0.0231219 0.0216454 0.0292507 0.0436443 0.031755
internal_weight=24.8429 24.0729 4.0765 19.9964 1.99057 1.66177 1.43423 1.2209 0.990706 0.489919 3.35685 2.78257 1.97962 1.69486
internal_count=744 735 146 589 94 87 83 76 67 28 123 115 75 65
is_linear=0
shrinkage=0.05


Tree=199
num_leaves=15
num_cat=0
split_feature=26 22 117 108 164 203 202 94 65 110 208 133 168 204
split_gain=0.980252 0.581997 0.526689 0.866515 0.606528 0.581679 0.500096 0.440662 0.53525 0.611031 0.454832 0.887896 0.4028 0.405446
threshold=1.0000000180025095e-35 1.0000000180025095e-35 1.0000000180025095e-35 1.0000000180025095e-35 1.0000000180025095e-35 1.0000000180025095e-35 1.5000000000000002 1.0000000180025095e-35 1.0000000180025095e-35 1.0000000180025095e-35 1.0000000180025095e-35 1.0000000180025095e-35 1.0000000180025095e-35 2.5000000000000004
decision_type=2 2 2 2 2 2 2 2 2 2 2 2 2 2
left_child=2 12 3 5 -4 7 -7 8 -1 -10 11 -9 13 -2
right_child=1 -3 4 -5 -6 6 -8 10 9 -11 -12 -13 -14 -15
leaf_value=-0.0022656832873648772 -0.040459242358132891 0.053562844718035921 0.017551999879676535 0.075552998230025883 -0.043154043903974065 -0.021262437214481802 0.063719830478142905 0.0080327402091233662 0.014279421736118018 0.070198412083889425 0.063249593813869284 0.065551622385050259 -0.051791363378252242 -0.0046122295954819101
leaf_weight=4.6738260502461362 0.93342324387049203 0.332863369694678 0.75566795995109781 0.55388605003827329 0.90331002735183574 1.8167421264806756 0.19134941560332652 2.9479399528354402 2.9693151256069545 0.58472336828708638 0.77003755490295578 0.86863241234095756 0.64324801944894705 5.0910539923061151
leaf_count=114 18 35 17 20 27 130 12 40 63 7 8 17 17 213
internal_value=0.00479048 -0.0109608 0.0112634 0.0141511 -0.0155023 0.0118567 -0.0131645 0.0157776 0.00885495 0.0234794 0.0281962 0.0211237 -0.014182 -0.0101663
internal_weight=24.036 7.00059 17.0354 15.3765 1.65898 14.8226 2.00809 12.8145 8.22786 3.55404 4.58661 3.81657 6.66773 6.02448
internal_count=738 283 455 411 44 391 142 249 184 70 65 57 248 231
is_linear=0
shrinkage=0.05


Tree=200
num_leaves=15
num_cat=0
split_feature=163 195 108 74 215 166 213 65 173 65 176 207 210 214
split_gain=0.982813 0.722429 0.522862 0.465745 0.487217 0.565409 0.812575 0.62322 0.493973 0.677143 0.489579 0.466 0.572985 0.64896
threshold=1.0000000180025095e-35 1.0000000180025095e-35 1.0000000180025095e-35 1.0000000180025095e-35 1.0000000180025095e-35 1.0000000180025095e-35 1.0000000180025095e-35 1.0000000180025095e-35 1.0000000180025095e-35 1.0000000180025095e-35 1.0000000180025095e-35 1.0000000180025095e-35 1.0000000180025095e-35 1.0000000180025095e-35
decision_type=2 2 2 2 2 2 2 2 2 2 2 2 2 2
left_child=1 2 3 4 5 8 7 -7 -1 -10 11 -6 -13 -14
right_child=-2 -3 -4 -5 10 6 -8 -9 9 -11 -12 12 13 -15
leaf_value=-0.030081852062939021 0.064215415028842815 -0.062726124546802417 0.05273189854388053 -0.024199096647485468 0.021550379158374829 0.092342178826930077 -0.051144804041250248 0.005542748867953317 -0.013361551025991512 0.019397800040855888 -0.044228600530274949 -0.031569272408974905 -0.032341813397892466 0.022463887786786318
leaf_weight=2.4121075703296935 0.57146424666279827 0.48201726109255005 0.44599731567723111 2.1300805828068397 4.9145222535007616 0.44004224194213815 0.25081301713362336 0.39015007205307484 5.6432696431875229 2.1894252635538578 0.41829250939190465 1.1300001826311925 0.69829253433272276 2.3848938738228753
leaf_count=100 7 15 45 65 164 15 10 14 35 22 7 38 10 190
internal_value=-0.000586265 -0.00213378 -0.000888184 -0.00192786 0.000345044 -0.00666834 0.0277234 0.0515507 -0.0102973 -0.00420453 0.00866604 0.01109 -0.00111159 0.0100513
internal_weight=24.5014 23.9299 23.4479 23.0019 20.8718 11.3258 1.08101 0.830192 10.2448 7.83269 9.546 9.12771 4.21319 3.08319
internal_count=737 730 715 670 605 196 39 29 157 57 409 402 238 200
is_linear=0
shrinkage=0.05


Tree=201
num_leaves=15
num_cat=0
split_feature=126 163 63 10 207 175 37 65 168 206 215 94 117 6
split_gain=0.32861 0.303425 0.307077 0.303551 0.249974 0.264114 0.464494 0.248991 0.708677 0.55264 0.925698 0.980482 0.542015 0.513471
threshold=1.0000000180025095e-35 1.0000000180025095e-35 1.0000000180025095e-35 1.0000000180025095e-35 1.5000000000000002 1.0000000180025095e-35 1.0000000180025095e-35 1.0000000180025095e-35 1.0000000180025095e-35 1.0000000180025095e-35 1.0000000180025095e-35 1.0000000180025095e-35 1.0000000180025095e-35 1.0000000180025095e-35
decision_type=2 2 2 2 2 2 2 2 2 2 2 2 2 2
left_child=1 2 3 4 5 6 7 -1 9 10 -9 -12 13 -11
right_child=-2 -3 -4 -5 -6 -7 -8 8 -10 12 11 -13 -14 -15
leaf_value=-0.0092224762862626684 -0.041411363868685103 0.025181549094140467 -0.039180863324348628 0.026887447825988925 0.034670174411638104 0.025257525221766376 -0.033090938300630701 -0.038363582186059952 -0.040630801492546831 0.01526843753004393 0.065942183471234483 -0.027356018754521951 -0.031374068878952124 0.059973492396224716
leaf_weight=13.232866624399348 0.62197498965542664 0.82592716964427282 0.66358385066268866 0.73712598817655717 0.37669635641213872 0.63962254440411825 1.6201344062574197 1.2949929134920233 0.82940749649424095 2.0624641205358794 0.61878253961913265 0.5167805609817151 0.42138046282343555 0.93280924855207548
leaf_count=344 10 10 31 17 73 6 23 34 13 73 29 21 23 39
internal_value=-0.00551593 -0.00461468 -0.00564237 -0.00468649 -0.00571879 -0.00640507 -0.00734573 -0.00525072 0.0026212 0.00875636 -0.00946851 0.0234833 0.0217213 0.0291908
internal_weight=25.3945 24.7726 23.9466 23.2831 22.5459 22.1692 21.5296 19.9095 6.67662 5.84721 2.43056 1.13556 3.41665 2.99527
internal_count=746 736 726 695 678 605 599 576 232 219 84 50 135 112
is_linear=0
shrinkage=0.05


Tree=202
num_leaves=15
num_cat=0
split_feature=53 204 69 117 166 124 134 205 163 110 208 204 164 213
split_gain=0.695286 0.564784 0.905886 0.654312 1.03094 0.858345 0.400108 0.417795 1.17738 0.561841 1.02677 0.982892 0.395398 1.10794
threshold=1.0000000180025095e-35 1.5000000000000002 1.0000000180025095e-35 1.0000000180025095e-35 1.0000000180025095e-35 1.0000000180025095e-35 1.0000000180025095e-35 1.0000000180025095e-35 1.0000000180025095e-35 1.0000000180025095e-35 1.5000000000000002 6.5000000000000009 1.0000000180025095e-35 1.5000000000000002
decision_type=2 2 2 2 2 2 2 2 2 2 2 2 2 2
left_child=1 2 3 4 5 -1 7 12 9 -9 11 -11 -3 -14
right_child=-2 6 -4 -5 -6 -7 -8 8 -10 10 -12 -13 13 -15
leaf_value=0.14803721111847062 0.042326963236930339 -0.016798509320694172 -0.056959482623625116 0.12187052959812217 -0.046026251252339917 0.030815401854871496 -0.018035670020193489 -0.0025468177584953137 0.095443776766523658 0.068823135291499957 -0.062383419480076141 -0.030689230859546619 -0.028356574572226123 0.052543537100556183
leaf_weight=0.18668364267796289 0.9429173885146146 5.2873072664951968 0.29560685902833927 0.20397086534649123 0.3703135480172931 0.95528355753049887 4.0248445970937601 8.6053061228230892 0.35318306088447649 1.08365850912378 0.25853872299194325 0.3218302308814599 0.87087418625014812 0.82331250990682747
leaf_count=10 22 130 6 6 25 49 55 279 2 85 1 14 29 38
internal_value=0.000223087 -0.00145624 0.0238833 0.0378077 0.0264696 0.0499783 -0.00381326 -0.000561556 0.00568307 0.00259602 0.0291915 0.0460367 -0.0100629 0.0109579
internal_weight=24.5836 23.6407 2.01186 1.71625 1.51228 1.14197 21.6289 17.604 10.6225 10.2693 1.66403 1.40549 6.98149 1.69419
internal_count=751 729 96 90 84 59 633 578 381 379 100 99 197 67
is_linear=0
shrinkage=0.05


Tree=203
num_leaves=15
num_cat=0
split_feature=53 159 204 176 175 132 214 64 24 57 204 204 44 208
split_gain=0.634331 0.512555 0.885541 0.354189 0.326042 0.387387 0.350642 0.346978 0.295057 0.283879 0.289547 0.529713 0.672444 0.688053
threshold=1.0000000180025095e-35 1.0000000180025095e-35 4.5000000000000009 1.0000000180025095e-35 1.0000000180025095e-35 1.0000000180025095e-35 2.5000000000000004 1.0000000180025095e-35 1.0000000180025095e-35 1.0000000180025095e-35 8.5000000000000018 4.5000000000000009 1.0000000180025095e-35 1.0000000180025095e-35
decision_type=2 2 2 2 2 2 2 2 2 2 2 2 2 2
left_child=1 3 -3 4 5 6 8 -7 9 10 11 -1 13 -13
right_child=-2 2 -4 -5 -6 7 -8 -9 -10 -11 -12 12 -14 -15
leaf_value=-0.0044698122222765332 0.039151711861506927 0.12688794227149774 -0.013680786109608321 -0.052695376937266947 0.035392255956696511 -0.04448282470231988 0.040311527529661988 0.0052534985121841793 -0.037777332473399275 -0.041943699468105458 -0.024251662055052029 0.0034746965588340738 0.078574591463939511 0.075952317347178888
leaf_weight=13.923635688115644 0.94447559805121173 0.20521123486105253 0.24676757809356786 0.36186721455305715 0.54446707858005439 1.0411427690924018 0.47868192122405062 0.52875762546318572 0.59159095527138461 0.43445446679834177 1.2640558014973056 4.0755743015615726 0.38034981599776063 0.35606526432093222
leaf_count=369 23 8 20 5 7 47 70 18 4 6 12 114 24 8
internal_value=-0.00105483 -0.00260907 0.0501414 -0.00360329 -0.00285114 -0.00375354 -0.00200309 -0.0277312 -0.00296644 -0.00195863 -0.00109003 0.000472638 0.0147738 0.009298
internal_weight=25.3771 24.4326 0.451979 23.9806 23.6188 23.0743 21.5044 1.5699 21.0257 20.4341 19.9997 18.7356 4.81199 4.43164
internal_count=735 712 28 684 679 672 607 65 537 533 527 515 146 122
is_linear=0
shrinkage=0.05


Tree=204
num_leaves=15
num_cat=0
split_feature=204 215 170 65 204 208 49 218 214 175 102 164 162 206
split_gain=0.293693 0.560394 0.628628 0.39068 0.315073 0.470517 0.904075 0.392335 0.350038 0.333951 0.322338 0.308791 0.560957 0.306139
threshold=1.5000000000000002 1.0000000180025095e-35 1.0000000180025095e-35 1.0000000180025095e-35 7.5000000000000009 1.0000000180025095e-35 1.0000000180025095e-35 1.5000000000000002 1.0000000180025095e-35 1.0000000180025095e-35 1.0000000180025095e-35 1.0000000180025095e-35 1.0000000180025095e-35 1.5000000000000002
decision_type=2 2 2 2 2 2 2 2 2 2 2 2 2 2
left_child=1 2 3 11 9 6 7 -6 -8 10 -2 12 -1 -12
right_child=4 -3 -4 -5 5 -7 8 -9 -10 -11 13 -13 -14 -15
leaf_value=-0.051147068501794041 -0.0068005939867772161 0.06970196416852166 0.071903671801525779 -0.050609051230467661 0.034575388056687209 -0.008573172052204597 -0.062020769880925891 0.10098470307237198 0.016125168237175535 -0.050379107900527312 -0.037176470662795884 0.042626499017555712 0.031373078757300672 0.037353681540456242
leaf_weight=0.42842447175644627 18.804490146038017 0.38514250377193082 0.28624737076461304 0.41069063544273365 0.54538838725420558 1.5293775703758001 0.25391092896461487 0.37554402812384069 0.32894380745710805 0.42130554746836324 0.16899337992072005 0.38759060576558113 0.39658204838633537 0.74603805267543066
leaf_count=28 550 11 5 24 18 7 1 8 19 6 3 24 6 52
internal_value=-0.00237948 0.0146834 0.0035865 -0.00846042 -0.00406904 0.0109543 0.030814 0.0616562 -0.0179178 -0.00633152 -0.00539045 0.00581477 -0.0114795 0.023589
internal_weight=25.4687 2.29468 1.90954 1.62329 23.174 3.03316 1.50379 0.920932 0.582855 20.1408 19.7195 1.2126 0.825007 0.915031
internal_count=762 98 87 82 664 53 46 26 20 611 605 58 34 55
is_linear=0
shrinkage=0.05


Tree=205
num_leaves=15
num_cat=0
split_feature=117 209 96 23 126 74 204 130 220 54 208 6 65 213
split_gain=0.929995 1.0408 0.753227 0.614319 0.527155 0.45365 0.487967 1.04439 0.892503 0.69362 0.464014 0.610008 0.446352 0.432885
threshold=1.0000000180025095e-35 1.5000000000000002 1.0000000180025095e-35 1.0000000180025095e-35 1.0000000180025095e-35 1.0000000180025095e-35 3.5000000000000004 1.0000000180025095e-35 1.0000000180025095e-35 1.0000000180025095e-35 1.0000000180025095e-35 1.0000000180025095e-35 1.0000000180025095e-35 1.5000000000000002
decision_type=2 2 2 2 2 2 2 2 2 2 2 2 2 2
left_child=1 2 4 -3 5 6 7 9 10 13 11 12 -8 -1
right_child=-2 3 -4 -5 -6 -7 8 -9 -10 -11 -12 -13 -14 -15
leaf_value=0.0078189284193498961 -0.039995521913754363 -0.03758728590344438 -0.025303999728312196 0.015561630199423734 0.06370240907128108 -0.01777209031608171 0.021998415660263265 0.07948645575534885 0.057080936876347702 -0.052018418955105922 -0.011000707127059424 0.045269506918258366 -0.022942188748919703 -0.01971520741291698
leaf_weight=5.5454787536291512 1.6538263946422365 2.6903124359087083 2.0708502862544256 0.68138251441996533 0.39477071503642847 1.9009559259866371 1.3605703711509716 0.39592163718771267 1.2094960293470647 0.67993211036082346 1.8219481091946361 1.4410303412005308 0.93028718605637539 1.9223023261874912
leaf_count=175 73 101 46 22 9 55 16 7 170 10 10 11 12 43
internal_value=-0.00377826 -0.00117915 0.00321977 -0.0268465 0.00657542 0.00526486 0.0081258 0.000182888 0.0181595 -0.00367071 0.00968332 0.0197815 0.00374863 0.00073129
internal_weight=24.6991 23.0452 19.6735 3.37169 17.6027 17.2079 15.307 8.54363 6.76333 8.14771 5.55384 3.73189 2.29086 7.46778
internal_count=760 687 564 123 518 509 454 235 219 228 49 39 28 218
is_linear=0
shrinkage=0.05


Tree=206
num_leaves=15
num_cat=0
split_feature=53 176 124 218 206 204 141 206 220 209 159 213 0 197
split_gain=0.354945 0.217078 0.258243 0.276768 1.01319 0.554523 0.242768 0.531731 0.551524 0.615171 0.362384 0.241178 0.238108 0.439796
threshold=1.0000000180025095e-35 1.0000000180025095e-35 1.0000000180025095e-35 1.5000000000000002 1.5000000000000002 7.5000000000000009 1.0000000180025095e-35 2.5000000000000004 1.0000000180025095e-35 1.0000000180025095e-35 1.0000000180025095e-35 1.5000000000000002 1.0000000180025095e-35 1.0000000180025095e-35
decision_type=2 2 2 2 2 2 2 2 2 2 2 2 2 2
left_child=1 2 -1 6 -5 -6 10 8 -8 11 12 -10 -4 -14
right_child=-2 -3 3 4 5 -7 7 -9 9 -11 -12 -13 13 -15
leaf_value=0.020491935480336527 -0.033299647224274309 -0.041272821294255482 -0.0038430179907147409 0.072832939038759495 0.043084941866849046 -0.022411784666770625 -0.053882246171216674 0.055303440119985031 0.0027495246829902995 0.050919606979386328 0.044407088675165567 -0.043239123433139987 -0.053250827946723693 0.018705661453891756
leaf_weight=1.0771015006757902 1.083329328772378 0.38498083944432337 15.832186266219662 0.52547823125496451 0.42811314351274621 1.3182333086879223 1.0691447006538506 0.2160763052816036 0.48287705006077863 0.35202982803457428 0.37471131805796076 0.69599741464480758 0.64300159591948691 0.3170562288723886
leaf_count=32 22 7 402 34 27 21 13 17 14 90 5 20 9 25
internal_value=-0.00531167 -0.00403326 -0.0034188 -0.00457604 0.011961 -0.0063554 -0.0064561 -0.0200629 -0.0263262 -0.00708171 -0.004224 -0.0244018 -0.00530918 -0.0294874
internal_weight=24.8003 23.717 23.332 22.2549 2.27182 1.74635 19.9831 2.81613 2.60005 1.5309 17.167 1.17887 16.7922 0.960058
internal_count=738 716 709 677 82 48 595 154 137 124 441 34 436 34
is_linear=0
shrinkage=0.05


Tree=207
num_leaves=15
num_cat=0
split_feature=126 205 219 204 110 204 179 208 10 185 13 197 214 162
split_gain=0.684965 0.308348 0.543175 0.406936 0.778875 0.880069 0.42927 0.375182 0.311615 0.31317 0.301013 0.467023 0.664001 0.40071
threshold=1.0000000180025095e-35 1.0000000180025095e-35 1.5000000000000002 6.5000000000000009 1.0000000180025095e-35 5.5000000000000009 1.0000000180025095e-35 1.0000000180025095e-35 1.0000000180025095e-35 1.0000000180025095e-35 1.0000000180025095e-35 1.0000000180025095e-35 1.5000000000000002 1.0000000180025095e-35
decision_type=2 2 2 2 2 2 2 2 2 2 2 2 2 2
left_child=1 10 3 4 6 -6 8 -5 9 -3 11 13 -13 -1
right_child=-2 2 -4 7 5 -7 -8 -9 -10 -11 -12 12 -14 -15
leaf_value=-0.03144367794186443 0.057771560900954866 -0.0065247530552678653 0.056470762733142277 -0.024831381590829746 0.059993968108012212 -0.043042332334193203 -0.045839638242178821 0.0038649015752128049 0.046794201038635318 0.028530354421863687 0.023360709386718387 0.064376099428139183 -0.0097222841346697262 0.01523855667844131
leaf_weight=4.4345913543365931 0.4116919789230441 5.7921219455311022 0.38042329649761164 3.4158724448352595 1.0050957195635417 0.26107183564454306 0.55845080316066731 1.7088239714503286 0.33479882829124097 0.71585557074286033 0.51733984757447693 0.32371980976313341 4.5771399298973847 0.51285443315282453
leaf_count=130 10 166 78 55 39 10 20 10 7 23 25 6 134 14
internal_value=-0.00618792 -0.00726101 -0.0024676 -0.00409328 0.00251073 0.0387489 -0.00368872 -0.0152626 -0.000248716 -0.00266881 -0.0138148 -0.0157677 -0.00482781 -0.0266046
internal_weight=24.9499 24.5382 14.1725 13.7921 8.66739 1.26617 7.40123 5.1247 6.84278 6.50798 10.3656 9.84831 4.90086 4.94745
internal_count=727 717 408 330 265 49 216 65 196 189 309 284 140 144
is_linear=0
shrinkage=0.05


Tree=208
num_leaves=15
num_cat=0
split_feature=206 219 195 167 205 166 126 94 213 216 208 9 173 207
split_gain=0.67832 1.05968 0.937306 0.212972 0.209396 0.96933 0.836254 0.390859 0.61516 0.381938 1.42447 0.881657 0.461379 0.418295
threshold=2.5000000000000004 1.0000000180025095e-35 1.0000000180025095e-35 1.0000000180025095e-35 1.0000000180025095e-35 1.0000000180025095e-35 1.0000000180025095e-35 1.0000000180025095e-35 1.5000000000000002 1.0000000180025095e-35 1.0000000180025095e-35 1.0000000180025095e-35 1.0000000180025095e-35 1.5000000000000002
decision_type=2 2 2 2 2 2 2 2 2 2 2 2 2 2
left_child=2 -2 4 -3 6 9 -1 -7 -9 11 12 13 -11 -6
right_child=1 3 -4 -5 5 7 -8 8 -10 10 -12 -13 -14 -15
leaf_value=-0.0099234399828829357 -0.016853926057682822 0.046714815032496387 -0.07949518962133785 0.10291511069982057 9.2585325659561338e-05 0.074707831578143688 0.066453082611980671 -0.047143447794378374 0.056290091312979018 0.035792879610237478 0.080997392466096052 -0.060078329036239678 -0.0090415731159230114 -0.046135910793538099
leaf_weight=10.360982454527409 0.54817989468574413 0.31638373385794694 0.39696374797494982 0.36082136631011963 6.6663488376652786 0.57700238889083333 0.37123313592746932 0.23051507564377971 0.38190438592573628 0.69257370202103619 0.60358365194406349 0.75553512625629071 3.3464612370444229 0.52809559853631061
leaf_count=307 8 48 11 2 172 7 7 10 14 32 14 21 73 31
internal_value=-0.00149254 0.0348256 -0.00327903 0.0766589 -0.00204485 0.00203302 -0.00728153 0.0451789 0.0173576 -0.00204228 0.00935262 -0.00869666 -0.00135381 -0.00330074
internal_weight=26.1366 1.22538 24.9112 0.677205 24.5142 13.782 10.7322 1.18942 0.612419 12.5926 4.64262 7.94998 4.03903 7.19444
internal_count=757 58 699 50 688 374 314 31 24 343 119 224 105 203
is_linear=0
shrinkage=0.05


Tree=209
num_leaves=15
num_cat=0
split_feature=195 104 66 45 185 159 157 219 208 215 38 204 0 65
split_gain=0.525939 0.347529 0.370019 0.526996 0.475466 0.842639 0.402404 0.439828 0.950794 0.289587 0.426748 0.537297 0.387039 0.366623
threshold=1.0000000180025095e-35 1.0000000180025095e-35 1.0000000180025095e-35 1.0000000180025095e-35 1.0000000180025095e-35 1.0000000180025095e-35 1.0000000180025095e-35 1.0000000180025095e-35 1.5000000000000002 1.0000000180025095e-35 1.0000000180025095e-35 1.5000000000000002 1.0000000180025095e-35 1.0000000180025095e-35
decision_type=2 2 2 2 2 2 2 2 2 2 2 2 2 2
left_child=1 2 3 9 5 -5 7 -4 -9 10 11 13 -11 -1
right_child=-2 -3 6 4 -6 -7 -8 8 -10 12 -12 -13 -14 -15
leaf_value=0.0040583147320759263 -0.055406290868457102 -0.027445463180153701 -0.030466802152746844 -0.02224243172479564 0.079534874375784659 0.089240330465044537 0.037565451449113961 0.053741022413064644 -0.061406595463935877 0.0040743398933114853 -0.0040087865110913111 -0.053972588721298287 -0.028122687137260349 -0.050505417147708336
leaf_weight=1.2530254670418943 0.46574199134192795 1.2530052115325805 0.68567643966525704 0.59621784210321382 0.34109403617912903 0.23682558062137105 1.2607496323180385 0.66251131081662606 0.24578160047531128 9.5901546542590932 6.317681803368032 1.1356709795072673 1.0340308539452969 0.40813458524644364
leaf_count=61 16 49 15 30 7 13 17 50 1 329 60 35 42 28
internal_value=-0.00276094 -0.00178098 -0.000427967 -0.00273294 0.0298108 0.00945096 0.0164576 -0.000237736 0.0225824 -0.00466877 -0.0112073 -0.0274679 0.000940667 -0.00934759
internal_weight=25.4863 25.0206 23.7676 20.9128 1.17414 0.833043 2.85472 1.59397 0.908293 19.7387 9.11451 2.79683 10.6242 1.66116
internal_count=753 737 688 605 50 43 83 66 51 555 184 124 371 89
is_linear=0
shrinkage=0.05


Tree=210
num_leaves=15
num_cat=0
split_feature=24 168 214 204 126 215 65 205 163 170 204 209 173 216
split_gain=1.43339 0.683007 0.59067 0.434061 0.517281 0.584925 0.396511 0.391018 1.0225 0.50844 0.433226 0.849862 0.40509 0.698915
threshold=1.0000000180025095e-35 1.0000000180025095e-35 1.0000000180025095e-35 1.5000000000000002 1.0000000180025095e-35 1.0000000180025095e-35 1.0000000180025095e-35 1.0000000180025095e-35 1.0000000180025095e-35 1.0000000180025095e-35 3.5000000000000004 1.0000000180025095e-35 1.0000000180025095e-35 1.0000000180025095e-35
decision_type=2 2 2 2 2 2 2 2 2 2 2 2 2 2
left_child=1 3 -3 4 5 6 -1 10 9 -9 11 12 13 -5
right_child=-2 2 -4 7 -6 -7 -8 8 -10 -11 -12 -13 -14 -15
leaf_value=0.011107685747291962 -0.089967264792198798 -0.011839261499220332 0.063912978942285439 -0.041537648772423323 0.087358525093891637 0.068309614904598193 -0.050476776136187174 0.00079851775582204373 0.08592713173090312 -0.049735965505158283 -0.02858658801242522 0.038060885609465647 0.028623661421379395 0.0091226149344123975
leaf_weight=1.1116438964381914 0.45075549546891025 0.39264044119045027 0.74673072382574901 1.7894066568114828 0.25031018257141102 0.35389189468696702 0.34171121008694161 12.176207825948945 0.34536996483802873 0.51895576040260571 2.8587819712920464 0.95742269881884556 0.45234728045761574 1.0989230897976083
leaf_count=49 13 20 27 37 2 9 24 385 2 10 91 31 6 30
internal_value=-0.00165167 4.99672e-05 0.0378079 -0.0018831 0.0199947 0.0106646 -0.00337198 -0.00411184 0.00104204 -0.00126724 -0.0135027 -0.00347002 -0.0153726 -0.0222629
internal_weight=23.8451 23.3943 1.13937 22.255 2.05756 1.80725 1.45336 20.1974 13.0405 12.6952 7.15688 4.2981 3.34068 2.88833
internal_count=736 723 47 676 84 82 73 592 397 395 195 104 73 67
is_linear=0
shrinkage=0.05


Tree=211
num_leaves=15
num_cat=0
split_feature=219 205 164 173 124 117 206 209 220 65 205 210 205 94
split_gain=0.478206 0.285713 0.74412 0.842409 0.634396 0.625664 0.505444 0.557606 0.464658 0.40563 0.397305 0.347377 0.313614 0.331703
threshold=1.5000000000000002 1.0000000180025095e-35 1.0000000180025095e-35 1.0000000180025095e-35 1.0000000180025095e-35 1.0000000180025095e-35 1.0000000180025095e-35 1.0000000180025095e-35 1.0000000180025095e-35 1.0000000180025095e-35 3.5000000000000004 1.5000000000000002 1.5000000000000002 1.0000000180025095e-35
decision_type=2 2 2 2 2 2 2 2 2 2 2 2 2 2
left_child=1 2 4 6 -1 8 -4 -8 9 11 -10 12 13 -3
right_child=-2 5 3 -5 -6 -7 7 -9 10 -11 -12 -13 -14 -15
leaf_value=0.031800985845284409 0.055609002178671464 0.056156977777033101 0.034931047120941354 0.069606534593372252 -0.017034489147199461 -0.052383413986076856 -0.04267296513115823 0.02369235637525564 0.051064238125067218 -0.0084361218272664927 -0.02000712369382197 -0.0020790901394862529 0.0099527582974160058 0.014400899548687741
leaf_weight=0.73327391501516093 0.41482104468741354 0.94992469809948843 0.77292198664508838 0.61032667639665295 7.1436063123401308 0.44167899526655752 0.78765113156987332 0.52913514091051184 1.0041955875058199 3.8003117544576517 0.24452353827655304 3.1004440411925316 3.4409520253539085 0.95251738931983709
leaf_count=18 101 13 38 16 184 10 22 15 207 42 7 20 31 15
internal_value=0.00237333 0.00147239 -0.00472369 0.0179282 -0.0124883 0.00617548 0.00283486 -0.0160048 0.00809237 0.00512922 0.0371471 0.0112346 0.0189597 0.0352505
internal_weight=24.9263 24.5115 10.5769 2.70003 7.87688 13.9345 2.08971 1.31679 13.4929 12.2441 1.24872 8.44384 5.34339 1.90244
internal_count=739 638 293 91 202 345 75 37 335 121 214 79 59 28
is_linear=0
shrinkage=0.05


Tree=212
num_leaves=15
num_cat=0
split_feature=205 207 131 219 98 206 179 213 1 204 130 205 209 205
split_gain=0.842976 0.288922 0.408195 0.395359 0.561552 0.3062 0.297004 1.1489 0.504606 0.839244 0.833313 0.416774 0.672155 0.625731
threshold=3.5000000000000004 1.0000000180025095e-35 1.0000000180025095e-35 1.0000000180025095e-35 1.0000000180025095e-35 1.5000000000000002 1.0000000180025095e-35 1.5000000000000002 1.0000000180025095e-35 7.5000000000000009 1.0000000180025095e-35 2.5000000000000004 1.0000000180025095e-35 1.0000000180025095e-35
decision_type=2 2 2 2 2 2 2 2 2 2 2 2 2 2
left_child=1 6 3 5 -5 -3 8 -8 10 -10 11 12 13 -1
right_child=-2 2 -4 4 -6 -7 7 -9 9 -11 -12 -13 -14 -15
leaf_value=-0.0091374773067902076 0.08095796996431516 -0.038371277834567438 0.062189687858090405 -0.0098485672185296119 0.052854723234004343 -0.0084424789160341233 0.057496407318271082 -0.020084828539594961 0.059613457928536256 0.00361594572625273 0.053361178817756316 0.020362751314390675 -0.031656295168771047 0.027847557997414459
leaf_weight=4.2031198156182725 0.31625866767717425 1.76847362704575 0.18459462880855415 1.6712022060164602 0.45408560254872998 1.6537986062467096 0.55092347972094913 3.5664812430768507 1.0573316950758447 1.8222584575414655 0.69411464661243449 1.5463039147434754 2.1807309980504215 1.5710678520845247
leaf_count=163 11 18 8 143 116 19 15 95 35 11 16 16 47 36
internal_value=-0.000115953 -0.00123442 -0.0109556 -0.0133895 0.00354852 -0.0239083 0.00200675 -0.00970418 0.00569462 0.0241772 0.000474374 -0.00338929 -0.00800629 0.000925583
internal_weight=23.2407 22.9245 5.73215 5.54756 2.12529 3.42227 17.1923 4.1174 13.0749 2.87959 10.1953 9.50122 7.95492 5.77419
internal_count=749 738 304 296 259 37 434 110 324 46 278 262 246 199
is_linear=0
shrinkage=0.05


Tree=213
num_leaves=15
num_cat=0
split_feature=110 213 206 96 204 205 197 54 213 10 208 130 219 207
split_gain=0.342583 0.582612 0.818644 0.438782 0.372806 0.369202 0.673041 0.364678 0.28373 0.259898 0.340628 0.482882 0.276008 0.288701
threshold=1.0000000180025095e-35 3.5000000000000004 1.0000000180025095e-35 1.0000000180025095e-35 4.5000000000000009 1.0000000180025095e-35 1.0000000180025095e-35 1.0000000180025095e-35 3.5000000000000004 1.0000000180025095e-35 1.0000000180025095e-35 1.0000000180025095e-35 1.5000000000000002 1.5000000000000002
decision_type=2 2 2 2 2 2 2 2 2 2 2 2 2 2
left_child=7 2 -2 5 -3 6 -4 9 -9 10 11 12 13 -1
right_child=1 4 3 -5 -6 -7 -8 8 -10 -11 -12 -13 -14 -15
leaf_value=0.003386227617021165 -0.03936350347272656 -0.02133396331095826 -0.0075499508468690737 -0.039634860373276071 0.0049121361762654537 0.061805066559892423 0.052468535030249369 -0.046919079987053747 -0.0075322676401829436 -0.033404757786332534 0.035725027538555124 -0.030179169837993233 -0.040835415999236284 -0.046036191987071998
leaf_weight=9.3768120786116818 0.473015228606528 2.0225319968303666 0.90087924897670812 0.20299887179862697 4.0870521690667374 0.95288905702909676 0.97008629917399958 0.92689099552808396 0.90239745894359658 0.69329473469406444 0.57229782774811688 1.507949986364111 0.39452959512709718 0.30510252760723311
leaf_count=304 14 37 11 12 55 43 86 26 48 14 21 54 14 18
internal_value=-0.00179755 0.00554173 0.0218081 0.0313675 -0.00377644 0.0364717 0.0235693 -0.00660204 -0.0274894 -0.00362858 -0.00193045 -0.00379072 0.000158338 0.0018288
internal_weight=24.2887 9.60945 3.49987 3.02685 6.10958 2.82385 1.87097 14.6793 1.82929 12.85 12.1567 11.5844 10.0764 9.68191
internal_count=757 258 166 152 92 140 97 499 74 425 411 390 336 322
is_linear=0
shrinkage=0.05


Tree=214
num_leaves=15
num_cat=0
split_feature=204 98 53 131 219 38 164 173 220 94 166 210 164 110
split_gain=0.524508 0.649274 0.578074 0.552949 0.505977 0.378561 0.800455 0.71561 0.376449 1.1821 0.328094 0.323618 0.25978 0.247015
threshold=4.5000000000000009 1.0000000180025095e-35 1.0000000180025095e-35 1.0000000180025095e-35 1.0000000180025095e-35 1.0000000180025095e-35 1.0000000180025095e-35 1.0000000180025095e-35 1.0000000180025095e-35 1.0000000180025095e-35 1.0000000180025095e-35 1.0000000180025095e-35 1.0000000180025095e-35 1.0000000180025095e-35
decision_type=2 2 2 2 2 2 2 2 2 2 2 2 2 2
left_child=1 2 5 4 12 8 -7 11 13 -10 -6 -8 -2 -1
right_child=3 -3 -4 -5 10 6 7 -9 9 -11 -12 -13 -14 -15
leaf_value=-0.019567380069213131 -0.031403017569132101 0.045210833639730684 -0.058423430526007306 0.070893270833790087 0.0095599652534619356 -0.010473077443123141 -0.032106199041152493 0.068151164813237519 0.051151419921909462 -0.033821390625310151 0.058361891192212016 0.033868819761740242 -0.0016597950843241236 -0.056221151082251834
leaf_weight=5.62814071937464 1.1403578883036938 0.51889355909952506 0.63336663320660669 0.31407381099416021 4.6851124743625405 4.5463170555012766 0.40672910434659548 0.70808211871189997 0.7425812816218238 0.91192926501389593 0.37172637891490001 0.34230018209200352 2.0607968354597688 0.50052718445658673
leaf_count=143 19 53 4 5 198 111 13 23 68 22 23 19 27 7
internal_value=-0.00408212 -0.00973924 -0.0117166 0.00577675 0.00330019 -0.00957084 -0.00013701 0.0321124 -0.0168475 0.0043163 0.0131474 -0.00195616 -0.0122553 -0.0225609
internal_weight=23.5109 14.9389 14.42 8.57207 8.25799 13.7866 6.00343 1.45711 7.78318 1.65451 5.05684 0.749029 3.20115 6.12867
internal_count=735 463 410 272 267 406 166 55 240 90 221 32 46 150
is_linear=0
shrinkage=0.05


Tree=215
num_leaves=15
num_cat=0
split_feature=53 168 215 117 160 54 63 60 199 207 206 204 208 209
split_gain=0.884852 0.6066 0.560014 0.522912 0.593449 0.634944 0.70986 0.631405 0.474703 0.468048 0.452866 0.84075 0.417118 0.498522
threshold=1.0000000180025095e-35 1.0000000180025095e-35 1.0000000180025095e-35 1.0000000180025095e-35 1.0000000180025095e-35 1.0000000180025095e-35 1.0000000180025095e-35 1.0000000180025095e-35 1.0000000180025095e-35 1.5000000000000002 1.0000000180025095e-35 1.5000000000000002 1.0000000180025095e-35 1.0000000180025095e-35
decision_type=2 2 2 2 2 2 2 2 2 2 2 2 2 2
left_child=1 3 -3 4 8 6 7 9 -1 10 11 -6 13 -12
right_child=-2 2 -4 -5 5 -7 -8 -9 -10 -11 12 -13 -14 -15
leaf_value=-0.026725985785298861 0.050833425659869071 -0.013491020543311947 0.061354347051628046 -0.033730870613807938 0.042212266375469376 -0.0095341176975240038 -0.048946684573769716 -0.025544491688338989 0.03146708262681213 -0.03550181013518719 0.017079708169752166 -0.0088482722028746345 -0.014616498541795968 0.050102403881293368
leaf_weight=2.8077900325151997 0.89634629106148977 0.37769396416842826 0.73879103762737941 1.2074297303843184 1.1754812829894912 5.6021365733759003 0.46758200920885507 0.91495666489936489 0.40042199638264708 0.39127547272801244 2.1382278361124918 2.5661350981390569 0.47226389672141511 2.4551399084739387
leaf_count=80 23 20 28 63 45 162 19 24 32 35 52 76 11 99
internal_value=0.00214964 0.000140117 0.036035 -0.00180544 0.000182441 0.00407698 0.0112834 0.014068 -0.0194628 0.0180082 0.0203855 0.00719311 0.0301297 0.0347302
internal_weight=22.6117 21.7153 1.11649 20.5988 19.3914 16.1832 10.5811 10.1135 3.20821 9.19852 8.80725 3.74162 5.06563 4.59337
internal_count=769 746 48 698 635 523 361 342 112 318 283 121 162 151
is_linear=0
shrinkage=0.05


Tree=216
num_leaves=15
num_cat=0
split_feature=204 179 215 122 162 203 117 94 206 133 164 214 206 205
split_gain=1.42515 0.636567 0.591866 0.405897 0.38172 0.296647 0.400304 0.397962 0.497083 0.511149 0.481744 0.461102 0.511614 0.421628
threshold=8.5000000000000018 1.0000000180025095e-35 1.5000000000000002 1.0000000180025095e-35 1.0000000180025095e-35 1.0000000180025095e-35 1.0000000180025095e-35 1.0000000180025095e-35 1.0000000180025095e-35 1.0000000180025095e-35 1.0000000180025095e-35 1.0000000180025095e-35 1.0000000180025095e-35 1.0000000180025095e-35
decision_type=2 2 2 2 2 2 2 2 2 2 2 2 2 2
left_child=1 2 3 4 5 6 7 10 -9 -10 11 12 -1 -12
right_child=-2 -3 -4 -5 -6 -7 -8 8 9 -11 13 -13 -14 -15
leaf_value=0.0057129461126513865 0.082195857984067977 -0.018335259100794123 0.045655297009508829 -0.030851102118382934 -0.041932251036187272 -0.011804949325331167 -0.027853665902808963 -0.019547677555479554 0.021806672012951403 0.077886149857359463 0.033206303725474833 0.024868269548580731 -0.039556913356468625 0.0018905523103748705
leaf_weight=1.0355543156620193 0.50840721357962948 4.9240122279006746 0.74422133924963318 0.99709136638557616 0.47817929914163038 2.6357400309934738 0.78766119509236965 0.59301118121948126 2.6634219364204914 0.47947940614540119 1.6584498396841807 0.67244075937196601 1.570833954028785 3.0543746364419349
leaf_count=39 22 152 139 11 17 113 29 12 59 17 52 18 22 41
internal_value=-0.000579013 -0.00246663 0.00203166 7.8987e-05 0.00205223 0.00344042 0.00665114 0.00896859 0.0224398 0.0303621 0.00267111 -0.0120466 -0.0215706 0.0129106
internal_weight=22.8029 22.2945 17.3705 16.6262 15.6291 15.151 12.5152 11.7276 3.73591 3.1429 7.99165 3.27883 2.60639 4.71282
internal_count=743 721 569 430 419 402 289 260 88 76 172 79 61 93
is_linear=0
shrinkage=0.05


Tree=217
num_leaves=15
num_cat=0
split_feature=204 167 162 166 205 204 53 208 219 117 220 208 215 203
split_gain=0.955537 1.31088 0.666792 0.560024 0.530268 0.727177 0.518018 0.432818 0.425975 0.480019 0.286615 0.278533 0.609739 0.508284
threshold=8.5000000000000018 1.0000000180025095e-35 1.0000000180025095e-35 1.0000000180025095e-35 1.0000000180025095e-35 2.5000000000000004 1.0000000180025095e-35 1.0000000180025095e-35 1.5000000000000002 1.0000000180025095e-35 1.0000000180025095e-35 1.0000000180025095e-35 1.0000000180025095e-35 1.0000000180025095e-35
decision_type=2 2 2 2 2 2 2 2 2 2 2 2 2 2
left_child=1 2 3 8 5 -5 10 -3 9 11 -7 13 -13 -1
right_child=-2 7 -4 4 -6 6 -8 -9 -10 -11 -12 12 -14 -15
leaf_value=0.0025640258990601728 -0.043373719022326666 0.0248331490852539 -0.038876485296900111 -0.036406800590356746 0.059550186101895691 0.011936609553321429 -0.0040354202798751964 0.077315460620520429 0.056180033989327909 -0.049300405559426434 0.054828881650807251 -0.015583929278082803 0.058269879194270152 -0.022359704565750132
leaf_weight=10.827038038085457 1.0607494753494382 0.85021749511361011 0.9593593857716759 0.63295157405082081 0.70704370601742983 0.5953921042382716 1.0915961945429444 0.73026157543063164 0.32340286000544516 0.51405101455748159 1.1261385849502403 0.52427825517952331 0.59851801299373619 2.5221136746404218
leaf_count=253 20 18 33 32 23 9 7 6 80 19 43 4 24 161
internal_value=0.00297769 0.00521232 0.00181714 0.00382303 0.0201072 0.0120146 0.0229093 0.0490826 -0.000594523 -0.00181974 0.0399946 -0.000133199 0.0237846 -0.00214492
internal_weight=23.0631 22.0024 20.4219 19.4625 4.15312 3.44608 2.81313 1.58048 15.3094 14.986 1.72153 14.4719 1.1228 13.3492
internal_count=732 712 688 655 114 91 59 24 541 461 52 442 28 414
is_linear=0
shrinkage=0.05


Tree=218
num_leaves=15
num_cat=0
split_feature=117 49 150 196 195 179 205 219 205 110 160 63 63 166
split_gain=0.424537 0.687433 0.530548 0.789648 0.439283 0.484481 0.434837 0.401528 0.688566 0.356395 0.328879 0.627246 0.280465 0.499682
threshold=1.0000000180025095e-35 1.0000000180025095e-35 1.0000000180025095e-35 1.0000000180025095e-35 1.0000000180025095e-35 1.0000000180025095e-35 1.0000000180025095e-35 1.5000000000000002 1.0000000180025095e-35 1.0000000180025095e-35 1.0000000180025095e-35 1.0000000180025095e-35 1.0000000180025095e-35 1.0000000180025095e-35
decision_type=2 2 2 2 2 2 2 2 2 2 2 2 2 2
left_child=1 4 3 -3 5 10 -7 -2 -9 -8 11 -1 13 -12
right_child=7 2 -4 -5 -6 6 9 8 -10 -11 12 -13 -14 -15
leaf_value=-0.0278122921101236 -0.053608285064636385 -0.038375605820691341 0.11511668479883308 0.06032988181456464 -0.054891341956633782 -0.026987624961386431 -0.02648784974383387 -0.048501916770858161 0.056359603203707635 0.059654707948228095 0.0013505853648313193 0.044092766790636499 -0.038452502691315664 0.04325835195828015
leaf_weight=2.0968046217895 0.85260989144444355 0.34292593260761239 0.17744205892086029 0.49525375998200616 0.44193361973157053 3.3154044462135057 0.20748007623478759 0.34569125541020185 0.28612502806208795 0.28500626640743576 12.055621404244445 0.3545786908653098 0.40471058961702588 0.75588459940627295
leaf_count=73 25 16 1 42 5 72 8 14 33 32 350 10 22 31
internal_value=-0.00538392 -0.00355161 0.0365738 0.0199463 -0.00559767 -0.00447911 -0.0204755 -0.0312227 -0.00101421 0.0233636 -0.0005913 -0.0174116 0.00252859 0.00382316
internal_weight=22.4175 20.933 1.01562 0.83818 19.9174 19.4755 3.80789 1.48443 0.631816 0.492486 15.6676 2.45138 13.2162 12.8115
internal_count=734 662 59 58 603 598 112 72 47 40 486 83 403 381
is_linear=0
shrinkage=0.05


Tree=219
num_leaves=15
num_cat=0
split_feature=37 38 179 25 45 204 201 163 63 168 65 110 205 54
split_gain=0.94789 0.627175 0.5243 0.606162 0.721118 0.454652 0.41524 0.352851 0.499168 0.336261 0.329948 0.328527 0.679633 0.190947
threshold=1.0000000180025095e-35 1.0000000180025095e-35 1.0000000180025095e-35 1.0000000180025095e-35 1.0000000180025095e-35 3.5000000000000004 1.0000000180025095e-35 1.0000000180025095e-35 1.0000000180025095e-35 1.0000000180025095e-35 1.0000000180025095e-35 1.0000000180025095e-35 1.0000000180025095e-35 1.0000000180025095e-35
decision_type=2 2 2 2 2 2 2 2 2 2 2 2 2 2
left_child=2 -2 3 7 -5 -6 9 8 13 10 11 -4 -13 -1
right_child=1 -3 6 4 5 -7 -8 -9 -10 -11 -12 12 -14 -15
leaf_value=0.012234759151492365 -0.011514832676581153 -0.083557277723846884 -0.048514156256082443 0.03505830726282224 -0.070676386638602429 -0.005834116919790848 -0.041423646130114511 0.047507551035586959 -0.040450588670489271 -0.035430699467475894 0.051323416550736294 -0.0074473297620606159 0.062722936136927532 -0.00074536870353114485
leaf_weight=10.555136637936814 0.66772138304076978 0.55171789892483503 0.36903318797703821 0.37713982927380185 0.67771986097795889 0.44972642380162142 0.99478362267836917 0.55742339225253168 0.53461212688125748 0.79247981403022993 0.29322564080939617 2.7517807920230557 0.39454657657188352 3.8729155203618584
leaf_count=380 16 8 12 20 6 24 9 8 26 11 45 60 25 103
internal_value=-0.00116888 -0.0441094 0.00114598 0.00551015 -0.0247913 -0.0448115 -0.0121315 0.00844771 0.00699257 -0.00579831 0.000367514 -0.00388285 0.00135196 0.00875051
internal_weight=23.84 1.21944 22.6205 17.0247 1.50459 1.12745 5.59585 15.5201 14.9627 4.60107 3.80859 3.51536 3.14633 14.4281
internal_count=753 24 729 567 50 30 162 517 509 153 142 97 85 483
is_linear=0
shrinkage=0.05


Tree=220
num_leaves=15
num_cat=0
split_feature=213 150 204 24 208 216 204 117 126 164 69 124 215 53
split_gain=0.859303 0.676887 0.41072 0.800719 0.921792 0.439652 0.359165 0.903052 0.573039 0.552541 0.415655 0.342518 0.263592 0.259105
threshold=4.5000000000000009 1.0000000180025095e-35 7.5000000000000009 1.0000000180025095e-35 1.0000000180025095e-35 1.0000000180025095e-35 1.5000000000000002 1.0000000180025095e-35 1.0000000180025095e-35 1.0000000180025095e-35 1.0000000180025095e-35 1.0000000180025095e-35 1.0000000180025095e-35 1.0000000180025095e-35
decision_type=2 2 2 2 2 2 2 2 2 2 2 2 2 2
left_child=2 -2 6 4 5 12 7 8 9 -1 11 -8 -4 -13
right_child=1 -3 3 -5 -6 -7 10 -9 -10 -11 -12 13 -14 -15
leaf_value=-0.032640361898731513 0.0060546304699872575 -0.078013762657897501 0.097462262322430562 -0.035185945378781662 0.087507100568348026 -0.0037276246671688997 -0.048325657954435081 0.11174361646208349 0.070271677988955158 0.025443214702946165 0.052746598313012198 -0.0047970389178401329 0.022493098500284525 -0.032131373319951299
leaf_weight=0.92397721647285924 0.37236781751562265 0.67071295797359198 0.19421460945159164 0.60080361133441318 0.52919808775186528 1.2413132342044264 0.49869822099573724 0.21742094960063685 0.28132649511098851 0.73527349554933608 0.29121368259074998 15.970640248422558 0.2958624827733729 0.91672168314107771
leaf_count=52 27 4 2 4 4 18 15 8 2 37 11 542 21 12
internal_value=-0.00362845 -0.0480023 -0.00158914 0.0161198 0.0297555 0.0121037 -0.00414379 0.0151128 0.00428638 -0.00690145 -0.00649459 -0.00748687 0.0522029 -0.00628087
internal_weight=23.7397 1.04308 22.6967 2.86139 2.26059 1.73139 19.8353 2.158 1.94058 1.65925 17.6773 17.3861 0.490077 16.8874
internal_count=759 31 728 49 45 41 679 99 91 89 580 569 23 554
is_linear=0
shrinkage=0.05


Tree=221
num_leaves=15
num_cat=0
split_feature=205 205 117 209 173 199 206 64 65 185 220 65 164 185
split_gain=0.664535 0.651934 0.474449 0.46628 0.703254 0.681742 0.738547 0.616953 0.561762 0.545536 0.529105 0.497739 0.458755 0.421327
threshold=2.5000000000000004 3.5000000000000004 1.0000000180025095e-35 1.0000000180025095e-35 1.0000000180025095e-35 1.0000000180025095e-35 1.0000000180025095e-35 1.0000000180025095e-35 1.0000000180025095e-35 1.0000000180025095e-35 1.0000000180025095e-35 1.0000000180025095e-35 1.0000000180025095e-35 1.0000000180025095e-35
decision_type=2 2 2 2 2 2 2 2 2 2 2 2 2 2
left_child=2 -2 3 4 5 6 7 11 -8 -5 -7 12 13 -1
right_child=1 -3 -4 9 -6 10 8 -9 -10 -11 -12 -13 -14 -15
leaf_value=-0.022170402569390093 0.021085255542197714 -0.038358876747708257 -0.032271369960031215 -0.014036335426528901 0.037730181416119793 -0.016451982369807237 -0.040033664040674773 -0.048739818320402667 0.0097500903690625126 0.034764369013254137 0.061712128411661016 0.0074771293531127993 0.1223457921366175 0.085054075367132734
leaf_weight=0.1901035152841396 5.0794344673631704 0.50730445625958953 1.3834327623881115 7.2629081574850716 1.5093117607029851 0.31589038763195254 1.9365563025930899 0.34039614407811303 0.80104494822444383 0.62170004343352037 0.6881452506640926 1.3236433030106127 0.20874922070652246 0.1768398949643597
leaf_count=20 103 10 62 270 40 9 49 21 21 31 39 32 13 2
internal_value=0.000753444 0.0156874 -0.00422499 -0.00170145 0.00723184 -0.000463978 -0.00804549 0.013248 -0.0254665 -0.0101884 0.0371201 0.0243574 0.0631689 0.029504
internal_weight=22.3455 5.58674 16.7587 15.3753 7.49068 5.98137 4.97733 2.23973 2.7376 7.88461 1.00404 1.89934 0.575693 0.366943
internal_count=722 113 609 547 246 206 158 88 70 301 48 67 35 22
is_linear=0
shrinkage=0.05


Tree=222
num_leaves=15
num_cat=0
split_feature=199 220 117 207 215 133 130 1 54 204 163 219 170 196
split_gain=1.47617 1.19453 1.20788 0.490081 0.408529 0.334198 0.611949 0.362031 0.439379 0.350163 0.235663 0.329901 0.514271 0.442843
threshold=1.0000000180025095e-35 1.0000000180025095e-35 1.0000000180025095e-35 1.0000000180025095e-35 1.5000000000000002 1.0000000180025095e-35 1.0000000180025095e-35 1.0000000180025095e-35 1.0000000180025095e-35 5.5000000000000009 1.0000000180025095e-35 1.0000000180025095e-35 1.0000000180025095e-35 1.0000000180025095e-35
decision_type=2 2 2 2 2 2 2 2 2 2 2 2 2 2
left_child=4 3 -3 -2 5 7 -7 8 10 -9 11 12 13 -1
right_child=1 2 -4 -5 -6 6 -8 9 -10 -11 -12 -13 -14 -15
leaf_value=-0.050580826148226045 -0.034983968227581756 0.060103350578115534 -0.034455284203287237 0.021575856674471285 0.051556032808108991 0.0063727184414380349 0.059165891708880862 0.037346782978552796 -0.048210836680686812 0.001047572221487095 0.025196369974405532 0.0027239447810156149 0.024530123493211705 0.00074690714086104114
leaf_weight=1.3162675853818746 0.66074678767472395 3.1943595782504421 0.37764914736180788 0.91110348701477051 0.43324734732595871 5.8346218647202468 0.60591091343667347 0.83117541729006905 0.69465589095489111 3.3106941746082157 0.54472398792859156 2.6535187339177355 0.46187436021864403 0.61731002572923888
leaf_count=97 15 164 28 13 99 149 14 32 18 23 5 69 9 11
internal_value=0.0106057 0.0341226 0.0501062 -0.00219977 0.00361502 0.00238387 0.0113394 -0.00314604 -0.0107061 0.00833197 -0.00604858 -0.00941953 -0.0228713 -0.034194
internal_weight=22.4479 5.14386 3.57201 1.57185 17.304 16.8708 6.44053 10.4302 6.28835 4.14187 5.59369 5.04897 2.39545 1.93358
internal_count=746 220 192 28 526 427 163 264 209 55 191 186 117 108
is_linear=0
shrinkage=0.05


Tree=223
num_leaves=15
num_cat=0
split_feature=219 126 163 63 53 10 204 44 213 204 93 98 213 197
split_gain=0.53992 0.45055 0.248359 0.311884 0.22112 0.121427 0.172815 0.704104 0.608554 0.555661 0.467291 0.45105 0.413666 0.480128
threshold=1.5000000000000002 1.0000000180025095e-35 1.0000000180025095e-35 1.0000000180025095e-35 1.0000000180025095e-35 1.0000000180025095e-35 4.5000000000000009 1.0000000180025095e-35 2.5000000000000004 5.5000000000000009 1.0000000180025095e-35 1.0000000180025095e-35 3.5000000000000004 1.0000000180025095e-35
decision_type=2 2 2 2 2 2 2 2 2 2 2 2 2 2
left_child=1 2 3 4 5 6 11 8 10 -10 -8 12 13 -1
right_child=-2 -3 -4 -5 -6 -7 7 -9 9 -11 -12 -13 -14 -15
leaf_value=-0.014328634068651581 0.054965396520650467 -0.052107346536920673 0.023109687316565316 -0.042090260550332471 -0.029404581564396404 0.01465678457642882 -0.048317132185199896 0.054902838296714634 0.034954660742862353 -0.0037139973482969882 0.0067355076802458466 0.045079633053451994 -0.042751671289803853 0.012110787683446127
leaf_weight=7.8589337834855737 0.35485165670252072 0.54495837836293404 0.7049723517120573 0.61687918216921289 0.96769990189932187 0.76043853058945288 1.1726453680312223 0.53991493949433866 1.12627883409732 5.3048222668658127 0.57419166796898924 0.36308779232786115 0.96942364925053048 2.1971386580553371
leaf_count=208 99 8 9 30 16 17 46 29 37 67 11 39 26 105
internal_value=-0.00625331 -0.00716986 -0.00611232 -0.00702988 -0.00603934 -0.00495578 -0.00569754 -0.000399402 -0.00405051 0.00305805 -0.0302211 -0.00975322 -0.011559 -0.00855192
internal_weight=24.0562 23.7014 23.1564 22.4515 21.8346 20.8669 20.1064 8.71785 8.17794 6.4311 1.74684 11.3886 11.0255 10.0561
internal_count=747 648 640 631 601 585 568 190 161 104 57 378 339 313
is_linear=0
shrinkage=0.05


Tree=224
num_leaves=15
num_cat=0
split_feature=198 179 216 110 204 141 197 0 185 170 219 216 98 204
split_gain=0.685388 0.299726 0.343849 0.400324 0.221517 0.234121 0.321887 0.42388 0.357406 0.256651 0.23245 0.409306 0.358409 0.333703
threshold=1.0000000180025095e-35 1.0000000180025095e-35 1.0000000180025095e-35 1.0000000180025095e-35 8.5000000000000018 1.0000000180025095e-35 1.0000000180025095e-35 1.0000000180025095e-35 1.0000000180025095e-35 1.0000000180025095e-35 1.0000000180025095e-35 1.0000000180025095e-35 1.0000000180025095e-35 4.5000000000000009
decision_type=2 2 2 2 2 2 2 2 2 2 2 2 2 2
left_child=1 4 3 -3 5 6 7 -1 -8 -10 -7 12 13 -12
right_child=-2 2 -4 -5 -6 10 8 -9 9 -11 11 -13 -14 -15
leaf_value=0.0018550279708132067 0.052692548724005465 -0.02088160277584164 -0.020979842188423074 0.057754160956176318 -0.022326620167864634 -0.035264164518047321 0.043642679806437178 -0.040187656534122186 0.020358640780478846 -0.053511678470044413 -0.032802292391514005 0.046187939936467408 0.051770671042034894 0.01940317394837689
leaf_weight=11.57725684926846 0.52504471161955635 0.32668571572867122 4.3475968857965199 0.3207665681547951 1.2552719638042606 0.8480356740765268 0.90520038636168532 0.63225948723265979 0.29169446209562011 0.19698936492204666 1.3212700114818292 0.33783708515693422 0.189351202425314 0.39840212759736449
leaf_count=255 48 17 118 24 18 13 91 11 23 2 28 42 57 17
internal_value=-0.00379179 -0.0050841 -0.0159174 0.0180768 -0.00207007 -0.000547307 0.00227662 -0.000322117 0.0250398 -0.00941862 -0.0129597 -0.00454126 -0.0135187 -0.0207077
internal_weight=23.4737 22.9486 4.99505 0.647452 17.9536 16.6983 13.6034 12.2095 1.39388 0.488684 3.0949 2.24686 1.90902 1.71967
internal_count=764 716 159 41 557 539 382 266 116 25 157 144 102 45
is_linear=0
shrinkage=0.05


Tree=225
num_leaves=15
num_cat=0
split_feature=131 74 206 206 214 110 104 61 45 66 157 207 159 203
split_gain=1.81877 0.506941 0.66472 0.650081 0.336039 0.330089 0.192044 0.418838 0.28797 0.180277 0.578505 0.55985 0.271937 0.940752
threshold=1.0000000180025095e-35 1.0000000180025095e-35 2.5000000000000004 1.5000000000000002 1.0000000180025095e-35 1.0000000180025095e-35 1.0000000180025095e-35 1.0000000180025095e-35 1.0000000180025095e-35 1.0000000180025095e-35 1.0000000180025095e-35 1.0000000180025095e-35 1.0000000180025095e-35 1.0000000180025095e-35
decision_type=2 2 2 2 2 2 2 2 2 2 2 2 2 2
left_child=1 2 6 -3 -4 -5 9 8 -8 12 11 -11 -1 -14
right_child=-2 3 4 5 -6 -7 7 -9 -10 10 -12 -13 13 -15
leaf_value=-0.0067793909667784079 0.097411387042265124 -0.029728410663355055 -0.0026819410981634446 0.0044745212473078317 0.074388703913068621 0.051468791786187962 -0.0049026407781189068 0.033770211434912968 -0.062558609025701054 -0.046204617182062008 0.031619962800282321 0.035281039888193803 0.10593694267322942 -0.034576879361905934
leaf_weight=16.374069535217153 0.47765757833258149 0.47861113722319659 0.21773783199023355 0.55317031271988493 0.40358628890680848 1.1514900610636687 0.35214059037389123 0.24066931320703588 0.56253539028693922 0.65043204737594273 1.2678032084368169 0.31185440985063906 0.22477555903606017 0.25341107248095796
leaf_count=463 12 16 6 23 40 49 23 17 8 22 18 33 4 20
internal_value=0.000840603 -0.00116127 -0.00356062 0.0217621 0.0473799 0.0362189 -0.00512456 -0.0249193 -0.0403617 -0.00392608 0.00943347 -0.019797 -0.00569398 0.0314728
internal_weight=23.5199 23.0423 20.859 2.18327 0.621324 1.70466 20.2377 1.15535 0.914676 19.0823 2.23009 0.962286 16.8523 0.478187
internal_count=754 742 654 88 46 72 608 48 31 560 73 55 487 24
is_linear=0
shrinkage=0.05


Tree=226
num_leaves=15
num_cat=0
split_feature=24 213 150 53 131 104 74 205 199 117 215 210 1 164
split_gain=1.29337 1.08547 0.771946 0.721425 0.597189 0.393003 0.35163 0.648898 0.559008 0.683344 0.320977 0.308348 0.276188 0.272896
threshold=1.0000000180025095e-35 4.5000000000000009 1.0000000180025095e-35 1.0000000180025095e-35 1.0000000180025095e-35 1.0000000180025095e-35 1.0000000180025095e-35 1.0000000180025095e-35 1.0000000180025095e-35 1.0000000180025095e-35 1.0000000180025095e-35 1.0000000180025095e-35 1.0000000180025095e-35 1.0000000180025095e-35
decision_type=2 2 2 2 2 2 2 2 2 2 2 2 2 2
left_child=1 3 -3 4 5 6 8 12 -1 10 -10 -11 -8 -9
right_child=-2 2 -4 -5 -6 -7 7 13 9 11 -12 -13 -14 -15
leaf_value=-0.0025815605349743137 0.084927414400101875 0.0049028802265030655 0.11451041099446478 0.045862670661311861 0.044169692084477567 -0.033321353137073698 -0.015537567877934278 0.058349403265858385 -0.0037238296471497484 -0.062201507557372193 0.050527427917416212 0.023137557235432205 -0.066205232635874925 -0.0075460799664729128
leaf_weight=15.031430092025426 0.48439423652598534 0.28843316405254782 0.36255523283034563 0.83905130127095517 0.6938534775399593 1.0153809869952954 0.44954011368099489 0.2441136740380897 0.34252048656344358 0.27980825351551164 1.3364263876137554 0.17025397052930202 0.66953833674779162 0.44088157860096544
leaf_count=418 14 20 3 18 14 43 15 10 9 3 106 22 18 27
internal_value=0.00410406 0.00233765 0.0659466 0.000412812 -0.00143179 -0.00301542 -0.0013928 -0.0223908 0.000814718 0.0247934 0.0394597 -0.0299186 -0.0458517 0.0159373
internal_weight=22.6482 22.1638 0.650988 21.5128 20.6737 19.9799 18.9645 1.80407 17.1604 2.12901 1.67895 0.450062 1.11908 0.684995
internal_count=740 726 23 703 685 671 628 70 558 140 115 25 33 37
is_linear=0
shrinkage=0.05


Tree=227
num_leaves=15
num_cat=0
split_feature=204 213 15 219 163 204 1 94 205 64 65 30 64 209
split_gain=0.462908 0.433885 0.64751 0.528166 0.553534 0.633734 0.682481 0.3928 0.473558 0.464905 0.63892 0.429895 0.426056 0.389099
threshold=8.5000000000000018 2.5000000000000004 1.0000000180025095e-35 1.0000000180025095e-35 1.0000000180025095e-35 5.5000000000000009 1.0000000180025095e-35 1.0000000180025095e-35 1.0000000180025095e-35 1.0000000180025095e-35 1.0000000180025095e-35 1.0000000180025095e-35 1.0000000180025095e-35 1.0000000180025095e-35
decision_type=2 2 2 2 2 2 2 2 2 2 2 2 2 2
left_child=1 3 13 4 5 6 -1 8 9 10 -5 -9 -10 -3
right_child=-2 2 -4 7 -6 -7 -8 11 12 -11 -12 -13 -14 -15
leaf_value=-0.039090559544740666 -0.040318381747487586 0.021688729927374164 0.053699455916577536 -0.036848624921138544 0.018759161694429306 0.011887686865716609 0.032272727130536243 -0.02029625916428085 0.055816869128854696 0.034744191756016979 0.022030733281014989 0.058493729491962257 -0.039896543001086471 -0.0066047157088437759
leaf_weight=4.7871329816989654 1.0811010276229343 1.4593541290960237 0.5577449654592791 1.1874413888435817 0.72787289321422566 0.87691179942339648 0.36023910250514735 2.8736721870664046 0.739749598345952 0.65397051363834169 0.75286894955206651 0.18422367813764129 0.13795024488354102 7.2615496466969489
leaf_count=142 20 36 88 24 6 8 7 165 62 16 27 9 9 129
internal_value=-0.00835738 -0.00682582 0.00147022 -0.0126213 -0.0224265 -0.0274027 -0.0340962 -0.0024824 0.00902629 -0.00171441 -0.0140026 -0.0155495 0.0407734 -0.0018701
internal_weight=23.6418 22.5607 9.27865 13.282 6.75216 6.02428 5.14737 6.52988 3.47198 2.59428 1.94031 3.0579 0.8777 8.7209
internal_count=748 728 253 475 163 157 149 312 138 67 51 174 71 165
is_linear=0
shrinkage=0.05


Tree=228
num_leaves=15
num_cat=0
split_feature=213 197 204 160 196 207 204 96 213 204 49 104 206 130
split_gain=0.323303 0.725188 0.469063 0.282005 0.326125 0.350183 0.322533 0.307778 0.275977 0.422625 0.27045 0.266831 0.306477 0.425464
threshold=1.5000000000000002 1.0000000180025095e-35 3.5000000000000004 1.0000000180025095e-35 1.0000000180025095e-35 1.0000000180025095e-35 4.5000000000000009 1.0000000180025095e-35 2.5000000000000004 7.5000000000000009 1.0000000180025095e-35 1.0000000180025095e-35 2.5000000000000004 1.0000000180025095e-35
decision_type=2 2 2 2 2 2 2 2 2 2 2 2 2 2
left_child=1 2 -1 6 7 -6 -2 11 9 -7 -10 12 13 -5
right_child=3 -3 -4 4 5 8 -8 -9 10 -11 -12 -13 -14 -15
leaf_value=0.0013062233606102756 -0.044238130160430038 0.03577500678571529 -0.048630659009969962 -0.0092270169474274327 0.03642071656504884 -0.031801460130741414 0.0043861592604795456 -0.032830245426746764 0.052531029391144402 0.063134719931200928 -0.0095323216654622216 -0.035652728982448097 -0.033720638824334487 0.013670646851229091
leaf_weight=4.4576203994220149 1.0412862969824388 1.4919030215241944 0.52570883801672597 6.3681188026675848 0.85532367294945411 0.88818922553036805 0.50714084052015085 1.2479788120836026 0.35032563016648044 0.13505316409282386 0.35180554210819537 0.73776948079466897 0.82519092333677768 2.9771543331444263
leaf_count=157 36 85 18 121 49 83 20 21 77 6 40 6 11 24
internal_value=-0.00425686 0.00519362 -0.00396179 -0.00801447 -0.00588171 0.0102615 -0.0283127 -0.00930882 -0.0027065 -0.0192713 0.0214339 -0.00661781 -0.0045116 -0.00193243
internal_weight=22.7606 6.47523 4.98333 16.2853 14.7369 2.5807 1.54843 12.1562 1.72537 1.02324 0.702131 10.9082 10.1705 9.34527
internal_count=754 260 175 494 438 255 56 183 206 89 117 162 156 145
is_linear=0
shrinkage=0.05


Tree=229
num_leaves=15
num_cat=0
split_feature=131 205 163 219 204 210 205 205 1 201 204 206 215 219
split_gain=1.43941 0.400494 0.735114 0.459951 0.917975 0.637881 1.24055 0.983481 0.9636 0.582117 0.478564 0.396145 0.432749 0.334748
threshold=1.0000000180025095e-35 1.0000000180025095e-35 1.0000000180025095e-35 1.0000000180025095e-35 3.5000000000000004 1.5000000000000002 3.5000000000000004 3.5000000000000004 1.0000000180025095e-35 1.0000000180025095e-35 8.5000000000000018 1.0000000180025095e-35 1.0000000180025095e-35 1.0000000180025095e-35
decision_type=2 2 2 2 2 2 2 2 2 2 2 2 2 2
left_child=1 13 3 4 -3 6 8 10 9 11 -7 12 -5 -1
right_child=-2 2 -4 5 -6 7 -8 -9 -10 -11 -12 -13 -14 -15
leaf_value=-0.029291409279843972 0.10477147206855666 -0.056337040936349107 0.076195160248963931 -0.053621441305871348 -0.0019843240874243737 0.00019940709077248271 -0.056338115235504652 0.089279726965856787 0.084152579683353393 -0.041169244376911329 -0.044536738648629434 0.046058914688369167 0.051760796955661076 -0.006902366611550987
leaf_weight=2.1824479827191734 0.3067526992817865 0.90687549859284988 0.32129110395908433 0.24289076169952828 5.417443978600204 1.5626120290544356 0.40474889241158951 0.23857244785176579 0.78537063508701965 0.33810065587749694 0.96822425504797127 1.1592814832183647 0.16265696738264523 7.1033038383829989
leaf_count=106 12 23 2 4 65 112 3 9 41 14 10 120 29 211
internal_value=-0.00278403 -0.00429789 0.00154213 -0.000426014 -0.00977823 0.00966299 0.0252693 -0.0077671 0.0375561 0.0183249 -0.0169153 0.0311793 -0.0113548 -0.0121645
internal_weight=22.1006 21.7938 12.5081 12.1868 6.32432 5.86246 3.09305 2.76941 2.6883 1.90293 2.53084 1.56483 0.405548 9.28575
internal_count=761 749 432 430 88 342 211 131 208 167 122 153 33 317
is_linear=0
shrinkage=0.05


Tree=230
num_leaves=15
num_cat=0
split_feature=204 69 195 117 160 205 205 206 210 74 173 1 202 220
split_gain=0.539388 0.759103 0.430016 0.330696 0.648379 0.289254 0.481623 0.549323 0.694564 0.320475 0.344888 0.494283 0.600924 0.348278
threshold=1.5000000000000002 1.0000000180025095e-35 1.0000000180025095e-35 1.0000000180025095e-35 1.0000000180025095e-35 1.0000000180025095e-35 1.5000000000000002 1.0000000180025095e-35 1.5000000000000002 1.0000000180025095e-35 1.0000000180025095e-35 1.0000000180025095e-35 1.0000000180025095e-35 1.0000000180025095e-35
decision_type=2 2 2 2 2 2 2 2 2 2 2 2 2 2
left_child=1 3 5 4 -1 9 7 -7 -9 10 11 13 -13 -2
right_child=2 -3 -4 -5 -6 6 -8 8 -10 -11 -12 12 -14 -15
leaf_value=-0.047115022203332885 -0.044570390606459349 -0.056200458348288553 -0.054116178955577368 0.085005427930994346 0.039236036468814794 -0.0175815497662716 -0.0061192243768057085 0.041302641148660904 -0.038603633089568969 -0.038277052369038542 0.011643236657387767 0.07738779213999139 -0.0067108629737845267 -0.013067965571858737
leaf_weight=0.2648952293675394 1.3372185607440834 0.27731348201632489 0.46295953844673832 0.25895660743117321 1.2121056660544154 0.85117685695877243 10.260595501404167 1.8783081832953032 0.3179912871273699 1.0863594770780762 1.5524662234820423 0.27743753936374538 0.90630019075615564 2.5512777400726918
leaf_count=21 37 7 15 8 56 28 282 96 28 27 17 17 44 71
internal_value=-0.00413085 0.0206158 -0.00645007 0.032887 0.0237493 -0.0054002 -0.000935404 0.0165181 0.0297334 -0.0131057 -0.00897798 -0.0152895 0.0129997 -0.0239014
internal_weight=23.4954 2.01327 21.4821 1.73596 1.477 21.0191 13.3081 3.04748 2.1963 7.71106 6.6247 5.07223 1.18374 3.8885
internal_count=754 92 662 85 77 647 434 152 124 213 186 169 61 108
is_linear=0
shrinkage=0.05


Tree=231
num_leaves=15
num_cat=0
split_feature=131 203 162 63 179 216 117 209 96 216 208 204 61 219
split_gain=0.420811 0.644464 0.425694 0.398537 0.487807 0.525024 0.435159 0.406742 0.45071 0.316722 0.812965 1.25253 0.313589 0.222684
threshold=1.0000000180025095e-35 2.5000000000000004 1.0000000180025095e-35 1.0000000180025095e-35 1.0000000180025095e-35 1.0000000180025095e-35 1.0000000180025095e-35 1.5000000000000002 1.0000000180025095e-35 1.0000000180025095e-35 1.0000000180025095e-35 7.5000000000000009 1.0000000180025095e-35 1.5000000000000002
decision_type=2 2 2 2 2 2 2 2 2 2 2 2 2 2
left_child=1 2 3 4 6 -6 7 8 12 10 11 -9 -1 -8
right_child=-2 -3 -4 -5 5 -7 13 9 -10 -11 -12 -13 -14 -15
leaf_value=0.011846664741910011 -0.03960670367751145 0.073821354691038205 -0.036967718876967946 -0.039104367601282997 0.034279392634670905 -0.01888353401473114 -0.051753964318903369 -0.030726184823169501 -0.036298502632574343 0.010011192368909952 -0.079843122086640905 0.084814032805750381 0.060830576782072536 -0.004242304672559794
leaf_weight=9.4699043259679545 0.79293837505974707 0.27297479264961921 0.90917446416278735 0.69832037732703511 0.51484585073194367 4.740609561704332 0.49082687753252763 0.97056585764949088 0.47569993248907927 1.1921670164228997 0.46751723147463042 0.30931857976247557 0.33840934850741256 0.49567770758221741
leaf_count=333 11 12 37 40 37 112 18 46 19 32 6 10 19 29
internal_value=-0.00384041 -0.00251181 -0.00350061 -0.0019916 -0.000660189 -0.0136755 0.00415338 0.00654323 0.0112315 -0.00985867 -0.0234149 -0.00280278 0.0135367 -0.0278813
internal_weight=22.139 21.346 21.073 20.1639 19.4655 5.25546 14.2101 13.2236 10.284 2.93957 1.7474 1.27988 9.80831 0.986505
internal_count=761 750 738 701 661 149 512 465 371 94 62 56 352 47
is_linear=0
shrinkage=0.05


Tree=232
num_leaves=15
num_cat=0
split_feature=108 126 94 162 213 13 164 199 185 65 210 209 66 157
split_gain=0.516592 0.337696 0.268411 0.629079 0.56198 0.54947 0.620242 0.513693 0.699218 0.418562 0.414917 0.392412 0.359445 0.516375
threshold=1.0000000180025095e-35 1.0000000180025095e-35 1.0000000180025095e-35 1.0000000180025095e-35 1.0000000180025095e-35 1.0000000180025095e-35 1.0000000180025095e-35 1.0000000180025095e-35 1.0000000180025095e-35 1.0000000180025095e-35 1.5000000000000002 1.0000000180025095e-35 1.0000000180025095e-35 1.0000000180025095e-35
decision_type=2 2 2 2 2 2 2 2 2 2 2 2 2 2
left_child=1 2 3 5 -4 6 7 8 -1 11 12 -6 -8 -14
right_child=-2 -3 4 -5 9 -7 10 -9 -10 -11 -12 -13 13 -15
leaf_value=-0.044587312744028273 0.053390684945158522 -0.050041999838947915 0.041675987335034331 0.066775513700669573 0.032830692953687554 0.051156457071874321 0.013655672225420452 0.016110877744144599 0.0036618176624860933 -0.026885023022798351 0.057117685134308704 -0.0090217709515497506 -0.041192826821458813 0.011955693814768067
leaf_weight=2.105117528873965 0.37761127148405549 0.41907528415322204 0.5089509954996182 0.35300412290962491 0.60364300603396071 0.47832634099177163 3.190147651679581 0.85686691087903444 1.1672318121418359 3.3643654723418868 0.38915485559846263 7.7584743670886382 0.89814672269858398 0.93045219109626487
leaf_count=76 52 9 20 16 37 37 107 23 16 145 31 151 34 13
internal_value=-0.00461742 -0.00556884 -0.00474431 0.00117446 -0.00975995 -0.00113772 -0.00376049 -0.0183527 -0.0273771 -0.0119924 0.00738146 -0.00600053 0.00352491 -0.0141491
internal_weight=23.4006 23.023 22.6039 10.3684 12.2354 10.0154 9.53712 4.12922 3.27235 11.7265 5.4079 8.36212 5.01875 1.8286
internal_count=767 715 706 353 353 337 300 115 92 333 185 188 154 47
is_linear=0
shrinkage=0.05


Tree=233
num_leaves=15
num_cat=0
split_feature=24 53 209 38 205 210 64 126 216 162 94 96 132 185
split_gain=1.40637 1.02866 0.358249 0.868887 0.780886 0.764751 0.729375 0.354132 0.345621 0.893986 0.372341 0.471631 0.408294 0.421931
threshold=1.0000000180025095e-35 1.0000000180025095e-35 1.5000000000000002 1.0000000180025095e-35 2.5000000000000004 1.5000000000000002 1.0000000180025095e-35 1.0000000180025095e-35 1.0000000180025095e-35 1.0000000180025095e-35 1.0000000180025095e-35 1.0000000180025095e-35 1.0000000180025095e-35 1.0000000180025095e-35
decision_type=2 2 2 2 2 2 2 2 2 2 2 2 2 2
left_child=1 2 7 6 5 -5 -4 8 9 10 12 -12 13 -1
right_child=-2 -3 3 4 -6 -7 -8 -9 -10 -11 11 -13 -14 -15
leaf_value=-0.0064361914537108813 0.08393717447171628 0.052681129050959966 -0.013392104283092541 -0.043000995999671596 -0.068493736396271737 0.058232953342113029 0.080432674392665979 -0.041138269074621148 -0.010097962773826121 0.091353896716908717 0.031843172087996162 -0.021487476473553983 -0.054017178686091016 0.027099302333529265
leaf_weight=5.7061203797784543 0.47119974817905941 0.78673235510359418 0.63641129527604712 0.47584290496888559 1.1127071481751045 0.30686121066537453 0.30708420352311805 0.58506678021512826 6.9463708095427128 0.28745133992924898 1.7671035801322434 0.54162629321217526 0.3823807252338155 1.1224314112914724
leaf_count=203 13 20 50 20 19 24 7 11 242 15 72 21 5 25
internal_value=-0.00148897 -0.00340904 -0.00559604 -0.022061 -0.0415771 -0.00331196 0.0171455 -0.00290017 -0.00156481 0.00447921 0.00185598 0.0193318 -0.00373928 -0.000923853
internal_weight=21.4354 20.9642 20.1775 2.83891 1.89541 0.782704 0.943495 17.3386 16.7535 9.80711 9.51966 2.30873 7.21093 6.82855
internal_count=747 734 714 120 63 44 57 594 583 341 326 93 233 228
is_linear=0
shrinkage=0.05


Tree=234
num_leaves=15
num_cat=0
split_feature=220 213 210 176 204 117 126 215 65 219 93 109 9 98
split_gain=1.16853 1.51811 0.550852 0.637893 0.519112 0.505827 0.474218 0.521239 0.408581 0.336384 0.266958 0.23401 0.434112 0.225763
threshold=1.0000000180025095e-35 2.5000000000000004 1.0000000180025095e-35 1.0000000180025095e-35 1.5000000000000002 1.0000000180025095e-35 1.0000000180025095e-35 1.0000000180025095e-35 1.0000000180025095e-35 1.5000000000000002 1.0000000180025095e-35 1.0000000180025095e-35 1.0000000180025095e-35 1.0000000180025095e-35
decision_type=2 2 2 2 2 2 2 2 2 2 2 2 2 2
left_child=4 2 -2 11 6 -3 7 8 -1 -7 13 -4 -13 -6
right_child=1 5 3 -5 10 9 -8 -9 -10 -11 -12 12 -14 -15
leaf_value=0.0092004192733732611 -0.014221580365272962 0.059055325260381958 0.052676043452385871 -0.057707608767137299 -0.013259628681617126 -0.047183279836868833 0.076958511261372362 0.068143851260502972 -0.050478407042319019 0.051177492856102715 0.003639338860872786 0.050993026602158688 -0.056379231329831497 -0.040103753476443009
leaf_weight=1.1358543261885672 2.7057672567461841 2.004112999333302 0.83699431891727705 0.20386408327613015 9.3335452335886622 0.20563626848161209 0.26840091496705998 0.28204144537448872 0.38367608655244101 0.15056690787241678 2.215195237658917 0.22270418203697773 0.16306228935718536 0.85498633608222085
leaf_count=60 79 186 110 2 139 4 2 2 29 24 25 83 1 10
internal_value=-0.000317803 0.0173062 -0.000966078 0.0241746 -0.00822371 0.049297 0.0149558 0.00571854 -0.00586827 -0.00560623 -0.012092 0.0378264 0.00560711 -0.0155123
internal_weight=20.9664 6.49271 4.13239 1.42662 14.4737 2.36032 2.06997 1.80157 1.51953 0.356203 12.4037 1.22276 0.385766 10.1885
internal_count=756 489 275 196 267 214 93 91 89 28 174 194 84 149
is_linear=0
shrinkage=0.05


Tree=235
num_leaves=15
num_cat=0
split_feature=108 219 6 216 9 208 213 208 210 209 168 63 15 124
split_gain=1.65638 0.481589 0.430008 0.79778 0.934933 0.622962 0.603471 0.606966 0.52499 0.461902 0.389782 0.399459 0.447527 0.37319
threshold=1.0000000180025095e-35 1.5000000000000002 1.0000000180025095e-35 1.0000000180025095e-35 1.0000000180025095e-35 1.0000000180025095e-35 3.5000000000000004 1.0000000180025095e-35 1.5000000000000002 1.5000000000000002 1.0000000180025095e-35 1.0000000180025095e-35 1.0000000180025095e-35 1.0000000180025095e-35
decision_type=2 2 2 2 2 2 2 2 2 2 2 2 2 2
left_child=1 2 6 5 -5 8 7 10 9 -4 11 12 13 -1
right_child=-2 -3 3 4 -6 -7 -8 -9 -10 -11 -12 -13 -14 -15
leaf_value=-0.03104468309014204 0.081039157737675449 0.054443612665279875 0.002852167817132014 0.0027662617460568945 0.10112002440484676 -0.035869484484305596 -0.030674747387703712 0.061815746021570486 0.038186512683801799 -0.050177063074318455 -0.036581850129093783 -0.049262466624688077 -0.031193086457440358 0.0066062778645837126
leaf_weight=0.74811910446442897 0.52150418880773841 0.29265293635398748 2.2346431482728804 0.61387915920931824 0.39845572446938604 1.3728575489221837 4.2590401992929392 0.30132144433446306 0.84527820340008464 0.50308486795984197 1.2229090718319637 0.50552187906578172 1.2068114278372375 5.4720198865106795
leaf_count=23 59 73 46 28 9 16 76 12 57 19 40 18 53 223
internal_value=-0.00692882 -0.00922529 -0.0101719 0.00103126 0.0414784 -0.00723087 -0.0150468 -0.00800837 0.00374224 -0.00689248 -0.0103064 -0.00625566 -0.00332837 0.00207786
internal_weight=20.4981 19.9766 19.6839 5.9682 1.01233 4.95586 13.7157 9.4567 3.58301 2.73773 9.15538 7.93247 7.42695 6.22014
internal_count=752 693 620 175 37 138 445 369 122 65 357 317 299 246
is_linear=0
shrinkage=0.05


Tree=236
num_leaves=15
num_cat=0
split_feature=163 204 24 208 214 204 25 204 213 201 157 30 208 204
split_gain=0.510944 0.494657 0.970303 0.82309 0.4891 0.388542 0.439105 0.761216 0.635172 0.332748 0.571807 0.320854 0.266403 0.315418
threshold=1.0000000180025095e-35 7.5000000000000009 1.0000000180025095e-35 1.0000000180025095e-35 1.0000000180025095e-35 6.5000000000000009 1.0000000180025095e-35 3.5000000000000004 2.5000000000000004 1.0000000180025095e-35 1.0000000180025095e-35 1.0000000180025095e-35 1.0000000180025095e-35 4.5000000000000009
decision_type=2 2 2 2 2 2 2 2 2 2 2 2 2 2
left_child=1 5 3 4 -3 6 11 -8 -9 10 -6 12 -1 -14
right_child=-2 2 -4 -5 9 -7 7 8 -10 -11 -12 -13 13 -15
leaf_value=-0.0032514488344413967 0.043979123754820132 0.069938985133706472 -0.041976507743486623 0.085066608291872653 -0.0094804333505871755 -0.030944644391327904 -0.071315522603053197 -0.044273842021023933 0.057163520792309346 -0.025596941356017096 0.08713869674185315 0.035958346473301865 -0.050210618605087277 0.00708907859649707
leaf_weight=13.749613928550398 0.53440239907649711 0.30292670615017403 0.60038187832105894 0.51462687365710724 0.43771423983707769 1.7443300583254302 0.6657441642018973 0.31286723574157804 0.30454389888836886 0.66221776802558452 0.23552900303911883 0.49170381762087423 0.66422481823246815 0.37619873088260647
leaf_count=548 9 3 5 4 17 37 7 16 21 12 18 30 19 12
internal_value=-0.00430246 -0.00552746 0.0142316 0.0299056 0.0125792 -0.00849889 -0.00613529 -0.0342288 0.0057611 -0.000431896 0.024321 -0.00377637 -0.00509738 -0.0294921
internal_weight=21.597 21.0626 2.7534 2.15301 1.63839 18.3092 16.5649 1.28316 0.617411 1.33546 0.673243 15.2817 14.79 1.04042
internal_count=758 749 59 54 50 690 653 44 37 47 35 609 579 31
is_linear=0
shrinkage=0.05


Tree=237
num_leaves=15
num_cat=0
split_feature=204 213 124 210 217 185 175 196 102 216 216 204 204 132
split_gain=2.47915 0.396396 0.287358 0.231825 0.26566 0.22285 0.328475 0.193421 0.191041 0.562624 0.247695 0.488332 0.551071 0.380727
threshold=7.5000000000000009 3.5000000000000004 1.0000000180025095e-35 1.5000000000000002 1.0000000180025095e-35 1.0000000180025095e-35 1.0000000180025095e-35 1.0000000180025095e-35 1.0000000180025095e-35 1.0000000180025095e-35 1.0000000180025095e-35 6.5000000000000009 5.5000000000000009 1.0000000180025095e-35
decision_type=2 2 2 2 2 2 2 2 2 2 2 2 2 2
left_child=2 -2 -1 8 5 6 -5 -7 10 -10 11 12 13 -4
right_child=1 -3 3 4 -6 7 -8 -9 9 -11 -12 -13 -14 -15
leaf_value=0.026245811125935176 0.028211906894623669 0.086963672788558863 0.0017386100267856169 0.055942396644316043 -0.041877332138317777 -0.05136001746762206 -0.0030305267250216061 0.027308539356241741 -0.038678840378448889 0.058996237203107954 -0.012591327391153172 -0.047886030630585934 0.060264933595866987 -0.051930498356825817
leaf_weight=0.89141480946273688 0.41643929815472691 0.9243493497124291 8.7679494195253973 0.65887933610792859 0.17545736068859685 0.16187917813658703 0.36800334604049567 0.1510337735817302 0.23492645373335008 0.39585961011471227 7.036903045809594 0.51263855487923216 0.39194440288702104 0.34339161333628077
leaf_count=31 17 25 262 80 6 4 3 17 12 29 222 12 13 7
internal_value=0.00288756 0.0687158 -0.0015057 -0.00279422 0.0159754 0.0235517 0.0348083 -0.013389 -0.00440253 0.0226187 -0.00540204 -0.000351058 0.00221313 -0.000284091
internal_weight=21.4311 1.34079 20.0903 19.1989 1.51525 1.3398 1.02688 0.312913 17.6836 0.630786 17.0528 10.0159 9.50329 9.11134
internal_count=740 42 698 667 110 104 83 21 557 41 516 294 282 269
is_linear=0
shrinkage=0.05


Tree=238
num_leaves=15
num_cat=0
split_feature=24 214 204 159 204 201 213 175 213 179 110 168 1 1
split_gain=0.652333 0.521305 0.511087 0.417118 0.574301 0.404774 0.376451 0.364262 0.251916 0.195002 0.293012 0.270372 0.355778 0.264934
threshold=1.0000000180025095e-35 2.5000000000000004 6.5000000000000009 1.0000000180025095e-35 4.5000000000000009 1.0000000180025095e-35 3.5000000000000004 1.0000000180025095e-35 2.5000000000000004 1.0000000180025095e-35 1.0000000180025095e-35 1.0000000180025095e-35 1.0000000180025095e-35 1.0000000180025095e-35
decision_type=2 2 2 2 2 2 2 2 2 2 2 2 2 2
left_child=1 2 3 7 -5 6 8 9 -4 13 -11 12 -12 -1
right_child=-2 -3 5 4 -6 -7 -8 -9 -10 10 11 -13 -14 -15
leaf_value=0.00063697320573265898 0.073910244157909574 0.03782930254630925 -0.043384978529330404 0.1079688302195087 -0.017350265119734917 -0.0067340690067252545 -0.068064756331571247 -0.055173183649438587 0.013343633142349194 -0.046751604570396572 0.02879993601426414 -0.031242134280647035 -0.0084569652852764295 0.027173239125354038
leaf_weight=10.644434103582189 0.28408257188857433 0.77717649386249732 0.42944272956810825 0.20543263699801073 0.16472688448266126 2.0227761405985802 0.69169859809335321 0.30981532672012591 0.35955005729920231 0.46659021388040756 0.86950756555597797 0.78839224221883331 2.4358422119403258 1.0317560815747135
leaf_count=378 11 94 8 11 18 20 13 6 17 18 34 13 64 40
internal_value=-0.00135451 -0.00236321 -0.00389292 -0.000293076 0.0521998 -0.0212748 -0.0411389 -0.0014674 -0.0175333 -0.000442619 -0.00921051 -0.0049317 0.00134386 0.00298183
internal_weight=21.4812 21.1971 20.42 16.9165 0.37016 3.50347 1.48069 16.5463 0.788993 16.2365 4.56033 4.09374 3.30535 11.6762
internal_count=745 734 640 582 29 58 38 553 25 547 129 111 98 418
is_linear=0
shrinkage=0.05


Tree=239
num_leaves=15
num_cat=0
split_feature=53 24 219 179 216 125 133 160 205 213 126 213 205 219
split_gain=0.650351 0.605343 0.407597 0.217258 0.414907 0.213347 0.191629 0.191137 0.581498 0.574903 0.49835 0.442856 0.520867 0.46682
threshold=1.0000000180025095e-35 1.0000000180025095e-35 1.5000000000000002 1.0000000180025095e-35 1.0000000180025095e-35 1.0000000180025095e-35 1.0000000180025095e-35 1.0000000180025095e-35 1.0000000180025095e-35 1.5000000000000002 1.0000000180025095e-35 1.5000000000000002 1.0000000180025095e-35 1.0000000180025095e-35
decision_type=2 2 2 2 2 2 2 2 2 2 2 2 2 2
left_child=1 2 3 5 -5 7 -6 11 9 10 -9 12 13 -1
right_child=-2 -3 -4 4 6 -7 -8 8 -10 -11 -12 -13 -14 -15
leaf_value=-0.037151883283572766 -0.047503228954494499 0.071423060571687819 0.053774511261285851 0.032354230720838088 -0.011608664192496058 -0.034720887851592087 -0.036779274891548301 0.0027535205967767489 -0.0041941031005843527 0.057166550558897092 0.067402888653261953 -0.033700853520369604 0.052016190951615984 0.022825857620955996
leaf_weight=0.73437071661466224 0.7926663865800937 0.28179373421880782 0.3184465845260992 0.43539788575435467 2.4541833711555228 0.44804850756190795 1.092891146312468 2.8990818076126756 8.9439187321768241 0.78249206335749466 0.33225169777870167 1.2595671899616716 0.44322794630716078 0.58115759497741237
leaf_count=30 19 13 99 28 61 22 25 123 260 20 3 17 10 23
internal_value=-0.00304465 -0.00136706 -0.00235677 -0.0032327 -0.0137097 -0.000692267 -0.019364 0.000262065 0.00290159 0.0187128 0.00940089 -0.0110695 0.0051384 -0.0106557
internal_weight=21.7995 21.0068 20.725 20.4066 3.98247 16.4241 3.54707 15.9761 12.9577 4.01383 3.23133 3.01832 1.75876 1.31553
internal_count=753 734 721 622 114 508 86 486 406 146 126 80 63 53
is_linear=0
shrinkage=0.05


Tree=240
num_leaves=15
num_cat=0
split_feature=53 126 204 208 157 66 196 206 205 110 163 204 204 141
split_gain=1.75026 0.306967 0.328567 0.401049 0.7858 1.77945 0.377931 0.369894 0.275672 0.727655 0.737018 0.405416 0.464816 1.00828
threshold=1.0000000180025095e-35 1.0000000180025095e-35 6.5000000000000009 1.0000000180025095e-35 1.0000000180025095e-35 1.0000000180025095e-35 1.0000000180025095e-35 1.5000000000000002 1.0000000180025095e-35 1.0000000180025095e-35 1.0000000180025095e-35 3.5000000000000004 4.5000000000000009 1.0000000180025095e-35
decision_type=2 2 2 2 2 2 2 2 2 2 2 2 2 2
left_child=1 2 3 4 8 -6 -5 -4 -1 10 11 -10 13 -13
right_child=-2 -3 7 6 5 -7 -8 -9 9 -11 -12 12 -14 -15
leaf_value=-0.010301409991487804 0.060032556515029527 -0.045043390932183444 0.0081700551058262651 -0.053381382675289302 -0.02617732319876729 0.12816119231915277 0.01624291776946447 -0.027469511472085317 -0.029235685904048771 0.050119827252702691 0.072017134977602926 0.060481030994959974 -0.01493324788727116 -0.04009323709799463
leaf_weight=8.453034452391881 0.97502116410760109 0.56030623539117996 0.92929757652745948 0.73012196272611696 0.3890862360858599 0.35913918743608519 0.26588822346820962 3.3615835782620707 1.5304265331651539 0.74342940663700563 0.30296835303306568 0.7575572359346554 1.5239612674486123 0.37135711024166085
leaf_count=292 22 10 20 11 14 16 25 57 45 81 2 22 95 35
internal_value=-0.00540333 -0.00854964 -0.00751263 -0.00410866 -0.00199072 0.0479033 -0.0347949 -0.0197509 -0.00471913 0.00430381 -0.00328846 -0.00874233 0.00308015 0.0273971
internal_weight=21.2532 20.2782 19.7179 15.427 14.431 0.748225 0.99601 4.29088 13.6827 5.2297 4.48627 4.1833 2.65288 1.12891
internal_count=747 725 715 638 602 30 36 77 572 280 199 197 152 57
is_linear=0
shrinkage=0.05


Tree=241
num_leaves=15
num_cat=0
split_feature=175 37 195 166 205 160 163 220 210 204 205 204 133 204
split_gain=0.610391 0.684217 0.494127 0.383063 0.572997 0.442037 0.407022 0.39361 0.52143 0.498513 0.547941 0.49805 0.474436 0.457306
threshold=1.0000000180025095e-35 1.0000000180025095e-35 1.0000000180025095e-35 1.0000000180025095e-35 1.0000000180025095e-35 1.0000000180025095e-35 1.0000000180025095e-35 1.0000000180025095e-35 2.5000000000000004 2.5000000000000004 1.0000000180025095e-35 3.5000000000000004 1.0000000180025095e-35 1.5000000000000002
decision_type=2 2 2 2 2 2 2 2 2 2 2 2 2 2
left_child=1 2 3 7 5 -5 -6 9 13 10 12 -11 -1 -9
right_child=-2 -3 -4 4 6 -7 -8 8 -10 11 -12 -13 -14 -15
leaf_value=0.018010422099535458 0.057685930999447778 -0.040651882454330462 -0.05454761870235722 -0.052251219128039185 -0.0007389392438423726 -0.012427970866924685 0.070502045886836104 -0.04608633697433305 -0.035653851734382007 -0.032378704863506962 -0.051120005480143116 -0.0010842155139795461 0.083932869747393987 0.03321105937828938
leaf_weight=1.4896810008213059 0.39934300162712943 1.2449194049549976 0.44376075439504248 0.91443538825842585 0.6293339263065717 2.9282259246974709 0.29422681033611298 0.19677009852603067 0.37838486902182911 1.5345780055504272 0.2344152396544813 7.4129653824493289 0.33415056765079487 2.3921876833373972
leaf_count=73 6 25 18 33 28 74 2 5 20 35 10 75 2 333
internal_value=-0.00353458 -0.00473137 -0.00240025 -0.00116536 -0.0134055 -0.0219047 0.0219569 0.00300975 0.0191713 -0.00134767 0.0208394 -0.00645148 0.0300883 0.0271842
internal_weight=20.8274 20.428 19.1831 18.7394 4.76622 3.84266 0.923561 13.9731 2.96734 11.0058 2.05825 8.94754 1.82383 2.58896
internal_count=739 733 708 690 137 107 30 553 358 195 85 110 75 338
is_linear=0
shrinkage=0.05


Tree=242
num_leaves=15
num_cat=0
split_feature=53 131 37 207 126 49 204 110 196 73 205 209 204 150
split_gain=0.724616 0.701861 0.413857 0.520508 0.319701 0.299733 0.87496 1.25533 0.327518 0.250963 0.197636 0.277864 0.546841 0.411922
threshold=1.0000000180025095e-35 1.0000000180025095e-35 1.0000000180025095e-35 1.0000000180025095e-35 1.0000000180025095e-35 1.0000000180025095e-35 7.5000000000000009 1.0000000180025095e-35 1.0000000180025095e-35 1.0000000180025095e-35 3.5000000000000004 1.5000000000000002 7.5000000000000009 1.0000000180025095e-35
decision_type=2 2 2 2 2 2 2 2 2 2 2 2 2 2
left_child=1 2 4 -4 5 9 7 8 -7 10 11 12 13 -1
right_child=-2 -3 3 -5 -6 6 -8 -9 -10 -11 -12 -13 -14 -15
leaf_value=-0.0023884480482983111 0.045280179372447715 0.049424359949787472 -0.053028773290589429 0.0071013696640234956 0.043939709829394824 -0.051482395603026081 -0.051211719160151672 0.10000376862713845 0.020259374170611424 0.039276915512062138 0.032778658504223658 -0.020076276999170646 0.06631579843282237 -0.056098465369372887
leaf_weight=12.443251060514756 0.87802992798969981 0.6650952022173432 0.87116215401328989 0.61325176064565312 0.39179892232641478 0.23542144149541744 0.34471274605311908 0.49910671016550623 0.49062446927928249 0.33272559207398344 0.34617115522269237 2.6816699333357983 0.28318096307339224 0.36752437800169069
leaf_count=482 22 12 8 22 10 7 13 16 29 18 5 98 9 3
internal_value=0.000797493 -0.00110165 -0.00279027 -0.0281874 -0.000743166 -0.00171445 0.0191602 0.0389602 -0.003003 -0.00370602 -0.00459311 -0.00541317 -0.00241014 -0.00392932
internal_weight=21.4437 20.5657 19.9006 1.48441 18.4162 18.0244 1.56987 1.22515 0.726046 16.4545 16.1218 15.7756 13.094 12.8108
internal_count=754 732 720 30 690 680 65 52 36 615 597 592 494 485
is_linear=0
shrinkage=0.05


Tree=243
num_leaves=15
num_cat=0
split_feature=24 162 179 216 117 159 218 213 132 197 216 64 206 6
split_gain=1.28921 0.573232 0.553016 0.49121 0.359874 0.353776 0.277266 0.466296 0.311505 0.403378 0.453131 0.537016 0.265542 0.411714
threshold=1.0000000180025095e-35 1.0000000180025095e-35 1.0000000180025095e-35 1.0000000180025095e-35 1.0000000180025095e-35 1.0000000180025095e-35 1.0000000180025095e-35 1.5000000000000002 1.0000000180025095e-35 1.0000000180025095e-35 1.0000000180025095e-35 1.0000000180025095e-35 1.0000000180025095e-35 1.0000000180025095e-35
decision_type=2 2 2 2 2 2 2 2 2 2 2 2 2 2
left_child=1 2 4 -4 5 6 8 -8 9 10 11 -1 13 -9
right_child=-2 -3 3 -5 -6 -7 7 12 -10 -11 -12 -13 -14 -15
leaf_value=0.026041847417927012 0.080792059671449479 -0.0440048733688937 0.03850578297700312 -0.023865736293597506 -0.02916918811402229 -0.041570818008728361 -0.041769790738676323 0.0084672686738295009 -0.024762420852776662 0.048515048470000183 -0.0238830543903139 -0.050455193577300578 0.0070254035919029862 -0.042740224355164676
leaf_weight=2.7300863080308844 0.45035933826875307 0.88872047590848424 0.34326968282402859 3.9262884556883364 0.89970335109683297 0.42386615993746168 0.63656555936904524 0.82783857415779294 0.46781266620382655 0.87968370928138018 0.74928846163675178 0.25047201965935517 6.6438490651125903 0.7464721065480262
leaf_count=93 13 36 36 102 47 27 27 11 15 46 27 21 194 36
internal_value=-0.00288645 -0.00473251 -0.00294496 -0.0188511 0.00150665 0.00342914 0.00479821 -0.000543026 0.0141131 0.0180586 0.0108754 0.0196134 0.00265033 -0.0158132
internal_weight=20.8643 20.4139 19.5252 4.26956 15.2556 14.3559 13.9321 8.85473 5.07734 4.60953 3.72985 2.98056 8.21816 1.57431
internal_count=731 718 682 138 544 497 470 268 202 187 141 114 241 47
is_linear=0
shrinkage=0.05


Tree=244
num_leaves=15
num_cat=0
split_feature=164 205 150 204 173 110 157 208 204 206 168 206 202 214
split_gain=0.595498 0.392249 1.56401 0.4033 1.00564 0.468702 0.564778 0.411942 0.399903 0.395671 0.354094 0.432659 0.430996 0.341643
threshold=1.0000000180025095e-35 3.5000000000000004 1.0000000180025095e-35 2.5000000000000004 1.0000000180025095e-35 1.0000000180025095e-35 1.0000000180025095e-35 1.0000000180025095e-35 6.5000000000000009 1.0000000180025095e-35 1.0000000180025095e-35 2.5000000000000004 1.0000000180025095e-35 1.5000000000000002
decision_type=2 2 2 2 2 2 2 2 2 2 2 2 2 2
left_child=10 2 3 4 9 6 13 8 -8 -2 11 -1 -12 -5
right_child=1 -3 -4 5 -6 -7 7 -9 -10 -11 12 -13 -14 -15
leaf_value=-0.0041930151645942553 0.021568984430970391 -0.039389046887344514 0.1123625586874068 -0.025626660371135652 0.10372690628358282 0.040076140663843046 0.047568950295431664 -0.021416011967597456 -0.016812560448301577 -0.04613401495394296 -0.050041157544763605 -0.042717918083739675 0.023229279435374756 0.011322535858547899
leaf_weight=10.416580627570507 1.0072561560664324 0.42262239803676482 0.35673975944519032 2.7309463201963813 0.34054506284883235 0.62897878536386986 0.99142348712484796 0.50061379015096452 0.31874178719590418 0.27464622864499677 0.9836281223397243 0.78361510612012431 0.25215444070636295 0.81151126272743557
leaf_count=285 45 9 2 138 10 93 29 8 13 15 34 20 15 57
internal_value=-0.00274776 0.00755096 0.0100427 0.00524283 0.0273529 -0.000753679 -0.00555098 0.0171644 0.031906 0.00706369 -0.0096909 -0.00688839 -0.0350907 -0.0171623
internal_weight=20.82 8.38403 7.9614 7.60466 1.62245 5.98222 5.35324 1.81078 1.31017 1.2819 12.436 11.2002 1.23578 3.54246
internal_count=773 419 410 408 70 338 245 50 42 60 354 305 49 195
is_linear=0
shrinkage=0.05


Tree=245
num_leaves=15
num_cat=0
split_feature=131 117 168 216 38 206 104 206 1 185 201 167 167 130
split_gain=1.64422 0.520981 0.470181 0.405991 0.280824 0.238441 0.225678 0.249415 0.581811 0.338354 0.348898 0.755217 0.607521 0.323953
threshold=1.0000000180025095e-35 1.0000000180025095e-35 1.0000000180025095e-35 1.0000000180025095e-35 1.0000000180025095e-35 1.5000000000000002 1.0000000180025095e-35 1.5000000000000002 1.0000000180025095e-35 1.0000000180025095e-35 1.0000000180025095e-35 1.0000000180025095e-35 1.0000000180025095e-35 1.0000000180025095e-35
decision_type=2 2 2 2 2 2 2 2 2 2 2 2 2 2
left_child=1 2 6 -4 -3 -6 7 8 13 10 11 -9 -12 -1
right_child=-2 4 3 -5 5 -7 -8 9 -10 -11 12 -13 -14 -15
leaf_value=0.00073719402197581151 0.0909047581925162 -0.051356104716384146 0.013048501282621175 -0.052917544040958421 0.058337985822122157 -0.024955587540409593 -0.024701998896380913 -0.010596161008069368 0.054966946849550946 0.021615976450991267 -0.020349025119665493 -0.078427708183106279 0.026822451543661599 0.037140862732119348
leaf_weight=7.8139037826695272 0.46627147562685323 0.85818687971550278 0.33104255213402101 0.78954731642443221 0.11908630095422268 0.30851100804284215 0.88417468883562733 4.0336542378281575 0.5892146897385836 1.0379686360211051 1.2640061489219079 0.45681598782539357 1.4838266912847757 0.66297904029124755
leaf_count=284 13 29 23 22 7 30 44 170 20 32 23 2 10 17
internal_value=-0.00194427 -0.00404251 -0.00199429 -0.03343 -0.034862 -0.00175824 -6.15899e-05 0.00119466 0.00692374 -0.00508115 -0.00890951 -0.0174967 0.00512352 0.00358433
internal_weight=21.0992 20.6329 19.3471 1.12059 1.28578 0.427597 18.2265 17.3424 9.0661 8.27627 7.2383 4.49047 2.74783 8.47688
internal_count=726 713 647 45 66 37 602 558 321 237 205 172 33 301
is_linear=0
shrinkage=0.05


Tree=246
num_leaves=15
num_cat=0
split_feature=24 195 44 204 213 126 94 164 13 162 199 213 208 214
split_gain=1.27779 0.831717 0.430031 1.87127 0.333214 0.292856 0.293063 0.455581 0.41442 0.426508 0.479427 0.382379 0.393862 0.593428
threshold=1.0000000180025095e-35 1.0000000180025095e-35 1.0000000180025095e-35 4.5000000000000009 4.5000000000000009 1.0000000180025095e-35 1.0000000180025095e-35 1.0000000180025095e-35 1.0000000180025095e-35 1.0000000180025095e-35 1.0000000180025095e-35 1.0000000180025095e-35 1.0000000180025095e-35 1.0000000180025095e-35
decision_type=2 2 2 2 2 2 2 2 2 2 2 2 2 2
left_child=1 2 4 -4 5 6 7 8 9 10 -1 -8 13 -13
right_child=-2 -3 3 -5 -6 -7 11 -9 -10 -11 -12 12 -14 -15
leaf_value=-0.026926925632128208 0.078469084753389914 -0.078457992949825986 -0.059517374631853373 0.051568316243512768 -0.031214693891325196 -0.040423154077110134 0.038956543583386072 0.020462028178185709 0.050004429834396971 0.03818546779530313 0.021103191712126126 -0.052391887043898612 0.017576368288193197 -0.0079380555496706678
leaf_weight=2.361563807411605 0.44566839646358758 0.40050807690567936 1.3543945702986082 0.5264673497804323 1.008312934776767 0.47282229480333526 0.44355294562410641 3.3715317831702123 0.31517062490456726 0.4065029527992009 0.6661075175506993 0.84404891182202657 1.2355388115975072 6.7910302021628013
leaf_count=82 14 18 28 39 18 9 22 166 25 12 21 20 19 241
internal_value=-0.0052751 -0.00712296 -0.0056798 -0.0284237 -0.00329212 -0.00162694 -0.000510809 0.00712527 -0.00486758 -0.00990344 -0.01636 -0.00634875 -0.00861412 -0.0128524
internal_weight=20.6432 20.1976 19.797 1.88086 17.9162 16.9079 16.435 7.12088 3.74934 3.43417 3.02767 9.31417 8.87062 7.63508
internal_count=734 720 702 67 635 617 608 306 140 115 103 302 280 261
is_linear=0
shrinkage=0.05


Tree=247
num_leaves=15
num_cat=0
split_feature=205 197 126 15 53 207 202 219 96 1 60 92 206 202
split_gain=1.07071 0.701614 0.757137 0.818611 0.59461 1.00792 0.484128 0.952 0.41149 0.415309 0.46313 0.373935 0.342039 0.338766
threshold=2.5000000000000004 1.0000000180025095e-35 1.0000000180025095e-35 1.0000000180025095e-35 1.0000000180025095e-35 1.0000000180025095e-35 1.5000000000000002 1.0000000180025095e-35 1.0000000180025095e-35 1.0000000180025095e-35 1.0000000180025095e-35 1.0000000180025095e-35 1.0000000180025095e-35 1.5000000000000002
decision_type=2 2 2 2 2 2 2 2 2 2 2 2 2 2
left_child=1 2 3 13 5 -3 7 -2 9 10 -9 -5 -7 -1
right_child=6 4 -4 11 -6 12 -8 8 -10 -11 -12 -13 -14 -15
leaf_value=-0.016749423426407502 -0.039524494362831585 0.048502860115522885 0.066524683894660028 0.05099911660068366 -0.015918404098837262 -0.052449717321452205 -0.044712936298526393 0.066560346861133587 -0.012703542453056367 0.068231318487347259 -0.023328477456809386 -0.043003280932209891 0.0072745335893977751 0.026110167887888027
leaf_weight=7.4418639548821375 1.9588870215229679 2.1850966921920185 0.34406705573201257 0.73128414825259813 1.0219209210627012 0.30799547303467978 1.8567897373432058 0.20997631322825328 1.1498221177607775 0.43251790152862668 0.45123112387955189 0.12368679186329246 1.0815011414924809 0.49149482084612817
leaf_count=218 18 140 7 93 14 5 32 44 8 5 4 7 116 20
internal_value=-0.00594358 0.00178311 -0.00623594 -0.00908455 0.0177154 0.0273308 -0.0234506 -0.0140561 0.0081808 0.0301363 0.00521706 0.0374 -0.00596393 -0.0140941
internal_weight=19.7881 13.7289 9.1324 8.78833 4.59651 3.57459 6.05922 4.20243 2.24355 1.09373 0.661207 0.854971 1.3895 7.93336
internal_count=731 620 345 338 275 261 111 79 61 53 48 100 121 238
is_linear=0
shrinkage=0.05


Tree=248
num_leaves=15
num_cat=0
split_feature=108 201 204 93 213 204 24 175 117 10 1 214 3 185
split_gain=1.4138 0.304919 0.953688 0.652215 0.359575 0.383715 0.58935 0.354899 0.337997 0.570185 0.318144 0.542798 0.303431 0.287634
threshold=1.0000000180025095e-35 1.0000000180025095e-35 7.5000000000000009 1.0000000180025095e-35 4.5000000000000009 2.5000000000000004 1.0000000180025095e-35 1.0000000180025095e-35 1.0000000180025095e-35 1.0000000180025095e-35 1.0000000180025095e-35 1.0000000180025095e-35 1.0000000180025095e-35 1.0000000180025095e-35
decision_type=2 2 2 2 2 2 2 2 2 2 2 2 2 2
left_child=1 2 7 4 5 -3 10 8 9 -1 11 -7 -2 -4
right_child=12 3 13 -5 -6 6 -8 -9 -10 -11 -12 -13 -14 -15
leaf_value=-0.0022870928047276835 0.053158782675108596 -0.033561453616699745 0.078187394401556531 -0.066852578250909428 -0.036755404405264723 -0.057153159720499724 -0.020314961308514221 -0.05104610712686352 -0.033578415472110788 0.059904965738710472 0.063984110890373466 0.050915477393471624 0.1344504233152399 0.019739495134810048
leaf_weight=14.351078497002165 0.35921758451513497 0.57710254623088997 0.4505610892883859 0.55171790868917003 0.80763083892816201 0.19146029558032729 0.75314894842449587 0.38474551805120505 0.82496102292861984 0.37825502920895893 0.54738286894280463 0.29556270179455169 0.16870126128196716 0.39506334019824862
leaf_count=533 51 12 10 8 7 2 4 8 49 12 18 23 1 13
internal_value=-0.00165458 -0.00373423 -0.000862513 -0.0166775 -0.00795118 0.00188669 0.0133309 -0.00360772 -0.0024343 -0.000689976 0.0378284 0.00843113 0.0791363 0.0508814
internal_weight=21.0366 20.5087 16.7847 3.72401 3.17229 2.36466 1.78755 15.939 15.5543 14.7293 1.03441 0.487023 0.527919 0.845624
internal_count=751 699 625 74 66 59 47 602 594 545 43 25 52 23
is_linear=0
shrinkage=0.05


Tree=249
num_leaves=15
num_cat=0
split_feature=50 197 213 109 206 1 94 44 38 220 173 214 134 206
split_gain=0.309882 0.351685 0.647757 0.617013 0.334328 0.561177 0.390266 0.870806 0.491532 0.416781 0.340707 0.345177 0.272772 0.230724
threshold=1.0000000180025095e-35 1.0000000180025095e-35 1.5000000000000002 1.0000000180025095e-35 1.5000000000000002 1.0000000180025095e-35 1.0000000180025095e-35 1.0000000180025095e-35 1.0000000180025095e-35 1.0000000180025095e-35 1.0000000180025095e-35 1.0000000180025095e-35 1.0000000180025095e-35 1.0000000180025095e-35
decision_type=2 2 2 2 2 2 2 2 2 2 2 2 2 2
left_child=1 4 -3 12 5 6 9 8 -8 13 -6 -12 -4 -1
right_child=-2 2 3 -5 10 -7 7 -9 -10 -11 11 -13 -14 -15
leaf_value=0.017349987517633916 -0.03827365406848842 0.047807557835423259 0.018483305853504477 -0.052003622924076266 -0.038116826612263191 0.056118524659082618 -0.042367572041253652 0.06661390842422131 0.0285644139265838 0.052292873859119751 0.012268225119665218 -0.014916050421121322 -0.03011517710998762 -0.0023049738757987322
leaf_weight=2.6397034303518048 0.41653523187414876 1.2613932909589483 2.8475645868384172 0.40473248116177263 0.8127140210417555 0.55419330130098465 1.3431400314439086 0.27536618006706692 0.29851657524704922 0.53430772872889054 2.0678288431372494 2.6827299909928115 0.32131176290567953 3.4374013980850577
leaf_count=103 14 69 152 41 33 12 42 20 13 98 22 51 16 54
internal_value=0.00439888 0.00531129 0.0170036 0.00613063 0.00145133 0.00736365 0.00419547 -0.0156677 -0.0294694 0.00995494 -0.00820115 -0.00308325 0.0135556 0.00623252
internal_weight=19.8974 19.4809 4.835 3.57361 14.6459 9.08263 8.52844 1.91702 1.64166 6.61141 5.56327 4.75056 3.16888 6.0771
internal_count=740 726 278 209 448 342 330 75 55 255 106 73 168 157
is_linear=0
shrinkage=0.05


Tree=250
num_leaves=15
num_cat=0
split_feature=37 215 204 61 104 203 166 199 133 202 204 219 93 164
split_gain=0.447639 0.295499 0.415489 0.314237 0.369865 0.287836 0.494486 0.56227 0.474785 0.373706 0.31033 0.306314 0.249622 0.501198
threshold=1.0000000180025095e-35 1.0000000180025095e-35 1.5000000000000002 1.0000000180025095e-35 1.0000000180025095e-35 1.5000000000000002 1.0000000180025095e-35 1.0000000180025095e-35 1.0000000180025095e-35 1.0000000180025095e-35 3.5000000000000004 1.0000000180025095e-35 1.0000000180025095e-35 1.0000000180025095e-35
decision_type=2 2 2 2 2 2 2 2 2 2 2 2 2 2
left_child=1 12 -3 4 5 6 7 8 9 11 -8 -4 13 -1
right_child=-2 2 3 -5 -6 -7 10 -9 -10 -11 -12 -13 -14 -15
leaf_value=0.008867233731532146 -0.03270006607825824 0.062887320850215478 -0.052094690280518524 0.037798093212456606 -0.033151421663704599 -0.013794824347882576 0.036609682976185824 0.061322938160835783 0.058872198299211191 0.023558078175888366 -0.012219252059357463 0.0042013061676796897 -0.026804009652886093 -0.014796732341174252
leaf_weight=3.9078682954423147 1.266772281465818 0.29414610005915243 0.44357378967106054 0.59010299881629258 0.7628634895372669 1.8640203954601018 0.37334560730960253 0.7253576811581296 0.41820254143385671 0.87733920145547017 2.5334719343227334 0.5307473674765788 1.4818984447047121 5.2349947567563504
leaf_count=104 28 10 9 58 35 139 16 94 23 39 65 23 14 94
internal_value=-0.00387479 -0.00205249 0.00439829 0.00251165 7.02404e-05 0.00333362 0.00874324 0.0230006 0.0107544 -0.000113186 -0.00594777 -0.0214283 -0.00776767 -0.00468221
internal_weight=21.3047 20.0379 9.41317 9.11903 8.52892 7.76606 5.90204 2.99522 2.26986 1.85166 2.90682 0.974321 10.6248 9.14286
internal_count=751 723 511 501 443 408 269 188 94 71 81 32 212 198
is_linear=0
shrinkage=0.05


Tree=251
num_leaves=15
num_cat=0
split_feature=53 195 109 210 202 93 205 175 102 110 216 1 197 38
split_gain=0.917216 0.939786 0.328316 0.55538 0.346243 0.501923 0.330847 0.300499 0.282928 0.230675 0.573377 0.544398 0.31343 0.39836
threshold=1.0000000180025095e-35 1.0000000180025095e-35 1.0000000180025095e-35 2.5000000000000004 1.5000000000000002 1.0000000180025095e-35 3.5000000000000004 1.0000000180025095e-35 1.0000000180025095e-35 1.0000000180025095e-35 1.0000000180025095e-35 1.0000000180025095e-35 1.0000000180025095e-35 1.0000000180025095e-35
decision_type=2 2 2 2 2 2 2 2 2 2 2 2 2 2
left_child=1 2 4 -4 6 -6 7 8 9 12 -11 -12 13 -1
right_child=-2 -3 3 -5 5 -7 -8 -9 -10 10 11 -13 -14 -15
leaf_value=-0.008993218804464383 0.047764959690434157 -0.080500067679506723 0.051206420360485651 -0.055669589457178162 0.059770159332470645 0.0018592070462405349 -0.057220859642264768 -0.050814888070631739 0.03007342731481152 0.03448262258052872 -0.029909097829101679 0.0074135983935820025 0.01626979789289628 -0.037092027702573457
leaf_weight=7.2013274334603992 0.86603841159376216 0.4017393697067736 0.59285959000044286 0.15290423945407383 0.46777208290950434 1.8696192070783582 0.32315243780613023 0.36732984660193402 0.55264264683864972 1.0831593357725076 1.5456331284221958 2.6559080270526465 0.9539914619454074 1.529214088397566
leaf_count=192 24 12 183 2 32 19 2 6 36 46 47 70 45 42
internal_value=-0.00259598 -0.00481022 -0.00323433 0.0292936 -0.00454207 0.0134487 -0.00713585 -0.00611723 -0.00505945 -0.0063565 0.00204581 -0.00631641 -0.0109415 -0.0139149
internal_weight=20.5633 19.6973 19.2955 0.745764 18.5497 2.33739 16.2124 15.8892 15.5219 14.9692 5.2847 4.20154 9.68453 8.73054
internal_count=758 734 722 185 537 51 486 484 478 442 163 117 279 234
is_linear=0
shrinkage=0.05


Tree=252
num_leaves=15
num_cat=0
split_feature=146 205 65 205 109 61 117 38 219 201 208 204 179 216
split_gain=0.567118 0.774442 0.452405 0.407199 0.384188 0.373349 0.262909 0.304025 0.377117 0.231408 0.300136 0.766569 0.172652 0.291555
threshold=1.0000000180025095e-35 2.5000000000000004 1.0000000180025095e-35 1.5000000000000002 1.0000000180025095e-35 1.0000000180025095e-35 1.0000000180025095e-35 1.0000000180025095e-35 1.5000000000000002 1.0000000180025095e-35 1.0000000180025095e-35 8.5000000000000018 1.0000000180025095e-35 1.0000000180025095e-35
decision_type=2 2 2 2 2 2 2 2 2 2 2 2 2 2
left_child=5 3 -3 -2 -5 6 12 -8 -9 10 11 -7 -1 -14
right_child=1 2 -4 4 -6 9 7 8 -10 -11 -12 -13 13 -15
leaf_value=-0.0007548390058426729 0.056130137903765615 0.015207899941841189 0.068595513444441522 -0.028062157579082755 0.051232728663348964 -0.038457761478643084 -0.047716599517215887 -0.05281015659246785 0.055206325154623641 -0.058056895203411202 -0.047346881434243676 0.074269784165190117 0.027127704126605069 -0.015839655552950079
leaf_weight=9.8972677318197402 0.20624101173598219 0.90057773183798417 0.70938286525779404 1.3136683122720567 0.17285363668088405 0.39715260467346591 0.75079061768701716 0.13947339355945587 0.19209635162042105 0.53984918957576145 0.5000603124499321 0.24313640943728387 0.43199866516806551 4.5857503597180767
leaf_count=361 9 17 29 21 62 17 26 2 35 10 2 9 31 105
internal_value=-0.00511358 0.0139049 0.0387316 -0.00970736 -0.0188417 -0.00866682 -0.00631193 -0.0301063 0.00976965 -0.0310881 -0.0183209 0.00434817 -0.00458521 -0.0121404
internal_weight=20.9803 3.30272 1.60996 1.69276 1.48652 17.6776 15.9974 1.08236 0.33157 1.6802 1.14035 0.640289 14.915 5.01775
internal_count=736 138 46 92 83 598 560 63 37 38 28 26 497 136
is_linear=0
shrinkage=0.05


Tree=253
num_leaves=15
num_cat=0
split_feature=131 134 218 9 185 1 185 197 216 63 166 64 205 220
split_gain=1.50774 1.10985 0.455509 0.277523 0.305473 0.296306 0.280941 0.694051 0.596627 0.396152 0.471055 0.548092 0.332829 0.381605
threshold=1.0000000180025095e-35 1.0000000180025095e-35 1.5000000000000002 1.0000000180025095e-35 1.0000000180025095e-35 1.0000000180025095e-35 1.0000000180025095e-35 1.0000000180025095e-35 1.0000000180025095e-35 1.0000000180025095e-35 1.0000000180025095e-35 1.0000000180025095e-35 1.0000000180025095e-35 1.0000000180025095e-35
decision_type=2 2 2 2 2 2 2 2 2 2 2 2 2 2
left_child=1 3 -3 6 -5 -6 7 8 9 10 -1 -12 13 -8
right_child=-2 2 -4 4 5 -7 12 -9 -10 -11 11 -13 -14 -15
leaf_value=0.0076945584087070272 0.089403647149888896 -0.018027487970073783 -0.060565455736718621 -0.012925322443365153 -0.016095402474214256 0.062178727688130646 -0.052891567665715858 0.045324914025736227 -0.036395591847675934 -0.051824211617829512 0.023785381818507693 0.11837552357628763 0.012026429323268535 -0.0019153361224095991
leaf_weight=5.9405951659082437 0.45644005798385379 2.7018526967149223 0.82044071389827866 3.6965946273121508 0.21028057797229838 0.28446265636375756 0.61875521205365591 1.2838379352288027 0.76145977596752334 0.24814888118999068 0.57681995868915681 0.20850128505844623 1.2697848578391129 0.90277957008220255
leaf_count=218 13 40 19 182 15 12 16 86 43 14 25 11 39 30
internal_value=-0.000426652 -0.00252671 -0.0279358 0.00306622 -0.00798712 0.0289099 0.0069888 0.0112788 0.00562828 0.0102166 0.0125056 0.0488989 -0.00687312 -0.0226456
internal_weight=19.9808 19.5243 3.52229 16.002 4.19134 0.494743 11.8107 9.01936 7.73553 6.97407 6.72592 0.785321 2.79132 1.52153
internal_count=763 750 59 691 209 27 482 397 311 268 254 36 85 46
is_linear=0
shrinkage=0.05


Tree=254
num_leaves=15
num_cat=0
split_feature=53 65 206 208 213 50 130 44 22 207 22 204 185 206
split_gain=1.04318 0.388552 0.667714 0.42272 1.21823 0.472593 0.306321 0.392239 1.1331 0.328807 0.498019 0.226092 0.434418 0.316008
threshold=1.0000000180025095e-35 1.0000000180025095e-35 2.5000000000000004 1.0000000180025095e-35 3.5000000000000004 1.0000000180025095e-35 1.0000000180025095e-35 1.0000000180025095e-35 1.0000000180025095e-35 1.0000000180025095e-35 1.0000000180025095e-35 2.5000000000000004 1.0000000180025095e-35 1.0000000180025095e-35
decision_type=2 2 2 2 2 2 2 2 2 2 2 2 2 2
left_child=1 2 3 5 -5 11 7 9 -9 -3 -11 13 -13 -1
right_child=-2 6 -4 4 -6 -7 -8 8 -10 10 -12 12 -14 -15
leaf_value=0.0064994846262536989 0.052825386310660187 -0.027921728863687378 -0.046525904759427146 -0.020684004882005814 0.090820139619543314 -0.049440446842985805 0.035821225056856192 0.06661603691825306 -0.047630571411866565 -0.015654983199413986 0.056780816426085061 0.0030044439278850876 0.042451159712507687 -0.031691425508998367
leaf_weight=1.1583988001802938 0.82503316560177964 4.3192524105979819 0.70446237910073328 0.49022444823640476 0.48960125353187323 0.4498781533911832 0.29425687839102455 0.47893259429838497 0.39688139344798401 1.1039407620992276 0.3022604863745072 7.2058079941634787 0.77280776714906085 1.0173450191505251
leaf_count=70 24 132 18 16 4 9 18 13 17 90 48 229 26 33
internal_value=-0.00222621 -0.00459377 0.000736609 0.00361079 0.0350326 0.000707428 -0.0140931 -0.016318 0.0148444 -0.0210849 -8.50354e-05 0.00292918 0.00682525 -0.011358
internal_weight=20.0091 19.1841 12.2885 11.5841 0.979826 10.6042 6.89552 6.60127 0.875814 5.72545 1.4062 10.1544 7.97862 2.17574
internal_count=747 723 405 387 20 367 318 300 30 270 138 358 255 103
is_linear=0
shrinkage=0.05


Tree=255
num_leaves=15
num_cat=0
split_feature=204 216 64 102 219 204 215 163 94 197 96 196 159 66
split_gain=0.261818 0.372134 0.248641 0.268849 0.260173 1.41983 0.448177 0.253587 0.249238 0.450206 0.207998 0.538078 0.263463 0.95908
threshold=8.5000000000000018 1.0000000180025095e-35 1.0000000180025095e-35 1.0000000180025095e-35 1.0000000180025095e-35 2.5000000000000004 1.0000000180025095e-35 1.0000000180025095e-35 1.0000000180025095e-35 1.0000000180025095e-35 1.0000000180025095e-35 1.0000000180025095e-35 1.0000000180025095e-35 1.0000000180025095e-35
decision_type=2 2 2 2 2 2 2 2 2 2 2 2 2 2
left_child=2 -2 3 7 6 -6 -4 10 -5 -10 12 -12 -1 -14
right_child=1 -3 4 8 5 -7 -8 -9 9 -11 11 -13 13 -15
leaf_value=-0.014481774963850705 -0.067780983204371786 -0.005498800156726596 -0.050638342284790375 0.059073484916963459 0.10630280543908265 0.00035382167618363414 0.012937758397562386 0.021253257924888656 -0.039486242871464038 0.054996795796356336 -0.023268257965631201 0.059268994666831915 0.10212698352924759 -0.051406917495103725
leaf_weight=13.061584765298901 0.42227321631798886 0.55512169341091067 0.521032822318374 0.26486939756432626 0.35121559016988646 3.1730190737434896 0.59235729090869427 0.60584698017919514 0.30562915482005337 0.21461172942872508 0.44979270893964063 0.35198859935917426 0.20614785392535928 0.20078421410289593
leaf_count=453 16 7 34 12 11 91 8 9 16 31 11 26 16 9
internal_value=-0.00713032 -0.0324072 -0.00591323 -0.00892454 0.00425593 0.0109124 -0.0168139 -0.0104295 0.0195916 -0.000509744 -0.0117746 0.0129663 -0.0132474 0.0263719
internal_weight=21.2763 0.977395 20.2989 15.6613 4.63762 3.52423 1.11339 14.8761 0.78511 0.520241 14.2703 0.801781 13.4685 0.406932
internal_count=750 23 727 583 144 102 42 524 59 47 515 37 478 25
is_linear=0
shrinkage=0.05


Tree=256
num_leaves=15
num_cat=0
split_feature=110 215 216 164 162 215 159 204 215 64 208 126 204 218
split_gain=1.98494 1.16279 0.513362 0.483686 0.352922 0.660791 0.310129 0.586579 0.3495 0.497858 0.384672 0.350335 0.490409 0.405556
threshold=1.0000000180025095e-35 1.0000000180025095e-35 1.0000000180025095e-35 1.0000000180025095e-35 1.0000000180025095e-35 1.0000000180025095e-35 1.0000000180025095e-35 4.5000000000000009 1.0000000180025095e-35 1.0000000180025095e-35 1.0000000180025095e-35 1.0000000180025095e-35 1.5000000000000002 1.0000000180025095e-35
decision_type=2 2 2 2 2 2 2 2 2 2 2 2 2 2
left_child=4 2 -2 -3 6 -6 8 -8 11 10 -10 12 -1 -14
right_child=1 3 -4 -5 5 -7 7 -9 9 -11 -12 -13 13 -15
leaf_value=-0.050667698263175201 0.037982335123300293 0.060512017330468605 0.0026417662859706272 0.0037069189491565797 0.099829058715814573 -0.015480898660411916 0.10335799386559059 -0.024513572925107779 -0.0075181017588779354 0.038111146378251172 0.047251980338704057 0.027544500436542531 0.011609326168512468 -0.022534494843717542
leaf_weight=1.0123432106338421 1.4684031708165992 2.6449963326376751 3.4229426137171686 0.43659512385784172 0.23031087196432132 0.26977326537598856 0.1825436916115003 0.17630367357924115 5.01243662608249 0.80706162877322629 0.34249050589278329 0.42825778760015953 1.2721808361820874 2.7489334726706147
leaf_count=77 15 135 28 82 11 12 10 20 215 36 20 6 41 41
internal_value=0.00891851 0.0284072 0.0132512 0.052464 -0.00352933 0.0376244 -0.00524686 0.040534 -0.0066602 0.00150234 -0.00401512 -0.0158693 -0.019563 -0.0117322
internal_weight=20.4556 7.97294 4.89135 3.08159 12.4826 0.500084 11.9826 0.358847 11.6237 6.16199 5.35493 5.46172 5.03346 4.02111
internal_count=749 260 43 217 489 23 466 30 436 271 235 165 159 82
is_linear=0
shrinkage=0.05


Tree=257
num_leaves=15
num_cat=0
split_feature=162 60 213 157 1 216 215 203 110 204 213 203 213 204
split_gain=0.462376 0.442027 0.525412 0.447949 0.334928 0.239797 0.416604 0.404959 0.445535 0.398594 0.460488 0.26844 0.239798 0.237275
threshold=1.0000000180025095e-35 1.0000000180025095e-35 4.5000000000000009 1.0000000180025095e-35 1.0000000180025095e-35 1.0000000180025095e-35 1.0000000180025095e-35 1.0000000180025095e-35 1.0000000180025095e-35 7.5000000000000009 1.5000000000000002 1.0000000180025095e-35 3.5000000000000004 5.5000000000000009
decision_type=2 2 2 2 2 2 2 2 2 2 2 2 2 2
left_child=1 2 5 -4 -3 7 -7 8 13 10 -9 -8 -12 -1
right_child=-2 4 3 -5 -6 6 11 9 -10 -11 12 -13 -14 -15
leaf_value=-0.00087373035204363087 -0.04062657561097352 -0.048697833800638357 -0.0048615249295152693 0.095060992376708273 -0.012388257600926319 -0.051152701599447695 -0.0099436265438937743 0.046088487829057216 0.036221865395281175 0.058827654340516761 -0.041935363171113897 0.03297831735631724 0.03392129322177375 0.03191891308454739
leaf_weight=6.9166802167456023 0.95005538151599367 0.8394195552937157 0.19927408986768469 0.25657172355568036 2.6093934960954357 0.58636334748007257 4.8242866001091897 0.19196241971803729 1.070279437699355 0.14787416744729842 1.3762902644848507 0.39402642469212867 0.11271565315837495 0.59942350903293107
leaf_count=162 34 29 17 10 30 26 175 15 48 13 116 41 15 20
internal_value=-0.00654052 -0.00493136 -0.00156141 0.0513796 -0.0212258 -0.00304927 -0.0111928 0.00148933 0.00603946 -0.0198735 -0.0267968 -0.00670266 -0.0361931 0.00174155
internal_weight=21.0746 20.1246 16.6757 0.455846 3.44881 16.2199 5.80468 10.4152 8.58638 1.82884 1.68097 5.21831 1.48901 7.5161
internal_count=751 717 658 27 59 631 242 389 230 159 146 216 131 182
is_linear=0
shrinkage=0.05


Tree=258
num_leaves=15
num_cat=0
split_feature=24 53 160 117 108 204 199 168 117 215 213 166 3 185
split_gain=1.61863 0.679052 0.359166 0.715135 0.900193 0.617666 0.510754 0.50009 0.487686 0.272836 0.269901 0.895549 0.172032 0.169674
threshold=1.0000000180025095e-35 1.0000000180025095e-35 1.0000000180025095e-35 1.0000000180025095e-35 1.0000000180025095e-35 1.5000000000000002 1.0000000180025095e-35 1.0000000180025095e-35 1.0000000180025095e-35 1.5000000000000002 1.5000000000000002 1.0000000180025095e-35 1.0000000180025095e-35 1.0000000180025095e-35
decision_type=2 2 2 2 2 2 2 2 2 2 2 2 2 2
left_child=1 2 6 4 5 -4 8 9 13 10 11 -7 -6 -1
right_child=-2 -3 3 -5 12 7 -8 -9 -10 -11 -12 -13 -14 -15
leaf_value=-0.045142887486357308 -0.085774075420200005 0.054957697786977927 0.044999133304737579 -0.036924106854552351 0.053311255922014536 -0.038772630166553072 0.04981642697820457 0.050275106113234991 0.027321140336221551 0.051467294099633402 0.0052822183663932456 0.037467206528544343 0.12800897755143997 -0.014711872333122576
leaf_weight=1.027990994960424 0.48614869576886022 0.70020542047859535 1.0702235761564232 0.84345724763989061 0.13972663909953631 1.2719689235964278 0.29185522131592723 0.59128265286563042 0.43354728828126088 0.28511877385608464 9.6662835200258979 0.55248749314341683 0.17191135883331299 0.82620549079729233
leaf_count=55 12 20 66 63 30 44 29 25 6 93 267 19 1 18
internal_value=0.00424432 0.00669293 0.0047249 0.00776521 0.0105068 0.00855839 -0.0124738 0.00540489 -0.0204203 0.0031519 0.00195305 -0.0156854 0.0945174 -0.0315832
internal_weight=18.3584 17.8723 17.1721 14.5925 13.749 13.4374 2.5796 12.3671 2.28774 11.7759 11.4907 1.82446 0.311638 1.8542
internal_count=748 736 716 608 545 514 108 448 79 423 330 63 31 73
is_linear=0
shrinkage=0.05


Tree=259
num_leaves=15
num_cat=0
split_feature=131 166 54 1 160 210 213 220 124 216 208 204 65 218
split_gain=0.437528 0.476558 1.11189 0.630746 0.459853 0.445681 0.460511 0.42773 0.385378 0.356074 0.487018 0.591357 0.34321 0.324803
threshold=1.0000000180025095e-35 1.0000000180025095e-35 1.0000000180025095e-35 1.0000000180025095e-35 1.0000000180025095e-35 1.0000000180025095e-35 2.5000000000000004 1.0000000180025095e-35 1.0000000180025095e-35 1.0000000180025095e-35 1.0000000180025095e-35 8.5000000000000018 1.0000000180025095e-35 1.5000000000000002
decision_type=2 2 2 2 2 2 2 2 2 2 2 2 2 2
left_child=1 5 3 4 -3 6 8 -6 -1 10 11 -7 -8 -11
right_child=-2 2 -4 -5 7 9 12 -9 -10 13 -12 -13 -14 -15
leaf_value=0.011404168999333204 0.042620912971204156 0.044070262784037549 -0.016042458277457958 0.069471531403928852 -0.028026750377488932 -0.0028872187927829261 -0.0044513704210550602 0.05243311496136363 -0.029379357150204372 0.0096828311651764101 -0.037620481210980695 0.074687557607279284 0.056065626701909288 0.059127994440052935
leaf_weight=0.69529680319828902 0.65169773566594713 0.85845697413606092 1.6914596687711307 0.91385244170669455 0.64795843302272205 4.4189091243642888 0.78928321905550525 0.22169083030894399 3.4701970868482084 3.9744781118588435 0.96295939334959246 0.26012989981973067 0.33318577965837903 0.36241904448979756
leaf_count=23 14 27 66 10 29 177 31 15 135 149 18 17 14 25
internal_value=0.00231702 0.000976934 0.0156107 0.035876 0.0181101 -0.00317679 -0.0149124 -0.00751594 -0.0225718 0.00304206 -0.00523873 0.00142553 0.0135121 0.0138148
internal_weight=20.252 19.6003 4.33342 2.64196 1.72811 15.2669 5.28796 0.869649 4.16549 9.9789 5.642 4.67904 1.12247 4.3369
internal_count=750 736 147 81 71 589 203 44 158 386 212 194 45 174
is_linear=0
shrinkage=0.05


Tree=260
num_leaves=15
num_cat=0
split_feature=94 22 201 26 215 124 206 213 110 204 215 65 164 160
split_gain=0.234152 0.715972 0.455696 0.905442 0.507634 0.444252 0.315313 0.583477 0.496588 0.412334 0.333013 0.612951 0.363707 0.310843
threshold=1.0000000180025095e-35 1.0000000180025095e-35 1.0000000180025095e-35 1.0000000180025095e-35 1.0000000180025095e-35 1.0000000180025095e-35 1.0000000180025095e-35 2.5000000000000004 1.0000000180025095e-35 3.5000000000000004 1.0000000180025095e-35 1.0000000180025095e-35 1.0000000180025095e-35 1.0000000180025095e-35
decision_type=2 2 2 2 2 2 2 2 2 2 2 2 2 2
left_child=1 5 4 -4 -2 -1 7 9 13 10 11 12 -7 -8
right_child=2 -3 3 -5 -6 6 8 -9 -10 -11 -12 -13 -14 -15
leaf_value=-0.042589162262962083 -0.047034283355401864 0.058982913646368651 0.025607702391195582 -0.036201416830846926 -0.012295302061634303 0.0083060353970427492 -0.045754080310543538 -0.02498804222274062 0.019295987841393279 0.087089842781199675 0.059432665952736302 -0.050441930978623706 0.073363638914466636 -0.0099801795342929975
leaf_weight=0.69169446220621189 1.3033957937732337 0.47362579363107293 1.8067278301168701 0.88164028912433412 5.4438815795292612 0.8166319900192327 0.73948798258788695 0.75795843571540888 1.276696283577621 0.24554561034892675 0.38574415608309198 0.35047295968979586 0.29152024630457163 3.3949640661267058
leaf_count=26 30 43 30 28 289 26 14 9 52 9 16 29 23 125
internal_value=-0.00650222 -0.000927685 -0.0120701 0.00533763 -0.019006 -0.00409785 -0.000874191 0.0125925 -0.00796168 0.026222 0.0181185 0.00719268 0.0254207 -0.0163787
internal_weight=18.86 9.42434 9.43565 2.68837 6.74728 8.95072 8.25902 2.84787 5.41115 2.08991 1.84437 1.45863 1.10815 4.13445
internal_count=749 372 377 58 319 329 303 112 191 103 94 78 49 139
is_linear=0
shrinkage=0.05


Tree=261
num_leaves=15
num_cat=0
split_feature=134 131 208 53 218 124 215 160 117 213 63 213 104 141
split_gain=1.44915 1.0604 0.87549 0.556106 0.468756 0.343346 0.491269 0.291874 0.612525 0.436619 0.373239 0.433395 0.536682 0.469206
threshold=1.0000000180025095e-35 1.0000000180025095e-35 1.0000000180025095e-35 1.0000000180025095e-35 1.5000000000000002 1.0000000180025095e-35 1.0000000180025095e-35 1.0000000180025095e-35 1.0000000180025095e-35 1.5000000000000002 1.0000000180025095e-35 3.5000000000000004 1.0000000180025095e-35 1.0000000180025095e-35
decision_type=2 2 2 2 2 2 2 2 2 2 2 2 2 2
left_child=1 3 4 5 -2 6 -1 9 10 -7 11 12 13 -9
right_child=2 -3 -4 -5 -6 7 -8 8 -10 -11 -12 -13 -14 -15
leaf_value=-0.054226618772998204 -0.027924545716557267 0.085761831209758513 -0.066024862103727183 0.04520828001900775 0.01921869897540324 0.0064476469396020572 0.019630448005928072 0.030640078194996385 -0.034664686103261254 -0.037382754645992097 -0.039802370585603375 -0.0037708786142618017 -0.020063774758163663 -0.010246624969023095
leaf_weight=0.56533367070369145 1.3997954076476156 0.43782930808083698 1.0201071635819974 0.88696311209059864 0.84594796089368163 1.623566602807837 0.37417048300267197 5.7287124530703295 0.71230318786547364 0.87408590508130135 0.31961922493064854 2.3021282011104631 0.71269032286363643 0.79962257581246365
leaf_count=21 32 10 7 21 20 64 15 232 57 38 21 91 37 95
internal_value=0.00262791 0.00906758 -0.027614 0.00681383 -0.0101662 0.00438349 -0.024812 0.0064817 0.0101126 -0.00889137 0.0133464 0.0151265 0.0211345 0.0256321
internal_weight=18.6029 15.337 3.26585 14.8992 2.24574 14.0122 0.939504 13.0727 10.5751 2.49765 9.86277 9.54315 7.24103 6.52834
internal_count=761 702 59 692 52 671 36 635 533 102 476 455 364 327
is_linear=0
shrinkage=0.05


Tree=262
num_leaves=15
num_cat=0
split_feature=179 205 110 130 110 210 1 204 205 204 218 204 65 219
split_gain=0.332245 0.35295 0.259039 0.301018 0.219807 0.241437 0.554651 0.310522 0.212497 0.200109 0.607366 0.384391 0.896973 0.427649
threshold=1.0000000180025095e-35 1.0000000180025095e-35 1.0000000180025095e-35 1.0000000180025095e-35 1.0000000180025095e-35 1.5000000000000002 1.0000000180025095e-35 5.5000000000000009 1.0000000180025095e-35 3.5000000000000004 1.0000000180025095e-35 2.5000000000000004 1.0000000180025095e-35 1.0000000180025095e-35
decision_type=2 2 2 2 2 2 2 2 2 2 2 2 2 2
left_child=4 -2 -3 -4 9 6 7 8 -6 10 11 12 13 -1
right_child=1 2 3 -5 5 -7 -8 -9 -10 -11 -12 -13 -14 -15
leaf_value=-0.05133885197782765 -0.02460748389994305 -0.031397047666383543 0.058142212284316756 0.00046596438701263242 0.007213157538573405 -0.00073081167108902554 0.06419610318639854 -0.023017447381747658 0.05971116794381634 0.0032184395366690018 -0.035833445340640896 0.033842296959200463 0.024789059728011022 -0.0048550164095642742
leaf_weight=0.99264486692845999 3.0864835818065322 0.36078199199982885 0.32102071727786097 0.76609057537280023 0.579099157941527 2.4927297501290013 0.57201976791839104 0.56196475606702734 0.28892545046983287 5.6779232996159408 1.6287402741727417 0.70644582028035063 1.3415655601129401 0.98654586001066491
leaf_count=63 80 28 48 4 27 29 29 13 35 240 45 25 53 24
internal_value=-0.0031203 -0.0150531 0.00531416 0.0174976 0.000298041 0.00965438 0.0225851 0.00594005 0.0246873 -0.00341246 -0.0100691 0.000350852 -0.006774 -0.0281686
internal_weight=20.363 4.53438 1.44789 1.08711 15.8286 4.49474 2.00201 1.42999 0.868025 11.3339 5.65594 4.0272 3.32076 1.97919
internal_count=743 160 80 52 583 133 104 75 62 450 210 165 140 87
is_linear=0
shrinkage=0.05


Tree=263
num_leaves=15
num_cat=0
split_feature=157 53 213 110 108 204 22 66 209 209 204 204 122 175
split_gain=0.66381 0.596627 0.651235 0.836582 0.84593 0.386036 0.337907 0.30633 0.300018 0.251968 0.320096 0.226601 0.219409 0.190728
threshold=1.0000000180025095e-35 1.0000000180025095e-35 2.5000000000000004 1.0000000180025095e-35 1.0000000180025095e-35 7.5000000000000009 1.0000000180025095e-35 1.0000000180025095e-35 1.5000000000000002 1.0000000180025095e-35 3.5000000000000004 4.5000000000000009 1.0000000180025095e-35 1.0000000180025095e-35
decision_type=2 2 2 2 2 2 2 2 2 2 2 2 2 2
left_child=1 2 6 4 9 -2 7 -1 -7 11 -11 -4 13 -12
right_child=5 -3 3 -5 -6 8 -8 -9 -10 10 12 -13 -14 -15
leaf_value=0.0010904870512943765 -0.02881832409937268 -0.030637711944799306 0.04627103398776071 0.054627982374557044 0.10138666574454865 0.017176484264576731 0.048648574193174782 -0.041462134648493583 -0.018415673417696243 -0.04662361458019159 -0.017139906270676651 -0.0097980303643518344 0.056592863992833232 0.032715437689940813
leaf_weight=8.2832942905661131 2.6341420111784819 1.0574962203536422 0.44935774110490623 1.4989108938789284 0.22255193622549985 1.1591788338555489 0.35548580640897931 0.44569466671964697 1.2102331056375988 0.46027242255513545 0.85035035914916057 0.30084452679147944 0.1610976767115061 0.24772179499268532
leaf_count=347 44 20 11 83 15 9 56 36 20 13 54 14 20 3
internal_value=3.29656e-05 0.00550654 0.00838569 0.0246898 0.0080214 -0.0156465 0.000863809 -0.00108221 -0.00100305 -0.00039221 -0.0109414 0.0237863 0.00210169 -0.00589269
internal_weight=19.3366 14.3331 13.2756 4.19111 2.6922 5.00355 9.08447 8.72899 2.36941 2.46964 1.71944 0.750202 1.25917 1.09807
internal_count=745 672 652 213 130 73 439 383 29 115 90 25 77 57
is_linear=0
shrinkage=0.05


Tree=264
num_leaves=15
num_cat=0
split_feature=166 213 126 37 204 213 214 162 204 22 204 44 204 204
split_gain=0.929646 1.24941 0.682761 0.42133 0.292877 0.646827 0.474221 0.250943 0.219942 0.334547 0.555301 0.680093 0.303777 0.478117
threshold=1.0000000180025095e-35 3.5000000000000004 1.0000000180025095e-35 1.0000000180025095e-35 2.5000000000000004 1.5000000000000002 1.0000000180025095e-35 1.0000000180025095e-35 3.5000000000000004 1.0000000180025095e-35 4.5000000000000009 1.0000000180025095e-35 4.5000000000000009 6.5000000000000009
decision_type=2 2 2 2 2 2 2 2 2 2 2 2 2 2
left_child=2 4 3 8 7 -6 -7 -2 -1 10 -10 -12 -11 -14
right_child=1 -3 -4 -5 5 6 -8 -9 9 12 11 -13 13 -15
leaf_value=-0.0091520463740467455 -0.041309843917109318 0.053935032632059177 0.074966175179413438 -0.032613329598117385 0.047527208880802349 -0.054575257398977201 0.025449533856848464 0.0054429236808540213 0.033299050300956014 -0.050542228033263747 -0.0048404436214359997 0.064342142012894316 0.047177479840514382 -0.043979119159670926
leaf_weight=5.1268236598843933 0.56795816049270731 1.9611185071698853 0.28194611141225401 1.1509446928685072 0.78129589839954838 0.40061416709795594 0.34417380677768961 0.58022395288571715 1.6650487434380901 0.49651419247675199 4.8943724414493772 0.38303490568432597 0.29566963874276553 0.28013408761762548
leaf_count=192 37 34 8 28 30 5 32 14 108 18 166 23 39 10
internal_value=0.00411816 0.023622 -0.002085 -0.00360497 0.00139257 0.015745 -0.017595 -0.0176837 -0.00106441 0.00410902 0.00812377 0.000180837 -0.0218835 0.00282891
internal_weight=19.2099 4.63538 14.5745 14.2925 2.67427 1.52608 0.744788 1.14818 13.1416 8.01477 6.94246 5.27741 1.07232 0.575804
internal_count=744 152 592 584 118 67 37 51 556 364 297 189 67 49
is_linear=0
shrinkage=0.05


Tree=265
num_leaves=15
num_cat=0
split_feature=24 53 133 205 208 209 65 117 160 199 1 220 164 9
split_gain=1.25216 0.848105 0.518481 0.738225 0.412445 0.38417 0.319485 0.482719 1.41973 0.296407 0.337799 0.320281 0.312374 0.528616
threshold=1.0000000180025095e-35 1.0000000180025095e-35 1.0000000180025095e-35 1.5000000000000002 1.5000000000000002 1.5000000000000002 1.0000000180025095e-35 1.0000000180025095e-35 1.0000000180025095e-35 1.0000000180025095e-35 1.0000000180025095e-35 1.0000000180025095e-35 1.0000000180025095e-35 1.0000000180025095e-35
decision_type=2 2 2 2 2 2 2 2 2 2 2 2 2 2
left_child=1 2 6 5 -5 -4 7 9 -9 10 12 -11 -1 -14
right_child=-2 -3 3 4 -6 -7 -8 8 -10 11 -12 -13 13 -15
leaf_value=-0.022526623786840075 0.09179594927137158 -0.039478253962176135 0.048947572878305756 0.010213960633048379 -0.05983906544466322 -0.0079943769532526219 -0.011188489574228381 0.17132576261141777 -0.011741106239262561 0.0056218725514786171 0.011885030078838508 0.051793378793359449 0.033795841355527531 -0.050889960726978684
leaf_weight=2.1660825908475183 0.43498357138559995 0.97243005478230671 2.1517159280265328 3.5685008468390156 0.22325831651687611 0.34349579943227571 3.2405840393621475 0.1707111211726442 0.27898728847503651 0.95990274893119909 2.8074948335488443 0.61703623071298352 0.70843811682425428 0.24905332559137605
leaf_count=90 13 23 76 179 1 14 149 7 19 18 40 82 46 8
internal_value=0.00794561 0.00596955 0.0084971 0.019988 0.00608925 0.0411088 0.00204583 0.00743518 0.0577534 0.00442134 -0.000701293 0.0236882 -0.012014 0.0117682
internal_weight=18.8927 18.4577 17.4853 6.28697 3.79176 2.49521 11.1983 7.95771 0.449698 7.50801 5.93107 1.57694 3.12357 0.957491
internal_count=765 752 729 270 180 90 459 310 26 284 184 100 144 54
is_linear=0
shrinkage=0.05


Tree=266
num_leaves=15
num_cat=0
split_feature=117 164 65 205 130 163 214 38 146 204 44 204 9 133
split_gain=0.702805 0.709574 0.567738 0.62746 0.901125 0.4106 0.351184 0.341411 0.405593 0.462017 0.384079 0.623806 0.299635 0.299294
threshold=1.0000000180025095e-35 1.0000000180025095e-35 1.0000000180025095e-35 3.5000000000000004 1.0000000180025095e-35 1.0000000180025095e-35 1.0000000180025095e-35 1.0000000180025095e-35 1.0000000180025095e-35 5.5000000000000009 1.0000000180025095e-35 4.5000000000000009 1.0000000180025095e-35 1.0000000180025095e-35
decision_type=2 2 2 2 2 2 2 2 2 2 2 2 2 2
left_child=1 5 3 4 12 13 -2 8 -4 10 11 -10 -3 -1
right_child=6 2 7 -5 -6 -7 -8 -9 9 -11 -12 -13 -14 -15
leaf_value=-0.0033237407678415112 -0.05598217729422026 0.030911113905085327 -0.026929971512494235 -0.056097464289983884 0.091662304178159904 0.039464372153243429 0.010528987776151652 0.024162882629540226 0.056415296729280223 0.054009826340717951 -0.039786450978347453 -0.027480709819930466 -0.010073558016911751 -0.022125158689429672
leaf_weight=7.932524028634365 0.8166298500727851 2.0121905663545481 1.4209792710025795 0.20439657499082375 0.56244426331249986 0.46862605665228407 0.2621847368482122 1.2161892535623335 0.44500429135223363 0.42996562777625524 0.51095484541474434 0.44128260626166593 0.57292997686454317 2.8870576983608771
leaf_count=261 25 95 42 4 15 7 48 78 28 24 19 24 44 49
internal_value=-0.000554749 0.0016624 0.0132425 0.028794 0.0343067 -0.00635603 -0.0398179 0.00156602 -0.00689472 0.00868625 -0.00526093 0.0146434 0.0218278 -0.00834064
internal_weight=20.1834 19.1045 7.81634 3.35196 3.14756 11.2882 1.07881 4.46438 3.24819 1.82721 1.39724 0.886287 2.58512 10.8196
internal_count=763 690 373 158 154 317 73 215 137 95 71 52 139 310
is_linear=0
shrinkage=0.05


Tree=267
num_leaves=15
num_cat=0
split_feature=195 24 163 197 74 110 217 63 208 45 219 208 134 132
split_gain=1.52476 1.08523 0.332862 0.328458 0.607246 0.821804 0.417769 0.36483 0.303832 0.291931 0.296884 0.696579 0.260512 0.239789
threshold=1.0000000180025095e-35 1.0000000180025095e-35 1.0000000180025095e-35 1.0000000180025095e-35 1.0000000180025095e-35 1.0000000180025095e-35 1.0000000180025095e-35 1.0000000180025095e-35 1.0000000180025095e-35 1.0000000180025095e-35 1.0000000180025095e-35 1.5000000000000002 1.0000000180025095e-35 1.0000000180025095e-35
decision_type=2 2 2 2 2 2 2 2 2 2 2 2 2 2
left_child=1 2 3 7 5 6 8 9 13 -1 -11 -12 -7 -5
right_child=-2 -3 -4 4 -6 12 -8 -9 -10 10 11 -13 -14 -15
leaf_value=0.0042131691847290664 -0.090118318141753889 0.084194582951472807 0.049307785084367534 -0.0014216381142539022 -0.013101616775406034 0.061150562641965993 0.058971186224391563 -0.047597479287398416 0.045251474090455455 -0.034588191501453695 0.057898345477171577 -0.059064782680198463 -0.016526344309076246 -0.04953275058922367
leaf_weight=11.571079846939037 0.41469757839513377 0.44238059462077117 0.41320840145635784 0.71576799590547924 1.2819114514422834 1.3503620403098464 0.27906321688715263 0.38994200347224328 0.2215057055291253 1.0243912637233741 0.32061166267521901 0.21111711859703064 0.11731797817628842 0.40582839803755633
leaf_count=327 16 12 8 54 47 144 6 20 8 21 70 1 9 8
internal_value=0.0047133 0.00681132 0.00494089 0.00391608 0.0158294 0.0278323 0.00330471 6.30398e-05 -0.0082614 0.00147879 -0.0188537 0.0114594 0.0549415 -0.0188297
internal_weight=19.1592 18.7445 18.3021 17.8889 4.37176 3.08985 1.62217 13.5171 1.3431 13.1272 1.55612 0.531729 1.46768 1.1216
internal_count=751 735 723 715 276 229 76 439 70 419 92 71 153 62
is_linear=0
shrinkage=0.05


Tree=268
num_leaves=15
num_cat=0
split_feature=74 204 218 216 208 196 37 206 205 204 157 94 205 209
split_gain=0.650048 0.770424 0.500636 0.930904 1.08918 0.626573 0.373937 0.254514 0.228947 0.361213 0.272604 0.664187 0.36501 0.273996
threshold=1.0000000180025095e-35 3.5000000000000004 1.5000000000000002 1.0000000180025095e-35 1.0000000180025095e-35 1.0000000180025095e-35 1.0000000180025095e-35 2.5000000000000004 3.5000000000000004 7.5000000000000009 1.0000000180025095e-35 1.0000000180025095e-35 2.5000000000000004 1.5000000000000002
decision_type=2 2 2 2 2 2 2 2 2 2 2 2 2 2
left_child=2 -2 6 4 5 -4 8 -3 9 10 12 -12 13 -1
right_child=1 7 3 -5 -6 -7 -8 -9 -10 -11 11 -13 -14 -15
leaf_value=-0.0013982714701418143 -0.040513633506636684 0.052570533129970523 0.078429908983738181 0.077554470512166226 -0.074449517306972635 -0.013326717463645325 -0.032377752664894774 -0.0074613289389300792 -0.044847000112562374 0.039535390236625077 -0.041122774321007041 0.0062022402772303146 0.038949576917584335 -0.043590805621399178
leaf_weight=10.086733297655881 0.33184709391207334 1.2350461562018606 0.36243105307221302 0.52607571029147937 0.36149934795685112 0.38231150923274981 1.2630149594915572 0.20600890822242934 0.33586014353204596 0.48053565970622081 1.5177961721346955 1.4493572398205288 0.54531092449178764 0.40004055227473223
leaf_count=432 14 59 5 19 2 39 29 13 6 13 19 17 29 35
internal_value=-0.000694152 0.0281717 -0.00358368 0.0227998 -0.00323887 0.0313269 -0.00626215 0.0439886 -0.00403583 -0.00308921 -0.00455233 -0.0180061 -0.000933863 -0.0030078
internal_weight=19.4839 1.7729 17.711 1.63232 1.10624 0.744743 16.0786 1.44106 14.8156 14.4798 13.9992 2.96715 11.0321 10.4868
internal_count=731 86 645 65 46 44 580 72 551 545 532 36 496 467
is_linear=0
shrinkage=0.05


Tree=269
num_leaves=15
num_cat=0
split_feature=126 53 214 25 60 150 54 209 214 219 216 117 213 185
split_gain=0.61266 0.446612 0.321669 0.270267 0.317246 0.458096 0.294291 0.278589 0.409433 0.356776 0.285183 0.308578 0.408668 0.268706
threshold=1.0000000180025095e-35 1.0000000180025095e-35 2.5000000000000004 1.0000000180025095e-35 1.0000000180025095e-35 1.0000000180025095e-35 1.0000000180025095e-35 1.5000000000000002 1.0000000180025095e-35 1.0000000180025095e-35 1.0000000180025095e-35 1.0000000180025095e-35 2.5000000000000004 1.0000000180025095e-35
decision_type=2 2 2 2 2 2 2 2 2 2 2 2 2 2
left_child=1 2 3 4 5 6 7 8 10 -10 11 12 -1 -8
right_child=-2 -3 -4 -5 -6 -7 13 -9 9 -11 -12 -13 -14 -15
leaf_value=0.0039196574788442134 -0.054683645221669221 -0.030562922044492864 0.036386727911800525 -0.019267669001040089 -0.009405353367271373 0.080162016231510827 -0.012862068628712312 -0.021123787326941201 0.008441240574647511 0.050650739550830173 -0.015485498247250727 0.052797259763174731 0.059368410798193619 0.033320357855228598
leaf_weight=4.0385363126406482 0.49343186768237401 1.0079863547871344 0.7203102686744377 1.340352166245794 3.352669690735639 0.21607947954908091 2.533349352772349 0.61505740796565156 0.85974508523941073 1.1985326344438361 1.1278035519644616 0.43132839258760203 0.36209065001457919 0.35968454778048897
leaf_count=121 9 21 94 42 49 3 137 35 20 150 30 18 6 17
internal_value=0.000288898 0.00178229 0.00368275 0.00224943 0.00416004 0.00803328 0.00668108 0.0113061 0.0137937 0.0330198 0.00715378 0.0124379 0.00848207 -0.00712031
internal_weight=18.657 18.1635 17.1555 16.4352 15.0949 11.7422 11.5261 8.63309 8.01804 2.05828 5.95976 4.83196 4.40063 2.89303
internal_count=752 743 722 628 586 537 534 380 345 170 175 145 127 154
is_linear=0
shrinkage=0.05


Tree=270
num_leaves=15
num_cat=0
split_feature=195 53 126 44 204 146 54 208 204 185 204 117 197 196
split_gain=0.717955 0.585055 0.293373 0.261629 0.409486 0.500409 0.291104 0.628346 0.605295 0.540051 0.549742 0.699279 0.693897 0.357441
threshold=1.0000000180025095e-35 1.0000000180025095e-35 1.0000000180025095e-35 1.0000000180025095e-35 4.5000000000000009 1.0000000180025095e-35 1.0000000180025095e-35 1.0000000180025095e-35 4.5000000000000009 1.0000000180025095e-35 3.5000000000000004 1.0000000180025095e-35 1.0000000180025095e-35 1.0000000180025095e-35
decision_type=2 2 2 2 2 2 2 2 2 2 2 2 2 2
left_child=1 2 3 6 -5 -6 7 8 9 10 11 12 -1 -10
right_child=-2 -3 -4 4 5 -7 -8 -9 13 -11 -12 -13 -14 -15
leaf_value=-0.0075968668027188244 -0.066939720758325688 -0.043587338077823209 -0.040803874886022377 -0.032842722808454045 -0.039690873190227745 0.050842855037551454 -0.0085571103335987022 0.049009351214438529 -0.038527129276500788 -0.014811378933936623 0.054156601445760358 0.087648793717902074 0.042183139873098741 0.0065975539608275641
leaf_weight=2.8471671812294628 0.4730478617711914 0.9098472105251848 0.48378600395517324 1.4263867292611387 0.251309088365815 0.38871808652402251 5.0599416673449005 0.78971739442931799 1.2277005392243152 1.6910482091770971 0.8639597512083127 0.27200990798883129 0.92828405964246474 0.68298781038174627
leaf_count=138 14 20 10 32 22 21 196 21 31 57 66 18 41 76
internal_value=-0.00614334 -0.0045297 -0.00242857 -0.00129855 -0.0179333 0.0152944 0.00109473 0.00634448 0.0023867 0.00955886 0.0179498 0.0102212 0.00464273 -0.022397
internal_weight=18.2959 17.8229 16.913 16.4292 2.06641 0.640027 14.3628 9.30287 8.51316 6.60247 4.91142 4.04746 3.77545 1.91069
internal_count=763 749 729 719 75 43 644 448 427 320 263 197 179 107
is_linear=0
shrinkage=0.05


Tree=271
num_leaves=15
num_cat=0
split_feature=195 74 220 205 170 163 219 208 206 197 179 204 205 13
split_gain=0.683044 0.523397 0.716114 0.326665 0.82221 0.496622 0.281559 0.405217 0.469828 0.538426 0.320092 0.277549 0.268054 0.26422
threshold=1.0000000180025095e-35 1.0000000180025095e-35 1.0000000180025095e-35 1.0000000180025095e-35 1.0000000180025095e-35 1.0000000180025095e-35 1.0000000180025095e-35 1.5000000000000002 1.5000000000000002 1.0000000180025095e-35 1.0000000180025095e-35 3.5000000000000004 2.5000000000000004 1.0000000180025095e-35
decision_type=2 2 2 2 2 2 2 2 2 2 2 2 2 2
left_child=1 3 -3 4 13 6 11 8 9 10 -8 -5 -10 -1
right_child=-2 2 -4 5 -6 -7 7 -9 12 -11 -12 -13 -14 -15
leaf_value=-0.020387605193299296 -0.062317245925895326 -0.016811109112626881 0.047133841325847692 -0.035262885972451419 0.045212699747194253 0.06762095863606328 0.057051696527815901 -0.059509689797532739 0.041466440002528193 -0.022593947154128671 -0.023126643009945286 -0.0040270465796614077 -0.0044870817414155639 0.026953960653528571
leaf_weight=6.0662055024149693 0.47859441107720968 0.69818546948954341 1.1741419761892757 0.84386023110709718 0.55787997675361101 0.27166129648685533 1.1037748225226094 0.21817970275878895 0.35187344239966512 0.34489237641537318 0.14030335005372752 4.5227323095314205 3.2335405741760042 0.3097776506365334
leaf_count=228 17 18 56 24 21 2 138 1 83 46 9 64 29 21
internal_value=-0.00329253 -0.00186848 0.023289 -0.00449046 -0.0129945 0.000855129 -0.000830663 0.0072383 0.0100527 0.0326847 0.0480094 -0.00893867 2.28086e-05 -0.0180875
internal_weight=20.3156 19.837 1.87233 17.9647 6.93386 11.0308 10.7592 5.39256 5.17438 1.58897 1.24408 5.36659 3.58541 6.37598
internal_count=757 740 74 666 270 396 394 306 305 193 147 88 112 249
is_linear=0
shrinkage=0.05


Tree=272
num_leaves=15
num_cat=0
split_feature=195 44 219 210 179 159 207 134 175 132 185 65 197 219
split_gain=1.16142 0.430872 0.432077 0.350207 0.255416 0.244856 0.167764 0.23877 0.158192 0.198014 0.214543 0.228353 0.20651 0.299551
threshold=1.0000000180025095e-35 1.0000000180025095e-35 1.0000000180025095e-35 2.5000000000000004 1.0000000180025095e-35 1.0000000180025095e-35 1.0000000180025095e-35 1.0000000180025095e-35 1.0000000180025095e-35 1.0000000180025095e-35 1.0000000180025095e-35 1.0000000180025095e-35 1.0000000180025095e-35 1.0000000180025095e-35
decision_type=2 2 2 2 2 2 2 2 2 2 2 2 2 2
left_child=1 4 -3 -4 5 8 -6 -8 9 12 11 -11 -1 -14
right_child=-2 2 3 -5 6 -7 7 -9 -10 10 -12 -13 13 -15
leaf_value=0.00028606463306631036 0.10091244560202857 -0.038582292151150284 0.042157940222686194 -0.052414676940786567 -0.015774517896173287 -0.043766211609575494 0.035685868782382064 -0.047599977602980181 0.032118173746931648 0.019834193756764817 -0.052234653495943861 -0.05041129007811937 -0.00201649041728468 0.051410464377282618
leaf_weight=9.4350923838792387 0.25778077440918323 1.7088600695133203 0.34247823432087887 0.13706598104909062 4.4916143158334298 0.3022363566997236 0.35700612360233197 0.11338698025792837 0.41539186891168434 0.37090330099454227 0.35268775746226311 0.16814073667410412 0.54609001800417967 0.50494174785308132
leaf_count=297 15 14 61 2 116 25 39 4 7 37 8 9 9 103
internal_value=-0.00451432 -0.00592641 -0.0268131 0.0151267 -0.00324674 0.00067206 -0.0127993 0.01561 0.00181092 0.000704439 -0.0219148 -0.00207705 0.00262796 0.0236511
internal_weight=19.5037 19.2459 2.1884 0.479544 17.0575 12.0955 4.96201 0.470393 11.7932 11.3779 0.891732 0.539044 10.4861 1.05103
internal_count=746 731 77 63 654 495 159 43 470 463 54 46 409 112
is_linear=0
shrinkage=0.05


Tree=273
num_leaves=15
num_cat=0
split_feature=195 126 44 66 94 208 204 104 130 215 141 30 9 204
split_gain=0.772916 0.725752 0.360553 0.753285 0.27499 0.342959 0.577016 0.263729 0.649919 0.242847 0.235744 0.206989 0.257503 0.204719
threshold=1.0000000180025095e-35 1.0000000180025095e-35 1.0000000180025095e-35 1.0000000180025095e-35 1.0000000180025095e-35 1.5000000000000002 3.5000000000000004 1.0000000180025095e-35 1.0000000180025095e-35 1.0000000180025095e-35 1.0000000180025095e-35 1.0000000180025095e-35 1.0000000180025095e-35 4.5000000000000009
decision_type=2 2 2 2 2 2 2 2 2 2 2 2 2 2
left_child=1 2 4 9 5 6 7 8 -1 -4 -11 13 -13 -6
right_child=-2 -3 3 -5 11 -7 -8 -9 -10 10 -12 12 -14 -15
leaf_value=-0.0034820328003454478 -0.065904436369562655 0.070698565308236552 -0.058683120887015376 0.04580004264069102 -0.020000030462004211 -0.059252741823242618 0.038068998833630623 -0.048473851567160275 0.072278344937482197 0.053409242753764075 -0.028797059551056488 0.057959431337883539 -0.018651082911153628 -0.0049621956319318272
leaf_weight=4.8360597881837863 0.47160174792224907 0.34555664559593324 0.27429623901843903 1.042266629927326 4.1474481340701441 0.21412968635559071 1.1002807880122416 0.28485029393050343 0.30068488791584957 0.14383904483838705 0.22152004900272004 0.24188066739589054 0.20069161444553174 4.981685238180944
leaf_count=203 12 10 2 34 150 1 116 9 3 14 19 5 18 156
internal_value=-0.00270201 -0.00107637 -0.00245507 0.0195862 -0.00472834 0.00301139 0.00505568 -0.00164418 0.000952683 -0.0231271 0.00356692 -0.0101751 0.0232191 -0.011794
internal_weight=18.8068 18.3352 17.9896 1.68192 16.3077 6.73601 6.52188 5.42159 5.13674 0.639655 0.365359 9.57171 0.442572 9.12913
internal_count=752 740 730 69 661 332 331 215 206 35 33 329 23 306
is_linear=0
shrinkage=0.05


Tree=274
num_leaves=15
num_cat=0
split_feature=201 220 205 163 220 22 215 206 1 213 162 10 204 204
split_gain=0.829716 0.437082 0.422911 0.471759 0.349503 0.270349 0.228752 0.556072 0.532508 0.464084 0.48114 0.2248 0.191441 0.411342
threshold=1.0000000180025095e-35 1.0000000180025095e-35 1.0000000180025095e-35 1.0000000180025095e-35 1.0000000180025095e-35 1.0000000180025095e-35 1.0000000180025095e-35 1.0000000180025095e-35 1.0000000180025095e-35 2.5000000000000004 1.0000000180025095e-35 1.0000000180025095e-35 3.5000000000000004 4.5000000000000009
decision_type=2 2 2 2 2 2 2 2 2 2 2 2 2 2
left_child=2 -2 6 4 5 12 8 -8 9 10 -1 -6 -4 -14
right_child=1 -3 3 -5 11 -7 7 -9 -10 -11 -12 -13 13 -15
leaf_value=-0.052273511546946066 -0.047257845701262131 -0.0040040115169463885 -0.017366864682226854 0.066538324125518855 0.03542436893816138 -0.036624648697598031 0.051658478067465444 -0.013437944183727346 0.023047890342857126 0.03086334664461704 0.0015333436428873468 -0.041930530720298793 0.022430650434538596 -0.009200135989057159
leaf_weight=1.9655408421531384 2.2656105817295606 0.78691566386260081 1.5601418188307423 0.26313562691211689 0.84199781507413707 0.63760050246492017 0.35268554833601218 4.6990501520758698 0.47276178002357472 0.24767106398940075 0.52682376233860839 0.10571216982498299 1.6784663489088414 2.6515551842749119
leaf_count=111 23 49 28 2 276 9 19 155 6 5 8 9 17 44
internal_value=-0.0122185 -0.0361074 -0.00766182 0.000737992 -0.00157817 -0.00569755 -0.0155271 -0.00889326 -0.025958 -0.0344134 -0.0409001 0.0267958 -0.00234974 0.00306105
internal_weight=19.0557 3.05253 16.0031 7.73861 7.47547 6.52776 8.26453 5.05174 3.2128 2.74004 2.49236 0.94771 5.89016 4.33002
internal_count=761 72 689 385 383 98 304 174 130 124 119 285 89 61
is_linear=0
shrinkage=0.05


Tree=275
num_leaves=15
num_cat=0
split_feature=24 53 179 110 160 93 215 65 66 173 64 162 218 164
split_gain=1.2318 0.98422 0.336861 0.291142 0.50812 0.329924 0.302823 0.523023 0.328217 0.274319 0.23527 0.247791 0.225732 0.250075
threshold=1.0000000180025095e-35 1.0000000180025095e-35 1.0000000180025095e-35 1.0000000180025095e-35 1.0000000180025095e-35 1.0000000180025095e-35 1.0000000180025095e-35 1.0000000180025095e-35 1.0000000180025095e-35 1.0000000180025095e-35 1.0000000180025095e-35 1.0000000180025095e-35 1.0000000180025095e-35 1.0000000180025095e-35
decision_type=2 2 2 2 2 2 2 2 2 2 2 2 2 2
left_child=1 2 3 6 -5 9 7 10 -9 -6 12 -12 13 -1
right_child=-2 -3 -4 4 5 -7 -8 8 -10 -11 11 -13 -14 -15
leaf_value=0.010943998039888936 0.085783469376566945 0.049218798776197024 -0.015895513126143051 -0.049502912156568782 0.017889555241819208 0.0047496144364778973 0.0062278953660280384 -0.041625440980817892 0.0091392039012346254 0.063210372368904852 -0.050672644382009371 0.0021235464143622568 -0.0053617016720417746 0.063372767547598366
leaf_weight=0.80681230407209137 0.43267537125029676 0.97549303770938323 3.6432336169928012 0.28028893934242693 0.71589201951428461 1.4725048395594058 4.7945191978524235 1.5829217203427104 0.39857693063095201 0.62571877971640788 0.38779235910624255 0.52057328168302774 1.2161449939012527 0.31672917807009071
leaf_count=33 14 25 148 27 34 17 294 56 9 34 27 8 13 22
internal_value=0.00242953 0.000396225 -0.00244514 0.00129027 0.0146967 0.0210911 -0.00284827 -0.0111694 -0.0314142 0.0390269 0.00118106 -0.0204158 0.00956588 0.0257238
internal_weight=18.1699 17.7372 16.7617 13.1185 3.0944 2.81412 10.0241 5.22955 1.9815 1.34161 3.24805 0.908366 2.33969 1.12354
internal_count=761 747 722 574 112 85 462 168 65 68 103 35 68 55
is_linear=0
shrinkage=0.05


Tree=276
num_leaves=15
num_cat=0
split_feature=214 204 201 196 213 53 206 208 205 133 38 65 219 64
split_gain=1.1561 0.507704 0.462016 0.435109 0.351301 0.297832 0.32245 0.327091 0.404492 0.513469 0.416837 0.293697 0.304715 0.275909
threshold=1.0000000180025095e-35 6.5000000000000009 1.0000000180025095e-35 1.0000000180025095e-35 1.5000000000000002 1.0000000180025095e-35 2.5000000000000004 1.0000000180025095e-35 1.5000000000000002 1.0000000180025095e-35 1.0000000180025095e-35 1.0000000180025095e-35 1.0000000180025095e-35 1.0000000180025095e-35
decision_type=2 2 2 2 2 2 2 2 2 2 2 2 2 2
left_child=1 2 -1 4 11 6 7 8 9 -6 -10 12 -2 -5
right_child=3 -3 -4 13 5 -7 -8 -9 10 -11 -12 -13 -14 -15
leaf_value=0.011097114149578698 -0.051069786007266686 0.050570549356173694 -0.033957908725700515 -0.001414123559413414 0.044372443818999512 -0.042402069701023976 -0.044346387789545375 0.017707957858464678 -0.011698485497693872 -0.012073895935709109 -0.060721457904705123 -0.061389035320437269 0.051750286429647054 0.051563010062836472
leaf_weight=6.7149959189700912 0.15307027124799588 0.74612932885065664 0.62167604849673797 2.068751350667299 0.51279407030961022 0.88795765570830543 0.65779925452079613 1.0528282215818761 1.0833517715800551 1.879734025686048 0.72300328023266036 0.80729884124593809 0.13614905090071261 0.27890369367378287
leaf_count=212 8 9 11 249 61 12 8 10 19 35 16 22 23 49
internal_value=-0.00286136 0.0112756 0.00727936 -0.0140184 -0.0196386 -0.0154022 -0.0113452 -0.00721169 -0.01346 2.43312e-05 -0.0313202 -0.0459006 -0.00266757 0.00487961
internal_weight=18.3244 8.0828 7.33667 10.2416 7.89399 6.79747 5.90951 5.25171 4.19888 2.39253 1.80636 1.09652 0.289219 2.34766
internal_count=744 232 223 512 214 161 149 141 131 96 35 53 31 298
is_linear=0
shrinkage=0.05


Tree=277
num_leaves=15
num_cat=0
split_feature=215 54 160 94 204 133 214 1 13 164 199 203 3 204
split_gain=0.718166 0.697765 0.632283 0.510763 0.534162 0.395325 0.312999 0.462967 0.338616 0.298117 0.243997 0.466033 0.502352 0.432805
threshold=1.0000000180025095e-35 1.0000000180025095e-35 1.0000000180025095e-35 1.0000000180025095e-35 7.5000000000000009 1.0000000180025095e-35 1.5000000000000002 1.0000000180025095e-35 1.0000000180025095e-35 1.0000000180025095e-35 1.0000000180025095e-35 1.0000000180025095e-35 1.0000000180025095e-35 2.5000000000000004
decision_type=2 2 2 2 2 2 2 2 2 2 2 2 2 2
left_child=6 3 -3 5 10 -2 7 8 -1 -9 11 12 13 -5
right_child=1 2 -4 4 -6 -7 -8 9 -10 -11 -12 -13 -14 -15
leaf_value=-0.01334155766991605 0.0069330466614656904 -0.021052894894217567 0.048384121902607879 -0.025830616218085151 0.043727672412371903 0.056718276648135085 -0.044633402092274226 0.018031659357735069 -0.048691345002374382 -0.013202576388457444 -0.030340397227048663 -0.038034979065887375 -0.054684945302539867 0.053858970439619416
leaf_weight=6.3210008405148965 1.838208082943311 0.41730316979374027 1.5293399715865232 0.23268575209658615 0.391603561292868 0.50919776509908832 0.6962578725069769 1.9469854007475078 0.75876412144862104 1.257275203242898 1.8568089196196524 0.63715539033000834 0.20387853309512138 0.63635624035669025
leaf_count=171 95 25 168 5 20 80 11 18 9 10 41 57 2 49
internal_value=-0.00381341 0.00733143 0.0334989 -0.000746509 -0.0117046 0.0177324 -0.0121896 -0.00999308 -0.0171301 0.00577609 -0.0177905 -0.00416368 0.0159508 0.0325221
internal_weight=19.2328 8.25254 1.94664 6.30589 3.95849 2.34741 10.9803 10.284 7.07976 3.20426 3.56688 1.71008 1.07292 0.869042
internal_count=761 542 193 349 174 175 219 208 180 28 154 113 56 54
is_linear=0
shrinkage=0.05


Tree=278
num_leaves=15
num_cat=0
split_feature=133 1 196 209 65 214 168 202 199 164 98 99 206 110
split_gain=0.348569 0.578041 0.203625 0.424693 0.215479 0.18147 0.153011 0.251949 0.197776 0.227275 0.178971 0.159073 0.189387 0.702585
threshold=1.0000000180025095e-35 1.0000000180025095e-35 1.0000000180025095e-35 1.5000000000000002 1.0000000180025095e-35 1.0000000180025095e-35 1.0000000180025095e-35 1.0000000180025095e-35 1.0000000180025095e-35 1.0000000180025095e-35 1.0000000180025095e-35 1.0000000180025095e-35 1.5000000000000002 1.0000000180025095e-35
decision_type=2 2 2 2 2 2 2 2 2 2 2 2 2 2
left_child=6 2 4 -4 -2 -6 8 -8 11 10 -10 12 13 -1
right_child=1 -3 3 -5 5 -7 7 -9 9 -11 -12 -13 -14 -15
leaf_value=-0.0057141275557334578 -0.02763051441875022 -0.043682477966246462 0.040315454442684161 -0.031996953837637947 0.0061062055745277214 -0.021203646853359827 -0.03081203554629168 0.026204663834514103 0.040790527710994458 -0.0097005202961681497 0.00082782549669155033 -0.039669343589272113 -0.012603882545850426 0.049582038281531175
leaf_weight=3.9427501042955519 1.8613769499934267 1.7364130025744087 0.51815155571603089 0.33387758932076395 1.4722043480724099 1.0365701811388133 1.0905445340613376 0.23561365850764548 0.7294356353813789 0.75236896519527352 0.45487500412127702 0.33453186030965376 3.9194183817526209 0.67241416469914828
leaf_count=159 22 51 108 40 16 19 38 18 65 67 21 13 80 23
internal_value=-0.0097703 -0.0186912 -0.0103815 0.011979 -0.014741 -0.00517762 -0.00465347 -0.0206821 -0.00268634 0.0117894 0.0254415 -0.00584729 -0.00452156 0.00234234
internal_weight=19.0905 6.95859 5.22218 0.852029 4.37015 2.50877 12.132 1.32616 10.8058 1.93668 1.18431 8.86911 8.53458 4.61516
internal_count=740 256 205 148 57 35 484 56 428 153 86 275 262 182
is_linear=0
shrinkage=0.05


Tree=279
num_leaves=15
num_cat=0
split_feature=24 44 66 166 220 197 65 205 94 164 199 214 204 213
split_gain=1.2846 0.943324 2.17644 0.622811 1.09127 0.537251 0.531403 0.529788 0.363028 0.376177 0.333468 0.363955 0.293897 1.04283
threshold=1.0000000180025095e-35 1.0000000180025095e-35 1.0000000180025095e-35 1.0000000180025095e-35 1.0000000180025095e-35 1.0000000180025095e-35 1.0000000180025095e-35 1.0000000180025095e-35 1.0000000180025095e-35 1.0000000180025095e-35 1.0000000180025095e-35 1.0000000180025095e-35 2.5000000000000004 1.5000000000000002
decision_type=2 2 2 2 2 2 2 2 2 2 2 2 2 2
left_child=1 3 -3 4 6 10 -1 12 9 -8 11 -6 -5 -14
right_child=-2 2 -4 7 5 -7 8 -9 -10 -11 -12 -13 13 -15
leaf_value=0.0034311232305041062 0.08702399635162715 -0.025638090995929164 0.10169097646109065 -0.050065323493374038 -0.041461231383434764 0.058000755454834109 -0.040086718295945963 0.027067328778054667 -0.052874781492732274 -0.00089855923981848771 0.052532341188328682 0.022279715922727674 0.064782004147719757 -0.031364576489457612
leaf_weight=5.4843250465346518 0.4252768555052161 0.65890908535220727 0.68399087739635434 1.069079822569621 0.40245432732626707 1.0752734552206675 0.89533878350630458 0.49481520880362939 0.72772726486437012 1.9377077231183648 0.33262853417545557 0.50491563519608462 0.32493954450183116 2.1353543543373235
leaf_count=114 13 37 31 51 10 173 19 27 18 35 30 114 20 49
internal_value=0.00120839 -0.000973372 0.0392155 -0.00448141 0.00150613 0.032136 -0.00633419 -0.0213844 -0.0213748 -0.0132833 0.00970717 -0.00599191 -0.0281773 -0.0186662
internal_weight=17.1527 16.7275 1.3429 15.3846 11.3604 2.31527 9.0451 4.02419 3.56077 2.83305 1.24 0.90737 3.52937 2.46029
internal_count=741 728 68 660 513 327 186 147 72 54 154 124 120 69
is_linear=0
shrinkage=0.05


Tree=280
num_leaves=15
num_cat=0
split_feature=213 126 213 209 204 94 150 220 203 220 214 21 215 206
split_gain=1.11524 0.671209 0.424463 0.584552 0.751857 0.400795 0.37431 0.307396 0.270211 0.368235 0.574952 0.443402 0.359276 0.358413
threshold=4.5000000000000009 1.0000000180025095e-35 2.5000000000000004 1.0000000180025095e-35 4.5000000000000009 1.0000000180025095e-35 1.0000000180025095e-35 1.0000000180025095e-35 1.5000000000000002 1.0000000180025095e-35 1.0000000180025095e-35 1.0000000180025095e-35 1.0000000180025095e-35 1.0000000180025095e-35
decision_type=2 2 2 2 2 2 2 2 2 2 2 2 2 2
left_child=1 2 8 -4 5 7 -2 -5 9 11 -11 12 -1 -12
right_child=6 -3 3 4 -6 -7 -8 -9 -10 10 13 -13 -14 -15
leaf_value=0.0013376111514902308 0.020719736036681011 0.075599762203441875 0.026905471211610729 -0.028649838981124866 0.00059378115267203402 -0.054037136962890059 0.10075278898546368 0.027371619756701333 -0.018158158528456907 -0.0099674310986034645 -0.018104282509412248 -0.044549546387368792 0.035867971016304352 0.057883498062961371
leaf_weight=5.0006414230447334 0.24248832647935969 0.2891577169066285 0.89710840603583974 1.1250769942998884 3.1090918243407941 1.4004101925092982 0.36751334683503956 0.31298590761434764 1.0557170062602388 0.66767550783697505 0.1805139529169536 0.45772180263884354 0.88689780235290516 1.1057311693730296
leaf_count=157 24 9 45 8 134 23 4 40 104 17 15 17 14 126
internal_value=0.00254842 9.23336e-05 -0.00125545 -0.0107174 -0.0163923 -0.0349979 0.068938 -0.0164571 0.00566756 0.00869837 0.0276779 0.00285392 0.00653926 0.0472192
internal_weight=17.0987 16.4887 16.1996 6.84467 5.94756 2.83847 0.610002 1.43806 9.3549 8.29918 1.95392 6.34526 5.88754 1.28625
internal_count=737 709 700 250 205 71 28 48 450 346 158 188 171 141
is_linear=0
shrinkage=0.05


Tree=281
num_leaves=15
num_cat=0
split_feature=24 195 205 214 168 202 110 133 164 173 201 208 66 197
split_gain=1.26198 1.19449 0.573178 0.343421 0.323809 0.267321 0.366048 0.346697 0.358136 0.246201 0.420324 0.232323 0.181404 0.178476
threshold=1.0000000180025095e-35 1.0000000180025095e-35 3.5000000000000004 2.5000000000000004 1.0000000180025095e-35 1.0000000180025095e-35 1.0000000180025095e-35 1.0000000180025095e-35 1.0000000180025095e-35 1.0000000180025095e-35 1.0000000180025095e-35 1.0000000180025095e-35 1.0000000180025095e-35 1.0000000180025095e-35
decision_type=2 2 2 2 2 2 2 2 2 2 2 2 2 2
left_child=1 2 3 4 5 7 11 13 -9 10 -8 12 -7 -1
right_child=-2 -3 -4 -5 -6 6 9 8 -10 -11 -12 -13 -14 -15
leaf_value=-0.0041198048248988865 0.088646337980794535 0.10784120142952272 0.074668380356480782 0.033146104392256147 -0.030259921702423434 -0.0228828931987986 0.051675716763255455 -0.020168039586294595 0.050077252254363727 -0.0027530761586932219 -0.04272783288714866 -0.054206678516041308 -0.0016482984708132923 0.021372883643615396
leaf_weight=3.8494736982975359 0.40451493561340512 0.25036430741601989 0.23982206068467249 0.629118627652132 1.1364583295362525 2.5359627885773062 0.5054592036831308 0.23959557060152281 0.74766227291547693 5.2800480515743402 0.15378231322392821 0.40291647244885087 1.6668481587985295 0.83560968361416588
leaf_count=158 12 18 9 84 43 126 66 7 41 84 3 14 56 50
internal_value=0.00128367 -0.000629356 -0.00211964 -0.0031437 -0.00445929 -0.00265127 -0.00735946 0.00610136 0.0330296 0.000844008 0.0296541 -0.0179382 -0.0144612 0.000426953
internal_weight=18.8776 18.4731 18.2228 17.9829 17.3538 16.2174 10.545 5.67234 0.987258 5.93929 0.659242 4.60573 4.20281 4.68508
internal_count=771 759 741 732 648 605 349 256 48 153 69 196 182 208
is_linear=0
shrinkage=0.05


Tree=282
num_leaves=15
num_cat=0
split_feature=24 126 53 108 3 22 218 216 208 205 164 205 209 220
split_gain=1.0424 0.855423 0.737862 0.573418 0.566494 0.377372 0.394041 0.786358 1.1692 0.282843 0.283122 0.500946 0.730025 0.362799
threshold=1.0000000180025095e-35 1.0000000180025095e-35 1.0000000180025095e-35 1.0000000180025095e-35 1.0000000180025095e-35 1.0000000180025095e-35 1.5000000000000002 1.0000000180025095e-35 1.0000000180025095e-35 3.5000000000000004 1.0000000180025095e-35 1.0000000180025095e-35 1.5000000000000002 1.0000000180025095e-35
decision_type=2 2 2 2 2 2 2 2 2 2 2 2 2 2
left_child=1 2 3 5 -5 6 9 8 -8 10 11 -1 -13 -12
right_child=-2 -3 -4 4 -6 -7 7 -9 -10 -11 13 12 -14 -15
leaf_value=-0.016267557751857689 0.080315135263644533 0.083017737380173651 -0.047787325688909491 0.0028796925458316287 -0.083426296798524549 0.04068167247483704 0.048808825490713852 0.074185133114201607 -0.072527351540191673 -0.046268938936434544 0.0045238585049994472 0.024918059521048336 -0.05052904067069916 0.051302995616562402
leaf_weight=4.6439327365369536 0.41495258409031421 0.30546658765524526 0.81588978369836773 0.37080363201312216 0.39021655917167664 0.63994826562338936 0.45683176491002153 0.53596851876500295 0.35114894842263311 0.33916054200381118 5.3551354224327952 1.9130863463433345 0.38517449323262543 0.44924875240030804
leaf_count=171 14 9 19 48 1 91 25 18 2 6 106 69 23 135
internal_value=0.00201984 0.000103324 -0.00141817 0.000971634 -0.0413741 0.0031101 0.00144383 0.027226 -0.00392396 -0.00120409 -5.01001e-06 -0.00681882 0.0122736 0.00814448
internal_weight=17.367 16.952 16.6465 15.8307 0.76102 15.0696 14.4297 1.34395 0.807981 13.0857 12.7466 6.94219 2.29826 5.80438
internal_count=737 723 714 695 49 646 555 45 27 510 504 263 92 241
is_linear=0
shrinkage=0.05


Tree=283
num_leaves=15
num_cat=0
split_feature=126 218 201 208 133 215 214 53 205 170 197 173 206 214
split_gain=0.574635 0.201041 0.950129 0.71143 0.850377 0.21623 0.190169 0.1762 0.184207 0.181885 0.176048 0.525976 0.297337 0.216161
threshold=1.0000000180025095e-35 1.5000000000000002 1.0000000180025095e-35 1.0000000180025095e-35 1.0000000180025095e-35 1.5000000000000002 3.5000000000000004 1.0000000180025095e-35 3.5000000000000004 1.0000000180025095e-35 1.0000000180025095e-35 1.0000000180025095e-35 1.0000000180025095e-35 1.5000000000000002
decision_type=2 2 2 2 2 2 2 2 2 2 2 2 2 2
left_child=1 5 3 4 -3 7 -7 8 9 10 13 12 -12 -1
right_child=-2 2 -4 -5 -6 6 -8 -9 -10 -11 11 -13 -14 -15
leaf_value=-0.0021754177295796279 0.066882050582257949 0.0770904580124296 0.073289808184675106 -0.070555484058367743 -0.025971922105054147 0.050932987756382733 -0.047239952274956504 -0.02594294065238072 -0.039159574186553775 -0.040760336999738557 -0.016331748306962015 -0.0080574215466743936 0.053080887681925863 -0.026221341872987542
leaf_weight=10.482485164728127 0.30663893942255427 0.33228010865059399 0.48492574774718367 0.34248437266796827 0.50332310342491837 0.29705920921878792 0.059150619357751566 0.92414135043509382 0.35209749359637577 0.30481750841136168 0.19280411745421688 1.5084740338934353 0.77215759998944122 1.0261037859236228
leaf_count=334 9 28 12 6 39 108 15 13 7 16 5 52 88 36
internal_value=-0.000975442 -0.00215889 0.0143831 -0.00986412 0.0150111 -0.00388696 0.0346308 -0.00476856 -0.00343184 -0.00255133 -0.00171835 0.0103838 0.0392119 -0.00431935
internal_weight=17.8889 17.5823 1.66301 1.17809 0.835603 15.9193 0.35621 15.5631 14.6389 14.2868 13.982 2.47344 0.964962 11.5086
internal_count=768 759 85 73 67 674 123 551 538 531 515 145 93 370
is_linear=0
shrinkage=0.05


Tree=284
num_leaves=15
num_cat=0
split_feature=53 146 213 162 160 73 213 208 218 1 69 205 163 213
split_gain=0.821124 0.32978 0.469409 0.601379 0.376339 0.282579 0.257778 0.411854 0.280486 0.254204 0.262342 0.217895 0.2028 0.166395
threshold=1.0000000180025095e-35 1.0000000180025095e-35 1.0000000180025095e-35 1.0000000180025095e-35 1.0000000180025095e-35 1.0000000180025095e-35 2.5000000000000004 1.0000000180025095e-35 1.5000000000000002 1.0000000180025095e-35 1.0000000180025095e-35 1.0000000180025095e-35 1.0000000180025095e-35 1.5000000000000002
decision_type=2 2 2 2 2 2 2 2 2 2 2 2 2 2
left_child=1 2 3 4 -1 12 7 8 -3 10 11 -6 13 -4
right_child=-2 6 5 -5 9 -7 -8 -9 -10 -11 -12 -13 -14 -15
leaf_value=-0.049691490802936916 0.052252140471775656 0.02448569270864728 -0.021238695307251088 0.0921169355847576 0.025374422284593658 0.043529990411646069 0.053779465537073017 -0.051257142506976161 -0.023621856314500006 0.069694579714817836 -0.04505384961903755 -0.017886669173549273 0.023652769819158499 -0.0061775233891906509
leaf_weight=0.24498276016675014 0.80617286336200678 1.89954136196684 2.3304601292656981 0.23953546587290464 1.3902024775743549 0.27256741328165013 0.39078629551113397 0.2464504034796845 0.3604869425180367 0.19802012013678894 0.19327518716454495 0.36814473872072984 0.48504370106093198 8.6056341761395725
leaf_count=21 23 81 93 16 72 17 31 9 16 9 7 18 9 339
internal_value=0.00293157 0.000623261 -0.00248777 0.0165804 0.00902449 -0.00678313 0.0160083 0.0101193 0.0168123 0.015716 0.0102391 0.0163169 -0.00798386 -0.00938703
internal_weight=18.0313 17.2251 14.3279 2.63416 2.39463 11.6937 2.89727 2.50648 2.26003 2.14964 1.95162 1.75835 11.4211 10.9361
internal_count=761 738 601 143 127 458 137 106 97 106 97 90 441 432
is_linear=0
shrinkage=0.05


Tree=285
num_leaves=15
num_cat=0
split_feature=204 162 204 209 168 166 218 98 204 102 38 117 219 204
split_gain=0.593796 0.96494 0.52247 0.422049 0.33686 0.298956 0.289586 0.354436 0.259864 0.202879 0.309824 0.152525 0.211619 0.302992
threshold=1.5000000000000002 1.0000000180025095e-35 7.5000000000000009 1.5000000000000002 1.0000000180025095e-35 1.0000000180025095e-35 1.5000000000000002 1.0000000180025095e-35 5.5000000000000009 1.0000000180025095e-35 1.0000000180025095e-35 1.0000000180025095e-35 1.0000000180025095e-35 4.5000000000000009
decision_type=2 2 2 2 2 2 2 2 2 2 2 2 2 2
left_child=1 5 4 -4 6 -1 8 -8 9 11 -11 12 -2 -14
right_child=2 -3 3 -5 -6 -7 7 -9 -10 10 -12 -13 13 -15
leaf_value=0.021419881998344589 -0.018387122193407261 0.13417652715481668 0.054597140534046351 0.0038639965501387329 0.029752374424591544 -0.044757553247194409 0.055360078197165478 -0.031748041081098424 -0.029111291959562764 -0.034569264880825824 0.056770119241435005 -0.041658258742841549 -0.0059875104143189452 0.057101730573822819
leaf_weight=1.137708927970382 4.3836890824604726 0.18207921891007561 0.53382735748527843 1.7664067646255717 0.51244983390643106 0.20077451691031445 0.33736702644091643 0.17859880514697579 2.098188160762219 0.14306903281249184 0.26444702791195596 0.39686678641010154 5.6950096365653735 0.19688872205733776
leaf_count=65 84 7 21 34 35 23 28 25 83 6 23 33 238 50
internal_value=-0.00371482 0.0261838 -0.006469 0.0156379 -0.0100484 0.0114932 -0.0115378 0.0252081 -0.0129765 -0.00992111 0.0247031 -0.0112432 -0.0100685 -0.00387927
internal_weight=18.0274 1.52056 16.5068 2.30023 14.2066 1.33848 13.6941 0.515966 13.1782 11.08 0.407516 10.6725 10.2756 5.8919
internal_count=755 95 660 55 605 88 570 53 517 434 29 405 372 288
is_linear=0
shrinkage=0.05


Tree=286
num_leaves=15
num_cat=0
split_feature=166 197 168 205 213 204 213 179 213 204 110 213 205 160
split_gain=0.754685 0.349189 0.508097 0.314753 0.318919 0.799461 0.405551 0.301721 0.222215 0.22769 0.219154 0.21784 0.534319 0.297566
threshold=1.0000000180025095e-35 1.0000000180025095e-35 1.0000000180025095e-35 1.0000000180025095e-35 3.5000000000000004 2.5000000000000004 1.5000000000000002 1.0000000180025095e-35 1.0000000180025095e-35 2.5000000000000004 1.0000000180025095e-35 1.5000000000000002 1.0000000180025095e-35 1.0000000180025095e-35
decision_type=2 2 2 2 2 2 2 2 2 2 2 2 2 2
left_child=1 11 8 4 5 -2 -7 -8 -3 -10 -5 -1 -13 -14
right_child=3 2 -4 10 -6 6 7 -9 9 -11 -12 12 13 -15
leaf_value=-0.021150307172928845 -0.051864895442806529 0.057323860436691326 0.068417864027326331 -0.023398813561111634 -0.054345263834250937 0.064497117554803696 -0.046717674367210416 0.037797791431357669 -0.028978058819264314 0.010793148454945459 0.034424642998185616 0.040051219061773613 -0.053812081772630617 -0.0059371656549823846
leaf_weight=2.5100817964412299 0.96163765521487177 0.16996848653070573 0.35625097481533874 0.38701596121245518 1.3985178839648142 0.28256000611872878 0.25966009357944131 0.17798955738544464 0.54690875555388618 1.0522854234077383 0.28418949584738584 0.62599433492869039 0.33682187646627326 8.9224264033036871
leaf_count=115 49 11 20 19 15 18 5 25 17 163 16 11 8 259
internal_value=-0.00995054 -0.00478556 0.0139391 -0.029942 -0.0367024 -0.0220317 0.017802 -0.0123457 0.00296884 -0.00280822 0.00108373 -0.00799625 -0.00465615 -0.0076787
internal_weight=18.2723 14.5207 2.12541 3.75157 3.08037 1.68185 0.72021 0.43765 1.76916 1.59919 0.671205 12.3953 9.88524 9.25925
internal_count=751 604 211 147 112 97 48 30 191 180 35 393 278 267
is_linear=0
shrinkage=0.05


Tree=287
num_leaves=15
num_cat=0
split_feature=96 204 201 133 168 175 216 204 64 102 64 214 99 197
split_gain=0.561773 0.745648 0.462877 0.362129 0.316687 0.243609 0.230107 0.199287 0.366732 0.201096 0.187177 0.370177 0.219336 0.186226
threshold=1.0000000180025095e-35 7.5000000000000009 1.0000000180025095e-35 1.0000000180025095e-35 1.0000000180025095e-35 1.0000000180025095e-35 1.0000000180025095e-35 1.5000000000000002 1.0000000180025095e-35 1.0000000180025095e-35 1.0000000180025095e-35 1.0000000180025095e-35 1.0000000180025095e-35 1.0000000180025095e-35
decision_type=2 2 2 2 2 2 2 2 2 2 2 2 2 2
left_child=1 4 -3 -2 5 7 -6 8 -1 10 12 -12 -9 -5
right_child=3 2 -4 13 6 -7 -8 9 -10 -11 11 -13 -14 -15
leaf_value=0.030398276554949085 -0.042327728769897849 0.0036046364340919395 0.062608041302078185 0.021779716339730592 0.009584953588167109 -0.049839021415705023 -0.042919283964755237 -0.0064097776644815975 -0.01465636434395149 0.028732476429959349 -0.012034002306476929 0.047253489057567433 -0.048971671871641337 -0.040999210138438796
leaf_weight=1.1726407427922847 1.5013595327545766 0.64331740921625058 0.68773656012490392 0.41912804796447733 0.27491926425136692 0.27088050788734186 0.86611132850521244 10.08076448031715 0.73459752136841405 0.44190834235269072 0.5925496605923406 0.47380705130490242 0.31206777119950935 0.16448773675074335
leaf_count=62 59 9 14 27 26 6 22 356 21 44 16 60 14 13
internal_value=-0.00487698 -0.00179589 0.0340909 -0.0293358 -0.00493428 -0.00288107 -0.0302689 -0.00195989 0.0130449 -0.00436452 -0.00564086 0.0143088 -0.00768779 0.00408595
internal_weight=18.6363 16.5513 1.33105 2.08498 15.2202 14.0792 1.14103 13.8083 1.90724 11.9011 11.4592 1.06636 10.3928 0.583616
internal_count=749 650 23 99 627 579 48 573 83 490 446 76 370 40
is_linear=0
shrinkage=0.05


Tree=288
num_leaves=15
num_cat=0
split_feature=219 66 24 204 133 214 60 150 164 206 9 205 160 205
split_gain=0.427436 0.479999 0.357836 0.605463 0.341483 0.484432 0.257911 0.593033 0.237491 0.222409 0.221528 0.169117 0.165695 0.368922
threshold=1.0000000180025095e-35 1.0000000180025095e-35 1.0000000180025095e-35 4.5000000000000009 1.0000000180025095e-35 1.0000000180025095e-35 1.0000000180025095e-35 1.0000000180025095e-35 1.0000000180025095e-35 1.0000000180025095e-35 1.0000000180025095e-35 1.0000000180025095e-35 1.0000000180025095e-35 1.0000000180025095e-35
decision_type=2 2 2 2 2 2 2 2 2 2 2 2 2 2
left_child=1 10 3 4 5 11 7 8 -5 -7 12 -2 -1 -14
right_child=2 -3 -4 6 -6 9 -8 -9 -10 -11 -12 -13 13 -15
leaf_value=-0.01696310616855266 -0.010130035423146383 -0.027576915785667535 -0.025377835462002521 0.056482630683207968 -0.010592669188446518 -0.0049999927861571975 0.016548317524414893 0.10000435196526868 0.0030299490238421562 0.051412493780521686 -0.028937792160993965 0.024007817762176073 0.025081394127400392 -0.005994464565644903
leaf_weight=0.79590823175385583 1.4578616409562513 2.2205816227942705 0.74708807124716337 0.34398523219715571 2.9397243667663133 0.21874744631350018 1.664793079617084 0.36686767812352628 0.5248825150738412 0.86808613064567908 0.58109620306640852 0.4829784114845096 1.7473154199542489 2.1063531909603626
leaf_count=35 35 26 11 42 104 17 35 4 144 139 15 11 73 51
internal_value=0.000888735 -0.00809996 0.00785462 0.0106543 0.00154578 0.0133316 0.0293938 0.0466993 0.0241919 0.0400583 0.000168607 -0.00163482 0.00380628 0.00809583
internal_weight=17.0663 7.45125 9.61501 8.86793 5.9674 3.02767 2.90053 1.23574 0.868868 1.08683 5.23067 1.94084 4.64958 3.85367
internal_count=742 200 542 531 306 202 225 190 186 156 174 46 159 124
is_linear=0
shrinkage=0.05


Tree=289
num_leaves=15
num_cat=0
split_feature=53 216 150 126 196 66 159 124 164 214 205 197 168 206
split_gain=2.07613 0.560935 0.818102 0.368622 0.303474 0.262586 0.582116 0.236756 0.201629 0.590607 0.430133 0.202089 0.228094 0.374239
threshold=1.0000000180025095e-35 1.0000000180025095e-35 1.0000000180025095e-35 1.0000000180025095e-35 1.0000000180025095e-35 1.0000000180025095e-35 1.0000000180025095e-35 1.0000000180025095e-35 1.0000000180025095e-35 1.0000000180025095e-35 1.0000000180025095e-35 1.0000000180025095e-35 1.0000000180025095e-35 1.0000000180025095e-35
decision_type=2 2 2 2 2 2 2 2 2 2 2 2 2 2
left_child=1 2 3 5 -3 6 7 -1 11 10 -10 12 13 -9
right_child=-2 4 -4 -5 -6 -7 -8 8 9 -11 -12 -13 -14 -15
leaf_value=-0.049664994084889363 0.069060140293084521 -0.023536882656606847 0.081233651441242893 0.047214939048215242 0.0022020977263041467 -0.018099802751264958 0.083516867865595229 0.0008425239442030072 0.055417465881587372 -0.012405187958560089 -0.0016090055934588011 0.026725340934345566 0.024341420181838672 -0.044150350344949255
leaf_weight=0.2495431301649641 0.91301651745743484 5.9878935440792693 0.29916034638881761 0.35299957916140634 1.4160084604291112 2.6154048303924355 0.20601782351150166 0.89362118602730756 0.83248377195559464 1.5201024119742212 0.54855530511122197 0.32031639504566545 0.30344313487876196 0.95724587776931003
leaf_count=18 21 171 2 6 135 85 18 32 33 93 21 36 21 33
internal_value=-0.00433462 -0.00839518 -7.97735e-05 -0.00284415 -0.0186143 -0.00493618 0.000967827 -0.0020554 0.000154641 0.00909792 0.0327663 -0.0103301 -0.0158397 -0.0224272
internal_weight=17.4158 16.5028 9.09889 8.79973 7.4039 8.44673 5.83133 5.62531 5.37577 2.90114 1.38104 2.47463 2.15431 1.85087
internal_count=725 704 398 396 306 390 305 287 269 147 54 122 86 65
is_linear=0
shrinkage=0.05


Tree=290
num_leaves=15
num_cat=0
split_feature=216 204 207 204 65 199 210 220 204 44 125 65 1 157
split_gain=0.331162 0.811939 0.433387 0.315876 0.249134 0.677827 0.802562 0.246092 0.242425 0.250389 0.207992 0.246588 0.253812 0.233144
threshold=1.0000000180025095e-35 7.5000000000000009 1.0000000180025095e-35 6.5000000000000009 1.0000000180025095e-35 1.0000000180025095e-35 1.0000000180025095e-35 1.0000000180025095e-35 5.5000000000000009 1.0000000180025095e-35 1.0000000180025095e-35 1.0000000180025095e-35 1.0000000180025095e-35 1.0000000180025095e-35
decision_type=2 2 2 2 2 2 2 2 2 2 2 2 2 2
left_child=1 3 4 8 -2 -6 -7 -8 10 -10 11 12 -1 -13
right_child=2 -3 -4 -5 5 6 7 -9 9 -11 -12 13 -14 -15
leaf_value=0.0017889719728338125 -0.015395240373753305 0.062912840511020432 0.011011454146384901 -0.039499597060438513 0.032737043036246687 -0.086868230704801708 -0.051335317497258816 0.051084172485382252 -0.0023394103066340884 0.077111640833754463 -0.0508063785827291 -0.0083759336843840064 0.044212070222680519 -0.055125495883318089
leaf_weight=3.6590728011360589 6.164355538203381 0.47037785141583377 1.3838244831968038 0.60121631491347294 0.25290689914254449 0.70602280553430319 0.089362030383199453 0.17065634466416668 0.20461847801198008 0.19241438730387017 0.22929947776719917 3.1074580744461859 0.3901658941831555 0.29172789707081381
leaf_count=143 135 23 136 22 12 15 3 29 25 8 16 150 19 8
internal_value=-0.00772293 -0.00106705 -0.0146667 -0.0045358 -0.0194795 -0.0401339 -0.0592113 0.0158851 -0.00193252 0.036165 -0.00390264 -0.00245871 0.00587667 -0.0123881
internal_weight=17.9135 9.14635 8.76713 8.67597 7.3833 1.21895 0.966041 0.260018 8.07476 0.397033 7.67772 7.44842 4.04924 3.39919
internal_count=744 414 330 391 194 59 47 32 369 33 336 320 162 158
is_linear=0
shrinkage=0.05


Tree=291
num_leaves=15
num_cat=0
split_feature=195 202 170 24 179 117 207 204 206 208 219 1 164 163
split_gain=1.18368 0.677491 0.588056 0.458746 0.455877 0.317431 0.296247 0.403602 0.310186 0.284658 0.366051 0.276069 0.249504 0.413774
threshold=1.0000000180025095e-35 1.0000000180025095e-35 1.0000000180025095e-35 1.0000000180025095e-35 1.0000000180025095e-35 1.0000000180025095e-35 1.0000000180025095e-35 4.5000000000000009 1.5000000000000002 1.0000000180025095e-35 1.0000000180025095e-35 1.0000000180025095e-35 1.0000000180025095e-35 1.0000000180025095e-35
decision_type=2 2 2 2 2 2 2 2 2 2 2 2 2 2
left_child=1 2 4 6 5 11 7 -3 -9 10 -8 12 13 -1
right_child=-2 3 -4 -5 -6 -7 9 8 -10 -11 -12 -13 -14 -15
leaf_value=-0.016279987738474517 0.11318199526755338 -0.020779198299382531 0.07840706423574606 -0.049215319480517938 0.056128401916516128 -0.042538056133884776 -0.0076469527980593324 0.023986604164454681 -0.0071035229949264634 0.072876920087928426 0.03729832797201478 0.066668688807064932 0.01860013040082641 0.03901775282048113
leaf_weight=1.7848716306798516 0.23231423805554996 4.0643301683885458 0.33114001154899586 0.62593388568257147 0.47973134764470149 0.32721942412899796 1.5335694041568801 1.1159224935108798 2.8542465877471841 0.16963348061835848 0.64294085223082209 0.19498470405233082 1.9985919030405055 0.4173993405420332
leaf_count=105 19 105 18 12 21 24 28 26 62 12 190 16 113 6
internal_value=0.00110389 -0.000470269 0.0138008 -0.00764554 0.00968883 0.00497187 -0.00513896 -0.00970335 0.00163519 0.010492 0.00562988 0.00850843 0.00580889 -0.00579933
internal_weight=16.7728 16.5405 5.53394 11.0066 5.2028 4.72307 10.3806 8.0345 3.97017 2.34614 2.17651 4.39585 4.20086 2.20227
internal_count=757 738 303 435 285 264 423 193 88 230 218 240 224 111
is_linear=0
shrinkage=0.05


Tree=292
num_leaves=15
num_cat=0
split_feature=74 1 179 204 213 206 204 204 24 207 216 175 210 204
split_gain=0.625546 0.702151 0.46058 0.21596 0.256033 0.196252 0.158303 0.148007 0.119959 0.174178 0.19881 0.282895 0.31196 0.228493
threshold=1.0000000180025095e-35 1.0000000180025095e-35 1.0000000180025095e-35 3.5000000000000004 3.5000000000000004 1.5000000000000002 4.5000000000000009 4.5000000000000009 1.0000000180025095e-35 1.0000000180025095e-35 1.0000000180025095e-35 1.0000000180025095e-35 1.5000000000000002 3.5000000000000004
decision_type=2 2 2 2 2 2 2 2 2 2 2 2 2 2
left_child=2 5 8 -4 7 -2 -7 -5 9 -1 13 12 -12 -11
right_child=1 -3 3 4 -6 6 -8 -9 -10 10 11 -13 -14 -15
leaf_value=0.0056631007994616539 -0.040988490172414953 0.052819878386580602 -0.038514811382064973 0.044974799047343098 -0.019118268062589594 0.043014097642855388 -0.016755862203278987 -0.014933283440421087 -0.017427923073999423 -0.042580291568308996 0.02859739892599238 0.072664642342345168 -0.033071417118749745 -0.0061295478964428426
leaf_weight=10.068861094918249 0.30068073679285467 1.1218093290153774 1.0230545228114345 0.28300940804183516 1.8346552064740533 0.20882972877006978 0.23594672394392546 0.16217966432668618 0.80278373244709733 0.6031073934937029 0.42758455168404896 0.15500417351722717 0.39407214333550655 1.4973046785271433
leaf_count=300 14 40 21 38 29 6 24 35 11 31 60 1 31 124
internal_value=0.000335646 0.027826 -0.00263983 -0.0194289 -0.0108643 -0.00978637 0.0113071 0.0231506 0.00133564 0.00248147 -0.00792951 0.0107085 -0.000979385 -0.0165959
internal_weight=19.1189 1.86727 17.2516 3.3029 2.27984 0.745457 0.444776 0.445189 13.9487 13.1459 3.07707 0.976661 0.821657 2.10041
internal_count=765 84 681 123 102 44 30 73 558 547 247 92 91 155
is_linear=0
shrinkage=0.05


Tree=293
num_leaves=15
num_cat=0
split_feature=126 196 96 206 219 207 117 206 207 206 96 102 168 65
split_gain=1.04295 0.264559 0.436571 0.415979 0.269039 0.25402 0.271637 0.395349 0.215261 0.182283 0.174431 0.301653 0.159663 0.169394
threshold=1.0000000180025095e-35 1.0000000180025095e-35 1.0000000180025095e-35 1.0000000180025095e-35 1.0000000180025095e-35 1.0000000180025095e-35 1.0000000180025095e-35 1.5000000000000002 1.5000000000000002 2.5000000000000004 1.0000000180025095e-35 1.0000000180025095e-35 1.0000000180025095e-35 1.0000000180025095e-35
decision_type=2 2 2 2 2 2 2 2 2 2 2 2 2 2
left_child=1 2 3 4 -1 6 7 -3 9 10 -7 -12 13 -5
right_child=-2 5 -4 12 -6 8 -8 -9 -10 -11 11 -13 -14 -15
leaf_value=-0.041607992614631099 0.08852491684256189 0.049701736116996548 -0.039734812728974819 -0.0065396362135194926 -0.010530995160090357 -0.031387603662450803 -0.040099902723652249 -0.0095257356132392289 0.050499797627777322 0.052342217924970763 0.055633985369834819 -0.046176342617464561 -0.024649093678570363 0.0092129782546558278
leaf_weight=1.4408690810669258 0.27661445326520961 0.7756695239877438 1.2930417965690146 7.8359367242446716 1.3479458873625845 0.94692795006449137 0.16540105274179939 0.44248665589111624 0.13437427224107512 0.091200101538561174 0.17164035479072481 0.12628509313799441 0.94110557046951804 2.1817694497003686
leaf_count=87 7 56 23 161 25 124 10 30 76 16 17 9 27 81
internal_value=-0.00782111 -0.00931042 -0.0119587 -0.00934618 -0.0265872 0.0046461 0.0200241 0.0281878 -0.00982344 -0.0158905 -0.0208893 0.0124785 -0.00495866 -0.00310885
internal_weight=18.1713 17.8947 15.0407 13.7476 2.78881 2.85399 1.38356 1.21816 1.47043 1.33605 1.24485 0.297925 10.9588 10.0177
internal_count=749 742 404 381 112 338 96 86 242 166 150 26 269 242
is_linear=0
shrinkage=0.05


Tree=294
num_leaves=15
num_cat=0
split_feature=195 53 1 21 219 13 30 208 196 9 168 199 215 9
split_gain=1.0667 0.620647 0.871957 0.821658 0.600589 0.294428 0.37793 0.34647 0.403445 0.297453 0.272743 0.473283 0.381571 0.252274
threshold=1.0000000180025095e-35 1.0000000180025095e-35 1.0000000180025095e-35 1.0000000180025095e-35 1.0000000180025095e-35 1.0000000180025095e-35 1.0000000180025095e-35 1.0000000180025095e-35 1.0000000180025095e-35 1.0000000180025095e-35 1.0000000180025095e-35 1.0000000180025095e-35 1.0000000180025095e-35 1.0000000180025095e-35
decision_type=2 2 2 2 2 2 2 2 2 2 2 2 2 2
left_child=1 2 5 -4 -5 6 10 8 -7 -10 11 13 -13 -1
right_child=-2 -3 3 4 -6 7 -8 -9 9 -11 -12 12 -14 -15
leaf_value=-0.0083322162318109679 0.10911700792626587 -0.043176149944451847 0.0046624361076796636 -0.035297530397452224 0.060079194254249228 -0.027860175856990049 0.053590954422271686 0.066222146747818247 0.055806710950003002 -0.026091760771901163 -0.034227563522868203 -0.017525333330285549 0.053274148381338961 -0.049093164858717522
leaf_weight=7.4432708308959228 0.22839152484811975 0.78144888710085147 2.7582903586080656 0.18609032221138466 1.4602814745321664 0.51627755718072943 0.24395892479515247 0.28257235149794713 0.40615713180704915 0.15249396986018837 0.99424696918868072 0.28968906286172558 0.5547267141246266 0.39999742715008313
leaf_count=298 14 17 44 6 118 19 18 8 58 21 34 15 57 16
internal_value=0.00180174 0.000313536 0.00247983 0.0213466 0.0492987 -0.00488511 -0.00787204 0.016955 0.00400387 0.033451 -0.00942075 -0.00658178 0.0289854 -0.010411
internal_weight=16.6979 16.4695 15.6881 4.40466 1.64637 11.2834 9.92589 1.3575 1.07493 0.558651 9.68193 8.68768 0.844416 7.84327
internal_count=743 729 712 168 124 544 438 106 98 79 420 386 72 314
is_linear=0
shrinkage=0.05


Tree=295
num_leaves=15
num_cat=0
split_feature=206 195 24 64 124 202 217 45 166 205 205 94 94 210
split_gain=0.665206 0.525318 0.523084 0.400793 0.589584 0.341903 0.323389 0.179097 0.318946 0.162377 0.347945 0.397125 0.259873 0.381404
threshold=1.0000000180025095e-35 1.0000000180025095e-35 1.0000000180025095e-35 1.0000000180025095e-35 1.0000000180025095e-35 1.0000000180025095e-35 1.0000000180025095e-35 1.0000000180025095e-35 1.0000000180025095e-35 1.0000000180025095e-35 1.5000000000000002 1.0000000180025095e-35 1.0000000180025095e-35 1.5000000000000002
decision_type=2 2 2 2 2 2 2 2 2 2 2 2 2 2
left_child=1 3 9 4 -1 6 7 8 -6 -2 11 -11 13 -12
right_child=2 -3 -4 -5 5 -7 -8 -9 -10 10 12 -13 -14 -15
leaf_value=-0.057504525648592313 -0.012219045274027647 -0.086063689223432813 -0.053668787601324854 -0.058519777778300933 0.0291210164349857 -0.034690079215539092 -0.047857351043976475 0.06294687268593073 -0.037456760182964066 0.051654698178172177 -0.028366677840601831 -0.0027392608608050699 0.00211253929924173 0.016455845600578722
leaf_weight=0.63941694563254814 5.7629913701503002 0.39559754729270924 0.59556425304435912 0.70263032782531798 0.70921894785715511 0.5676548718038249 0.19627595198107872 0.21315178977965843 0.24101857974892482 0.61318624025443369 2.0519432485871225 0.74112785492070543 4.0326250495490967 0.61740837628531142
leaf_count=10 196 1 11 30 50 47 7 13 27 29 71 86 116 35
internal_value=-0.0126241 -0.0316446 -0.00778818 -0.0250598 -0.0159003 -0.00209752 0.0115097 0.0215256 0.0122342 -0.00581088 -0.00122686 0.0218884 -0.00589793 -0.0179994
internal_weight=18.0798 3.66496 14.4148 3.26937 2.56674 1.92732 1.35967 1.16339 0.950238 13.8193 8.05629 1.35431 6.70198 2.66935
internal_count=729 185 544 184 154 144 97 90 77 533 337 115 222 106
is_linear=0
shrinkage=0.05


Tree=296
num_leaves=15
num_cat=0
split_feature=196 214 210 213 179 204 208 64 162 204 166 164 65 199
split_gain=0.421601 0.363103 0.260658 0.252154 0.228273 0.389368 0.382551 0.349204 0.274763 0.250443 0.645132 0.211129 0.323663 0.207603
threshold=1.0000000180025095e-35 1.0000000180025095e-35 1.0000000180025095e-35 2.5000000000000004 1.0000000180025095e-35 6.5000000000000009 1.0000000180025095e-35 1.0000000180025095e-35 1.0000000180025095e-35 1.5000000000000002 1.0000000180025095e-35 1.0000000180025095e-35 1.0000000180025095e-35 1.0000000180025095e-35
decision_type=2 2 2 2 2 2 2 2 2 2 2 2 2 2
left_child=1 4 -3 -4 5 6 7 9 -9 10 11 -1 -13 -2
right_child=13 2 3 -5 -6 -7 -8 8 -10 -11 -12 12 -14 -15
leaf_value=0.09985398074127344 0.013025779050164627 -0.023240936788517526 0.030726420594116888 -0.0067633548796995875 -0.01411978306693105 0.060386609915649703 -0.032904170542680848 -0.051303876951789819 0.0060741443747548297 0.010613074088161381 -0.050613182656596339 0.077817741933911666 -0.0027073502871711483 0.049575714327227877
leaf_weight=0.22979478305205958 2.1363854686514965 2.3795738184235216 0.49051437723392144 5.2386077028422733 1.1747298836708067 0.36007627937942732 0.54899614304304112 0.3618140019243582 0.4928560305852443 3.4309579009423032 0.16020096524152905 0.28094500489532948 0.22450582031160593 0.47486434815800738
leaf_count=20 261 50 77 86 13 4 4 24 7 71 18 15 10 92
internal_value=0.00109741 -0.00205763 -0.00933101 -0.00355357 0.00606055 0.00995314 0.00678391 0.0109893 -0.0182161 0.0167588 0.0403065 0.0601168 0.042051 0.0196725
internal_weight=17.9848 15.3736 8.1087 5.72912 7.26488 6.09015 5.73007 5.18107 0.85467 4.3264 0.895447 0.735246 0.505451 2.61125
internal_count=752 399 213 163 186 173 169 165 31 134 63 45 25 353
is_linear=0
shrinkage=0.05


Tree=297
num_leaves=15
num_cat=0
split_feature=53 215 124 185 164 213 203 49 213 208 96 157 205 65
split_gain=1.74816 0.382735 0.436471 0.322351 0.270777 0.262533 0.235814 0.367359 0.269825 0.226598 0.287718 0.223477 0.387714 0.222429
threshold=1.0000000180025095e-35 1.0000000180025095e-35 1.0000000180025095e-35 1.0000000180025095e-35 1.0000000180025095e-35 4.5000000000000009 1.0000000180025095e-35 1.0000000180025095e-35 2.5000000000000004 1.0000000180025095e-35 1.0000000180025095e-35 1.0000000180025095e-35 1.5000000000000002 1.0000000180025095e-35
decision_type=2 2 2 2 2 2 2 2 2 2 2 2 2 2
left_child=1 2 -1 4 -3 -4 11 8 -8 10 13 12 -6 -5
right_child=-2 3 5 9 6 -7 7 -9 -10 -11 -12 -13 -14 -15
leaf_value=-0.057393114494102219 0.05930158230766485 -0.01631255744531581 -0.01147206914591415 0.053249745212888604 0.03377380611170052 -0.041854842611058124 -0.036402793264226053 0.055379480753329782 0.051826430360907443 0.064871324801856908 -0.023784360982820801 0.060249151043041627 -0.016132518642136842 -0.0049826277685110464
leaf_weight=0.62478767626453091 0.95218788061174464 3.3378172944649114 8.0633175157709083 0.41542016831226625 0.77447413853678904 0.77975472807884294 0.79153651687374782 0.16081293328898028 0.097308693048034911 0.23736381466733281 0.38401055950089358 0.24303269910160441 0.78224688755290117 0.27093413258262444
leaf_count=23 21 171 180 26 67 4 80 29 39 7 22 7 29 29
internal_value=-0.00662181 -0.0103223 -0.0170047 -0.001881 -0.00664817 -0.0141511 0.00467275 -0.014162 -0.0267437 0.0206738 0.0108726 0.0156576 0.00869605 0.0302629
internal_weight=17.915 16.9628 9.46786 7.49496 6.18723 8.84307 2.84941 1.04966 0.888845 1.30773 1.07036 1.79975 1.55672 0.686354
internal_count=734 713 207 506 422 184 251 148 119 84 77 103 96 55
is_linear=0
shrinkage=0.05


Tree=298
num_leaves=15
num_cat=0
split_feature=110 65 218 220 206 133 133 206 204 204 204 209 206 63
split_gain=0.389468 0.307129 0.270091 0.251447 0.254843 0.223282 0.223127 0.208196 0.240923 0.196604 0.186632 0.271578 0.301409 0.236393
threshold=1.0000000180025095e-35 1.0000000180025095e-35 1.0000000180025095e-35 1.0000000180025095e-35 1.5000000000000002 1.0000000180025095e-35 1.0000000180025095e-35 1.0000000180025095e-35 6.5000000000000009 3.5000000000000004 3.5000000000000004 1.0000000180025095e-35 1.0000000180025095e-35 1.0000000180025095e-35
decision_type=2 2 2 2 2 2 2 2 2 2 2 2 2 2
left_child=2 -2 5 6 -5 10 -4 -3 -9 -6 11 12 -1 -14
right_child=1 7 3 4 9 -7 -8 8 -10 -11 -12 -13 13 -15
leaf_value=0.008807113444498001 0.0015144421621506908 -0.027239064481455213 -0.041719550897377278 0.039648856384439268 -0.053673962319573491 0.045799035266791729 -0.015389804761824472 0.046983322259672854 -0.029479116450060044 0.011030827623839954 -0.032159450300537427 0.04897860203761642 -0.033229033322029942 0.018476024782683686
leaf_weight=2.1094298967946115 6.162992007626598 0.13977121014613636 1.0295725867617873 0.36912316133384582 0.19884631149761844 0.25049850076175051 3.6829503485932946 0.87234271510078543 0.11681544883504102 0.28660948056858615 0.47914114431478072 0.27322037135309063 1.0066574469674376 0.28326222102623422
leaf_count=107 170 10 35 114 4 18 40 71 16 61 26 10 41 7
internal_value=-0.00287547 0.00590629 -0.00929877 -0.0166171 0.00833625 -4.38598e-05 -0.0211422 0.029882 0.0379534 -0.0154727 -0.00280985 0.00101924 -0.00283546 -0.0218748
internal_weight=17.2612 7.29192 9.96931 5.5671 0.854579 4.40221 4.71252 1.12893 0.989158 0.485456 4.15171 3.67257 3.39935 1.28992
internal_count=730 267 463 254 179 209 75 97 87 65 191 165 155 48
is_linear=0
shrinkage=0.05


Tree=299
num_leaves=15
num_cat=0
split_feature=13 205 215 30 104 205 213 159 204 38 214 220 204 166
split_gain=0.162599 0.387554 0.246599 0.416041 0.196663 0.156628 0.155298 0.134741 0.680563 0.171972 0.301078 0.24087 0.24832 0.294777
threshold=1.0000000180025095e-35 3.5000000000000004 1.0000000180025095e-35 1.0000000180025095e-35 1.0000000180025095e-35 3.5000000000000004 2.5000000000000004 1.0000000180025095e-35 4.5000000000000009 1.0000000180025095e-35 1.0000000180025095e-35 1.0000000180025095e-35 5.5000000000000009 1.0000000180025095e-35
decision_type=2 2 2 2 2 2 2 2 2 2 2 2 2 2
left_child=5 2 -2 4 -4 7 -6 9 -9 11 -11 12 13 -1
right_child=1 -3 3 -5 6 -7 -8 8 -10 10 -12 -13 -14 -15
leaf_value=-0.028823963051406512 -0.015927875307735068 0.07164796015180333 0.043060950957686916 -0.040883982382359754 -0.018033990283746883 -0.046292474358659477 0.048788857746478752 0.087725587514509096 -0.043962659341396315 0.0080390628829658233 -0.011969669036945152 0.0072234852963796378 0.019146150097835393 0.00076644246330789302
leaf_weight=4.0041756918653819 1.4465663586743174 0.19393735304765858 0.70821560539206962 0.28326295089209441 0.31571812153561041 0.28208963124780062 0.11999313064734451 0.19137852232961527 0.20131365778070176 2.9735341134946793 5.1127781379691442 0.98249902538373124 0.38305710908025492 1.0656389700016005
leaf_count=126 19 7 93 13 21 5 16 9 23 49 212 121 6 38
internal_value=-0.00726295 0.00323718 -0.00137957 0.0133663 0.0267999 -0.0093826 0.000368754 -0.00868448 0.0202156 -0.00946599 -0.00461197 -0.0155653 -0.0196714 -0.0226043
internal_weight=18.2642 3.06769 2.87376 1.42719 1.14393 15.1965 0.435711 14.9144 0.392692 14.5217 8.08631 6.43537 5.45287 5.06981
internal_count=758 169 162 143 130 589 37 584 32 552 261 291 170 164
is_linear=0
shrinkage=0.05


end of trees

feature_importances:
k_BETA-LACTAM=342
k_CARBAPENEM=183
k_TRIMETHOPRIM=161
k_QUINOLONE=158
k_SULFONAMIDE=125
k_STREPTOMYCIN=114
k_CEPHALOSPORIN=102
dfrA50=89
dfrA14=85
k_TETRACYCLINE=85
k_rule=85
sul2=84
k_COLISTIN=83
k_GENTAMICIN=81
k_KANAMYCIN=78
aac(3)-IIe=74
blaSHV-11=72
oqxB=67
gyrA_S83I=63
blaTEM-1=61
k_CHLORAMPHENICOL=59
blaOXA=58
oqxB19=55
tet(A)=54
qnrB1=53
blaCTX-M-15=50
oqxA3=49
oqxB25=48
oqxA=47
qnrS1=47
sul1=43
blaSHV-1=42
parC_S80I=42
blaOXA-1=40
k_TOBRAMYCIN=39
fosA5=38
k_AZITHROMYCIN=38
catA1=36
gyrA_D87Y=33
tet(D)=33
ble=32
aadA1=31
dfrA1=31
gyrA_D87N=31
ompK36_D135DGD=31
oqxA11=31
aph(3')-VIb=30
k_AMIKACIN=29
blaSHV-28=27
blaKPC-2=26
blaKPC-3=26
blaSHV-12=26
aph(3')-Ia=25
blaCTX-M-14=25
sat2=25
blaSHV=24
aac(6')-Ib-cr5=23
catA2=23
gyrA_S83Y=23
ompK35_E42RfsTer47=23
ompK35_R60LfsTer31=22
pmrB_T157P=22
dfrA12=21
fosA=21
ompK36_T136TDT=21
oqxB5=21
catB3=20
blaOXA-48=19
cmlA1=19
aac(6')-Ib3=18
floR=18
gyrA_S83F=18
aac(3)-IId=15
aph(3'')-Ib=15
mrx(A)=15
qnrA1=15
blaNDM-1=14
blaOXA-9=14
blaTEM=14
aac(6')-Ib=13
arr-3=13
blaSHV-187=13
ompK35_G62AfsTer1=13
aadA2=12
ant(2'')-Ia=12
aph(6)-Id=12
cmlA5=12
oqxB20=10
aac(3)-IVa=9
mph(A)=9
k_TIGECYCLINE=9
aph(3')-VI=7
blaNDM-5=7
blaOXA-232=7
arr-2=6
ramR_A19V=6
aph(4)-Ia=5
sul3=5
blaOXA-2=4
blaSHV-27=4
estX-3=4
fosA10=4
blaLAP-2=3
erm(B)=3
mph(E)=3
qnrB19=3
k_NITROFURAN=2
aadA16=1
armA=1
blaOXA-10=1
blaSHV-26=1
blaSHV_C-112A=1
dfrA27=1
dfrA5=1
gyrA_D87A=1
oqxB14=1
oqxB32=1

parameters:
[boosting: gbdt]
[objective: binary]
[metric: binary_logloss]
[tree_learner: serial]
[device_type: cpu]
[data_sample_strategy: bagging]
[data: ]
[valid: ]
[num_iterations: 300]
[learning_rate: 0.05]
[num_leaves: 15]
[num_threads: 12]
[seed: 0]
[deterministic: 0]
[force_col_wise: 0]
[force_row_wise: 0]
[histogram_pool_size: -1]
[max_depth: -1]
[min_data_in_leaf: 10]
[min_sum_hessian_in_leaf: 0.001]
[bagging_fraction: 0.8]
[pos_bagging_fraction: 1]
[neg_bagging_fraction: 1]
[bagging_freq: 1]
[bagging_seed: 3]
[bagging_by_query: 0]
[feature_fraction: 0.8]
[feature_fraction_bynode: 1]
[feature_fraction_seed: 2]
[extra_trees: 0]
[extra_seed: 6]
[early_stopping_round: 0]
[early_stopping_min_delta: 0]
[first_metric_only: 0]
[max_delta_step: 0]
[lambda_l1: 0]
[lambda_l2: 0]
[linear_lambda: 0]
[min_gain_to_split: 0]
[drop_rate: 0.1]
[max_drop: 50]
[skip_drop: 0.5]
[xgboost_dart_mode: 0]
[uniform_drop: 0]
[drop_seed: 4]
[top_rate: 0.2]
[other_rate: 0.1]
[min_data_per_group: 100]
[max_cat_threshold: 32]
[cat_l2: 10]
[cat_smooth: 10]
[max_cat_to_onehot: 4]
[top_k: 20]
[monotone_constraints: ]
[monotone_constraints_method: basic]
[monotone_penalty: 0]
[feature_contri: ]
[forcedsplits_filename: ]
[refit_decay_rate: 0.9]
[cegb_tradeoff: 1]
[cegb_penalty_split: 0]
[cegb_penalty_feature_lazy: ]
[cegb_penalty_feature_coupled: ]
[path_smooth: 0]
[interaction_constraints: ]
[verbosity: -1]
[saved_feature_importance_type: 0]
[use_quantized_grad: 0]
[num_grad_quant_bins: 4]
[quant_train_renew_leaf: 0]
[stochastic_rounding: 1]
[linear_tree: 0]
[max_bin: 255]
[max_bin_by_feature: ]
[min_data_in_bin: 3]
[bin_construct_sample_cnt: 200000]
[data_random_seed: 1]
[is_enable_sparse: 1]
[enable_bundle: 1]
[use_missing: 1]
[zero_as_missing: 0]
[feature_pre_filter: 1]
[pre_partition: 0]
[two_round: 0]
[header: 0]
[label_column: ]
[weight_column: ]
[group_column: ]
[ignore_column: ]
[categorical_feature: ]
[forcedbins_filename: ]
[precise_float_parser: 0]
[parser_config_file: ]
[objective_seed: 5]
[num_class: 1]
[is_unbalance: 0]
[scale_pos_weight: 1]
[sigmoid: 1]
[boost_from_average: 1]
[reg_sqrt: 0]
[alpha: 0.9]
[fair_c: 1]
[poisson_max_delta_step: 0.7]
[tweedie_variance_power: 1.5]
[lambdarank_truncation_level: 30]
[lambdarank_norm: 1]
[label_gain: ]
[lambdarank_position_bias_regularization: 0]
[eval_at: ]
[multi_error_top_k: 1]
[auc_mu_weights: ]
[num_machines: 1]
[local_listen_port: 12400]
[time_out: 120]
[machine_list_filename: ]
[machines: ]
[gpu_platform_id: -1]
[gpu_device_id: -1]
[gpu_device_id_list: ]
[gpu_use_dp: 0]
[num_gpu: 1]

end of parameters

pandas_categorical:[]
