tree
version=v4
num_class=1
num_tree_per_iteration=1
label_index=0
max_feature_idx=158
objective=binary sigmoid:1
feature_names=aac(3)-IIIa aac(3)-Ic aac(3)-Id aac(6') aac(6')-29a aac(6')-33 aac(6')-IIc aac(6')-Ib aac(6')-Ib' aac(6')-Ib3 aac(6')-Ib4 aac(6')-Il aadA1 aadA11 aadA2 aadA6 aadA7 ampD_W97Ter ampR_D135N ant(2'')-Ia aph(3'')-Ib aph(3')-IIb aph(3')-Ia aph(3')-VIa aph(3')-XV aph(6)-Id arr-2 blaGES-19 blaGES-20 blaIMP-1 blaKPC-2 blaNDM-1 blaOXA blaOXA-10 blaOXA-1028 blaOXA-1033 blaOXA-1034 blaOXA-1035 blaOXA-1127 blaOXA-2 blaOXA-395 blaOXA-396 blaOXA-4 blaOXA-486 blaOXA-488 blaOXA-494 blaOXA-50 blaOXA-56 blaOXA-846 blaOXA-847 blaOXA-848 blaOXA-851 blaOXA-904 blaOXA-905 blaOXA-914 blaPDC blaPDC-1 blaPDC-103 blaPDC-11 blaPDC-12 blaPDC-14 blaPDC-15 blaPDC-16 blaPDC-19a blaPDC-24 blaPDC-3 blaPDC-31 blaPDC-34 blaPDC-35 blaPDC-36 blaPDC-37 blaPDC-39 blaPDC-45 blaPDC-5 blaPDC-8 blaPME-1 blaSPM-1 blaTEM-1 blaVEB-9 blaVIM-2 ble catB3 catB7 cml cmlA5 cmlA6 cmx dfrA10 dfrA5 dfrB2 dfrB5 ere(A) floR floR2 fosA ftsI_F533L ftsI_R504C gyrA_D87H gyrA_D87N gyrA_T83I gyrB_E468D gyrB_S466F mexA mexE mexX mexZ_R147PfsTer158 mph(A) mph(E) mrx(A) msr(E) nalC_G71E nalC_S209R nalD_V133AfsTer188 nalD_V151SfsTer167 oprD_D286GfsTer32 oprD_G212AfsTer26 oprD_Q402HfsTer73 oprD_Q402HfsTer99 oprD_R213PfsTer6 oprD_S278P oprD_T181AfsTer79 oprD_V127EfsTer91 oprD_V359L oprD_W277Ter oprD_W339Ter oprD_W417Ter oprD_W6Ter oprD_Y199RfsTer27 parC_S87L parC_S87W parE_A473V pmrB_H340R pmrB_V15I qnrVC1 rmtB4 rmtD1 rmtF2 sul1 tet(A) tet(G) tmexC toprJ1 k_AMIKACIN k_AZITHROMYCIN k_BETA-LACTAM k_CARBAPENEM k_CEPHALOSPORIN k_CHLORAMPHENICOL k_COLISTIN k_GENTAMICIN k_KANAMYCIN k_QUINOLONE k_STREPTOMYCIN k_SULFONAMIDE k_TETRACYCLINE k_TIGECYCLINE k_TOBRAMYCIN k_TRIMETHOPRIM k_rule
feature_infos=none none [0:1] none none [0:1] none [0:1] [0:1] [0:1] [0:1] [0:1] [0:1] none [0:1] [0:1] [0:1] [0:1] none [0:1] [0:1] none none none none [0:1] none none none none none none none [0:1] none none none [0:1] none [0:1] [0:1] [0:1] [0:1] [0:1] [0:1] [0:1] [0:1] [0:1] [0:1] none none none none none [0:1] none [0:1] none none none none none [0:1] [0:1] none [0:1] none none [0:1] none none none none [0:1] [0:1] none [0:1] none none [0:1] none none [0:1] [0:1] [0:1] none [0:1] none none none [0:1] none [0:1] [0:1] [0:1] none [0:1] [0:1] [0:1] [0:1] none none none none none [0:1] none none none [0:1] [0:1] [0:1] none none [0:1] none none none none none [0:1] [0:1] [0:1] none none [0:1] [0:1] none [0:1] none none none [0:1] none none [0:1] none [0:1] [0:1] [0:1] none none [0:2] [0:3] [0:11] [0:6] [0:3] [0:3] [0:1] [0:3] [0:5] [0:4] [0:3] [0:2] [0:4] none [0:4] [0:2] [0:1]
tree_sizes=1733 1738 1752 1749 1752 1741 1755 1748 1749 1751 1744 1751 1746 1763 1746 1746 1765 1748 1752 1752 1760 1748 1746 1747 1764 1759 1746 1764 1757 1754 1770 1759 1759 1755 1752 1762 1756 1751 1752 1771 1759 1765 1751 1781 1760 1752 1759 1759 1767 1761 1766 1776 1759 1770 1768 1740 1761 1759 1766 1769 1752 1752 1775 1762 1757 1774 1756 1778 1754 1759 1778 1768 1782 1762 1762 1772 1770 1770 1773 1761 1762 1775 1777 1774 1767 1774 1767 1767 1783 1767 1757 1772 1759 1765 1761 1761 1772 1770 1774 1760 1774 1771 1776 1765 1766 1776 1778 1783 1761 1793 1766 1768 1782 1783 1773 1779 1765 1788 1782 1763 1784 1793 1769 1770 1785 1789 1784 1761 1778 1790 1776 1770 1778 1782 1787 1773 1755 1772 1780 1784 1781 1766 1767 1781 1786 1779 1774 1775 1770 1781 1777 1788 1787 1763 1770 1782 1786 1772 1779 1772 1777 1785 1780 1793 1776 1761 1773 1773 1786 1771 1783 1771 1781 1775 1780 1792 1781 1784 1782 1785 1778 1784 1782 1781 1785 1777 1772 1788 1775 1770 1779 1770 1757 1782 1766 1769 1786 1779 1790 1777 1785 1768 1778 1782 1783 1751 1778 1773 1771 1768 1795 1784 1793 1786 1784 1760 1783 1774 1775 1788 1777 1785 1786 1790 1786 1793 1770 1779 1777 1760 1788 1778 1776 1768 1775 1766 1782 1757 1797 1783 1799 1786 1782 1781 1774 1788 1770 1770 1804 1773 1772 1771 1778 1785 1773 1783 1784 1789 1772 1780 1785 1784 1784 1788 1791 1772 1777 1778 1779 1788 1784 1781 1784 1772 1782 1787 1769 1795 1777 1792 1788 1786 1770 1792 1790 1771 1789 1783 1793 1777 1777 1765 1773 1753 1778 1788 1800 1782 1775 1776

Tree=0
num_leaves=15
num_cat=0
split_feature=99 156 17 144 147 126 145 110 145 65 145 151 144 144
split_gain=67.3196 14.0333 11.8898 10.119 9.88951 4.00966 4.2574 2.90361 4.68187 5.08951 2.83691 3.87098 2.71581 2.27154
threshold=1.0000000180025095e-35 1.0000000180025095e-35 1.0000000180025095e-35 2.5000000000000004 1.5000000000000002 1.0000000180025095e-35 2.5000000000000004 1.0000000180025095e-35 1.0000000180025095e-35 1.0000000180025095e-35 1.5000000000000002 2.5000000000000004 3.5000000000000004 2.5000000000000004
decision_type=2 2 2 2 2 2 2 2 2 2 2 2 2 2
left_child=3 2 4 7 5 6 10 8 -1 -10 11 -2 -5 -3
right_child=1 13 -4 12 -6 -7 -8 -9 9 -11 -12 -13 -14 -15
leaf_value=-0.084275127594386171 -0.015106277728627902 0.044154935260955194 0.10000005587130847 -0.028424599095081913 0.10000005587130847 0.041604003159278168 0.05575227018592787 -0.090424317939216625 0.0079755187698039593 -0.067286187953055576 -0.024515713500812216 0.037308500739113563 0.024318928328116433 0.10000005587130847
leaf_weight=7.8517081737518337 7.9990265071392095 2.3553371578454962 4.4756668061017981 8.1936969310045225 3.086666762828826 6.7573447972536078 2.9726705104112616 9.6703861504793185 4.2880113869905454 4.7176893204450607 12.67637874186039 6.2943447828292847 3.4760076105594626 8.0253335833549482
leaf_count=15 29 12 29 27 20 34 16 17 18 11 43 31 16 52
internal_value=-0.00059121 0.0350066 0.0227356 -0.0515151 0.014044 0.00681455 -0.00103667 -0.0685838 -0.0560549 -0.0314508 -0.00729608 0.00797552 -0.0127141 0.087329
internal_weight=92.8403 54.6428 44.2621 38.1975 39.7864 36.6998 29.9424 26.5278 16.8574 9.0057 26.9698 14.2934 11.6697 10.3807
internal_count=370 266 202 104 173 153 119 61 44 29 103 60 43 64
is_linear=0
shrinkage=1


Tree=1
num_leaves=15
num_cat=0
split_feature=128 144 17 147 144 110 145 145 65 68 145 144 120 144
split_gain=63.2844 12.5812 8.5029 10.0767 8.98416 5.60855 6.8934 20.0726 6.75575 3.81331 4.92914 2.36716 1.97246 2.23325
threshold=1.0000000180025095e-35 3.5000000000000004 1.0000000180025095e-35 1.5000000000000002 3.5000000000000004 1.0000000180025095e-35 1.0000000180025095e-35 1.5000000000000002 1.0000000180025095e-35 1.0000000180025095e-35 1.5000000000000002 2.5000000000000004 1.0000000180025095e-35 1.5000000000000002
decision_type=2 2 2 2 2 2 2 2 2 2 2 2 2 2
left_child=1 5 3 4 9 6 -1 8 -8 10 12 -7 13 -2
right_child=2 -3 -4 -5 -6 11 7 -9 -10 -11 -12 -13 -14 -15
leaf_value=-0.074220270265676361 0.014126442971613778 0.026874100026056405 0.095241869719013661 0.095320763487287685 0.095865555448236661 -0.086314956952117883 -0.012282404091613124 0.10042103578011008 -0.086017809323900504 -0.044356529550208065 -0.0050182458861741707 -0.049892576519602175 -0.0050306422144999917 0.056560787073311448
leaf_weight=8.1486975103616732 4.5956903547048578 5.5193946808576575 5.5421331524848929 5.0805987119674674 3.5426646023988715 12.43211215734482 7.0320610702037794 2.930919036269187 5.5646026879549026 2.7439800947904578 13.711130201816561 6.9575362354516974 2.5491204261779776 9.5305507779121399
leaf_count=17 20 26 36 33 23 22 26 19 10 8 53 19 10 52
internal_value=-0.00411962 -0.044198 0.0370515 0.0293277 0.0201851 -0.0533068 -0.0369779 -0.0174335 -0.0448552 0.0120926 0.0171901 -0.0732456 0.0354507 0.0427556
internal_weight=95.8812 48.5853 47.2959 41.7537 36.6731 43.0659 23.6763 15.5276 12.5967 33.1305 30.3865 19.3896 16.6754 14.1262
internal_count=374 139 235 199 166 113 72 55 36 143 135 41 82 72
is_linear=0
shrinkage=0.05


Tree=2
num_leaves=15
num_cat=0
split_feature=99 145 137 96 144 73 10 122 145 145 65 145 144 144
split_gain=61.2082 15.6455 10.3851 14.0851 6.10655 4.8722 3.8751 2.64652 1.27461 0.930371 1.15561 0.870353 0.756007 0.324797
threshold=1.0000000180025095e-35 1.0000000180025095e-35 1.0000000180025095e-35 1.0000000180025095e-35 2.5000000000000004 1.0000000180025095e-35 1.0000000180025095e-35 1.0000000180025095e-35 1.5000000000000002 1.0000000180025095e-35 1.0000000180025095e-35 1.5000000000000002 3.5000000000000004 1.5000000000000002
decision_type=2 2 2 2 2 2 2 2 2 2 2 2 2 2
left_child=4 -2 5 6 9 13 -4 -6 -8 -1 11 -11 -9 -3
right_child=1 2 3 -5 7 -7 8 12 -10 10 -12 -13 -14 -15
leaf_value=-0.07692699290944266 -0.047815617018515985 -0.033761853887597004 0.093762442050494443 0.00078301404288078731 0.019227356911970278 0.052167400680940328 0.051669355530939903 -0.043740462587657347 0.095686989233489214 -0.027609359723426576 -0.071844898649209968 -0.05663700160264068 -0.014788226489321946 -0.012751173715532305
leaf_weight=7.8033790290355709 5.3309295624494544 3.8613484054803831 11.809132799506189 9.2293130308389646 3.1637655496597263 2.9620895534753799 15.114940345287323 6.2919999063014984 1.8454086780548102 4.0082525163888949 7.3030095249414435 7.2589202076196671 3.5140418410301208 3.5126734226942062
leaf_count=15 15 12 77 37 14 16 82 18 12 13 15 18 13 13
internal_value=-0.00125372 0.0334758 0.0424415 0.0545291 -0.0486261 -0.00199615 0.071771 -0.0205362 0.0564588 -0.0624399 -0.0563523 -0.0463105 -0.0333653 -0.0237533
internal_weight=93.0092 53.6658 48.3349 37.9988 39.3434 10.3361 28.7695 12.9698 16.9603 26.3736 18.5702 11.2672 9.80604 7.37402
internal_count=370 264 249 208 106 41 171 45 94 61 46 31 31 25
is_linear=0
shrinkage=0.05


Tree=3
num_leaves=15
num_cat=0
split_feature=151 114 151 144 139 122 145 120 111 110 144 122 10 40
split_gain=50.7722 13.4526 8.95944 7.86238 7.44442 6.92863 7.66629 6.87085 6.38617 3.77636 3.95762 5.36178 3.70368 1.77072
threshold=1.5000000000000002 1.0000000180025095e-35 2.5000000000000004 2.5000000000000004 1.0000000180025095e-35 1.0000000180025095e-35 1.0000000180025095e-35 1.0000000180025095e-35 1.0000000180025095e-35 1.0000000180025095e-35 1.0000000180025095e-35 1.0000000180025095e-35 1.0000000180025095e-35 1.0000000180025095e-35
decision_type=2 2 2 2 2 2 2 2 2 2 2 2 2 2
left_child=3 2 4 9 5 6 -2 -4 -5 10 -1 -12 13 -8
right_child=1 -3 7 8 -6 -7 12 -9 -10 -11 11 -13 -14 -15
leaf_value=-0.073225248391354886 -0.048570938589102886 -0.015188043331510526 0.083810311765756484 0.056187662129375864 0.089505418555294952 -0.054325408353088793 0.094609657565245531 -0.0019387468033007522 -0.026634179252892916 -0.074849046593375976 0.019037410002030054 -0.048809976387394538 0.0027189532693665144 0.038528943389010958
leaf_weight=5.6471697390079525 2.5803833603858974 10.23245260119438 17.436155483126644 3.1229325532913181 3.4936878234148017 3.3954895287752143 3.5281023830175382 2.697517752647399 9.1380454450845718 11.958568438887598 4.7381587326526624 7.5550900548696518 2.8444005101919174 2.3418314754962921
leaf_count=11 7 37 111 17 23 9 23 11 30 23 21 20 12 12
internal_value=0.000884976 0.0357436 0.0493446 -0.0392571 0.0239039 0.00830224 0.0271298 0.0723216 -0.00553904 -0.0530842 -0.0385764 -0.0226597 0.0495453 0.0722361
internal_weight=90.71 48.55 38.3176 42.16 18.1839 14.6902 11.2947 20.1337 12.261 29.899 17.9404 12.2932 8.71433 5.86993
internal_count=367 245 208 122 86 63 54 122 47 75 52 41 47 35
is_linear=0
shrinkage=0.05


Tree=4
num_leaves=15
num_cat=0
split_feature=151 150 158 126 16 65 43 144 110 46 145 44 145 149
split_gain=42.541 10.944 11.6807 10.2786 9.53381 3.91703 2.75334 2.63158 6.95369 5.58017 2.61161 1.93341 3.35765 2.41051
threshold=1.0000000180025095e-35 1.0000000180025095e-35 1.0000000180025095e-35 1.0000000180025095e-35 1.0000000180025095e-35 1.0000000180025095e-35 1.0000000180025095e-35 1.0000000180025095e-35 1.0000000180025095e-35 1.0000000180025095e-35 2.5000000000000004 1.0000000180025095e-35 1.5000000000000002 1.0000000180025095e-35
decision_type=2 2 2 2 2 2 2 2 2 2 2 2 2 2
left_child=6 3 -3 4 5 11 7 -1 9 -9 -10 12 13 -2
right_child=1 2 -4 -5 -6 -7 -8 8 10 -11 -12 -13 -14 -15
leaf_value=-0.077540873784649772 0.061727675239367279 -0.055920051891088944 0.088510976888639445 0.05599953746961403 0.08487027660201299 -0.049642035595531556 -0.070860376706233005 0.061872043855964079 -0.067966524402924486 -0.03618265207564169 -0.024308341890386678 -0.026212280958666252 -0.0085507093634968334 0.012238079283780134
leaf_weight=3.3619796484708848 3.5737110525369697 1.6172058284282673 10.416546091437338 12.232518061995505 3.2843116223812094 4.1796314567327491 7.8873068839311591 3.1120347678661355 7.8375923335552216 2.7183282673358917 6.0848640948534012 5.1058233231306067 14.494547009468077 7.8987928330898285
leaf_count=6 20 4 69 71 22 11 16 17 16 8 20 17 55 35
internal_value=0.00257235 0.0262297 0.069101 0.016068 0.0033927 -0.00419818 -0.0453519 -0.0366478 -0.0296877 0.0161554 -0.0488855 0.0019145 0.00744498 0.0276542
internal_weight=93.8052 62.8031 12.0338 50.7693 38.5368 35.2525 31.0021 23.1148 19.7528 5.83036 13.9225 31.0729 25.9671 11.4725
internal_count=387 304 73 231 160 138 83 67 61 25 36 127 110 55
is_linear=0
shrinkage=0.05


Tree=5
num_leaves=15
num_cat=0
split_feature=151 145 17 147 152 12 144 96 98 120 144 145 147 44
split_gain=31.4051 9.97111 10.3618 9.82457 5.02687 6.9646 4.11778 3.61617 5.89776 6.4711 3.28146 2.64485 2.21484 1.14497
threshold=1.0000000180025095e-35 2.5000000000000004 1.0000000180025095e-35 1.5000000000000002 1.0000000180025095e-35 1.0000000180025095e-35 2.5000000000000004 1.0000000180025095e-35 1.0000000180025095e-35 1.0000000180025095e-35 2.5000000000000004 3.5000000000000004 1.0000000180025095e-35 1.0000000180025095e-35
decision_type=2 2 2 2 2 2 2 2 2 2 2 2 2 2
left_child=6 2 3 4 10 12 -1 8 -7 -10 13 -3 -6 -2
right_child=1 11 -4 -5 5 7 -8 -9 9 -11 -12 -13 -14 -15
leaf_value=-0.056289995370733897 -0.0057986402138770132 0.08762321167043742 0.083961002913358077 0.082055689301835211 0.094623878573370068 -0.033712577825571952 -0.015863938930383979 -0.026204703275057223 0.056581993645307707 -0.027788498406946922 -0.076810749801449973 0.016420627151704392 0.021280467834171486 -0.040575880855834412
leaf_weight=23.479841411113739 7.2856353819370252 5.5498710721731177 4.1636389195919028 3.5247379392385474 2.5985774248838451 4.9171651601791373 8.6086474657058698 10.268239870667458 7.839075043797493 3.2005655169487 2.9239817559719077 1.7048531025648115 1.7045453935861585 3.5054430216550827
leaf_count=55 28 37 28 24 17 16 30 34 45 11 6 8 8 10
internal_value=-0.00561269 0.0159826 0.00831204 0.00171819 -0.00468208 0.00661442 -0.0454446 -0.00305948 0.0118345 0.0321217 -0.0298268 0.0708907 0.0655712 -0.0170959
internal_weight=91.2748 59.1863 51.9316 47.768 44.2432 30.5282 32.0885 26.225 15.9568 11.0396 13.7151 7.25472 4.30312 10.7911
internal_count=357 272 227 199 175 131 85 106 72 56 44 45 25 38
is_linear=0
shrinkage=0.05


Tree=6
num_leaves=15
num_cat=0
split_feature=151 145 96 153 110 120 146 10 144 145 98 43 110 122
split_gain=27.1187 10.1367 10.9377 8.36202 10.6021 7.41799 5.46395 3.88872 2.02328 1.68052 3.89421 1.32528 1.90587 1.70098
threshold=1.0000000180025095e-35 1.0000000180025095e-35 1.0000000180025095e-35 1.0000000180025095e-35 1.0000000180025095e-35 1.0000000180025095e-35 1.0000000180025095e-35 1.0000000180025095e-35 2.5000000000000004 1.5000000000000002 1.0000000180025095e-35 1.0000000180025095e-35 1.0000000180025095e-35 1.0000000180025095e-35
decision_type=2 2 2 2 2 2 2 2 2 2 2 2 2 2
left_child=8 6 3 4 -3 7 -2 -5 11 10 -9 12 13 -1
right_child=1 2 -4 5 -6 -7 -8 9 -10 -11 -12 -13 -14 -15
leaf_value=-0.0073166498827999873 0.0050523908059763017 0.041858462676620994 -0.017568526466700148 0.08325903363074609 -0.052826311969710354 -0.016136481470911207 -0.082419004945762542 -0.021906919620506424 -0.022582292242927383 0.088247748908112558 0.05045522347846583 -0.077165443289513316 -0.069488210599242997 -0.052845318415470091
leaf_weight=4.2011356949806267 3.7614997923374167 7.2770806252956373 11.018917888402937 11.455860033631328 4.9794890284538269 3.5086441040039054 3.3981882631778717 2.2197427153587315 9.0991015285253507 1.9565796256065375 11.448205396533012 3.9538084119558325 4.6950990855693808 4.0092848390340805
leaf_count=15 15 38 39 78 13 13 6 8 30 13 67 7 9 10
internal_value=0.00122216 0.0194308 0.0268603 0.0382864 0.00339078 0.0522686 -0.036464 0.0611314 -0.0415834 0.0449075 0.0387033 -0.0518385 -0.0440791 -0.0295491
internal_weight=86.9826 61.0242 53.8645 42.8456 12.2566 30.589 7.15969 27.0804 25.9584 15.6245 13.6679 16.8593 12.9055 8.21042
internal_count=361 290 269 230 51 179 21 166 71 88 75 41 34 25
is_linear=0
shrinkage=0.05


Tree=7
num_leaves=15
num_cat=0
split_feature=99 96 145 150 17 47 65 145 110 145 144 144 98 120
split_gain=21.2023 9.82524 7.69331 8.51996 7.60573 4.62355 2.90737 2.66178 5.36528 5.76679 1.95684 1.2604 1.7452 2.27341
threshold=1.0000000180025095e-35 1.0000000180025095e-35 1.0000000180025095e-35 1.0000000180025095e-35 1.0000000180025095e-35 1.0000000180025095e-35 1.0000000180025095e-35 1.0000000180025095e-35 1.0000000180025095e-35 1.5000000000000002 2.5000000000000004 1.5000000000000002 1.0000000180025095e-35 1.0000000180025095e-35
decision_type=2 2 2 2 2 2 2 2 2 2 2 2 2 2
left_child=7 2 -2 4 5 6 11 -1 9 -9 -10 -4 -13 -14
right_child=1 -3 3 -5 -6 -7 -8 8 10 -11 -12 12 13 -15
leaf_value=-0.061043961644468119 -0.033424197660406621 -0.02577819592506439 0.035612588668776667 0.080491312664036266 0.079749135776296332 0.0767738028067841 -0.044697674256803308 -0.022923295518526895 -0.059573584994631668 0.059342679564124437 -0.026306919363061794 -0.013607722929091693 0.033218756117825904 -0.015320849935933752
leaf_weight=7.0279918015003195 4.7913495898246756 11.216139018535612 4.3738313764333823 7.8112572878599158 4.9089547991752616 2.5237394720315924 2.5615374445915213 6.7791889011859912 8.908187076449396 3.1064130812883377 8.7750414162874204 7.1258890777826318 7.7102703005075455 3.5106072276830673
leaf_count=15 15 37 22 54 34 18 7 22 19 17 28 27 42 13
internal_value=-0.00274627 0.0161204 0.0264904 0.033574 0.0223716 0.012242 0.00580021 -0.0335757 -0.0265733 0.00292764 -0.0430655 0.0114934 0.00574341 0.0180325
internal_weight=91.1304 56.5336 45.3174 40.5261 32.7148 27.8059 25.2821 34.5968 27.5688 9.8856 17.6832 22.7206 18.3468 11.2209
internal_count=370 269 232 217 163 129 111 101 86 39 47 104 82 55
is_linear=0
shrinkage=0.05


Tree=8
num_leaves=15
num_cat=0
split_feature=151 17 145 16 139 144 145 152 137 10 126 73 145 144
split_gain=16.7363 7.09835 8.3524 5.81019 5.75843 3.32064 2.97009 6.46699 2.64938 5.21716 3.2637 2.22462 2.06812 2.04607
threshold=1.0000000180025095e-35 1.0000000180025095e-35 2.5000000000000004 1.0000000180025095e-35 1.0000000180025095e-35 2.5000000000000004 1.0000000180025095e-35 1.5000000000000002 1.0000000180025095e-35 1.0000000180025095e-35 1.0000000180025095e-35 1.0000000180025095e-35 1.5000000000000002 2.5000000000000004
decision_type=2 2 2 2 2 2 2 2 2 2 2 2 2 2
left_child=5 2 3 4 6 -1 -2 8 -8 12 13 -4 -10 -11
right_child=1 -3 11 -5 -6 -7 7 -9 9 10 -12 -13 -14 -15
leaf_value=-0.044314356672499076 -0.033775565777744765 0.077404499568055243 0.083802578589250734 0.076607774832901598 0.079442206034027629 -0.0049876385471840923 -0.027147168624284415 0.083665879379717228 0.016577434357517507 0.0076873810162572708 0.025410511107591838 0.020303285545360115 0.087195245924731976 -0.028772981428296686
leaf_weight=16.017447620630268 6.3228617012500754 4.6587263345718375 4.7825044542551032 2.7585089653730384 2.2796992957592002 8.0730993896722776 8.126261964440344 2.3449260741472235 1.8334511220455194 5.9937778711319014 6.7752185761928549 1.9383192807435987 2.3860437273979187 10.747391894459724
leaf_count=41 19 33 33 20 16 30 27 16 9 26 36 10 16 34
internal_value=0.00414616 0.0180918 0.0131828 0.00609069 0.00193509 -0.0311354 -0.00203287 0.0032202 -0.00203991 0.00531619 -0.00386948 0.0654891 0.0565105 -0.0157192
internal_weight=85.0382 60.9477 56.289 49.5681 46.8096 24.0905 44.5299 38.2071 35.8621 27.7359 23.5164 6.72082 4.21949 16.7412
internal_count=366 295 262 219 199 71 183 164 148 121 96 43 25 60
is_linear=0
shrinkage=0.05


Tree=9
num_leaves=15
num_cat=0
split_feature=151 145 96 110 137 10 98 120 40 145 39 110 145 65
split_gain=31.1564 13.9721 6.5199 5.20987 9.7078 4.02077 6.58412 4.22405 2.06519 1.9012 1.57582 0.957884 1.40702 1.80299
threshold=1.0000000180025095e-35 1.0000000180025095e-35 1.0000000180025095e-35 1.0000000180025095e-35 1.0000000180025095e-35 1.0000000180025095e-35 1.0000000180025095e-35 1.0000000180025095e-35 1.0000000180025095e-35 2.5000000000000004 1.0000000180025095e-35 1.0000000180025095e-35 1.0000000180025095e-35 1.0000000180025095e-35
decision_type=2 2 2 2 2 2 2 2 2 2 2 2 2 2
left_child=9 -2 3 5 -5 8 -7 -8 -3 11 -6 12 -1 -14
right_child=1 2 -4 4 10 6 7 -9 -10 -11 -12 -13 13 -15
leaf_value=-0.058586070024679394 -0.048164530680744722 0.080451164290038624 -0.0054624380875383637 -0.044749559628309024 0.081629349686241054 -0.028846855815144359 0.066930120581866703 -0.0053001804569905824 0.028259360142458542 -0.016967194403455409 0.025627296060412474 -0.058537508514119457 0.0015331814024754293 -0.048098286461712637
leaf_weight=4.6784042418003118 5.721048802137374 12.145924836397169 8.4005295634269697 4.299949958920477 2.880539283156395 3.1555737555026999 9.8314283192157728 2.5488462448120126 2.2458366751670846 7.3153982162475577 2.2275059819221497 9.3166610449552536 3.6307967156171799 3.689116358757019
leaf_count=10 15 86 32 12 20 11 65 10 12 25 12 20 14 9
internal_value=0.00313085 0.025674 0.0345234 0.0430628 0.0106081 0.0532652 0.0356261 0.0520594 0.0723066 -0.0389607 0.0572081 -0.0465089 -0.0371688 -0.0234803
internal_weight=82.0876 53.4572 47.7361 39.3356 9.408 29.9276 15.5358 12.3803 14.3918 28.6304 5.10805 21.315 11.9983 7.31991
internal_count=353 275 260 228 44 184 86 75 98 78 32 53 33 23
is_linear=0
shrinkage=0.05


Tree=10
num_leaves=15
num_cat=0
split_feature=99 145 126 147 150 158 44 145 144 120 144 73 17 145
split_gain=21.6691 8.5678 8.02711 9.04138 5.09765 5.40104 2.89186 4.75849 2.88202 1.43466 1.42215 1.40995 1.33004 1.08856
threshold=1.0000000180025095e-35 2.5000000000000004 1.0000000180025095e-35 1.5000000000000002 1.0000000180025095e-35 1.0000000180025095e-35 1.0000000180025095e-35 1.5000000000000002 2.5000000000000004 1.0000000180025095e-35 1.5000000000000002 1.0000000180025095e-35 1.0000000180025095e-35 1.0000000180025095e-35
decision_type=2 2 2 2 2 2 2 2 2 2 2 2 2 2
left_child=8 2 3 4 6 -6 7 9 13 10 11 -2 -4 -1
right_child=1 -3 12 -5 5 -7 -8 -9 -10 -11 -12 -13 -14 -15
leaf_value=-0.062348919858329743 -0.011595028723470062 0.079323196861019823 0.036450005950343631 0.071861735794028242 -0.031768865798294098 0.077933623720515155 -0.053823702673362998 -0.030667329830139561 -0.011523703712394938 -0.014093550461389144 0.050272449120642299 0.038689157872099651 0.073705839265130843 -0.037235480454464752
leaf_weight=5.8659680783748653 3.4421751946210879 5.167517974972724 5.8839910030364972 4.0394997894763938 1.7221429497003553 3.2194634079933158 4.1586899459362021 12.454719394445419 9.9809574037790281 3.5151160955429086 3.2091035395860672 2.3429226726293564 4.0407465398311615 16.319937989115715
leaf_count=12 13 37 34 31 5 23 11 39 36 13 18 12 30 45
internal_value=-0.00144114 0.0181482 0.0115663 0.00113408 -0.00725312 0.0397025 -0.0152206 -0.00878986 -0.0338372 0.0129921 0.0235778 0.0087697 0.0516183 -0.0438755
internal_weight=85.363 53.1961 48.0286 38.1038 34.0643 4.94161 29.1227 24.964 32.1669 12.5093 8.9942 5.7851 9.92474 22.1859
internal_count=359 266 229 165 134 28 106 95 93 56 43 25 64 57
is_linear=0
shrinkage=0.05


Tree=11
num_leaves=15
num_cat=0
split_feature=151 96 145 156 110 145 17 45 145 146 110 145 65 149
split_gain=17.6755 6.58705 8.69618 7.36685 7.04419 3.90958 3.43712 3.6386 1.36339 1.34814 1.28478 2.43637 3.91171 0.716005
threshold=1.0000000180025095e-35 1.0000000180025095e-35 1.0000000180025095e-35 1.0000000180025095e-35 1.0000000180025095e-35 2.5000000000000004 1.0000000180025095e-35 1.0000000180025095e-35 2.5000000000000004 1.0000000180025095e-35 1.0000000180025095e-35 1.0000000180025095e-35 1.0000000180025095e-35 1.0000000180025095e-35
decision_type=2 2 2 2 2 2 2 2 2 2 2 2 2 2
left_child=5 2 -2 4 6 10 7 9 -6 13 11 -1 -13 -4
right_child=1 -3 3 -5 8 -7 -8 -9 -10 -11 -12 12 -14 -15
leaf_value=-0.061465810215409381 -0.032761233114152015 -0.017314911503865087 0.0069383543643758636 0.074000043253747164 -0.04136236381475996 0.000607715926902292 0.07201802088024066 0.072727595820782018 0.0030477484894677527 -0.02055504355188251 -0.054918092875784932 0.01842028392235345 -0.049620132354504923 0.02830868789790136
leaf_weight=4.3898657262325314 6.1012491583824149 12.70761953294277 5.9401966780424234 8.094160743057726 4.2250341624021521 7.0902412831783286 4.5861962735652915 3.3565077632665625 2.9244174659252167 2.1926991939544669 10.357653051614761 4.2311085015535355 4.2184488922357559 11.522297933697701
leaf_count=9 18 44 26 61 12 27 35 26 13 8 23 18 10 62
internal_value=-0.000606817 0.0147596 0.0230875 0.0310411 0.0210341 -0.0318854 0.0324925 0.0246151 -0.0231968 0.016399 -0.041817 -0.0312482 -0.015549 0.0210392
internal_weight=91.9377 61.6504 48.9428 42.8415 34.7473 30.2873 27.5979 23.0117 7.14945 19.6552 23.1971 12.8394 8.44956 17.4625
internal_count=392 305 261 243 182 87 157 122 25 96 60 37 28 88
is_linear=0
shrinkage=0.05


Tree=12
num_leaves=15
num_cat=0
split_feature=99 96 145 145 17 137 65 44 146 43 37 110 158 149
split_gain=14.514 7.3562 5.0776 4.6235 5.87692 4.31684 4.13201 4.0321 2.93945 1.71478 1.39348 1.24427 3.59581 0.75586
threshold=1.0000000180025095e-35 1.0000000180025095e-35 2.5000000000000004 1.5000000000000002 1.0000000180025095e-35 1.0000000180025095e-35 1.0000000180025095e-35 1.0000000180025095e-35 1.0000000180025095e-35 1.0000000180025095e-35 1.0000000180025095e-35 1.0000000180025095e-35 1.0000000180025095e-35 1.0000000180025095e-35
decision_type=2 2 2 2 2 2 2 2 2 2 2 2 2 2
left_child=2 3 9 4 6 -5 7 8 13 11 -7 12 -1 -2
right_child=1 -3 -4 5 -6 10 -8 -9 -10 -11 -12 -13 -14 -15
leaf_value=-0.052049414468275948 0.039964785362543415 -0.019048298428217009 0.0074416997944340623 -0.011656514167380054 0.070491965002946383 0.072003049269367708 -0.060213240931628657 -0.02984690060232037 0.082927000502722795 -0.064846689334857738 0.026690469251203847 -0.047351754949646406 0.0040598145707098918 0.010634884143517915
leaf_weight=5.2497076839208647 2.6056544929742964 12.390415474772452 7.8774602264165869 2.3623118400573704 3.9459791481494895 8.5701425075530988 2.2231004238128653 4.7623519897460929 1.7754608839750279 4.9985476136207572 2.1155139356851587 7.8457102477550498 6.2607263922691354 13.994057670235634
leaf_count=12 14 42 32 9 31 67 5 16 13 10 11 19 25 69
internal_value=-0.000833704 0.0148386 -0.0274525 0.0247519 0.013729 0.0495099 0.00489703 0.011153 0.021779 -0.0387389 0.0630322 -0.0319968 -0.0215306 0.0152388
internal_weight=86.9771 54.745 32.2322 42.3546 29.3066 13.048 25.3606 23.1375 18.3752 24.3547 10.6857 19.3561 11.5104 16.5997
internal_count=375 277 98 235 148 87 117 112 96 66 78 56 37 83
is_linear=0
shrinkage=0.05


Tree=13
num_leaves=15
num_cat=0
split_feature=151 145 96 137 54 110 17 144 122 43 46 110 120 147
split_gain=24.277 6.13692 6.9845 7.81503 4.48388 4.23696 2.46674 2.09619 1.33575 1.02937 1.19114 1.40637 0.944941 0.073433
threshold=1.0000000180025095e-35 1.0000000180025095e-35 1.0000000180025095e-35 1.0000000180025095e-35 1.0000000180025095e-35 1.0000000180025095e-35 1.0000000180025095e-35 2.5000000000000004 1.0000000180025095e-35 1.0000000180025095e-35 1.0000000180025095e-35 1.0000000180025095e-35 1.0000000180025095e-35 1.0000000180025095e-35
decision_type=2 2 2 2 2 2 2 2 2 2 2 2 2 2
left_child=7 -2 3 5 13 8 12 9 -3 10 11 -1 -6 -5
right_child=1 2 -4 4 6 -7 -8 -9 -10 -11 -12 -13 -14 -15
leaf_value=-0.015592584519109338 -0.027241357091600839 0.046602092454727552 -0.0086621789702725147 0.077233741919101886 0.027670062819805542 -0.03883673419124542 0.069117152360371178 -0.017310058086027372 0.00031896962742612831 -0.068242894385543332 -0.064099655230468094 -0.050361360495984026 -0.0075832129795521848 0.069441139956849307
leaf_weight=6.0622770041227394 6.1564020663499823 3.4970531091093999 11.234022021293638 5.0307150930166245 7.5656883269548398 4.2012981772422791 3.2115496844053277 9.1901122629642469 2.8127662241458893 4.1808208972215644 3.931838169693946 5.5906246304512024 2.538668692111969 7.5759377703070641
leaf_count=20 19 21 41 37 43 12 26 31 12 8 8 13 10 62
internal_value=-0.000122372 0.0197378 0.0258053 0.0364331 0.0511789 6.6832e-05 0.0309453 -0.0370394 0.0259702 -0.0462126 -0.0403027 -0.0322733 0.0188129 0.0725508
internal_weight=82.7798 53.8241 47.6677 36.4337 25.9226 10.5111 13.3159 28.9557 6.30982 19.7656 15.5847 11.6529 10.1044 12.6067
internal_count=363 283 264 223 178 45 79 80 33 49 41 33 53 99
is_linear=0
shrinkage=0.05


Tree=14
num_leaves=15
num_cat=0
split_feature=151 145 147 126 144 43 145 144 132 151 110 137 98 12
split_gain=15.8186 4.85307 4.63423 5.04962 4.17222 2.15556 1.724 1.64187 1.2801 10.3657 1.61495 4.32564 2.0677 1.38888
threshold=1.0000000180025095e-35 2.5000000000000004 1.5000000000000002 1.0000000180025095e-35 2.5000000000000004 1.0000000180025095e-35 3.5000000000000004 1.5000000000000002 1.0000000180025095e-35 1.5000000000000002 1.0000000180025095e-35 1.0000000180025095e-35 1.0000000180025095e-35 1.0000000180025095e-35
decision_type=2 2 2 2 2 2 2 2 2 2 2 2 2 2
left_child=4 2 3 8 5 7 -3 -1 10 -10 11 -2 -13 -11
right_child=1 6 -4 -5 -6 -7 -8 -9 9 13 -12 12 -14 -15
leaf_value=-0.012470534848085765 0.052296241039051075 0.075455384712210749 0.066747973428021107 0.036550479423626284 -0.0024799945941738652 -0.067647005996513063 0.015982473258340745 -0.047328489566558246 -0.07750180643185299 0.084856232403011225 -0.042051697374980317 -0.035306529143679453 -0.0016992724889196408 0.030727729759679707
leaf_weight=5.9617612659931236 3.0368315130472245 4.1551936417818061 3.3452157676219931 10.321603231132029 9.1246774494647962 6.2429753094911566 1.7241646647453306 7.7949889749288559 2.0552664697170249 2.296386145055294 3.0779550969600669 6.4034709483385113 16.044066324830055 2.4488931000232697
leaf_count=20 17 32 29 68 34 12 9 19 4 16 9 21 63 14
internal_value=-0.000710744 0.0150885 0.00994101 0.00578136 -0.0304974 -0.0432801 0.0580145 -0.0322221 -0.00319943 0.0162964 -0.00784131 -0.00370944 -0.0112862 0.0569222
internal_weight=84.0334 54.909 49.0297 45.6845 29.1244 19.9997 5.87936 13.7568 35.3629 6.80055 28.5623 25.4844 22.4475 4.74528
internal_count=367 282 241 212 85 51 41 39 144 34 110 101 84 30
is_linear=0
shrinkage=0.05


Tree=15
num_leaves=15
num_cat=0
split_feature=128 145 126 147 65 110 145 137 98 156 99 144 144 144
split_gain=16.5231 3.81263 4.3008 5.03182 3.28944 5.06684 10.0932 5.63784 3.07767 2.60717 2.59834 2.44198 1.91943 1.81164
threshold=1.0000000180025095e-35 2.5000000000000004 1.0000000180025095e-35 1.5000000000000002 1.0000000180025095e-35 1.0000000180025095e-35 1.0000000180025095e-35 1.0000000180025095e-35 1.0000000180025095e-35 1.0000000180025095e-35 1.0000000180025095e-35 2.5000000000000004 2.5000000000000004 1.5000000000000002
decision_type=2 2 2 2 2 2 2 2 2 2 2 2 2 2
left_child=4 2 3 8 5 6 -1 10 9 -2 -8 -10 -7 -6
right_child=1 -3 -4 -5 13 12 7 -9 11 -11 -12 -13 -14 -15
leaf_value=-0.04293131188315133 -0.035292787388342413 0.06883542032733396 0.046134422236051936 0.06541156860989332 -0.058554530662397866 -0.049638050761628957 0.10265113468619305 -0.0043499945110220357 0.04271294024178883 0.017072590358772576 0.031545350797656642 -0.0010249008003666005 -0.01435334515269477 -0.021748902372981466
leaf_weight=5.913360908627511 7.8369740098714864 4.0253320261836043 9.8104909583926183 3.3237371891736975 7.3683140426874143 7.9065390080213547 3.2018489837646458 4.002141110599041 5.2361537367105475 3.4117262363433838 2.1457866430282602 8.171769917011261 7.5201222002506256 6.1205562800168991
leaf_count=15 26 34 69 30 16 19 21 18 28 19 11 31 27 20
internal_value=4.82584e-05 0.0225758 0.0176484 0.00766057 -0.0212746 -0.0122294 0.00819526 0.0405308 -0.000124323 -0.0194104 0.0741193 0.0160559 -0.0324376 -0.041854
internal_weight=85.9949 41.8162 37.7909 27.9804 44.1787 30.6898 15.2631 9.34978 24.6566 11.2487 5.34764 13.4079 15.4267 13.4889
internal_count=384 237 203 134 147 111 65 50 104 45 32 59 46 36
is_linear=0
shrinkage=0.05


Tree=16
num_leaves=15
num_cat=0
split_feature=99 156 17 147 43 44 128 137 148 84 122 144 110 126
split_gain=13.2427 6.53545 6.11496 3.68807 2.77731 2.48632 3.99546 1.89888 1.8467 1.7852 1.60442 2.23517 1.19196 0.981037
threshold=1.0000000180025095e-35 1.0000000180025095e-35 1.0000000180025095e-35 1.5000000000000002 1.0000000180025095e-35 1.0000000180025095e-35 1.0000000180025095e-35 1.0000000180025095e-35 1.0000000180025095e-35 1.0000000180025095e-35 1.0000000180025095e-35 2.5000000000000004 1.0000000180025095e-35 1.0000000180025095e-35
decision_type=2 2 2 2 2 2 2 2 2 2 2 2 2 2
left_child=4 2 3 5 10 6 -2 -8 13 -3 11 -1 -12 -9
right_child=1 9 -4 -5 -6 -7 7 8 -10 -11 12 -13 -14 -15
leaf_value=-0.020074224916466682 0.057703738519148701 0.070728891937404295 0.066476508316843791 0.064014922759113455 -0.054897984732991803 -0.039886036544548878 -0.036371950670278007 -0.011348608816352891 0.039827940382691093 0.011303341345084853 -0.016659983164645495 0.028582914525558008 -0.048598091255554435 0.012367388988505664
leaf_weight=8.6348296105861682 2.8141443133354214 5.663504295051097 3.7977093905210486 2.111090160906314 7.3590692430734626 4.2485327273607245 4.0696197748184231 14.821760088205343 2.6628952175378791 1.6268349438905714 5.7576484978199005 3.2480702400207528 5.9303421601653099 6.178187131881713
leaf_count=27 16 48 33 20 17 13 14 55 15 10 20 15 15 35
internal_value=-0.00257071 0.013871 0.00606252 -0.000154172 -0.0280835 -0.00404744 0.000937124 -0.00482325 0.000602604 0.0574681 -0.0197118 -0.00677429 -0.032865 -0.00437136
internal_weight=78.9242 47.9943 40.7039 36.9062 30.93 34.7951 30.5466 27.7325 23.6628 7.29034 23.5709 11.8829 11.688 20.9999
internal_count=353 259 201 168 94 148 135 119 105 58 77 42 35 90
is_linear=0
shrinkage=0.05


Tree=17
num_leaves=15
num_cat=0
split_feature=152 150 96 12 44 110 145 151 17 99 149 145 5 44
split_gain=10.5118 9.34426 5.63624 5.27547 6.87739 4.24265 8.46428 3.40879 3.16376 2.9771 1.59902 1.36821 0.555188 0.482316
threshold=1.0000000180025095e-35 1.0000000180025095e-35 1.0000000180025095e-35 1.0000000180025095e-35 1.0000000180025095e-35 1.0000000180025095e-35 1.5000000000000002 1.5000000000000002 1.0000000180025095e-35 1.0000000180025095e-35 1.0000000180025095e-35 2.5000000000000004 1.0000000180025095e-35 1.0000000180025095e-35
decision_type=2 2 2 2 2 2 2 2 2 2 2 2 2 2
left_child=5 2 3 -2 8 6 7 13 12 -8 -9 -7 -5 -1
right_child=1 -3 -4 4 -6 11 9 10 -10 -11 -12 -13 -14 -15
leaf_value=-0.024589427821798595 0.072741075635916377 0.073664673695699595 -0.022922883339237542 0.0051977494797746503 -0.081659121199175427 -0.047771425351153834 0.10002793290516176 0.040562426735591614 0.065368312265451492 0.012898453843566136 -0.014647423128457404 -0.021125286290237178 0.031738177447134718 -0.045778060428739845
leaf_weight=11.54835861921311 4.0414611697196987 6.204240806400775 10.785509154200552 11.750913694500928 1.8535277247428883 10.560809299349785 2.2629484981298447 3.0636711418628684 3.1084174811840048 1.7298362851142877 2.2930998727679253 8.8585720285773277 2.367424711585044 3.4996477961540213
leaf_count=36 34 53 35 59 3 26 15 19 28 9 9 30 13 9
internal_value=-0.00124675 0.0172477 0.00692465 0.0208475 0.00985576 -0.0181772 -0.00429643 -0.017324 0.0197024 0.0622799 0.0169285 -0.0356162 0.00964816 -0.0295172
internal_weight=83.9284 40.1115 33.9073 23.1217 19.0803 43.8169 24.3976 20.4048 17.2268 3.99278 5.35677 19.4194 14.1183 15.048
internal_count=378 225 172 137 103 153 97 73 100 24 28 56 72 45
is_linear=0
shrinkage=0.05


Tree=18
num_leaves=15
num_cat=0
split_feature=128 144 144 17 147 43 145 110 145 122 145 146 144 137
split_gain=14.1325 3.78231 3.46376 3.83671 3.17269 2.91258 2.97155 5.45718 7.02573 2.47599 2.00757 1.64399 2.02874 1.27859
threshold=1.0000000180025095e-35 3.5000000000000004 3.5000000000000004 1.0000000180025095e-35 1.5000000000000002 1.0000000180025095e-35 1.0000000180025095e-35 1.0000000180025095e-35 1.5000000000000002 1.0000000180025095e-35 3.5000000000000004 1.0000000180025095e-35 2.5000000000000004 1.0000000180025095e-35
decision_type=2 2 2 2 2 2 2 2 2 2 2 2 2 2
left_child=1 5 3 4 11 6 -1 8 -8 -9 -3 12 13 -2
right_child=2 10 -4 -5 -6 -7 7 9 -10 -11 -12 -13 -14 -15
leaf_value=-0.049908210993971788 -0.011071508872523925 -0.0086321268865126623 0.067989491515207751 0.064504036531712605 0.06265986460079985 -0.054772847310706065 -0.0093780071071338286 -0.017869990514523326 0.085697805959867687 -0.065142803968455898 0.051027378252784944 -0.025351850162846246 -0.0057224401297679816 0.027027296746248649
leaf_weight=6.7948829531669643 2.6263567954301843 3.6157249212265006 3.2282298952341071 3.4421365782618514 2.5764402970671645 8.1560866534709913 7.7605178356170654 7.5638797581195831 2.5920927748084068 4.3703359067440033 2.3116158545017242 3.9187182411551467 12.825651898980142 13.634272448718548
leaf_count=16 11 16 29 32 26 19 29 25 18 9 12 15 51 75
internal_value=-0.00234118 -0.0224629 0.0182155 0.0140979 0.00922162 -0.0283679 -0.0209625 -0.0121374 0.0144271 -0.0351814 0.0146346 0.00505011 0.00914609 0.0208737
internal_weight=85.4169 43.1651 42.2518 39.0236 35.5814 37.2378 29.0817 22.2868 10.3526 11.9342 5.92734 33.005 29.0863 16.2606
internal_count=383 144 239 210 178 116 97 81 47 34 28 152 137 86
is_linear=0
shrinkage=0.05


Tree=19
num_leaves=15
num_cat=0
split_feature=152 150 15 10 144 17 110 158 122 148 145 144 145 122
split_gain=11.1941 5.36326 4.26013 4.3143 3.90099 3.63588 3.10019 3.70767 7.57284 7.49831 5.91292 1.20227 1.10175 1.01341
threshold=1.0000000180025095e-35 1.0000000180025095e-35 1.0000000180025095e-35 1.0000000180025095e-35 3.5000000000000004 1.0000000180025095e-35 1.0000000180025095e-35 1.0000000180025095e-35 1.0000000180025095e-35 1.0000000180025095e-35 1.5000000000000002 2.5000000000000004 3.5000000000000004 1.0000000180025095e-35
decision_type=2 2 2 2 2 2 2 2 2 2 2 2 2 2
left_child=4 2 3 -2 6 11 7 -1 9 -9 -10 -5 -6 -8
right_child=1 -3 -4 5 12 -7 13 8 10 -11 -12 -13 -14 -15
leaf_value=-0.046929916724870929 0.071871195481012382 0.057653332813773599 -0.046188850784448669 0.011776723398473545 -0.0010921491452474366 0.063496560566945831 -0.033716493386509283 0.088567492891631017 -0.064036106570636298 -0.015095770197538487 0.01993163395380609 -0.010238291405362823 0.04690550944942589 -0.059603275828321027
leaf_weight=6.5043266490101805 2.8310767561197308 6.2370226159691802 3.3661641702055922 12.870210424065593 2.6390766426920882 2.5831673294305793 9.4650056734681112 3.5009543821215638 5.5957107096910477 3.4768505692481995 3.3528636246919632 11.96883861720562 2.18586665391922 6.2952199205756179
leaf_count=16 25 53 10 67 12 25 28 25 12 13 16 44 11 14
internal_value=-0.00402098 0.0150698 0.00716979 0.0131068 -0.0217096 0.00703994 -0.0270615 -0.0151204 -0.00212945 0.0369149 -0.032575 0.00116866 0.0206525 -0.0440566
internal_weight=82.8724 39.8565 33.6195 30.2533 43.0159 27.4222 38.1909 22.4307 15.9264 6.9778 8.94857 24.839 4.82494 15.7602
internal_count=371 224 171 161 147 136 124 82 66 38 28 111 23 42
is_linear=0
shrinkage=0.05


Tree=20
num_leaves=15
num_cat=0
split_feature=151 145 17 156 144 144 111 45 43 146 148 152 144 98
split_gain=14.2687 6.99133 4.02314 4.12111 3.92543 2.87285 1.97714 3.45288 1.68605 1.32779 1.06926 0.455657 0.371678 0.747916
threshold=1.0000000180025095e-35 2.5000000000000004 1.0000000180025095e-35 1.0000000180025095e-35 1.5000000000000002 2.5000000000000004 1.0000000180025095e-35 1.0000000180025095e-35 1.0000000180025095e-35 1.0000000180025095e-35 1.0000000180025095e-35 1.0000000180025095e-35 2.5000000000000004 1.0000000180025095e-35
decision_type=2 2 2 2 2 2 2 2 2 2 2 2 2 2
left_child=5 2 3 6 -5 8 7 9 -1 10 11 -2 13 -13
right_child=1 -3 -4 4 -6 -7 -8 -9 -10 -11 -12 12 -14 -15
leaf_value=-0.029720937392999192 -0.014568066787085979 0.073370601008106245 0.062710824802397522 -0.017596817990623608 0.067941127234010981 -0.0041818608718357797 -0.04159118734398165 0.064491367408322217 -0.062539808114783338 -0.029652519865214329 0.02904343555164467 -0.020453936070091838 -0.0055824846739230896 0.012607596095293536
leaf_weight=13.59751255810261 4.8548785001039567 4.809821441769599 3.3919115811586371 1.8906136751174916 4.6158570945262909 8.4720074534416216 2.6509485244750968 2.1569014042615882 5.4949791878461829 3.557115025818347 3.4034540355205527 2.014800250530242 8.8865277320146561 11.32953479886055
leaf_count=40 18 42 34 7 41 31 8 22 12 12 17 7 33 60
internal_value=0.000816509 0.0158592 0.0101852 0.00625755 0.043086 -0.0284139 9.02993e-05 0.00314239 -0.0391665 -0.00074419 0.00262849 -0.000690677 0.00233993 0.00761579
internal_weight=81.1269 53.5624 48.7525 45.3606 6.50647 27.5645 38.8542 36.2032 19.0925 34.0463 30.4892 27.0857 22.2309 13.3443
internal_count=384 301 259 225 48 83 177 169 52 147 135 118 100 67
is_linear=0
shrinkage=0.05


Tree=21
num_leaves=15
num_cat=0
split_feature=99 145 65 110 145 110 65 17 154 68 146 145 149 151
split_gain=10.8209 4.76737 4.26047 2.62983 2.29029 3.94751 5.15409 2.21385 1.95065 2.37748 3.08104 1.62464 0.785134 1.37315
threshold=1.0000000180025095e-35 2.5000000000000004 1.0000000180025095e-35 1.0000000180025095e-35 1.0000000180025095e-35 1.0000000180025095e-35 1.0000000180025095e-35 1.0000000180025095e-35 1.0000000180025095e-35 1.0000000180025095e-35 1.0000000180025095e-35 2.5000000000000004 1.0000000180025095e-35 2.5000000000000004
decision_type=2 2 2 2 2 2 2 2 2 2 2 2 2 2
left_child=4 2 3 7 -1 6 -6 8 9 10 12 -7 -2 -14
right_child=1 -3 -4 -5 5 11 -8 -9 -10 -11 -12 -13 13 -15
leaf_value=-0.050232245040962631 0.039648484548349731 0.069307136498274052 -0.037798751076120761 -0.037553461681130836 0.048345032552543465 -0.041199749569030032 -0.030196680746437124 0.061945629476977404 0.070240102799055529 -0.020393398918566848 0.070300495933516075 -0.010701226036396515 -0.02596153023139566 0.015855179103651602
leaf_weight=5.0146172866225269 2.7757862582802906 4.2830130979418746 3.6363113448023787 1.9499567300081242 4.8589072972536105 9.3136805668473261 3.6637769043445587 3.1708562970161429 1.698086991906165 4.0643441751599303 2.7970284521579734 8.220735087990759 2.2040077149868038 17.965976022183895
leaf_count=12 16 39 15 7 26 25 11 33 15 16 28 29 8 88
internal_value=0.00335877 0.0191557 0.0138207 0.0189456 -0.0192882 -0.0133331 0.0145811 0.0221228 0.0181148 0.0151453 0.0207562 -0.026901 0.0147169 0.0112858
internal_weight=75.6171 44.5454 40.2624 36.626 31.0717 26.0571 8.52268 34.6761 31.5052 29.8071 25.7428 17.5344 22.9458 20.17
internal_count=368 265 226 211 103 91 37 204 171 156 140 54 112 96
is_linear=0
shrinkage=0.05


Tree=22
num_leaves=15
num_cat=0
split_feature=99 144 96 110 144 110 145 122 122 144 17 147 152 145
split_gain=9.87657 3.93514 2.65252 3.29834 1.72706 1.73433 4.40621 2.17789 1.91821 2.66485 1.31477 1.48205 1.94961 2.0495
threshold=1.0000000180025095e-35 3.5000000000000004 1.0000000180025095e-35 1.0000000180025095e-35 3.5000000000000004 1.0000000180025095e-35 1.5000000000000002 1.0000000180025095e-35 1.0000000180025095e-35 1.0000000180025095e-35 1.0000000180025095e-35 1.5000000000000002 1.5000000000000002 1.0000000180025095e-35
decision_type=2 2 2 2 2 2 2 2 2 2 2 2 2 2
left_child=4 2 3 10 5 6 8 -7 9 -1 11 12 13 -2
right_child=1 -3 -4 -5 -6 7 -8 -9 -10 -11 -12 -13 -14 -15
leaf_value=-0.038819763467629616 0.065043560452842916 0.06575750088132723 -0.0085745440045299284 -0.020214968034683169 0.015826084952047705 -0.017618285906446252 0.045990365223028538 -0.059654455555315691 -0.050977041492951826 0.027225192148087621 0.061224256311250558 0.060691048725920238 -0.018828294967143874 0.018236345362106637
leaf_weight=3.2781923711299914 2.7277479022741487 3.8161171898245803 10.845163866877554 4.3617921322584143 2.9664695560932151 6.3636837005615234 2.6323004066944131 5.9736975133419037 4.5175885558128357 2.859679751098156 2.4954555407166472 2.3705105483531943 2.9389112740755072 16.394152797758579
leaf_count=9 15 38 39 18 13 21 15 13 11 13 27 27 13 91
internal_value=0.00278124 0.0171378 0.0127343 0.0201203 -0.0202914 -0.0244725 -0.0119385 -0.037972 -0.0262491 -0.00804893 0.0266541 0.023123 0.0190862 0.0249134
internal_weight=74.5415 45.9499 42.1337 31.2886 28.5916 25.6251 13.2878 12.3374 10.6555 6.13787 26.9268 24.4313 22.0608 19.1219
internal_count=363 268 230 191 95 82 48 34 33 22 173 146 119 106
is_linear=0
shrinkage=0.05


Tree=23
num_leaves=15
num_cat=0
split_feature=151 144 156 68 144 156 137 10 144 120 43 110 110 122
split_gain=6.85036 3.50761 5.69755 3.62003 3.09457 2.56554 2.87099 1.93963 2.04029 2.61774 1.60232 1.53468 1.43456 0.904113
threshold=1.0000000180025095e-35 1.5000000000000002 1.0000000180025095e-35 1.0000000180025095e-35 2.5000000000000004 1.0000000180025095e-35 1.0000000180025095e-35 1.0000000180025095e-35 2.5000000000000004 1.0000000180025095e-35 1.0000000180025095e-35 1.0000000180025095e-35 1.0000000180025095e-35 1.0000000180025095e-35
decision_type=2 2 2 2 2 2 2 2 2 2 2 2 2 2
left_child=4 5 3 7 10 6 -2 12 9 -9 11 13 -3 -1
right_child=1 2 -4 -5 -6 -7 -8 8 -10 -11 -12 -13 -14 -15
leaf_value=0.010858061490165105 -0.012636841164582536 0.068162937329892898 0.065497006637371735 -0.048794385312161105 0.01077357766587015 -0.048284094506314178 0.051672335145755505 0.040827867784554078 -0.0026036026433481616 -0.018680754980313161 -0.054281418583510314 -0.038812239534791224 0.019737000020235259 -0.024440488840418256
leaf_weight=4.1936007961630875 6.2385354489088041 3.003012076020247 6.4616859257221213 2.1455022171139708 7.1433821916580191 3.019461326301097 2.404379203915596 8.299041844904421 11.777537390589714 2.377421274781228 4.4244828671216956 5.7755862474441528 3.1164268255233765 3.1969840303063393
leaf_count=17 27 30 64 6 29 8 13 63 46 9 11 16 15 10
internal_value=0.00445971 0.0153165 0.0228208 0.0138439 -0.0169795 -0.0086078 0.00525338 0.0185473 0.0117465 0.0275766 -0.0282498 -0.0195019 0.0435012 -0.00441122
internal_weight=73.577 48.843 37.1806 30.7189 24.734 11.6624 8.64291 28.5734 22.454 10.6765 17.5907 13.1662 6.11944 7.39058
internal_count=364 281 233 169 83 48 40 163 118 72 54 43 45 27
is_linear=0
shrinkage=0.05


Tree=24
num_leaves=15
num_cat=0
split_feature=99 120 145 150 65 17 146 145 111 128 98 65 73 145
split_gain=9.77457 3.2975 3.23035 4.21816 3.71348 2.18837 2.3399 2.01145 1.47279 0.920514 0.941656 0.755861 0.814977 0.87852
threshold=1.0000000180025095e-35 1.0000000180025095e-35 1.0000000180025095e-35 1.0000000180025095e-35 1.0000000180025095e-35 1.0000000180025095e-35 1.0000000180025095e-35 2.5000000000000004 1.0000000180025095e-35 1.0000000180025095e-35 1.0000000180025095e-35 1.0000000180025095e-35 1.0000000180025095e-35 1.0000000180025095e-35
decision_type=2 2 2 2 2 2 2 2 2 2 2 2 2 2
left_child=7 2 -2 4 5 6 8 11 9 -4 -11 12 13 -1
right_child=1 -3 3 -5 -6 -7 -8 -9 -10 10 -12 -13 -14 -15
leaf_value=-0.039208545160153298 -0.021355877814833238 -0.039321538200739616 0.042901770402348216 0.062885021437268554 -0.047966647226159759 0.060263608128943963 0.064974572254143659 -0.0037382617882442781 -0.020642161137602425 -0.010916915322884644 0.016163877139527594 -0.048036922039416702 -0.049457938755730763 -0.011195748554192428
leaf_weight=4.3939127698540741 5.4235181808471671 3.0089016258716574 2.5259265378117695 4.9630021825432769 2.2894607931375495 2.7897838726639739 2.0771074369549742 7.8489987254142752 3.442281410098075 3.9815388470888164 16.566144466400146 6.1986681893467894 3.2814855501055709 7.7099475115537643
leaf_count=12 18 10 14 53 6 32 23 30 14 17 84 16 9 28
internal_value=-0.0028125 0.0113208 0.0147793 0.0198518 0.0135091 0.0179939 0.0138697 -0.0254136 0.00986645 0.0144179 0.0109164 -0.0332958 -0.0273568 -0.0213649
internal_weight=76.5007 47.0677 44.0588 38.6352 33.6722 31.3828 28.593 29.433 26.5159 23.0736 20.5477 21.584 15.3853 12.1039
internal_count=366 271 261 243 190 184 152 95 129 115 101 65 49 40
is_linear=0
shrinkage=0.05


Tree=25
num_leaves=15
num_cat=0
split_feature=128 145 17 132 147 98 39 65 145 110 132 144 145 144
split_gain=6.14542 2.97907 3.32915 3.19561 3.2196 3.44716 2.57415 1.82958 2.28807 5.24817 3.32169 2.43928 1.26714 0.675926
threshold=1.0000000180025095e-35 2.5000000000000004 1.0000000180025095e-35 1.0000000180025095e-35 1.5000000000000002 1.0000000180025095e-35 1.0000000180025095e-35 1.0000000180025095e-35 1.0000000180025095e-35 1.0000000180025095e-35 1.0000000180025095e-35 2.5000000000000004 1.5000000000000002 2.5000000000000004
decision_type=2 2 2 2 2 2 2 2 2 2 2 2 2 2
left_child=7 2 3 4 5 -2 -5 8 -1 10 -10 -11 -9 -7
right_child=1 -3 -4 6 -6 13 -8 12 9 11 -12 -13 -14 -15
leaf_value=-0.040352258259280363 -0.045405338177973244 0.063962003983348295 0.059685671564057623 0.076225206364721826 0.058166932937632601 0.0087208813987197601 -0.0094861638590368232 -0.050343979546831542 0.039956589053337876 -0.048206417649606821 -0.033851512631973224 -0.0043641953654376606 -0.016404795975787572 -0.0094141810279273919
leaf_weight=5.5392796024680164 5.1604110449552634 2.3904901668429366 2.6837393641471854 2.3921751976013175 1.9257220029830922 11.041280791163445 1.3820880055427553 6.3416365906596166 7.2483145892620087 6.038236990571022 1.9303343892097471 6.6850867196917534 4.8561594635248184 9.6102219223976135
leaf_count=15 17 26 32 20 26 60 7 16 42 16 6 26 17 34
internal_value=-0.00468724 0.00999929 0.00622695 0.00167409 -0.00419933 -0.00885223 0.0448388 -0.0185935 -0.0116433 -0.00438242 0.0244342 -0.0251708 -0.0356255 0.00028169
internal_weight=75.2252 36.5861 34.1956 31.5119 27.7376 25.8119 3.77426 38.639 27.4413 21.902 9.17865 12.7233 11.1978 20.6515
internal_count=360 222 196 164 137 111 27 138 105 90 48 42 33 94
is_linear=0
shrinkage=0.05


Tree=26
num_leaves=15
num_cat=0
split_feature=150 126 110 144 45 145 132 46 12 99 65 144 145 151
split_gain=5.72668 6.9845 3.86171 6.38838 4.97114 3.49279 1.85658 1.25087 2.68651 5.30341 1.82666 0.701224 0.515903 0.327949
threshold=1.0000000180025095e-35 1.0000000180025095e-35 1.0000000180025095e-35 3.5000000000000004 1.0000000180025095e-35 1.0000000180025095e-35 1.0000000180025095e-35 1.0000000180025095e-35 1.0000000180025095e-35 1.0000000180025095e-35 1.0000000180025095e-35 2.5000000000000004 2.5000000000000004 1.5000000000000002
decision_type=2 2 2 2 2 2 2 2 2 2 2 2 2 2
left_child=1 2 4 12 6 -2 7 8 9 10 -1 -10 -4 -6
right_child=5 -3 3 -5 13 -7 -8 -9 11 -11 -12 -13 -14 -15
leaf_value=0.024575842462089055 -0.019026208435575894 0.049819221341688584 -0.042656617261240294 0.035783719734068672 0.097841682512249104 0.0654423216508596 0.034346460055545161 -0.0269466156570011 0.00099858823619429667 0.085233706314512353 -0.033103342728666871 -0.020339812554906619 -0.023469657657280062 0.060072878005036384
leaf_weight=2.9093354642391205 1.5384169816970814 6.7602177187800399 10.2973610162735 3.8501801416277877 1.0012618228793135 5.984937995672226 3.6582415401935569 4.7383354678750029 6.9174382239580146 2.494875229895122 2.5987844467163086 8.682763859629631 5.3100824058055869 1.3492667451500893
leaf_count=13 5 59 29 20 7 66 20 16 31 18 8 28 17 18
internal_value=0.00702715 0.00191671 -0.00410158 -0.021899 0.00597972 0.0481697 0.000824562 -0.00350235 0.00120409 0.0247555 -0.00263776 -0.0108779 -0.0361287 0.0761614
internal_weight=68.0915 60.5681 53.8079 19.4576 34.3503 7.52335 31.9998 28.3415 23.6032 8.003 5.50812 15.6002 15.6074 2.35053
internal_count=355 284 225 66 159 71 134 114 98 39 21 59 46 25
is_linear=0
shrinkage=0.05


Tree=27
num_leaves=15
num_cat=0
split_feature=17 156 144 94 110 45 145 122 146 144 43 149 46 99
split_gain=4.38382 4.33118 10.0702 4.69248 3.99943 5.69617 4.12186 3.98371 1.6152 1.13681 0.80203 1.74572 1.44002 3.7637
threshold=1.0000000180025095e-35 1.0000000180025095e-35 1.5000000000000002 1.0000000180025095e-35 1.0000000180025095e-35 1.0000000180025095e-35 2.5000000000000004 1.0000000180025095e-35 1.0000000180025095e-35 1.0000000180025095e-35 1.0000000180025095e-35 1.0000000180025095e-35 1.0000000180025095e-35 1.0000000180025095e-35
decision_type=2 2 2 2 2 2 2 2 2 2 2 2 2 2
left_child=1 3 -3 -1 5 8 -6 -8 9 -5 11 12 13 -11
right_child=-2 2 -4 4 6 -7 7 -9 -10 10 -12 -13 -14 -15
leaf_value=-0.06918553038112521 0.058676479435712595 -0.049565272876298916 0.065523217628553371 -0.028053592814585394 -0.050226791374075277 0.071224543058502218 0.045319396899441255 -0.025941301941411178 -0.039435891580262519 0.096745096855742563 -0.026896720420207389 -0.0043469097976426502 -0.0024554069099223578 0.0062963409606311572
leaf_weight=3.4186355620622626 2.565226510167121 2.8973169326782209 5.5256383121013641 3.8231780156493178 9.9882018268108386 2.5983586385846129 2.8466315865516645 6.3054498434066772 3.1663287729024878 1.8234793692827223 2.4340480715036383 22.46760767698288 3.436223953962326 3.114702984690668
leaf_count=8 33 8 63 12 26 30 18 20 10 12 8 101 14 15
internal_value=-0.00558021 -0.00781233 0.0259352 -0.0121572 -0.00901292 -0.000527249 -0.0280163 -0.00377662 -0.00515743 -0.00223185 0.000734883 0.00291557 0.0224 0.0396956
internal_weight=76.411 73.8458 8.42296 65.4228 62.0042 42.8639 19.1403 9.15208 40.2656 37.0992 33.2761 30.842 8.37441 4.93818
internal_count=378 345 71 274 266 202 64 38 172 162 150 142 41 27
is_linear=0
shrinkage=0.05


Tree=28
num_leaves=15
num_cat=0
split_feature=152 154 126 144 122 145 96 145 98 39 145 40 158 110
split_gain=5.78472 3.52948 2.79909 2.49815 2.10183 1.85872 3.68214 2.21168 3.0145 2.56904 1.29818 1.12344 1.61368 3.52768
threshold=1.0000000180025095e-35 1.0000000180025095e-35 1.0000000180025095e-35 3.5000000000000004 1.0000000180025095e-35 1.0000000180025095e-35 1.0000000180025095e-35 1.5000000000000002 1.0000000180025095e-35 1.0000000180025095e-35 3.5000000000000004 1.0000000180025095e-35 1.0000000180025095e-35 1.0000000180025095e-35
decision_type=2 2 2 2 2 2 2 2 2 2 2 2 2 2
left_child=3 2 5 4 11 -2 7 8 -7 -9 -5 12 -1 -14
right_child=1 -3 -4 10 -6 6 -8 9 -10 -11 -12 -13 13 -15
leaf_value=-0.030883244939488755 -0.034995054636572549 0.065407609130333458 0.031723395163734673 -0.010879939139125737 -0.040422218727804715 -0.037472197345993434 -0.018157514938328411 0.067721450953534296 0.028538751180180545 -0.011377732900671183 0.04246731958449753 -0.043253382318638185 0.033071602612511103 -0.022954540539967268
leaf_weight=6.0165984258055696 4.0091874599456814 2.4685801565647116 7.066696271300315 2.3805475011467925 13.038071647286413 2.8156603761017323 11.880791336297989 3.720285426825285 4.483450673520565 1.4176938459277151 2.1890225112438202 2.9532375410199156 4.9219252541661298 6.5467785373330116
leaf_count=18 12 29 59 11 39 12 40 45 24 9 11 10 31 22
internal_value=-0.0062331 0.00760313 0.00357149 -0.0200025 -0.0247361 -0.00345151 0.00174894 0.020765 0.00307477 0.0458961 0.0146757 -0.0147296 -0.00991201 0.00108972
internal_weight=75.9085 37.8623 35.3938 38.0462 33.4766 28.3271 24.3179 12.4371 7.29911 5.13798 4.56957 20.4385 17.4853 11.4687
internal_count=372 230 201 142 120 142 130 90 36 54 22 81 71 53
is_linear=0
shrinkage=0.05


Tree=29
num_leaves=15
num_cat=0
split_feature=145 152 17 144 122 46 10 151 98 151 122 45 128 151
split_gain=4.53197 5.25974 3.46066 3.20768 3.96371 3.07798 2.79004 4.84207 2.69237 2.15039 3.00241 1.98537 1.47765 0.882416
threshold=1.0000000180025095e-35 1.5000000000000002 1.0000000180025095e-35 3.5000000000000004 1.0000000180025095e-35 1.0000000180025095e-35 1.0000000180025095e-35 1.5000000000000002 1.0000000180025095e-35 1.5000000000000002 1.0000000180025095e-35 1.0000000180025095e-35 1.0000000180025095e-35 1.0000000180025095e-35
decision_type=2 2 2 2 2 2 2 2 2 2 2 2 2 2
left_child=12 2 3 4 6 9 7 13 -8 -5 -11 -9 -1 -2
right_child=1 -3 -4 5 -6 -7 8 11 -10 10 -12 -13 -14 -15
leaf_value=-0.046894150289787224 0.006985482837280294 0.067816306732973688 0.057933517626877956 0.094767062956079728 -0.030481326891377176 -0.021170039715068534 -0.051334065616602177 0.074204158719095609 -0.0029297380302452541 0.066859953818077134 -0.04218735195781597 0.011575713268199225 -0.0085200259733554159 -0.023618596935160933
leaf_weight=6.5159204602241498 7.5506381914019602 2.9978531301021567 2.4786385446786872 1.8632752299308766 12.932739965617655 1.9804233759641645 3.3300301432609585 3.916078269481658 20.922977954149246 1.6340679004788399 1.0285272486507893 1.8695581108331678 4.0790517181158066 3.4231685101985931
leaf_count=17 31 32 34 13 45 8 9 32 95 19 6 20 15 12
internal_value=-0.00176709 0.00311081 2.83786e-05 -0.00234585 -0.00634579 0.0308185 0.00126504 0.0169531 -0.00957584 0.0535676 0.0247363 0.0539665 -0.0321202 -0.00256115
internal_weight=76.5229 65.928 62.9301 60.4515 53.9452 6.50629 41.0125 16.7594 24.253 4.52587 2.6626 5.78564 10.595 10.9738
internal_count=388 356 324 290 244 46 199 95 104 38 25 52 32 43
is_linear=0
shrinkage=0.05


Tree=30
num_leaves=15
num_cat=0
split_feature=128 154 20 146 17 158 152 65 151 132 122 43 111 120
split_gain=7.36474 1.83276 2.17385 2.19802 1.67398 1.63396 2.48118 2.12794 1.40294 4.87055 2.18722 1.14085 0.844711 0.76235
threshold=1.0000000180025095e-35 1.0000000180025095e-35 1.0000000180025095e-35 1.0000000180025095e-35 1.0000000180025095e-35 1.0000000180025095e-35 1.0000000180025095e-35 1.0000000180025095e-35 1.0000000180025095e-35 1.0000000180025095e-35 1.0000000180025095e-35 1.0000000180025095e-35 1.0000000180025095e-35 1.0000000180025095e-35
decision_type=2 2 2 2 2 2 2 2 2 2 2 2 2 2
left_child=5 2 3 4 13 -1 7 8 10 -10 -7 -9 -12 -2
right_child=1 -3 -4 -5 -6 6 -8 11 9 -11 12 -13 -14 -15
leaf_value=-0.035351309031855828 0.015862885144685295 0.063892523775275975 -0.038419297727727758 0.066987756564641648 0.057475013058464641 0.01772731633404747 0.038244037077909798 -0.017892325183402107 0.076828763893586921 -0.032981906011114559 -0.0057382397463460128 -0.053999228676013415 -0.038655098826358689 -0.013268313503238264
leaf_weight=6.154367893934249 21.995134998112931 2.3031702265143386 1.6366936527192582 2.3667224198579779 2.3030620887875548 4.7726167216897091 2.7449888139963141 6.3163614645600301 2.126530595123767 1.9228579252958296 3.3287278711795807 3.3469289392232895 4.7021386921405792 2.5012251883745185
leaf_count=18 118 29 8 31 33 21 19 21 16 6 13 9 13 10
internal_value=0.00391519 0.0208694 0.0176525 0.0207991 0.0167201 -0.0119334 -0.00700807 -0.0116926 -0.000967063 0.024685 -0.00908011 -0.0303981 -0.0250113 0.0128884
internal_weight=68.5215 33.106 30.8028 29.1661 26.7994 35.4155 29.2612 26.5162 16.8529 4.04939 12.8035 9.66329 8.03087 24.4964
internal_count=365 229 200 192 161 136 118 99 69 22 47 30 26 128
is_linear=0
shrinkage=0.05


Tree=31
num_leaves=15
num_cat=0
split_feature=99 5 56 40 17 147 158 65 43 122 110 144 110 96
split_gain=5.30883 3.79703 3.26905 2.68081 2.29037 1.39847 4.67535 1.35353 1.21811 1.33159 3.65911 3.22552 1.43895 1.0947
threshold=1.0000000180025095e-35 1.0000000180025095e-35 1.0000000180025095e-35 1.0000000180025095e-35 1.0000000180025095e-35 1.0000000180025095e-35 1.0000000180025095e-35 1.0000000180025095e-35 1.0000000180025095e-35 1.0000000180025095e-35 1.0000000180025095e-35 2.5000000000000004 1.0000000180025095e-35 1.0000000180025095e-35
decision_type=2 2 2 2 2 2 2 2 2 2 2 2 2 2
left_child=8 2 3 4 5 7 -7 13 9 11 -11 12 -1 -2
right_child=1 -3 -4 -5 -6 6 -8 -9 -10 10 -12 -13 -14 -15
leaf_value=0.0028699809598438548 0.010695362341090467 0.079308454006287887 -0.061336768399751745 0.073528923339089197 0.057048214856237414 -0.05105051689499375 0.061113203006481445 -0.036705504276810123 -0.038348848915426031 0.012552882186375498 -0.046755414946326929 0.050743055882192301 -0.038226188426376297 -0.0097286470981156215
leaf_weight=4.9661860316991824 17.155468463897712 1.87670088559389 1.698576621711253 1.5701363906264294 2.1377458423376074 1.2945383042097089 3.2909069396555415 2.3408265411853781 5.9456235766410819 4.1033841371536255 7.1015021950006485 2.3978998214006433 3.7296954840421677 10.623402789235113
leaf_count=20 99 16 7 15 32 3 46 8 18 19 19 13 11 38
internal_value=-0.001479 0.0097956 0.0065433 0.00954487 0.00681806 0.00372401 0.0294477 -0.000192187 -0.01824 -0.0128782 -0.0250359 -0.000598752 -0.0147563 0.00288466
internal_weight=70.2326 41.9883 40.1116 38.413 36.8429 34.7051 4.58545 30.1197 28.2443 22.2987 11.2049 11.0938 8.69588 27.7789
internal_count=364 264 248 241 226 194 49 145 100 82 38 44 31 137
is_linear=0
shrinkage=0.05


Tree=32
num_leaves=15
num_cat=0
split_feature=128 156 94 145 111 144 122 17 137 65 149 151 151 96
split_gain=6.72542 3.7966 2.62572 2.51845 3.99291 2.81959 5.81748 1.82676 1.61331 2.15253 1.41665 0.888521 0.863912 0.975503
threshold=1.0000000180025095e-35 1.0000000180025095e-35 1.0000000180025095e-35 1.5000000000000002 1.0000000180025095e-35 2.5000000000000004 1.0000000180025095e-35 1.0000000180025095e-35 1.0000000180025095e-35 1.0000000180025095e-35 1.0000000180025095e-35 1.0000000180025095e-35 2.5000000000000004 1.0000000180025095e-35
decision_type=2 2 2 2 2 2 2 2 2 2 2 2 2 2
left_child=3 2 -2 8 -5 -6 -7 10 9 11 -4 -1 -12 -14
right_child=1 -3 7 4 5 6 -8 -9 -10 -11 12 -13 13 -15
leaf_value=-0.017204802005235085 -0.052342736038491447 0.061630064006387965 0.041326331116774424 0.032942601807473409 -0.05358869247740973 0.05667198503191672 -0.032082922566756426 0.056672471729061286 -0.057354649056343777 -0.046028330638770036 -0.016226750095832729 0.020010206097526389 0.017941233049897105 -0.0042771513356308858
leaf_weight=4.563860736787321 1.7234943807125116 3.6367560885846606 2.8156677186489167 5.0455521345138559 4.125676356256009 2.7409940138459188 5.6558643579483032 2.0505625605583182 4.4818576648831359 5.430003248155117 4.3865952752530601 2.4729471504688263 11.343362078070641 8.7516548037528992
leaf_count=16 5 49 18 30 11 17 17 32 12 15 20 12 81 32
internal_value=-0.00224813 0.0132936 0.007636 -0.017876 -0.00461035 -0.0197411 -0.00311058 0.0111583 -0.0316264 -0.022377 0.00773933 -0.00412632 0.00387644 0.00826482
internal_weight=69.2248 34.7081 31.0713 34.5168 17.5681 12.5225 8.39686 29.3478 16.9487 12.4668 27.2973 7.03681 24.4816 20.095
internal_count=367 237 188 130 75 45 34 183 55 43 151 28 133 113
is_linear=0
shrinkage=0.05


Tree=33
num_leaves=15
num_cat=0
split_feature=151 37 20 145 149 110 122 144 150 12 137 122 17 128
split_gain=5.70632 2.65767 2.7617 2.10402 5.59598 3.11038 1.91303 5.67506 1.85613 1.73006 1.34378 1.87997 1.24605 1.11911
threshold=2.5000000000000004 1.0000000180025095e-35 1.0000000180025095e-35 1.5000000000000002 1.0000000180025095e-35 1.0000000180025095e-35 1.0000000180025095e-35 2.5000000000000004 1.5000000000000002 1.0000000180025095e-35 1.0000000180025095e-35 1.0000000180025095e-35 1.0000000180025095e-35 1.0000000180025095e-35
decision_type=2 2 2 2 2 2 2 2 2 2 2 2 2 2
left_child=1 2 3 10 5 -5 7 -7 -4 -2 11 -1 -11 -12
right_child=9 -3 8 4 -6 6 -8 -9 -10 12 13 -13 -14 -15
leaf_value=-0.0076641743117534834 0.058503016855141116 0.043020124923275095 0.072010272864012889 0.027302831345919071 0.071689043469037969 -0.041670776578986574 -0.040857907463711991 0.055271634926108683 -0.011087106834887599 0.010794094691876088 -0.066003898008520953 -0.045124091966143094 0.056189985527856492 -0.024264751381951236
leaf_weight=10.435487583279611 2.4499578066170242 2.1558034494519225 1.5088825747370713 3.5903204567730471 2.1113289073109618 3.9063055142760268 8.0752396583557129 2.460639700293541 1.2116236388683317 20.198247030377392 3.5002552345395079 4.9324163496494284 1.633898902684449 2.9673752412199974
leaf_count=42 38 13 15 20 26 12 23 14 9 104 8 14 27 15
internal_value=-0.00100911 -0.0112035 -0.0138186 -0.0169824 -0.00532806 -0.0143456 -0.0246994 -0.00420535 0.0350014 0.0186623 -0.0277338 -0.0196871 0.0141915 -0.0468538
internal_weight=71.1378 46.8557 44.6999 41.9794 20.1438 18.0325 14.4422 6.36695 2.72051 24.2821 21.8355 15.3679 21.8321 6.46763
internal_count=380 211 198 174 95 69 49 26 24 169 79 56 131 23
is_linear=0
shrinkage=0.05


Tree=34
num_leaves=15
num_cat=0
split_feature=128 145 122 111 145 68 111 54 137 65 145 120 145 144
split_gain=4.1544 4.30603 2.83978 2.71073 2.74774 2.36582 1.94706 4.15089 1.29675 2.08465 2.29956 0.806914 0.805119 0.783438
threshold=1.0000000180025095e-35 2.5000000000000004 1.0000000180025095e-35 1.0000000180025095e-35 1.5000000000000002 1.0000000180025095e-35 1.0000000180025095e-35 1.0000000180025095e-35 1.0000000180025095e-35 1.0000000180025095e-35 1.0000000180025095e-35 1.0000000180025095e-35 3.5000000000000004 2.5000000000000004
decision_type=2 2 2 2 2 2 2 2 2 2 2 2 2 2
left_child=1 3 5 4 8 6 7 -2 9 10 -1 13 -3 -9
right_child=2 12 -4 -5 -6 -7 -8 11 -10 -11 -12 -13 -14 -15
leaf_value=-0.025645562600902578 0.069632483685273125 0.013887398337724906 -0.04117202348037094 -0.054562354703766719 0.02609226584180015 -0.023824167472549455 -0.017406292159722284 0.032935754770990817 -0.044865941916662523 -0.040119184473543679 0.025811375963498379 -0.0060077655198900182 0.047918708842896257 0.012585974678615747
leaf_weight=3.9977384135127156 5.1404581144452193 6.0267543569207174 1.9335201419889916 4.1276030242443076 4.1711022853851309 2.669648088514804 2.4407201819121829 9.9711443707346952 3.8164791464805594 4.3291912153363219 4.7520400881767273 2.6839368194341651 2.4422609731554985 8.997282400727272
leaf_count=13 63 29 11 11 25 13 14 84 12 13 23 11 13 37
internal_value=0.00529392 -0.00714233 0.0176664 -0.0175104 -0.0102507 0.0212323 0.025347 0.0292416 -0.019223 -0.0117403 0.00230091 0.0196525 0.0237012 0.0232833
internal_weight=67.4999 33.6632 33.8367 25.1942 21.0666 31.9032 29.2335 26.7928 16.8954 13.079 8.74978 21.6524 8.46902 18.9684
internal_count=372 139 233 97 86 222 209 195 61 49 36 132 42 121
is_linear=0
shrinkage=0.05


Tree=35
num_leaves=15
num_cat=0
split_feature=99 145 65 151 126 156 152 144 110 137 68 122 145 54
split_gain=3.89966 4.82431 2.18991 5.62542 2.13021 1.54706 1.63196 1.29637 2.12987 2.19693 1.28828 1.20285 1.05652 2.87056
threshold=1.0000000180025095e-35 2.5000000000000004 1.0000000180025095e-35 1.5000000000000002 1.0000000180025095e-35 1.0000000180025095e-35 1.0000000180025095e-35 3.5000000000000004 1.0000000180025095e-35 1.0000000180025095e-35 1.0000000180025095e-35 1.0000000180025095e-35 1.5000000000000002 1.0000000180025095e-35
decision_type=2 2 2 2 2 2 2 2 2 2 2 2 2 2
left_child=7 2 3 -2 5 10 -7 8 9 -1 12 -10 13 -5
right_child=1 -3 -4 4 -6 6 -8 -9 11 -11 -12 -13 -14 -15
leaf_value=0.0028070636321706052 0.095502756439854161 0.064701508448868197 -0.038489061366362987 0.043669985153133958 0.026068158989041357 -0.021983200262018443 0.059259599591602687 0.0082957089100799807 -0.021946937151930496 -0.050327210135293204 -0.043298157188028021 -0.053273225731083097 -0.015410994645430796 -0.013212692923274864
leaf_weight=10.116323485970499 1.6338440477848042 3.2558903582394114 3.1699701212346545 3.4029141739010882 6.5762201286852351 0.95988568663597051 1.7361427620053289 4.1409509554505339 6.5050434172153473 2.4085578322410592 2.53802815824747 5.7934336960315704 12.342810839414597 6.3691476881504059
leaf_count=43 12 41 15 23 63 5 25 18 23 7 7 14 51 26
internal_value=-0.00349014 0.00624618 0.00133192 0.00488183 0.000517504 -0.00562631 0.0303342 -0.0176033 -0.0219237 -0.00741076 -0.00955893 -0.0367038 -0.00568682 0.0065955
internal_weight=70.9492 41.9849 38.729 35.559 33.9251 27.3489 2.69603 28.9643 24.8234 12.5249 24.6529 12.2985 22.1149 9.77206
internal_count=373 268 227 212 200 137 30 105 87 50 107 37 100 49
is_linear=0
shrinkage=0.05


Tree=36
num_leaves=15
num_cat=0
split_feature=122 145 145 110 12 158 151 120 132 111 145 10 145 65
split_gain=3.81103 6.98812 3.74762 3.69361 2.77725 7.70597 2.08146 1.58082 1.19673 0.852004 2.88988 0.622105 1.40622 0.593494
threshold=1.0000000180025095e-35 2.5000000000000004 3.5000000000000004 1.0000000180025095e-35 1.0000000180025095e-35 1.0000000180025095e-35 1.0000000180025095e-35 1.0000000180025095e-35 1.0000000180025095e-35 1.0000000180025095e-35 1.5000000000000002 1.0000000180025095e-35 1.5000000000000002 1.0000000180025095e-35
decision_type=2 2 2 2 2 2 2 2 2 2 2 2 2 2
left_child=1 3 6 4 5 -1 9 11 -7 10 -2 -6 -13 -5
right_child=2 -3 -4 13 7 8 -8 -9 -10 -11 -12 12 -14 -15
leaf_value=-0.016030049779356986 -0.050453170060852405 0.077334756842353886 0.04336515584733678 -0.014141303918914673 -0.018115488261031338 0.072954510668795422 0.0063397107892805438 -0.030934594469266552 0.031899166916455036 -0.053660616119295526 0.0087937319376461907 0.024276331535938223 -0.0040414625959388521 -0.041410145427324963
leaf_weight=5.4656491950154296 4.8721861541271263 3.6527938768267623 2.3575923442840567 5.6523422598838788 2.1900633722543779 5.7814331948757154 4.2114981524646273 3.1885032057762137 2.5613681003451347 3.9100196361541739 3.5636157616972923 8.7871375493705273 8.7490948885679245 3.0841050185263157
leaf_count=19 13 40 14 23 13 62 27 11 18 9 16 75 32 10
internal_value=0.00345464 0.010799 -0.015615 0.00545272 0.0124042 0.0301172 -0.0240132 0.00173038 0.0603499 -0.0343674 -0.0254249 0.00701025 0.0101482 -0.0237676
internal_weight=68.0274 49.1125 18.9149 45.4597 36.7232 13.8085 16.5573 22.9148 8.3428 12.3458 8.4358 19.7263 17.5362 8.73645
internal_count=382 303 79 263 230 99 65 131 80 38 29 120 107 33
is_linear=0
shrinkage=0.05


Tree=37
num_leaves=15
num_cat=0
split_feature=156 145 45 126 151 111 148 145 114 98 144 65 44 144
split_gain=3.39376 4.42558 3.19798 3.65834 3.18454 1.10905 3.12928 1.64899 7.71391 1.91192 2.08355 3.021 0.89635 0.751921
threshold=1.0000000180025095e-35 1.0000000180025095e-35 1.0000000180025095e-35 1.0000000180025095e-35 2.5000000000000004 1.0000000180025095e-35 1.0000000180025095e-35 1.5000000000000002 1.0000000180025095e-35 1.0000000180025095e-35 1.5000000000000002 1.0000000180025095e-35 1.0000000180025095e-35 2.5000000000000004
decision_type=2 2 2 2 2 2 2 2 2 2 2 2 2 2
left_child=2 -2 3 5 -4 7 -7 9 13 10 11 12 -1 -9
right_child=1 -3 4 -5 -6 6 -8 8 -10 -11 -12 -13 -14 -15
leaf_value=0.015741775706244659 -0.035594413376642257 0.059275675707296055 0.092095167506265341 0.026465996730324043 -0.012092595534406326 -0.038269603043549941 0.018625509798129554 0.041406744604794044 -0.020947540817844328 0.010174622025660229 -0.049490447666672772 -0.051217401333020579 -0.017549746450657384 0.082349930706652544
leaf_weight=5.4142490252852493 1.6916889548301686 4.4972694218158722 1.6269692443311206 6.7393101453781119 1.3354093506932259 10.368550866842268 3.1512889191508284 2.8668701574206326 9.425100713968277 5.192836567759513 5.6220613047480574 3.5978382229804984 3.2268752455711365 1.841776482760906
leaf_count=28 5 67 14 66 17 32 17 16 30 26 15 10 12 14
internal_value=-0.00191932 0.0333439 -0.00553206 -0.00814448 0.0451284 -0.0127444 -0.0250081 -0.00828585 0.00516107 -0.0165298 -0.0242937 -0.0127195 0.00330964 0.0574216
internal_weight=66.5981 6.18896 60.4091 57.4468 2.96238 50.7074 13.5198 37.1876 14.1337 23.0539 17.861 12.239 8.64112 4.70865
internal_count=369 72 297 266 31 200 49 151 60 91 65 50 40 30
is_linear=0
shrinkage=0.05


Tree=38
num_leaves=15
num_cat=0
split_feature=144 156 151 145 110 148 65 114 144 158 73 145 144 144
split_gain=3.93421 5.25006 2.33225 3.57776 5.95159 3.43014 1.61853 1.24848 1.50774 1.09308 0.944167 0.848775 0.728356 0.222527
threshold=1.5000000000000002 1.0000000180025095e-35 2.5000000000000004 1.5000000000000002 1.0000000180025095e-35 1.0000000180025095e-35 1.0000000180025095e-35 1.0000000180025095e-35 2.5000000000000004 1.0000000180025095e-35 1.0000000180025095e-35 2.5000000000000004 3.5000000000000004 1.0000000180025095e-35
decision_type=2 2 2 2 2 2 2 2 2 2 2 2 2 2
left_child=6 2 3 -2 -5 11 9 8 -4 13 -11 -6 -13 -1
right_child=1 -3 7 4 5 -7 -8 -9 -10 10 -12 12 -14 -15
leaf_value=-0.015228895042187744 -0.042691771394716901 0.062289109507591013 0.018918626164938706 0.076024767306475338 -0.03776087918448736 0.037022329768680702 -0.043621502941299316 0.002229377307516271 0.069363237904640648 0.016706964709292952 -0.021968398050347601 -0.022941878079375644 0.0090553104155034949 -0.033651790102219997
leaf_weight=3.0955438837409028 5.5731168165802982 4.0565674006938925 7.5711603164672852 2.4242909178137788 4.5352613106369954 3.2765837460756311 5.0042187273502341 8.3507060259580612 1.8415800482034681 4.5889609083533296 2.405115470290184 4.5097461193799973 2.9366739876568317 3.4837795346975327
leaf_count=11 16 62 66 19 14 19 15 34 25 24 14 15 15 11
internal_value=4.70492e-05 0.00802722 0.00266101 -0.00775889 0.00325111 -0.00831145 -0.0193156 0.0163026 0.028788 -0.0103545 0.00340732 -0.0207087 -0.010323 -0.0249839
internal_weight=63.6533 45.0757 41.0191 23.2557 17.6826 15.2583 18.5776 17.7634 9.41274 13.5734 6.99408 11.9817 7.44642 6.57932
internal_count=360 285 223 98 82 63 75 125 91 60 38 44 30 22
is_linear=0
shrinkage=0.05


Tree=39
num_leaves=15
num_cat=0
split_feature=126 45 63 145 156 98 120 122 148 111 128 146 122 73
split_gain=4.55398 3.40389 3.61281 2.6432 3.90576 2.85842 2.47143 2.32593 1.82864 1.32028 2.40991 1.08406 1.79447 1.31148
threshold=1.0000000180025095e-35 1.0000000180025095e-35 1.0000000180025095e-35 1.5000000000000002 1.0000000180025095e-35 1.0000000180025095e-35 1.0000000180025095e-35 1.0000000180025095e-35 1.0000000180025095e-35 1.0000000180025095e-35 1.0000000180025095e-35 1.0000000180025095e-35 1.0000000180025095e-35 1.0000000180025095e-35
decision_type=2 2 2 2 2 2 2 2 2 2 2 2 2 2
left_child=1 2 3 5 8 11 -7 -3 9 10 -5 12 13 -1
right_child=-2 7 -4 4 -6 6 -8 -9 -10 -11 -12 -13 -14 -15
leaf_value=-0.0042505371517777705 0.04285053805498535 0.07883903926943063 0.048302835096357535 0.034641365341733447 0.058860686753983274 0.040905025899281015 -0.019976157251111338 -0.010368019173340237 0.036248317021300443 -0.023060329933144889 -0.012321633341636287 -0.050689225563150288 -0.048634456898358741 -0.046112124879222595
leaf_weight=9.6555161699652761 5.9577100761234751 2.0664668940007678 2.9409414380788794 3.8987038955092492 2.7582628205418578 3.1863047927618018 3.4958193600177765 1.1304070688784125 2.5473516583442679 9.132027693092823 9.1257161796092987 4.3562775962054721 4.7670357301831237 2.3206607699394217
leaf_count=42 64 31 23 23 43 19 13 6 13 33 32 16 13 8
internal_value=0.00111455 -0.00293635 -0.00569628 -0.00857097 0.00242937 -0.0194448 0.00905443 0.0472956 -0.00387137 -0.00848398 0.00173618 -0.0284704 -0.0226894 -0.0123622
internal_weight=67.3392 61.3815 58.1846 55.2437 27.4621 27.7816 6.68212 3.19687 24.7038 22.1564 13.0244 21.0995 16.7432 11.9762
internal_count=379 315 278 255 144 111 32 37 101 88 55 79 63 50
is_linear=0
shrinkage=0.05


Tree=40
num_leaves=15
num_cat=0
split_feature=144 111 132 98 145 142 151 145 43 65 144 149 158 98
split_gain=4.60225 4.20538 2.55911 2.19179 1.98473 1.89757 1.68204 2.87632 1.13406 0.907726 1.84401 1.79453 0.736092 0.323583
threshold=2.5000000000000004 1.0000000180025095e-35 1.0000000180025095e-35 1.0000000180025095e-35 3.5000000000000004 1.0000000180025095e-35 1.0000000180025095e-35 2.5000000000000004 1.0000000180025095e-35 1.0000000180025095e-35 1.5000000000000002 1.0000000180025095e-35 1.0000000180025095e-35 1.0000000180025095e-35
decision_type=2 2 2 2 2 2 2 2 2 2 2 2 2 2
left_child=2 3 5 -2 6 8 -3 -8 9 10 11 12 -1 -12
right_child=1 4 -4 -5 -6 -7 7 -9 -10 -11 13 -13 -14 -15
leaf_value=-0.021129247844402288 0.066989144394246788 -0.027702464034990472 0.030006183900622214 0.023403968163513374 0.038671530871275867 -0.051319015371757364 -0.025236089082948127 0.065707644269012266 -0.038344053784081122 -0.032018576309414876 -0.024048663834465332 0.058302205949007591 0.014964392308959955 -0.0084330593484525287
leaf_weight=2.1141788065433502 4.4521323777735224 6.3227849602699262 3.6920003294944754 8.19155552983284 2.3715147078037271 3.0717977695167056 1.9441494420170784 1.5727632865309715 3.1510090231895438 3.0935261175036421 5.0432723537087432 1.904513746500015 4.2565640062093806 9.6946634687483311
leaf_count=7 66 19 20 39 15 12 8 18 11 10 20 12 26 73
internal_value=0.00198902 0.0185393 -0.00943069 0.0387513 -0.00238852 -0.0139343 -0.0122846 0.0154339 -0.0100093 -0.00658937 -0.00317107 0.0157171 0.00298645 -0.0137767
internal_weight=60.8764 24.8549 36.0215 12.6437 12.2112 32.3295 9.8397 3.51691 29.2577 26.1067 23.0132 8.27526 6.37074 14.7379
internal_count=356 165 191 105 60 171 45 26 159 148 138 45 33 93
is_linear=0
shrinkage=0.05


Tree=41
num_leaves=15
num_cat=0
split_feature=144 122 145 98 63 99 151 122 44 120 149 132 149 145
split_gain=4.30516 4.05427 5.12118 2.84687 2.33903 2.54335 3.61764 1.92145 1.8047 1.65068 1.48638 1.45053 1.38527 0.955733
threshold=3.5000000000000004 1.0000000180025095e-35 2.5000000000000004 1.0000000180025095e-35 1.0000000180025095e-35 1.0000000180025095e-35 1.5000000000000002 1.0000000180025095e-35 1.0000000180025095e-35 1.0000000180025095e-35 1.0000000180025095e-35 1.0000000180025095e-35 1.0000000180025095e-35 1.0000000180025095e-35
decision_type=2 2 2 2 2 2 2 2 2 2 2 2 2 2
left_child=1 2 4 7 5 13 -7 10 9 11 -2 12 -8 -1
right_child=3 -3 -4 -5 -6 6 8 -9 -10 -11 -12 -13 -14 -15
leaf_value=-0.044904632578522792 -0.027976281669169607 -0.028325396258456537 0.08670398959204817 -0.031417054583524583 0.045836955070912538 0.067382866014739182 0.061905084113215873 0.089115797200884528 -0.035720672425639192 -0.029358358423993466 0.057001598119318889 -0.028231898103755218 0.009790751581150569 -0.013406240115654207
leaf_weight=3.4698675572872144 0.82987560704350416 12.882814239710568 1.7723472751677025 1.075058229267597 2.6297454498708239 2.1370195969939259 1.3657718002796304 2.4657380804419518 3.1555823944509021 3.1952419877052298 1.3544370327144859 2.3479544296860686 19.217292975634336 7.8711859509348869
leaf_count=10 5 50 16 5 18 15 17 22 12 11 25 13 131 31
internal_value=0.000483445 -0.00346663 0.00332381 0.0419117 6.80344e-05 -0.00274677 0.00457956 0.0588648 -3.88756e-06 0.00431006 0.0247164 0.00900146 0.0132488 -0.0230434
internal_weight=65.7699 60.0448 47.162 5.72511 45.3897 42.7599 31.4189 4.65005 29.2818 26.1263 2.18431 22.931 20.5831 11.3411
internal_count=381 324 274 57 258 240 199 52 184 172 30 161 148 41
is_linear=0
shrinkage=0.05


Tree=42
num_leaves=15
num_cat=0
split_feature=17 41 128 144 144 10 120 144 144 122 145 111 144 132
split_gain=2.62447 2.20441 2.1206 1.90429 2.03373 1.84735 2.05482 1.70822 1.31147 1.8553 3.98113 1.35166 1.25129 1.16201
threshold=1.0000000180025095e-35 1.0000000180025095e-35 1.0000000180025095e-35 3.5000000000000004 1.5000000000000002 1.0000000180025095e-35 1.0000000180025095e-35 2.5000000000000004 2.5000000000000004 1.0000000180025095e-35 2.5000000000000004 1.0000000180025095e-35 1.5000000000000002 1.0000000180025095e-35
decision_type=2 2 2 2 2 2 2 2 2 2 2 2 2 2
left_child=1 2 8 4 13 7 -7 -6 11 10 -10 12 -1 -4
right_child=-2 -3 3 -5 5 6 -8 -9 9 -11 -12 -13 -14 -15
leaf_value=-0.024520095988246837 0.054881998195898986 -0.047484132613605727 0.056496619764904603 0.059837478511954083 -0.0039855477524552924 -0.015799744494268721 0.035556669171533592 0.058120448558264232 -0.025506761552842157 -0.014283905351368049 0.080122612618641412 -0.04999928354436025 0.0041964400013984561 0.0037506204588068272
leaf_weight=11.58944347500802 1.7983265630900849 3.1011141985654822 2.4600458741188111 1.5181179977953423 2.3111127801239517 17.225729197263721 2.1960104703903189 2.1253650709986687 1.6913680247962459 6.7913333103060722 1.8874729201197622 3.3116319552063933 5.6392830461263648 1.8142257481813429
leaf_count=44 36 13 15 28 15 80 11 38 7 29 16 10 25 10
internal_value=-0.00468525 -0.00636791 -0.00426249 0.00529048 0.00234695 -0.00334322 -0.00999289 0.0257673 -0.0134261 0.00106856 0.0302019 -0.020744 -0.0151206 0.0341084
internal_weight=65.4606 63.6623 60.5611 29.6506 28.1325 23.8582 19.4217 4.43648 30.9105 10.3702 3.57884 20.5404 17.2287 4.27427
internal_count=377 341 328 197 169 144 91 53 131 52 23 79 69 25
is_linear=0
shrinkage=0.05


Tree=43
num_leaves=15
num_cat=0
split_feature=126 145 150 110 145 122 120 44 44 148 65 128 46 98
split_gain=4.51173 1.74433 5.52344 1.48399 1.94594 2.05678 1.43544 1.33897 1.13113 2.61296 0.525773 1.07944 1.03687 0.389788
threshold=1.0000000180025095e-35 1.0000000180025095e-35 1.0000000180025095e-35 1.0000000180025095e-35 2.5000000000000004 1.0000000180025095e-35 1.0000000180025095e-35 1.0000000180025095e-35 1.0000000180025095e-35 1.0000000180025095e-35 1.0000000180025095e-35 1.0000000180025095e-35 1.0000000180025095e-35 1.0000000180025095e-35
decision_type=2 2 2 2 2 2 2 2 2 2 2 2 2 2
left_child=1 7 3 6 -5 -6 8 -1 9 10 11 12 -3 -13
right_child=-2 2 -4 4 5 -7 -8 -9 -10 -11 -12 13 -14 -15
leaf_value=-0.0080102688967989555 0.041986328317454025 0.044874011272116709 0.063620879417459378 -0.032631317782915274 0.035508008802874594 -0.016617577065147712 -0.029679952825052348 -0.04777962837274994 -0.021694982999508162 0.056007489917869885 -0.015174278378065493 -0.01828995228969009 -0.0020228337704256412 0.0036528744022716105
leaf_weight=4.9843775033950788 5.8158052861690512 3.0399091206491144 3.1385133620351544 8.9965978935360926 2.8341081887483579 5.6957790926098824 3.1939786076545706 3.6784327700734138 3.2695181965827933 2.6934532150626174 3.1523198410868636 2.5649550240486851 1.924968898296356 9.5939852222800255
leaf_count=20 64 20 55 31 20 20 11 10 13 18 12 27 9 39
internal_value=-2.27106e-05 -0.00418052 -0.000598237 -0.00489028 -0.0164087 0.000701474 0.0019686 -0.0248973 0.00582104 0.00973771 0.00359129 0.00704584 0.0266913 -0.000976013
internal_weight=64.5767 58.7609 50.0981 46.9596 17.5265 8.52989 29.4331 8.66281 26.2391 22.9696 20.2761 17.1238 4.96488 12.1589
internal_count=369 305 275 220 71 40 149 30 138 125 107 95 29 66
is_linear=0
shrinkage=0.05


Tree=44
num_leaves=15
num_cat=0
split_feature=144 46 73 110 94 15 149 145 65 40 12 151 145 120
split_gain=2.39231 1.88358 2.76576 1.86564 1.89472 1.58274 2.38822 3.00846 3.02515 1.94407 1.96474 1.53647 1.49398 0.943837
threshold=3.5000000000000004 1.0000000180025095e-35 1.0000000180025095e-35 1.0000000180025095e-35 1.0000000180025095e-35 1.0000000180025095e-35 1.0000000180025095e-35 1.0000000180025095e-35 1.0000000180025095e-35 1.0000000180025095e-35 1.0000000180025095e-35 2.5000000000000004 1.5000000000000002 1.0000000180025095e-35
decision_type=2 2 2 2 2 2 2 2 2 2 2 2 2 2
left_child=3 2 -2 4 -1 6 7 -6 12 10 -8 -12 -9 -13
right_child=1 -3 -4 -5 5 -7 9 8 -10 -11 11 13 -14 -15
leaf_value=-0.052643818049177254 0.075134900314318284 -0.011880262300853187 -0.014430149185710235 -0.019668111988704468 -0.013773320388040669 -0.029355913852284657 0.050265496960020709 0.078789108360990123 -0.0051127443302440099 -0.053590738771058237 -0.045175918146322019 0.0044143035554019628 0.027882087266576205 -0.031186310006868858
leaf_weight=1.6116547249257553 2.8163139391690484 1.9683966562151907 1.2420839313417671 15.550309740006922 3.7736323177814475 3.5396126098930827 1.835937388241297 3.7219701893627626 2.630413219332695 1.7802318781614292 2.0159642472863224 17.622682541608814 2.3519387692213058 2.0816721469163886
leaf_count=6 38 10 9 63 14 16 30 34 11 8 7 107 16 7
internal_value=-0.00173868 0.0282563 0.0477233 -0.00482798 0.000543012 0.00261582 0.00560852 0.0235138 0.039679 -0.00320962 0.000597865 -0.00360035 0.0590769 0.000653267
internal_weight=64.5428 6.02679 4.0584 58.516 42.9657 41.3541 37.8144 12.478 8.70432 25.3365 23.5563 21.7203 6.07391 19.7044
internal_count=376 57 47 319 256 250 234 75 61 159 151 121 50 114
is_linear=0
shrinkage=0.05


Tree=45
num_leaves=15
num_cat=0
split_feature=145 156 94 110 45 40 120 43 99 46 151 54 145 44
split_gain=3.03987 4.75667 4.45137 3.08135 2.8371 2.2275 2.50519 1.62585 2.16842 1.88416 1.76879 2.38574 1.5734 1.52648
threshold=1.0000000180025095e-35 1.0000000180025095e-35 1.0000000180025095e-35 1.0000000180025095e-35 1.0000000180025095e-35 1.0000000180025095e-35 1.0000000180025095e-35 1.0000000180025095e-35 1.0000000180025095e-35 1.0000000180025095e-35 1.5000000000000002 1.0000000180025095e-35 2.5000000000000004 1.0000000180025095e-35
decision_type=2 2 2 2 2 2 2 2 2 2 2 2 2 2
left_child=13 2 -2 4 5 6 7 8 9 -4 -10 -12 -5 -1
right_child=1 -3 3 12 -6 -7 -8 -9 10 -11 11 -13 -14 -15
leaf_value=-0.01096311093553172 -0.067352792352255456 0.061041938909859754 0.085968220021742328 -0.032398141234968231 0.070247176997775065 -0.046405289271186513 -0.032775952985153498 -0.029754133946953649 -0.030355649800522522 0.013104144328496204 0.070033840901383704 0.011156647836165028 -0.00023891393402670981 -0.056153998396418686
leaf_weight=4.0172414556145659 2.461433731019496 3.2052522934973231 2.0449405461549892 7.9212673678994161 1.8601868785917748 1.858240958303212 3.0496049374341956 1.8695060461759556 2.1696827709674862 1.5671390220522883 1.9253095239400888 16.178694684058428 7.3162328824400902 3.4938593953847885
leaf_count=16 6 61 14 27 30 7 10 7 9 8 17 112 35 9
internal_value=-0.00220017 0.00198699 -0.00178197 0.00159733 0.0102902 0.00665292 0.0100758 0.0151497 0.0186643 0.0543554 0.0123053 0.0174181 -0.016957 -0.0319841
internal_weight=60.9386 53.4275 50.2222 47.7608 32.5233 30.6631 28.8049 25.7553 23.8858 3.61208 20.2737 18.104 15.2375 7.5111
internal_count=368 343 282 276 214 184 177 167 160 22 138 129 62 25
is_linear=0
shrinkage=0.05


Tree=46
num_leaves=15
num_cat=0
split_feature=144 98 144 149 94 142 40 65 144 144 145 120 126 158
split_gain=2.08497 2.0973 1.82568 1.5349 1.27305 1.52425 1.68119 1.21859 1.02634 0.880508 0.808034 0.768778 0.751166 1.7604
threshold=3.5000000000000004 1.0000000180025095e-35 2.5000000000000004 1.0000000180025095e-35 1.0000000180025095e-35 1.0000000180025095e-35 1.0000000180025095e-35 1.0000000180025095e-35 1.5000000000000002 1.5000000000000002 3.5000000000000004 1.0000000180025095e-35 1.0000000180025095e-35 1.0000000180025095e-35
decision_type=2 2 2 2 2 2 2 2 2 2 2 2 2 2
left_child=1 4 11 10 -1 6 7 -6 -7 -9 -2 12 13 -3
right_child=3 2 -4 -5 5 8 -8 9 -10 -11 -12 -13 -14 -15
leaf_value=-0.046502011250887959 -0.015048784531877399 0.0037174964456832384 -0.0094389882080241211 0.062287806531018002 0.0029972434514557297 -0.066255707503008285 -0.048742227102419586 -0.035684770873041359 -0.015540078627770721 0.00083834369315136331 0.029582170715857573 -0.0050275825905248747 0.014024583164359145 0.071605684572324843
leaf_weight=2.7045141831040374 1.9854647666215886 1.6630880236625674 10.237147115170956 1.8911038637161253 19.73558363318444 1.9084833264350884 2.2072605900466433 4.2131987810134879 2.0901034604758024 2.7127038389444351 2.0729753207415342 2.5491234064102182 5.5020728707313538 2.2425190284848195
leaf_count=10 10 8 40 36 108 4 8 15 19 12 12 10 64 18
internal_value=-0.00309948 -0.00600219 0.00605929 0.0250838 -0.0135276 -0.0108143 -0.00680692 -0.00333517 -0.0397461 -0.0213796 0.00774787 0.0193286 0.0259282 0.0426975
internal_weight=63.7153 57.7658 22.194 5.94954 35.5718 32.8673 28.8687 26.6615 3.99859 6.9259 4.05844 11.9568 9.40768 3.90561
internal_count=374 316 140 58 176 166 143 135 23 27 22 100 90 26
is_linear=0
shrinkage=0.05


Tree=47
num_leaves=15
num_cat=0
split_feature=145 150 146 110 122 145 44 145 142 149 122 145 151 54
split_gain=1.93652 2.10195 5.19726 2.73138 2.82938 3.09653 2.55549 2.31607 2.51338 1.82982 2.94801 1.05194 0.670422 0.503066
threshold=3.5000000000000004 1.0000000180025095e-35 1.0000000180025095e-35 1.0000000180025095e-35 1.0000000180025095e-35 2.5000000000000004 1.0000000180025095e-35 1.0000000180025095e-35 1.0000000180025095e-35 1.0000000180025095e-35 1.0000000180025095e-35 1.5000000000000002 1.5000000000000002 1.0000000180025095e-35
decision_type=2 2 2 2 2 2 2 2 2 2 2 2 2 2
left_child=1 3 -3 6 5 -5 9 -4 -9 10 12 -12 -1 -11
right_child=-2 2 7 4 -6 -7 -8 8 -10 13 11 -13 -14 -15
leaf_value=0.031328423472848865 0.037028732279893638 0.083226170449156908 -0.066814219000777247 -0.030295622612577722 -0.058718412122895774 0.033502823370605499 -0.037952253107590483 -0.059497623816464007 0.056513766827809592 0.014473109006606167 -0.026293109026865769 0.013889318790846995 0.069169669754859123 -0.010835427560257042
leaf_weight=3.6983578205108625 2.4063182454556218 2.0735454335808745 1.3896085023880007 7.3230590820312482 5.4025882482528678 2.5692064389586449 5.0231922268867484 0.71138769388198886 1.3583000581711528 2.1806270778179195 3.3274039924144745 3.1905193030834198 1.7124088853597639 19.719651848077774
leaf_count=19 15 30 3 26 13 18 17 3 27 23 12 17 21 104
internal_value=-0.00694776 -0.00872092 0.020634 -0.0117205 -0.0296186 -0.013726 -0.00467452 -0.0168846 0.0166386 0.000266825 0.0160233 -0.00662384 0.0433045 -0.00831544
internal_weight=62.0862 59.6799 5.53284 54.147 15.2949 9.89227 38.8522 3.4593 2.06969 33.829 11.9287 6.51792 5.41077 21.9003
internal_count=348 333 63 270 57 44 213 33 30 196 69 29 40 127
is_linear=0
shrinkage=0.05


Tree=48
num_leaves=15
num_cat=0
split_feature=145 150 41 128 111 114 145 137 137 151 68 73 98 120
split_gain=2.17984 3.03658 3.00282 1.98452 1.42436 3.45269 1.41956 1.31076 1.24219 0.967022 0.866514 3.44602 1.18709 0.81994
threshold=1.5000000000000002 1.0000000180025095e-35 1.0000000180025095e-35 1.0000000180025095e-35 1.0000000180025095e-35 1.0000000180025095e-35 2.5000000000000004 1.0000000180025095e-35 1.0000000180025095e-35 1.0000000180025095e-35 1.0000000180025095e-35 1.0000000180025095e-35 1.0000000180025095e-35 1.0000000180025095e-35
decision_type=2 2 2 2 2 2 2 2 2 2 2 2 2 2
left_child=2 4 3 8 5 7 -6 -2 -1 -8 11 -5 -13 -14
right_child=1 -3 -4 10 6 -7 9 -9 -10 -11 -12 12 13 -15
leaf_value=-0.015918920220044003 0.022822860632564154 0.061609158465322139 -0.077119023888064631 0.07424477840863139 -0.031950982907336882 -0.009028227615147091 0.012808879051929112 0.070719077139857089 -0.050666488879976539 -0.024947430619048777 -0.030646267170343973 -0.038210279027626047 0.010385375723053375 -0.018442175407497433
leaf_weight=10.911465913057325 4.321174934506419 2.1784689351916304 1.7645152807235707 1.5997112952172798 5.2223806381225595 9.2165946811437607 5.6599632799625379 2.133796026930213 3.3653330504894248 2.4214158318936825 1.9582443945109833 2.0616802126169196 9.2649168074130994 3.3616270869970331
leaf_count=44 25 47 3 19 18 32 24 30 10 14 8 8 85 12
internal_value=-0.00489487 0.00467857 -0.0135934 -0.0101468 0.000398326 0.0106124 -0.0116336 0.0386557 -0.0241096 0.00149599 0.000778458 0.00455655 -0.00303328 0.00271047
internal_weight=65.4413 31.1538 34.2875 32.523 28.9753 15.6716 13.3038 6.45497 14.2768 8.08138 18.2462 16.2879 14.6882 12.6265
internal_count=379 190 189 186 143 87 56 55 54 38 132 124 105 97
is_linear=0
shrinkage=0.05


Tree=49
num_leaves=15
num_cat=0
split_feature=144 94 43 145 128 96 114 144 145 137 145 152 73 144
split_gain=2.96401 3.17192 1.80718 2.39558 2.26073 1.86587 2.20609 2.10991 1.74956 1.74174 1.56477 4.67348 1.07668 0.944698
threshold=3.5000000000000004 1.0000000180025095e-35 1.0000000180025095e-35 1.0000000180025095e-35 1.0000000180025095e-35 1.0000000180025095e-35 1.0000000180025095e-35 1.5000000000000002 3.5000000000000004 1.0000000180025095e-35 1.5000000000000002 1.0000000180025095e-35 1.0000000180025095e-35 2.5000000000000004
decision_type=2 2 2 2 2 2 2 2 2 2 2 2 2 2
left_child=1 -1 3 4 -3 6 7 12 9 -2 -9 13 -5 -12
right_child=8 2 -4 5 -6 -7 -8 10 -10 -11 11 -13 -14 -15
leaf_value=-0.058517283796464585 -0.016714041505707013 -0.053131667907136387 -0.034877687316054458 0.045624081472739608 0.0028872630691806943 -0.015469533573942762 0.070101537472347875 -0.013368470789167284 0.084219478882568644 0.058632746594619249 -0.020812261531767892 0.074088482421099985 -0.0012257209392195795 0.013190004068729212
leaf_weight=2.9652566127479068 1.8516334928572169 4.1566505432128897 4.7353685535490504 4.2429888471961084 3.1780163496732712 11.028454348444937 1.3888539075851429 12.372455168515446 1.2577451840043066 1.3093810770660639 4.4333852976560575 2.4056013505905858 1.7248805426061151 3.7882744967937469
leaf_count=10 8 12 23 27 14 39 11 87 13 31 19 36 13 18
internal_value=-0.00509298 -0.00818151 -0.00538928 -0.00252311 -0.0288594 0.00214448 0.00854363 0.00559223 0.0343424 0.0144967 -0.00128153 0.0127903 0.0320832 -0.00514512
internal_weight=60.8389 56.4202 53.4549 48.7196 7.33467 41.3849 30.3564 28.9676 4.41876 3.16101 22.9997 10.6273 5.96787 8.22166
internal_count=361 309 299 276 26 250 211 200 52 39 160 73 40 37
is_linear=0
shrinkage=0.05


Tree=50
num_leaves=15
num_cat=0
split_feature=56 147 158 43 145 122 65 39 132 151 137 110 98 114
split_gain=1.71077 1.59364 2.64716 1.28712 0.630764 3.0876 1.72679 1.1652 2.22714 2.35205 1.23024 3.29613 1.0181 0.237795
threshold=1.0000000180025095e-35 1.0000000180025095e-35 1.0000000180025095e-35 1.0000000180025095e-35 2.5000000000000004 1.0000000180025095e-35 1.0000000180025095e-35 1.0000000180025095e-35 1.0000000180025095e-35 1.5000000000000002 1.0000000180025095e-35 1.0000000180025095e-35 1.0000000180025095e-35 1.0000000180025095e-35
decision_type=2 2 2 2 2 2 2 2 2 2 2 2 2 2
left_child=1 3 -3 4 6 -6 7 8 9 10 11 -1 -9 -14
right_child=-2 2 -4 -5 5 -7 -8 12 -10 -11 -12 -13 13 -15
leaf_value=0.053739192185724684 -0.038129390738444034 -0.036156789426792513 0.057467064347831269 -0.027514188869214425 0.071557741744099679 -0.0059525076562789488 -0.029287685056699216 -0.041169785731963338 -0.016075953441953231 0.071601808970586919 -0.022289089893488889 -0.027979649146647807 0.0031179890650472391 -0.0074671304054062361
leaf_weight=3.5078073069453222 3.0966437794268122 1.0452238619327547 2.7190967388451091 4.5862050466239443 1.7472993936389674 4.8542125020176172 5.1155770048499098 1.8123257420957113 4.4494352787733069 2.2382542304694653 1.8447746671736238 1.9035929441452024 10.707419738173485 10.517451569437981
leaf_count=23 14 3 64 19 22 22 18 7 20 27 9 7 81 39
internal_value=-0.00193497 2.96859e-05 0.0314709 -0.00219151 0.000193286 0.014563 -0.00206015 0.00170623 0.0131141 0.0267936 0.0129719 0.0249926 -0.00519866 -0.0021272
internal_weight=60.1453 57.0487 3.76432 53.2844 48.6982 6.60151 42.0966 36.9811 13.9439 9.49443 7.25617 5.4114 23.0372 21.2249
internal_count=375 361 67 294 275 44 231 213 86 66 39 30 127 120
is_linear=0
shrinkage=0.05


Tree=51
num_leaves=15
num_cat=0
split_feature=37 144 156 146 148 146 98 99 137 151 10 122 144 99
split_gain=1.57769 1.69667 1.89755 1.5278 1.29772 0.723175 1.61991 0.925632 1.27424 0.693022 4.10449 0.476205 0.748351 0.464874
threshold=1.0000000180025095e-35 2.5000000000000004 1.0000000180025095e-35 1.0000000180025095e-35 1.0000000180025095e-35 1.0000000180025095e-35 1.0000000180025095e-35 1.0000000180025095e-35 1.0000000180025095e-35 1.5000000000000002 1.0000000180025095e-35 1.0000000180025095e-35 3.5000000000000004 1.0000000180025095e-35
decision_type=2 2 2 2 2 2 2 2 2 2 2 2 2 2
left_child=1 3 5 4 9 6 11 -7 -9 13 -11 -3 -13 -1
right_child=-2 2 -4 -5 -6 7 -8 8 -10 10 -12 12 -14 -15
leaf_value=-0.0034541979743306474 0.041715512364988827 0.046489629474618412 0.054997607141087285 -0.046338733312138815 -0.02778588093178503 -0.043253914065780011 -0.0034826990184375992 -0.039463595874568776 0.058086305787720199 0.075602903122520534 -0.0032126808247428442 0.0040836395401035184 0.041604934127812424 -0.024563357057053533
leaf_weight=10.824897781014441 2.2702775634825221 2.1397577933967193 2.1044266093522301 2.3676887135952702 5.2091775164008132 1.612723782658577 10.928240418434143 0.62359879910945804 0.72275605052709579 1.8955345451831807 12.850216336548328 3.4004586935043335 2.1813635602593422 3.4360298812389383
leaf_count=48 17 15 55 10 21 5 41 2 21 23 91 16 12 13
internal_value=0.000797449 -0.000743184 0.00967444 -0.00749585 -0.00480798 0.00526055 0.00890403 -0.0177028 0.0129036 -0.000681481 0.00691889 0.0264348 0.0187469 -0.00854024
internal_weight=62.5671 60.2969 23.7133 36.5835 34.2159 21.6089 18.6498 2.95908 1.34635 29.0067 14.7458 7.72158 5.58182 14.2609
internal_count=390 373 167 206 196 112 84 28 23 175 114 43 28 61
is_linear=0
shrinkage=0.05


Tree=52
num_leaves=15
num_cat=0
split_feature=45 63 144 65 142 146 152 144 46 73 111 144 110 73
split_gain=4.07815 2.1653 1.33788 4.04591 1.90464 1.59809 1.3541 1.14767 1.08372 3.11871 2.61837 1.24186 1.10703 0.436748
threshold=1.0000000180025095e-35 1.0000000180025095e-35 1.5000000000000002 1.0000000180025095e-35 1.0000000180025095e-35 1.0000000180025095e-35 2.5000000000000004 1.5000000000000002 1.0000000180025095e-35 1.0000000180025095e-35 1.0000000180025095e-35 2.5000000000000004 1.0000000180025095e-35 1.0000000180025095e-35
decision_type=2 2 2 2 2 2 2 2 2 2 2 2 2 2
left_child=1 2 3 -1 5 8 -6 -2 9 10 -4 -12 -11 -9
right_child=7 -3 4 -5 6 -7 -8 13 -10 12 11 -13 -14 -15
leaf_value=-0.0051297457932527194 0.11331259182706432 0.039878299128078443 0.087582263223212928 -0.063117885964392315 0.061463103800199731 -0.040399118284308727 -0.028117719861759136 0.0057860712957274931 -0.026127892965595007 -0.0056786823242063831 -0.022774067492128406 0.028711705961500345 -0.043757703999258921 0.059991487136815805
leaf_weight=10.44474885612726 0.72912322729825918 2.3722221534699193 1.4966574572026754 4.2246722280979148 1.7532745916396373 3.2482837885618201 0.555511213839054 0.64489987492561318 4.6580797396600238 20.538423068821434 1.6839682087302206 3.8465119488537312 2.1041920334100714 0.87690139375627041
leaf_count=51 6 22 15 13 38 11 5 4 19 115 7 23 8 24
internal_value=-0.00427531 -0.00688534 -0.0089188 -0.0218299 -0.00417019 -0.00687856 0.0399093 0.0617333 -0.00370667 -0.000186588 0.0289122 0.0130349 -0.00921739 0.0370206
internal_weight=59.1775 56.9265 54.5543 14.6694 39.8849 37.5761 2.30879 2.25092 34.3278 29.6698 7.02714 5.53048 22.6426 1.5218
internal_count=361 327 305 64 241 198 43 34 187 168 45 30 123 28
is_linear=0
shrinkage=0.05


Tree=53
num_leaves=15
num_cat=0
split_feature=94 63 44 111 44 43 10 158 40 148 158 128 73 99
split_gain=2.69889 2.126 4.64509 1.8649 2.00266 2.0621 1.4114 1.31163 0.756491 0.774878 0.685956 0.67941 0.369347 0.396898
threshold=1.0000000180025095e-35 1.0000000180025095e-35 1.0000000180025095e-35 1.0000000180025095e-35 1.0000000180025095e-35 1.0000000180025095e-35 1.0000000180025095e-35 1.0000000180025095e-35 1.0000000180025095e-35 1.0000000180025095e-35 1.0000000180025095e-35 1.0000000180025095e-35 1.0000000180025095e-35 1.0000000180025095e-35
decision_type=2 2 2 2 2 2 2 2 2 2 2 2 2 2
left_child=-1 3 -3 4 5 6 7 -2 9 11 -6 -9 13 -5
right_child=1 2 -4 12 10 -7 -8 8 -10 -11 -12 -13 -14 -15
leaf_value=-0.051706685878432357 -0.018564070290752424 0.093385469733471199 -0.042719313540849117 -0.012515503666093759 -0.049158307042269311 -0.037232431080484567 -0.0014282513555786205 0.019622866352468352 -0.0089090502074923653 0.071382773727677942 -0.013267576656896943 0.056022798587550861 -0.040443353135974476 -0.035224226361844385
leaf_weight=3.064917914569377 1.9730715453624714 1.6076808143407098 1.0275620855391026 7.1961896941065779 2.405466228723526 2.8987173680216065 21.207281509414315 7.7703440338373131 1.4063604250550277 1.0275191217660911 2.9812258612364522 1.5352320130914447 2.4066166356205931 2.6263711936771861
leaf_count=13 7 20 5 28 7 21 121 46 7 12 17 40 9 17
internal_value=-0.00597847 -0.00356493 0.040314 -0.00565085 -0.000771756 0.00329094 0.00665481 0.0191558 0.0254954 0.0301779 -0.0292948 0.0256281 -0.0228885 -0.0185874
internal_weight=61.1346 58.0696 2.63524 55.4344 43.2052 37.8185 34.9198 13.7125 11.7395 10.3331 5.38669 9.30558 12.2292 9.82256
internal_count=370 357 25 332 278 254 233 112 105 98 24 86 54 45
is_linear=0
shrinkage=0.05


Tree=54
num_leaves=15
num_cat=0
split_feature=45 126 150 158 122 94 132 110 152 43 158 73 96 149
split_gain=2.37271 2.03248 2.38716 4.01537 1.90051 1.83531 0.653511 1.08408 2.29251 1.7981 2.36958 0.964369 0.74025 0.658233
threshold=1.0000000180025095e-35 1.0000000180025095e-35 1.0000000180025095e-35 1.0000000180025095e-35 1.0000000180025095e-35 1.0000000180025095e-35 1.0000000180025095e-35 1.0000000180025095e-35 1.0000000180025095e-35 1.0000000180025095e-35 1.0000000180025095e-35 1.0000000180025095e-35 1.0000000180025095e-35 1.0000000180025095e-35
decision_type=2 2 2 2 2 2 2 2 2 2 2 2 2 2
left_child=1 2 5 -4 -2 -1 7 8 9 10 -7 -10 -13 -8
right_child=4 -3 3 -5 -6 6 13 -9 11 -11 -12 12 -14 -15
leaf_value=-0.052386129523217952 0.082568611112226686 0.019980619454451641 -0.026562962597469583 0.062227159389449262 -0.0065612111607434506 -0.019206869762369058 0.014772652673525699 -0.026424875042426132 -0.043683052990782997 -0.017632445052869695 0.055407452574945115 0.0013035230444668627 -0.021085079786839253 -0.017173256611286776
leaf_weight=2.9325014352798453 1.3449961319565764 6.0319325104355803 2.337479442358017 2.7968929260969153 1.0770026762038469 1.5387553721666334 4.2521697580814353 12.222927898168562 3.0317486487329015 2.8078145459294319 3.4492193236947086 5.8126498833298674 10.119872078299522 2.5974317789077759
leaf_count=8 28 68 8 64 7 6 24 46 11 13 25 28 32 13
internal_value=-0.00558315 -0.0075439 -0.0106242 0.0218045 0.0429348 -0.0140385 -0.0115849 -0.0140876 -0.00845246 0.014373 0.0323895 -0.0178355 -0.0129171 0.00265847
internal_weight=62.3534 59.9314 53.8995 5.13437 2.422 48.7651 45.8326 38.983 26.7601 7.79579 4.98797 18.9643 15.9325 6.8496
internal_count=381 346 278 72 35 206 198 161 115 44 31 71 60 37
is_linear=0
shrinkage=0.05


Tree=55
num_leaves=15
num_cat=0
split_feature=122 145 111 145 151 56 145 111 10 144 65 151 44 148
split_gain=2.36298 2.05919 3.48594 2.3182 2.25221 1.53369 3.76483 2.79946 1.76627 1.91529 2.47675 2.26726 2.07697 1.91041
threshold=1.0000000180025095e-35 3.5000000000000004 1.0000000180025095e-35 1.5000000000000002 1.5000000000000002 1.0000000180025095e-35 2.5000000000000004 1.0000000180025095e-35 1.0000000180025095e-35 1.5000000000000002 1.0000000180025095e-35 1.5000000000000002 1.0000000180025095e-35 1.0000000180025095e-35
decision_type=2 2 2 2 2 2 2 2 2 2 2 2 2 2
left_child=5 2 3 -2 -5 6 7 8 9 10 12 -11 13 -1
right_child=1 -3 -4 4 -6 -7 -8 -9 -10 11 -12 -13 -14 -15
leaf_value=0.0231607130790593 -0.040389356520284643 0.0268263318271806 -0.061424470153372872 0.037740575806251439 -0.036538840150843375 -0.039643202467491492 0.069220792563801578 -0.032105126781520187 -0.0013114278929008589 0.14889713109782934 -0.026501518100710948 0.035393961028645074 -0.0094493317303697907 0.090215444102305073
leaf_weight=2.8463683649897558 3.1650431901216489 2.0285838153213254 4.72806715965271 3.3016814403235912 1.4770246054977176 2.0045624505728474 2.1739504672586909 5.3297873474657527 23.558802688494325 0.56673518195748274 2.9291943162679672 1.9670570511370895 2.3838743790984154 1.6945854127407072
leaf_count=23 11 13 11 23 13 9 31 22 132 5 11 42 11 13
internal_value=-0.00251905 -0.0199447 -0.0274321 -0.00720006 0.0147819 0.00311651 0.00508921 0.00171152 0.0067255 0.0220099 0.0120405 0.0607813 0.0283438 0.0481841
internal_weight=60.1553 14.7004 12.6718 7.94375 4.77871 45.4549 43.4504 41.2764 35.9466 12.3878 9.85402 2.53379 6.92483 4.54095
internal_count=370 71 58 47 36 299 290 259 237 105 58 47 47 36
is_linear=0
shrinkage=0.05


Tree=56
num_leaves=15
num_cat=0
split_feature=45 63 144 156 65 111 146 144 122 120 144 73 144 128
split_gain=2.96345 2.25592 2.28435 3.16581 2.99956 1.83783 1.54485 1.48256 1.87596 1.28503 1.0632 0.809181 0.51581 0.511946
threshold=1.0000000180025095e-35 1.0000000180025095e-35 1.5000000000000002 1.0000000180025095e-35 1.0000000180025095e-35 1.0000000180025095e-35 1.0000000180025095e-35 2.5000000000000004 1.0000000180025095e-35 1.0000000180025095e-35 1.5000000000000002 1.0000000180025095e-35 2.5000000000000004 1.0000000180025095e-35
decision_type=2 2 2 2 2 2 2 2 2 2 2 2 2 2
left_child=1 2 4 5 11 6 9 -7 -9 13 -2 -1 -12 -4
right_child=10 -3 3 -5 -6 7 -8 8 -10 -11 12 -13 -14 -15
leaf_value=-0.0020920520590117361 0.1034155430036897 0.041401736510912501 0.026572547559463273 0.060734844467513871 -0.063035478939004325 -0.054245501584208926 -0.03522060058494552 0.025741677050285794 -0.026128880958800262 -0.022137993983206969 -0.0057230933779918508 -0.033393204690810536 0.058245785753898272 0.0076833210727702125
leaf_weight=7.8684599474072439 0.76971425116062109 2.5750790983438483 4.6052157282829382 2.0165980868041506 3.6096101701259604 2.5488524548709384 2.3417024910449973 2.4833070337772352 5.8478835597634315 3.2074286341667166 0.5816160552203653 2.7992938011884689 0.68779337964951992 16.22407403215766
leaf_count=38 7 22 26 51 12 9 8 14 19 11 5 15 23 104
internal_value=-0.00216003 -0.00431116 -0.00650927 -0.000283012 -0.0236369 -0.00358558 0.00354627 -0.0208766 -0.0106676 0.00732301 0.0570504 -0.0103057 0.0289366 0.0118596
internal_weight=58.1666 56.1275 53.5524 39.2751 14.2774 37.2585 26.3784 10.88 8.33119 24.0367 2.03912 10.6678 1.26941 20.8293
internal_count=364 329 307 242 65 191 149 42 33 141 35 53 28 130
is_linear=0
shrinkage=0.05


Tree=57
num_leaves=15
num_cat=0
split_feature=151 45 145 111 151 43 137 144 132 65 73 96 151 151
split_gain=1.43295 2.27042 1.46104 2.27898 1.74991 3.4606 2.38993 1.13996 1.04109 0.894146 0.807324 0.758199 0.498786 1.27524
threshold=2.5000000000000004 1.0000000180025095e-35 1.5000000000000002 1.0000000180025095e-35 1.5000000000000002 1.0000000180025095e-35 1.0000000180025095e-35 1.0000000180025095e-35 1.0000000180025095e-35 1.0000000180025095e-35 1.0000000180025095e-35 1.0000000180025095e-35 1.0000000180025095e-35 1.5000000000000002
decision_type=2 2 2 2 2 2 2 2 2 2 2 2 2 2
left_child=1 2 7 4 5 -4 -6 -1 -5 12 -2 -12 -9 -14
right_child=10 -3 3 8 6 -7 -8 9 -10 -11 11 -13 13 -15
leaf_value=0.0039877185454464037 -0.029299454103527564 0.039480279694078857 0.088306076879651973 -0.023082232733663485 -0.059361540643086609 -0.011694388793763791 0.056663967340742194 -0.0070462862341378303 0.014277086401728284 -0.048198258944203411 0.016580780632234827 -0.0024929257551713981 -0.059500577447389381 -0.015785059320526904
leaf_weight=3.2932567745447185 1.5730237178504491 2.1361898109316817 1.9892299026250848 9.0731848552823049 1.159458592534065 1.5309911668300629 0.71909386757761229 4.0421397313475635 2.3472208883613357 4.1820801347494116 11.367821630090475 9.6186889410018921 2.357572026550768 5.7055491805076599
leaf_count=15 15 18 18 38 3 6 23 16 16 15 112 36 7 36
internal_value=-0.00475881 -0.0106177 -0.0135578 -0.00274932 0.0240196 0.0448145 -0.014948 -0.0228419 -0.0154038 -0.0282668 0.00524922 0.00783878 -0.0213809 -0.028567
internal_weight=61.0955 38.536 36.3998 16.8192 5.39877 3.52022 1.87855 19.5806 11.4204 16.2873 22.5595 20.9865 12.1053 8.06312
internal_count=374 211 193 104 50 24 26 89 54 74 163 148 59 43
is_linear=0
shrinkage=0.05


Tree=58
num_leaves=15
num_cat=0
split_feature=20 144 156 65 44 73 111 147 65 145 73 12 99 144
split_gain=1.71415 1.30585 3.26903 1.84466 1.24668 2.14995 1.07438 1.0139 0.82764 0.766544 0.282027 1.63487 0.78684 0.209493
threshold=1.0000000180025095e-35 1.5000000000000002 1.0000000180025095e-35 1.0000000180025095e-35 1.0000000180025095e-35 1.0000000180025095e-35 1.0000000180025095e-35 1.0000000180025095e-35 1.0000000180025095e-35 2.5000000000000004 1.0000000180025095e-35 1.0000000180025095e-35 1.0000000180025095e-35 2.5000000000000004
decision_type=2 2 2 2 2 2 2 2 2 2 2 2 2 2
left_child=1 3 6 4 5 -1 8 -2 10 -8 12 13 -3 -12
right_child=7 2 -4 -5 -6 -7 9 -9 -10 -11 11 -13 -14 -15
leaf_value=0.028230486782461445 0.075911609355935203 -0.027145008790717119 0.061147412792009241 -0.053542875344309307 -0.033361981270678451 -0.025275338942854456 -0.03388075167835005 0.00028244887040684949 0.030565870856232531 -0.0077654314226840455 0.0292653983120892 -0.0032412344329265314 0.0073868991433178807 0.067577538227938258
leaf_weight=3.7923344597220403 1.0206913799047459 3.5823350995779037 1.9516299236565817 3.1121995598077765 3.8134288191795349 3.718155775219202 4.5533784851431829 0.78319282550364722 2.0633899271488181 7.3383248411118984 0.61442117393017059 19.545060180127621 3.0576288290321889 0.85101881437003613
leaf_count=23 13 13 45 12 13 21 17 15 11 35 5 114 19 21
internal_value=-0.00492398 -0.00641701 -0.00209761 -0.0194497 -0.0100797 0.0017418 -0.0050643 0.0430757 1.8648e-05 -0.0177651 -0.00226091 0.00057785 -0.0112435 0.0515142
internal_weight=59.7972 57.9933 43.5572 14.4361 11.3239 7.51049 41.6056 1.80388 29.7139 11.8917 27.6505 21.0105 6.63996 1.46544
internal_count=377 349 280 69 57 44 235 28 183 52 172 140 32 26
is_linear=0
shrinkage=0.05


Tree=59
num_leaves=15
num_cat=0
split_feature=20 126 146 45 110 63 150 146 15 151 122 111 144 65
split_gain=1.58757 1.33386 0.987163 0.979592 1.81088 1.05197 0.835022 3.64911 1.06075 1.09136 1.64817 1.11052 2.01774 2.18348
threshold=1.0000000180025095e-35 1.0000000180025095e-35 1.0000000180025095e-35 1.0000000180025095e-35 1.0000000180025095e-35 1.0000000180025095e-35 1.0000000180025095e-35 1.0000000180025095e-35 1.0000000180025095e-35 1.5000000000000002 1.0000000180025095e-35 1.0000000180025095e-35 1.5000000000000002 1.0000000180025095e-35
decision_type=2 2 2 2 2 2 2 2 2 2 2 2 2 2
left_child=1 3 -2 5 -5 6 8 -8 9 11 -11 12 13 -1
right_child=2 -3 -4 4 -6 -7 7 -9 -10 10 -12 -13 -14 -15
leaf_value=0.012692679453702879 0.072763228184333437 0.017973472732331054 -0.0012566811015972271 0.067695243344330983 -0.01623600545439486 0.026381547294415497 0.063394698673828229 -0.039526812200126799 -0.044504948416709246 -0.012633209939138541 -0.053758880499776777 -0.01565464327910622 0.037570739222764653 -0.047797674045975666
leaf_weight=4.4485975652933138 1.0987896071746934 5.9034805856645098 0.76336709689348925 1.2024104613810769 1.3805224150419235 2.0360744036734095 1.7696158867329352 1.6777138262987135 2.4090506918728343 18.356280550360683 2.8090191334485999 7.9095668904483309 3.9223145693540573 2.2445141524076462
leaf_count=22 16 68 14 28 6 15 29 14 9 72 8 32 23 10
internal_value=-0.00299894 -0.00450737 0.0424197 -0.00715291 0.0228358 -0.00878079 -0.0103526 0.0133058 -0.0122899 -0.0103346 -0.0180913 -0.00147234 0.00909491 -0.00759257
internal_weight=57.9313 56.0692 1.86216 50.1657 2.58293 47.5827 45.5467 3.44733 42.0993 39.6903 21.1653 18.525 10.6154 6.69311
internal_count=366 336 30 268 34 234 219 43 176 167 80 87 55 32
is_linear=0
shrinkage=0.05


Tree=60
num_leaves=15
num_cat=0
split_feature=144 145 151 63 110 144 122 137 99 145 73 99 145 152
split_gain=2.13572 2.09054 4.43065 1.41905 1.60166 2.21641 1.86602 1.26822 1.75646 1.09906 2.18102 0.733546 0.81708 0.578889
threshold=3.5000000000000004 3.5000000000000004 1.0000000180025095e-35 1.0000000180025095e-35 1.0000000180025095e-35 2.5000000000000004 1.0000000180025095e-35 1.0000000180025095e-35 1.0000000180025095e-35 1.5000000000000002 1.0000000180025095e-35 1.0000000180025095e-35 1.0000000180025095e-35 1.5000000000000002
decision_type=2 2 2 2 2 2 2 2 2 2 2 2 2 2
left_child=3 2 -2 4 7 -6 -7 9 -9 10 11 12 -1 -10
right_child=1 -3 -4 -5 5 6 -8 8 13 -11 -12 -13 -14 -15
leaf_value=-0.016046005513515631 -0.056952010658193691 0.086744260778557958 0.065853176455679133 0.03506838911618828 -0.044735526583481747 0.041462811038069008 -0.02463330106220854 -0.056352194256251459 -0.0012372356411043234 0.042027631816473843 -0.038130295964083981 0.044379220205392235 0.024403355252496896 -0.029407708190996053
leaf_weight=2.0452113449573508 1.3382224291563027 1.2875669859349725 1.6279601352289317 2.3033662997186175 5.3806522823870164 1.8428471963852642 2.5391464792191982 1.6601671352982545 24.498138934373859 2.5568533688783637 2.2313394285738468 1.9770729094743718 3.2048417925834656 1.970349671319126
leaf_count=8 3 12 37 18 21 15 9 6 165 18 15 15 18 13
internal_value=-0.000525758 0.0335424 0.0104484 -0.00330142 -0.00507232 -0.0232359 0.00316342 -0.000655099 -0.00646343 0.0129426 0.00508018 0.0184212 0.0086459 -0.00333428
internal_weight=56.4637 4.25375 2.96618 52.21 49.9066 9.76265 4.38199 40.144 28.1287 12.0153 9.45847 7.22713 5.25005 26.4685
internal_count=373 52 40 321 303 45 24 258 184 74 56 41 26 178
is_linear=0
shrinkage=0.05


Tree=61
num_leaves=15
num_cat=0
split_feature=152 17 145 43 122 94 65 145 151 151 156 44 144 145
split_gain=1.9194 1.74472 1.59469 1.88514 1.86078 1.47586 2.76394 0.912135 0.826255 3.65528 2.66421 1.65352 5.16382 1.00895
threshold=1.5000000000000002 1.0000000180025095e-35 2.5000000000000004 1.0000000180025095e-35 1.0000000180025095e-35 1.0000000180025095e-35 1.0000000180025095e-35 3.5000000000000004 2.5000000000000004 1.5000000000000002 1.0000000180025095e-35 1.0000000180025095e-35 1.5000000000000002 1.5000000000000002
decision_type=2 2 2 2 2 2 2 2 2 2 2 2 2 2
left_child=1 2 3 5 -4 -1 8 -6 9 11 -11 12 -7 -14
right_child=-2 -3 4 -5 7 6 -8 -9 -10 10 -12 -13 13 -15
leaf_value=-0.040680255239421349 0.059437922521325785 0.05402939259384576 0.068839253949911403 -0.042156749330345897 -0.0075042061944016487 0.076917581650777639 -0.041487453540973773 0.033101537143907588 -0.0013815457565654571 0.080676596348026916 -0.0095918037353905413 -0.031428606684026729 -0.040332492225871132 0.0028128809144384037
leaf_weight=2.2535421494394532 1.4430897422134865 1.5081010628491629 1.5913958903402079 3.0303575284779063 3.6482244580984116 2.1790890619158727 3.5034319236874572 2.2273881677538157 21.041269151493907 2.8614723552018395 1.1442780587822197 3.1581950709223747 2.1718576028943062 3.6026838384568691
leaf_count=10 31 36 24 16 20 15 11 14 122 25 11 12 6 20
internal_value=0.00253024 0.00100722 -0.000518399 -0.00407319 0.020879 -0.00131989 0.000916495 0.00788904 0.00502502 0.0139419 0.0548906 -0.00081984 0.0113342 -0.0134145
internal_weight=55.3644 53.9213 52.4132 44.9462 7.46701 41.9158 39.6623 5.87561 36.1588 15.1176 4.00575 11.1118 7.95363 5.77454
internal_count=373 342 306 248 58 232 222 34 211 89 36 53 41 26
is_linear=0
shrinkage=0.05


Tree=62
num_leaves=15
num_cat=0
split_feature=126 56 145 151 122 44 149 145 122 149 151 96 73 120
split_gain=5.40833 1.72602 1.07748 1.40932 2.94737 1.10504 1.98058 1.27168 1.00296 0.991794 0.539761 1.36926 0.669314 0.572426
threshold=1.0000000180025095e-35 1.0000000180025095e-35 3.5000000000000004 1.0000000180025095e-35 1.0000000180025095e-35 1.0000000180025095e-35 1.0000000180025095e-35 1.5000000000000002 1.0000000180025095e-35 1.0000000180025095e-35 2.5000000000000004 1.0000000180025095e-35 1.0000000180025095e-35 1.0000000180025095e-35
decision_type=2 2 2 2 2 2 2 2 2 2 2 2 2 2
left_child=1 2 3 8 5 6 7 -5 -1 -7 12 13 -8 -12
right_child=-2 -3 -4 4 -6 9 10 -9 -10 -11 11 -13 -14 -15
leaf_value=-0.0063424608456968401 0.040861497157395801 -0.049106410867200495 0.026936269375518025 0.056548295048399179 0.065568875151764114 -0.046842960550670054 -0.0087456504956864266 0.0016431816208133387 -0.030989790291099911 -0.0039446957013258947 0.031194906334596702 -0.015031214678019973 -0.045998291258411227 -0.0010801420877006921
leaf_weight=7.062663860619069 5.8818827681243411 2.6366274300962678 2.1606462951749554 2.1319068334996798 1.498192911967634 2.8757963702082625 3.3695504255592832 2.0870165172964334 9.9315502569079399 2.5350789595395327 2.97992936708033 9.4179198294878006 1.8776285871863363 2.5489001274108887
leaf_count=35 73 12 16 21 21 10 39 13 35 20 38 31 7 10
internal_value=-0.0046307 -0.00966859 -0.00760858 -0.00915339 -0.00286333 -0.00630102 -0.00176992 0.0293878 -0.0207466 -0.0267445 -0.00827942 -0.00343602 -0.022076 0.0163155
internal_weight=58.9953 53.1134 50.4768 48.3161 31.3219 29.8237 24.4129 4.21892 16.9942 5.41088 20.1939 14.9467 5.24718 5.52883
internal_count=381 308 296 280 210 189 159 34 70 30 125 79 46 48
is_linear=0
shrinkage=0.05


Tree=63
num_leaves=15
num_cat=0
split_feature=110 56 10 151 137 120 151 43 99 132 98 65 144 144
split_gain=2.11433 2.32147 2.78369 2.4109 1.38903 1.37213 1.34045 0.975521 0.925494 0.660796 0.390444 0.325594 0.501455 0.259886
threshold=1.0000000180025095e-35 1.0000000180025095e-35 1.0000000180025095e-35 1.5000000000000002 1.0000000180025095e-35 1.0000000180025095e-35 1.0000000180025095e-35 1.0000000180025095e-35 1.0000000180025095e-35 1.0000000180025095e-35 1.0000000180025095e-35 1.0000000180025095e-35 1.5000000000000002 3.5000000000000004
decision_type=2 2 2 2 2 2 2 2 2 2 2 2 2 2
left_child=1 2 3 7 6 10 13 8 11 -6 -4 12 -1 -2
right_child=4 -3 5 -5 9 -7 -8 -9 -10 -11 -12 -13 -14 -15
leaf_value=0.053282422378486953 -0.016071813318660307 -0.047787894876544779 -0.013779947795052944 0.063378973723911811 0.057069954450893516 -0.033993699057308452 -0.04588255791379476 -0.013107586390499549 -0.0020857864001768435 0.0014097935012282199 0.0059025117550076962 0.014608956807393056 0.016869017661253857 0.0036289689792511023
leaf_weight=2.8400467857718459 6.9551355615258199 1.8856157911941398 2.9751487970352235 3.3666282910853615 0.77763913944363516 2.8976861536502829 4.0471572056412688 2.4112262353301039 2.5618171133100978 1.6966342506930232 16.4572474360466 1.584339767694473 1.4173056706786153 2.2046259343624115
leaf_count=18 29 11 15 78 15 9 14 12 15 16 111 8 10 9
internal_value=-6.85907e-06 0.00631122 0.00910514 0.0264293 -0.0154774 -0.00189705 -0.0219184 0.0149268 0.0229708 0.0189032 0.00288908 0.0339591 0.0411601 -0.0113301
internal_weight=54.0783 38.3971 36.5114 14.1814 15.6812 22.3301 13.2069 10.8147 8.40351 2.47427 19.4324 5.84169 4.25735 9.15976
internal_count=370 287 276 141 83 135 52 63 51 31 126 36 28 38
is_linear=0
shrinkage=0.05


Tree=64
num_leaves=15
num_cat=0
split_feature=114 19 25 37 145 98 45 145 145 73 145 151 153 137
split_gain=1.61855 1.25116 1.33719 1.04111 1.10001 1.72158 1.27586 3.10391 0.829958 0.821325 0.568084 2.49385 1.43664 0.907162
threshold=1.0000000180025095e-35 1.0000000180025095e-35 1.0000000180025095e-35 1.0000000180025095e-35 3.5000000000000004 1.0000000180025095e-35 1.0000000180025095e-35 1.5000000000000002 1.5000000000000002 1.0000000180025095e-35 1.5000000000000002 1.0000000180025095e-35 1.0000000180025095e-35 1.0000000180025095e-35
decision_type=2 2 2 2 2 2 2 2 2 2 2 2 2 2
left_child=1 3 -3 4 5 6 10 -8 -7 -9 13 -12 -13 -1
right_child=-2 2 -4 -5 -6 8 7 9 -10 -11 11 12 -14 -15
leaf_value=-0.022068188689576787 0.015832661735279689 0.057374039882000197 -0.024621186709754647 0.025096038000740159 0.023921637836907494 -0.0026571945963615156 0.096051433876977621 -0.051779771008634415 0.038240602157412096 0.014569264807966187 -0.029246334203512265 -0.010009144062176532 0.062803785582242255 -0.047973896995748978
leaf_weight=11.91629098355771 7.7108721956610671 1.3978618411347263 0.7717401860281824 1.9469187818467606 2.0002229614183298 10.059738924726842 0.78523620218038503 1.0474310517311094 1.4149843771010626 0.84088007174432267 7.531530410051344 1.3442079238593581 1.3657218804582951 4.7170756086707106
leaf_count=52 35 22 9 15 14 85 10 4 11 21 29 10 31 17
internal_value=-0.00540393 -0.00887769 0.0282079 -0.0106669 -0.0122853 -0.0140507 -0.0204336 0.0125071 0.00238604 -0.022234 -0.0237106 -0.0144463 0.0266863 -0.0294148
internal_weight=54.8507 47.1398 2.1696 44.9702 43.0233 41.0231 29.5484 2.67355 11.4747 1.88831 26.8748 10.2415 2.70993 16.6334
internal_count=365 330 31 299 284 270 174 35 96 25 139 70 41 69
is_linear=0
shrinkage=0.05


Tree=65
num_leaves=15
num_cat=0
split_feature=150 146 145 145 110 44 132 122 145 46 96 114 145 122
split_gain=1.4765 3.28795 2.85922 1.31436 1.72363 1.95913 1.27798 0.688291 2.42123 0.465573 0.596833 2.17701 0.640776 1.50489
threshold=1.0000000180025095e-35 1.0000000180025095e-35 1.0000000180025095e-35 3.5000000000000004 1.0000000180025095e-35 1.0000000180025095e-35 1.0000000180025095e-35 1.0000000180025095e-35 2.5000000000000004 1.0000000180025095e-35 1.0000000180025095e-35 1.0000000180025095e-35 1.5000000000000002 1.0000000180025095e-35
decision_type=2 2 2 2 2 2 2 2 2 2 2 2 2 2
left_child=3 -2 -3 4 5 6 9 8 -6 10 11 12 13 -1
right_child=1 2 -4 -5 7 -7 -8 -9 -10 -11 -12 -13 -14 -15
leaf_value=0.0016040166692677573 0.077063681161136793 -0.063764072229678101 0.053804803506628078 0.028504603745676704 -0.032137519584817482 -0.037354743595402043 0.032253940916404954 -0.037681050614796374 0.028990508927781457 -0.022718321345019082 -0.01230731927769046 0.067989501443874001 0.02476131949612196 -0.040268532707478336
leaf_weight=14.392083380371341 1.6183054083958262 1.3051486611366274 0.85650351084768761 2.2318877428770056 6.0650730766355974 4.2496225088834754 2.6083249859511843 6.3642124831676474 2.2102715894579887 3.0478081479668608 9.8382773101329821 1.2012271583080281 2.0813506515696636 2.5217590183019629
leaf_count=115 35 3 29 13 25 15 18 20 16 13 34 10 28 10
internal_value=-0.00709087 0.0231682 -0.0171802 -0.00910415 -0.010642 -0.00526267 -0.00144154 -0.0253184 -0.0158108 -0.00409819 -0.00220869 0.00271065 -0.00141749 -0.00463895
internal_weight=60.5919 3.77996 2.16165 56.8119 54.58 39.9405 35.6908 14.6396 8.27534 33.0825 30.0347 20.1964 18.9952 16.9138
internal_count=384 67 32 317 304 243 228 61 41 210 197 163 153 125
is_linear=0
shrinkage=0.05


Tree=66
num_leaves=15
num_cat=0
split_feature=54 145 39 74 46 157 122 110 144 73 128 99 99 144
split_gain=2.24313 2.7933 2.19395 1.39536 1.70326 0.859735 1.26032 2.80902 2.5533 1.89301 1.46872 0.705672 0.705295 1.47
threshold=1.0000000180025095e-35 3.5000000000000004 1.0000000180025095e-35 1.0000000180025095e-35 1.0000000180025095e-35 1.0000000180025095e-35 1.0000000180025095e-35 1.0000000180025095e-35 2.5000000000000004 1.0000000180025095e-35 1.0000000180025095e-35 1.0000000180025095e-35 1.0000000180025095e-35 1.5000000000000002
decision_type=2 2 2 2 2 2 2 2 2 2 2 2 2 2
left_child=1 2 3 4 5 6 8 -8 9 10 11 -1 -7 -14
right_child=-2 -3 -4 -5 -6 12 7 -9 -10 -11 -12 -13 13 -15
leaf_value=0.020840215499048204 -0.012608492165245606 0.081159279656836197 0.068440739670409825 -0.027348513679969828 0.061873633362874374 -0.065457941530110558 0.033496737667348814 -0.036134377088130457 0.068826483278098163 -0.034434800996953667 0.054741689982735077 -0.0096633125836714986 -0.065876974521955733 0.05453135949933189
leaf_weight=3.889592260122309 22.886914173141122 1.2582005411386479 1.3001258959993709 3.5324300341308108 1.3050666823983181 0.78867176175117482 2.2053382508456698 4.2198809534311295 1.8741647955030192 2.324420139193534 1.9378943406045435 3.6992627866566279 0.48121461272239574 0.5356147475540638
leaf_count=23 129 14 22 15 9 2 17 14 46 13 17 17 1 23
internal_value=-0.000875063 0.00827399 0.00500976 0.00193185 0.00637836 0.00307972 0.00604135 -0.0122348 0.0145969 0.00602096 0.0158917 0.00597097 -0.0299739 -0.0024519
internal_weight=52.2388 29.3519 28.0937 26.7936 23.2611 21.9561 20.1506 6.42522 13.7253 11.8512 9.52675 7.58886 1.8055 1.01683
internal_count=362 233 219 197 182 173 147 31 116 70 57 40 26 24
is_linear=0
shrinkage=0.05


Tree=67
num_leaves=15
num_cat=0
split_feature=63 144 111 43 145 146 145 148 111 114 122 39 68 144
split_gain=5.57865 1.40752 1.97452 1.24646 1.36254 1.30896 0.825976 1.14712 1.15138 2.62762 0.390003 0.358655 0.648988 0.709338
threshold=1.0000000180025095e-35 2.5000000000000004 1.0000000180025095e-35 1.0000000180025095e-35 1.5000000000000002 1.0000000180025095e-35 1.5000000000000002 1.0000000180025095e-35 1.0000000180025095e-35 1.0000000180025095e-35 1.0000000180025095e-35 1.0000000180025095e-35 1.0000000180025095e-35 1.0000000180025095e-35
decision_type=2 2 2 2 2 2 2 2 2 2 2 2 2 2
left_child=1 2 3 4 5 11 -3 8 9 -8 -10 12 13 -1
right_child=-2 6 -4 -5 -6 -7 7 -9 10 -11 -12 -13 -14 -15
leaf_value=-0.026949659631038087 0.085286445616871057 -0.030991285930795549 -0.051523616583522405 -0.04145001421466965 0.030855619463234514 -0.048176293492976703 0.053042318572259252 0.045591640693632501 0.0060237310826789662 -0.0027376224897540644 -0.020687507813587705 -0.011882653082974143 0.028593056105840342 0.0032241103601426467
leaf_weight=2.6117323040962308 1.7156850304454554 1.5413417965173746 2.9593071304261676 2.6679686810821286 2.338508825749158 1.9696049392223347 2.992851706221705 1.7529002726078022 1.9157989369705308 7.1676315292716026 4.7663370743393898 12.023711685091257 1.7376630380749709 7.6614013314247131
leaf_count=10 24 12 11 13 19 10 57 20 16 27 18 86 10 46
internal_value=-0.00347763 -0.00629228 -0.0125013 -0.00877739 -0.00570183 -0.00898938 0.00418196 0.00709739 0.0030911 0.0136928 -0.0130293 -0.00577805 0.000333117 -0.00444695
internal_weight=55.8224 54.1068 33.9699 31.0106 28.3426 26.0041 20.1369 18.5955 16.8426 10.1605 6.68214 24.0345 12.0108 10.2731
internal_count=379 355 205 194 181 162 150 138 118 84 34 152 66 56
is_linear=0
shrinkage=0.05


Tree=68
num_leaves=15
num_cat=0
split_feature=45 144 156 144 144 65 99 144 147 144 43 145 96 151
split_gain=2.15331 2.03762 2.33677 1.18713 1.00729 0.877118 1.04081 0.817483 0.587027 0.792172 1.12899 1.97199 1.03081 2.37195
threshold=1.0000000180025095e-35 1.5000000000000002 1.0000000180025095e-35 1.0000000180025095e-35 1.5000000000000002 1.0000000180025095e-35 1.0000000180025095e-35 3.5000000000000004 1.0000000180025095e-35 2.5000000000000004 1.0000000180025095e-35 1.5000000000000002 1.0000000180025095e-35 1.5000000000000002
decision_type=2 2 2 2 2 2 2 2 2 2 2 2 2 2
left_child=1 3 7 -1 -2 6 -5 8 9 10 11 -3 13 -11
right_child=4 2 -4 5 -6 -7 -8 -9 -10 12 -12 -13 -14 -15
leaf_value=0.0081535748110130937 0.10635463000923646 0.0011302494721762684 0.059516678355453212 0.0054748912687450956 0.024024673172814825 -0.052048135480393887 -0.031630555067048774 0.019766979122269324 -0.029773528864351313 0.00013439751341815494 -0.035292708628868727 0.051435354370727694 -0.0004297360487265328 -0.062991280148975495
leaf_weight=2.765659794211385 0.57003091648220916 10.559265710413454 1.6109144408255804 2.7012651115655881 1.0668225558474658 2.9144386798143396 6.2918424252420664 3.8462182506918898 2.1636022087186566 3.5033912882208815 1.5086352229118354 2.3888791538774958 9.6921235024929047 2.5869387537240982
leaf_count=14 6 83 53 13 29 12 31 25 10 18 6 17 37 9
internal_value=-0.00377902 -0.0055387 0.000591684 -0.0213564 0.0526959 -0.0282104 -0.0204852 -0.00202695 -0.00461389 -0.00281373 0.00564189 0.0104113 -0.0105591 -0.026679
internal_weight=54.17 52.5332 37.86 14.6732 1.63685 11.9075 8.99311 36.2491 32.4028 30.2392 14.4568 12.9481 15.7825 6.09033
internal_count=363 328 258 70 35 56 44 205 180 170 106 100 64 27
is_linear=0
shrinkage=0.05


Tree=69
num_leaves=15
num_cat=0
split_feature=152 132 94 40 111 144 144 120 150 98 145 146 15 43
split_gain=3.7292 1.45484 1.37892 0.964077 1.0448 1.57387 0.910358 0.74434 0.857725 1.7458 2.78254 1.38109 0.819617 0.719494
threshold=1.0000000180025095e-35 1.0000000180025095e-35 1.0000000180025095e-35 1.0000000180025095e-35 1.0000000180025095e-35 2.5000000000000004 2.5000000000000004 1.0000000180025095e-35 1.0000000180025095e-35 1.0000000180025095e-35 1.5000000000000002 1.5000000000000002 1.0000000180025095e-35 1.0000000180025095e-35
decision_type=2 2 2 2 2 2 2 2 2 2 2 2 2 2
left_child=2 7 -1 4 5 13 -6 8 9 10 -2 -10 -12 -4
right_child=1 -3 3 -5 6 -7 -8 -9 11 -11 12 -13 -14 -15
leaf_value=-0.047713588051407525 -0.060676664908834471 0.065257850734363312 0.0036253514080602949 -0.040497100762734259 -0.040092632544061584 0.047480459855736401 -0.0071855416436540608 0.041529111720667013 0.077615289372126361 0.014440597027446498 0.073285149493249269 -0.018989404698179849 -0.0049055421821614454 -0.027111862830498202
leaf_weight=2.2484885817393687 2.104135677218451 1.4280747538432468 10.540200244635345 1.9863565117120732 2.9248488619923592 1.8427734971046454 7.4680008618161082 2.1181257963180533 1.0961056724190701 16.079603500664234 0.62479490414261796 0.55847270321100939 0.72296023741364479 2.3235806040465823
leaf_count=10 5 30 61 7 12 14 34 11 30 108 25 9 5 12
internal_value=0.00196896 0.01627 -0.0100886 -0.00696518 -0.00431148 0.00426416 -0.0164465 0.0132681 0.0104426 0.00751447 -0.0247488 0.0450081 0.0313422 -0.0019267
internal_weight=54.0665 24.7323 29.3342 27.0858 25.0994 14.7066 10.3928 23.3042 21.1861 19.5315 3.45189 1.65458 1.34776 12.8638
internal_count=373 223 150 140 133 87 46 193 182 143 35 39 30 73
is_linear=0
shrinkage=0.05


Tree=70
num_leaves=15
num_cat=0
split_feature=132 145 39 44 110 45 110 128 41 120 110 12 149 46
split_gain=1.09184 0.94921 0.868058 1.2691 2.10995 0.628463 1.05571 0.512336 0.372758 0.373963 0.538369 1.25319 1.63838 1.39881
threshold=1.0000000180025095e-35 1.0000000180025095e-35 1.0000000180025095e-35 1.0000000180025095e-35 1.0000000180025095e-35 1.0000000180025095e-35 1.0000000180025095e-35 1.0000000180025095e-35 1.0000000180025095e-35 1.0000000180025095e-35 1.0000000180025095e-35 1.0000000180025095e-35 1.0000000180025095e-35 1.0000000180025095e-35
decision_type=2 2 2 2 2 2 2 2 2 2 2 2 2 2
left_child=1 7 3 4 -2 8 -7 -1 9 10 11 12 13 -3
right_child=2 5 -4 -5 -6 6 -8 -9 -10 -11 -12 -13 -14 -15
leaf_value=-0.040942814694767578 0.080412522144095555 0.019284063121832392 -0.025107414943225034 -0.015040486614505228 0.0032347984478088981 0.060842693123244362 -0.015588134737351956 -0.012974907442711601 -0.029392539850827945 -0.024266739748842938 -0.017008024445961195 -0.010316912003748742 0.067652557516725095 -0.027262750323547885
leaf_weight=3.5277949273586264 1.5825291974470013 5.0107014402747172 1.3105861023068426 1.7162752114236353 2.010847007855773 0.87304238881915697 0.93638651445508003 3.0559303462505341 2.0902982875704756 3.1250727474689475 8.654129780828951 17.405757144093513 1.1835771002806721 2.3810349851846695
leaf_count=13 20 42 13 8 15 27 6 12 13 11 45 104 24 10
internal_value=-0.00770594 -0.0103188 0.0113351 0.0203302 0.037224 -0.00753075 0.0212894 -0.0279611 -0.00883934 -0.00770157 -0.00620693 -0.00260915 0.0130357 0.00429035
internal_weight=54.864 48.2437 6.62024 5.30965 3.59338 41.66 1.80943 6.58373 39.8506 37.7603 34.6352 25.9811 8.57531 7.39174
internal_count=363 307 56 43 35 282 33 25 249 236 225 180 76 52
is_linear=0
shrinkage=0.05


Tree=71
num_leaves=15
num_cat=0
split_feature=144 120 46 142 151 144 144 122 114 146 151 39 137 148
split_gain=2.30862 1.79316 1.74568 0.956864 0.986456 1.39947 0.773127 2.02458 2.58402 1.62241 2.31044 0.68235 2.91855 2.38492
threshold=2.5000000000000004 1.0000000180025095e-35 1.0000000180025095e-35 1.0000000180025095e-35 1.0000000180025095e-35 1.0000000180025095e-35 3.5000000000000004 1.0000000180025095e-35 1.0000000180025095e-35 1.0000000180025095e-35 1.0000000180025095e-35 1.0000000180025095e-35 1.0000000180025095e-35 1.0000000180025095e-35
decision_type=2 2 2 2 2 2 2 2 2 2 2 2 2 2
left_child=1 3 6 4 -1 -6 7 8 -2 -8 -11 12 13 -7
right_child=2 -3 -4 -5 5 11 9 -9 -10 10 -12 -13 -14 -15
leaf_value=-0.017586489023418441 0.067934224797873186 0.039996101328438755 -0.017594928832944053 -0.036616994316754511 0.050993838902162747 0.032177142984367461 0.076566158013460783 -0.019051401277956362 0.012258155263014684 -0.072067214545991201 0.072630519292308057 -0.011408363944787421 0.067960707506051654 -0.038385433850975335
leaf_weight=10.50979209691287 2.9715266004204768 2.0430720001459113 3.0864146146923295 2.7336388053372493 1.3388363420963294 2.0399800240993491 1.7744473698548966 2.8286095280200234 6.9774734675884247 0.55886948108673073 0.54480908904224634 8.7994312569499016 1.627470053732395 2.8994463831186295
leaf_count=48 58 10 17 13 8 21 23 16 29 1 21 72 18 12
internal_value=0.00283798 -0.00532575 0.016773 -0.00841757 -0.00558505 0.00196547 0.0235483 0.018275 0.0288873 0.0469598 -0.000640041 -0.00230627 0.00989025 -0.00924313
internal_weight=50.7338 31.9917 18.7422 29.9486 27.215 16.7052 15.6557 12.7776 9.949 2.87813 1.10368 15.3663 6.5669 4.93943
internal_count=367 202 165 192 179 131 148 103 87 45 22 123 51 33
is_linear=0
shrinkage=0.05


Tree=72
num_leaves=15
num_cat=0
split_feature=45 20 114 146 122 96 156 146 43 12 94 128 73 145
split_gain=1.66235 1.07257 1.03855 1.02487 0.976273 0.818227 1.4403 1.73194 0.576389 0.559795 0.767742 0.827538 2.66275 0.550637
threshold=1.0000000180025095e-35 1.0000000180025095e-35 1.0000000180025095e-35 1.0000000180025095e-35 1.0000000180025095e-35 1.0000000180025095e-35 1.0000000180025095e-35 1.0000000180025095e-35 1.0000000180025095e-35 1.0000000180025095e-35 1.0000000180025095e-35 1.0000000180025095e-35 1.0000000180025095e-35 1.0000000180025095e-35
decision_type=2 2 2 2 2 2 2 2 2 2 2 2 2 2
left_child=1 2 5 -3 -2 6 8 -8 9 10 -1 -12 -13 -11
right_child=4 3 -4 -5 -6 -7 7 -9 -10 13 11 12 -14 -15
leaf_value=-0.032966808789248445 0.086469027659185738 0.076134259880550045 0.012318495231081715 -0.0085223531504298837 -0.00031590372415827986 0.025715544231543333 0.068538446879746154 -0.01876907769637259 -0.030300726828453542 -0.046332935740149184 -0.0045776079755084275 0.077544506055406526 -0.02549747324607804 -0.0131924683294233
leaf_weight=2.0401264354586628 0.85447193309664615 0.84027973562478908 8.8036492392420751 0.62225911766290665 0.52204215992242098 1.8775784969329823 1.2973583629354828 1.010428520850837 3.3109286949038497 1.412111610174178 17.811292909085754 1.2557839527726165 1.2520745024085045 11.151642821729181
leaf_count=8 27 14 40 14 4 13 26 15 16 5 81 13 10 89
internal_value=-0.000686757 -0.00210395 -0.00330943 0.0401158 0.0535559 -0.00655283 -0.00804725 0.0303122 -0.0103626 -0.00847235 -0.0037271 -0.000791308 0.0260997 -0.0169173
internal_weight=54.062 52.6855 51.223 1.46254 1.37651 42.4193 40.5417 2.30779 38.234 34.923 22.3593 20.3192 2.50786 12.5638
internal_count=375 344 316 28 31 276 263 41 222 206 112 104 23 94
is_linear=0
shrinkage=0.05


Tree=73
num_leaves=15
num_cat=0
split_feature=126 122 151 144 144 151 145 111 142 144 156 39 152 98
split_gain=4.48061 0.668042 1.51879 2.6182 1.76259 1.09108 0.955237 0.76141 0.702346 0.990088 2.54138 0.404001 2.46175 0.862229
threshold=1.0000000180025095e-35 1.0000000180025095e-35 1.0000000180025095e-35 1.0000000180025095e-35 1.0000000180025095e-35 1.5000000000000002 1.5000000000000002 1.0000000180025095e-35 1.0000000180025095e-35 1.5000000000000002 1.0000000180025095e-35 1.0000000180025095e-35 1.0000000180025095e-35 1.0000000180025095e-35
decision_type=2 2 2 2 2 2 2 2 2 2 2 2 2 2
left_child=1 2 4 -4 -1 6 -3 -8 11 -10 -11 12 -5 -13
right_child=-2 5 3 8 -6 -7 7 -9 9 10 -12 13 -14 -15
leaf_value=-0.027573426451493452 0.037719521311115778 -0.03602490210741021 0.053105393977899054 -0.018378083301951089 0.027879974643985013 -0.053756886443234002 0.011741542419501559 -0.01807800522905249 -0.068324760637803281 -0.065053703967855966 0.052919228949459308 -0.043890377148635848 0.047279410655461263 -0.0122320941720645
leaf_weight=1.9446399584412564 5.3043356221169224 3.5406674593687049 1.4692623093724275 6.1998297572135979 5.4460021369159222 2.0222119204699984 3.7601354718208295 4.9704648144543171 1.4311451613903039 1.0335662979632614 0.81763544678688038 2.5135212512686858 1.8547150501981375 14.901294346898794
leaf_count=8 67 14 8 30 33 15 25 19 3 4 39 14 36 58
internal_value=-0.00605224 -0.0105254 -0.00702858 -0.0119973 0.013289 -0.0197269 -0.014119 -0.00523518 -0.0153242 -0.0370928 -0.0129476 -0.0125188 -0.00325917 -0.0168014
internal_weight=57.2094 51.9051 37.6116 30.221 7.39064 14.2935 12.2713 8.7306 28.7517 3.28235 1.8512 25.4694 8.05454 17.4148
internal_count=373 306 233 192 41 73 58 44 184 46 43 138 66 72
is_linear=0
shrinkage=0.05


Tree=74
num_leaves=15
num_cat=0
split_feature=126 144 149 152 145 110 122 145 99 46 10 144 39 144
split_gain=3.44332 1.32875 0.955746 1.36426 0.65971 0.650616 1.1016 0.872425 1.52032 0.809904 3.76353 0.885934 0.728727 0.688025
threshold=1.0000000180025095e-35 1.5000000000000002 1.0000000180025095e-35 1.0000000180025095e-35 3.5000000000000004 1.0000000180025095e-35 1.0000000180025095e-35 2.5000000000000004 1.0000000180025095e-35 1.0000000180025095e-35 1.0000000180025095e-35 2.5000000000000004 1.0000000180025095e-35 2.5000000000000004
decision_type=2 2 2 2 2 2 2 2 2 2 2 2 2 2
left_child=1 2 -1 -4 5 9 7 13 -9 10 12 -12 -3 -7
right_child=-2 4 3 -5 -6 6 -8 8 -10 -11 11 -13 -14 -15
leaf_value=-0.024212198293493182 0.038591361917357514 0.07072814746555281 -0.024568979962815173 0.03396891963338159 0.027715135736030003 0.0068225006190166517 -0.028240493368394726 0.077551557472647498 -0.0059870476540766927 -0.018448479329249916 0.020258604975008861 -0.0081424880032354291 -0.0035173478143937357 -0.034465563022876088
leaf_weight=10.149249482899902 5.4956209100782862 2.5705678872764159 1.9910465776920312 1.9902416318655012 2.3561188480816773 2.5411934554576892 4.5813900083303452 0.93835240602493297 1.2979987598955631 2.9872600100934497 3.698725499212741 10.657886211760342 0.3792554885149001 1.6734869573265312
leaf_count=49 67 67 8 12 18 15 17 8 18 15 20 42 7 10
internal_value=0.00110923 -0.00319898 -0.0160678 0.00469405 0.00219982 0.000280752 -0.00949217 0.00382251 0.029065 0.00559368 0.00974359 -0.000825452 0.0611825 -0.0095714
internal_weight=53.3084 47.8128 14.1305 3.98129 33.6822 31.3261 11.0324 6.45103 2.23635 20.2937 17.3064 14.3566 2.94982 4.21468
internal_count=373 306 69 20 237 219 68 51 26 151 136 62 74 25
is_linear=0
shrinkage=0.05


Tree=75
num_leaves=15
num_cat=0
split_feature=145 122 98 120 111 45 145 73 128 132 145 110 158 96
split_gain=0.86632 2.95248 1.71092 1.1848 0.771393 0.84222 1.75964 0.659938 1.93809 1.28652 0.632945 0.452419 0.542594 0.284837
threshold=2.5000000000000004 1.0000000180025095e-35 1.0000000180025095e-35 1.0000000180025095e-35 1.0000000180025095e-35 1.0000000180025095e-35 1.5000000000000002 1.0000000180025095e-35 1.0000000180025095e-35 1.0000000180025095e-35 3.5000000000000004 1.0000000180025095e-35 1.0000000180025095e-35 1.0000000180025095e-35
decision_type=2 2 2 2 2 2 2 2 2 2 2 2 2 2
left_child=2 -2 4 13 5 7 -7 8 11 -10 -3 12 -1 -4
right_child=1 10 3 -5 -6 6 -8 -9 9 -11 -12 -13 -14 -15
leaf_value=-0.036460739653825472 0.065809479413028102 -0.018162590371979183 0.014043604477100961 -0.026798615425024364 -0.038011627116275752 0.097035061828565222 -0.018947160816289919 -0.039475132824804908 0.00076252079213953695 0.068429887004520615 0.016551622437998875 -0.043307853272413446 -0.010870401214815481 0.0012702318536266565
leaf_weight=2.7852808684110704 1.7926797419786442 4.1609799657016993 7.8460820633918091 3.0515064597129813 3.8869406245648852 0.51657774299383052 0.8912290963344276 2.6770937405526629 2.2971606156788758 1.0118098319508138 1.9185043107718227 1.9996802695095546 8.0817063497379458 9.8353514932096004
leaf_count=11 37 23 88 10 19 8 21 11 23 18 13 9 43 40
internal_value=-0.00587924 0.00941996 -0.00856276 0.00197291 -0.0176087 -0.0136944 0.0236111 -0.0164801 -0.0126744 0.0214537 -0.00720782 -0.0214513 -0.0174294 0.00693838
internal_weight=52.7526 7.87216 44.8804 20.7329 24.1475 20.2605 1.40781 18.8527 16.1756 3.30897 6.07948 12.8667 10.867 17.6814
internal_count=374 73 301 138 163 144 29 115 104 41 36 63 54 128
is_linear=0
shrinkage=0.05


Tree=76
num_leaves=15
num_cat=0
split_feature=144 98 46 41 12 152 154 98 142 43 44 111 148 145
split_gain=1.06986 2.45492 2.34088 0.804059 1.05631 2.08903 1.44181 1.4014 1.37605 1.30423 0.653965 1.96056 1.84395 0.519712
threshold=3.5000000000000004 1.0000000180025095e-35 1.0000000180025095e-35 1.0000000180025095e-35 1.0000000180025095e-35 1.0000000180025095e-35 1.0000000180025095e-35 1.0000000180025095e-35 1.0000000180025095e-35 1.0000000180025095e-35 1.0000000180025095e-35 1.0000000180025095e-35 1.0000000180025095e-35 1.5000000000000002
decision_type=2 2 2 2 2 2 2 2 2 2 2 2 2 2
left_child=3 2 -2 4 5 6 9 -6 -7 10 11 12 -1 -9
right_child=1 -3 -4 -5 7 8 -8 13 -10 -11 -12 -13 -14 -15
leaf_value=0.012208076526829856 0.071551497904031411 -0.056753863767518675 -0.010771997514025666 -0.041084568625792545 -0.043415669482471692 0.072688545363865015 -0.045870608591103479 -0.0018595841693380506 -0.00087569039963409766 -0.031643980174334889 -0.014682394860836952 -0.02107588771122557 0.071279014875471711 -0.017689385977208521
leaf_weight=8.2695605847984659 2.036105819977819 0.87849744595587242 1.4994283467531206 1.7333084405399848 3.4268906880170134 1.5726932031102472 1.8910300191491831 11.610814344137907 1.0669372100383041 2.8195809200406066 3.3514585494995108 3.6934293322265139 1.5723038194701082 9.3689054921269417
leaf_count=52 43 4 9 12 20 34 9 90 15 13 15 16 13 32
internal_value=-0.0055528 0.0180507 0.0366379 -0.00762094 -0.00642854 0.000965259 -0.0041666 -0.013771 0.0429539 -0.000164658 0.00509144 0.00998762 0.0216451 -0.00892869
internal_weight=54.7909 4.41403 3.53553 50.3769 48.6436 24.237 21.5974 24.4066 2.63963 19.7063 16.8868 13.5353 9.84186 20.9797
internal_count=377 56 52 321 309 167 118 142 49 109 96 81 65 122
is_linear=0
shrinkage=0.05


Tree=77
num_leaves=15
num_cat=0
split_feature=41 111 46 15 156 73 144 12 99 43 120 144 137 114
split_gain=1.81401 1.04 0.974367 0.888855 0.803011 0.730882 1.19802 0.617559 0.602525 0.560368 0.651708 0.561388 2.06858 1.2385
threshold=1.0000000180025095e-35 1.0000000180025095e-35 1.0000000180025095e-35 1.0000000180025095e-35 1.0000000180025095e-35 1.0000000180025095e-35 3.5000000000000004 1.0000000180025095e-35 1.0000000180025095e-35 1.0000000180025095e-35 1.0000000180025095e-35 2.5000000000000004 1.0000000180025095e-35 1.0000000180025095e-35
decision_type=2 2 2 2 2 2 2 2 2 2 2 2 2 2
left_child=1 3 5 4 9 6 8 -6 -3 10 11 12 -1 -13
right_child=-2 2 -4 -5 7 -7 -8 -9 -10 -11 -12 13 -14 -15
leaf_value=0.001581426258365637 -0.04618886561833755 0.0015341925027872036 -0.048828631035460639 -0.022720931645291917 0.061653132524803748 -0.033393023861815023 0.034202157312194448 -0.0079435971030261988 -0.031962173363489145 -0.016740755526634461 -0.013506241813029497 0.028562511735678586 0.034666725575499935 -0.010067170490377107
leaf_weight=11.931077748537065 2.0757142184302202 3.6639870889484873 1.5451828856021173 2.6583086960017672 1.13483609817922 1.9579969719052313 1.9943004739470778 0.4432353083975612 2.1188979633152458 2.5899604856967917 3.3569368422031394 2.8441589549183863 7.821388501673936 7.6712978184223175
leaf_count=67 11 19 5 19 30 10 25 9 11 14 12 34 81 26
internal_value=-0.000357475 0.0014815 -0.0119435 0.00522523 0.00719093 -0.00608899 0.000785124 0.0421054 -0.0107392 0.00566952 0.00739567 0.00971385 0.0146822 0.000381159
internal_weight=53.8073 51.7316 11.2804 40.4512 37.7929 9.73518 7.77719 1.57807 5.78289 36.2148 33.6249 30.2679 19.7525 10.5155
internal_count=373 362 70 292 273 65 55 39 30 234 220 208 148 60
is_linear=0
shrinkage=0.05


Tree=78
num_leaves=15
num_cat=0
split_feature=122 145 63 110 145 144 43 111 149 128 146 120 144 54
split_gain=1.58262 3.21886 1.10739 1.08797 2.38766 1.00722 0.90935 0.822985 1.19832 1.86584 0.871465 0.481909 0.38001 0.280962
threshold=1.0000000180025095e-35 2.5000000000000004 1.0000000180025095e-35 1.0000000180025095e-35 1.5000000000000002 3.5000000000000004 1.0000000180025095e-35 1.0000000180025095e-35 1.0000000180025095e-35 1.0000000180025095e-35 1.0000000180025095e-35 1.0000000180025095e-35 1.0000000180025095e-35 1.0000000180025095e-35
decision_type=2 2 2 2 2 2 2 2 2 2 2 2 2 2
left_child=1 2 7 4 -2 -5 -6 8 9 12 11 13 -1 -10
right_child=3 -3 -4 5 6 -7 -8 -9 10 -11 -12 -13 -14 -15
leaf_value=-0.015055768878524389 -0.028778461884908565 0.067400381226135689 0.031646429107259073 -0.049961233388368109 0.063529095090451751 -0.012023531353516959 0.0029044392710903567 -0.030015120249605245 0.012952744379340379 0.064691975317346953 -0.042734373566790801 -0.024728329576260928 0.01032721663606993 -0.005594231989364656
leaf_weight=2.1795617565512675 4.1734264045953733 1.6677451292052854 2.1009960095398119 4.1070999465882778 1.2369057200849056 3.0478283874690533 1.2372810803353786 3.1716849319636813 2.3315324764698842 1.4470961764454839 1.7730844561010588 3.0469980388879767 4.5582703221589327 16.43940994143486
leaf_count=10 17 35 19 14 18 14 9 16 19 24 28 10 25 103
internal_value=-0.00573291 -0.000550491 -0.0036093 -0.0202697 -0.00570606 -0.0338007 0.0332122 -0.00572882 -0.00330471 0.0131797 -0.00902398 -0.00628443 0.0021163 -0.00329052
internal_weight=52.5189 38.7164 37.0486 13.8025 6.64761 7.15493 2.47419 34.9476 31.776 8.18493 23.591 21.8179 6.73783 18.7709
internal_count=361 289 254 72 44 28 27 235 219 59 160 132 35 122
is_linear=0
shrinkage=0.05


Tree=79
num_leaves=15
num_cat=0
split_feature=145 110 128 152 151 144 122 151 144 120 145 12 142 122
split_gain=1.82854 1.7215 3.10443 2.44057 1.17079 1.18214 1.23165 0.973332 0.567264 0.451938 0.394208 0.194788 0.390565 0.57064
threshold=1.5000000000000002 1.0000000180025095e-35 1.0000000180025095e-35 1.0000000180025095e-35 1.5000000000000002 3.5000000000000004 1.0000000180025095e-35 2.5000000000000004 1.0000000180025095e-35 1.0000000180025095e-35 2.5000000000000004 1.0000000180025095e-35 1.0000000180025095e-35 1.0000000180025095e-35
decision_type=2 2 2 2 2 2 2 2 2 2 2 2 2 2
left_child=7 2 -2 4 5 6 -3 8 -1 -9 -5 12 13 -10
right_child=1 3 -4 10 -6 -7 -8 9 11 -11 -12 -13 -14 -15
leaf_value=0.0020512763679615075 0.074718119511195877 0.0024914525767799831 0.0080337738005236067 0.074645215592969091 -0.049480834597427067 0.022608107440931818 -0.039814632047235045 0.0047387368332092094 -0.0086813214117700474 -0.017283795684465884 0.02680134276484275 -0.038229552746129179 -0.041590239523996902 -0.033408556077024636
leaf_weight=2.481739696115258 2.1480009509250513 3.6021875925362092 9.30984873091802 0.81381443329155512 1.9711311794817437 2.4685090593993664 3.293121449649334 8.5870890170335787 6.5494029540568572 3.1969162225723258 0.91417224984616041 2.0219662077724925 2.0139123061671844 3.6243543773889542
leaf_count=13 26 20 78 11 9 14 12 92 36 11 18 14 11 15
internal_value=-0.00361914 0.00638934 0.0205351 -0.00601827 -0.0144566 -0.0070838 -0.0177135 -0.0122377 -0.0200049 -0.00123582 0.0493339 -0.023857 -0.0214726 -0.0174903
internal_weight=52.9962 24.5208 11.4578 13.0629 11.3349 9.36382 6.89531 28.4754 16.6914 11.784 1.72799 14.2096 12.1877 10.1738
internal_count=380 188 104 84 55 46 32 192 89 103 29 76 62 51
is_linear=0
shrinkage=0.05


Tree=80
num_leaves=15
num_cat=0
split_feature=122 142 145 150 145 111 74 65 96 145 128 145 149 137
split_gain=1.14102 1.33455 2.14557 1.97192 1.87771 1.37068 1.02276 0.993729 0.848384 0.728714 0.691561 2.24017 0.999472 1.02872
threshold=1.0000000180025095e-35 1.0000000180025095e-35 2.5000000000000004 1.0000000180025095e-35 1.0000000180025095e-35 1.0000000180025095e-35 1.0000000180025095e-35 1.0000000180025095e-35 1.0000000180025095e-35 2.5000000000000004 1.0000000180025095e-35 1.0000000180025095e-35 1.0000000180025095e-35 1.0000000180025095e-35
decision_type=2 2 2 2 2 2 2 2 2 2 2 2 2 2
left_child=1 2 5 -3 -5 8 7 -2 10 -9 -1 -12 -13 -14
right_child=6 3 -4 4 -6 -7 -8 9 -10 -11 11 12 13 -15
leaf_value=0.0038920039981817332 -0.0298683622836593 -0.077190183236564611 0.067707306441863971 -0.037050346089458251 0.058825620301913878 -0.022623440409821255 0.022803463010641095 -0.016764127549952899 -0.0031263919719813349 0.029474614966643164 0.08366720295158056 0.06071848276299803 -0.036249527444256961 0.015377383936223999
leaf_weight=9.0683290120214224 6.7824936248362029 1.1872326731681817 1.4255242031067599 1.207947909832001 0.88470074464566995 3.9492843337357035 1.7332482170313603 1.9943870166316631 10.335195668041708 1.487699072808027 1.3187745809555043 1.0619819797575463 1.085409715771674 8.6913331625983119
leaf_count=50 33 2 22 4 40 20 12 12 39 11 9 20 4 87
internal_value=0.000809778 0.00484696 0.00756118 -0.0257188 0.00348275 0.00514668 -0.0127225 -0.0187213 0.0086216 0.00299108 0.0143419 0.0221365 0.0146499 0.00964579
internal_weight=52.2135 40.2157 36.9358 3.27988 2.09265 35.5103 11.9978 10.2646 31.561 3.48209 21.2258 12.1575 10.8387 9.77674
internal_count=365 297 251 46 44 229 68 56 209 23 170 120 111 91
is_linear=0
shrinkage=0.05


Tree=81
num_leaves=15
num_cat=0
split_feature=145 41 43 145 56 145 99 54 152 68 111 132 122 99
split_gain=0.669805 0.947124 0.840352 0.440729 0.260048 1.12507 1.65479 0.416776 0.930801 2.37302 0.66474 0.629607 0.636405 0.500973
threshold=3.5000000000000004 1.0000000180025095e-35 1.0000000180025095e-35 1.5000000000000002 1.0000000180025095e-35 1.0000000180025095e-35 1.0000000180025095e-35 1.0000000180025095e-35 1.0000000180025095e-35 1.0000000180025095e-35 1.0000000180025095e-35 1.0000000180025095e-35 1.0000000180025095e-35 1.0000000180025095e-35
decision_type=2 2 2 2 2 2 2 2 2 2 2 2 2 2
left_child=1 2 4 -4 5 6 -1 8 10 -10 11 12 13 -7
right_child=-2 -3 3 -5 -6 7 -8 -9 9 -11 -12 -13 -14 -15
leaf_value=-0.010198080655127095 0.023298353399637733 -0.037952347733667825 -0.053445984062903643 -0.014525007732896217 -0.020581941824795877 0.044037671990545618 0.054730469883728594 -0.0089957319205775394 0.068894033080753203 -0.013203075855950264 -0.018901682414320903 -0.014375351884235369 -0.0019658295838450419 0.0066757537173142189
leaf_weight=1.8492597341537478 2.1572818853892377 2.108880117069929 1.1467532217502587 1.9887618410866705 1.8071577893570054 1.8896929398179081 2.0908432602882376 19.3992750197649 1.6289933351799837 1.9149011811241508 5.0176292657852164 3.6509574786759904 4.4606491606682539 1.7083095908165005
leaf_count=8 18 12 8 18 11 12 13 117 60 19 22 19 25 14
internal_value=-0.00398738 -0.00514925 -0.00372447 -0.0287596 -0.00199611 -0.00122594 0.0242567 -0.0037569 0.00125661 0.0245338 -0.00367499 0.00284973 0.0106535 0.0262985
internal_weight=52.8193 50.6621 48.5532 3.13552 45.4177 43.6105 3.9401 39.6704 20.2711 3.54389 16.7272 11.7096 8.05865 3.598
internal_count=376 358 346 26 320 309 21 288 171 79 92 70 51 26
is_linear=0
shrinkage=0.05


Tree=82
num_leaves=15
num_cat=0
split_feature=122 145 146 65 145 151 132 39 120 114 126 46 145 132
split_gain=1.07957 1.90237 1.04039 0.944521 1.08835 0.908416 0.837606 0.810844 0.567159 0.588704 0.970406 0.508126 0.523639 0.492094
threshold=1.0000000180025095e-35 2.5000000000000004 1.0000000180025095e-35 1.0000000180025095e-35 1.0000000180025095e-35 1.5000000000000002 1.0000000180025095e-35 1.0000000180025095e-35 1.0000000180025095e-35 1.0000000180025095e-35 1.0000000180025095e-35 1.0000000180025095e-35 2.5000000000000004 1.0000000180025095e-35
decision_type=2 2 2 2 2 2 2 2 2 2 2 2 2 2
left_child=1 2 3 4 -1 11 -4 13 9 10 -9 12 -2 -6
right_child=5 -3 6 -5 7 -7 -8 8 -10 -11 -12 -13 -14 -15
leaf_value=0.027866475323771841 -0.012488288046440085 0.062920270057563385 -0.040186782184674419 0.040150852383699032 0.022547695063154929 -0.042757762725227022 0.011930627523826089 -0.053639698671464543 0.014368466017126472 -0.0016447129270089939 -0.01035911344309599 -0.025868347305541613 0.014288201546671734 -0.0015556289111890891
leaf_weight=3.8026797622442237 3.9126915410161001 1.3279251316562284 2.4340370795689514 1.782759386114775 4.9029505746439117 2.1190621186979106 1.1282901451922955 1.6966414153575939 2.8472005426883689 9.5516621172428131 5.4724223203957081 2.5592218860983849 3.4233492724597454 3.7273854091763496
leaf_count=20 22 29 33 16 45 18 17 7 12 39 59 11 21 21
internal_value=4.42266e-05 0.0041113 0.00202021 0.00473014 0.00275687 -0.0130476 -0.0236797 -0.000629287 -0.00626007 -0.00977269 -0.020602 -0.00668523 6.90909e-06 0.0121376
internal_weight=50.6883 38.674 37.346 33.7837 32.0009 12.0143 3.56233 28.1983 19.5679 16.7207 7.16906 9.89526 7.33604 8.63034
internal_count=370 298 269 219 203 72 50 183 117 105 66 54 43 66
is_linear=0
shrinkage=0.05


Tree=83
num_leaves=15
num_cat=0
split_feature=120 145 111 41 12 99 149 144 122 151 142 40 145 99
split_gain=0.844727 0.815309 1.7842 0.807278 0.687952 1.24451 1.65989 1.29769 1.44561 0.598371 0.577343 1.64446 0.437727 0.218616
threshold=1.0000000180025095e-35 3.5000000000000004 1.0000000180025095e-35 1.0000000180025095e-35 1.0000000180025095e-35 1.0000000180025095e-35 1.0000000180025095e-35 1.0000000180025095e-35 1.0000000180025095e-35 2.5000000000000004 1.0000000180025095e-35 1.0000000180025095e-35 1.5000000000000002 1.0000000180025095e-35
decision_type=2 2 2 2 2 2 2 2 2 2 2 2 2 2
left_child=1 2 3 4 5 7 -7 -1 -9 -6 11 -8 -10 -4
right_child=-2 -3 13 -5 9 6 10 8 12 -11 -12 -13 -14 -15
leaf_value=-0.029667773650052427 0.030973267027816605 0.02535262177552712 -0.020607961854067589 -0.034599371118357383 -0.032704865643847766 0.063027171462070986 0.068965641339655145 0.044999718815088907 -0.018963855403770154 -0.0026502275442231264 -0.02807837989158873 -0.018263715446856624 0.0082550479698564796 -0.037808548521570458
leaf_weight=2.9136492460966137 1.7960795238614071 2.2593480511568478 5.6083388738334179 1.6754417959600676 1.8343801493756497 2.0946505470201364 0.94866106053814347 2.0960519388318044 2.5451912879943848 17.040451711975038 0.90871711075305928 1.2551804594695568 3.5196783170104027 2.7546194894239289
leaf_count=12 9 18 27 11 16 30 28 16 11 110 23 6 23 22
internal_value=-0.00268552 -0.00395946 -0.0054248 -0.000690957 0.000925 0.00845571 0.0286152 -0.00102318 0.00920364 -0.00557113 0.00545707 0.0192849 -0.00316767 -0.0262735
internal_weight=49.2504 47.4544 45.195 36.8321 35.1566 16.2818 5.20721 11.0746 8.16092 18.8748 3.11256 2.20384 6.06487 8.36296
internal_count=362 353 335 286 275 149 87 62 50 126 57 34 34 49
is_linear=0
shrinkage=0.05


Tree=84
num_leaves=15
num_cat=0
split_feature=156 111 151 43 44 10 132 151 74 145 144 122 65 144
split_gain=1.1071 1.00357 1.32508 1.30188 1.46562 1.61842 2.51264 1.19315 1.58488 0.945551 0.773568 0.490066 0.262452 0.217012
threshold=1.0000000180025095e-35 1.0000000180025095e-35 1.5000000000000002 1.0000000180025095e-35 1.0000000180025095e-35 1.0000000180025095e-35 1.0000000180025095e-35 1.0000000180025095e-35 1.0000000180025095e-35 1.0000000180025095e-35 2.5000000000000004 1.0000000180025095e-35 1.0000000180025095e-35 3.5000000000000004
decision_type=2 2 2 2 2 2 2 2 2 2 2 2 2 2
left_child=1 3 10 4 5 6 7 11 12 -2 -3 -1 -9 -12
right_child=9 2 -4 -5 -6 -7 -8 8 -10 -11 13 -13 -14 -15
leaf_value=0.015262818632753646 -0.001825513564387634 -0.033732388669923882 -0.056470095604908913 -0.038644368993252937 -0.02703379578971031 -0.0024749478801455462 0.084142460543086439 0.068660838115722503 -0.023054256259210069 0.057673130295540755 -0.0067130966611658252 -0.014114853867333705 0.031600628119489903 0.014556834269650661
leaf_weight=2.5052981860935688 1.2821849882602685 2.2125955596566182 1.8578284531831739 2.0794214084744445 3.8351339474320403 20.182106025516987 1.3999730087816722 1.6524605937302119 0.81583440303802479 1.3934215870685873 3.0049159526824951 3.2756818309426308 0.67199043929576863 1.9955981113016603
leaf_count=14 6 11 12 11 16 119 13 44 4 60 15 15 4 13
internal_value=-0.00209591 -0.00393439 -0.0188151 -0.000227918 0.00209845 0.0057612 0.0218661 0.0120934 0.0369031 0.0291606 -0.00911657 -0.00138348 0.0579469 0.00177528
internal_weight=48.1644 45.4888 9.07094 36.4179 34.3385 30.5033 10.3212 8.92127 3.14029 2.67561 7.21311 5.78098 2.32445 5.00051
internal_count=357 291 51 240 229 213 94 81 52 66 39 29 48 28
is_linear=0
shrinkage=0.05


Tree=85
num_leaves=15
num_cat=0
split_feature=145 111 96 145 99 122 157 132 40 12 128 144 137 149
split_gain=0.644944 0.831188 0.575416 0.688782 1.32897 1.0512 0.848318 0.380452 0.23578 0.276984 0.73556 0.641833 0.174056 0.166483
threshold=3.5000000000000004 1.0000000180025095e-35 1.0000000180025095e-35 1.5000000000000002 1.0000000180025095e-35 1.0000000180025095e-35 1.0000000180025095e-35 1.0000000180025095e-35 1.0000000180025095e-35 1.0000000180025095e-35 1.0000000180025095e-35 1.5000000000000002 1.0000000180025095e-35 1.0000000180025095e-35
decision_type=2 2 2 2 2 2 2 2 2 2 2 2 2 2
left_child=1 2 3 5 -5 6 8 -3 9 10 -1 -11 -9 -12
right_child=-2 7 -4 4 -6 -7 -8 12 -10 11 13 -13 -14 -15
leaf_value=0.0077679514057467092 0.024396416136913044 -0.026279192508024893 -0.0096875791596405456 0.0041358753571049305 0.064180983582794407 -0.028708649869430128 -0.033894059857951332 0.0068047069540052912 -0.011874396933716863 -0.026158960886427936 0.062499882446733449 0.0075812132904119756 -0.017190729078741192 0.02909838833863489
leaf_weight=7.1061204858124398 2.2150249811820677 5.0400014678016287 11.802344364114104 3.2099358811974525 1.292583429487421 2.8061074987053862 1.4052330702543248 1.6905021294951439 1.6604289561510075 1.6594838351011265 0.77225134335458256 9.3571093864738941 1.3667419017292559 0.72170111071318388
leaf_count=40 17 27 47 21 56 13 13 9 9 7 16 79 14 5
internal_value=-0.00200387 -0.00317598 -0.000335278 0.00334513 0.0213736 0.000160411 0.0037319 -0.0178381 0.00621688 0.0077482 0.0144727 0.00249876 -0.00392246 0.0463642
internal_weight=52.1056 49.8905 41.7933 29.991 4.50252 25.4884 22.6823 8.09725 21.2771 19.6167 8.60007 11.0166 3.05724 1.49395
internal_count=373 356 306 259 77 182 169 50 156 147 61 86 23 21
is_linear=0
shrinkage=0.05


Tree=86
num_leaves=15
num_cat=0
split_feature=145 122 54 65 94 111 44 144 43 148 128 144 145 99
split_gain=1.25844 2.01982 1.553 0.858309 0.858045 0.923514 1.32986 1.94796 1.12024 0.788213 0.425856 0.442322 0.381508 0.310782
threshold=2.5000000000000004 1.0000000180025095e-35 1.0000000180025095e-35 1.0000000180025095e-35 1.0000000180025095e-35 1.0000000180025095e-35 1.0000000180025095e-35 2.5000000000000004 1.0000000180025095e-35 1.0000000180025095e-35 1.0000000180025095e-35 1.5000000000000002 1.0000000180025095e-35 1.0000000180025095e-35
decision_type=2 2 2 2 2 2 2 2 2 2 2 2 2 2
left_child=2 -2 4 -3 -1 6 7 8 10 12 11 -6 -8 -7
right_child=1 3 -4 -5 5 13 9 -9 -10 -11 -12 -13 -14 -15
leaf_value=-0.048698712158842278 0.066422449440866352 -0.0088302646523070374 0.0064756051782684891 0.033815142535936864 0.023030392315045532 -0.017617682421514534 -0.025964838964732857 0.065980501280729228 -0.035795145869506141 -0.05183947168467401 -0.015254497024835563 -0.0023502466071715963 0.0038776339406107873 -0.045067586731654258
leaf_weight=1.5295413048006619 1.6940548033453513 3.8929357398301363 19.827156886458397 1.6930059813894329 3.7421801760792786 2.0629443675279617 2.3725200667977324 1.1652934188023198 2.0047199055552474 1.8038065694272516 1.9154524896293876 3.1714131198823452 1.9521824275143442 2.061588753014802
leaf_count=8 34 22 130 13 23 11 10 42 11 8 16 16 16 9
internal_value=-0.000645611 0.0185985 -0.00385819 0.00409485 -0.0124737 -0.00998366 -0.00512491 0.00455356 -0.0020536 -0.0240745 0.00560774 0.0113878 -0.0124939 -0.0313381
internal_weight=50.8888 7.28 43.6088 5.58594 23.7816 22.2521 18.1276 11.9991 10.8338 6.12851 8.82905 6.91359 4.3247 4.12453
internal_count=369 69 300 35 170 162 142 108 66 34 55 39 26 20
is_linear=0
shrinkage=0.05


Tree=87
num_leaves=15
num_cat=0
split_feature=94 110 145 114 151 44 145 149 65 46 151 145 153 144
split_gain=1.34213 1.04203 1.96721 3.04283 0.964079 0.958536 2.0503 0.627697 0.944508 1.80934 0.915692 0.474924 0.438501 0.29405
threshold=1.0000000180025095e-35 1.0000000180025095e-35 1.5000000000000002 1.0000000180025095e-35 1.0000000180025095e-35 1.0000000180025095e-35 1.0000000180025095e-35 1.0000000180025095e-35 1.0000000180025095e-35 1.0000000180025095e-35 2.5000000000000004 1.0000000180025095e-35 1.0000000180025095e-35 2.5000000000000004
decision_type=2 2 2 2 2 2 2 2 2 2 2 2 2 2
left_child=-1 2 5 -4 13 6 -2 8 9 -8 -9 -7 -6 -3
right_child=1 4 3 -5 12 11 7 10 -10 -11 -12 -13 -14 -15
leaf_value=-0.03459098389363701 0.041629808712712497 -0.0093879190454680527 0.071948203941423983 0.0089300858306483235 -0.03400329638378452 -0.036970223735430706 0.06301946412256787 -0.034733006925392954 -0.017976804530516768 -0.016917932769122075 -0.00080517780739865349 -0.0052577918152925717 -0.003231131736779596 0.010622133165238159
leaf_weight=2.5085738068446508 3.1891811639070555 3.0663096718490106 2.6969919244293106 6.6108103841543198 3.8782311640679836 2.2127577364444724 1.7223343662917605 2.5997062232345334 1.5636067166924474 1.2018375396728516 8.4621761292219162 2.5310180187225342 1.6503434325568376 4.5756595432758331
leaf_count=15 19 17 65 27 16 9 29 16 8 5 76 16 25 23
internal_value=0.00102246 0.00296626 0.00773763 0.02719 -0.00891293 2.73158e-05 0.00510998 -0.00238011 0.0133918 0.0301651 -0.00877872 -0.0200502 -0.0248174 0.00259318
internal_weight=48.4695 45.961 32.7904 9.3078 13.1705 23.4826 18.7388 15.5497 4.48778 2.92417 11.0619 4.74378 5.52857 7.64197
internal_count=366 351 270 92 81 178 153 134 42 34 92 25 41 40
is_linear=0
shrinkage=0.05


Tree=88
num_leaves=15
num_cat=0
split_feature=94 62 144 150 156 111 99 137 122 152 144 144 99 98
split_gain=1.00685 0.468529 0.485291 1.64226 0.879891 0.592934 1.14925 0.480736 0.414052 0.40611 0.675888 0.342987 1.86333 0.304728
threshold=1.0000000180025095e-35 1.0000000180025095e-35 1.5000000000000002 1.0000000180025095e-35 1.0000000180025095e-35 1.0000000180025095e-35 1.0000000180025095e-35 1.0000000180025095e-35 1.0000000180025095e-35 1.0000000180025095e-35 2.5000000000000004 1.0000000180025095e-35 1.0000000180025095e-35 1.0000000180025095e-35
decision_type=2 2 2 2 2 2 2 2 2 2 2 2 2 2
left_child=-1 2 4 5 7 9 8 11 -7 10 -4 -2 -13 -11
right_child=1 -3 3 -5 -6 6 -8 -9 -10 13 -12 12 -14 -15
leaf_value=-0.032349428448411099 -0.026984906320955626 0.028086205020855494 0.005079203027959109 0.062057241625674033 -0.036607145192652242 0.019367296200352106 -0.035475289032673642 0.018285059209839635 -0.0078660287935249703 -0.018611826328327436 0.04478907187970517 0.02925178224621441 -0.026132890161728567 0.0032198029126139214
leaf_weight=2.5094669577665618 1.8887223601341228 1.4546695686876763 3.5453141313046244 1.1158617055043567 2.3612665161490431 2.2176704257726669 3.0522019453346712 2.1469030082225791 3.7656353414058685 1.7712853541597748 1.5357376337051389 2.6359654143452627 3.5826632454991358 16.374369371682405
leaf_count=17 8 11 20 56 10 15 16 13 16 34 13 19 22 107
internal_value=-0.00148418 0.000148241 -0.000735371 0.00242214 -0.00908949 0.000359521 -0.0105083 -0.00275295 0.00222781 0.00458726 0.0170814 -0.00832401 -0.00265632 0.00108871
internal_weight=49.9577 47.4483 45.9936 33.3781 12.6155 32.2622 9.03551 10.2543 5.98331 23.2267 5.08105 8.10735 6.21863 18.1457
internal_count=377 360 349 277 72 221 47 62 31 174 33 49 41 141
is_linear=0
shrinkage=0.05


Tree=89
num_leaves=15
num_cat=0
split_feature=145 46 43 144 151 110 151 144 73 120 63 132 149 128
split_gain=1.71702 1.21019 0.792637 1.66879 1.54662 1.62964 1.59902 0.761047 0.717443 0.549734 0.53751 1.92312 0.904721 1.14682
threshold=1.0000000180025095e-35 1.0000000180025095e-35 1.0000000180025095e-35 2.5000000000000004 1.0000000180025095e-35 1.0000000180025095e-35 2.5000000000000004 2.5000000000000004 1.0000000180025095e-35 1.0000000180025095e-35 1.0000000180025095e-35 1.0000000180025095e-35 1.0000000180025095e-35 1.0000000180025095e-35
decision_type=2 2 2 2 2 2 2 2 2 2 2 2 2 2
left_child=-1 2 4 -4 5 -2 8 -7 10 -8 11 12 -6 -14
right_child=1 -3 3 -5 6 7 9 -9 -10 -11 -12 -13 13 -15
leaf_value=-0.02730312813044436 0.072087049485254948 -0.022723607303673315 -0.051611267292265818 0.025455832147789976 -0.02343462860239913 -0.0037395080323137648 0.014119318635383108 0.034908548814902421 -0.034557668862180903 -0.012022188460652356 -0.02621825594170234 0.072923258306082622 0.064033122417954724 -0.022070372933693877
leaf_weight=5.7579844444990149 1.6123439334332932 4.5223900023847809 1.7379119861870997 1.1789357650559393 3.4796099076047557 2.7085046730935574 15.841087731765585 2.4046875163912773 2.9239475564099839 2.3035307973623267 2.291324851103127 0.82863561809062947 0.80179209215566494 0.74700874043628573
leaf_count=25 14 22 11 16 23 14 149 15 15 9 16 20 15 10
internal_value=-0.00164889 0.00175616 0.00460508 -0.0204622 0.00663937 0.0282572 0.00166309 0.0144363 -0.0133108 0.0108006 -0.00568661 0.00234554 -0.00928502 0.0225042
internal_weight=49.1397 43.3817 38.8593 2.91685 35.9425 6.72554 29.2169 5.11319 11.0723 18.1446 8.14837 5.85705 5.02841 1.5488
internal_count=374 349 327 27 300 43 257 29 99 158 84 68 48 25
is_linear=0
shrinkage=0.05


Tree=90
num_leaves=15
num_cat=0
split_feature=151 145 145 145 151 122 63 148 153 46 65 114 150 149
split_gain=1.8528 1.57058 2.66058 0.840265 1.08333 1.88554 2.0438 0.696027 0.727728 0.50049 0.469503 0.443633 0.42625 0.305025
threshold=2.5000000000000004 1.5000000000000002 1.0000000180025095e-35 1.5000000000000002 1.5000000000000002 1.0000000180025095e-35 1.0000000180025095e-35 1.0000000180025095e-35 1.0000000180025095e-35 1.0000000180025095e-35 1.0000000180025095e-35 1.0000000180025095e-35 1.0000000180025095e-35 1.0000000180025095e-35
decision_type=2 2 2 2 2 2 2 2 2 2 2 2 2 2
left_child=3 2 -2 7 9 6 -6 8 -1 10 -5 -4 -10 -9
right_child=1 -3 11 4 5 -7 -8 13 12 -11 -12 -13 -14 -15
leaf_value=-0.004084031046280555 -0.036399744765951605 -0.0048805549660459026 0.031666364378987351 0.0076323209576703082 0.069510734294175855 -0.061625751989652949 -0.034319000041676387 -0.021234623244010188 -0.046686291118783668 -0.015518554006710487 0.039980486601645743 0.065735224799720868 -0.013802556788929891 -0.048516755008757628
leaf_weight=8.8394801113754564 1.488936513662338 9.0198740463238209 6.3755217790603638 6.5323662385344488 0.82529478264041145 1.7576214564032853 1.1133032105863094 1.9323578439652909 1.9320619367063039 1.8805348575115202 1.3542508296668527 1.1240000277757642 2.011401604861021 2.1807082612067461
leaf_count=46 6 64 77 46 29 11 8 13 7 11 10 10 14 13
internal_value=-0.0028465 0.00985972 0.0246515 -0.0103835 -0.00106495 -0.0241207 0.00988312 -0.0178088 -0.0120523 0.00766012 0.013187 0.0367725 -0.0299136 -0.0356993
internal_weight=48.3677 18.0083 8.98846 30.3594 13.4634 3.69622 1.9386 16.896 12.7829 9.76715 7.88662 7.49952 3.94346 4.11307
internal_count=365 157 93 208 115 48 37 93 67 67 56 87 21 26
is_linear=0
shrinkage=0.05


Tree=91
num_leaves=15
num_cat=0
split_feature=54 145 126 120 145 145 41 74 150 158 37 148 111 152
split_gain=0.920898 0.648664 0.61789 1.04051 0.573735 2.45273 0.78793 0.903114 0.604857 0.892855 0.678854 0.395605 0.235677 0.245965
threshold=1.0000000180025095e-35 1.5000000000000002 1.0000000180025095e-35 1.0000000180025095e-35 2.5000000000000004 3.5000000000000004 1.0000000180025095e-35 1.0000000180025095e-35 1.0000000180025095e-35 1.0000000180025095e-35 1.0000000180025095e-35 1.0000000180025095e-35 1.0000000180025095e-35 1.0000000180025095e-35
decision_type=2 2 2 2 2 2 2 2 2 2 2 2 2 2
left_child=4 2 3 -2 6 11 7 8 10 -10 12 -6 13 -1
right_child=1 -3 -4 -5 5 -7 -8 -9 9 -11 -12 -13 -14 -15
leaf_value=-0.013112832863039214 0.030091805728966727 0.01685019981857051 -0.014246740690194793 -0.0098308309217110638 -0.014747023138878886 0.074877193653065 -0.04956136261005345 0.031106390313771437 -0.0098187680410462413 0.057674911606794665 0.015910189794302459 0.016979105416049103 -0.033150639109963013 -0.032091568284645371
leaf_weight=12.328674174845238 3.0473277866840363 8.0421654582023621 5.2976602129638195 3.5143290162086487 4.6139973304234436 1.0533710238523779 1.3028058223426331 1.2863943055272091 1.4737066924571993 0.73407352971844275 1.6092668455094088 1.2484419546090064 2.2494477592408648 1.9815732901915897
leaf_count=64 21 37 65 13 39 13 6 10 7 32 11 17 11 29
internal_value=-0.00244444 0.00588843 -0.00154508 0.00870982 -0.00799419 0.00463115 -0.0117961 -0.00952493 -0.01209 0.0126225 -0.0150929 -0.00799075 -0.0181058 -0.0157409
internal_weight=49.7832 19.9015 11.8593 6.56166 29.8818 6.91581 22.9659 21.6631 20.3767 2.20778 18.169 5.86244 16.5597 14.3102
internal_count=375 136 99 34 239 69 170 164 154 39 115 56 104 93
is_linear=0
shrinkage=0.05


Tree=92
num_leaves=15
num_cat=0
split_feature=144 144 142 122 145 151 43 98 145 111 65 111 151 126
split_gain=1.6714 1.06661 1.02716 1.01454 1.67176 1.67174 0.961415 0.820494 0.768992 0.90507 0.824337 0.711741 1.08502 0.186832
threshold=2.5000000000000004 1.0000000180025095e-35 1.0000000180025095e-35 1.0000000180025095e-35 2.5000000000000004 1.5000000000000002 1.0000000180025095e-35 1.0000000180025095e-35 1.5000000000000002 1.0000000180025095e-35 1.0000000180025095e-35 1.0000000180025095e-35 1.5000000000000002 1.0000000180025095e-35
decision_type=2 2 2 2 2 2 2 2 2 2 2 2 2 2
left_child=1 -1 6 4 7 -5 8 11 10 -10 13 12 -2 -3
right_child=3 2 -4 5 -6 -7 -8 -9 9 -11 -12 -13 -14 -15
leaf_value=0.02552450791759377 -0.030071384784003369 -0.004727293482966367 -0.046438853586575395 0.0075633650329223357 0.063845597516757127 -0.0463405828783503 -0.049092892368887059 0.017466798726379431 0.041487833142674839 -0.0090734894390675155 -0.040805346902416884 -0.038701969521615628 0.059384927981020963 -0.015927251442195183
leaf_weight=1.9514239132404352 0.7204516534693548 13.194817749783413 2.0883724736049762 5.5822398904710999 1.6450044028460968 1.9376266701146958 1.4792826324701298 8.749445061199367 1.6190157737582913 1.9524589627981186 2.1214156225323668 1.4070105785503983 0.64014873979613185 5.1874575875699511
leaf_count=11 4 70 12 33 42 14 9 41 16 11 8 8 36 64
internal_value=-0.00258028 -0.0102014 -0.0127235 0.008325 0.0166955 -0.00632594 -0.00996818 0.00996096 -0.00756418 0.0138469 -0.0112937 -0.0137678 0.0120169 -0.00788791
internal_weight=50.2762 29.5942 27.6428 20.6819 13.1621 7.51987 25.5544 11.5171 24.0752 3.57147 20.5037 2.76761 1.3606 18.3823
internal_count=379 201 190 178 131 47 178 89 169 27 142 48 40 134
is_linear=0
shrinkage=0.05


Tree=93
num_leaves=15
num_cat=0
split_feature=145 152 132 110 145 99 44 65 149 151 146 149 144 98
split_gain=3.16767 0.851562 1.83085 1.02803 1.8725 1.84798 0.932012 1.03389 1.3636 1.7083 0.805354 0.644013 0.562831 0.38095
threshold=3.5000000000000004 1.0000000180025095e-35 1.0000000180025095e-35 1.0000000180025095e-35 1.5000000000000002 1.0000000180025095e-35 1.0000000180025095e-35 1.0000000180025095e-35 1.0000000180025095e-35 1.0000000180025095e-35 1.0000000180025095e-35 1.0000000180025095e-35 2.5000000000000004 1.0000000180025095e-35
decision_type=2 2 2 2 2 2 2 2 2 2 2 2 2 2
left_child=1 3 10 4 6 -6 7 8 9 -1 11 -3 -5 -13
right_child=-2 2 -4 12 5 -7 -8 -9 -10 -11 -12 13 -14 -15
leaf_value=0.002932885817888471 0.071678335471496907 -0.02290438839601526 0.066821986322476615 -0.03420469895256615 0.081986751007463235 -0.010419435559533936 -0.036996083096855231 -0.036348127610756023 -0.028525187134221686 0.070029724833852211 -0.033138830138473963 0.028769169718448395 -0.0095098439627108525 0.0042274205572993481
leaf_weight=3.223384525626896 1.4952021194621909 2.0772840790450671 1.1102066857274611 4.7217339612543583 1.2418194301426413 0.95877146977000016 2.3175682947039595 1.6450812518596647 1.8175788559019563 1.3442501630634067 1.5990294963121403 1.7299659871496285 4.5122334570623934 18.392488412559032
leaf_count=16 18 14 31 22 13 9 10 8 7 21 40 23 24 120
internal_value=4.0013e-05 -0.00225407 0.00406038 -0.00947486 -0.000156926 0.0417265 -0.00906391 -0.00100259 0.0081038 0.0226794 0.00113256 0.0036011 -0.0221374 0.00633732
internal_weight=48.1866 46.6914 24.909 21.7824 12.5485 2.20059 10.3479 8.03029 6.38521 4.56763 23.7988 22.1997 9.23397 20.1225
internal_count=376 358 228 130 84 22 62 52 44 37 197 157 46 143
is_linear=0
shrinkage=0.05


Tree=94
num_leaves=15
num_cat=0
split_feature=56 122 149 144 144 111 99 65 158 144 126 151 73 151
split_gain=1.02922 0.651482 1.03945 0.951603 0.755026 1.67466 0.759068 0.510373 1.62216 0.433527 0.416524 0.30641 0.217231 0.636178
threshold=1.0000000180025095e-35 1.0000000180025095e-35 1.0000000180025095e-35 2.5000000000000004 2.5000000000000004 1.0000000180025095e-35 1.0000000180025095e-35 1.0000000180025095e-35 1.0000000180025095e-35 3.5000000000000004 1.0000000180025095e-35 1.0000000180025095e-35 1.0000000180025095e-35 1.5000000000000002
decision_type=2 2 2 2 2 2 2 2 2 2 2 2 2 2
left_child=1 2 4 -3 5 7 -6 8 -1 -5 12 -10 13 -4
right_child=-2 3 10 9 6 -7 -8 -9 11 -11 -12 -13 -14 -15
leaf_value=-0.0007182869829157624 -0.035291032523649402 -0.027589956943631418 0.04059615860793226 0.019654362080949804 0.079058726215498684 -0.03045040937437915 0.0098139246339271 0.00023028306294435903 0.036683257427354787 -0.0094911461357933113 0.0090080272788887542 0.071269271950873916 -0.0095821604035011242 -0.0075272033391090877
leaf_weight=2.3406159132719031 2.3673483268357804 5.2188572287559492 0.89346601394937097 2.1728227604180574 0.8430008701980114 2.0616440698504448 0.74601216427981742 2.1216627582907677 1.114416986703872 3.0908364364877343 5.0443337559700003 1.505502702668309 16.30400456301868 2.9685015879804268
leaf_count=12 14 27 11 18 9 12 12 12 8 21 60 25 81 46
internal_value=-0.00313266 -0.00149283 0.00170582 -0.0124606 0.0147374 0.00920904 0.0465496 0.020754 0.0295322 0.00254003 -0.00384213 0.0565577 -0.00705648 0.00360613
internal_weight=48.793 46.4257 35.9432 10.4825 10.7329 9.14384 1.58901 7.0822 4.96054 5.26366 25.2103 2.61992 20.166 3.86197
internal_count=368 354 288 66 90 69 21 57 45 39 198 33 138 57
is_linear=0
shrinkage=0.05


Tree=95
num_leaves=15
num_cat=0
split_feature=114 144 151 151 146 149 46 144 44 39 142 122 145 144
split_gain=1.95004 1.2195 1.16901 1.84561 1.73352 0.975854 0.951364 1.03838 0.738884 0.373178 0.833845 0.790315 0.490993 0.220566
threshold=1.0000000180025095e-35 2.5000000000000004 2.5000000000000004 1.5000000000000002 1.0000000180025095e-35 1.0000000180025095e-35 1.0000000180025095e-35 3.5000000000000004 1.0000000180025095e-35 1.0000000180025095e-35 1.0000000180025095e-35 1.0000000180025095e-35 1.5000000000000002 1.5000000000000002
decision_type=2 2 2 2 2 2 2 2 2 2 2 2 2 2
left_child=1 9 3 6 5 -5 7 -3 -6 10 11 13 -13 -1
right_child=-2 2 -4 4 8 -7 -8 -9 -10 -11 -12 12 -14 -15
leaf_value=-0.0016403724686845308 0.019224745177339003 0.015845592192999133 0.061580565334729012 -0.073560577855363185 0.064864051440134934 -0.015172288462012427 -0.011878923544168984 0.069549305797283134 -0.010832279190653084 -0.020823956012055951 -0.038483031329798828 -0.039433837641724818 -0.0052610272461413067 0.015282353326176898
leaf_weight=8.4823192358016986 7.9760282859206191 3.2663813102990353 0.87054889532737512 1.5281417369842529 0.58753025648184098 1.3458416766952723 1.8570810519158838 1.2424656148068605 0.71433698758482933 10.723991952836515 2.0999873010441652 2.2218109667301169 1.9948990158736704 2.4909044858068219
leaf_count=56 38 23 38 4 19 19 10 14 6 79 11 10 13 19
internal_value=-0.0033224 -0.00788375 0.00589366 0.00129499 -0.024536 -0.0462183 0.0182393 0.0306443 0.0233293 -0.0134964 -0.00895151 -0.00486882 -0.0232669 0.00220106
internal_weight=47.4023 39.4262 11.4123 10.5418 4.17585 2.87398 6.36593 4.50885 1.30187 28.0139 17.2899 15.1899 4.21671 10.9732
internal_count=359 321 133 95 48 23 47 37 25 188 109 98 23 75
is_linear=0
shrinkage=0.05


Tree=96
num_leaves=15
num_cat=0
split_feature=63 128 126 145 41 146 145 56 46 99 12 144 110 43
split_gain=1.07517 1.11914 0.953219 0.590584 0.557017 0.307611 0.587849 0.389409 0.396544 0.505533 1.45903 1.40263 1.75584 1.56741
threshold=1.0000000180025095e-35 1.0000000180025095e-35 1.0000000180025095e-35 3.5000000000000004 1.0000000180025095e-35 1.0000000180025095e-35 1.5000000000000002 1.0000000180025095e-35 1.0000000180025095e-35 1.0000000180025095e-35 1.0000000180025095e-35 1.0000000180025095e-35 1.0000000180025095e-35 1.0000000180025095e-35
decision_type=2 2 2 2 2 2 2 2 2 2 2 2 2 2
left_child=2 -2 3 4 5 7 -7 8 9 11 -11 -1 13 -13
right_child=1 -3 -4 -5 -6 6 -8 -9 -10 10 -12 12 -14 -15
leaf_value=-0.056566434367217325 -0.0040899527384566266 0.069928135718087411 0.014048792985441153 0.018462287742421538 -0.036886953697682301 -0.038618192562306475 0.00084174241933335627 -0.028170586064519595 0.011501684485716092 0.0202349782935357 -0.010002805680912984 0.051260540592343445 -0.025185588134328231 -0.019244401046632904
leaf_weight=1.7731162309646595 1.0603992864489549 0.98508955165743817 5.5895521230995646 2.0360340101178727 1.7305773678235699 2.1639050720259538 1.6739561811555179 1.9705902077257622 3.1829395135864607 5.2699660697253448 16.417067835107446 1.862735962495206 5.3983088284730911 1.3666267096996307
leaf_count=7 4 16 71 18 9 18 35 8 20 47 67 17 27 8
internal_value=-0.0039802 0.0315565 -0.00542144 -0.0078482 -0.00909953 -0.0079289 -0.021407 -0.00653994 -0.00533143 -0.00700118 -0.002655 -0.0160635 -0.00773959 0.0214237
internal_weight=52.4809 2.04549 50.4354 44.8458 42.8098 41.0792 3.83786 37.2414 35.2708 32.0878 21.687 10.4008 8.62767 3.22936
internal_count=372 20 352 281 263 254 53 201 193 173 114 59 52 25
is_linear=0
shrinkage=0.05


Tree=97
num_leaves=15
num_cat=0
split_feature=145 122 144 98 151 144 114 148 110 94 65 153 12 10
split_gain=1.00519 1.62113 1.01084 0.83121 1.26912 1.22924 1.41765 0.762173 0.624976 0.574663 0.744175 2.11029 0.619573 1.34405
threshold=2.5000000000000004 1.0000000180025095e-35 1.0000000180025095e-35 1.0000000180025095e-35 1.0000000180025095e-35 2.5000000000000004 1.0000000180025095e-35 1.0000000180025095e-35 1.0000000180025095e-35 1.0000000180025095e-35 1.0000000180025095e-35 1.0000000180025095e-35 1.0000000180025095e-35 1.0000000180025095e-35
decision_type=2 2 2 2 2 2 2 2 2 2 2 2 2 2
left_child=2 -2 -1 4 8 6 -5 9 -4 -6 11 -11 13 -13
right_child=1 -3 3 5 7 -7 -8 -9 -10 10 -12 12 -14 -15
leaf_value=0.023769512777334093 0.06158024254279474 -9.92800085567459e-05 0.011230969198122501 0.0034252079668614047 -0.050054647999136906 -0.014821093852860408 0.064309660346836536 -0.042897900068430514 -0.016007219367991467 0.072981819750558188 -0.035570020661448369 -0.024761373339712928 -0.053491711431052441 0.070395327677625977
leaf_weight=2.4091327115893355 1.3865365750389163 4.5982906050048769 4.3183192163705844 9.1244836896657926 1.0916011482477186 10.078123345039785 1.067988499999047 4.7643996675033122 4.1105768345296383 0.82864154875278329 1.9447820978239176 1.6046784627251334 0.84545790404081334 0.48271727003157128
leaf_count=14 37 30 27 87 3 38 10 31 22 11 14 37 6 6
internal_value=-0.00499928 0.0141903 -0.00769073 -0.00957321 -0.0168074 -0.00243868 0.00980481 -0.0275638 -0.00205246 -0.0168167 -0.0104583 0.002525 -0.0173817 -0.00275607
internal_weight=48.6557 5.98483 42.6709 40.2618 19.9912 20.2706 10.1925 11.5623 8.4289 6.79788 5.70628 3.7615 2.93285 2.0874
internal_count=373 67 306 292 157 135 97 108 49 77 74 60 49 43
is_linear=0
shrinkage=0.05


Tree=98
num_leaves=15
num_cat=0
split_feature=126 111 94 122 146 145 122 99 151 12 153 44 114 99
split_gain=2.13878 1.35533 0.958568 1.30671 0.760513 0.664413 1.03675 1.2082 0.609473 0.607338 1.24839 0.788844 0.613505 0.573727
threshold=1.0000000180025095e-35 1.0000000180025095e-35 1.0000000180025095e-35 1.0000000180025095e-35 1.0000000180025095e-35 3.5000000000000004 1.0000000180025095e-35 1.0000000180025095e-35 1.0000000180025095e-35 1.0000000180025095e-35 1.0000000180025095e-35 1.0000000180025095e-35 1.0000000180025095e-35 1.0000000180025095e-35
decision_type=2 2 2 2 2 2 2 2 2 2 2 2 2 2
left_child=1 2 -1 4 9 6 7 -3 -5 10 11 -4 -11 -6
right_child=-2 5 3 8 13 -7 -8 -9 -10 12 -12 -13 -14 -15
leaf_value=-0.033170773451850627 0.032958492223214925 0.013727492336516815 0.013224927488849333 0.019696287174383181 -0.064955639133172191 0.0090099023292428051 -0.051513423516300394 -0.034246587571076563 0.064284946598611087 -0.016207231225031232 0.053738890493493598 -0.02286793981816139 0.0045996535450327858 -0.010572689724832404
leaf_weight=1.7913091760128725 4.7656018957495681 2.3924907315522432 6.5560832172632271 3.3268317542970172 0.69984878599643718 1.7395481881685553 2.5260443091392517 2.9070556785445643 0.99577402137219895 5.8063016831874839 1.5450244063977159 1.9683901891112325 9.0878059789538383 1.579576128628104
leaf_count=12 68 19 43 22 2 14 7 24 23 22 24 8 39 50
internal_value=0.00118012 -0.0023482 0.00240958 0.00442872 0.000376455 -0.0189402 -0.0251532 -0.0125886 0.0299679 0.00290083 0.0123858 0.00489071 -0.00351168 -0.0272698
internal_weight=47.6877 42.9221 33.3569 31.5656 27.243 9.56514 7.82559 5.29955 4.32261 24.9636 10.0695 8.52447 14.8941 2.27942
internal_count=377 309 245 233 188 64 50 43 45 136 75 51 61 52
is_linear=0
shrinkage=0.05


Tree=99
num_leaves=15
num_cat=0
split_feature=145 65 46 145 151 44 151 145 144 132 151 73 151 149
split_gain=0.645649 0.881636 0.80303 0.770927 2.18842 2.43812 0.526253 1.524 1.51289 0.456087 0.523142 0.307222 0.982061 0.296958
threshold=2.5000000000000004 1.0000000180025095e-35 1.0000000180025095e-35 1.0000000180025095e-35 1.0000000180025095e-35 1.0000000180025095e-35 1.0000000180025095e-35 3.5000000000000004 2.5000000000000004 1.0000000180025095e-35 1.5000000000000002 1.0000000180025095e-35 2.5000000000000004 1.0000000180025095e-35
decision_type=2 2 2 2 2 2 2 2 2 2 2 2 2 2
left_child=2 6 3 4 -1 -6 -2 8 -8 11 -11 13 -13 -5
right_child=1 -3 -4 9 5 -7 7 -9 -10 10 -12 12 -14 -15
leaf_value=-0.027129786954242091 0.014547325350160737 0.047254815547912672 -0.026588851572985142 0.0008219145544496395 0.078549534196631202 -0.0071095073694442713 -0.040084083618392413 -0.075102009306726933 0.058451757162485296 -0.038085533991546391 -0.0067241978256520523 -0.042129323063423582 -0.0029626506351931245 0.025829617774666937
leaf_weight=1.9517332240939129 3.672341924160718 1.3710685786791144 3.8961359951645127 6.8847046354785579 1.8213498741388321 1.5273012071847916 0.736576668918133 0.73915798123925913 0.8268122524023056 2.1276762410998336 3.5458055126946419 1.7456600293517137 19.24161512311548 1.4344330243766306
leaf_count=9 22 18 21 48 13 8 3 5 26 9 31 11 142 24
internal_value=-0.00263087 0.011095 -0.00491331 -0.00281673 0.0149532 0.0394809 0.0027974 -0.0159426 0.0120275 -0.00550935 -0.0184854 -0.0029973 -0.00622042 0.00513388
internal_weight=51.5224 7.34596 44.1764 40.2803 5.30038 3.34865 5.97489 2.30255 1.56339 34.9799 5.67348 29.3064 20.9873 8.31914
internal_count=390 74 316 295 30 21 56 34 29 265 40 225 153 72
is_linear=0
shrinkage=0.05


Tree=100
num_leaves=15
num_cat=0
split_feature=151 144 151 137 122 149 46 73 122 144 99 158 10 120
split_gain=0.74166 0.930835 0.779864 0.93687 0.873119 2.69547 0.428531 0.341525 0.258884 1.34335 0.738741 0.231371 0.477107 0.202052
threshold=2.5000000000000004 1.5000000000000002 1.5000000000000002 1.0000000180025095e-35 1.0000000180025095e-35 1.0000000180025095e-35 1.0000000180025095e-35 1.0000000180025095e-35 1.0000000180025095e-35 1.5000000000000002 1.0000000180025095e-35 1.0000000180025095e-35 1.0000000180025095e-35 1.0000000180025095e-35
decision_type=2 2 2 2 2 2 2 2 2 2 2 2 2 2
left_child=2 -2 3 6 5 -4 7 8 9 10 -1 -7 -13 -3
right_child=1 13 4 -5 -6 11 -8 -9 -10 -11 -12 12 -14 -15
leaf_value=0.022357299311168484 0.048868360020223253 0.0077547193027641195 0.052439140697495348 -0.03010074408389898 -0.043043082802529879 -0.0084636875913319115 -0.010830359199493603 -0.0086760627249006968 0.0036556312038589119 0.060067719798994071 -0.015636515579325643 -0.0091025597838026891 -0.046831640172242617 -0.0055592821598826354
leaf_weight=3.0306717976927802 1.3033443810418273 14.273651221534239 1.4534663502126948 2.1991944387555113 2.3592717554420233 1.4986504316329954 3.6861637681722632 2.4864517226815215 5.560071362182498 1.4934866260737178 2.2140721399337062 1.3846012767171489 2.122238939628005 3.5604274570941916
leaf_count=21 15 133 23 18 15 8 18 15 33 14 9 27 16 14
internal_value=0.000412548 0.00807774 -0.00456203 0.000748941 -0.017011 -0.00750228 0.00442198 0.00822473 0.0116417 0.0182314 0.00631819 -0.0249077 -0.0319351 0.00509669
internal_weight=48.6258 19.1374 29.4883 20.6701 8.81823 6.45896 18.4709 14.7848 12.2983 6.73823 5.24474 5.00549 3.50684 17.8341
internal_count=379 162 217 128 89 74 110 92 77 44 30 51 43 147
is_linear=0
shrinkage=0.05


Tree=101
num_leaves=15
num_cat=0
split_feature=37 144 111 94 142 144 150 73 146 40 152 12 152 46
split_gain=0.739077 0.553 1.20143 0.761601 0.648489 0.75354 0.728592 0.586247 1.97443 0.560088 0.479366 0.368202 1.03351 1.36248
threshold=1.0000000180025095e-35 3.5000000000000004 1.0000000180025095e-35 1.0000000180025095e-35 1.0000000180025095e-35 1.5000000000000002 1.0000000180025095e-35 1.0000000180025095e-35 1.0000000180025095e-35 1.0000000180025095e-35 1.5000000000000002 1.0000000180025095e-35 1.0000000180025095e-35 1.0000000180025095e-35
decision_type=2 2 2 2 2 2 2 2 2 2 2 2 2 2
left_child=1 3 -3 -1 9 -6 -7 8 -4 11 -8 12 -5 -14
right_child=-2 2 7 4 5 6 10 -9 -10 -11 -12 -13 13 -15
leaf_value=-0.043664616311935106 0.024374267007208177 0.068892987792059962 0.067332035913571162 -0.0030393772983374305 -0.063424971784947201 -0.046368418838237134 0.060365361322392647 -0.034509065375904931 -0.033469293567586537 -0.032369690621804198 -0.0165833050059302 -0.0091125627578103798 0.070895601307380124 -0.038808021668837636
leaf_weight=1.5233829277567554 1.9048425974324334 0.72584835940506254 0.89910919452086124 15.28383829817176 1.0957601070404046 0.69877703487873055 0.42017007805407047 0.98013059608638275 1.0567577779293058 1.9348099399358023 0.39050585310906172 21.577715400606394 1.0495267477817822 0.3875334933400153
leaf_count=9 18 27 14 96 3 2 14 6 9 8 9 128 35 3
internal_value=-0.00617063 -0.00738218 0.0112928 -0.0089237 -0.00768828 -0.0318638 -0.00895248 -0.00294737 0.0128689 -0.00612285 0.0232989 -0.00479689 0.000772331 0.0413117
internal_weight=49.9287 48.0239 3.66185 44.362 42.8386 2.60521 1.50945 2.936 1.95587 40.2334 0.810676 38.2986 16.7209 1.43706
internal_count=381 363 56 307 298 28 25 29 23 270 23 262 134 38
is_linear=0
shrinkage=0.05


Tree=102
num_leaves=15
num_cat=0
split_feature=128 137 148 96 114 151 132 73 111 151 120 126 151 145
split_gain=1.95301 0.513014 2.63382 0.727069 1.06959 0.35013 0.752466 0.298123 0.309123 0.344561 0.181243 0.520167 0.903054 0.637402
threshold=1.0000000180025095e-35 1.0000000180025095e-35 1.0000000180025095e-35 1.0000000180025095e-35 1.0000000180025095e-35 1.5000000000000002 1.0000000180025095e-35 1.0000000180025095e-35 1.0000000180025095e-35 1.0000000180025095e-35 1.0000000180025095e-35 1.0000000180025095e-35 2.5000000000000004 1.0000000180025095e-35
decision_type=2 2 2 2 2 2 2 2 2 2 2 2 2 2
left_child=5 -2 3 4 10 6 7 8 9 -1 11 12 13 -3
right_child=1 2 -4 -5 -6 -7 -8 -9 -10 -11 -12 -13 -14 -15
leaf_value=-0.010285418313766745 -0.011743463579851237 -0.029303071641321767 0.077333117880381358 -0.0048620389749035502 0.06341463114603435 -0.035132115140545227 -0.033116679487985683 0.012003441552910271 -0.018979393052348244 0.010091880042348738 -0.0019910802595233981 0.0048840286371130684 0.06864305596499666 0.052472484216782758
leaf_weight=6.3903486803174072 2.7770565720275071 0.62700803577900133 1.399543888401239 8.2439277321100235 1.0296496748924262 1.6094535631127644 3.1849311217665663 1.91078150831163 5.0612215064466008 3.0716463979333639 2.4430872239172459 4.7696817144751549 1.0082919348496941 0.38436575420200825
leaf_count=35 21 3 27 32 10 14 14 16 26 22 10 60 37 26
internal_value=-0.00181275 0.00838836 0.011197 0.00619534 0.0150782 -0.0127127 -0.0108735 -0.00656272 -0.00900542 -0.00367034 0.00968742 0.0138898 0.0351581 0.00177517
internal_weight=43.911 22.6826 19.9056 18.506 10.2621 21.2284 19.6189 16.434 14.5232 9.462 9.23243 6.78935 2.01967 1.01137
internal_count=353 226 205 178 146 127 113 99 83 57 136 126 66 29
is_linear=0
shrinkage=0.05


Tree=103
num_leaves=15
num_cat=0
split_feature=62 150 146 144 94 111 151 96 43 145 144 144 152 151
split_gain=0.567097 1.09014 1.73078 1.20235 0.810405 0.576301 0.968088 0.824586 1.25151 0.845933 0.563139 0.453731 0.986928 1.91034
threshold=1.0000000180025095e-35 1.0000000180025095e-35 1.0000000180025095e-35 1.5000000000000002 1.0000000180025095e-35 1.0000000180025095e-35 1.0000000180025095e-35 1.0000000180025095e-35 1.0000000180025095e-35 1.5000000000000002 2.5000000000000004 1.5000000000000002 1.0000000180025095e-35 2.5000000000000004
decision_type=2 2 2 2 2 2 2 2 2 2 2 2 2 2
left_child=1 4 -3 -4 -1 7 -7 8 9 11 -11 -6 -13 -14
right_child=-2 2 3 -5 5 6 -8 -9 -10 10 -12 12 13 -15
leaf_value=-0.037424770583659381 0.029457572490403906 0.071294651706140383 -0.055643841820825761 0.052195898117099473 -0.0034536448426188623 -0.0020828689367341615 -0.03447242788212234 -0.012312647296204255 -0.035424349952800013 0.018556078444359799 0.070928791154849069 0.054336471076256998 -0.044691140525206341 0.016823801135685261
leaf_weight=1.8732913434505452 1.339889945462345 1.2090240921825164 0.69090388715267159 0.41296642809174955 9.3595880176872086 5.9866758622229082 3.7533506955951452 10.63284809887409 1.8122002147138108 1.4771799594163888 0.78657782031223167 1.2034631222486485 1.530469389632344 7.1970641231164336
leaf_count=8 11 42 3 27 55 32 22 39 11 12 27 9 6 77
internal_value=-0.00262554 -0.00352251 0.0299657 -0.0153002 -0.00522061 -0.00384135 -0.0145643 -0.000769486 0.00448318 0.00783844 0.0367538 0.00444522 0.0118896 0.00603648
internal_weight=49.2655 47.9256 2.31289 1.10387 45.6127 43.7394 9.74003 33.9994 23.3665 21.5543 2.26376 19.2906 9.931 8.72753
internal_count=381 370 72 30 298 290 54 236 197 186 39 147 92 83
is_linear=0
shrinkage=0.05


Tree=104
num_leaves=15
num_cat=0
split_feature=114 98 145 120 144 158 111 12 43 145 45 65 40 44
split_gain=1.56798 1.34881 2.63192 2.21962 2.00339 2.22746 0.905885 0.959821 0.479147 0.791412 0.87801 0.8492 0.970787 1.44076
threshold=1.0000000180025095e-35 1.0000000180025095e-35 3.5000000000000004 1.0000000180025095e-35 3.5000000000000004 1.0000000180025095e-35 1.0000000180025095e-35 1.0000000180025095e-35 1.0000000180025095e-35 1.5000000000000002 1.0000000180025095e-35 1.0000000180025095e-35 1.0000000180025095e-35 1.0000000180025095e-35
decision_type=2 2 2 2 2 2 2 2 2 2 2 2 2 2
left_child=1 2 6 4 5 -3 7 8 9 11 -11 12 13 -1
right_child=-2 3 -4 -5 -6 -7 -8 -9 -10 10 -12 -13 -14 -15
leaf_value=0.034120990041101557 -0.019294201500487995 -0.0079869373937548182 0.069367942465805452 -0.016039788282077277 -0.037941980874375281 0.060912123051331514 -0.019796706421580053 -0.033151299992186536 -0.018832587473966773 0.04097536795734779 -0.020462924788276778 -0.027697720944307377 -0.027215979425209431 -0.0080026772119755878
leaf_weight=4.2603332931175935 10.260458618402479 1.5654117166996 1.2086048191413272 3.2562735006213188 0.85551246278919268 4.6804599110037071 8.3387034502811712 1.976388994604348 2.0967035456560543 2.7047121128998692 0.74078466044738878 2.1740995198488227 1.7277867700904614 3.8773875832557678
leaf_count=36 38 8 14 12 6 77 53 18 23 43 22 10 8 21
internal_value=-0.00188131 0.00264606 -0.00286827 0.0181416 0.0338151 0.0436439 -0.00599783 -0.000114631 0.00359906 0.00663633 0.0277661 0.000589413 0.00682316 0.0140503
internal_weight=49.7236 39.4632 29.1055 10.3577 7.10138 6.24587 27.8969 19.5582 17.5818 15.4851 3.4455 12.0396 9.86551 8.13772
internal_count=389 351 248 103 91 85 234 181 163 140 65 75 65 57
is_linear=0
shrinkage=0.05


Tree=105
num_leaves=15
num_cat=0
split_feature=147 145 145 151 63 120 151 122 10 132 145 99 144 144
split_gain=1.05507 1.38405 0.752414 1.65054 1.15599 0.526031 0.596232 0.871812 0.417344 1.00285 0.335333 0.374018 0.442147 0.229375
threshold=1.0000000180025095e-35 1.0000000180025095e-35 1.0000000180025095e-35 1.0000000180025095e-35 1.0000000180025095e-35 1.0000000180025095e-35 1.5000000000000002 1.0000000180025095e-35 1.0000000180025095e-35 1.0000000180025095e-35 2.5000000000000004 1.0000000180025095e-35 1.5000000000000002 3.5000000000000004
decision_type=2 2 2 2 2 2 2 2 2 2 2 2 2 2
left_child=2 -2 3 -1 5 6 10 8 9 -8 11 12 -4 -12
right_child=1 -3 4 -5 -6 -7 7 -9 -10 -11 13 -13 -14 -15
leaf_value=-0.022510423067496392 -0.021230052029419275 0.063220890506082858 0.016748734148001324 0.042655468688780382 -0.046519050665516641 0.01454064083673485 0.054627074192111907 -0.042683312951583972 -0.01268521538575678 -0.011483313551047692 0.0029858391938572706 -0.022751509617105585 -0.0076782387001160983 0.026991334434411297
leaf_weight=1.696715243160724 0.78907154500484411 1.2596407101955263 2.6844928935170156 2.2739357054233551 1.858046481385826 2.8465827405452719 0.82083797501400746 2.2361795157194129 16.586947724223137 1.9047498863656074 2.7900486029684535 2.3100140988826743 5.9776647016406059 1.5467633884400127
leaf_count=7 4 66 19 15 11 12 26 12 104 15 17 10 35 14
internal_value=-0.00440631 0.0306942 -0.00598563 0.0148092 -0.00797225 -0.00616837 -0.00776777 -0.0131279 -0.00970571 0.00842649 -0.000222911 -0.00487528 -0.000108065 0.0115476
internal_weight=47.5817 2.04871 45.533 3.97065 41.5623 39.7043 36.8577 21.5487 19.3125 2.72559 15.309 10.9722 8.66216 4.33681
internal_count=367 70 297 22 275 264 252 157 145 41 95 64 54 31
is_linear=0
shrinkage=0.05


Tree=106
num_leaves=15
num_cat=0
split_feature=145 144 98 153 144 110 122 142 110 126 40 145 120 149
split_gain=1.28464 1.03275 1.00983 1.54295 1.32191 1.72048 0.812883 0.679013 0.44534 0.548508 0.595323 0.222723 0.340069 0.586882
threshold=1.5000000000000002 1.0000000180025095e-35 1.0000000180025095e-35 1.0000000180025095e-35 3.5000000000000004 1.0000000180025095e-35 1.0000000180025095e-35 1.0000000180025095e-35 1.0000000180025095e-35 1.0000000180025095e-35 1.0000000180025095e-35 1.0000000180025095e-35 1.0000000180025095e-35 1.0000000180025095e-35
decision_type=2 2 2 2 2 2 2 2 2 2 2 2 2 2
left_child=1 -1 3 4 5 -2 -7 8 9 10 11 -3 13 -13
right_child=2 7 -4 -5 -6 6 -8 -9 -10 -11 -12 12 -14 -15
leaf_value=0.024364754863068536 0.044036757537243565 -0.014305634451255576 -0.0049766564179494748 0.061225482901734775 0.048938340637544979 0.0060126628737966464 -0.029723558135759928 -0.046595159357593223 -0.037703938208501181 -0.024121589271471549 -0.032903653972144058 -0.00038239324839052779 -0.011630346711769915 0.031137469885654908
leaf_weight=1.9740139674395347 1.7770859748125039 2.6746849119663301 10.61863912618719 1.6456133838510147 1.7062837928533561 3.2278986908495426 3.1385340243577957 1.4369569998234499 1.4688740074634541 4.7302283979952326 1.670949392020703 6.0185793023556471 3.3507817536592484 1.9569982290267942
leaf_count=12 16 14 50 78 15 21 13 14 7 63 6 42 12 18
internal_value=-0.00266127 -0.01036 0.00614034 0.0164094 0.00892197 0.000537479 -0.0116046 -0.0133009 -0.0111134 -0.00919901 -0.00469498 -0.00132842 0.00173611 0.00735176
internal_weight=47.3961 25.2821 22.1141 11.4954 9.8498 8.14352 6.36643 23.3081 21.8711 20.4022 15.672 14.001 11.3264 7.97558
internal_count=381 188 193 143 65 50 34 176 162 155 92 86 72 60
is_linear=0
shrinkage=0.05


Tree=107
num_leaves=15
num_cat=0
split_feature=96 145 111 43 145 45 46 151 126 151 122 151 110 137
split_gain=0.441898 0.660737 1.07185 0.831639 0.820039 1.03101 1.55102 0.631429 1.32268 0.498469 0.503607 0.497782 0.463575 0.406399
threshold=1.0000000180025095e-35 1.0000000180025095e-35 1.0000000180025095e-35 1.0000000180025095e-35 1.5000000000000002 1.0000000180025095e-35 1.0000000180025095e-35 2.5000000000000004 1.0000000180025095e-35 1.0000000180025095e-35 1.0000000180025095e-35 1.0000000180025095e-35 1.0000000180025095e-35 1.0000000180025095e-35
decision_type=2 2 2 2 2 2 2 2 2 2 2 2 2 2
left_child=1 13 3 4 7 6 12 11 -9 10 -4 -3 -6 -1
right_child=-2 2 9 -5 5 -7 -8 8 -10 -11 -12 -13 -14 -15
leaf_value=-0.0066936158531076305 -0.015947357972966914 0.0095836560673427853 0.010443779562558077 -0.029361288805338333 0.061372688558170664 -0.019504302100796012 -0.0040424420931404513 0.040823969808947917 -0.0031272387801889023 -0.029227368321482157 -0.018176686588604375 -0.013972420164787766 0.12329999759391733 -0.032777989183844204
leaf_weight=2.9815110191702834 10.949549039360134 3.6274803616106599 2.6182517409324664 1.6411792805884022 0.84451355971395947 0.71485653868876387 0.82134786248207081 2.8835308644920579 4.2126282397657633 3.8170296319294721 3.721936047077179 5.8748989459127188 0.4705998357385397 2.9915027916431427
leaf_count=14 43 20 19 21 24 23 7 24 60 33 17 41 7 15
internal_value=-0.00711785 -0.00452043 -0.00160789 0.00481845 0.00770254 0.0324734 0.0498651 0.00344737 0.0147324 -0.0149519 -0.00635754 -0.00498002 0.0835327 -0.0197576
internal_weight=48.1708 37.2213 31.2483 21.091 19.4499 2.85132 2.13646 16.5985 7.09616 10.1572 6.34019 9.50238 1.31511 5.97301
internal_count=368 325 296 227 206 61 38 145 84 69 36 61 31 29
is_linear=0
shrinkage=0.05


Tree=108
num_leaves=15
num_cat=0
split_feature=96 144 73 12 94 43 154 145 111 145 122 99 132 144
split_gain=4.45575 1.39108 2.19867 0.925895 0.805799 0.998866 0.997736 0.569195 0.464258 0.562327 0.47467 0.467082 1.04925 1.00117
threshold=1.0000000180025095e-35 3.5000000000000004 1.0000000180025095e-35 1.0000000180025095e-35 1.0000000180025095e-35 1.0000000180025095e-35 1.0000000180025095e-35 2.5000000000000004 1.0000000180025095e-35 1.5000000000000002 1.0000000180025095e-35 1.0000000180025095e-35 1.0000000180025095e-35 1.0000000180025095e-35
decision_type=2 2 2 2 2 2 2 2 2 2 2 2 2 2
left_child=1 3 -3 4 -1 6 7 8 9 11 -11 13 -13 -6
right_child=-2 2 -4 -5 5 -7 -8 -9 -10 10 -12 12 -14 -15
leaf_value=-0.033244286452373498 0.035642810156953336 0.068562605173845187 -0.028662117768899067 -0.019177743292271014 -0.03390259404128583 -0.028238481071532852 -0.031608450284105666 0.033885820343088326 -0.01966226484390432 0.079043683434450868 0.019424145050297676 0.046603221168658192 -0.003762553928977569 0.0086644683957640793
leaf_weight=1.9359853242058331 7.7160061392933121 1.4842535392381244 0.95605495502240945 12.995719458907841 1.9857296496629766 2.6350944149307898 1.7080092374235381 1.9528065659105784 1.670774636790157 0.44799766968935784 1.3103054687380791 1.758186899125574 2.5107519999146461 4.538372989743948
leaf_count=12 44 45 9 101 8 21 15 16 9 24 14 24 12 25
internal_value=0.00101017 -0.00604249 0.0304723 -0.00855611 -0.00240863 0.000500883 0.0047357 0.0085735 0.00509792 0.00839388 0.0346146 0.00412224 0.0169809 -0.00429159
internal_weight=45.606 37.89 2.44031 35.4497 22.454 20.518 17.8829 16.1749 14.2221 12.5513 1.7583 10.793 4.26894 6.5241
internal_count=379 335 54 281 180 168 147 132 116 107 38 69 36 33
is_linear=0
shrinkage=0.05


Tree=109
num_leaves=15
num_cat=0
split_feature=96 68 158 94 44 144 126 111 144 148 98 149 122 120
split_gain=1.2899 0.816698 1.08258 0.603733 0.448191 0.728812 0.449338 0.700612 1.87122 0.659605 0.516813 0.882112 0.747619 0.0289711
threshold=1.0000000180025095e-35 1.0000000180025095e-35 1.0000000180025095e-35 1.0000000180025095e-35 1.0000000180025095e-35 1.0000000180025095e-35 1.0000000180025095e-35 1.0000000180025095e-35 2.5000000000000004 1.0000000180025095e-35 1.0000000180025095e-35 1.0000000180025095e-35 1.0000000180025095e-35 1.0000000180025095e-35
decision_type=2 2 2 2 2 2 2 2 2 2 2 2 2 2
left_child=1 3 -3 -1 5 -5 7 8 10 -9 11 12 -7 -12
right_child=-2 2 -4 4 -6 6 -8 9 -10 -11 13 -13 -14 -15
leaf_value=-0.034204496336596932 0.016510707592690979 -0.01137655323708495 0.062563739333715437 0.030666365342006549 -0.026122293570421347 0.018784916290114806 -0.018732495717878658 -0.0045338369275115982 0.060287398544812743 -0.034507758820350461 0.015606690119920139 -0.036861746213316275 -0.013583830449555087 0.0080262432920772623
leaf_weight=1.8655870168004174 8.8157223686575872 0.96719485521316517 1.0140656300354738 1.4956976547837282 2.3299295585602513 3.0633779242634791 5.0221408177167168 5.9307342912070453 1.3473173555685214 2.6580204316414893 2.3664357140660277 2.0935393683612347 4.2710428424179554 2.6968013644218445
leaf_count=12 43 5 22 9 13 24 65 37 63 18 18 12 24 11
internal_value=-0.000682251 -0.00476524 0.0264682 -0.00652621 -0.00497441 -0.00338214 -0.00511142 -0.00231098 0.00392463 -0.0138101 -0.00131569 -0.00823543 -6.43301e-05 0.0115692
internal_weight=45.9376 37.1219 1.98126 35.1406 33.275 30.9451 29.4494 24.4273 15.8385 8.58875 14.4912 9.42796 7.33442 5.06324
internal_count=376 333 27 306 294 281 272 207 152 55 89 60 48 29
is_linear=0
shrinkage=0.05


Tree=110
num_leaves=15
num_cat=0
split_feature=145 144 110 137 65 74 145 145 144 73 99 99 151 12
split_gain=0.589876 0.880358 0.421338 2.29509 1.14056 0.896536 0.657774 0.46511 0.371418 1.26558 1.21404 0.772773 0.651822 0.634954
threshold=1.0000000180025095e-35 1.0000000180025095e-35 1.0000000180025095e-35 1.0000000180025095e-35 1.0000000180025095e-35 1.0000000180025095e-35 2.5000000000000004 2.5000000000000004 1.5000000000000002 1.0000000180025095e-35 1.0000000180025095e-35 1.0000000180025095e-35 1.5000000000000002 1.0000000180025095e-35
decision_type=2 2 2 2 2 2 2 2 2 2 2 2 2 2
left_child=1 -1 4 7 5 8 -5 -4 11 10 -10 -2 -13 -12
right_child=2 -3 3 6 -6 -7 -8 -9 9 -11 13 12 -14 -15
leaf_value=0.0035004358354217505 0.044940935500132229 -0.035947924699289285 -0.026352389281076073 0.074781668131988846 0.050786477522194208 0.043846372671379537 0.0099749084742613951 -0.0056791941456176666 -0.072044064958095427 0.0019807394982191569 0.053308039071014536 -0.020446197098901813 0.02094467347489988 -0.028488880447058513
leaf_weight=2.9002763181924811 1.364072650671005 2.7603790313005447 4.5536599345505202 0.99503541365265913 1.2925947058247391 1.2619923911988724 0.64556522550992668 6.7590737473219633 1.201227318495512 18.252106290310621 0.3806203366257277 1.8284073676914077 1.9825184848159549 0.62986095086671412
leaf_count=15 11 13 24 10 25 12 18 37 3 139 21 10 22 12
internal_value=-0.0006032 -0.0157363 0.00147869 -0.0059858 0.00490822 0.00270375 0.0492806 -0.0140007 0.000678635 -0.00234768 -0.0380679 0.0126458 0.00108615 0.00232176
internal_weight=46.8074 5.66066 41.1467 12.9533 28.1934 26.9008 1.6406 11.3127 25.6388 20.4638 2.21171 5.175 3.81093 1.01048
internal_count=372 28 344 89 255 230 28 61 218 175 36 43 32 33
is_linear=0
shrinkage=0.05


Tree=111
num_leaves=15
num_cat=0
split_feature=122 110 144 65 147 65 144 146 39 10 144 126 145 114
split_gain=1.18413 1.91762 1.67211 1.284 1.07673 0.853532 0.793876 0.51745 0.655194 0.438585 0.684505 0.316216 0.300322 0.258129
threshold=1.0000000180025095e-35 1.0000000180025095e-35 1.5000000000000002 1.0000000180025095e-35 1.0000000180025095e-35 1.0000000180025095e-35 2.5000000000000004 1.0000000180025095e-35 1.0000000180025095e-35 1.0000000180025095e-35 1.5000000000000002 1.0000000180025095e-35 2.5000000000000004 1.0000000180025095e-35
decision_type=2 2 2 2 2 2 2 2 2 2 2 2 2 2
left_child=1 3 -3 7 -4 6 -2 11 9 10 -9 13 -7 -1
right_child=5 2 4 -5 -6 12 -8 8 -10 -11 -12 -13 -14 -15
leaf_value=-0.0044685458120594657 -0.041796885739160836 -0.027898242837836998 0.058715674642790365 -0.046809198463028057 0.0010507286900591597 -0.0078586605368204179 -0.010050767001440631 -0.053908806310843084 0.031485804764923943 -0.060705445649018523 0.051779767715257399 0.013337265469180667 0.023761186646349408 0.0064850649080697128
leaf_weight=13.124645186588179 3.4746428746730071 0.97880060970783134 3.2698357836343348 1.4779177447780956 1.0758673767559228 1.5529575096443289 4.5455361953936517 0.34036411345004924 0.42036459129303683 0.92572825588285923 0.27860157703980803 5.5753125585615626 1.4540717497002331 9.1130742952227592
leaf_count=76 15 5 41 10 10 12 30 2 7 4 33 74 13 39
internal_value=-0.000924402 0.0034051 0.0311417 -0.00131987 0.0444395 -0.0152866 -0.0238044 0.000937814 -0.0238588 -0.03892 -0.0063375 0.00268975 0.00743136 2.02719e-05
internal_weight=47.6077 36.5805 5.3245 31.256 4.3457 11.0272 8.02018 29.7781 1.96506 1.54469 0.618966 27.813 3.00703 22.2377
internal_count=371 301 56 245 51 70 45 235 46 39 35 189 25 115
is_linear=0
shrinkage=0.05


Tree=112
num_leaves=15
num_cat=0
split_feature=156 137 110 65 122 99 120 44 149 147 126 122 65 151
split_gain=2.25787 1.1721 1.08252 0.751155 0.819722 0.808486 0.733097 0.768705 0.89152 0.527283 0.35238 0.302813 0.508993 0.343626
threshold=1.0000000180025095e-35 1.0000000180025095e-35 1.0000000180025095e-35 1.0000000180025095e-35 1.0000000180025095e-35 1.0000000180025095e-35 1.0000000180025095e-35 1.0000000180025095e-35 1.0000000180025095e-35 1.0000000180025095e-35 1.0000000180025095e-35 1.0000000180025095e-35 1.0000000180025095e-35 1.0000000180025095e-35
decision_type=2 2 2 2 2 2 2 2 2 2 2 2 2 2
left_child=2 -2 6 4 5 -4 7 8 11 -3 -10 12 13 -1
right_child=1 9 3 -5 -6 -7 -8 -9 10 -11 -12 -13 -14 -15
leaf_value=0.026913436979343893 0.14212984703390996 0.060211746331960775 0.0098251560712390804 0.0061237042824396097 -0.040815790121814521 -0.03091754525428965 -0.02429296365946107 -0.022749278798008369 -0.0060312431447460237 0.00012942909524201729 0.0093002620475171934 0.0086491630973061836 0.0013330060295466042 0.06431740619102333
leaf_weight=1.7307213544845637 0.29926307778805372 0.82555161649361253 2.3807058334350577 2.4278314989060155 4.3819022551178932 2.4923456395044914 3.0456992834806433 2.9570352770388117 13.745365724433215 0.65480689844116569 5.1528197526931754 4.2080792058259249 1.229456774890423 0.95166561659425486
leaf_count=12 6 32 17 16 16 17 10 16 74 37 65 29 6 21
internal_value=-0.00335041 0.0518801 -0.0055491 -0.01863 -0.0251235 -0.0110129 -0.000921085 0.00145367 0.0041026 0.0336355 -0.00185092 0.0179587 0.0279733 0.0401837
internal_weight=46.4832 1.77962 44.7036 11.6828 9.25495 4.87305 33.0208 29.9751 27.0181 1.48036 18.8982 8.11992 3.91184 2.68239
internal_count=374 75 299 66 50 34 233 223 207 69 139 68 39 33
is_linear=0
shrinkage=0.05


Tree=113
num_leaves=15
num_cat=0
split_feature=111 153 73 146 145 145 151 153 151 126 68 157 96 120
split_gain=0.792747 0.961159 1.71725 0.903165 3.47337 0.858167 0.38237 0.54141 0.342216 0.322788 0.270092 1.24027 0.257102 0.989661
threshold=1.0000000180025095e-35 1.0000000180025095e-35 1.0000000180025095e-35 1.0000000180025095e-35 1.0000000180025095e-35 1.5000000000000002 1.0000000180025095e-35 1.0000000180025095e-35 1.0000000180025095e-35 1.0000000180025095e-35 1.0000000180025095e-35 1.0000000180025095e-35 1.0000000180025095e-35 1.0000000180025095e-35
decision_type=2 2 2 2 2 2 2 2 2 2 2 2 2 2
left_child=1 2 5 4 -3 -1 -2 -8 -4 12 11 -5 13 -6
right_child=6 3 8 10 9 -7 7 -9 -10 -11 -12 -13 -14 -15
leaf_value=0.0016678990147644982 -0.0023598605279003906 0.082712601118017176 0.037910303993496576 0.060345082432969738 0.024364294520390333 0.035621008386731476 -0.0388176518999888 -0.0013569986238281539 0.080700723829735269 0.0082446248920779105 -0.049561002263836543 -0.046241614269404166 -0.011422932568096358 -0.016868440759508992
leaf_weight=9.1077999267727083 5.1245087943971139 1.2648993730545104 0.8948181867599494 0.38403611630201251 2.6723746694624433 2.3389526642858991 2.2916133236140013 1.6655529446434232 0.97785239107906818 5.0785783231258383 1.0262419150676578 0.94337478280067444 9.4186989739537239 3.1952890753746033
leaf_count=56 29 9 7 28 43 18 9 24 17 66 8 18 36 11
internal_value=0.00187218 0.00509742 0.0158673 -0.000883698 0.00231698 0.00860565 -0.0113755 -0.0230506 0.0602542 -0.00267652 -0.0302976 -0.0154048 -0.00630485 0.00191064
internal_weight=46.3846 37.3029 13.3194 23.9835 21.6298 11.4468 9.08168 3.95717 1.87267 20.3649 2.35365 1.32741 15.2864 5.86766
internal_count=379 317 98 219 165 74 62 33 24 156 54 46 90 54
is_linear=0
shrinkage=0.05


Tree=114
num_leaves=15
num_cat=0
split_feature=144 145 151 122 146 99 111 144 126 144 145 144 120 99
split_gain=1.21656 1.02534 1.36651 0.834427 0.560697 0.365093 0.833361 0.586678 0.318994 0.372196 0.609663 0.407861 0.409168 0.303753
threshold=3.5000000000000004 3.5000000000000004 1.5000000000000002 1.0000000180025095e-35 1.0000000180025095e-35 1.0000000180025095e-35 1.0000000180025095e-35 1.0000000180025095e-35 1.0000000180025095e-35 1.5000000000000002 1.0000000180025095e-35 2.5000000000000004 1.0000000180025095e-35 1.0000000180025095e-35
decision_type=2 2 2 2 2 2 2 2 2 2 2 2 2 2
left_child=3 2 -2 4 5 7 8 -1 9 10 -7 12 -11 -6
right_child=1 -3 -4 -5 13 6 -8 -9 -10 11 -12 -13 -14 -15
leaf_value=-0.011805310314097208 -0.029072595612609956 0.06808122179712961 0.07536849026609907 -0.020837393708628405 -0.060970998082942013 0.012321993317539349 -0.033035190599593832 0.019152210657495766 -0.012806050774960921 0.03361537306388733 -0.020205429435768099 -0.00063427227633616832 0.0039102286394349399 -0.016915623484624803
leaf_weight=2.3521329164504996 1.0312203518114973 1.0049168134573847 0.44979941833298664 8.6075391387566906 0.56492117047309864 2.1853113770485004 2.3642473332583895 4.3806881718337536 5.4132590461522332 2.1344430358149102 4.2269807122647762 9.2746873036958277 2.5373173952102661 1.2727478155866254
leaf_count=11 9 13 30 49 2 12 11 32 69 22 24 42 10 36
internal_value=-0.00495773 0.0290983 0.00264713 -0.00682604 -0.00354045 -0.0021218 -0.00462455 0.0083371 -0.00201824 0.000850168 -0.00912007 0.00543428 0.017482 -0.0304588
internal_weight=47.8002 2.48594 1.48102 45.3143 36.7067 34.8691 28.1362 6.73282 25.772 20.3587 6.41229 13.9464 4.67176 1.83767
internal_count=372 52 39 320 271 233 190 43 179 110 36 74 32 38
is_linear=0
shrinkage=0.05


Tree=115
num_leaves=15
num_cat=0
split_feature=43 144 56 150 146 152 111 152 114 144 39 65 110 132
split_gain=0.916001 1.60206 0.340923 0.368863 1.47466 0.590752 0.451995 0.687006 0.784801 0.744589 0.968653 0.49954 0.720608 1.28979
threshold=1.0000000180025095e-35 1.5000000000000002 1.0000000180025095e-35 1.0000000180025095e-35 1.0000000180025095e-35 1.0000000180025095e-35 1.0000000180025095e-35 1.0000000180025095e-35 1.0000000180025095e-35 2.5000000000000004 1.0000000180025095e-35 1.0000000180025095e-35 1.0000000180025095e-35 1.0000000180025095e-35
decision_type=2 2 2 2 2 2 2 2 2 2 2 2 2 2
left_child=2 -2 3 6 5 -5 7 11 9 -9 -11 12 13 -1
right_child=1 -3 -4 4 -6 -7 -8 8 -10 10 -12 -13 -14 -15
leaf_value=0.032045962536175351 -0.018328379815726908 0.078132898662907332 -0.02851442503136974 0.00094135826747254812 -0.028035058631160455 0.075364924652958548 -0.01930788842952446 -0.023415777357502846 -0.00036653110642498175 -0.027209353445075947 0.065263865980459149 -0.013693127420951018 -0.02088943855486515 -0.010852298822930916
leaf_weight=4.7439110185950977 0.87239994853734859 0.84966094815172255 1.9181337689515192 0.39733976870775156 1.1607002315577117 0.81060691736638546 7.363052104599773 10.983023971319197 9.7287228181958199 0.56474403291940756 0.56802138034254313 3.0297034494578829 1.5855162665247915 2.7783888503909111
leaf_count=47 8 19 12 6 26 22 43 83 41 21 6 16 7 13
internal_value=-0.00653188 0.0292654 -0.0078828 -0.00697749 0.0122116 0.0508842 -0.00807683 -0.00564335 -0.0109427 -0.0194351 0.019161 0.00389409 0.00974446 0.0162013
internal_weight=47.3539 1.72206 45.6319 43.7137 2.36865 1.20795 41.3451 33.982 21.8445 12.1158 1.13277 12.1375 9.10782 7.5223
internal_count=370 27 343 331 54 28 277 234 151 110 27 83 67 60
is_linear=0
shrinkage=0.05


Tree=116
num_leaves=15
num_cat=0
split_feature=144 145 111 126 144 144 46 10 110 73 144 65 137 120
split_gain=1.07643 0.931158 1.13695 0.432747 0.649479 0.881308 0.69578 0.666987 1.37301 0.476019 0.555793 0.450647 0.3397 0.71909
threshold=3.5000000000000004 3.5000000000000004 1.0000000180025095e-35 1.0000000180025095e-35 2.5000000000000004 1.5000000000000002 1.0000000180025095e-35 1.0000000180025095e-35 1.0000000180025095e-35 1.0000000180025095e-35 1.0000000180025095e-35 1.0000000180025095e-35 1.0000000180025095e-35 1.0000000180025095e-35
decision_type=2 2 2 2 2 2 2 2 2 2 2 2 2 2
left_child=3 2 -2 4 5 9 12 8 -6 10 -1 -10 -7 -14
right_child=1 -3 -4 -5 7 6 -8 -9 11 -11 -12 -13 13 -15
leaf_value=0.021084113374590763 0.063530332335308484 0.066717947538811107 -0.022692737862474444 -0.017554145080221503 0.05976321793724524 0.0076384112030697575 -0.014332160287593904 -0.017057870301977227 0.0094954013867688935 -0.02177935798442579 -0.0073735264228768933 -0.025213731924353635 0.048515689582129359 0.010817567480933212
leaf_weight=2.3788720183074457 0.57468817685730678 1.0075746518559752 1.1422110183630139 5.0793975014239541 0.93843089672736546 3.1374972993507964 1.7280406914651401 10.356395293492824 1.8683021161705256 3.3097335454076537 6.1551033388823271 1.8723653899505734 2.3903233790770173 2.686928391456604
leaf_count=14 26 13 14 66 41 24 7 38 14 16 42 8 30 11
internal_value=-0.00189293 0.0285609 0.00616823 -0.00387307 -0.00198584 0.00353067 0.0145063 -0.00997928 0.00568798 -0.00568338 0.000559129 -0.00787802 0.0205727 0.0285655
internal_weight=44.6259 2.72447 1.7169 41.9014 36.822 21.7865 9.94279 15.0355 4.6791 11.8437 8.53398 3.74067 8.21475 5.07725
internal_count=364 53 40 311 245 144 72 101 63 72 56 22 65 41
is_linear=0
shrinkage=0.05


Tree=117
num_leaves=15
num_cat=0
split_feature=148 128 149 94 146 65 44 144 111 147 158 158 111 126
split_gain=1.31479 1.98222 1.40439 0.689789 0.600348 0.774493 1.02406 0.735221 0.981313 0.470293 1.12781 0.424895 0.351655 0.478709
threshold=1.0000000180025095e-35 1.0000000180025095e-35 1.0000000180025095e-35 1.0000000180025095e-35 1.0000000180025095e-35 1.0000000180025095e-35 1.0000000180025095e-35 1.5000000000000002 1.0000000180025095e-35 1.0000000180025095e-35 1.0000000180025095e-35 1.0000000180025095e-35 1.0000000180025095e-35 1.0000000180025095e-35
decision_type=2 2 2 2 2 2 2 2 2 2 2 2 2 2
left_child=3 -2 -3 -1 5 6 12 -7 -9 -6 -11 -8 13 -5
right_child=1 2 -4 4 9 7 11 8 -10 10 -12 -13 -14 -15
leaf_value=-0.034791315917533067 -0.0025465765734559464 0.012760140186226213 0.09089157337736023 0.00029879208484963869 -0.046917323427605045 -0.0037485803496706892 0.010619430513897467 0.072768847724386521 0.0059142452512650316 -0.054648533366953057 0.067626468387044794 0.062352427236299426 -0.019159961087138928 -0.017037733988298026
leaf_weight=1.7267103940248478 3.4173321966081849 1.0122419549152257 1.3319338350556789 18.263271271716814 1.2979193208739155 1.8142433762550343 0.8293013870716095 1.0953170411521569 1.1002530194818974 0.40232990682125103 0.35496307257562854 0.76122951298020669 4.2228292720392338 5.0920820217579594
leaf_count=8 21 13 28 100 12 11 4 20 7 2 32 16 25 65
internal_value=-0.0004729 0.0217435 0.0571535 -0.00393606 -0.00242393 -0.000799534 -0.00363193 0.0198042 0.0392664 -0.0286475 0.00266497 0.0353789 -0.00588182 -0.00348103
internal_weight=42.722 5.76151 2.34418 36.9604 35.2337 33.1785 29.1687 4.00981 2.19557 2.05521 0.757293 1.59053 27.5782 23.3554
internal_count=364 62 41 302 294 248 210 38 27 46 34 20 190 165
is_linear=0
shrinkage=0.05


Tree=118
num_leaves=15
num_cat=0
split_feature=63 148 146 150 15 144 99 144 43 99 73 122 144 114
split_gain=0.63753 0.671623 1.8617 0.627708 0.729555 1.1477 0.342028 0.194027 0.540788 0.218365 0.189675 0.1479 0.302279 0.140875
threshold=1.0000000180025095e-35 1.0000000180025095e-35 1.0000000180025095e-35 1.0000000180025095e-35 1.0000000180025095e-35 1.5000000000000002 1.0000000180025095e-35 2.5000000000000004 1.0000000180025095e-35 1.0000000180025095e-35 1.0000000180025095e-35 1.0000000180025095e-35 1.0000000180025095e-35 1.0000000180025095e-35
decision_type=2 2 2 2 2 2 2 2 2 2 2 2 2 2
left_child=1 3 6 7 5 -5 -3 8 9 11 -11 12 -1 -9
right_child=-2 2 -4 4 -6 -7 -8 13 -10 10 -12 -13 -14 -15
leaf_value=-0.012356487509825582 -0.034661515352062348 0.013476425296492726 -0.043969304343671273 -0.048078296410908744 0.083224259138161158 0.057737426488671452 0.050816491441165637 0.0017664599169993731 -0.036352992402338399 -0.022651600703511601 -0.0091939981127454207 -0.010411725076043883 0.014112568934857473 -0.0082111330427677119
leaf_weight=1.7591502740979201 1.9103122140513722 0.96597004681825693 0.96433279151096929 0.52725161053240188 0.39632909954525519 0.49855829332955182 1.6796155737247309 6.6112064158078265 1.9252557605504979 3.3875975310802486 11.529125195927918 3.0123267695307732 2.7882512621581554 7.6097155213356018
leaf_count=8 19 9 12 4 9 34 18 65 11 20 101 16 18 26
internal_value=-0.00638877 -0.00515156 0.0155042 -0.00701362 0.0256095 0.00334966 0.0371827 -0.00821485 -0.0109203 -0.00874179 -0.0122502 -0.00181899 0.00387308 -0.00357262
internal_weight=45.565 43.6547 3.60992 40.0448 1.42214 1.02581 2.64559 38.6226 24.4017 22.4765 14.9167 7.55973 4.5474 14.2209
internal_count=370 351 39 312 47 38 27 265 174 163 121 42 26 91
is_linear=0
shrinkage=0.05


Tree=119
num_leaves=15
num_cat=0
split_feature=110 56 145 44 149 43 40 148 122 144 144 111 15 151
split_gain=1.37383 1.95328 1.67282 1.02701 1.09252 1.38012 0.986382 0.562768 0.538422 1.62917 0.406687 0.386695 0.240885 0.197039
threshold=1.0000000180025095e-35 1.0000000180025095e-35 2.5000000000000004 1.0000000180025095e-35 1.0000000180025095e-35 1.0000000180025095e-35 1.0000000180025095e-35 1.0000000180025095e-35 1.0000000180025095e-35 2.5000000000000004 1.5000000000000002 1.0000000180025095e-35 1.0000000180025095e-35 1.0000000180025095e-35
decision_type=2 2 2 2 2 2 2 2 2 2 2 2 2 2
left_child=1 3 11 4 5 13 10 12 9 -4 -6 -2 -5 -1
right_child=2 -3 8 7 6 -7 -8 -9 -10 -11 -12 -13 -14 -15
leaf_value=0.053386924491684223 -0.017676715205658829 -0.052912121848843113 -0.035608114739275561 0.018520177053921751 -0.012534577970475556 -0.01060743175052236 -0.031363000698917724 -0.037670854365292578 -0.0041127743452560612 0.063109163247555125 0.012606502449905913 -0.042232986751217831 -0.013412367407866067 0.033294825376813379
leaf_weight=2.5040826760232546 2.9773014108650369 1.3278184852097172 0.64544539153575886 1.0595963764935723 1.78591181337834 1.5461157569661734 1.5579256457276631 1.587427676888183 4.2535170586779714 1.1857653916813431 16.196345328353345 3.4736167322844267 1.334261336363852 2.3799875946715474
leaf_count=21 18 9 2 10 9 11 11 7 24 28 145 20 15 40
internal_value=0.000825176 0.00643008 -0.0131604 0.00906084 0.0126859 0.0305631 0.00680303 -0.0145861 0.00564624 0.0283144 0.0101096 -0.0308995 0.000721977 0.0435961
internal_weight=43.8151 31.2795 12.5356 29.9517 25.9704 6.43019 19.5402 3.98129 6.08473 1.83121 17.9823 6.45092 2.39386 4.88407
internal_count=370 278 92 269 237 72 165 32 54 30 154 38 25 61
is_linear=0
shrinkage=0.05


Tree=120
num_leaves=15
num_cat=0
split_feature=17 149 12 158 15 56 122 65 110 96 120 158 65 144
split_gain=1.39247 0.596814 1.94661 2.32774 1.08397 0.322004 0.60636 0.585878 0.447476 0.266848 0.507715 0.162691 0.252813 0.174354
threshold=1.0000000180025095e-35 1.0000000180025095e-35 1.0000000180025095e-35 1.0000000180025095e-35 1.0000000180025095e-35 1.0000000180025095e-35 1.0000000180025095e-35 1.0000000180025095e-35 1.0000000180025095e-35 1.0000000180025095e-35 1.0000000180025095e-35 1.0000000180025095e-35 1.0000000180025095e-35 1.5000000000000002
decision_type=2 2 2 2 2 2 2 2 2 2 2 2 2 2
left_child=1 4 3 -3 5 6 11 8 -8 10 -4 -1 13 -13
right_child=-2 2 9 -5 -6 -7 7 -9 -10 -11 -12 12 -14 -15
leaf_value=0.01734725906946679 0.053274917341920115 -0.018512253763975691 -0.013824930635530456 0.072274917433897842 -0.050197152412964845 -0.024244566461967633 -0.0063938744369041074 0.0091260627544593395 -0.033798057284924632 0.0046210741846573469 0.011025004845463456 -0.0030396305023627293 -0.011614470393139996 0.016037678553216014
leaf_weight=2.2281856238842064 1.1589987715706218 1.0901517793536188 8.1665255315601843 2.0037809172645238 1.4349863678216923 1.9923669041600067 2.7724851304665208 2.1853263257071376 3.2193242199718952 7.6240510866045943 2.7468216754496089 2.014482110738756 2.3454776499420404 2.9537879331037402
leaf_count=12 35 6 75 77 7 11 19 17 13 30 12 17 13 32
internal_value=-0.000802649 -0.0022678 0.00357145 0.0402859 -0.00824095 -0.00518655 -0.00304363 -0.0130352 -0.0211178 -0.00255627 -0.00757036 0.0055188 0.00191518 0.00830241
internal_weight=43.9368 42.7778 21.6313 3.09393 21.1464 19.7114 17.7191 8.17714 5.99181 18.5374 10.9133 9.54193 7.31375 4.96827
internal_count=376 341 200 83 141 134 123 49 32 117 87 74 62 49
is_linear=0
shrinkage=0.05


Tree=121
num_leaves=15
num_cat=0
split_feature=144 94 46 146 132 40 151 43 111 65 12 132 137 114
split_gain=0.513656 0.38689 0.439074 0.465744 0.748738 1.58018 0.546705 0.786516 0.407839 0.902172 0.7299 1.84494 0.4036 0.281792
threshold=1.0000000180025095e-35 1.0000000180025095e-35 1.0000000180025095e-35 1.0000000180025095e-35 1.0000000180025095e-35 1.0000000180025095e-35 1.0000000180025095e-35 1.0000000180025095e-35 1.0000000180025095e-35 1.0000000180025095e-35 1.0000000180025095e-35 1.0000000180025095e-35 1.0000000180025095e-35 1.0000000180025095e-35
decision_type=2 2 2 2 2 2 2 2 2 2 2 2 2 2
left_child=-1 -2 3 6 -5 -6 7 -3 9 10 11 -8 -10 -12
right_child=1 2 -4 4 5 -7 8 -9 12 -11 13 -13 -14 -15
leaf_value=0.018776804873366776 -0.028598977083880157 0.019220863461944158 0.014274196615361232 -0.04058584424939931 0.076272284839557059 -0.055082415481778384 0.064094669791329259 -0.021598793344900308 -0.036869022552877488 -0.042475816454457228 -0.010881709578474006 -0.0077325724898144365 -0.0028891530214195408 0.0013233342105552096
leaf_weight=2.6532595194876185 1.5284347261767823 5.1750569120049468 3.3831708976067594 2.0271144275320689 0.48172480682842422 0.43634851835668087 1.4101297988090764 1.5286539793014524 1.9758751895278683 1.4117161284666497 10.34972325945273 2.4425969794392586 1.5668396161636338 8.7085053287446499
leaf_count=15 14 39 23 47 17 4 29 10 9 15 85 13 18 38
internal_value=-0.00256563 -0.00390036 -0.00297731 -0.00453311 -0.0236199 0.0138411 -0.00290697 0.00991272 -0.00599107 -0.00368249 -0.00129214 0.0185568 -0.0218407 -0.00530471
internal_weight=45.0792 42.4259 40.8975 37.5143 2.94519 0.918073 34.5691 6.70371 27.8654 24.3227 22.911 3.85273 3.54271 19.0582
internal_count=376 361 347 324 68 21 256 49 207 180 165 42 27 123
is_linear=0
shrinkage=0.05


Tree=122
num_leaves=15
num_cat=0
split_feature=43 65 45 132 46 73 144 44 111 151 10 151 65 148
split_gain=1.4321 1.71973 1.29822 2.26675 0.606102 0.379757 0.809637 1.32714 0.672173 0.589681 0.556651 0.834583 0.733464 0.452296
threshold=1.0000000180025095e-35 1.0000000180025095e-35 1.0000000180025095e-35 1.0000000180025095e-35 1.0000000180025095e-35 1.0000000180025095e-35 2.5000000000000004 1.0000000180025095e-35 1.0000000180025095e-35 2.5000000000000004 1.0000000180025095e-35 1.0000000180025095e-35 1.0000000180025095e-35 1.0000000180025095e-35
decision_type=2 2 2 2 2 2 2 2 2 2 2 2 2 2
left_child=2 -2 4 -4 5 6 7 8 13 -7 11 -8 -13 -1
right_child=1 -3 3 -5 -6 9 10 -9 -10 -11 -12 12 -14 -15
leaf_value=0.021311282325224876 0.093856844966532293 -0.013138527566338376 0.08235969767922148 -0.061246920447743186 -0.029834087512702435 -0.031399538276081294 -0.02363419173881403 -0.017285231449407756 -0.0092460070050688053 -0.01039386836688185 -0.040678273504844237 0.069320212428376035 -0.014309876614265924 0.059499191143505083
leaf_weight=3.2178027397021634 0.73498062044381984 0.76794875657651573 0.9062094036489714 0.39436963200569153 4.2444712785072616 3.9707003980875042 2.3543691597878929 3.9282401464879513 1.4188042208552358 21.069735340774059 1.9335890940856186 0.5566250644624231 0.49561758618801832 1.0215231850743292
leaf_count=28 7 15 31 1 23 17 12 22 8 127 15 29 11 13
internal_value=-0.00883545 0.0391856 -0.0104212 0.0388144 -0.0118696 -0.0099618 -0.00364913 0.00504221 0.0205434 -0.0137248 -0.0192512 -0.00708929 0.0299295 0.0305132
internal_weight=47.015 1.50293 45.5121 1.30058 44.2115 39.967 14.9266 9.58637 5.65813 25.0404 5.3402 3.40661 1.05224 4.23933
internal_count=359 22 337 32 305 282 138 71 49 144 67 52 40 41
is_linear=0
shrinkage=0.05


Tree=123
num_leaves=15
num_cat=0
split_feature=122 120 145 153 44 128 37 151 40 151 148 151 126 145
split_gain=1.86949 1.33524 0.593654 0.983372 1.03702 0.902245 0.888143 0.590855 0.542094 0.688673 0.539095 1.14971 0.315631 0.307493
threshold=1.0000000180025095e-35 1.0000000180025095e-35 1.5000000000000002 1.0000000180025095e-35 1.0000000180025095e-35 1.0000000180025095e-35 1.0000000180025095e-35 1.5000000000000002 1.0000000180025095e-35 1.0000000180025095e-35 1.0000000180025095e-35 1.0000000180025095e-35 1.0000000180025095e-35 1.5000000000000002
decision_type=2 2 2 2 2 2 2 2 2 2 2 2 2 2
left_child=1 2 3 4 8 -5 10 13 9 -1 -4 -12 -7 -2
right_child=7 -3 6 5 -6 12 -8 -9 -10 -11 11 -13 -14 -15
leaf_value=0.015792147675159268 -0.027711034754006249 0.04381159416542231 0.0098991726777207106 -0.046042260520141598 -0.025790265805158072 0.0029176449862754255 -0.033933840894293653 -0.042991276797246895 -0.0032125361267930255 0.06048396410683269 -0.0022161772617257471 0.084894012640649136 -0.015283157544690885 -0.0078480629675367342
leaf_weight=2.4086555056273986 2.7204128503799421 2.034181520342826 10.692903444927646 1.7381600085645903 1.4852351695299146 4.421084493631497 1.0563853783532984 2.0614204043522468 1.5692979693412779 1.3423692490905521 0.75021900236606665 0.76506343681830913 5.164490133523941 6.866263410076499
leaf_count=16 14 10 91 11 6 41 8 18 8 22 6 18 56 45
internal_value=-0.00145665 0.00455412 0.00201041 -0.00387085 0.0111502 -0.0128985 0.0100486 -0.0187065 0.0214627 0.0317859 0.0138544 0.0417656 -0.00688853 -0.0134846
internal_weight=45.0761 33.428 31.3939 18.1293 6.80556 11.3237 13.2646 11.6481 5.32032 3.75102 12.2082 1.51528 9.58557 9.58668
internal_count=370 293 283 160 52 108 123 77 46 38 115 24 97 59
is_linear=0
shrinkage=0.05


Tree=124
num_leaves=15
num_cat=0
split_feature=148 40 44 137 150 94 152 114 110 145 145 146 145 144
split_gain=0.555022 1.23622 0.908444 0.814232 0.783645 0.74338 0.695486 0.531193 0.450929 2.64212 0.293607 0.267539 0.264336 0.428897
threshold=1.0000000180025095e-35 1.0000000180025095e-35 1.0000000180025095e-35 1.0000000180025095e-35 1.0000000180025095e-35 1.0000000180025095e-35 1.0000000180025095e-35 1.0000000180025095e-35 1.0000000180025095e-35 1.5000000000000002 1.0000000180025095e-35 1.0000000180025095e-35 2.5000000000000004 3.5000000000000004
decision_type=2 2 2 2 2 2 2 2 2 2 2 2 2 2
left_child=4 2 3 -2 5 -1 -6 8 9 10 -7 -8 -10 -14
right_child=1 -3 -4 -5 6 7 11 -9 12 -11 -12 -13 13 -15
leaf_value=-0.038763268813006506 0.024794003178543824 -0.016353207502990769 -0.0090186476407363002 0.080976543870691961 -0.010735936389375153 -0.011396809346463381 0.072874241792652561 -0.012302037140122807 -0.018454784235952607 0.068537073552829633 0.0035326568836256318 0.013409253902989506 0.016010225677376744 -0.01440740561791597
leaf_weight=1.4883009791374195 1.7122867088764897 2.1813654697034508 1.0346066055353733 1.0345134708331898 0.59982593310996779 4.4289705604314848 0.73265795619226992 10.481721371412275 3.7884761318564433 1.5165357601363201 12.841868358664215 0.25497549318242818 2.110921872779727 2.5695848017930984
leaf_count=6 17 17 9 18 12 21 24 38 21 40 111 15 13 16
internal_value=-0.000627569 0.0136216 0.0309131 0.0459537 -0.00270933 -0.00410309 0.0317307 -0.00273618 0.000942477 0.00526038 -0.000295887 0.0575223 -0.00863625 -0.000688967
internal_weight=46.7766 5.96277 3.78141 2.7468 40.8138 39.2264 1.58746 37.7381 27.2564 18.7874 17.2708 0.987633 8.46898 4.68051
internal_count=378 61 44 35 317 266 51 260 222 172 132 39 50 29
is_linear=0
shrinkage=0.05


Tree=125
num_leaves=15
num_cat=0
split_feature=132 110 94 10 146 98 43 142 151 114 145 145 150 110
split_gain=1.90219 2.70984 0.718423 0.603639 0.395049 0.522289 0.922949 0.679801 0.763437 0.643999 0.542247 0.442504 0.535089 0.296118
threshold=1.0000000180025095e-35 1.0000000180025095e-35 1.0000000180025095e-35 1.0000000180025095e-35 1.0000000180025095e-35 1.0000000180025095e-35 1.0000000180025095e-35 1.0000000180025095e-35 1.0000000180025095e-35 1.0000000180025095e-35 1.0000000180025095e-35 1.0000000180025095e-35 1.0000000180025095e-35 1.0000000180025095e-35
decision_type=2 2 2 2 2 2 2 2 2 2 2 2 2 2
left_child=2 -2 -1 -3 5 6 7 8 -4 -7 -10 -6 -13 -12
right_child=1 3 4 -5 11 9 -8 -9 10 -11 13 12 -14 -15
leaf_value=-0.038181529549159383 0.082652868597356072 0.020799095587612167 0.008618675772375883 -0.027667569257915633 -0.053806335920839769 -0.014544244748275779 -0.019120126500142342 -0.020785693096029189 0.0046528816549037946 0.0035980443889052772 0.071464111888888585 -0.021674254835302401 0.052174638431526123 0.030871711013893327
leaf_weight=1.4568829368799914 1.6085921978810791 1.5171377272345126 8.4827811680734104 1.1142864320427179 0.75597409158945028 10.992491441313177 3.0031740710255681 1.4238135884515948 0.78409803658723953 8.8132511600852013 1.0627562049776313 1.2485550637356935 0.30526015115901817 0.7783034611493348
leaf_count=7 26 16 51 7 5 91 29 10 4 38 20 29 20 11
internal_value=-0.000281552 0.0315282 -0.00373037 0.000275705 -0.00239728 -0.00108792 0.00577532 0.0117414 0.0159107 -0.0064712 0.0394737 -0.022431 -0.00716601 0.0543038
internal_weight=43.3474 4.24002 39.1073 2.63142 37.6505 35.3407 15.5349 12.5318 11.1079 19.8057 2.62516 2.30979 1.55382 1.84106
internal_count=364 49 315 23 308 254 125 96 86 129 35 54 49 31
is_linear=0
shrinkage=0.05


Tree=126
num_leaves=15
num_cat=0
split_feature=45 122 145 151 146 40 94 63 46 145 65 126 120 73
split_gain=0.789448 1.34316 0.425088 1.35715 0.536098 1.19665 0.354665 0.329113 0.325809 0.242815 0.811966 0.685793 0.492407 0.5239
threshold=1.0000000180025095e-35 1.0000000180025095e-35 1.0000000180025095e-35 1.0000000180025095e-35 1.0000000180025095e-35 1.0000000180025095e-35 1.0000000180025095e-35 1.0000000180025095e-35 1.0000000180025095e-35 1.5000000000000002 1.0000000180025095e-35 1.0000000180025095e-35 1.0000000180025095e-35 1.0000000180025095e-35
decision_type=2 2 2 2 2 2 2 2 2 2 2 2 2 2
left_child=2 -2 3 -1 6 8 -4 9 -6 10 11 12 13 -8
right_child=1 -3 4 -5 5 -7 7 -9 -10 -11 -12 -13 -14 -15
leaf_value=-0.019556844468355386 0.087830439486813031 -0.012431397522059483 -0.032109022011939319 0.03211923144664023 0.066517234429671585 -0.049953727405044016 -0.0016544912589121761 -0.025339560210658463 0.014821351302607222 -0.00058729418829697798 -0.039313303307206365 -0.019793687575541809 -0.011234120853172956 0.030206768419131915
leaf_weight=2.2437623813748351 0.63695315516088047 0.70239909761585295 1.3415489516919468 2.9292330518364906 0.77361092506907769 0.43404277763329435 2.7362437266856379 2.0494204610586158 0.50292082875967026 17.131277506821789 1.9588762223720557 4.8826639670878658 3.34917251765728 2.441413976252079
leaf_count=10 32 7 13 20 34 6 21 10 4 114 11 59 12 18
internal_value=-0.00254985 0.0352499 -0.00373344 0.00970498 -0.00558223 0.0217648 -0.00688562 -0.00590619 0.0461504 -0.00468072 -0.00924371 -0.0048511 0.00370538 0.013369
internal_weight=44.1135 1.33935 42.7742 5.173 37.6012 1.71057 35.8906 34.5491 1.27653 32.4996 15.3684 13.4095 8.52683 5.17766
internal_count=371 39 332 30 302 44 258 245 38 235 121 110 51 39
is_linear=0
shrinkage=0.05


Tree=127
num_leaves=15
num_cat=0
split_feature=151 145 145 37 12 110 145 46 145 46 99 120 158 151
split_gain=1.9526 1.54934 0.896802 0.479683 0.553742 0.481129 1.58779 1.32354 0.612589 0.495811 0.404315 0.340672 0.199921 0.188278
threshold=2.5000000000000004 1.0000000180025095e-35 1.5000000000000002 1.0000000180025095e-35 1.0000000180025095e-35 1.0000000180025095e-35 1.5000000000000002 1.0000000180025095e-35 2.5000000000000004 1.0000000180025095e-35 1.0000000180025095e-35 1.0000000180025095e-35 1.0000000180025095e-35 1.5000000000000002
decision_type=2 2 2 2 2 2 2 2 2 2 2 2 2 2
left_child=3 -2 11 4 5 6 9 -8 -7 10 12 -3 -1 -12
right_child=1 2 -4 -5 -6 8 7 -9 -10 -11 13 -13 -14 -15
leaf_value=-0.014917243619025531 -0.038037361709848345 0.03620735864405579 0.0055804982641050891 0.017440723766815557 -0.043319524387098352 -0.031279735568719262 0.071061747701867739 -0.022462305597255823 -0.006461900583504987 0.016422380817921824 -0.033699273965893971 0.014781618680376321 0.0067919253202374562 -0.014291354391633211
leaf_weight=1.8610695973038671 1.3892766535282159 5.3304853341542184 8.5369676385307685 1.6399541534483422 1.2205678216414515 4.2707671839743853 1.2097864863462753 0.55040195584297169 5.9513715880457312 1.5941887423396117 2.3560901461169133 2.8456917703151703 2.4653554745018509 2.6609436180442572
leaf_count=9 6 77 62 14 19 24 34 5 38 8 11 12 21 22
internal_value=0.000111361 0.0126979 0.0169153 -0.0087266 -0.0105042 -0.00875671 -0.00225691 0.0418173 -0.0168307 -0.00934974 -0.013747 0.0287502 -0.00254656 -0.0234057
internal_weight=43.8829 18.1024 16.7131 25.7805 24.1405 22.92 12.6978 1.76019 10.2221 10.9376 9.34346 8.17618 4.32643 5.01703
internal_count=362 157 151 205 191 172 110 39 62 71 63 89 30 33
is_linear=0
shrinkage=0.05


Tree=128
num_leaves=15
num_cat=0
split_feature=145 65 145 128 43 99 144 137 39 144 148 96 73 122
split_gain=0.644916 1.22983 0.814119 1.17814 0.463759 0.535862 0.721926 0.669488 1.37008 0.756051 0.702857 0.522151 0.466167 0.388308
threshold=2.5000000000000004 1.0000000180025095e-35 1.0000000180025095e-35 1.0000000180025095e-35 1.0000000180025095e-35 1.0000000180025095e-35 1.5000000000000002 1.0000000180025095e-35 1.0000000180025095e-35 2.5000000000000004 1.0000000180025095e-35 1.0000000180025095e-35 1.0000000180025095e-35 1.0000000180025095e-35
decision_type=2 2 2 2 2 2 2 2 2 2 2 2 2 2
left_child=2 13 3 -1 5 6 -4 12 9 -9 -11 -10 -7 -2
right_child=1 -3 4 -5 -6 7 -8 8 11 10 -12 -13 -14 -15
leaf_value=-0.007542777062264 0.021931636743230037 0.059397795392228593 0.030071165733522909 0.045773846717174355 -0.035015557392135639 -0.038702890443984957 -0.0057536523517604174 0.061466323053645661 -0.019472943577099496 0.056493996170751737 -0.04810418988239068 -0.0025100895646858515 -0.0051372535311876967 -0.0085552422104179845
leaf_weight=2.6605563610792151 1.4617154740262766 1.0564954417059196 1.8943323381245125 1.6969978809356687 1.7221042297314841 3.3972597131505635 5.4580099582672119 1.0453296811319912 10.080470222048461 0.26646576868370164 0.40426391630899161 8.2492137774825096 1.4872508076950905 3.6588815902359784
leaf_count=14 28 18 15 12 17 18 34 21 80 23 10 33 16 25
internal_value=-0.00471241 0.0102813 -0.0071267 0.0132208 -0.00973414 -0.00838551 0.00347662 -0.0118838 -0.00783923 0.034882 -0.00654969 -0.0118389 -0.0284827 0.000147482
internal_weight=44.5393 6.17709 38.3623 4.35755 34.0047 32.2826 7.35234 24.9303 20.0457 1.71606 0.67073 18.3297 4.88451 5.1206
internal_count=364 71 293 26 267 250 49 201 167 54 33 113 34 53
is_linear=0
shrinkage=0.05


Tree=129
num_leaves=15
num_cat=0
split_feature=114 145 44 145 111 137 73 128 144 148 152 98 126 128
split_gain=0.606661 0.652163 1.26007 0.454418 0.46465 0.727049 0.278027 0.803502 0.214639 0.201517 0.311258 0.520442 0.386376 0.289306
threshold=1.0000000180025095e-35 1.0000000180025095e-35 1.0000000180025095e-35 1.5000000000000002 1.0000000180025095e-35 1.0000000180025095e-35 1.0000000180025095e-35 1.0000000180025095e-35 3.5000000000000004 1.0000000180025095e-35 1.0000000180025095e-35 1.0000000180025095e-35 1.0000000180025095e-35 1.0000000180025095e-35
decision_type=2 2 2 2 2 2 2 2 2 2 2 2 2 2
left_child=1 2 -1 9 5 -5 7 8 -6 10 -3 -12 -13 -11
right_child=-2 3 -4 4 6 -7 -8 -9 -10 13 11 12 -14 -15
leaf_value=0.034811498785971701 0.010276178564831401 -5.2589052643627841e-05 -0.018937054199507111 0.0036447013373512305 0.015409193651264162 0.057450913895308257 -0.025629159279867333 -0.033468977693868987 -0.0055391202637360588 -0.040780019616005414 -0.041069323523350409 0.0052553520562229061 -0.018280338132278588 -0.010961909552182549
leaf_weight=2.675361953675746 8.1945337615907174 5.0094599118456289 1.8406678289175031 3.8458958761766526 3.0328711159527302 0.75030973757384334 1.6674015251919625 1.6206463234266264 2.048821261851117 1.4263588711619368 1.6406166553497312 2.6833011284470558 4.9804260581731796 1.8931155889295042
leaf_count=18 38 42 10 30 23 64 11 20 15 7 13 12 57 18
internal_value=-0.00197382 -0.00483249 0.0129044 -0.00745021 -0.000344512 0.0124283 -0.00735866 -0.00281334 0.00696332 -0.0126751 -0.0101011 -0.0155112 -0.0100398 -0.0237746
internal_weight=43.3098 35.1153 4.51603 30.5992 12.9659 4.59621 8.36974 6.70234 5.08169 17.6333 14.3138 9.30434 7.66373 3.31947
internal_count=378 340 28 312 163 94 69 58 38 149 124 82 69 25
is_linear=0
shrinkage=0.05


Tree=130
num_leaves=15
num_cat=0
split_feature=145 98 43 12 98 68 144 122 94 114 158 132 122 110
split_gain=1.90769 1.93603 1.00667 0.820774 1.09633 0.760684 0.667215 1.12677 0.549362 0.407506 0.212988 0.351441 0.737287 1.05815
threshold=2.5000000000000004 1.0000000180025095e-35 1.0000000180025095e-35 1.0000000180025095e-35 1.0000000180025095e-35 1.0000000180025095e-35 3.5000000000000004 1.0000000180025095e-35 1.0000000180025095e-35 1.0000000180025095e-35 1.0000000180025095e-35 1.0000000180025095e-35 1.0000000180025095e-35 1.0000000180025095e-35
decision_type=2 2 2 2 2 2 2 2 2 2 2 2 2 2
left_child=2 6 3 5 -5 8 7 -2 -1 -6 -10 12 13 -12
right_child=1 -3 -4 4 9 -7 -8 -9 10 -11 11 -13 -14 -15
leaf_value=-0.03234993872591467 0.065714115934305845 -0.051947010529282633 -0.04862792771528409 -0.044861301878035963 -0.016024101095839002 0.036936544853920721 0.066102205473872674 -0.003022993055294073 -0.013057415710836793 -0.001113821629887339 0.069163846313880895 -0.0084050686529097383 -0.0036870969129379006 0.0079640511564721857
leaf_weight=1.3064914233982516 0.96943590987939354 0.68720143823884416 1.4964668732136477 2.4181160853477222 9.7991148144938052 1.4197409842163331 1.4410266106715424 1.5485612004995346 2.0322944223880706 8.6079837586730719 1.0800716100493502 3.4413861662615091 3.7829313101246953 2.0409210231155157
leaf_count=7 16 7 15 21 76 21 34 12 10 37 46 22 27 12
internal_value=-0.00469571 0.0255221 -0.00844712 -0.00677357 -0.0132094 0.00210024 0.038969 0.023441 -0.00151407 -0.00905139 0.00174075 0.00464779 0.0111542 0.0291433
internal_weight=42.0717 4.64623 37.4255 35.9291 20.8252 15.1038 3.95902 2.518 13.6841 18.4071 12.3776 10.3453 6.90392 3.12099
internal_count=363 69 294 279 134 145 62 28 124 113 117 107 85 58
is_linear=0
shrinkage=0.05


Tree=131
num_leaves=15
num_cat=0
split_feature=144 46 40 94 46 142 151 12 99 132 151 144 144 145
split_gain=1.05148 1.51298 0.612454 0.570038 0.531758 0.405225 1.30487 0.592009 0.683282 2.5868 0.654363 0.478771 0.540719 0.259611
threshold=3.5000000000000004 1.0000000180025095e-35 1.0000000180025095e-35 1.0000000180025095e-35 1.0000000180025095e-35 1.0000000180025095e-35 1.5000000000000002 1.0000000180025095e-35 1.0000000180025095e-35 1.0000000180025095e-35 2.5000000000000004 1.0000000180025095e-35 1.5000000000000002 2.5000000000000004
decision_type=2 2 2 2 2 2 2 2 2 2 2 2 2 2
left_child=2 -2 3 -1 5 7 -7 8 11 -10 -9 -5 -13 -14
right_child=1 -3 -4 4 -6 6 -8 10 9 -11 -12 12 13 -15
leaf_value=-0.037004838752560588 0.067059404513121285 -0.013198965684823758 0.02595450045210387 -0.019268438927633486 0.023157206413284663 -0.066071630305724952 0.017511179977493165 -0.034066944780304829 0.079267126325008985 -0.016985132119531451 -0.0058819764129342048 0.030410510087858202 -0.011412943911466611 0.0097297462836632639
leaf_weight=1.3369679674506176 1.2896958694327614 1.0780591703951359 1.6746148043312121 2.7288657575845701 1.7476023174822319 1.0166121972724784 0.86364057008177031 2.2767020128667381 1.2725371137494212 1.5461893081665039 21.567728580906987 1.6560752652585504 3.2403310369700193 2.6306519024074078
leaf_count=6 42 8 17 13 12 3 20 12 46 9 132 17 22 18
internal_value=-0.0019324 0.0305171 -0.00369629 -0.00488179 -0.00382259 -0.00503782 -0.0276802 -0.00388466 0.00466575 0.0264687 -0.00857312 -0.00132655 0.00517811 -0.00193939
internal_weight=45.9263 2.36776 43.5585 41.8839 40.5469 38.7993 1.88025 36.9191 13.0747 2.81873 23.8444 10.2559 7.52706 5.87098
internal_count=377 50 327 310 304 292 23 269 125 55 144 70 57 40
is_linear=0
shrinkage=0.05


Tree=132
num_leaves=15
num_cat=0
split_feature=151 39 142 151 144 137 99 144 151 99 152 152 145 110
split_gain=0.87349 0.444086 0.567377 0.706105 0.478455 0.531656 0.848603 0.657048 0.548095 0.458809 0.438809 0.557974 0.38854 0.376055
threshold=2.5000000000000004 1.0000000180025095e-35 1.0000000180025095e-35 1.5000000000000002 1.0000000180025095e-35 1.0000000180025095e-35 1.0000000180025095e-35 2.5000000000000004 1.5000000000000002 1.0000000180025095e-35 1.5000000000000002 1.0000000180025095e-35 1.0000000180025095e-35 1.0000000180025095e-35
decision_type=2 2 2 2 2 2 2 2 2 2 2 2 2 2
left_child=1 2 4 -4 -1 8 -7 -8 9 13 11 -5 -2 -6
right_child=12 -3 3 10 5 6 7 -9 -10 -11 -12 -13 -14 -15
leaf_value=-0.032688006225589844 -0.018950209411288169 -0.033503805261682666 -0.062805652833477568 -0.028409397765764406 0.012628285378802 -0.025397333195112205 0.062589992185819079 -0.0018171620758446504 -0.026835113599843665 -0.022199448030004575 -0.033851502963195675 0.081987896533534332 0.0063969810280449686 -0.0053528438326813981
leaf_weight=1.4868058431893683 1.6436717212200189 1.7927614037180308 1.00254446058534 0.20816242322325706 4.6505971066653817 0.75744995288550865 1.0505633186548937 0.63551199319772433 2.7486692219972602 2.4729362279176668 0.54782580735627562 0.25425475861993618 18.855132208729628 7.7590414993464947
leaf_count=8 8 16 6 3 37 8 15 10 15 12 12 19 162 48
internal_value=-0.00331128 -0.00951401 -0.00768965 -0.0330776 -0.00531967 -0.00329268 0.0185645 0.0383138 -0.00632188 -0.00253328 -0.00357605 0.0322913 0.00436455 0.00138571
internal_weight=45.8659 25.3671 23.5744 2.01279 21.5616 20.0748 2.44353 1.68608 17.6312 14.8826 1.01024 0.462417 20.4988 12.4096
internal_count=379 209 193 40 153 145 33 25 112 97 34 22 170 85
is_linear=0
shrinkage=0.05


Tree=133
num_leaves=15
num_cat=0
split_feature=114 120 144 99 37 122 46 46 144 142 73 151 99 122
split_gain=0.671753 0.357656 0.326323 0.979041 1.08032 0.557669 0.554158 0.525061 0.528766 0.625579 0.370055 0.257649 0.666366 0.26829
threshold=1.0000000180025095e-35 1.0000000180025095e-35 2.5000000000000004 1.0000000180025095e-35 1.0000000180025095e-35 1.0000000180025095e-35 1.0000000180025095e-35 1.0000000180025095e-35 1.0000000180025095e-35 1.0000000180025095e-35 1.0000000180025095e-35 1.5000000000000002 1.0000000180025095e-35 1.0000000180025095e-35
decision_type=2 2 2 2 2 2 2 2 2 2 2 2 2 2
left_child=1 2 7 5 6 -4 -5 8 -1 10 11 12 13 -10
right_child=-2 -3 3 4 -6 -7 -8 -9 9 -11 -12 -13 -14 -15
leaf_value=0.010330976376049213 0.0097183635822439308 0.011175938388045242 0.014173331608383952 0.060175439402409936 -0.013513445269301348 -0.018981009375412344 -0.0083833879694492457 0.014143478261437326 0.013837446342234836 -0.044563516242210978 -0.020277412717589861 0.013723444286041176 -0.035146193957554889 -0.011661819555969899
leaf_weight=2.0836309269070723 8.2989720813930017 2.7445152588188639 1.6871057134121654 1.5187951964035145 1.2203840864822268 5.1098405923694372 0.36571825435385119 1.8828342780470837 2.1146901696920386 1.7625787402503199 8.5079489545896649 1.4736880217678843 1.7873842623084781 2.0139632504433393
leaf_count=13 39 12 14 78 13 29 6 9 18 12 84 19 9 14
internal_value=-0.00304535 -0.00613599 -0.00764297 -0.000125371 0.0231365 -0.0107516 0.0468706 -0.0110849 -0.0134908 -0.0163014 -0.0131679 -0.00498263 -0.00964232 0.00139887
internal_weight=42.572 34.2731 31.5286 9.90184 3.1049 6.79695 1.88451 21.6267 19.7439 17.6603 15.8977 7.38973 5.91604 4.12865
internal_count=369 330 318 140 97 43 84 178 169 156 144 60 41 32
is_linear=0
shrinkage=0.05


Tree=134
num_leaves=15
num_cat=0
split_feature=43 146 68 151 144 99 122 158 63 111 46 111 148 39
split_gain=1.39154 0.356943 0.328721 0.602206 1.09581 0.228341 0.403645 0.915573 0.276162 0.22268 0.222132 0.204977 0.362806 0.143859
threshold=1.0000000180025095e-35 1.0000000180025095e-35 1.0000000180025095e-35 1.5000000000000002 1.5000000000000002 1.0000000180025095e-35 1.0000000180025095e-35 1.0000000180025095e-35 1.0000000180025095e-35 1.0000000180025095e-35 1.0000000180025095e-35 1.0000000180025095e-35 1.0000000180025095e-35 1.0000000180025095e-35
decision_type=2 2 2 2 2 2 2 2 2 2 2 2 2 2
left_child=1 5 3 -3 -5 6 7 -1 11 -9 -8 12 13 -7
right_child=-2 2 -4 4 -6 8 10 9 -10 -11 -12 -13 -14 -15
leaf_value=-0.01107112950477738 -0.040580916285796492 -0.025761962835831084 -0.042859119149418035 -0.053677504559197335 0.066614569402728654 0.0097643585720820162 0.0043624577707657014 0.044452422258617744 -0.020370000180865041 0.018956213199782461 -0.01688777290195791 -0.019701910501871117 0.020651115926275304 -0.0029318496372744405
leaf_weight=1.9511508494615553 2.3419454245886291 1.5478493927512316 0.88277342810761172 0.2837969735264777 0.56871441216208041 2.5239589163102343 3.5103701613843441 1.7309977896511537 1.9090911606326688 1.6949255727231503 1.8929043300449846 1.3358304777648289 2.0283664432354263 19.232152961660177
leaf_count=9 26 11 10 2 49 38 24 16 8 15 9 11 18 121
internal_value=-0.0030928 -0.000956297 -0.0167704 -0.00717579 0.0265699 0.000416886 0.00656953 0.0162681 -0.00203702 0.0318385 -0.00308204 -0.000643755 0.000426627 -0.00145894
internal_weight=43.4348 41.0929 3.28313 2.40036 0.852511 37.8097 10.7803 5.37707 27.0294 3.42592 5.40327 25.1203 23.7845 21.7561
internal_count=367 341 72 62 51 269 73 40 196 31 33 188 177 159
is_linear=0
shrinkage=0.05


Tree=135
num_leaves=15
num_cat=0
split_feature=37 145 43 12 144 68 150 151 145 144 99 144 151 40
split_gain=0.730504 0.538755 0.512749 0.505598 0.755937 0.529448 0.584263 0.322628 0.878751 0.916733 0.291577 1.16558 0.996432 0.264699
threshold=1.0000000180025095e-35 2.5000000000000004 1.0000000180025095e-35 1.0000000180025095e-35 1.0000000180025095e-35 1.0000000180025095e-35 1.0000000180025095e-35 1.0000000180025095e-35 3.5000000000000004 2.5000000000000004 1.0000000180025095e-35 1.5000000000000002 1.5000000000000002 1.0000000180025095e-35
decision_type=2 2 2 2 2 2 2 2 2 2 2 2 2 2
left_child=1 2 3 4 -1 10 -7 -3 9 -9 11 -6 -12 -14
right_child=-2 7 -4 -5 5 6 -8 8 -10 -11 12 -13 13 -15
leaf_value=0.036687632896956528 0.025691591697738603 0.014276467648698497 -0.034779358259029107 -0.012974924488179346 0.03119638648152669 0.063759214751549137 -0.0065071971821370521 -0.028501697172022378 -0.058174747629737456 0.058406095791754022 -0.044881048333876565 -0.013916747086106025 0.022588102846390429 -0.010981193773876378
leaf_weight=1.2300353180617083 1.7469296632334579 4.1790656596422187 1.9078334884252388 21.482283887453377 1.9765655249357204 0.57256380282342501 0.61210461799055338 0.6173521503806112 0.64035796374082554 0.59673749099601991 1.909587555564938 5.1947285607457161 1.0356828880030662 1.3561749170767143
leaf_count=9 15 28 16 134 15 8 12 3 7 29 7 32 39 10
internal_value=-0.00600826 -0.00728685 -0.00953036 -0.00816844 -0.000733353 -0.00436989 0.0274534 0.00657447 -0.0107823 0.0142144 -0.00765594 -0.00148258 -0.0179481 0.00355443
internal_weight=45.058 43.3111 37.2776 35.3697 13.8874 12.6574 1.18467 6.03351 1.85445 1.21409 11.4727 7.17129 4.30145 2.39186
internal_count=364 349 282 266 132 123 20 67 39 32 103 47 56 49
is_linear=0
shrinkage=0.05


Tree=136
num_leaves=15
num_cat=0
split_feature=126 120 110 56 74 40 65 145 73 151 144 148 145 145
split_gain=2.17355 0.526832 0.446849 1.83026 0.497499 0.410862 0.526076 0.3755 0.825369 1.71461 1.1358 0.696111 0.357917 2.23869
threshold=1.0000000180025095e-35 1.0000000180025095e-35 1.0000000180025095e-35 1.0000000180025095e-35 1.0000000180025095e-35 1.0000000180025095e-35 1.0000000180025095e-35 1.5000000000000002 1.0000000180025095e-35 1.0000000180025095e-35 1.5000000000000002 1.0000000180025095e-35 2.5000000000000004 3.5000000000000004
decision_type=2 2 2 2 2 2 2 2 2 2 2 2 2 2
left_child=1 2 3 4 5 6 7 8 9 -1 -10 -11 -4 -14
right_child=-2 -3 12 -5 -6 -7 -8 -9 10 11 -12 -13 13 -15
leaf_value=0.076836680001627647 0.034774918488307938 -0.020324131604294946 -0.015215504544688747 -0.057769876676811598 0.038327023055957449 0.035402828740043017 -0.016393493809565018 0.00089534697820190683 -0.027748373265085391 0.03365727201419836 0.027572048575232072 -0.010653940764260194 -0.013788251585810599 0.064794749764157139
leaf_weight=1.3439801931381365 4.913089337758719 3.0882951952517024 6.108517363201825 1.1077554281218898 1.27873184531927 1.1459142270032305 2.6000104830309274 9.7162535008974373 2.0300909271463752 1.6983775184489787 1.7088559269905093 1.853699806611985 4.4225282671977766 1.1399128403281791
leaf_count=12 66 11 39 8 14 15 26 70 11 22 16 18 36 16
internal_value=0.00342304 -0.000502112 0.00119107 0.00502888 0.00800483 0.00625013 0.00465564 0.00763789 0.0152247 0.0287334 -0.00246461 0.0105329 -0.00686 0.00231579
internal_weight=44.156 39.2429 36.1546 24.4837 23.3759 22.0972 20.9513 18.3513 8.635 4.89606 3.73895 3.55208 11.671 5.56244
internal_count=380 314 303 212 204 190 175 149 79 52 27 40 91 52
is_linear=0
shrinkage=0.05


Tree=137
num_leaves=15
num_cat=0
split_feature=144 132 15 126 99 158 128 43 65 145 145 122 149 111
split_gain=1.61232 2.19703 0.776227 0.976216 1.71301 1.68576 0.672238 0.394303 0.707112 0.386412 0.240525 0.220388 0.584601 0.524603
threshold=2.5000000000000004 1.0000000180025095e-35 1.0000000180025095e-35 1.0000000180025095e-35 1.0000000180025095e-35 1.0000000180025095e-35 1.0000000180025095e-35 1.0000000180025095e-35 1.0000000180025095e-35 1.0000000180025095e-35 1.5000000000000002 1.0000000180025095e-35 1.0000000180025095e-35 1.0000000180025095e-35
decision_type=2 2 2 2 2 2 2 2 2 2 2 2 2 2
left_child=1 2 3 4 7 -6 -3 8 9 -1 -11 12 -2 -13
right_child=11 6 -4 -5 5 -7 -8 -9 -10 10 -12 13 -14 -15
leaf_value=-0.0071177579199437502 0.019233309241080573 0.026099512523881853 -0.033793143325073487 -0.015365911199760171 0.077975329951440908 0.015848037577088882 0.077258759177474656 -0.029340562233963131 -0.029024850251766529 0.035972257431868854 0.0064210450524351571 0.0055667380415257463 -0.013912174622058727 -0.030935441142891908
leaf_weight=2.0940299406647744 1.5014398932689808 1.4011063799262038 1.5113785029388953 5.1387532074004403 1.3724250495433805 5.3411945272237089 1.185361260548234 1.4504363872110841 1.6266737282276151 1.3942572865635157 1.3604459334164858 1.2966880369931448 11.671277719462523 4.085954618640244
leaf_count=10 22 9 12 62 10 40 13 11 9 12 13 20 94 20
internal_value=-0.00256151 0.0060307 0.0007441 0.00338331 0.00996467 0.0285483 0.0495455 -0.00577671 -0.000498608 0.0090715 0.021378 -0.0136175 -0.0101342 -0.022142
internal_weight=42.4314 23.8761 21.2896 19.7782 14.6395 6.71362 2.58647 7.92584 6.47541 4.84873 2.7547 18.5554 13.1727 5.38264
internal_count=357 201 179 167 105 50 22 55 44 35 25 156 116 40
is_linear=0
shrinkage=0.05


Tree=138
num_leaves=15
num_cat=0
split_feature=63 114 40 12 149 152 137 73 43 158 99 110 46 126
split_gain=0.59762 0.392423 0.228307 0.235587 1.12351 0.566653 0.521005 0.402727 0.332717 0.37197 0.51829 0.780669 0.428526 0.0823116
threshold=1.0000000180025095e-35 1.0000000180025095e-35 1.0000000180025095e-35 1.0000000180025095e-35 1.0000000180025095e-35 2.5000000000000004 1.0000000180025095e-35 1.0000000180025095e-35 1.0000000180025095e-35 1.0000000180025095e-35 1.0000000180025095e-35 1.0000000180025095e-35 1.0000000180025095e-35 1.0000000180025095e-35
decision_type=2 2 2 2 2 2 2 2 2 2 2 2 2 2
left_child=1 2 3 4 6 -6 7 8 9 -1 11 -11 -13 -5
right_child=-2 -3 -4 13 5 -7 -8 -9 -10 10 -12 12 -14 -15
leaf_value=-0.020576368894399882 0.02802741708599206 0.0085226330255860887 -0.020898971371144794 -0.011487594730858197 0.067603112712160129 -0.006853811442419983 -0.033079280627348072 0.024126231522187156 -0.018717172774375901 0.042349429840706769 -0.01383398223712312 0.01288299824234663 -0.01711311429102946 -0.003322884887010949
leaf_weight=1.6408992558717734 1.9142761278199021 9.2467168942093831 1.718638339138123 6.2883232822641748 0.91565348653239087 0.35445013549178839 1.2446198292309425 1.6210452178493149 2.5018314803019157 1.6479405537247682 2.6159850116819117 3.6256840545684099 1.7728598862886427 6.0632879920303822
leaf_count=7 22 43 17 40 49 7 17 23 17 16 18 24 7 66
internal_value=0.000716785 -0.000550367 -0.00317118 -0.0021654 0.00149321 0.0468243 -0.00196043 0.000550304 -0.00221805 0.00143379 0.0051716 0.0122274 0.0030324 -0.00747962
internal_weight=43.1722 41.2579 32.0112 30.2926 17.941 1.2701 16.6709 15.4262 13.8052 11.3034 9.66247 7.04648 5.39854 12.3516
internal_count=373 351 308 291 185 56 129 112 89 72 65 47 31 106
is_linear=0
shrinkage=0.05


Tree=139
num_leaves=15
num_cat=0
split_feature=120 40 152 122 144 111 99 132 144 43 111 145 98 54
split_gain=0.550578 0.299978 0.186432 0.502331 0.456962 0.448514 0.707112 0.789401 0.426776 0.25363 0.443069 0.405174 0.148815 0.515246
threshold=1.0000000180025095e-35 1.0000000180025095e-35 1.0000000180025095e-35 1.0000000180025095e-35 2.5000000000000004 1.0000000180025095e-35 1.0000000180025095e-35 1.0000000180025095e-35 1.0000000180025095e-35 1.0000000180025095e-35 1.0000000180025095e-35 1.5000000000000002 1.0000000180025095e-35 1.0000000180025095e-35
decision_type=2 2 2 2 2 2 2 2 2 2 2 2 2 2
left_child=1 2 3 4 5 6 8 -8 -1 10 11 -5 13 -4
right_child=-2 -3 12 9 -6 -7 7 -9 -10 -11 -12 -13 -14 -15
leaf_value=-0.01985147435609487 0.016606340277588904 -0.025832733053247126 -0.010505130350605801 -0.018744266713172295 0.033653917098048047 -0.018879336203659683 0.054436738073407986 -0.0040635905335090353 0.010914634983474503 0.0056737583024893748 -0.030444946191378709 0.012832897285560278 -0.0064868462659981073 -0.065828215211472405
leaf_weight=2.1447767093777648 2.8379687666892996 1.8509716105181713 3.3936277888715298 2.2549614161252975 1.2930433754809207 2.0188881531357765 1.3821224262937897 0.98951691016554821 2.3757609557360411 1.9096168456599114 2.753703236579895 1.8487126957625148 16.664389889105223 0.4804476499557494
leaf_count=11 12 21 89 10 14 11 25 5 18 14 12 19 115 1
internal_value=-0.00469784 -0.00615964 -0.00523798 -0.00166429 0.00587719 0.00184664 0.00791779 0.0300287 -0.0036824 -0.010442 -0.0149298 -0.0045187 -0.00853895 -0.0173661
internal_weight=44.1985 41.3605 39.5096 18.9711 10.2041 8.91107 6.89218 2.37164 4.52054 8.76699 6.85738 4.10367 20.5385 3.87408
internal_count=377 365 344 139 84 70 59 30 29 55 41 29 205 90
is_linear=0
shrinkage=0.05


Tree=140
num_leaves=15
num_cat=0
split_feature=56 146 145 110 148 151 151 145 65 43 65 152 122 151
split_gain=0.808045 0.780693 0.734657 1.1677 1.1714 0.876204 0.374962 0.367641 0.436583 0.332461 0.42171 0.875973 0.534942 1.13679
threshold=1.0000000180025095e-35 1.0000000180025095e-35 2.5000000000000004 1.0000000180025095e-35 1.0000000180025095e-35 1.5000000000000002 1.0000000180025095e-35 1.5000000000000002 1.0000000180025095e-35 1.0000000180025095e-35 1.0000000180025095e-35 1.0000000180025095e-35 1.0000000180025095e-35 1.0000000180025095e-35
decision_type=2 2 2 2 2 2 2 2 2 2 2 2 2 2
left_child=1 2 3 4 9 -4 -3 -8 -9 10 11 12 13 -1
right_child=-2 6 5 -5 -6 -7 7 8 -10 -11 -12 -13 -14 -15
leaf_value=0.01087108595406051 -0.036725432044428567 -0.067409877647986602 0.032705015405452134 -0.022775698130892707 0.037008030152839343 -0.023549662282697382 -0.031416504785973111 0.061173024822560207 -0.028371440801998344 -0.025509605189565139 -0.022294472056512641 -0.0024488839761940997 0.0042482991684755431 0.092723012268817587
leaf_weight=1.0364997722208631 1.7990581465419371 0.50394934415817205 3.0291391834616657 6.1122785131447008 2.1289149848744264 0.89721950341481704 1.6322249213699254 0.26999737846199412 0.27453019155655056 1.3754744827747334 1.9875496253371228 18.740973306121305 1.5780141148716211 0.71806583832949411
leaf_count=8 13 1 29 34 18 22 21 30 5 13 9 126 12 19
internal_value=-0.00394022 -0.00247608 -0.000617653 -0.00300391 0.00138021 0.0198502 -0.0285456 -0.019548 0.0160281 -0.00160166 -0.000234938 0.00175135 0.0253716 0.0443694
internal_weight=42.0839 40.2848 37.6041 33.6778 27.5655 3.92636 2.6807 2.17675 0.544528 25.4366 24.0611 22.0736 3.33258 1.75457
internal_count=360 347 290 239 205 51 57 56 35 187 174 165 39 27
is_linear=0
shrinkage=0.05


Tree=141
num_leaves=15
num_cat=0
split_feature=17 65 144 144 110 46 151 144 151 137 132 144 44 144
split_gain=1.29983 0.706689 1.78549 0.954773 0.58294 0.675687 1.02622 0.753 0.353312 0.23028 0.286033 0.235128 0.215399 0.201877
threshold=1.0000000180025095e-35 1.0000000180025095e-35 1.5000000000000002 2.5000000000000004 1.0000000180025095e-35 1.0000000180025095e-35 1.5000000000000002 1.0000000180025095e-35 1.0000000180025095e-35 1.0000000180025095e-35 1.0000000180025095e-35 2.5000000000000004 1.0000000180025095e-35 1.5000000000000002
decision_type=2 2 2 2 2 2 2 2 2 2 2 2 2 2
left_child=1 4 -3 -4 5 6 7 -1 -5 11 -11 -6 -9 -8
right_child=-2 2 3 8 9 -7 13 12 -10 10 -12 -13 -14 -15
leaf_value=-0.0040478773404922707 0.053454326093454241 -0.015031958674790215 0.10768965480086463 0.05355814361981362 -0.02796820645414588 -0.032841885493432442 -0.012954187867030826 0.050056648989831282 -0.0011196257460913625 0.027563291864824507 -0.013869530957932885 -0.0094184363654955163 0.022255381893155769 -0.00056452671796061369
leaf_weight=1.6031216084957183 1.0998209677636612 1.8461776115000241 0.58187561482191075 0.67569829523563363 3.6265924982726556 1.5044892048463214 3.9978818660602 1.7052146373316646 0.52499768792768009 0.64394246356096085 1.1796081463689916 3.2296353289857507 1.1780287625733763 18.511361091339495
leaf_count=8 35 12 8 5 18 10 28 24 19 16 13 21 11 145
internal_value=-0.000184239 -0.00162984 0.0194314 0.0551245 -0.00368541 -0.000230321 0.00158715 0.0234233 0.0296506 -0.0150302 0.000761461 -0.0192303 0.0386977 -0.00276506
internal_weight=41.9084 40.8086 3.62875 1.78257 37.1799 28.5001 26.9956 4.48637 1.2007 8.67978 1.82355 6.85623 2.88324 22.5092
internal_count=373 338 44 32 294 226 216 43 24 68 29 39 35 173
is_linear=0
shrinkage=0.05


Tree=142
num_leaves=15
num_cat=0
split_feature=145 99 122 10 73 153 65 145 99 110 74 145 145 126
split_gain=1.34725 2.1691 0.676283 1.32882 1.69554 1.40223 1.29751 1.18198 0.988787 0.560009 0.618415 0.318665 0.257616 0.105972
threshold=1.0000000180025095e-35 1.0000000180025095e-35 1.0000000180025095e-35 1.0000000180025095e-35 1.0000000180025095e-35 1.0000000180025095e-35 1.0000000180025095e-35 1.5000000000000002 1.0000000180025095e-35 1.0000000180025095e-35 1.0000000180025095e-35 1.5000000000000002 1.5000000000000002 1.0000000180025095e-35
decision_type=2 2 2 2 2 2 2 2 2 2 2 2 2 2
left_child=1 -1 3 4 5 8 9 -8 12 10 -4 -6 -2 -5
right_child=2 -3 6 13 11 -7 7 -9 -10 -11 -12 -13 -14 -15
leaf_value=-0.0094974010297353938 -0.00027510330989848964 0.060311211128577513 -0.033279660169988977 -0.014270370979029473 0.10505106364882351 0.057795339448641216 -0.02984499377090526 0.036656100022275533 -0.029329360343264152 -0.046541846937246945 0.010414790840526053 0.0418694074203547 0.028201529526158644 -0.0063755905250455118
leaf_weight=2.7395473346114159 1.758448909968138 1.8739208802580822 2.3920113113708776 15.996927663218232 0.49539656192064274 1.0216393394512122 1.1662929728627207 1.5644932738505302 2.5068386215716627 3.5009718611836433 1.2242242880165579 0.33420010702684522 1.448371263220906 5.7888003960251799
leaf_count=14 14 14 20 69 15 56 8 18 17 14 12 20 14 64
internal_value=-0.00669968 0.0188578 -0.00970765 -0.00590345 0.0121508 0.00384312 -0.0210456 0.00825411 -0.00580389 -0.0322875 -0.0184875 0.0795986 0.0125865 -0.0121726
internal_weight=43.8121 4.61347 39.1986 29.3506 7.56489 6.7353 9.84799 2.73079 5.71366 7.11721 3.61624 0.829597 3.20682 21.7857
internal_count=369 28 341 269 136 101 72 26 45 46 32 35 28 133
is_linear=0
shrinkage=0.05


Tree=143
num_leaves=15
num_cat=0
split_feature=156 137 145 126 37 146 132 96 152 120 144 151 151 46
split_gain=1.02378 1.40357 1.09432 0.811813 0.774042 0.878179 0.326163 0.342898 0.431256 1.42958 0.249848 0.514869 0.256757 0.159545
threshold=1.0000000180025095e-35 1.0000000180025095e-35 1.0000000180025095e-35 1.0000000180025095e-35 1.0000000180025095e-35 1.0000000180025095e-35 1.0000000180025095e-35 1.0000000180025095e-35 1.0000000180025095e-35 1.0000000180025095e-35 1.5000000000000002 1.5000000000000002 1.0000000180025095e-35 1.0000000180025095e-35
decision_type=2 2 2 2 2 2 2 2 2 2 2 2 2 2
left_child=3 -2 -3 4 5 6 7 8 10 -10 12 13 -1 -12
right_child=1 2 -4 -5 -6 -7 -8 -9 9 -11 11 -13 -14 -15
leaf_value=-0.023511018725064458 0.14947243796830331 -0.036651942894668547 0.055610103506828538 0.013578872035064188 0.025495118650966615 -0.041879920168361839 -0.019859221057073866 -0.012550867483113647 0.034506419207478128 -0.01339406691263452 0.0089835979524159337 -0.027606801887409216 -0.00068127198199596653 -0.0061556251726332702
leaf_weight=3.2371792811900404 0.23456043517216918 0.55551978945732117 0.76258037830120884 5.4333018865436307 1.7447159998118866 1.8798579443828192 4.2149345912039271 10.200318118557336 3.0005885120481244 3.2391118705272675 5.2720719985663873 1.5423279711976645 1.9878446795046327 2.5977597087621689
leaf_count=22 5 4 60 67 17 30 25 37 28 12 38 9 15 12
internal_value=-0.0031285 0.0367798 0.0167258 -0.00452566 -0.0070533 -0.008581 -0.00680731 -0.00503711 -0.00136593 0.00964064 -0.00605793 -0.00119074 -0.0148255 0.00398628
internal_weight=45.9027 1.55266 1.3181 44.35 38.9167 37.172 35.2921 31.0772 20.8769 6.2397 14.6372 9.41216 5.22502 7.86983
internal_count=381 69 64 312 245 228 198 173 136 40 96 59 37 50
is_linear=0
shrinkage=0.05


Tree=144
num_leaves=15
num_cat=0
split_feature=40 156 146 144 37 132 65 111 152 99 122 114 145 144
split_gain=1.40695 0.732498 1.52204 0.606842 0.36026 0.692507 0.473197 0.416538 0.716961 1.38244 0.567763 0.46534 0.460329 0.280026
threshold=1.0000000180025095e-35 1.0000000180025095e-35 1.0000000180025095e-35 1.0000000180025095e-35 1.0000000180025095e-35 1.0000000180025095e-35 1.0000000180025095e-35 1.0000000180025095e-35 1.0000000180025095e-35 1.0000000180025095e-35 1.0000000180025095e-35 1.0000000180025095e-35 1.0000000180025095e-35 1.5000000000000002
decision_type=2 2 2 2 2 2 2 2 2 2 2 2 2 2
left_child=1 4 3 -3 5 6 7 8 9 12 -9 -10 -1 -8
right_child=-2 2 -4 -5 -6 -7 13 10 11 -11 -12 -13 -14 -15
leaf_value=-0.022144557818755548 -0.048441141873253594 0.16269190449737173 -0.018344474829203157 0.057480505651221564 0.020257780354097903 -0.034973498205850453 -0.0022946727585928823 0.0061741654775722106 -0.013015873999311631 0.066725526259956411 -0.030840224098759847 0.001891852755977716 0.01306478118959041 0.027479750987485986
leaf_weight=1.3645384535193441 1.6997535683913145 0.1938289701938618 0.67676867946283892 0.46789351452025585 1.5606374545022834 1.7485624030232418 1.3311694003641599 1.5588946784846474 11.635738740558736 1.0151631250046254 3.0887285880744457 9.515406034886837 2.9037795253098011 1.9413130879402158
leaf_count=7 19 2 25 33 14 11 11 16 110 21 14 40 23 12
internal_value=-0.00391115 -0.0019705 0.0343777 0.0882986 -0.00326223 -0.00427893 -0.00271666 -0.00462072 -0.00219372 0.0142818 -0.0184249 -0.00630924 0.00180871 0.0153682
internal_weight=40.7022 39.0024 1.33849 0.661722 37.6639 36.1033 34.3547 31.0822 26.4346 5.28348 4.64762 21.1511 4.26832 3.27248
internal_count=358 339 60 35 279 265 254 231 201 51 30 150 30 23
is_linear=0
shrinkage=0.05


Tree=145
num_leaves=15
num_cat=0
split_feature=156 137 145 126 122 65 12 111 110 74 148 151 145 145
split_gain=0.85182 1.16982 0.967772 0.571934 0.362901 0.895714 0.456933 0.324124 0.645349 0.320465 0.255271 0.205256 0.242623 0.559702
threshold=1.0000000180025095e-35 1.0000000180025095e-35 1.0000000180025095e-35 1.0000000180025095e-35 1.0000000180025095e-35 1.0000000180025095e-35 1.0000000180025095e-35 1.0000000180025095e-35 1.0000000180025095e-35 1.0000000180025095e-35 1.0000000180025095e-35 2.5000000000000004 1.5000000000000002 1.0000000180025095e-35
decision_type=2 2 2 2 2 2 2 2 2 2 2 2 2 2
left_child=3 -2 -3 4 6 9 7 8 -1 -6 -9 -8 13 -13
right_child=1 2 -4 -5 5 -7 11 10 -10 -11 -12 12 -14 -15
leaf_value=0.004319980606125119 0.13863846420625064 -0.035610994196932901 0.055247030629485432 0.011297280933378945 -0.029247663939462279 0.01443181376145812 -0.022581725741286175 -0.018989392298694913 0.046182114776095295 -0.0058026424209738723 0.0089895969192738436 -0.021187839896778443 -0.010835454454174942 0.014740505559039725
leaf_weight=6.3773689960362407 0.22906536515802023 0.52362994849681854 0.66565102254389785 5.2211040686815968 5.4109278563410026 2.0474211759865284 2.2693098578602084 2.1123664164915681 1.0759726557880638 1.9949006643146274 1.3275783453136685 1.6283914446830738 10.201443586498499 3.2423145519569516
leaf_count=67 5 4 57 67 30 18 15 15 8 13 10 8 35 21
internal_value=-0.00295174 0.0351716 0.015243 -0.0042119 -0.00636046 -0.0148398 -0.00352149 0.00450393 0.0103632 -0.0229323 -0.00819146 -0.00856277 -0.00645203 0.00272882
internal_weight=44.3274 1.41835 1.18928 42.9091 37.688 9.45325 28.2347 10.8933 7.45334 7.40583 3.43994 17.3415 15.0721 4.87071
internal_count=373 66 61 307 240 61 179 100 75 43 25 79 64 29
is_linear=0
shrinkage=0.05


Tree=146
num_leaves=15
num_cat=0
split_feature=144 144 99 10 73 144 46 74 44 145 63 110 132 110
split_gain=0.628587 0.70047 0.60137 0.662049 0.457952 0.582364 1.20348 0.405958 0.363414 0.328934 0.299762 0.30454 0.429788 0.231978
threshold=1.0000000180025095e-35 1.5000000000000002 1.0000000180025095e-35 1.0000000180025095e-35 1.0000000180025095e-35 3.5000000000000004 1.0000000180025095e-35 1.0000000180025095e-35 1.0000000180025095e-35 1.5000000000000002 1.0000000180025095e-35 1.0000000180025095e-35 1.0000000180025095e-35 1.0000000180025095e-35
decision_type=2 2 2 2 2 2 2 2 2 2 2 2 2 2
left_child=-1 2 -2 8 5 7 -7 10 -4 -6 11 -3 -13 -11
right_child=1 4 3 -5 9 6 -8 -9 -10 13 -12 12 -14 -15
leaf_value=0.023137414279195922 0.0025321587795668686 -0.030915091092278246 -0.02404793268700987 0.0013189751797639576 0.012240259156337788 0.065647722190663199 -0.020703245014366801 0.014988987260949122 -0.053165782352420865 0.0020346217873809416 0.0064952068354130728 -0.0013716435545911827 -0.032717618121039148 -0.017867557894861753
leaf_weight=2.265375552698969 3.0660819616168737 3.2464590274030325 3.0819372716359776 1.8202147632837293 8.0057106637395936 0.76641684473724925 0.85212634829804301 1.2385243130847818 1.6427524490281937 9.6050195716088602 1.3431560951285071 3.4557338207960129 1.5997543733101336 1.727482468821109
leaf_count=15 26 37 25 11 76 37 6 10 7 60 13 22 10 13
internal_value=-0.00250908 -0.0039107 -0.0157411 -0.0243016 -0.000339696 -0.00779742 0.0201859 -0.0119589 -0.0341721 0.00448173 -0.0154193 -0.0189648 -0.0112907 -0.000999189
internal_weight=43.7167 41.4514 9.61099 6.5449 31.8404 12.5022 1.61854 10.8836 4.72469 19.3382 9.6451 8.30195 5.05549 11.3325
internal_count=368 353 69 43 284 135 43 92 32 149 82 69 32 73
is_linear=0
shrinkage=0.05


Tree=147
num_leaves=15
num_cat=0
split_feature=43 144 151 145 132 37 142 151 98 74 12 144 151 144
split_gain=0.675229 0.444329 1.12338 1.07615 0.409207 0.552482 0.359908 0.621085 0.270084 0.206486 0.32213 0.458751 0.392583 0.428942
threshold=1.0000000180025095e-35 3.5000000000000004 1.0000000180025095e-35 3.5000000000000004 1.0000000180025095e-35 1.0000000180025095e-35 1.0000000180025095e-35 1.5000000000000002 1.0000000180025095e-35 1.0000000180025095e-35 1.0000000180025095e-35 1.5000000000000002 1.0000000180025095e-35 2.5000000000000004
decision_type=2 2 2 2 2 2 2 2 2 2 2 2 2 2
left_child=1 4 -3 8 6 -6 9 -8 -4 10 12 -12 -1 -14
right_child=-2 2 3 -5 5 -7 7 -9 -10 -11 11 -13 13 -15
leaf_value=0.00068681929407251078 -0.034173672465897385 0.07033793835736428 0.011700459165568187 -0.060659521896391691 -0.025266502036313844 0.0090145113287640136 -0.049175475774282038 0.0051799727840198167 0.079103372633765559 -0.018354120347906153 -0.029882718045329361 -0.0014374538168420636 0.03501420709887218 -0.0039549621568369621
leaf_weight=7.0769111290574127 1.85438099579187 0.70595487207174201 0.46680222201393895 0.55201664648484439 4.5234772646799675 1.5878741489723323 1.0608411421999329 1.0414915117435155 0.21804272755980492 1.5954457307234395 1.5487433001399065 16.715582884848118 2.0954169612377882 1.0650778004201131
leaf_count=43 22 6 28 5 30 11 4 20 3 12 8 109 35 27
internal_value=-0.00467407 -0.0033151 0.0200122 -0.00871185 -0.00449807 -0.0163595 -0.00224682 -0.0222479 0.0331604 -0.000849713 0.000130134 -0.0038495 0.00723011 0.0218817
internal_weight=42.1081 40.2537 1.94282 1.23686 38.3109 6.11135 32.1995 2.10233 0.684845 30.0972 28.5017 18.2643 10.2374 3.16049
internal_count=363 341 42 36 299 41 258 24 31 234 222 117 105 62
is_linear=0
shrinkage=0.05


Tree=148
num_leaves=15
num_cat=0
split_feature=46 44 111 114 145 110 39 145 65 149 151 137 43 151
split_gain=1.85055 0.626478 0.586755 0.48723 1.21299 1.09132 0.928869 1.618 0.542773 0.648289 0.278268 0.333353 0.255372 0.237451
threshold=1.0000000180025095e-35 1.0000000180025095e-35 1.0000000180025095e-35 1.0000000180025095e-35 1.5000000000000002 1.0000000180025095e-35 1.0000000180025095e-35 1.0000000180025095e-35 1.0000000180025095e-35 1.0000000180025095e-35 1.0000000180025095e-35 1.0000000180025095e-35 1.0000000180025095e-35 1.5000000000000002
decision_type=2 2 2 2 2 2 2 2 2 2 2 2 2 2
left_child=1 2 3 4 6 12 8 -8 9 -1 -4 -12 -6 -3
right_child=-2 13 10 -5 5 -7 7 -9 -10 -11 11 -13 -14 -15
leaf_value=0.020140336473787202 -0.03120767697208986 -0.022865909243080445 0.0022388338511227217 0.0003081415363012771 0.058355268111657414 0.0082505602660837042 0.074708010151532375 0.011179420150981069 -0.027082600100211823 -0.018984303433389138 -0.032961991505734312 -0.00025041223000400471 0.10148569494725755 0.0018309812206307643
leaf_weight=2.6047406964935371 4.1316465144045642 2.7474166830070308 3.8928558565676203 9.4685214757919329 1.016758773184846 1.1350378938950598 1.1481233537197111 7.8890035464428365 2.0201030522584915 1.7839191202074287 1.6783657781779766 1.453141151170712 0.51806923362892132 1.5071729304036123
leaf_count=34 25 16 27 42 49 12 9 74 13 16 8 20 12 22
internal_value=0.000606411 0.00398865 0.00621447 0.00949979 0.014304 0.0454235 0.00892488 0.0192504 -0.00563537 0.0042368 -0.00668683 -0.0177825 0.0729136 -0.0141171
internal_weight=42.9949 38.8632 34.6086 27.5843 18.1158 2.66987 15.4459 9.03713 6.40876 4.38866 7.02436 3.13151 1.53483 4.25459
internal_count=379 354 316 261 219 73 146 83 63 50 55 28 61 38
is_linear=0
shrinkage=0.05


Tree=149
num_leaves=15
num_cat=0
split_feature=120 114 45 122 145 111 145 43 151 153 110 153 132 151
split_gain=1.13239 0.860975 0.810299 1.17999 0.484982 0.682461 1.46128 0.84485 1.65758 1.43176 0.504199 0.68535 0.497127 1.48184
threshold=1.0000000180025095e-35 1.0000000180025095e-35 1.0000000180025095e-35 1.0000000180025095e-35 3.5000000000000004 1.0000000180025095e-35 1.5000000000000002 1.0000000180025095e-35 1.5000000000000002 1.0000000180025095e-35 1.0000000180025095e-35 1.0000000180025095e-35 1.0000000180025095e-35 1.0000000180025095e-35
decision_type=2 2 2 2 2 2 2 2 2 2 2 2 2 2
left_child=1 2 4 -4 5 6 10 8 -8 -10 11 12 13 -1
right_child=-2 -3 3 -5 -6 -7 7 -9 9 -11 -12 -13 -14 -15
leaf_value=-0.0045382075703471842 0.038773479372466939 0.012584411153483877 0.091321589945955864 -0.0096825194484397407 0.021615187926361724 -0.022800905624019721 0.086095185074162597 -0.0073097578609650554 -0.052323935399444334 0.059264366441606556 -0.038206866865200848 -0.015110820928662767 -0.013233892705572823 0.054204283734438807
leaf_weight=3.4609143845737167 1.8801287412643422 9.1867168322205526 0.52906808082479873 0.63768558390438557 1.4779235433670681 5.9863562488462767 1.1497240996686735 1.2597370884614068 0.59898462146520592 0.55270014371490106 1.3913112133741368 10.768290663603693 2.6062503736466169 1.5563791971653698
leaf_count=22 9 43 28 8 16 45 21 14 3 27 7 105 16 20
internal_value=0.000826681 -0.000906587 -0.00478264 0.0361181 -0.00633159 -0.00773979 -0.00387755 0.0256074 0.0436254 0.00122793 -0.0091851 -0.00698965 0.00448154 0.0136839
internal_weight=43.0422 41.162 31.9753 1.16675 30.8086 29.3306 23.3443 3.56115 2.30141 1.15168 19.7831 18.3918 7.62354 5.01729
internal_count=384 375 332 36 296 280 235 65 51 30 170 163 58 42
is_linear=0
shrinkage=0.05


Tree=150
num_leaves=15
num_cat=0
split_feature=156 144 151 99 110 110 144 122 110 43 144 144 110 144
split_gain=0.492041 1.4845 0.783894 1.16842 2.01786 0.965308 0.424398 0.260482 0.218966 0.216565 0.188773 0.117675 0.341188 0.108484
threshold=1.0000000180025095e-35 1.5000000000000002 1.5000000000000002 1.0000000180025095e-35 1.0000000180025095e-35 1.0000000180025095e-35 1.0000000180025095e-35 1.0000000180025095e-35 1.0000000180025095e-35 1.0000000180025095e-35 3.5000000000000004 2.5000000000000004 1.0000000180025095e-35 2.5000000000000004
decision_type=2 2 2 2 2 2 2 2 2 2 2 2 2 2
left_child=2 -2 3 6 -5 13 -1 11 9 -9 -10 12 -8 -4
right_child=1 -3 5 4 -6 -7 7 8 10 -11 -12 -13 -14 -15
leaf_value=-0.023978167322557576 -0.048730670465281636 0.051628136410367446 -0.0033080387959708007 0.096523177811996125 -0.0077490097539814956 -0.040008976063320295 0.04013999153550965 0.017858284085280379 -0.016929969487132199 -0.0086164680290702154 0.0034506147473724541 0.00029958496827753886 0.0055069734280227952 -0.0099245259024161193
leaf_weight=1.649909771978854 1.7857786193490022 0.46427297097397957 13.618670305702839 0.88757937122136243 0.97217065654695034 2.3238098174333564 1.1226143892854425 2.0085126236081123 2.9599307365715504 1.2551473937928679 1.8440077938139436 1.3109106887131927 1.9401550590991974 11.365134412539192
leaf_count=8 10 56 120 12 8 13 12 18 15 8 12 9 15 66
internal_value=-0.00522648 -0.0280228 -0.00404075 0.00476591 0.0420157 -0.00918491 -0.000150299 0.00300965 -0.00231728 0.00767655 -0.00910681 0.0128356 0.0182012 -0.00631788
internal_weight=45.5086 2.25005 43.2586 15.9509 1.85975 27.3076 14.0912 12.4413 8.0676 3.26366 4.80394 4.37368 3.06277 24.9838
internal_count=382 66 316 117 20 199 97 89 53 26 27 36 27 186
is_linear=0
shrinkage=0.05


Tree=151
num_leaves=15
num_cat=0
split_feature=43 122 65 94 111 137 44 151 128 99 122 110 120 144
split_gain=1.16766 0.843035 0.661256 0.461265 0.383727 0.487552 1.33491 2.27942 0.59569 0.410161 0.906502 0.354805 0.0633234 0.0556857
threshold=1.0000000180025095e-35 1.0000000180025095e-35 1.0000000180025095e-35 1.0000000180025095e-35 1.0000000180025095e-35 1.0000000180025095e-35 1.0000000180025095e-35 1.0000000180025095e-35 1.0000000180025095e-35 1.0000000180025095e-35 1.0000000180025095e-35 1.0000000180025095e-35 1.0000000180025095e-35 1.5000000000000002
decision_type=2 2 2 2 2 2 2 2 2 2 2 2 2 2
left_child=2 -2 3 -1 5 6 7 13 -7 10 -6 -4 -10 -5
right_child=1 -3 11 4 9 8 -8 -9 12 -11 -12 -13 -14 -15
leaf_value=-0.035771876149865676 -0.0086410768601749462 0.06261541569463458 -0.039346825058972669 0.0049784867049082375 0.020983823814881369 -0.035455947710412709 -0.02798373342682833 0.070335395197232961 -0.0052930432216196817 -0.035687104144445064 -0.029102284147175229 -0.01182052699838872 0.003116528888616469 -0.0070491532394338086
leaf_weight=1.2713430747389782 0.69955268796183978 1.0207597279222682 2.4302536987233898 2.3573739808052809 1.599484288133681 1.6520885258214573 1.9085767343640325 1.6249514683149753 18.858727062819529 1.9473753574420687 2.0757950246334076 2.2586939093889669 2.5399892330169669 1.626156363636255
leaf_count=7 10 16 16 15 16 21 8 35 165 21 9 17 10 10
internal_value=-0.00673787 0.0336395 -0.0083858 -0.00617018 -0.0051303 -0.00292218 0.00813558 0.020427 -0.00652821 -0.0171348 -0.00730477 -0.0260872 -0.00429484 6.85647e-05
internal_weight=43.8711 1.72031 42.1508 37.4619 36.1905 30.5679 7.51706 5.60848 23.0508 5.62265 3.67528 4.68895 21.3987 3.98353
internal_count=376 26 350 317 310 264 68 60 196 46 25 33 175 25
is_linear=0
shrinkage=0.05


Tree=152
num_leaves=15
num_cat=0
split_feature=137 144 145 128 145 10 15 98 145 120 46 44 144 151
split_gain=0.922908 1.16145 0.831791 0.740531 0.615519 0.194994 0.877395 0.452339 0.15992 0.111089 0.0505629 0.0223917 0.107987 0.260137
threshold=1.0000000180025095e-35 1.5000000000000002 2.5000000000000004 1.0000000180025095e-35 1.5000000000000002 1.0000000180025095e-35 1.0000000180025095e-35 1.0000000180025095e-35 3.5000000000000004 1.0000000180025095e-35 1.0000000180025095e-35 1.0000000180025095e-35 1.0000000180025095e-35 1.0000000180025095e-35
decision_type=2 2 2 2 2 2 2 2 2 2 2 2 2 2
left_child=2 -2 3 4 10 6 -3 -7 -4 -9 11 12 -1 -14
right_child=1 5 8 -5 -6 7 -8 9 -10 -11 -12 -13 13 -15
leaf_value=0.0058285837204944237 0.038580505833615407 0.057719151890217417 -0.00074749499270614604 -0.046023058194810632 -0.030845084663991509 -0.022042359788953348 -0.016155971748862089 -0.0011742596015223831 0.018963465254280193 0.0097943223344554697 5.3733235280279162e-05 -0.013561327585190009 0.00012564955250459741 -0.029979455046664778
leaf_weight=1.2139697596430794 2.0353689091280129 0.70520886740996747 4.3209243561141184 2.1134036080911747 3.693777570500969 2.5355324717238572 0.93454290420049801 14.407053876668217 1.3506961939856408 2.7488230764865866 2.2867592945694923 1.6922610104084013 1.8039593510329726 1.1915210331790147
leaf_count=7 18 72 31 20 23 21 17 99 11 12 10 7 17 9
internal_value=-0.00422491 0.00249277 -0.0122061 -0.0187519 -0.0139014 -0.000950641 0.0156155 -0.00233015 0.00394667 0.000583196 -0.00625821 -0.00870393 -0.00675118 -0.0118493
internal_weight=43.0338 23.3665 19.6673 13.9957 11.8822 21.3312 1.63975 19.6914 5.67162 17.1559 8.18847 5.90171 4.20945 2.99548
internal_count=374 239 135 93 73 221 89 132 42 111 50 40 33 26
is_linear=0
shrinkage=0.05


Tree=153
num_leaves=15
num_cat=0
split_feature=63 10 126 96 120 144 145 110 122 46 145 46 144 156
split_gain=0.95232 0.65907 0.66422 1.53777 1.52126 0.586228 1.62394 1.02273 1.57627 1.54227 1.30355 0.355716 1.0069 0.220514
threshold=1.0000000180025095e-35 1.0000000180025095e-35 1.0000000180025095e-35 1.0000000180025095e-35 1.0000000180025095e-35 1.5000000000000002 3.5000000000000004 1.0000000180025095e-35 1.0000000180025095e-35 1.0000000180025095e-35 1.0000000180025095e-35 1.0000000180025095e-35 2.5000000000000004 1.0000000180025095e-35
decision_type=2 2 2 2 2 2 2 2 2 2 2 2 2 2
left_child=1 5 3 4 -3 13 7 9 11 10 -7 12 -9 -1
right_child=-2 2 -4 -5 -6 6 -8 8 -10 -11 -12 -13 -14 -15
leaf_value=-0.014304978403177987 0.035415104477530469 0.06479016238365784 -0.0095455229690901786 -0.0024677791501444787 0.0083749464101369551 -0.053439905328580943 0.065070595348453289 -0.0033100300090987984 -0.037201202481865515 -0.013106887865367759 0.072047918560548971 -0.015256422543511264 0.063951219015877123 -0.035092202681290069
leaf_weight=7.131979316473009 1.7730110241100181 2.1463728600647318 5.5210677683353415 7.8256399482488632 2.6957851648330688 0.24444652348756468 0.8630595152499162 1.7728761900216343 4.1770722344517708 2.0039217658340931 1.3491372710559515 1.1880560698919 0.81091262953123067 1.5537437014281748
leaf_count=59 22 27 59 28 11 2 14 14 19 12 69 7 19 8
internal_value=-0.000429191 -0.00204695 0.0049276 0.0112355 0.033382 -0.00806061 -0.00108732 -0.00603242 -0.0160433 0.0160873 0.0527988 0.00738766 0.0177997 -0.0180235
internal_weight=41.0571 39.2841 18.1889 12.6678 4.84216 21.0952 12.4095 11.5464 7.94892 3.59751 1.59358 3.77184 2.58379 8.68572
internal_count=370 348 125 66 38 223 156 142 59 83 71 40 33 67
is_linear=0
shrinkage=0.05


Tree=154
num_leaves=15
num_cat=0
split_feature=10 44 156 122 110 151 46 111 144 151 144 145 99 151
split_gain=0.751037 0.575611 0.65049 0.442916 0.374955 0.401615 0.310342 0.209893 0.278607 0.174077 0.382589 0.164702 0.178317 0.174478
threshold=1.0000000180025095e-35 1.0000000180025095e-35 1.0000000180025095e-35 1.0000000180025095e-35 1.0000000180025095e-35 1.5000000000000002 1.0000000180025095e-35 1.0000000180025095e-35 1.5000000000000002 2.5000000000000004 1.5000000000000002 1.5000000000000002 1.0000000180025095e-35 1.5000000000000002
decision_type=2 2 2 2 2 2 2 2 2 2 2 2 2 2
left_child=1 3 -3 4 5 -1 7 8 -5 -2 -11 -6 -13 -14
right_child=9 2 -4 6 11 -7 -8 -9 -10 10 -12 12 13 -15
leaf_value=0.03102570704764715 -0.0030594649625561711 -0.0062096199212041776 -0.049202137946596856 -0.023452399060756392 -0.017607206053391968 0.00087368331021388929 0.011388046991754852 -0.022968760351223895 0.0045052112343810244 -0.013828389569839984 0.012471868710893681 0.014846226056224246 -0.026216560196962571 0.0074622905758042384
leaf_weight=2.3760016020387447 2.8299732262967181 2.2871875874698153 1.4298461274011063 1.4025828614830973 1.4120521917939184 2.0635029751283582 1.5090412236750124 3.2364693842828274 2.4436518064467236 1.5087007135152841 16.567484267055988 1.5691221896558998 0.75705147790722571 0.78158686176175252
leaf_count=22 28 17 15 10 7 69 12 17 30 8 116 15 8 12
internal_value=0.00174166 -0.00487364 -0.0227477 -0.0010882 0.00669006 0.0170109 -0.00919923 -0.0135856 -0.00568992 0.00847149 0.0102768 -0.0034474 0.00298629 -0.00910861
internal_weight=42.1743 21.2681 3.71703 17.5511 8.95932 4.4395 8.59175 7.0827 3.84623 20.9062 18.0762 4.51981 3.10776 1.53864
internal_count=386 234 32 202 133 91 69 57 40 152 124 42 35 20
is_linear=0
shrinkage=0.05


Tree=155
num_leaves=15
num_cat=0
split_feature=96 63 145 120 152 158 122 154 12 111 43 145 65 40
split_gain=0.417656 0.47464 0.359458 0.352901 0.341701 1.47701 0.348026 0.506592 0.444658 0.410057 0.658603 0.803959 0.364141 0.590297
threshold=1.0000000180025095e-35 1.0000000180025095e-35 3.5000000000000004 1.0000000180025095e-35 1.5000000000000002 1.0000000180025095e-35 1.0000000180025095e-35 1.0000000180025095e-35 1.0000000180025095e-35 1.0000000180025095e-35 1.0000000180025095e-35 1.5000000000000002 1.0000000180025095e-35 1.0000000180025095e-35
decision_type=2 2 2 2 2 2 2 2 2 2 2 2 2 2
left_child=1 2 3 4 6 -6 7 8 12 10 11 -8 13 -1
right_child=-2 -3 -4 -5 5 -7 9 -9 -10 -11 -12 -13 -14 -15
leaf_value=0.014627921683819368 0.0067424337894576459 0.019526165265659919 0.017364235665412685 0.0082520828096362062 -0.053601433291515205 0.070275609170385209 -0.019072530990234156 -0.043086273680083699 -0.015068746396687441 -0.036134146996532258 -0.046457249742534394 0.027566301011594019 -0.015314684349595115 -0.021237426420310859
leaf_weight=5.5491369444935312 7.7504835512954733 1.7007255405187596 1.3757291273213912 2.7519099898636332 0.41463274881243706 0.57337762345559795 2.6613343730568877 0.95960503425157995 7.2066514784237361 2.7164505310356617 1.1012373758712781 1.4154609055258331 2.4124345044838265 1.4462647587060926
leaf_count=73 35 19 15 12 3 27 12 17 72 11 12 22 18 7
internal_value=-0.00368056 -0.00618276 -0.00761238 -0.00878878 -0.0105613 0.0182888 -0.0116805 -0.00776309 -0.00572293 -0.0204011 -0.0121474 -0.00287956 0.00143622 0.00721294
internal_weight=40.0354 32.285 30.5842 29.2085 26.4566 0.98801 25.4686 17.5741 16.6145 7.89448 5.17803 4.0768 9.40784 6.9954
internal_count=355 320 301 286 274 30 244 187 170 57 46 34 98 80
is_linear=0
shrinkage=0.05


Tree=156
num_leaves=15
num_cat=0
split_feature=45 148 142 150 146 40 99 128 44 148 122 65 144 144
split_gain=0.496298 1.97637 0.455602 0.615534 0.663547 0.468387 0.285263 0.666009 1.63875 0.367343 0.479752 0.331878 0.25013 0.26434
threshold=1.0000000180025095e-35 1.0000000180025095e-35 1.0000000180025095e-35 1.0000000180025095e-35 1.0000000180025095e-35 1.0000000180025095e-35 1.0000000180025095e-35 1.0000000180025095e-35 1.0000000180025095e-35 1.0000000180025095e-35 1.0000000180025095e-35 1.0000000180025095e-35 1.5000000000000002 2.5000000000000004
decision_type=2 2 2 2 2 2 2 2 2 2 2 2 2 2
left_child=2 -2 5 -4 -5 6 9 8 -8 10 -1 -12 -9 -14
right_child=1 -3 3 4 -6 -7 7 12 -10 -11 11 -13 13 -15
leaf_value=-0.018923734950896318 0.082433564072734028 -0.060064760949028996 -0.054091046183360171 0.072966934026275396 -0.021605034965013578 -0.025828332880143291 0.069375537572000753 -0.013859496026429731 -0.010910568385957255 0.020464172427822135 -0.0046462189955074982 0.020421068459815048 0.011477475359029822 -0.00031506905558468227
leaf_weight=4.6248799739405477 0.72227689033024833 0.36694607138633728 0.88566051423549541 0.25438751329784282 0.68468021758599207 1.5192850015591819 1.2928317636251476 2.0286059621721533 1.2502180598676205 1.4205898940563209 5.0257237832993269 1.7909201104193924 8.1309873717837036 11.435680974274874
leaf_count=30 35 1 3 24 30 11 15 21 9 12 32 16 73 60
internal_value=0.00112348 0.0344276 0.000224332 -0.0241882 0.00401391 0.00138079 0.00249803 0.00570276 0.0299052 -0.00351629 -0.00649373 0.00193965 0.00285269 0.00458536
internal_weight=41.4337 1.08922 40.3445 1.82473 0.939068 38.5197 37.0004 24.1383 2.54305 12.8621 11.4415 6.81664 21.5953 19.5667
internal_count=372 36 336 57 54 279 268 178 24 90 78 48 154 133
is_linear=0
shrinkage=0.05


Tree=157
num_leaves=15
num_cat=0
split_feature=151 137 122 43 149 151 111 44 122 145 151 132 144 120
split_gain=0.358375 0.66503 0.63095 0.518972 0.415444 1.29561 0.364702 0.576119 0.765778 0.584346 0.234501 0.36177 0.282737 0.518016
threshold=1.5000000000000002 1.0000000180025095e-35 1.0000000180025095e-35 1.0000000180025095e-35 1.0000000180025095e-35 2.5000000000000004 1.0000000180025095e-35 1.0000000180025095e-35 1.0000000180025095e-35 1.0000000180025095e-35 2.5000000000000004 1.0000000180025095e-35 2.5000000000000004 1.0000000180025095e-35
decision_type=2 2 2 2 2 2 2 2 2 2 2 2 2 2
left_child=1 3 4 6 5 -2 7 8 9 -1 11 -6 13 -12
right_child=2 -3 -4 -5 10 -7 -8 -9 -10 -11 12 -13 -14 -15
leaf_value=0.022315421846935208 0.057917922232338048 -0.02419156905382517 -0.035243816069614985 -0.012824470323362576 -0.039549718761687315 -0.032037081677889469 0.0019748056256567201 -0.0090881355217590359 0.0087535780817762608 0.071040298781045425 0.0099735517983293026 -0.0063292635190942293 -0.0094191922067424789 -0.013788478885969027
leaf_weight=1.176134131848807 0.96516945539042953 1.8565880093956373 1.6856895542005066 2.5160962268710145 1.1912962859350984 0.68391681346111 4.8457736130803823 1.328877806663513 2.5558074405416846 1.2904907548800109 7.2374482210725546 2.6260509307030588 9.5515675481583457 3.3576535284519196
leaf_count=6 22 21 17 19 24 18 33 6 22 15 76 29 58 12
internal_value=-0.00216084 0.00389256 -0.00561338 0.00769479 -0.0036633 0.0206114 0.0123057 0.0201877 0.0279337 0.0478073 -0.00533376 -0.0166965 -0.00318077 0.00244322
internal_weight=42.8686 15.5698 27.2988 13.7132 25.6131 1.64909 11.1971 6.35131 5.02243 2.46662 23.964 3.81735 20.1467 10.5951
internal_count=378 122 256 101 239 40 82 49 43 21 199 53 146 88
is_linear=0
shrinkage=0.05


Tree=158
num_leaves=15
num_cat=0
split_feature=96 144 144 145 56 65 46 99 111 148 54 99 149 122
split_gain=0.897729 0.681247 0.683754 1.88883 0.682927 0.77875 1.72277 1.40026 0.804922 0.483023 1.01037 0.318485 0.317053 0.315877
threshold=1.0000000180025095e-35 1.5000000000000002 1.0000000180025095e-35 1.0000000180025095e-35 1.0000000180025095e-35 1.0000000180025095e-35 1.0000000180025095e-35 1.0000000180025095e-35 1.0000000180025095e-35 1.0000000180025095e-35 1.0000000180025095e-35 1.0000000180025095e-35 1.0000000180025095e-35 1.0000000180025095e-35
decision_type=2 2 2 2 2 2 2 2 2 2 2 2 2 2
left_child=1 2 -1 -4 5 7 8 13 -7 10 -9 -5 -13 -3
right_child=-2 4 3 11 -6 6 -8 9 -10 -11 -12 12 -14 -15
leaf_value=0.007478567164243605 -0.020291533252605354 -0.0057524637050104634 -0.068151537494155326 0.0078981599640990229 0.042978683423976149 0.037237972265065616 -0.011954284913592428 0.061583874613188094 0.12094674981844147 -0.014389422896499117 0.006691116208365786 -0.033546976841697294 -0.0010928120471458138 -0.02803729363469001
leaf_weight=2.6375200506299752 9.5639049425953981 2.3598608826287171 1.6994293779134748 2.0611420022323728 0.96851176646305148 0.75358436886744951 1.4173622652888298 0.92908577990601493 0.46400134114082903 2.1098918638308541 8.5772843956947327 1.5325810546055436 1.4785560388118029 4.8752941843122244
leaf_count=16 37 20 8 21 12 21 7 50 6 26 78 19 8 27
internal_value=-0.00685681 -0.00282442 -0.0141185 -0.0225303 0.00190811 5.68253e-05 0.0255177 -0.00350196 0.069138 0.00725261 0.0120559 -0.00724527 -0.017611 -0.0207687
internal_weight=41.428 31.8641 9.40923 6.77171 22.4549 21.4864 2.63495 18.8514 1.21759 11.6163 9.50637 5.07228 3.01114 7.23516
internal_count=356 319 72 56 247 235 34 201 27 154 128 48 27 47
is_linear=0
shrinkage=0.05


Tree=159
num_leaves=15
num_cat=0
split_feature=149 137 17 120 144 151 132 146 158 65 132 144 73 151
split_gain=2.50085 1.80222 0.865537 0.688292 0.677362 0.826109 0.657009 1.00175 0.558822 0.413936 0.409541 0.306976 0.247642 0.377872
threshold=1.0000000180025095e-35 1.0000000180025095e-35 1.0000000180025095e-35 1.0000000180025095e-35 2.5000000000000004 1.5000000000000002 1.0000000180025095e-35 1.5000000000000002 1.0000000180025095e-35 1.0000000180025095e-35 1.0000000180025095e-35 1.0000000180025095e-35 1.0000000180025095e-35 1.5000000000000002
decision_type=2 2 2 2 2 2 2 2 2 2 2 2 2 2
left_child=4 -2 3 6 10 9 8 -8 -3 -6 11 -1 13 -10
right_child=1 2 -4 -5 5 -7 7 -9 12 -11 -12 -13 -14 -15
leaf_value=-0.04102967140122192 0.081614581542664863 -0.022715771674261819 0.053347949112488663 0.035066117694673049 0.021668163817620642 -0.035189896241042122 0.083561213098249792 -0.013053538683709693 0.060497045719290723 -0.0080022413327168421 0.0027376701319202913 -0.018844948489037242 0.0028706318921158593 -5.8123362901694588e-05
leaf_weight=1.8684626603499062 0.90017552766949194 2.1342398375272866 1.0567531653214235 1.9424079991877068 3.0549686462618402 1.2524351347237823 0.61227282672189065 0.47756271599791944 0.48448351584374794 1.9107320588082073 1.8715628162026412 9.4247850654646737 12.86000846081879 0.55017247563228011
leaf_count=9 9 12 30 10 33 15 15 12 11 11 15 68 92 32
internal_value=0.000452501 0.0123987 0.00930167 0.00685973 -0.0125015 0.00109878 0.00365925 0.0412249 0.00110508 0.0102514 -0.0189253 -0.0225154 0.004764 0.0282972
internal_weight=40.401 21.0181 20.1179 19.0611 19.3829 6.21814 17.1187 1.08984 16.0289 4.9657 13.1648 11.2932 13.8947 1.03466
internal_count=374 223 214 184 151 59 174 27 147 44 92 77 135 43
is_linear=0
shrinkage=0.05


Tree=160
num_leaves=15
num_cat=0
split_feature=114 145 45 145 132 137 40 150 110 144 132 152 152 145
split_gain=0.862818 0.591616 0.499297 1.23032 0.61565 0.80173 1.03653 0.481487 0.500084 0.534578 0.462388 0.425706 0.360621 0.325968
threshold=1.0000000180025095e-35 3.5000000000000004 1.0000000180025095e-35 1.5000000000000002 1.0000000180025095e-35 1.0000000180025095e-35 1.0000000180025095e-35 1.0000000180025095e-35 1.0000000180025095e-35 2.5000000000000004 1.0000000180025095e-35 1.5000000000000002 1.0000000180025095e-35 2.5000000000000004
decision_type=2 2 2 2 2 2 2 2 2 2 2 2 2 2
left_child=1 2 4 -4 7 -6 -7 8 9 -1 -5 12 -9 -10
right_child=-2 -3 3 10 5 6 -8 11 13 -11 -12 -13 -14 -15
leaf_value=-0.015688317113040706 0.0086778200397626022 0.021438357741470314 0.092957291081661994 0.017543045127460626 -0.0076742940857748108 0.075107427474758917 -0.023580708706899822 -0.00025303095496857623 -0.044319156593593617 0.016175115261058231 -0.059072851796992114 -0.023142700191014623 0.070147100465798362 -0.019617325494870996
leaf_weight=17.260549672413635 7.8386185690760604 1.4491303030517872 0.39281977573409566 0.46428061780170538 3.5952542163431636 0.74995481263613306 0.4123662345809862 0.32733897631987818 2.3893167935311785 1.4250080240890373 0.34198436141014099 0.44327232008799911 0.40942611866921652 3.0281694969162345
leaf_count=130 37 15 9 26 23 18 10 11 13 17 1 17 17 18
internal_value=-0.00622042 -0.00979294 -0.0112417 0.0203975 -0.0125046 0.00399621 0.040095 -0.0156096 -0.0171363 -0.0132583 -0.0149543 0.0155747 0.0388689 -0.0305118
internal_weight=40.5275 32.6889 31.2397 1.19908 30.0407 4.75758 1.16232 25.2831 24.103 18.6856 0.806265 1.18004 0.736765 5.41749
internal_count=362 325 310 36 274 51 28 223 178 147 27 45 28 31
is_linear=0
shrinkage=0.05


Tree=161
num_leaves=15
num_cat=0
split_feature=122 145 137 148 110 126 145 10 110 43 37 120 128 144
split_gain=0.455242 0.974118 0.712908 0.837245 0.88257 0.516758 0.362599 0.442913 0.34764 0.714525 0.266274 0.246488 0.16923 0.0572668
threshold=1.0000000180025095e-35 1.5000000000000002 1.0000000180025095e-35 1.0000000180025095e-35 1.0000000180025095e-35 1.0000000180025095e-35 1.5000000000000002 1.0000000180025095e-35 1.0000000180025095e-35 1.0000000180025095e-35 1.0000000180025095e-35 1.0000000180025095e-35 1.0000000180025095e-35 3.5000000000000004
decision_type=2 2 2 2 2 2 2 2 2 2 2 2 2 2
left_child=2 -2 3 -1 -5 6 7 12 9 -3 -8 -9 -4 -10
right_child=1 8 5 4 -6 -7 10 11 13 -11 -12 -13 -14 -15
leaf_value=0.0031515766818446395 -0.038091666290391728 0.05615910241678071 -0.053738282631346737 0.062855171487239542 0.0052143409457329256 0.010453710759183337 0.00098619343444318261 -0.0011874834406810019 -0.012886875695662027 -0.0091057344323932105 -0.024782041994017744 -0.020048999500538373 -0.019788419538688744 -0.0010690204334022882
leaf_weight=6.914103255607186 2.5426823236048204 0.71088621881790426 0.88736483640969133 1.4315096931532025 1.2387727871537209 5.1255657225847235 10.287453756900502 3.7694666124880314 2.8987876065075397 1.0226783886319026 1.1107847974635667 3.2048162817955017 0.62602176959626377 1.5859333164989946
leaf_count=57 13 21 7 15 9 59 93 28 16 10 9 11 17 12
internal_value=-0.0018376 -0.0120188 0.000740655 0.0123354 0.036115 -0.00370246 -0.00735119 -0.0151753 -0.00135748 0.0176575 -0.00152498 -0.00985471 -0.0396947 -0.00870772
internal_weight=43.3568 8.76097 34.5959 9.58439 2.67028 25.0115 19.8859 8.48767 6.21829 1.73356 11.3982 6.97428 1.51339 4.48472
internal_count=377 72 305 81 24 224 165 63 59 31 102 39 24 28
is_linear=0
shrinkage=0.05


Tree=162
num_leaves=15
num_cat=0
split_feature=63 65 99 145 111 145 122 110 110 142 128 12 144 145
split_gain=0.856143 0.586886 0.542429 0.489342 0.36019 0.901474 0.266805 0.496767 0.2232 0.18206 0.655658 0.595965 0.549609 0.287216
threshold=1.0000000180025095e-35 1.0000000180025095e-35 1.0000000180025095e-35 1.0000000180025095e-35 1.0000000180025095e-35 1.5000000000000002 1.0000000180025095e-35 1.0000000180025095e-35 1.0000000180025095e-35 1.0000000180025095e-35 1.0000000180025095e-35 1.0000000180025095e-35 1.5000000000000002 1.5000000000000002
decision_type=2 2 2 2 2 2 2 2 2 2 2 2 2 2
left_child=1 2 3 -1 5 -3 -5 -8 -7 11 -11 12 -4 -12
right_child=-2 4 9 6 -6 8 7 -9 -10 10 13 -13 -14 -15
leaf_value=-0.044024500277704985 0.026773611061153654 -0.00056893156807276358 0.0026930306275160421 -0.0038910338461611302 -0.01247532654286551 0.097083709002441787 -0.0054732578000907736 -0.036085878270303358 0.04141530088585979 -0.053621950875068214 -0.022982895879040108 -0.011547228712477297 0.060325715631919019 0.065574278058115554
leaf_weight=2.2229269891977292 1.5286276339320455 2.0703234113752838 2.3068590983748503 2.4819324398413301 1.7305814524879677 0.29619695048313577 2.2326707579195499 3.2606038823723793 0.45922611560672522 0.81782604416366556 0.16388496058061719 20.163517374079674 0.50406217813724641 0.20746630383655429
leaf_count=10 20 17 28 25 11 21 17 16 5 9 6 119 32 16
internal_value=-0.00993149 -0.0113732 -0.013609 -0.023279 0.00548851 0.0164902 -0.0174966 -0.0236438 0.0632426 -0.00952788 -0.0286043 -0.00854047 0.0130279 0.0264922
internal_weight=40.4467 38.9181 34.3618 10.1981 4.55633 2.82575 7.97521 5.49327 0.755423 24.1636 1.18918 22.9744 2.81092 0.371351
internal_count=352 332 278 68 54 43 58 33 26 210 31 179 60 22
is_linear=0
shrinkage=0.05


Tree=163
num_leaves=15
num_cat=0
split_feature=43 40 99 122 110 46 65 158 110 148 110 148 158 128
split_gain=0.695114 0.605246 0.415062 0.912679 0.746218 0.571808 0.445059 0.423434 0.410403 0.125075 0.0857058 0.255244 0.220102 0.230333
threshold=1.0000000180025095e-35 1.0000000180025095e-35 1.0000000180025095e-35 1.0000000180025095e-35 1.0000000180025095e-35 1.0000000180025095e-35 1.0000000180025095e-35 1.0000000180025095e-35 1.0000000180025095e-35 1.0000000180025095e-35 1.0000000180025095e-35 1.0000000180025095e-35 1.0000000180025095e-35 1.0000000180025095e-35
decision_type=2 2 2 2 2 2 2 2 2 2 2 2 2 2
left_child=1 2 3 5 -5 7 10 -1 -2 -9 11 12 -4 -14
right_child=8 -3 6 4 -6 -7 -8 9 -10 -11 -12 -13 13 -15
leaf_value=0.0063787818975301058 0.045853095370345182 0.028184791585356941 -0.025909631744092745 0.01102614078092615 -0.026825195425751781 -0.0091392421819481134 -0.038044715200939966 0.032265321254471235 0.00078911530841544201 0.057226838755226841 -0.018372237928721134 0.01031712195199944 0.014642854144829727 -0.0092617303721338265
leaf_weight=1.3283206522464754 1.0490429464407491 1.2573618566966605 1.8679035305976999 2.0950932251289487 3.4401405714452267 1.4440597351640461 1.382920859789009 1.2188336625695213 0.97462427057325829 0.85310272872447956 2.1807471192441872 1.7558705991250452 1.0672878799960042 18.051351108122617
leaf_count=8 18 19 11 21 18 7 11 15 9 10 23 18 20 151
internal_value=-0.00440287 -0.00592571 -0.00709481 0.00137195 -0.0124984 0.0172206 -0.0104355 0.0284154 0.0241497 0.042543 -0.00890356 -0.00799562 -0.00952779 -0.00792727
internal_weight=39.9667 37.943 36.6856 10.3796 5.53523 4.84432 26.3061 3.40026 2.02367 2.07194 24.9232 22.7424 20.9865 19.1186
internal_count=359 332 313 79 39 40 234 33 27 25 223 200 182 171
is_linear=0
shrinkage=0.05


Tree=164
num_leaves=15
num_cat=0
split_feature=120 98 63 144 145 111 144 148 73 110 122 156 151 122
split_gain=0.634709 0.654127 0.594201 1.09238 0.957362 0.92942 0.720637 1.3369 0.435558 0.490143 0.417763 0.307566 0.440342 0.398264
threshold=1.0000000180025095e-35 1.0000000180025095e-35 1.0000000180025095e-35 2.5000000000000004 3.5000000000000004 1.0000000180025095e-35 3.5000000000000004 1.0000000180025095e-35 1.0000000180025095e-35 1.0000000180025095e-35 1.0000000180025095e-35 1.0000000180025095e-35 1.0000000180025095e-35 1.0000000180025095e-35
decision_type=2 2 2 2 2 2 2 2 2 2 2 2 2 2
left_child=1 2 3 5 6 8 7 10 9 11 -5 12 13 -1
right_child=-2 -3 -4 4 -6 -7 -8 -9 -10 -11 -12 -13 -14 -15
leaf_value=0.0077378584570303322 -0.02959421607748703 0.0024406642374126195 0.017131450779125139 0.067077497662428792 0.061590309521239554 -0.055384206847235176 -0.03623489003753684 -0.032404191503413074 -0.035094288902368979 -0.036213654679114575 0.018726712993443945 -0.026681365678286495 0.014195143696515755 -0.02378614212201963
leaf_weight=1.6051863441243766 2.9452987946569911 15.267602021514902 1.7151040150783945 0.59840365702984777 0.66587063370388921 1.714248318225146 1.1849899168737463 1.284440554038156 2.4390822479035714 1.6795527092181153 1.7627867823466659 1.5585609823465345 2.5889254296198487 2.6658530384302139
leaf_count=13 10 119 20 33 11 10 28 12 14 10 18 13 26 15
internal_value=-0.00726141 -0.00547062 -0.0110983 -0.01355 0.00538572 -0.0208532 -0.00236173 0.00864853 -0.0161316 -0.0115514 0.0309804 -0.00663109 -0.00207574 -0.0119385
internal_weight=39.6759 36.7306 21.463 19.7479 5.49649 14.2514 4.83062 3.64563 12.5372 10.0981 2.36119 8.41853 6.85996 4.27104
internal_count=352 342 223 203 102 101 91 63 91 77 51 67 54 28
is_linear=0
shrinkage=0.05


Tree=165
num_leaves=15
num_cat=0
split_feature=145 114 74 144 128 145 43 111 43 65 144 145 65 144
split_gain=1.36193 0.950383 0.711449 0.54519 0.309948 0.545347 1.08522 0.320596 0.244172 1.04621 0.320051 0.225237 0.326184 0.182907
threshold=2.5000000000000004 1.0000000180025095e-35 1.0000000180025095e-35 2.5000000000000004 1.0000000180025095e-35 1.5000000000000002 1.0000000180025095e-35 1.0000000180025095e-35 1.0000000180025095e-35 1.0000000180025095e-35 3.5000000000000004 1.0000000180025095e-35 1.0000000180025095e-35 2.5000000000000004
decision_type=2 2 2 2 2 2 2 2 2 2 2 2 2 2
left_child=1 4 3 -2 5 11 -7 13 9 10 -5 -1 -13 -6
right_child=2 -3 -4 8 7 6 -8 -9 -10 -11 -12 12 -14 -15
leaf_value=0.0043026525550926972 -0.012835943760749728 0.010193241225575987 -0.019851553071059787 0.015313127513186914 -0.012844174132170032 0.034704916233795804 -0.024718302368586572 -0.03597298406064714 0.022300283580351864 0.11783874975161678 0.061752374371691378 -0.0069477888759379366 -0.03178373782547355 0.007175406361096287
leaf_weight=2.2848165482282621 0.49722193274646942 8.9616387840360385 0.69483559578657139 0.94827702082693643 12.455357695464043 2.2410052915802234 1.1691826693713667 1.4193747108802206 0.91524133655184403 0.48106712830485765 0.6094648753060028 4.7002017321065068 1.8393995910882948 1.2559821911854658
leaf_count=14 4 42 4 12 113 31 6 8 13 11 24 32 12 47
internal_value=-0.000840375 -0.00393901 0.0263089 0.0356023 -0.00856706 -0.00264941 0.0143317 -0.013352 0.0437553 0.0533867 0.0334824 -0.00921174 -0.0139334 -0.0110103
internal_weight=40.4731 36.327 4.14611 3.45127 27.3653 12.2346 3.41019 15.1307 2.95405 2.03881 1.55774 8.82442 6.5396 13.7113
internal_count=373 305 68 64 263 95 37 168 60 47 36 58 44 160
is_linear=0
shrinkage=0.05


Tree=166
num_leaves=15
num_cat=0
split_feature=144 111 65 151 151 137 44 149 144 65 144 151 99 126
split_gain=1.24086 0.91035 1.13937 0.862971 0.334884 0.610025 0.293647 0.379794 0.287352 0.198733 0.151429 0.131026 0.120782 0.0983184
threshold=1.5000000000000002 1.0000000180025095e-35 1.0000000180025095e-35 1.0000000180025095e-35 2.5000000000000004 1.0000000180025095e-35 1.0000000180025095e-35 1.0000000180025095e-35 2.5000000000000004 1.0000000180025095e-35 3.5000000000000004 1.0000000180025095e-35 1.0000000180025095e-35 1.0000000180025095e-35
decision_type=2 2 2 2 2 2 2 2 2 2 2 2 2 2
left_child=6 2 4 -3 5 -2 7 9 13 11 -5 -1 -7 -6
right_child=1 3 -4 10 8 12 -8 -9 -10 -11 -12 -13 -14 -15
leaf_value=-0.0023244482439277081 0.0056120206967764669 0.0022204275356329625 0.056991498861769921 -0.042962120104079071 0.022345626634293542 -0.054041664823874139 -0.031987222449123519 -0.026991764138705521 0.0029013034283685104 -0.016890069666923878 -0.018323269774791748 0.020241312601060917 -0.022513173964413099 0.011524451561664444
leaf_weight=2.5110869146883474 3.2789558081422099 4.276879619807004 1.1696653954859346 1.7026924462988975 3.5104855592362583 0.51189344096928835 2.2711716592311859 2.6547062061727047 8.3488500599632971 1.8621637895703314 0.98398098396137346 0.86481724167242635 0.74710250442149095 5.2207934483885765
leaf_count=17 27 30 31 11 24 4 12 13 58 12 21 22 21 61
internal_value=-0.00106124 0.00409152 0.00892641 -0.0117303 0.0063258 -0.00574745 -0.0161441 -0.0115852 0.0095335 -0.00377695 -0.0339383 0.0034563 -0.0353323 0.0158752
internal_weight=39.9152 29.7513 22.7877 6.96355 21.6181 4.53795 10.1639 7.89277 17.0801 5.23807 2.68667 3.3759 1.259 8.73128
internal_count=364 288 226 62 195 52 76 64 143 51 32 39 25 85
is_linear=0
shrinkage=0.05


Tree=167
num_leaves=15
num_cat=0
split_feature=40 151 149 144 65 39 128 151 114 145 122 145 43 126
split_gain=1.64212 0.947028 0.70081 0.680757 0.457826 0.438801 1.14292 0.852114 0.523113 0.46416 0.264538 0.525299 0.350026 0.227418
threshold=1.0000000180025095e-35 1.0000000180025095e-35 1.0000000180025095e-35 1.0000000180025095e-35 1.0000000180025095e-35 1.0000000180025095e-35 1.0000000180025095e-35 2.5000000000000004 1.0000000180025095e-35 2.5000000000000004 1.0000000180025095e-35 1.5000000000000002 1.0000000180025095e-35 1.0000000180025095e-35
decision_type=2 2 2 2 2 2 2 2 2 2 2 2 2 2
left_child=1 3 -2 -1 5 6 9 -8 13 -3 -5 -12 -13 -7
right_child=2 4 -4 10 -6 8 7 -9 -10 -11 11 12 -14 -15
leaf_value=-0.023721131287381424 0.0074485423310617777 -0.0017606379023378544 0.081952750158169788 0.022436244740109957 -0.036309223278397793 -0.02689675102218729 0.056583770533729497 -0.022895922963874479 -0.0035710037506774487 -0.042619676546669184 -0.014508218932928597 0.006197726046631484 0.036836841058206608 -0.012396721185011729
leaf_weight=1.6184801533818234 0.53326262603513785 2.6304870131425626 0.77338610158767551 3.4534742813557369 1.6280078480049258 5.5298385091591626 1.3313035469036547 0.45163075544405717 9.1625062488019466 0.94470019452273835 2.216642189770937 3.1537093371152878 1.3232839591801164 5.2918999716639519
leaf_count=9 8 29 16 30 21 36 28 30 41 11 13 23 10 55
internal_value=-0.0035836 -0.00544325 0.0515465 0.00639345 -0.0106069 -0.00895578 0.00375048 0.036451 -0.0123626 -0.0125571 0.0111968 0.00539795 0.0152539 -0.0198061
internal_weight=40.0426 38.736 1.30665 11.7656 26.9704 25.3424 5.35812 1.78293 19.9842 3.57519 10.1471 6.69364 4.47699 10.8217
internal_count=360 336 24 85 251 230 98 58 132 40 76 46 33 91
is_linear=0
shrinkage=0.05


Tree=168
num_leaves=15
num_cat=0
split_feature=63 144 145 98 120 12 68 144 74 122 132 65 144 122
split_gain=1.59212 1.62704 0.579121 0.693206 0.474019 0.346838 0.423994 0.300704 0.282821 0.680056 0.427137 0.336572 0.376882 0.264032
threshold=1.0000000180025095e-35 1.5000000000000002 2.5000000000000004 1.0000000180025095e-35 1.0000000180025095e-35 1.0000000180025095e-35 1.0000000180025095e-35 1.5000000000000002 1.0000000180025095e-35 1.0000000180025095e-35 1.0000000180025095e-35 1.0000000180025095e-35 1.5000000000000002 1.0000000180025095e-35
decision_type=2 2 2 2 2 2 2 2 2 2 2 2 2 2
left_child=2 -2 3 5 7 6 8 -5 9 10 11 12 -1 -4
right_child=1 -3 13 4 -6 -7 -8 -9 -10 -11 -12 -13 -14 -15
leaf_value=-0.0049015377738846431 -0.0021535392961444912 0.095571386258402113 0.028624772094537072 -0.023340248336213953 -0.021988582467144042 -0.046097754269531256 0.0092822485680468681 0.0017856789059598388 0.00059221725756769322 -0.040698567678982597 -0.030950441111605154 -0.020063336647614956 0.036375763892205024 0.0014305099233488056
leaf_weight=2.2792676296085053 0.96547971665859111 0.76213075302075595 1.1301877753285214 1.3018535110168166 3.0367741733789435 1.0493122906773358 1.4533771376009106 13.958266230067238 1.5820160256698734 3.3941951761953533 2.5149832512834109 2.3751854064757936 0.73014559666626144 4.2453386602865066
leaf_count=21 4 20 37 13 10 14 19 98 11 25 20 16 27 38
internal_value=-0.00601396 0.0409576 -0.00809198 -0.0105247 -0.00394794 -0.0183496 -0.0163176 -0.000357835 -0.0192072 -0.0219807 -0.0139382 -0.00599236 0.00511319 0.00714802
internal_weight=40.7785 1.72761 39.0509 33.6754 18.2969 15.3785 14.3292 15.2601 12.8758 11.2938 7.89958 5.3846 3.00941 5.37553
internal_count=373 24 349 274 121 153 139 111 120 109 84 64 48 75
is_linear=0
shrinkage=0.05


Tree=169
num_leaves=15
num_cat=0
split_feature=120 40 94 46 128 10 73 73 145 126 44 145 99 145
split_gain=1.75572 0.946405 0.617083 0.469676 0.382307 0.561166 0.595952 0.502256 0.327488 1.26469 0.326392 0.752787 0.335228 0.0955933
threshold=1.0000000180025095e-35 1.0000000180025095e-35 1.0000000180025095e-35 1.0000000180025095e-35 1.0000000180025095e-35 1.0000000180025095e-35 1.0000000180025095e-35 1.0000000180025095e-35 1.5000000000000002 1.0000000180025095e-35 1.0000000180025095e-35 1.0000000180025095e-35 1.0000000180025095e-35 1.5000000000000002
decision_type=2 2 2 2 2 2 2 2 2 2 2 2 2 2
left_child=1 2 -1 4 7 -6 -7 10 9 -8 11 -4 -13 -5
right_child=-2 -3 3 13 5 6 8 -9 -10 -11 -12 12 -14 -15
leaf_value=-0.029651636787739757 0.049195647796241415 -0.032048106820717299 0.0491577581922234 0.034010210033372922 0.046506622249203239 -0.022406987798640098 0.067267323617785937 -0.026609860216605986 0.0046135056198593214 0.0085297445433080848 -0.010369548082775931 0.0083324998468443864 -0.017751451976223565 0.01532895682483211
leaf_weight=1.2129156291484822 2.2381944544613352 1.773649538954486 0.97013142332434643 1.6382500710897141 0.9735701313038615 1.5195354155730463 1.1273313909769047 1.746945500373841 9.4862981140613556 4.8980780579149723 3.5357335498556495 5.1125242346897712 1.6227578632533557 1.1766077224165199
leaf_count=9 12 21 8 11 79 16 12 11 38 54 28 46 17 14
internal_value=0.00619984 0.00358441 0.00538905 0.0066462 0.00487013 0.00958667 0.00747619 -0.00166819 0.0104036 0.0195193 0.0022079 0.00797923 0.00204799 0.0262015
internal_weight=39.0325 36.7943 35.0207 33.8078 30.9929 18.0048 17.0312 12.9881 15.5117 6.02541 11.2411 7.70541 6.73528 2.81486
internal_count=376 364 343 334 309 199 120 110 104 66 99 71 63 25
is_linear=0
shrinkage=0.05


Tree=170
num_leaves=15
num_cat=0
split_feature=114 74 145 122 144 98 73 144 43 44 65 110 149 158
split_gain=0.255355 0.239255 0.369356 0.465708 0.687209 0.210533 0.371368 0.633408 0.365937 0.379872 0.234258 0.32259 0.181283 0.179479
threshold=1.0000000180025095e-35 1.0000000180025095e-35 2.5000000000000004 1.0000000180025095e-35 2.5000000000000004 1.0000000180025095e-35 1.0000000180025095e-35 2.5000000000000004 1.0000000180025095e-35 1.0000000180025095e-35 1.0000000180025095e-35 1.0000000180025095e-35 1.0000000180025095e-35 1.0000000180025095e-35
decision_type=2 2 2 2 2 2 2 2 2 2 2 2 2 2
left_child=1 2 5 4 -4 6 7 8 9 10 11 -1 -8 -11
right_child=-2 -3 3 -5 -6 -7 12 -9 -10 13 -12 -13 -14 -15
leaf_value=0.024913534136371093 0.0041318563293336278 0.013562674140353932 -0.018142893451388954 -0.0026484734016330074 0.059798324496887656 -0.0026216262503121666 -0.013710969873566063 -0.029932378752962514 -0.026522472512396422 -0.027671864956275535 -0.0073626534529520407 -0.00059132693828719619 -0.039775085202549937 -0.0036505123994334679
leaf_weight=2.5258742198348045 9.691558766178785 1.6400809101760376 0.43027912080287822 3.3307588268944528 0.82517103271675296 10.55461539514363 1.172413774766027 2.7666677085799156 1.4865238899365074 1.4133652895689011 2.1506777182221413 2.4349222704768181 1.5479430480045266 1.7287060981616378
leaf_count=27 44 15 2 29 36 97 15 39 13 8 12 15 23 14
internal_value=-0.00302789 -0.00506826 -0.00601229 0.00713354 0.0330856 -0.0081824 -0.0115894 -0.00841033 -0.00333844 2.27051e-05 0.00641976 0.0123949 -0.028542 -0.0144558
internal_weight=43.6996 34.008 32.3679 4.58621 1.25545 27.7817 17.2271 14.5067 11.7401 10.2535 7.11147 4.9608 2.72036 3.14207
internal_count=389 345 330 67 38 263 166 128 89 76 54 42 38 22
is_linear=0
shrinkage=0.05


Tree=171
num_leaves=15
num_cat=0
split_feature=17 144 151 73 65 151 122 40 114 148 137 110 144 111
split_gain=1.57979 0.679964 0.857983 0.75903 0.404383 0.555495 0.681517 0.684746 0.533517 0.492956 0.478842 0.312107 0.29134 0.521521
threshold=1.0000000180025095e-35 3.5000000000000004 1.0000000180025095e-35 1.0000000180025095e-35 1.0000000180025095e-35 2.5000000000000004 1.0000000180025095e-35 1.0000000180025095e-35 1.0000000180025095e-35 1.0000000180025095e-35 1.0000000180025095e-35 1.0000000180025095e-35 1.5000000000000002 1.0000000180025095e-35
decision_type=2 2 2 2 2 2 2 2 2 2 2 2 2 2
left_child=1 4 -3 -4 5 6 7 9 -7 10 -1 -11 -6 -14
right_child=-2 2 3 -5 12 8 -8 -9 -10 11 -12 -13 13 -15
leaf_value=-0.0020630261116331597 0.053169098834030204 0.065120517929861163 0.03357357354596327 -0.04995283701017654 -0.040253235201980521 -0.022719541953720522 -0.017650271633815606 -0.023360140742967189 -0.0056539829585730145 0.016738707319604428 0.037248519241852567 0.055368511331554508 0.0068606905453675541 -0.036291721060529462
leaf_weight=4.4011618595104682 1.0361060631694261 0.6764276809990396 0.56591914940508992 0.52367486289585941 1.8227231353521336 9.5094792507588863 4.225121588446199 1.5687609435990451 8.8345676753669977 1.2212651632726195 0.94008666183799494 0.9143458530306815 1.4098645268240944 1.3909319639205933
leaf_count=35 36 7 35 8 13 74 32 10 37 17 21 9 22 5
internal_value=-0.0077462 -0.00940693 0.0208889 -0.00657044 -0.0108834 -0.00886348 -0.00107119 0.00667273 -0.0145007 0.0129741 0.004856 0.0332778 -0.0246949 -0.0145697
internal_weight=39.0404 38.0043 1.76602 1.08959 36.2383 31.6148 13.2707 9.04562 18.344 7.47686 5.34125 2.13561 4.62352 2.8008
internal_count=361 325 50 43 275 235 124 92 111 82 56 26 40 27
is_linear=0
shrinkage=0.05


Tree=172
num_leaves=15
num_cat=0
split_feature=120 45 132 56 158 99 114 96 44 63 63 65 46 111
split_gain=0.852354 0.363107 1.09002 0.32677 0.716001 3.09822 0.16984 0.557875 0.521097 0.356663 0.248259 0.174853 0.247534 0.805024
threshold=1.0000000180025095e-35 1.0000000180025095e-35 1.0000000180025095e-35 1.0000000180025095e-35 1.0000000180025095e-35 1.0000000180025095e-35 1.0000000180025095e-35 1.0000000180025095e-35 1.0000000180025095e-35 1.0000000180025095e-35 1.0000000180025095e-35 1.0000000180025095e-35 1.0000000180025095e-35 1.0000000180025095e-35
decision_type=2 2 2 2 2 2 2 2 2 2 2 2 2 2
left_child=1 3 -3 4 5 -1 7 8 10 -10 11 -6 13 -13
right_child=-2 2 -4 -5 6 -7 -8 -9 9 -11 -12 12 -14 -15
leaf_value=-0.027815569078962373 0.031760945249287596 0.0534637469769133 -0.05760200188032271 0.02003688250869945 -0.018495300954109891 0.070687412543138248 -0.0022351883230578317 0.022840176977564693 0.023986112606055082 -0.016395186528186983 0.0056491930814376616 -0.017078111950176018 -0.027089817564132774 0.043398616088355935
leaf_weight=1.7685357630252838 1.7288077771663655 0.82748673832975217 0.30136385560035706 1.2623499112669367 15.250189939310088 1.4550520591437808 9.101529239676891 1.2080246729310591 1.5719788546557532 0.83847257297020394 1.4008828345686186 1.7290068814036197 1.0110537037253382 0.80714290589094151
leaf_count=9 8 37 1 12 146 13 39 14 25 6 16 30 5 8
internal_value=-0.00258509 -0.00412604 0.0238131 -0.00496923 -0.00584264 0.0166464 -0.00804492 -0.0102651 -0.012034 0.00993953 -0.0146563 -0.0161696 -0.00617065 0.00216892
internal_weight=40.2619 38.5331 1.12885 37.4042 36.1419 3.22359 32.9183 23.8168 22.6087 2.41045 20.1983 18.7974 3.5472 2.53615
internal_count=369 361 38 323 311 22 289 250 236 31 205 189 43 38
is_linear=0
shrinkage=0.05


Tree=173
num_leaves=15
num_cat=0
split_feature=120 152 96 145 98 126 12 56 145 74 122 111 132 145
split_gain=1.07384 0.745831 0.761678 1.34258 0.793723 1.86059 0.432454 0.39892 0.364618 0.507841 1.22801 0.6185 0.600713 0.104173
threshold=1.0000000180025095e-35 1.0000000180025095e-35 1.0000000180025095e-35 1.5000000000000002 1.0000000180025095e-35 1.0000000180025095e-35 1.0000000180025095e-35 1.0000000180025095e-35 2.5000000000000004 1.0000000180025095e-35 1.0000000180025095e-35 1.0000000180025095e-35 1.0000000180025095e-35 1.0000000180025095e-35
decision_type=2 2 2 2 2 2 2 2 2 2 2 2 2 2
left_child=1 7 3 4 6 -6 -3 8 9 10 11 12 13 -1
right_child=-2 2 -4 -5 5 -7 -8 -9 -10 -11 -12 -13 -14 -15
leaf_value=0.0035860943087866123 -0.030522377680689078 0.0081572313882069068 -0.0020238803902262906 0.075059619320963569 0.066231812279482091 0.0045173987230322146 -0.036328897145856472 0.021762417478587554 0.0054985987587777979 0.018154049839465697 -0.042061541012171633 -0.030416210309217047 -0.015826186230386799 0.019809820399609344
leaf_weight=1.6222096905112282 2.8896166384220114 1.0982858892530185 9.133722404949367 0.93672763006179671 1.6683308375068007 4.5577226467430592 1.0869716145098209 1.2173517616465677 3.9642166107660151 1.2856057081371552 3.1028964072465905 1.9783232472836969 3.0165859907865524 2.5366557468660176
leaf_count=10 9 15 39 72 20 53 14 9 39 12 17 12 17 35
internal_value=-0.0011609 0.00111949 0.00824494 0.0182783 0.0119549 0.0210544 -0.0139707 -0.00591383 -0.00783835 -0.0117425 -0.0148783 -0.0056639 0.00116049 0.0134816
internal_weight=40.0952 37.2056 18.4818 9.34804 8.41131 6.22605 2.18526 18.7238 17.5065 13.5423 12.2567 9.15377 7.17545 4.15887
internal_count=373 364 213 174 102 73 29 151 142 103 91 74 62 45
is_linear=0
shrinkage=0.05


Tree=174
num_leaves=15
num_cat=0
split_feature=148 110 99 150 145 151 146 151 44 151 74 122 73 158
split_gain=0.464464 2.59196 2.00165 0.671564 0.581995 0.486298 0.410748 0.304054 0.267286 0.207076 0.13543 0.599511 0.324808 0.140765
threshold=1.0000000180025095e-35 1.0000000180025095e-35 1.0000000180025095e-35 1.0000000180025095e-35 2.5000000000000004 1.0000000180025095e-35 1.5000000000000002 1.0000000180025095e-35 1.0000000180025095e-35 1.0000000180025095e-35 1.0000000180025095e-35 1.0000000180025095e-35 1.0000000180025095e-35 1.0000000180025095e-35
decision_type=2 2 2 2 2 2 2 2 2 2 2 2 2 2
left_child=3 2 -2 4 8 -6 7 -5 10 -3 11 12 13 -1
right_child=1 9 -4 6 5 -7 -8 -9 -10 -11 -12 -13 -14 -15
leaf_value=0.020075201562745552 -0.013368635830678261 -0.039142375880558598 0.084175657757969688 -0.0050293836775840081 0.025306301377035729 -0.013298937246588212 -0.027716747081973095 0.061063642412937935 -0.02786915542132953 -0.01108177466834151 0.006732673646479251 -0.030181673077595218 -0.0087285381828918936 0.00012468952853937011
leaf_weight=1.3608777299523356 0.81044939532876026 1.0515184924006464 1.4980700048326971 0.2272244095802296 2.3848300054669376 1.2398197065922429 0.2379803103976883 0.74305941929924302 1.7877111872658122 1.7544527947320601 1.4917930606752623 2.902520239353179 19.358676853415091 2.5239138868637516
leaf_count=8 7 7 28 2 20 18 7 45 13 20 11 18 144 21
internal_value=-0.00336669 0.0106883 0.0499309 -0.00546498 -0.0068035 0.0121013 0.0311481 0.0455857 -0.0091322 -0.0215973 -0.00792023 -0.00875627 -0.00608078 0.00711353
internal_weight=39.3729 5.11449 2.30852 34.2584 33.0501 3.62465 1.20826 0.970284 29.4255 2.80597 27.6378 26.146 23.2435 3.88479
internal_count=369 62 35 307 253 38 54 47 215 27 202 191 173 29
is_linear=0
shrinkage=0.05


Tree=175
num_leaves=15
num_cat=0
split_feature=63 120 132 126 94 12 99 68 12 56 145 110 65 128
split_gain=4.05747 1.62461 0.636608 0.422352 0.336209 0.310625 0.243496 0.121673 1.04117 0.121924 0.19229 0.362027 0.33414 0.0831964
threshold=1.0000000180025095e-35 1.0000000180025095e-35 1.0000000180025095e-35 1.0000000180025095e-35 1.0000000180025095e-35 1.0000000180025095e-35 1.0000000180025095e-35 1.0000000180025095e-35 1.0000000180025095e-35 1.0000000180025095e-35 2.5000000000000004 1.0000000180025095e-35 1.0000000180025095e-35 1.0000000180025095e-35
decision_type=2 2 2 2 2 2 2 2 2 2 2 2 2 2
left_child=1 2 3 4 -1 -2 -4 9 13 10 11 -6 -12 -9
right_child=5 -3 6 -5 7 -7 -8 8 -10 -11 12 -13 -14 -15
leaf_value=-0.027883189846044262 0.12099757782233517 0.043911688641721833 -0.035976628194787134 0.013513892408387252 -0.0014342611202179652 0.070943587560587162 -0.0094852004544384652 0.061051866908088281 -0.044355681071577717 0.014130763382340261 0.00043480207137099936 -0.020847331950161543 0.037413408780738441 0.030554275132019987
leaf_weight=1.1805544206872607 0.51982842688448616 2.0856575183570376 1.6176014095544815 5.3787391530349842 18.569227311061709 0.76772082061506808 1.8703245360229621 0.45266919955611118 0.49560020724311471 1.2050611270533398 2.7525215531641147 2.7582799592055371 0.78515347266511515 0.44194524548947811
leaf_count=9 8 11 11 66 127 18 25 10 6 13 34 20 13 11
internal_value=0.00380136 0.000960771 -0.00142756 0.000658195 -0.00175609 0.0911521 -0.0217712 -0.000632854 0.0137798 -0.00140142 -0.00215417 -0.00394495 0.00864185 0.0459859
internal_weight=40.8809 39.5933 37.5077 34.0198 28.641 1.28755 3.48793 27.4605 1.39021 26.0702 24.8652 21.3275 3.53768 0.894614
internal_count=382 356 345 309 243 26 36 234 27 207 194 147 47 21
is_linear=0
shrinkage=0.05


Tree=176
num_leaves=15
num_cat=0
split_feature=114 96 144 56 154 146 144 73 74 144 10 65 122 122
split_gain=1.7738 0.549655 0.406622 0.396986 0.556573 0.969019 0.280167 0.123863 0.158724 0.0684523 0.587468 0.4571 0.353077 0.242078
threshold=1.0000000180025095e-35 1.0000000180025095e-35 1.0000000180025095e-35 1.0000000180025095e-35 1.0000000180025095e-35 1.0000000180025095e-35 3.5000000000000004 1.0000000180025095e-35 1.0000000180025095e-35 2.5000000000000004 1.0000000180025095e-35 1.0000000180025095e-35 1.0000000180025095e-35 1.0000000180025095e-35
decision_type=2 2 2 2 2 2 2 2 2 2 2 2 2 2
left_child=1 2 -1 4 6 -6 9 8 -8 13 11 12 -11 -4
right_child=-2 -3 3 -5 5 -7 7 -9 -10 10 -12 -13 -14 -15
leaf_value=0.010035914759918156 0.017477200358980052 0.022649083660671223 -0.015512572865514013 0.014003934787365935 0.066874322174160547 -0.028394999304383047 0.030332784047792456 -0.013995609816262571 -0.0048493979724729261 0.056214719338609387 -0.045515084970200279 -0.01810191725836378 0.0033564292948409509 -0.029861021973935954
leaf_weight=2.1184829771518734 7.29660958983004 1.2540284956339736 16.896821900387312 1.3325634375796642 0.55949974387476575 0.51039749104529619 0.61264373947051287 0.71878438245039422 0.67246150225400925 0.45515774248633434 0.95355599559843529 1.7639605515287258 1.0327667873352766 3.5586987007409325
leaf_count=13 38 14 133 14 20 18 27 7 4 24 5 10 11 24
internal_value=-0.00479721 -0.00980734 -0.0111125 -0.0126538 -0.0139346 0.0214258 -0.0153534 0.00262606 0.0119229 -0.0168144 -0.0110046 -0.000885054 0.0195258 -0.0180088
internal_weight=39.7364 32.4398 31.1858 29.0673 27.7347 1.0699 26.6649 2.00389 1.28511 24.661 4.20544 3.25189 1.48792 20.4555
internal_count=362 324 310 297 283 38 245 38 31 207 50 45 35 157
is_linear=0
shrinkage=0.05


Tree=177
num_leaves=15
num_cat=0
split_feature=120 144 65 43 145 37 65 15 145 148 98 111 126 144
split_gain=0.415056 0.259378 0.784459 0.823522 0.840756 0.601239 0.441169 0.408027 0.377145 0.268427 0.533789 0.653784 0.253378 0.932488
threshold=1.0000000180025095e-35 2.5000000000000004 1.0000000180025095e-35 1.0000000180025095e-35 1.5000000000000002 1.0000000180025095e-35 1.0000000180025095e-35 1.0000000180025095e-35 2.5000000000000004 1.0000000180025095e-35 1.0000000180025095e-35 1.0000000180025095e-35 1.0000000180025095e-35 1.5000000000000002
decision_type=2 2 2 2 2 2 2 2 2 2 2 2 2 2
left_child=1 2 3 4 7 6 9 12 -8 10 11 -3 13 -1
right_child=-2 5 -4 -5 -6 -7 8 -9 -10 -11 -12 -13 -14 -15
leaf_value=-0.0047572296483164812 -0.021838936652657365 0.057246229455938782 0.030264120603181174 -0.04411904942937251 0.029024882291276106 -0.045721685474587298 -0.055837353849952531 -0.032501849182640395 -0.010636839328865865 0.020715215716697717 -0.0099518747855479057 0.0011030604393694127 -0.010254277173145991 0.032559535193702221
leaf_weight=7.8875605920329779 3.0911984369158736 0.69131349408416598 2.0410966253839424 1.1106741689145554 2.2281951687764368 0.97273680847138244 0.72486248484347093 1.1438221223652369 1.2701246373035244 1.2004920041363227 9.0847634763340466 2.0747878858819604 5.4252692447043964 2.1251170365139842
leaf_count=52 11 42 22 5 27 11 8 7 21 20 39 19 65 23
internal_value=-0.00422044 -0.0027865 0.000742407 -0.00228243 0.000187903 -0.00762453 -0.00516157 -0.0036871 -0.0270601 -0.00181424 -0.00409647 0.0151346 -0.00155217 0.00316298
internal_weight=41.072 37.9808 21.9617 19.9206 18.81 16.0191 15.0463 16.5818 1.99499 13.0514 11.8509 2.7661 15.4379 10.0127
internal_count=372 361 201 179 174 160 149 147 29 120 100 61 140 75
is_linear=0
shrinkage=0.05


Tree=178
num_leaves=15
num_cat=0
split_feature=145 114 74 146 144 111 39 46 145 43 156 73 144 99
split_gain=0.310266 0.341414 0.30147 0.301688 0.265034 0.506861 0.999247 0.360623 0.332022 1.22029 0.46996 0.242942 0.217193 0.375832
threshold=2.5000000000000004 1.0000000180025095e-35 1.0000000180025095e-35 1.0000000180025095e-35 2.5000000000000004 1.0000000180025095e-35 1.0000000180025095e-35 1.0000000180025095e-35 1.5000000000000002 1.0000000180025095e-35 1.0000000180025095e-35 1.0000000180025095e-35 1.0000000180025095e-35 1.0000000180025095e-35
decision_type=2 2 2 2 2 2 2 2 2 2 2 2 2 2
left_child=1 4 3 -2 7 6 -6 8 10 -10 11 12 -1 -14
right_child=2 -3 -4 -5 5 -7 -8 -9 9 -11 -12 -13 13 -15
leaf_value=0.013632676782516666 0.018807142800335186 0.0023048171536183041 -0.022529888148153616 -0.016473422982730725 -0.025919594788003486 -0.044019944486892504 0.059248718380689319 0.013956006922662295 0.026225329999753619 -0.040788003950119035 -0.039510132290911756 -0.013049964809036608 0.010250611672807129 -0.019572661601250221
leaf_weight=1.8158823316916972 3.4363242626714046 9.4045213740318996 0.71609588712453831 0.73565587599296112 1.3700445284193836 1.4588449615985155 0.46003669872879993 1.9077473357319821 2.2706347907660525 0.96933894185349334 1.3550188951194275 12.334979523904622 1.8295676223933695 2.4997178292833269
leaf_count=13 47 43 4 16 45 8 10 10 27 6 12 96 19 18
internal_value=-0.00441005 -0.00594767 0.0074416 0.012586 -0.00869283 -0.0220354 -0.00451041 -0.00693632 -0.0086636 0.00617621 -0.0110876 -0.00900359 -0.000881442 -0.00696927
internal_weight=42.5644 37.6763 4.88808 4.17198 28.2718 3.28893 1.83008 24.9829 23.0751 3.23997 19.8352 18.4801 6.14517 4.32929
internal_count=374 307 67 63 264 63 55 201 191 33 158 146 50 37
is_linear=0
shrinkage=0.05


Tree=179
num_leaves=15
num_cat=0
split_feature=132 144 145 146 151 122 44 144 15 120 111 137 145 151
split_gain=0.231781 0.779624 0.906264 0.296334 0.359832 0.837577 0.222879 0.306642 0.191524 0.155045 0.245154 0.533968 0.17058 0.153256
threshold=1.0000000180025095e-35 2.5000000000000004 1.5000000000000002 1.0000000180025095e-35 1.0000000180025095e-35 1.0000000180025095e-35 1.0000000180025095e-35 1.5000000000000002 1.0000000180025095e-35 1.0000000180025095e-35 1.0000000180025095e-35 1.0000000180025095e-35 1.5000000000000002 1.0000000180025095e-35
decision_type=2 2 2 2 2 2 2 2 2 2 2 2 2 2
left_child=3 -2 -3 6 -5 -6 7 13 -8 10 11 12 -9 -1
right_child=1 2 -4 4 5 -7 8 9 -10 -11 -12 -13 -14 -15
leaf_value=-0.02454024931815715 -0.0052010568503968509 -0.020161630470892342 0.078680905475346133 -0.064377429225488947 -0.035747741408515381 0.059184509913796791 0.025965390438749809 0.0047038455186362016 -0.0054384077014486415 -0.014067419679497942 -0.012903158140644001 -0.004071962976222975 0.025797166438670228 -0.0085831234007271856
leaf_weight=2.8889304883778086 3.5451221764087668 0.35532592562958576 0.66763471448211931 0.45630186796188255 0.95069747959496431 0.30749878101050854 1.0444582416675974 1.7034483214374714 0.90723402774892736 3.2371495477855197 4.542208729311823 15.993514661910012 2.1916215047240257 3.1403328534215689
leaf_count=22 23 10 21 1 42 7 12 10 10 12 33 123 23 31
internal_value=-0.00473675 0.00589476 0.0443479 -0.00603656 -0.026341 -0.0125466 -0.00506004 -0.0060115 0.0113675 -0.00378495 -0.00242249 -2.88918e-05 0.0165723 -0.016229
internal_weight=41.9315 4.56808 1.02296 37.3634 1.7145 1.2582 35.6489 33.6972 1.95169 27.6679 24.4308 19.8886 3.89507 6.02926
internal_count=380 54 31 326 50 49 276 254 22 201 189 156 33 53
is_linear=0
shrinkage=0.05


Tree=180
num_leaves=15
num_cat=0
split_feature=94 153 128 39 145 126 149 145 120 73 145 145 145 122
split_gain=0.38428 0.560386 0.312191 0.464828 0.341357 0.330957 0.273423 0.220868 0.552572 0.213274 0.455455 0.376551 0.645477 0.525813
threshold=1.0000000180025095e-35 1.0000000180025095e-35 1.0000000180025095e-35 1.0000000180025095e-35 1.0000000180025095e-35 1.0000000180025095e-35 1.0000000180025095e-35 1.5000000000000002 1.0000000180025095e-35 1.0000000180025095e-35 1.5000000000000002 1.5000000000000002 1.0000000180025095e-35 1.0000000180025095e-35
decision_type=2 2 2 2 2 2 2 2 2 2 2 2 2 2
left_child=-1 9 6 4 -4 7 -3 8 -5 11 -11 12 -2 -13
right_child=1 2 3 5 -6 -7 -8 -9 -10 10 -12 13 -14 -15
leaf_value=-0.02823019590201466 0.02239777804687073 -0.044163501031746252 0.00041546220155612158 0.017384391330293052 0.05640053120352842 0.0075982400594098738 -0.002084246714795989 -0.011619525641725947 -0.017514547061778862 0.050814631280549499 0.0057845320121183152 0.037098479322894652 -0.01177285264327874 0.0042814397929247325
leaf_weight=1.1378253860457324 1.962077684700487 0.85926009248942381 0.52063045650720841 2.5071010058745751 0.57076273619895801 4.783972702920436 0.70097980229184031 10.217603330907878 2.0713289231061935 0.89588542445562724 1.5046482905745504 1.9193634311668573 4.6747759836725891 3.3527270834892988
leaf_count=14 12 11 4 23 58 53 17 47 7 14 16 20 34 24
internal_value=0.000385048 0.00127608 -0.00369155 -0.00206373 0.0296938 -0.00383391 -0.0252583 -0.00753024 0.00159575 0.00899393 0.0225899 0.00625334 -0.00167086 0.0162288
internal_weight=37.6789 36.5411 22.2316 20.6714 1.09139 19.58 1.56024 14.796 4.57843 14.3095 2.40053 11.9089 6.63685 5.27209
internal_count=354 340 220 192 62 130 28 77 30 120 30 90 46 44
is_linear=0
shrinkage=0.05


Tree=181
num_leaves=15
num_cat=0
split_feature=144 148 144 99 39 128 120 132 149 110 122 114 144 43
split_gain=0.727599 1.0572 0.918075 1.07838 0.905688 0.621079 0.521717 0.501041 0.386985 0.193055 0.178455 0.11162 0.789272 0.0508504
threshold=1.5000000000000002 1.0000000180025095e-35 1.0000000180025095e-35 1.0000000180025095e-35 1.0000000180025095e-35 1.0000000180025095e-35 1.0000000180025095e-35 1.0000000180025095e-35 1.0000000180025095e-35 1.0000000180025095e-35 1.0000000180025095e-35 1.0000000180025095e-35 2.5000000000000004 1.0000000180025095e-35
decision_type=2 2 2 2 2 2 2 2 2 2 2 2 2 2
left_child=2 6 -1 -4 5 -3 8 -5 9 13 -11 12 -10 -2
right_child=1 4 3 7 -6 -7 -8 -9 11 10 -12 -13 -14 -15
leaf_value=0.018002164597966535 0.01024954948013895 0.049562787684979549 0.0091603662840096696 -0.022653997057461354 0.085269532176942719 -0.01153666111430326 -0.018642179469300506 -0.056430720151147043 0.0064437795983258613 0.0012378508215283844 -0.015880106611643557 0.0044835887961185332 0.058551362016342451 -0.0036628377754855234
leaf_weight=1.9271158566698412 2.0556536891963408 0.76224438170902364 2.1110893823206425 3.4602406197227538 0.66249307568068605 0.91543164796894416 3.0764831304550162 1.6082326509058473 5.5565643012523642 2.4293665653094649 4.0787627436220646 8.367208369076252 0.83606086726649653 0.96517892193514843
leaf_count=14 30 9 20 32 13 22 11 7 64 23 24 37 51 6
internal_value=-0.000276002 0.00351448 -0.0126403 -0.0208653 0.0357702 0.0162236 0.000756096 -0.0333714 0.00321313 -0.00464161 -0.00949028 0.00828417 0.0132587 0.00580444
internal_weight=38.8121 29.7054 9.10668 7.17956 2.34017 1.67768 27.3653 5.06847 24.2888 9.52896 6.50813 14.7598 6.39263 3.02083
internal_count=363 290 73 59 44 31 246 39 235 83 47 152 115 36
is_linear=0
shrinkage=0.05


Tree=182
num_leaves=15
num_cat=0
split_feature=137 99 111 144 128 144 65 144 144 148 111 145 132 145
split_gain=1.58769 1.76648 3.09352 0.732326 0.264068 0.258733 0.279542 0.102776 0.355282 0.0698449 0.584407 0.0769112 0.0385875 0.0253494
threshold=1.0000000180025095e-35 1.0000000180025095e-35 1.0000000180025095e-35 1.0000000180025095e-35 1.0000000180025095e-35 1.5000000000000002 1.0000000180025095e-35 2.5000000000000004 3.5000000000000004 1.0000000180025095e-35 1.0000000180025095e-35 1.0000000180025095e-35 1.0000000180025095e-35 1.5000000000000002
decision_type=2 2 2 2 2 2 2 2 2 2 2 2 2 2
left_child=1 3 12 -1 -2 -5 7 -7 -9 11 -11 -6 -3 -13
right_child=4 2 -4 5 9 6 -8 8 -10 10 -12 13 -14 -15
leaf_value=-0.028527706359935946 -0.033619974152795107 0.075294314864745721 -0.024953534408459752 0.022160961273102159 -0.020458427536670341 -0.0075192025556943924 0.020825441539101531 0.025022451431409687 -0.0080506904901967401 0.031423742846079843 -0.023127227110822872 -0.0076761476316044817 0.089668568959379941 -0.011327840978961001
leaf_weight=1.7262227237224568 1.1944189447676787 0.86377949919551511 1.0238224528729916 2.1282494990155092 1.7305937483906806 3.6364790350198728 1.7181640323251484 1.3106710240244868 2.1342766615562141 0.83525726024527025 1.1910861803917214 9.7900013700127602 1.0161324860528111 9.2359993388454313
leaf_count=8 22 17 7 23 9 22 13 17 13 21 13 88 12 77
internal_value=-0.00263206 0.00980702 0.0449782 0.00173626 -0.0107032 0.00651693 0.0027333 -0.00165639 0.00453238 -0.00950177 -0.000641358 -0.0103668 0.0830639 -0.00944883
internal_weight=39.5352 15.5578 2.90373 12.6541 23.9774 10.9278 8.79959 7.08143 3.44495 22.7829 2.02634 20.7566 1.87991 19.026
internal_count=362 132 36 96 230 88 65 52 30 208 34 174 29 165
is_linear=0
shrinkage=0.05


Tree=183
num_leaves=15
num_cat=0
split_feature=65 40 148 137 99 158 73 122 46 99 110 111 126 158
split_gain=1.30042 1.14136 0.912231 1.4106 0.430822 0.312526 0.427746 0.251214 0.219686 0.38893 1.46771 0.1907 0.181906 0.10978
threshold=1.0000000180025095e-35 1.0000000180025095e-35 1.0000000180025095e-35 1.0000000180025095e-35 1.0000000180025095e-35 1.0000000180025095e-35 1.0000000180025095e-35 1.0000000180025095e-35 1.0000000180025095e-35 1.0000000180025095e-35 1.0000000180025095e-35 1.0000000180025095e-35 1.0000000180025095e-35 1.0000000180025095e-35
decision_type=2 2 2 2 2 2 2 2 2 2 2 2 2 2
left_child=1 2 4 -4 5 -1 7 -7 9 -2 -11 -9 13 -6
right_child=8 -3 3 -5 12 6 -8 11 -10 10 -12 -13 -14 -15
leaf_value=-0.028417272537654359 0.028900577077413739 -0.044450891563457655 0.0020614242304584514 0.073199932606248228 -0.0047536297668303142 0.00560001587430133 0.019646334044395065 -0.0080951199748338695 0.011133402774584604 0.15154378357434914 -0.012721255618885317 -0.031750482984037327 -0.0053196763477296963 0.0072128466848554859
leaf_weight=2.0571234859526157 1.8179502002894883 1.4471107075805765 1.9998201997950664 1.0695219042536337 2.2972626462578853 1.3332784748636237 1.2926403246819971 1.6930164890363812 0.91046943515539158 0.29939933143032171 0.24914290977176279 1.7150592431426048 5.7938100113533428 11.566244322952109
leaf_count=10 20 11 17 23 15 13 17 12 6 20 4 9 67 110
internal_value=0.00199467 -0.00105331 0.000984512 0.0268499 -0.00187654 -0.0115874 -0.00584971 -0.0128007 0.032005 0.040035 0.0769361 -0.0199993 0.00212053 0.00522993
internal_weight=35.5418 32.2649 30.8178 3.06934 27.7484 8.09112 6.03399 4.74135 3.27696 2.36649 0.548542 3.40808 19.6573 13.8635
internal_count=354 304 293 40 253 61 51 34 50 44 24 21 192 125
is_linear=0
shrinkage=0.05


Tree=184
num_leaves=15
num_cat=0
split_feature=145 44 132 149 145 37 111 145 65 96 128 149 120 151
split_gain=1.69641 1.70404 1.07328 0.68293 0.616725 0.457286 0.341665 0.449144 0.623021 0.276316 0.242585 0.131588 0.115192 0.110758
threshold=1.0000000180025095e-35 1.0000000180025095e-35 1.0000000180025095e-35 1.0000000180025095e-35 3.5000000000000004 1.0000000180025095e-35 1.0000000180025095e-35 1.5000000000000002 1.0000000180025095e-35 1.0000000180025095e-35 1.0000000180025095e-35 1.0000000180025095e-35 1.0000000180025095e-35 1.0000000180025095e-35
decision_type=2 2 2 2 2 2 2 2 2 2 2 2 2 2
left_child=1 10 3 4 6 11 7 8 -2 12 -1 -4 -5 -9
right_child=2 -3 5 9 -6 -7 -8 13 -10 -11 -12 -13 -14 -15
leaf_value=0.031378542520628931 -0.010076160790918252 -0.018753833163868611 -0.035143760130154876 0.0011688215991804052 0.017779820784074089 -0.0073092846379194431 -0.031700298081180085 0.0080799931435556541 -0.046456442633428935 -0.0074456594484001038 0.060879262534982076 -0.055596028872785974 0.013352045764918689 -0.013067685525030676
leaf_weight=1.4267605245113364 3.4278775996062851 1.6148997023701666 2.3785573504865165 7.0652006264790543 1.2180134574300616 1.3061876890715209 3.9126634839922199 2.0851145815104251 1.7920460924506185 9.5783950313925743 1.3621297478675842 1.1749430663767269 2.6746298521757126 0.88062506227288384
leaf_count=11 33 11 17 128 13 12 23 16 12 36 11 21 11 19
internal_value=-0.00723727 0.0221195 -0.0106853 -0.00742085 -0.0161327 -0.0326072 -0.0195469 -0.0137377 -0.0225658 -0.00141564 0.0457871 -0.0419062 0.00451443 0.00180056
internal_weight=41.898 4.40379 37.4943 32.6346 13.3163 4.85969 12.0983 8.18566 5.21992 19.3182 2.78889 3.5535 9.73983 2.96574
internal_count=374 33 341 291 116 50 103 80 45 175 22 38 139 35
is_linear=0
shrinkage=0.05


Tree=185
num_leaves=15
num_cat=0
split_feature=43 120 111 145 122 44 148 99 46 126 148 144 96 151
split_gain=1.90817 0.485174 0.627411 0.970179 1.17288 0.851587 1.6216 0.768294 0.527941 0.36906 0.241724 0.213407 0.447758 0.572866
threshold=1.0000000180025095e-35 1.0000000180025095e-35 1.0000000180025095e-35 2.5000000000000004 1.0000000180025095e-35 1.0000000180025095e-35 1.0000000180025095e-35 1.0000000180025095e-35 1.0000000180025095e-35 1.0000000180025095e-35 1.0000000180025095e-35 1.5000000000000002 1.0000000180025095e-35 2.5000000000000004
decision_type=2 2 2 2 2 2 2 2 2 2 2 2 2 2
left_child=1 2 5 -4 -5 6 8 -8 9 11 -7 -1 13 -13
right_child=-2 -3 3 4 -6 10 7 -9 -10 -11 -12 12 -14 -15
leaf_value=-0.0095352130614853592 -0.050349487447155644 -0.018359243086477347 -0.033119149188118611 0.061374362056280607 -0.010403315183695971 -0.0074616061361709425 0.0064558294372234386 0.076753506583415551 0.030984668596358261 0.014266325260026981 -0.034653160714436311 0.0053449859053118142 -0.0019860136468683258 0.057410311085019108
leaf_weight=4.8720976528711768 1.9229386013030296 3.0751917399466029 2.9075107313692561 0.75335056197945993 2.3274874687194824 2.1068862831452853 0.57029229775071133 1.2204609899490595 1.8148930687457312 5.439936861395835 1.3353339811728804 1.6439830657182022 9.5721969809383154 0.77850270207272831
leaf_count=33 24 11 19 27 14 24 5 26 19 68 7 27 36 29
internal_value=-0.0017434 0.000689475 0.00234691 -0.0124027 0.00714832 0.00535582 0.00845976 0.0543662 0.00505173 0.00294181 -0.01801 -0.000710619 0.00287383 0.022077
internal_weight=40.3411 38.4181 35.3429 5.98835 3.08084 29.3546 25.9124 1.79075 24.1216 22.3067 3.44222 16.8668 11.9947 2.42249
internal_count=369 345 334 60 41 274 243 31 212 193 31 125 92 56
is_linear=0
shrinkage=0.05


Tree=186
num_leaves=15
num_cat=0
split_feature=151 144 54 43 46 111 144 111 144 39 39 151 122 145
split_gain=0.422614 0.580089 0.608029 0.366033 0.495651 0.325442 0.11447 0.38819 0.418399 0.387131 0.207103 0.146096 0.449868 0.130564
threshold=1.0000000180025095e-35 1.0000000180025095e-35 1.0000000180025095e-35 1.0000000180025095e-35 1.0000000180025095e-35 1.0000000180025095e-35 1.5000000000000002 1.0000000180025095e-35 2.5000000000000004 1.0000000180025095e-35 1.0000000180025095e-35 1.5000000000000002 1.0000000180025095e-35 1.5000000000000002
decision_type=2 2 2 2 2 2 2 2 2 2 2 2 2 2
left_child=3 -2 6 4 5 -1 -3 8 13 11 -9 -10 -13 -8
right_child=1 2 -4 -5 -6 -7 7 10 9 -11 -12 12 -14 -15
leaf_value=0.041092723668259869 0.033581624219182309 -0.018767296329844179 0.0015729888871941014 -0.0076796488107087743 0.0003715339930025662 0.014006831110048851 0.018065204043492003 -0.010174823764216684 0.0017645517728971272 0.054499555839301744 -0.038055999837845647 0.051027539785445199 -0.054451908907439006 0.058988650240174079
leaf_weight=1.9620462357997874 1.117731139063834 4.8946546893566865 22.025546704418957 2.306121751666069 3.338440079241991 2.5506969690322876 0.41373062226921353 1.9410509416193236 0.45038594119250752 0.20462550222873677 1.0139802561607212 0.12390057672018884 0.54896269319579005 0.36850050836801529
leaf_count=22 7 34 144 18 17 21 8 26 9 9 11 43 9 14
internal_value=0.000912046 -0.00182544 -0.00306274 0.00983363 0.0149778 0.0257832 -0.0133144 -0.00804507 0.00833535 -0.00875308 -0.0197419 -0.020276 -0.035029 0.0373438
internal_weight=43.2604 33.1031 31.9853 10.1573 7.85118 4.51274 9.95979 5.06514 2.11011 1.32787 2.95503 1.12325 0.672863 0.782231
internal_count=392 314 307 78 60 43 163 129 92 70 37 61 52 22
is_linear=0
shrinkage=0.05


Tree=187
num_leaves=15
num_cat=0
split_feature=40 151 46 126 132 146 73 111 151 144 43 151 151 149
split_gain=1.01217 1.38953 0.716136 0.849344 0.313621 0.399047 0.403974 0.371327 0.283095 0.228726 0.304313 0.750773 0.206566 0.635049
threshold=1.0000000180025095e-35 1.5000000000000002 1.0000000180025095e-35 1.0000000180025095e-35 1.0000000180025095e-35 1.0000000180025095e-35 1.0000000180025095e-35 1.0000000180025095e-35 2.5000000000000004 1.0000000180025095e-35 1.0000000180025095e-35 1.0000000180025095e-35 1.0000000180025095e-35 1.0000000180025095e-35
decision_type=2 2 2 2 2 2 2 2 2 2 2 2 2 2
left_child=2 -2 3 4 5 6 7 9 -8 -1 11 -11 -7 -14
right_child=1 -3 -4 -5 -6 12 8 -9 -10 10 -12 -13 13 -15
leaf_value=0.010721303456108047 -0.018836640289702705 0.079613769419929648 0.019157469578331726 0.012312271933266975 -0.023195337232048519 -0.06245080714954783 -0.026122231335285497 0.018238956124716436 -0.0080458624764882559 0.02436955124569086 -0.035200208757701627 -0.020282832214558944 0.042312516439288315 -0.044456448922515907
leaf_weight=1.9158563353121367 0.62148939445614704 0.84665996812691446 2.9990031309425822 5.2770611047744742 3.6257319627911775 0.41991335153579612 2.5507988722529271 2.5952923579607159 14.356385928345844 1.5013042632490394 0.94186335569247592 2.5240006197564071 0.2886511485558001 0.78257582051446661
leaf_count=12 6 17 25 69 38 1 19 27 61 14 15 30 11 32
internal_value=-0.00283184 0.0379383 -0.00433659 -0.0062523 -0.00936211 -0.00756291 -0.00614079 0.00212214 -0.0107731 -0.00395481 -0.00961545 -0.00362898 -0.0327272 -0.0210758
internal_weight=41.2466 1.46815 39.7784 36.7794 31.5024 27.8766 26.3855 9.47832 16.9072 6.88302 4.96717 4.0253 1.49114 1.07123
internal_count=377 23 354 329 260 222 178 98 80 71 59 44 44 43
is_linear=0
shrinkage=0.05


Tree=188
num_leaves=15
num_cat=0
split_feature=40 44 110 151 145 99 149 122 145 145 96 144 46 126
split_gain=0.692301 0.428975 0.717213 0.898143 0.409918 0.447833 0.355626 0.319004 1.06722 0.29 0.246555 0.194819 0.299389 0.115522
threshold=1.0000000180025095e-35 1.0000000180025095e-35 1.0000000180025095e-35 1.5000000000000002 1.0000000180025095e-35 1.0000000180025095e-35 1.0000000180025095e-35 1.0000000180025095e-35 1.5000000000000002 1.0000000180025095e-35 1.0000000180025095e-35 2.5000000000000004 1.0000000180025095e-35 1.0000000180025095e-35
decision_type=2 2 2 2 2 2 2 2 2 2 2 2 2 2
left_child=1 2 7 11 -3 -6 -7 9 -9 -1 13 -4 -13 -11
right_child=-2 4 3 -5 5 6 -8 8 -10 10 -12 12 -14 -15
leaf_value=0.018208161823155482 -0.032957166660848636 -0.03618727315136782 -0.011734929854713576 -0.041989516450422926 0.030007079514743146 -0.032929711263828064 0.01214215611547511 0.0033508612517780044 0.072584792375142121 0.0017692167167484779 0.0080720749967006563 0.013614898132759063 -0.016460379192036769 -0.0082783770744320525
leaf_weight=3.056203003972775 1.6822803480172286 1.5111513212323178 3.2455109581351262 1.8139990299241615 0.72260588593780983 1.1865861043334009 0.69338534720009182 2.1209833268076177 0.75466670174500894 5.8654299179761438 8.5989483073353767 2.8124905209988356 1.1724216649308803 5.5844398681074381
leaf_count=20 20 10 21 17 8 8 21 15 27 79 36 27 7 67
internal_value=-0.00154993 -0.000199972 0.00159398 -0.0105326 -0.015474 -0.00344714 -0.016306 0.00581551 0.0215202 0.00386091 0.00167384 -0.00264059 0.00476629 -0.00313129
internal_weight=40.8211 39.1388 35.0251 9.04442 4.11373 2.60258 1.87997 25.9807 2.87565 23.105 20.0488 7.23042 3.98491 11.4499
internal_count=383 363 316 72 47 37 29 244 42 202 182 55 34 146
is_linear=0
shrinkage=0.05


Tree=189
num_leaves=15
num_cat=0
split_feature=126 98 144 145 12 152 40 151 144 132 145 152 122 46
split_gain=2.35898 0.810738 0.719819 0.655006 0.593243 0.930957 0.532861 0.503433 0.310723 0.304028 0.39918 0.273259 0.261274 0.589818
threshold=1.0000000180025095e-35 1.0000000180025095e-35 2.5000000000000004 1.0000000180025095e-35 1.0000000180025095e-35 1.0000000180025095e-35 1.0000000180025095e-35 1.0000000180025095e-35 1.0000000180025095e-35 1.0000000180025095e-35 1.5000000000000002 2.5000000000000004 1.0000000180025095e-35 1.0000000180025095e-35
decision_type=2 2 2 2 2 2 2 2 2 2 2 2 2 2
left_child=1 4 3 -3 5 6 7 8 -1 10 -9 -7 13 -10
right_child=-2 2 -4 -5 -6 11 -8 9 12 -11 -12 -13 -14 -15
leaf_value=-0.035088930130264241 0.03381398538750522 -0.0081186677134812181 -0.0034817822029030113 0.030227657847137174 -0.036305733938171492 0.050445713732491827 -0.038653718847720758 0.030570980937365717 0.020220952201390197 -0.015314651080450348 -0.0053530932723276081 -0.0091377671808109111 -0.016498281326355307 -0.02383107371540704
leaf_weight=1.4729641377925933 4.6654017623513928 1.5641731470823259 9.873128408275079 3.8661442452576011 2.0437437482178202 0.84334491991466964 1.5557949170470244 1.7425783011131 1.7803673697635514 1.1621348597109316 1.3901845738291738 0.24931029585422948 5.8972610626369715 1.325606569647789
leaf_count=8 63 8 44 30 30 61 10 21 21 7 17 7 38 5
internal_value=0.00042952 -0.00405039 0.00456037 0.0191822 -0.0108208 -0.00783078 -0.010821 -0.00788949 -0.0137998 0.00652701 0.0146294 0.0368506 -0.0103168 0.00141988
internal_weight=39.4321 34.7667 15.3034 5.43032 19.4633 17.4195 16.3269 14.7711 10.4762 4.2949 3.13276 1.09266 9.00324 3.10597
internal_count=370 307 82 38 225 195 127 117 72 45 38 68 64 26
is_linear=0
shrinkage=0.05


Tree=190
num_leaves=15
num_cat=0
split_feature=44 145 151 149 144 5 145 65 122 114 144 46 46 65
split_gain=0.597842 0.751325 1.86527 0.511211 0.406581 0.366857 0.443555 0.289925 0.415633 0.42853 0.619693 0.235033 0.196886 0.354088
threshold=1.0000000180025095e-35 1.0000000180025095e-35 1.0000000180025095e-35 1.0000000180025095e-35 1.5000000000000002 1.0000000180025095e-35 1.5000000000000002 1.0000000180025095e-35 1.0000000180025095e-35 1.0000000180025095e-35 2.5000000000000004 1.0000000180025095e-35 1.0000000180025095e-35 1.0000000180025095e-35
decision_type=2 2 2 2 2 2 2 2 2 2 2 2 2 2
left_child=1 2 -1 -2 -5 6 12 8 9 10 -8 -9 13 -3
right_child=3 5 -4 4 -6 -7 7 11 -10 -11 -12 -13 -14 -15
leaf_value=-0.01287941193603525 -0.036373729489633945 -0.0083382050848078947 0.063617561949932275 0.026818553457658757 -0.030158467737136832 -0.033583909275973697 0.0064548848164232946 0.037712581678749753 -0.012149009663325241 0.00031998475211266375 0.05993834555077613 -0.0033336398718325209 0.009428543396011525 -0.033540981524951274
leaf_weight=1.7902527526020997 2.4344705417752261 12.090743788983668 1.4361390136182306 0.73783002793788888 0.54391898610629141 1.0223113973624993 1.6594512872397946 0.97892701828095485 4.7567710304865605 8.8086957652121782 0.80400334746809665 0.54177025705575943 1.2578825813252485 1.5752203837037093
leaf_count=9 16 119 13 8 16 12 13 27 38 34 44 3 9 13
internal_value=-0.0038068 -0.00187282 0.0211711 -0.0229176 0.00263996 -0.00409246 -0.00316403 0.0022247 0.000245231 0.00547552 0.0239104 0.0230893 -0.00950087 -0.0112432
internal_weight=40.4384 36.7222 3.22639 3.71622 1.28175 33.4958 32.4735 17.5496 16.0289 11.2722 2.46345 1.5207 14.9238 13.666
internal_count=374 334 22 40 24 312 300 159 129 91 57 30 141 132
is_linear=0
shrinkage=0.05


Tree=191
num_leaves=15
num_cat=0
split_feature=98 145 144 145 65 122 63 96 122 46 144 149 44 144
split_gain=0.80114 0.60722 1.33853 1.39621 0.427503 0.406369 1.10648 0.317844 0.305487 0.185734 0.195767 0.0600001 0.324272 0.0802686
threshold=1.0000000180025095e-35 1.5000000000000002 2.5000000000000004 3.5000000000000004 1.0000000180025095e-35 1.0000000180025095e-35 1.0000000180025095e-35 1.0000000180025095e-35 1.0000000180025095e-35 1.0000000180025095e-35 1.5000000000000002 1.0000000180025095e-35 1.0000000180025095e-35 1.0000000180025095e-35
decision_type=2 2 2 2 2 2 2 2 2 2 2 2 2 2
left_child=1 9 -3 4 5 6 -4 -2 -6 10 11 12 13 -1
right_child=7 2 3 -5 8 -7 -8 -9 -10 -11 -12 -13 -14 -15
leaf_value=0.0089477956792462093 0.0079133147500109278 0.040892277718978569 0.058848170081732723 0.064308223884380317 -0.013422520908282762 -0.035361271121949485 -0.032219842339831224 0.021611502135520724 0.033756434141910929 0.0065612716422016231 -0.028345658617166255 -0.001023292742935882 -0.027707330843720901 -0.0069713952239572807
leaf_weight=1.056520757265387 10.07034764159471 2.3810407512355578 0.50333025996224046 0.66614835803920858 0.66064412213745505 2.1813988242065534 0.98877655359683558 7.3078176483977577 0.71386513003380969 1.7364539687987424 1.4202082767151303 2.1311540175229311 1.9345636069774625 3.1609502197243273
leaf_count=8 100 30 41 11 12 19 10 36 10 10 25 16 8 33
internal_value=0.00586386 -0.00108362 0.00939567 -0.00372869 -0.012707 -0.0216075 -0.0015 0.0136736 0.0110803 -0.0084991 -0.0111942 -0.00825347 -0.0107581 -0.00298347
internal_weight=36.9132 19.5351 8.0952 5.71416 5.04801 3.67351 1.49211 17.3782 1.37451 11.4399 9.7034 8.28319 6.15203 4.21747
internal_count=369 233 133 103 92 70 51 136 22 100 90 65 49 41
is_linear=0
shrinkage=0.05


Tree=192
num_leaves=15
num_cat=0
split_feature=126 40 142 145 145 99 12 145 145 144 144 56 145 144
split_gain=1.59393 1.1453 0.649172 0.556917 0.64892 0.545603 0.525735 1.71748 0.416932 0.654255 0.314601 0.52719 0.487586 0.205712
threshold=1.0000000180025095e-35 1.0000000180025095e-35 1.0000000180025095e-35 2.5000000000000004 3.5000000000000004 1.0000000180025095e-35 1.0000000180025095e-35 1.5000000000000002 1.5000000000000002 1.0000000180025095e-35 1.5000000000000002 1.0000000180025095e-35 1.0000000180025095e-35 1.5000000000000002
decision_type=2 2 2 2 2 2 2 2 2 2 2 2 2 2
left_child=1 2 3 5 -5 8 7 -7 9 -1 -4 12 -12 -11
right_child=-2 -3 10 4 -6 6 -8 -9 -10 13 11 -13 -14 -15
leaf_value=-0.022372831005414224 0.035272869085287942 0.057735101149890812 -0.056570274784152698 0.011326238379541644 0.062408210452111729 0.063626197633300061 0.0036222331974912398 -0.022463071964382304 -0.024434209134540461 0.022936329246425576 -0.053006452944850506 -0.056519710503451573 0.058105837765258864 -0.0012172208893985082
leaf_weight=2.1656910702586298 4.9483929732814422 0.98539659156813186 0.62317451834678539 2.6013128724007397 0.81698313727974881 1.4365495017264049 14.071529504843056 0.97088012009044167 2.7184072872623801 2.0266732461750507 0.14074593782424927 0.34318382578203455 0.33077428552496713 1.560131657868624
leaf_count=12 67 18 3 36 11 26 72 25 22 21 1 5 43 7
internal_value=0.00893316 0.00470018 0.00294683 0.00460812 0.023535 0.00201501 0.00731621 0.0289077 -0.00829774 -0.000672268 -0.0298289 -0.00937417 0.0249395 0.0124304
internal_weight=35.7398 30.7914 29.806 28.3682 3.4183 24.9499 16.479 2.40743 8.4709 5.7525 1.43788 0.814704 0.47152 3.5868
internal_count=369 302 284 232 47 185 123 51 62 40 52 49 44 28
is_linear=0
shrinkage=0.05


Tree=193
num_leaves=15
num_cat=0
split_feature=145 150 146 151 99 122 144 120 144 99 144 145 98 12
split_gain=0.375115 0.298819 0.66472 0.297234 0.269901 0.259638 1.13698 0.205711 0.191539 0.411452 0.15799 0.156166 0.326637 0.296356
threshold=3.5000000000000004 1.0000000180025095e-35 1.0000000180025095e-35 1.0000000180025095e-35 1.0000000180025095e-35 1.0000000180025095e-35 1.5000000000000002 1.0000000180025095e-35 1.5000000000000002 1.0000000180025095e-35 2.5000000000000004 1.0000000180025095e-35 1.0000000180025095e-35 1.0000000180025095e-35
decision_type=2 2 2 2 2 2 2 2 2 2 2 2 2 2
left_child=1 4 3 -3 5 6 -1 11 -4 -10 -7 -6 13 -13
right_child=-2 2 8 -5 7 10 -8 -9 9 -11 -12 12 -14 -15
leaf_value=-0.01141403827187417 0.018291434811876506 -0.0056137458070855111 -0.052588201546136561 0.06220168807883452 -0.00012218085835525319 -0.0019809626990889618 0.040444036278346758 0.00065849280917398237 -0.047024974710280332 0.051246083841698847 -0.017905253075457501 -0.018939453826122749 -0.01146856696533869 -0.042928146230451575
leaf_weight=3.4217061093077046 1.2473782544111589 0.22365302592515834 0.30619660019874573 0.58215548247972038 1.7229758203029693 2.8437082450836897 1.5293856607750056 2.4258461482822886 0.22635504929348826 0.20118451610323973 3.4439073726534843 5.7092917715781377 14.811581805581227 1.6623477432876823
leaf_count=22 18 2 3 32 12 19 17 10 3 31 24 73 108 11
internal_value=-0.00870061 -0.00956149 0.0120287 0.0433794 -0.0104462 -0.00395938 0.00460485 -0.0132148 -0.0224014 -0.000782201 -0.0107032 -0.0146226 -0.0157488 -0.024349
internal_weight=40.3577 39.1103 1.53954 0.805809 37.5708 11.2387 4.95109 26.332 0.733736 0.42754 6.28762 23.9062 22.1832 7.37164
internal_count=385 367 71 34 296 82 39 214 37 34 43 204 192 84
is_linear=0
shrinkage=0.05


Tree=194
num_leaves=15
num_cat=0
split_feature=114 120 151 144 73 145 68 146 99 151 39 43 46 145
split_gain=2.84973 1.12779 1.31673 1.08147 0.480777 0.404865 0.308631 1.16728 0.195848 0.686653 0.786459 0.51137 0.4711 0.798027
threshold=1.0000000180025095e-35 1.0000000180025095e-35 2.5000000000000004 1.5000000000000002 1.0000000180025095e-35 1.5000000000000002 1.0000000180025095e-35 1.0000000180025095e-35 1.0000000180025095e-35 1.5000000000000002 1.0000000180025095e-35 1.0000000180025095e-35 1.0000000180025095e-35 1.0000000180025095e-35
decision_type=2 2 2 2 2 2 2 2 2 2 2 2 2 2
left_child=1 2 4 -4 6 -6 8 -8 11 -10 -11 12 13 -1
right_child=-2 -3 3 -5 5 -7 7 -9 9 10 -12 -13 -14 -15
leaf_value=-0.017406082318388975 0.03147851275823934 -0.034794389519274431 0.063271043167124799 0.0092528454453800323 -0.03837001380722499 -0.006105357461532933 0.063188851070970373 -0.036577863708640343 -0.034365128048250135 0.040132282491956689 -0.022935970572391225 -0.024333835224517666 -0.011593988168250196 0.024127389751861201
leaf_weight=1.6319059394300071 6.9373088683933011 2.7210673540830603 1.1127726109698404 5.5371274937788257 2.0570129910483952 1.8438009787350891 0.69039412843994863 0.50959227173007093 2.1520473002456137 0.92413960985868437 1.0627480028197169 2.0888985283672801 3.386153943836689 3.9703503125347197
leaf_count=10 40 8 15 97 10 18 15 10 14 45 10 17 17 45
internal_value=0.00262649 -0.00411547 -0.00101985 0.0182921 -0.00734077 -0.0231195 -0.00359145 0.0208214 -0.00551671 -0.0147967 0.00639829 -0.00204931 0.00312959 0.0120289
internal_weight=36.6253 29.688 26.9669 6.6499 20.317 3.90081 16.4162 1.19999 15.2162 4.13893 1.98689 11.0773 8.98841 5.60226
internal_count=371 331 323 112 211 28 183 25 158 69 55 89 72 55
is_linear=0
shrinkage=0.05


Tree=195
num_leaves=15
num_cat=0
split_feature=144 144 128 152 132 114 144 145 151 73 46 151 99 44
split_gain=0.935526 0.910692 0.512364 1.40697 0.398068 0.608476 0.593437 0.352289 0.678781 0.324512 0.272988 0.261297 0.173723 0.119019
threshold=2.5000000000000004 1.5000000000000002 1.0000000180025095e-35 1.0000000180025095e-35 1.0000000180025095e-35 1.0000000180025095e-35 3.5000000000000004 3.5000000000000004 1.0000000180025095e-35 1.0000000180025095e-35 1.0000000180025095e-35 1.5000000000000002 1.0000000180025095e-35 1.0000000180025095e-35
decision_type=2 2 2 2 2 2 2 2 2 2 2 2 2 2
left_child=1 2 13 -4 5 6 9 8 -8 -2 -3 -10 -6 -1
right_child=4 10 3 -5 12 -7 7 -9 11 -11 -12 -13 -14 -15
leaf_value=-0.0088522148509108372 0.014904921048665414 0.012933008500295457 0.062089945500038796 -0.013519888528748296 -0.049048350417218937 -0.013655032265181244 -0.060024251957558741 0.0090931612543481682 -0.029946873877473624 0.058568259355064205 0.039146563370005716 0.055396527117863449 -0.018270263888324055 -0.023846079421086491
leaf_weight=4.6725202798843384 2.2102934102294962 11.354888828820547 0.94299878552556071 1.7703990191221235 0.77864845097064961 9.979539142921567 0.72124400734901428 1.0340881286538206 0.14562902814941481 0.526996813394362 1.0883863754570491 0.23348134131811094 1.114988665343845 1.8465683516114948
leaf_count=39 34 123 15 11 4 34 2 14 6 26 7 20 25 12
internal_value=-0.000459674 0.00639789 -0.00550019 0.0127571 -0.00933657 -0.00658378 0.00790139 -0.0118607 -0.0315528 0.0233112 0.0152259 0.0226133 -0.030926 -0.0130993
internal_weight=38.4207 21.6758 9.23249 2.7134 16.7449 14.8513 4.87173 2.13444 1.10035 2.73729 12.4433 0.37911 1.89364 6.51909
internal_count=372 207 77 26 165 136 102 42 28 60 130 26 29 51
is_linear=0
shrinkage=0.05


Tree=196
num_leaves=15
num_cat=0
split_feature=40 73 158 54 110 128 65 44 158 68 122 151 96 128
split_gain=1.45852 0.778985 0.452768 0.373437 0.365287 0.342389 0.288729 0.274549 0.70439 0.372409 0.232231 0.199199 0.181569 0.12324
threshold=1.0000000180025095e-35 1.0000000180025095e-35 1.0000000180025095e-35 1.0000000180025095e-35 1.0000000180025095e-35 1.0000000180025095e-35 1.0000000180025095e-35 1.0000000180025095e-35 1.0000000180025095e-35 1.0000000180025095e-35 1.0000000180025095e-35 1.0000000180025095e-35 1.0000000180025095e-35 1.0000000180025095e-35
decision_type=2 2 2 2 2 2 2 2 2 2 2 2 2 2
left_child=1 4 -3 11 7 6 10 8 -1 -9 -6 -4 -5 -10
right_child=-2 2 3 12 5 -7 -8 9 13 -11 -12 -13 -14 -15
leaf_value=0.033742223844395583 0.058499409500581911 0.038894335860592127 0.019009789477072544 0.0086197771263472212 0.0082355578371542237 -0.039989950137973011 -0.025247744172383443 -0.032032650404235551 -0.00066942887555285755 0.0041564567135098027 -0.015973514145562209 0.060835932783373819 -0.0019601989180251093 -0.020835191409709884
leaf_weight=1.5952071137726314 1.1199741035670729 1.0863073766231561 1.232170764356854 8.1737299542874098 2.1795239569619289 1.1985550231765953 2.2230780208483338 1.41420692356769 4.3418976049870261 1.4294452887552325 1.8160075638443234 0.37018679894390505 8.048072561621666 0.91779193675756676
leaf_count=13 21 7 13 88 20 16 15 9 40 23 12 29 33 34
internal_value=0.00230748 0.0005606 0.00755534 0.00564536 -0.00716761 -0.0155203 -0.010804 -0.000779755 0.00463856 -0.0138411 -0.0027677 0.0286727 0.00337077 -0.00418826
internal_weight=37.1462 36.0262 18.9105 17.8242 17.1157 7.41716 6.21861 9.69855 6.8549 2.84365 3.99553 1.60236 16.2218 5.25969
internal_count=373 352 170 163 182 63 47 119 87 32 32 42 121 74
is_linear=0
shrinkage=0.05


Tree=197
num_leaves=15
num_cat=0
split_feature=40 56 144 145 73 120 99 99 144 144 145 148 144 146
split_gain=0.592665 0.509647 0.639037 0.579626 0.796076 0.619649 0.485447 0.396459 0.676151 0.353611 0.266838 0.22625 0.483089 0.510535
threshold=1.0000000180025095e-35 1.0000000180025095e-35 1.0000000180025095e-35 2.5000000000000004 1.0000000180025095e-35 1.0000000180025095e-35 1.0000000180025095e-35 1.0000000180025095e-35 1.5000000000000002 3.5000000000000004 1.0000000180025095e-35 1.0000000180025095e-35 1.5000000000000002 1.0000000180025095e-35
decision_type=2 2 2 2 2 2 2 2 2 2 2 2 2 2
left_child=1 2 -1 4 7 10 9 8 -4 -5 -6 12 -9 -14
right_child=-2 -3 3 6 5 -7 -8 11 -10 -11 -12 -13 13 -15
leaf_value=0.029125937329020881 0.031747639330968004 -0.034304928057468209 0.01742820131387178 0.024783849654707736 -0.016574819025193949 -0.026446105329079518 0.057903539801531206 -0.029550633346817613 -0.020565152432479791 -0.0098991767802581124 0.0056961306429187857 -0.038663895754036642 0.061173996918737775 -0.02157126017986009
leaf_weight=1.5747554404661048 1.2612601919972792 1.2643795200274315 1.8118452783673999 1.4726600321009762 1.4811366647481961 1.9136138558387745 0.56974593083577829 2.16010662540794 3.3109912034124136 1.4669766831211744 14.628687738702865 2.2513162544346415 0.34958043816732232 0.39938953320961446
leaf_count=13 20 12 17 16 8 6 33 15 22 15 134 22 17 12
internal_value=-0.00191976 -0.00314507 -0.00196517 -0.00350404 -0.00588029 0.000453283 0.0156628 -0.0169812 -0.00712766 0.00747586 0.00364854 -0.0267629 -0.0175529 0.0170499
internal_weight=35.9164 34.6552 33.3908 31.8161 28.3067 18.0234 3.50938 10.2832 5.12284 2.93964 16.1098 5.16039 2.90908 0.74897
internal_count=362 342 330 317 253 148 64 105 39 31 142 66 44 29
is_linear=0
shrinkage=0.05


Tree=198
num_leaves=15
num_cat=0
split_feature=94 40 37 146 151 99 44 148 99 43 111 144 99 145
split_gain=0.429716 0.497631 0.2873 0.22335 0.293084 0.784618 0.276023 0.450444 0.17184 0.167969 0.205499 0.216181 0.364974 0.159756
threshold=1.0000000180025095e-35 1.0000000180025095e-35 1.0000000180025095e-35 1.0000000180025095e-35 1.0000000180025095e-35 1.0000000180025095e-35 1.0000000180025095e-35 1.0000000180025095e-35 1.0000000180025095e-35 1.0000000180025095e-35 1.0000000180025095e-35 1.5000000000000002 1.0000000180025095e-35 1.0000000180025095e-35
decision_type=2 2 2 2 2 2 2 2 2 2 2 2 2 2
left_child=-1 2 3 6 -5 -6 9 8 -8 10 11 12 -2 -7
right_child=1 -3 -4 4 5 13 7 -9 -10 -11 -12 -13 -14 -15
leaf_value=-0.036983481183341993 0.0010479256468008495 -0.030494482172188711 0.018272378445478073 -0.060387384342566887 0.072199984205971027 -0.052656083450684156 0.014615558566052534 -0.011450401650667913 0.048694914154733225 0.010661494606482668 -0.014649250287172268 -0.00069251830545812476 -0.026541113512643485 -0.012030284710252755
leaf_weight=0.99525598595209785 2.4361789133399725 1.6583697120076966 1.5934059342835087 0.37467280030250449 0.2353598941117524 0.42227026820182789 0.76453944575041533 1.0719204731285572 0.71660018933471203 1.8684479273942987 4.4824548304895862 19.735232259350596 2.3600287139415839 0.56680158492235932
leaf_count=15 17 15 16 1 4 4 6 7 15 26 32 145 25 48
internal_value=-0.00454797 -0.0037048 -0.00249187 -0.00343625 -0.0216911 -0.0098502 -0.00256318 0.0132371 0.0311037 -0.0038694 -0.00480516 -0.00300642 -0.0125276 -0.0293749
internal_weight=39.2815 38.2863 36.6279 35.0345 1.5991 1.22443 33.4354 2.55306 1.48114 30.8823 29.0139 24.5314 4.79621 0.989072
internal_count=376 361 346 330 57 56 273 28 21 245 219 187 42 52
is_linear=0
shrinkage=0.05


Tree=199
num_leaves=15
num_cat=0
split_feature=98 63 44 12 149 146 145 111 145 43 128 74 122 145
split_gain=1.84778 0.827403 1.66334 0.78901 0.65197 1.65753 0.446441 0.635413 0.323608 0.595496 0.28098 0.205485 0.193367 0.124139
threshold=1.0000000180025095e-35 1.0000000180025095e-35 1.0000000180025095e-35 1.0000000180025095e-35 1.0000000180025095e-35 1.0000000180025095e-35 2.5000000000000004 1.0000000180025095e-35 1.5000000000000002 1.0000000180025095e-35 1.0000000180025095e-35 1.0000000180025095e-35 1.0000000180025095e-35 1.0000000180025095e-35
decision_type=2 2 2 2 2 2 2 2 2 2 2 2 2 2
left_child=1 3 -3 4 6 10 7 8 11 -10 -6 12 -1 -7
right_child=-2 2 -4 -5 5 13 -8 -9 9 -11 -12 -13 -14 -15
leaf_value=0.0049587277356975355 -0.01704188152117286 0.092267762850738677 -0.011648434504927627 -0.044271309660366132 0.029889690623990585 -0.052685093080808591 0.015777351903802448 -0.034464424873169371 0.042699173970918457 -0.011116745703750711 0.076361494821252193 -0.023262404448652962 -0.014389957611964717 -0.011046718255454323
leaf_weight=4.1643180425744575 20.522071669081924 0.76168105471879133 0.77884374867426232 0.89319305165554297 0.49483855656580933 0.37056390941143025 3.4587777933920725 1.5523091629147536 1.0999911269173028 0.96499450504779805 0.94915900727937697 1.2569897230714557 1.8716316409409044 0.34627009954419918
leaf_count=36 133 14 6 19 9 3 37 11 17 4 24 7 13 32
internal_value=-0.00664448 0.00460743 0.0397308 0.00150186 0.00397523 0.0295819 0.000124465 -0.00483783 7.66762e-05 0.0175503 0.0604362 -0.00487096 -0.00104093 -0.0325715
internal_weight=39.4856 18.9636 1.54052 17.423 16.5298 2.16083 14.369 10.9102 9.35793 2.06499 1.444 7.29294 6.03595 0.716834
internal_count=365 232 20 212 193 68 125 88 77 21 33 56 49 35
is_linear=0
shrinkage=0.05


Tree=200
num_leaves=15
num_cat=0
split_feature=94 148 73 145 144 126 99 99 65 151 96 120 144 65
split_gain=0.660882 0.618345 1.9654 0.805423 0.637977 0.541126 0.531426 0.471405 0.400524 0.204849 0.153692 0.791639 0.109128 0.0154956
threshold=1.0000000180025095e-35 1.0000000180025095e-35 1.0000000180025095e-35 1.0000000180025095e-35 1.0000000180025095e-35 1.0000000180025095e-35 1.0000000180025095e-35 1.0000000180025095e-35 1.0000000180025095e-35 1.5000000000000002 1.0000000180025095e-35 1.0000000180025095e-35 2.5000000000000004 1.0000000180025095e-35
decision_type=2 2 2 2 2 2 2 2 2 2 2 2 2 2
left_child=-1 3 7 4 -2 6 8 -3 -5 13 11 -11 -9 -8
right_child=1 2 -4 5 -6 -7 9 12 -10 10 -12 -13 -14 -15
leaf_value=-0.042656403840986484 -0.00402151190519237 0.031225606637745817 0.078573491426199418 -0.0019940972385907806 -0.045755673550127662 0.012352287247342964 -0.021251591050826395 -0.0019094779870451246 0.021840558637418225 0.027666441660203885 -0.012947440170254169 -0.016231339632051263 -0.021875047400432401 -0.029994685730867516
leaf_weight=1.0484797741228238 1.6786856874823564 0.81442745402455363 0.95650292187929142 6.7549726455472445 2.0147636961191893 5.3578114258125416 0.96021710068453026 1.3405568515881889 2.3848804673179984 1.5465898687252764 8.0142745061311871 3.0571727678179741 1.3982816225325221 1.073176615871489
leaf_count=14 10 10 7 53 12 70 14 12 21 78 30 11 27 7
internal_value=-0.0035056 -0.00240663 0.0149541 -0.00479052 -0.0267874 -0.00200333 -0.00523622 -0.00217159 0.00422513 -0.0111384 -0.00876505 -0.0014843 -0.0121027 -0.025866
internal_weight=38.4008 37.3523 4.50977 32.8425 3.69345 29.1491 23.7913 3.55327 9.13985 14.6514 12.618 4.60376 2.73884 2.03339
internal_count=376 362 56 306 22 284 214 49 74 140 119 89 39 21
is_linear=0
shrinkage=0.05


Tree=201
num_leaves=15
num_cat=0
split_feature=132 37 145 144 65 152 110 151 145 73 65 145 46 73
split_gain=1.40275 0.884131 0.734848 0.585575 0.489117 0.333399 1.02022 1.08631 0.190172 0.332205 0.342007 0.607379 0.104453 0.091531
threshold=1.0000000180025095e-35 1.0000000180025095e-35 1.0000000180025095e-35 2.5000000000000004 1.0000000180025095e-35 1.0000000180025095e-35 1.0000000180025095e-35 1.5000000000000002 3.5000000000000004 1.0000000180025095e-35 1.0000000180025095e-35 2.5000000000000004 1.0000000180025095e-35 1.0000000180025095e-35
decision_type=2 2 2 2 2 2 2 2 2 2 2 2 2 2
left_child=2 -2 13 4 5 6 7 -4 9 10 12 -12 -5 -1
right_child=1 -3 3 8 -6 -7 -8 -9 -10 -11 11 -13 -14 -15
leaf_value=-0.010835120792017976 -0.038293095540014525 0.0083152871157242594 0.085706417912745747 -0.021438885749175046 -0.0093693135472157248 0.011047342616617779 0.0048070601055838144 -0.00081603676083275706 0.017033204997659063 0.0015287690292921942 -0.030298484198943799 0.032408848929083467 -0.045075368317810872 -0.02588363505371204
leaf_weight=2.4845707565546027 3.7033040293754302 1.4029465133789925 1.1281241225078709 1.5445874606084502 2.1861109328456214 8.9234205167158507 1.9876009188592434 0.5347254399675877 1.2456788770796272 9.6335592959367204 0.74851369770476617 0.797674893430667 0.67022157309111197 1.7031118869781492
leaf_count=16 38 12 18 26 16 89 14 14 17 63 9 11 7 8
internal_value=-0.00107126 -0.0254874 0.00264064 0.00543183 0.0124596 0.0162548 0.0289843 0.0578832 -0.00165342 -0.00339125 -0.0159936 0.00205207 -0.0285915 -0.0169553
internal_weight=38.6942 5.10625 33.5879 29.4002 14.76 12.5739 3.65045 1.66285 14.6402 13.3946 3.761 1.54619 2.21481 4.18768
internal_count=358 50 308 284 151 135 46 32 133 116 53 20 33 24
is_linear=0
shrinkage=0.05


Tree=202
num_leaves=15
num_cat=0
split_feature=114 145 96 156 158 148 149 44 144 144 65 99 43 151
split_gain=0.66184 0.312154 0.316353 0.527182 0.366764 0.169858 0.189918 0.120481 0.102355 0.947056 0.156843 0.107507 0.200106 0.170519
threshold=1.0000000180025095e-35 3.5000000000000004 1.0000000180025095e-35 1.0000000180025095e-35 1.0000000180025095e-35 1.0000000180025095e-35 1.0000000180025095e-35 1.0000000180025095e-35 2.5000000000000004 3.5000000000000004 1.0000000180025095e-35 1.0000000180025095e-35 1.0000000180025095e-35 2.5000000000000004
decision_type=2 2 2 2 2 2 2 2 2 2 2 2 2 2
left_child=1 2 3 5 -5 7 -7 8 11 10 -10 12 -1 -13
right_child=-2 -3 -4 4 -6 6 -8 -9 9 -11 -12 13 -14 -15
leaf_value=-0.0051666195453535773 0.003695850341109331 0.013937510399911382 0.01656450176767222 -0.0019890630384179308 0.054141286356542577 -0.013454934552713344 -0.032028670649497597 0.0035707021070882552 0.028464968046612561 -0.050329787898045736 9.6646919247879852e-05 -0.030539426263648389 -0.026198778590092037 -0.014993835286238537
leaf_weight=5.0794799365103431 9.4630954731255752 1.1685599704069307 0.9134241875144643 0.80545303225517273 0.45566697345930041 2.7880646979901931 2.7179589872248471 1.0683813472278405 0.96758944634348087 0.80347928719129402 0.98144581168889999 2.1605493060778853 1.4548320956528185 9.6110052107833326
leaf_count=35 45 16 12 7 57 27 15 16 29 7 5 17 11 83
internal_value=-0.00787703 -0.0114125 -0.0124064 -0.0133222 0.0182919 -0.014765 -0.0226236 -0.0128095 -0.0136406 -0.00465091 0.01418 -0.0149923 -0.00984933 -0.0178471
internal_weight=40.439 30.9759 29.8073 28.8939 1.26112 27.6328 5.50602 22.1268 21.0584 2.75251 1.94904 18.3059 6.53431 11.7716
internal_count=382 337 321 309 64 245 42 203 187 41 34 146 46 100
is_linear=0
shrinkage=0.05


Tree=203
num_leaves=15
num_cat=0
split_feature=145 144 122 40 65 144 151 151 145 110 12 132 120 126
split_gain=0.868081 0.540756 1.03789 0.490569 0.360022 0.268968 0.242496 0.328192 0.20701 0.234938 0.607209 0.172295 0.0544142 0.0312975
threshold=1.0000000180025095e-35 2.5000000000000004 1.0000000180025095e-35 1.0000000180025095e-35 1.0000000180025095e-35 1.0000000180025095e-35 1.5000000000000002 2.5000000000000004 1.5000000000000002 1.0000000180025095e-35 1.0000000180025095e-35 1.0000000180025095e-35 1.0000000180025095e-35 1.0000000180025095e-35
decision_type=2 2 2 2 2 2 2 2 2 2 2 2 2 2
left_child=5 2 3 8 6 -1 -3 11 9 10 -2 -8 13 -12
right_child=1 4 -4 -5 -6 -7 7 -9 -10 -11 12 -13 -14 -15
leaf_value=-0.011302679497018971 0.036684757454039561 0.0089103234050626461 0.04260105225252505 -0.025032240542004588 -0.028685792332242572 -0.036019755571089905 -0.037232513403276289 -0.0027589766727343225 0.022351301971163112 -0.016845144310474253 0.012153913268871995 -0.010166015201876828 -0.0043396297914718501 0.0020664928668223193
leaf_weight=2.2385098971426478 1.35639894963242 2.9641893809894055 1.7857334893196828 1.4846201098989702 1.6204605519633339 2.1652846895158291 1.1823967199597964 8.8462821103312308 1.5670827729045402 1.3223094008862979 0.93066575005650509 1.1695171932806261 3.3042648285627365 4.4247371628880501
leaf_count=14 32 35 20 11 30 14 18 64 18 7 9 17 12 53
internal_value=-0.00264418 0.000223585 0.00664804 0.00218646 -0.00636083 -0.0234557 -0.0038064 -0.00717255 0.00531764 0.00296341 0.00557852 -0.0237734 0.00070622 0.00381949
internal_weight=36.3625 31.9587 16.1758 14.3901 15.7828 4.40379 14.1624 11.1982 12.9055 11.3384 10.0161 2.35191 8.65967 5.3554
internal_count=354 326 162 142 164 28 134 99 131 113 106 35 74 62
is_linear=0
shrinkage=0.05


Tree=204
num_leaves=15
num_cat=0
split_feature=126 144 73 74 149 43 74 151 132 99 132 65 110 144
split_gain=0.552719 0.447172 0.510856 0.50613 0.253338 0.445658 0.875078 0.378803 0.37605 0.235917 0.160218 0.0829221 0.240446 0.0726894
threshold=1.0000000180025095e-35 3.5000000000000004 1.0000000180025095e-35 1.0000000180025095e-35 1.0000000180025095e-35 1.0000000180025095e-35 1.0000000180025095e-35 1.5000000000000002 1.0000000180025095e-35 1.0000000180025095e-35 1.0000000180025095e-35 1.0000000180025095e-35 1.0000000180025095e-35 2.5000000000000004
decision_type=2 2 2 2 2 2 2 2 2 2 2 2 2 2
left_child=1 4 3 -3 5 6 7 9 13 11 -9 12 -1 -6
right_child=-2 2 -4 -5 8 -7 -8 10 -10 -11 -12 -13 -14 -15
leaf_value=0.0096414438628304872 0.0082853712696858151 0.061429618667907963 -0.020564706478140904 -0.004707486352031158 -0.0081810172975394415 -0.028443035078960729 -0.044817817715715552 0.051749005801244585 -0.033781047435465637 -0.015447499242055955 0.01262577338999624 0.012541159009253289 -0.010444771109191588 -0.015274705001484319
leaf_weight=3.1381232487037769 4.9721198235638431 0.69453554025676456 0.67515144901699375 0.49576117098331451 6.4246480102301584 1.9204708039760596 1.1109937317669398 0.47484994813566916 2.3326498321839599 2.2695275773294261 0.58294224948622286 1.7280714884400366 2.8367365337908268 8.247020721246372
leaf_count=26 68 45 9 3 48 15 9 18 16 14 11 12 20 58
internal_value=-0.00725341 -0.00959951 0.0141773 0.0338834 -0.0110273 -0.00606205 -0.00252188 0.00173827 -0.0151332 -0.00127948 0.0301885 0.00289487 0.000104936 -0.0121684
internal_weight=37.9036 32.9315 1.86545 1.1903 31.066 14.0617 12.1412 11.0303 17.0043 9.97246 1.05779 7.70293 5.97486 14.6717
internal_count=372 304 57 48 247 125 110 101 122 72 29 58 46 106
is_linear=0
shrinkage=0.05


Tree=205
num_leaves=15
num_cat=0
split_feature=126 144 40 156 99 145 144 145 151 144 65 10 151 137
split_gain=5.84517 1.99894 1.19182 1.73876 1.22865 0.643272 0.42773 0.674835 1.09947 0.373439 0.243616 0.432917 0.166634 0.161041
threshold=1.0000000180025095e-35 1.5000000000000002 1.0000000180025095e-35 1.0000000180025095e-35 1.0000000180025095e-35 1.0000000180025095e-35 3.5000000000000004 3.5000000000000004 1.5000000000000002 2.5000000000000004 1.0000000180025095e-35 1.0000000180025095e-35 2.5000000000000004 1.0000000180025095e-35
decision_type=2 2 2 2 2 2 2 2 2 2 2 2 2 2
left_child=1 2 3 4 5 -1 9 8 -8 12 11 -11 -3 -6
right_child=-2 6 -4 -5 13 -7 7 -9 -10 10 -12 -13 -14 -15
leaf_value=0.0020515645345595078 0.060527555771072598 0.0039374871954401692 -0.020416312060789307 -0.020723414064259274 0.091735048288931545 0.054076306617784321 -0.034616724514590753 0.061341449792748887 0.064121503568646251 0.0076561601334744966 -0.033369661575703438 -0.016878092764867608 -0.010040763946942418 0.0630796334801208
leaf_weight=1.525553993880749 4.2482389844954005 4.9697851216187736 1.3719752728939054 1.2530608670786021 0.82110796798951846 0.97323053330183018 0.92899263981962465 0.54596366980695155 0.40478270109088044 2.1505441496847171 1.626858298812295 10.969420412555337 3.733897109515965 1.2170049306005239
leaf_count=9 67 48 7 9 12 16 11 14 33 54 19 39 23 12
internal_value=0.00537301 -0.00183825 0.0214848 0.0314136 0.0458135 0.0223142 -0.00843267 0.0145163 -0.00465101 -0.0102722 -0.0151196 -0.0128566 -0.00205921 0.0746242
internal_weight=36.7404 32.4922 7.16193 5.78996 4.5369 2.49878 25.3302 1.87974 1.33378 23.4505 14.7468 13.12 8.70368 2.03811
internal_count=373 306 65 58 49 25 241 58 44 183 112 93 71 24
is_linear=0
shrinkage=0.05


Tree=206
num_leaves=15
num_cat=0
split_feature=144 110 128 122 39 144 46 144 114 44 144 158 152 98
split_gain=0.774162 0.487258 0.295845 0.244982 0.239633 0.254549 0.43805 0.165448 0.291923 0.154715 0.206441 0.114973 0.0963147 0.675951
threshold=1.5000000000000002 1.0000000180025095e-35 1.0000000180025095e-35 1.0000000180025095e-35 1.0000000180025095e-35 2.5000000000000004 1.0000000180025095e-35 2.5000000000000004 1.0000000180025095e-35 1.0000000180025095e-35 1.0000000180025095e-35 1.0000000180025095e-35 1.0000000180025095e-35 1.0000000180025095e-35
decision_type=2 2 2 2 2 2 2 2 2 2 2 2 2 2
left_child=2 7 9 4 5 -3 -7 12 -9 10 -1 -4 -2 -14
right_child=1 3 11 -5 -6 6 -8 8 -10 -11 -12 -13 13 -15
leaf_value=0.018755151677873269 0.016129232628247968 0.00052745983780259703 -0.014224028747660209 -0.013178342552575301 -0.017355659605508261 0.060520882491636022 0.00038118307846605565 0.038304670878229412 0.011707223718905889 -0.015107850986965297 -0.0056761354737930019 -0.032966678654942433 -0.037765719437048623 0.0085860821691923824
leaf_weight=1.1979054063558559 1.9123917673714448 2.539511065464469 1.7913659140467644 3.9587342101149261 1.0625776313245294 0.56581687933066838 0.65135419368743896 1.1993983920983735 7.3758516935631633 2.2288731187582016 3.1080988589674234 1.5061919975560158 0.87953874614322547 7.4389589035417885
leaf_count=9 20 19 11 27 13 21 5 75 30 14 27 16 13 78
internal_value=0.00147076 0.00576469 -0.0105755 -0.00396216 0.00360839 0.00953807 0.0283379 0.0103048 0.0154273 -0.00441455 0.00112051 -0.0227849 0.00601126 0.00368517
internal_weight=37.4166 27.5841 9.83244 8.77799 4.81926 3.75668 1.21717 18.8061 8.57525 6.53488 4.306 3.29756 10.2309 8.3185
internal_count=378 301 77 85 58 45 26 216 105 50 36 27 111 91
is_linear=0
shrinkage=0.05


Tree=207
num_leaves=15
num_cat=0
split_feature=126 147 158 144 144 73 65 111 145 128 110 145 145 132
split_gain=1.28593 0.891307 0.503273 0.43544 1.06455 0.422846 0.646263 0.399245 0.365212 0.189823 0.475709 0.170673 0.0664613 0.195022
threshold=1.0000000180025095e-35 1.0000000180025095e-35 1.0000000180025095e-35 1.5000000000000002 2.5000000000000004 1.0000000180025095e-35 1.0000000180025095e-35 1.0000000180025095e-35 2.5000000000000004 1.0000000180025095e-35 1.0000000180025095e-35 3.5000000000000004 1.0000000180025095e-35 1.0000000180025095e-35
decision_type=2 2 2 2 2 2 2 2 2 2 2 2 2 2
left_child=1 3 -3 5 9 6 12 -6 -9 10 -5 -10 -1 -14
right_child=-2 2 -4 4 7 -7 -8 8 11 -11 -12 -13 13 -15
leaf_value=-0.0030529428441976826 0.025696266902056755 -0.0068082677459220184 0.066661422866342662 0.040866930895237706 -0.0052979353473676938 -0.031131785827833748 -0.032086125489321084 -0.04721911462404927 -0.02266570648989271 0.0041732996367251952 0.0056635125288895666 0.0029718921937146878 0.023230400725501189 -0.0084254078009628804
leaf_weight=2.0810299254953915 3.8504327256232491 0.35854470729827881 0.66617769578806363 1.6153705964679859 9.7451051934331172 2.9735345244407654 1.9059181064367292 1.1887586228549469 2.0229464041767646 3.6570484589319676 2.3640828058123589 0.95590581698343147 1.140732825733721 0.84838279057294119
leaf_count=14 64 4 58 19 58 15 14 6 25 25 17 10 17 6
internal_value=-0.00158091 -0.00491267 0.0409548 -0.00645376 -0.0026036 -0.0157243 -0.00805799 -0.010837 -0.0237889 0.0123965 0.0199536 -0.0144387 0.00319361 0.0097288
internal_weight=35.374 31.5235 1.02472 30.4988 21.5492 8.9496 5.97606 13.9127 4.16761 7.6365 3.97945 2.97885 4.07015 1.98912
internal_count=352 288 62 226 160 66 51 99 41 61 36 35 37 23
is_linear=0
shrinkage=0.05


Tree=208
num_leaves=15
num_cat=0
split_feature=144 149 144 145 151 110 56 43 65 73 151 151 145 122
split_gain=1.237 0.360013 0.610065 0.322227 0.558706 0.238411 1.43027 0.108386 0.964995 0.442693 1.14096 0.054123 0.0882717 0.0538598
threshold=3.5000000000000004 1.0000000180025095e-35 1.5000000000000002 3.5000000000000004 1.5000000000000002 1.0000000180025095e-35 1.0000000180025095e-35 1.0000000180025095e-35 1.0000000180025095e-35 1.0000000180025095e-35 1.0000000180025095e-35 2.5000000000000004 1.5000000000000002 1.0000000180025095e-35
decision_type=2 2 2 2 2 2 2 2 2 2 2 2 2 2
left_child=1 5 -3 4 -2 6 7 8 9 10 -1 12 -4 -7
right_child=3 2 11 -5 -6 13 -8 -9 -10 -11 -12 -13 -14 -15
leaf_value=0.068863773129798869 -0.015711349778567096 -0.034210256624985447 -0.028201777518121685 0.060518133008067646 0.063924243217871698 -0.0051586566283897675 -0.053836493631074601 -0.00044291098034381326 -0.017173260086774174 -0.0035828269533386028 0.0080246106387785194 -0.0081645109826115163 -0.0075563608498575036 -0.014633253176731573
leaf_weight=1.467584422789513 0.55003133183345088 2.7275415789335993 0.92418742133304776 0.74039012702996843 0.36733737919712439 3.3708641128614536 0.95236774149816472 1.5237443186342714 1.6786694033071397 0.86320171901024867 1.6227026416454462 18.34150665695779 1.1772617333481319 2.7025626562535763
leaf_count=17 9 17 12 16 30 25 6 11 11 21 26 143 21 15
internal_value=-0.00628279 -0.00815851 -0.0119988 0.0359805 0.0161767 -0.00188408 0.00372669 0.0113877 0.0145884 0.0280745 0.0369173 -0.00903534 -0.0166359 -0.00937468
internal_weight=39.01 37.3522 23.1705 1.65776 0.917369 14.1817 8.10827 7.1559 5.63216 3.95349 3.09029 20.443 2.10145 6.07343
internal_count=380 325 193 55 39 132 92 86 75 64 43 176 33 40
is_linear=0
shrinkage=0.05


Tree=209
num_leaves=15
num_cat=0
split_feature=63 144 40 151 144 137 152 99 122 144 144 126 144 144
split_gain=0.922612 1.69852 0.661993 0.214654 1.59232 0.479002 0.320027 0.255214 0.1746 0.188834 0.131204 0.145008 0.117403 0.0769937
threshold=1.0000000180025095e-35 1.5000000000000002 1.0000000180025095e-35 2.5000000000000004 1.5000000000000002 1.0000000180025095e-35 1.5000000000000002 1.0000000180025095e-35 1.0000000180025095e-35 1.0000000180025095e-35 2.5000000000000004 1.0000000180025095e-35 2.5000000000000004 1.5000000000000002
decision_type=2 2 2 2 2 2 2 2 2 2 2 2 2 2
left_child=2 -2 3 5 -5 7 13 8 9 -1 11 -6 -10 -7
right_child=1 -3 -4 4 10 6 -8 -9 12 -11 -12 -13 -14 -15
leaf_value=-0.011344352577836175 -0.01376421315947602 0.092481488818725657 -0.033191671603767958 0.064440043392533772 0.013078302477081983 -0.055470382289155601 0.012925128211659351 0.01571721879432246 -0.015327031655451729 0.0091730793042856442 -0.0043554583032612794 -0.0013264123610039113 -0.0026726253211606797 -0.031131664444524906
leaf_weight=1.6307581290602682 0.7746095061302174 0.73132701352005824 1.6357954370178038 1.0008986748289341 2.9653391859028497 0.47534878365695554 0.37276179049513292 1.8395181701052923 3.7833669595420361 3.5906388824805617 9.4794321161461994 4.2527623325586319 3.5552415810525417 1.0269095490439211
leaf_count=10 3 19 16 15 22 4 14 22 24 34 64 54 29 33
internal_value=-0.00050197 0.0378318 -0.00212315 -0.000627205 0.00318398 -0.00477183 -0.0285433 -0.00167646 -0.00422391 0.00276503 -0.000487892 0.00459133 -0.00919651 -0.038833
internal_weight=37.1147 1.50594 35.6088 33.973 17.6984 16.2745 1.87502 14.3995 12.56 5.2214 16.6975 7.2181 7.33861 1.50226
internal_count=363 22 341 325 155 170 51 119 97 44 140 76 53 37
is_linear=0
shrinkage=0.05


Tree=210
num_leaves=15
num_cat=0
split_feature=43 63 114 150 146 94 111 99 99 120 152 98 149 39
split_gain=0.995097 0.661584 0.795684 0.279045 0.526342 0.348153 0.238831 0.562254 0.132157 0.0964857 0.140907 0.2523 0.120236 0.118647
threshold=1.0000000180025095e-35 1.0000000180025095e-35 1.0000000180025095e-35 1.0000000180025095e-35 1.0000000180025095e-35 1.0000000180025095e-35 1.0000000180025095e-35 1.0000000180025095e-35 1.0000000180025095e-35 1.0000000180025095e-35 1.0000000180025095e-35 1.0000000180025095e-35 1.0000000180025095e-35 1.0000000180025095e-35
decision_type=2 2 2 2 2 2 2 2 2 2 2 2 2 2
left_child=1 2 3 5 8 -1 7 -7 -5 10 12 13 -9 -12
right_child=-2 -3 -4 4 -6 6 -8 9 -10 -11 11 -13 -14 -15
leaf_value=-0.03760209045835574 -0.039689550942082222 0.027040913764971253 0.0087294477822928498 0.018002469818632669 -0.027064285223061809 0.0067357686365804234 -0.018422229789972325 0.0051294880445335589 0.062423051782191631 -0.0040979387653927871 -0.025657250856268517 -0.013472402285970339 -0.015647083849851976 -0.05754089685592842
leaf_weight=1.078577583655721 1.9553885441127921 1.7359481119783584 8.5651155933737737 0.29548717732541263 0.43808368321333546 5.9463829835876902 4.9557741037569931 1.5468218729365555 0.38639715824683551 3.3021292090415963 0.74727285130938959 6.8293527029454708 1.2665011184290051 0.478699941188097
leaf_count=8 23 21 42 5 25 45 39 26 21 12 30 74 6 3
internal_value=-0.00491437 -0.00310456 -0.00456483 -0.00874015 0.0156997 -0.00978681 -0.00859026 -0.0061682 0.0431739 -0.011583 -0.0138571 -0.0172216 -0.0042237 -0.0381067
internal_weight=39.5279 37.5725 35.8366 27.2715 1.11997 26.1515 25.0729 20.1172 0.681884 14.1708 10.8686 8.05533 2.81332 1.22597
internal_count=380 357 336 294 51 243 235 196 26 151 139 107 32 33
is_linear=0
shrinkage=0.05


Tree=211
num_leaves=15
num_cat=0
split_feature=40 99 126 46 96 149 12 146 98 144 122 144 99 144
split_gain=0.394446 0.976812 0.389525 0.337774 0.219928 0.312953 0.371006 0.581599 0.486876 0.4869 0.117035 0.42637 0.312564 0.242729
threshold=1.0000000180025095e-35 1.0000000180025095e-35 1.0000000180025095e-35 1.0000000180025095e-35 1.0000000180025095e-35 1.0000000180025095e-35 1.0000000180025095e-35 1.0000000180025095e-35 1.0000000180025095e-35 1.5000000000000002 1.0000000180025095e-35 1.5000000000000002 1.0000000180025095e-35 1.0000000180025095e-35
decision_type=2 2 2 2 2 2 2 2 2 2 2 2 2 2
left_child=2 -2 3 4 5 10 7 -7 -8 -10 11 13 -13 -1
right_child=1 -3 -4 -5 -6 6 8 -9 9 -11 -12 12 -14 -15
leaf_value=0.000117122990606577 -0.019196143025344288 0.075705084116787474 0.0091926011379446834 0.011895909236559463 -0.013083812390404499 0.046863359399685625 -0.022896913691044064 -0.038284147133698043 -0.016261109932614412 0.019073323686052458 -0.013780600491138842 0.036296859937908141 -0.0035078213193353658 -0.022024356137657786
leaf_weight=2.2440714742988366 0.55815588682889938 0.52731515858613309 5.1149808454792938 2.5415485618868834 10.179310791194441 0.96903309541812521 1.793546012137085 0.25288504506170284 1.4257050752639768 3.0837264698930085 6.164410057477653 0.93595286412164558 1.0425335504114626 2.7603670000098646
leaf_count=15 5 16 68 24 39 32 25 28 7 22 43 11 19 24
internal_value=-0.00281848 0.0269063 -0.00365636 -0.0056245 -0.00706783 -0.00410547 0.00402628 0.0292414 -0.000862021 0.00790196 -0.00875969 -0.00432732 0.0153224 -0.0120958
internal_weight=39.5935 1.08547 38.5081 33.3931 30.8515 20.6722 7.5249 1.22192 6.30298 4.50943 13.1473 6.98292 1.97849 5.00444
internal_count=378 21 357 289 265 226 114 60 54 29 112 69 30 39
is_linear=0
shrinkage=0.05


Tree=212
num_leaves=15
num_cat=0
split_feature=63 44 158 151 120 151 148 111 114 96 44 40 111 39
split_gain=1.0065 1.64781 0.572754 1.23563 0.556481 0.464096 0.671227 0.298466 0.204676 0.277037 0.348053 0.142824 0.0704055 0.150744
threshold=1.0000000180025095e-35 1.0000000180025095e-35 1.0000000180025095e-35 1.0000000180025095e-35 1.0000000180025095e-35 1.0000000180025095e-35 1.0000000180025095e-35 1.0000000180025095e-35 1.0000000180025095e-35 1.0000000180025095e-35 1.0000000180025095e-35 1.0000000180025095e-35 1.0000000180025095e-35 1.0000000180025095e-35
decision_type=2 2 2 2 2 2 2 2 2 2 2 2 2 2
left_child=2 -2 3 -1 5 6 7 -4 9 10 11 12 13 -7
right_child=1 -3 4 -5 -6 8 -8 -9 -10 -11 -12 -13 -14 -15
leaf_value=-0.018323887454275534 0.089585491810504056 -0.013851310884539492 0.016557600004432144 0.040459681831495314 0.016286169910539779 -0.0089195285508302923 -0.033686313661841709 -0.0029763251693355267 -0.0059146810020557078 0.012603965683589152 0.011978695042462724 -0.0077703472731856724 -0.033600175663197278 -0.025736601087477828
leaf_weight=1.5559839457273477 0.77125977666582801 0.76886970276245847 4.1492841774597782 2.1011014692485332 2.7101306766271582 1.8138043583858179 1.1413218509405849 3.6985631100833416 9.3545721136033535 0.79803762841038484 0.89399933387176211 1.78740922085126 1.3949881717417154 5.0220539763104171
leaf_count=8 17 4 34 19 12 81 12 29 40 10 20 17 18 57
internal_value=-0.00164442 0.0379474 -0.00331862 0.015449 -0.00541343 -0.0073702 0.00214115 0.00735158 -0.0114291 -0.0158341 -0.0179139 -0.0205814 -0.0233634 -0.0212744
internal_weight=37.9614 1.54013 36.4213 3.65709 32.7642 30.054 8.98917 7.84785 21.0649 11.7103 10.9123 10.0183 8.23085 6.83586
internal_count=378 21 357 27 330 318 75 63 243 203 193 173 156 138
is_linear=0
shrinkage=0.05


Tree=213
num_leaves=15
num_cat=0
split_feature=5 120 156 142 144 114 12 152 46 111 144 110 144 99
split_gain=0.610203 0.387106 0.282594 1.04132 0.571148 0.196296 0.196474 0.217037 0.399114 0.14112 0.158432 0.244597 0.111872 0.122021
threshold=1.0000000180025095e-35 1.0000000180025095e-35 1.0000000180025095e-35 1.0000000180025095e-35 1.5000000000000002 1.0000000180025095e-35 1.0000000180025095e-35 1.0000000180025095e-35 1.0000000180025095e-35 1.0000000180025095e-35 1.5000000000000002 1.0000000180025095e-35 1.5000000000000002 1.0000000180025095e-35
decision_type=2 2 2 2 2 2 2 2 2 2 2 2 2 2
left_child=1 2 5 -4 -5 6 7 9 12 10 -1 -12 -9 -14
right_child=-2 -3 3 4 -6 -7 -8 8 -10 -11 11 -13 13 -15
leaf_value=-0.0090272601827509451 -0.044015131558427366 0.014736815600508785 0.074543989357154061 -0.057444141066441468 0.050926211743860597 0.00044626918759306262 -0.015081636339585789 0.063113859817469989 -0.035425554793231173 -0.014153976542391568 -0.0042586129794454875 0.020592124674143425 0.038905888599523798 -0.012594150407948188
leaf_weight=5.8988187720533514 0.95856446702964504 2.6666370630264273 0.48278201630455331 0.40496265888214111 0.17374497992204851 8.8572266697883588 7.3237834349274626 0.24515212513506301 0.26995644997805357 4.492231727577745 3.2590811499394476 1.4223040044307707 0.35462415032088757 0.17022575839655474
leaf_count=49 15 11 15 2 49 38 73 4 5 37 26 11 4 28
internal_value=-0.00464259 -0.00359485 -0.00506042 0.0203242 -0.0249082 -0.00589482 -0.0082913 -0.0052048 0.0168875 -0.00672911 -0.00357659 0.00329157 0.035228 0.0222028
internal_weight=36.9801 36.0215 33.3549 1.06149 0.578708 32.2934 23.4362 16.1124 1.03996 15.0724 10.5802 4.68139 0.770002 0.52485
internal_count=367 352 341 66 51 275 237 164 41 123 86 37 36 32
is_linear=0
shrinkage=0.05


Tree=214
num_leaves=15
num_cat=0
split_feature=144 94 65 99 46 110 145 132 39 132 145 144 98 120
split_gain=0.967299 0.466706 0.344773 1.29154 1.06135 0.368468 0.285518 0.27234 0.728793 0.195797 0.22695 1.17909 0.355042 0.335729
threshold=1.0000000180025095e-35 1.0000000180025095e-35 1.0000000180025095e-35 1.0000000180025095e-35 1.0000000180025095e-35 1.0000000180025095e-35 1.0000000180025095e-35 1.0000000180025095e-35 1.0000000180025095e-35 1.0000000180025095e-35 1.5000000000000002 1.5000000000000002 1.0000000180025095e-35 1.0000000180025095e-35
decision_type=2 2 2 2 2 2 2 2 2 2 2 2 2 2
left_child=-1 -2 5 4 -4 6 -3 -7 -9 10 11 -8 -13 -14
right_child=1 2 3 -5 -6 7 9 8 -10 -11 -12 12 13 -15
leaf_value=0.043067102960774574 -0.035615240523680973 -0.017853447869535615 0.066820708024940001 -0.035533833964569425 -0.0013874402700387008 -0.019410598168183218 0.061669156363194859 0.032210983330722281 -0.028549442162175972 -0.012583711071939466 -0.0028379939994283014 -0.020628317018749259 0.013710074502399267 -0.0063686525963846472
leaf_weight=1.1828640932217229 1.0563241791387543 2.219934435561302 1.1860727341845636 0.94278247794136305 1.0986011698842049 5.2266485871514297 0.91686307848431425 1.0053756637353215 0.96935255755670358 2.4326370636699712 10.724227005775901 1.4291268300730724 5.5804871618747711 3.3207339942455292
leaf_count=12 14 16 17 18 6 47 26 14 8 25 87 16 72 12
internal_value=-0.00146214 -0.00284428 -0.00191002 0.0137041 0.0340224 -0.00339985 -0.000685787 -0.0134339 0.00238497 0.000875882 0.0023661 0.00732822 0.00250522 0.0062194
internal_weight=39.292 38.1092 37.0528 3.22746 2.28467 33.8254 26.624 7.20138 1.97473 24.4041 21.9714 11.2472 10.3303 8.90122
internal_count=390 378 364 41 23 323 254 69 22 238 213 126 100 84
is_linear=0
shrinkage=0.05


Tree=215
num_leaves=15
num_cat=0
split_feature=43 73 144 144 122 46 148 144 144 144 63 158 99 111
split_gain=1.41995 1.22717 2.41505 1.17317 0.696242 0.494942 0.291961 0.406342 0.364294 0.222934 0.217009 0.187343 0.12527 0.198211
threshold=1.0000000180025095e-35 1.0000000180025095e-35 1.5000000000000002 3.5000000000000004 1.0000000180025095e-35 1.0000000180025095e-35 1.0000000180025095e-35 1.5000000000000002 1.5000000000000002 2.5000000000000004 1.0000000180025095e-35 1.0000000180025095e-35 1.0000000180025095e-35 1.0000000180025095e-35
decision_type=2 2 2 2 2 2 2 2 2 2 2 2 2 2
left_child=1 3 -3 5 -2 6 8 -8 11 -4 -9 -1 -10 -14
right_child=4 2 9 -5 -6 -7 7 10 12 -11 -12 -13 13 -15
leaf_value=0.0083890546280517026 0.01614867588836158 0.067520038318549927 0.0029213789814450759 0.051225527494661721 0.1009417850958076 -0.026770782872146705 0.010271501981068125 -0.035696503487215037 0.023936640578821656 0.01385094963965635 -0.0082574572856507784 -0.015172636814229158 0.024583753959293277 -0.023507743589217533
leaf_weight=1.2752426937222483 0.40908312200553953 1.9006310321856315 9.3796960371546447 0.86746608692919913 0.59305535878229421 2.9762878902256498 1.2161305304616687 1.7010135800810531 1.8895247760228797 9.283331312763039 1.2501702925655991 2.492786354385311 0.43490198564541227 0.4223047299310565
leaf_count=9 9 24 82 35 15 14 12 17 20 70 11 22 20 5
internal_value=0.00764336 0.00596734 0.0138261 -0.005158 0.0663284 -0.00873901 -0.00371492 -0.0140503 0.00289633 0.00835795 -0.0240729 -0.00719847 0.0167446 0.000891374
internal_weight=36.0916 35.0895 20.5637 14.5258 1.00214 13.6584 10.6821 4.16731 6.51476 18.663 2.95118 3.76803 2.74673 0.857207
internal_count=365 341 176 165 24 130 116 40 76 152 28 31 45 25
is_linear=0
shrinkage=0.05


Tree=216
num_leaves=15
num_cat=0
split_feature=144 111 73 99 74 110 46 128 122 114 144 126 98 144
split_gain=0.527544 0.508755 0.398336 0.400324 0.391796 0.479896 0.66744 0.205936 0.465133 0.191926 0.607285 0.286734 0.0908637 0.0617434
threshold=1.5000000000000002 1.0000000180025095e-35 1.0000000180025095e-35 1.0000000180025095e-35 1.0000000180025095e-35 1.0000000180025095e-35 1.0000000180025095e-35 1.0000000180025095e-35 1.0000000180025095e-35 1.0000000180025095e-35 2.5000000000000004 1.0000000180025095e-35 1.0000000180025095e-35 2.5000000000000004
decision_type=2 2 2 2 2 2 2 2 2 2 2 2 2 2
left_child=2 4 3 -1 5 6 9 8 13 10 11 -2 -4 -3
right_child=1 7 12 -5 -6 -7 -8 -9 -10 -11 -12 -13 -14 -15
leaf_value=0.0056739978578428723 0.018746370186621081 0.0039066909913769666 -0.036032205022193446 -0.020738373464840719 0.034830199745149802 0.035750120548960818 -0.031839147073190723 -0.030348072214593364 -0.020516581607759803 -0.0009851687446275903 0.055913744654640031 -0.0027966327017748312 -0.018785447276146949 0.022087640436735296
leaf_weight=3.2850320171564817 2.4640704959747532 1.1360813267529 1.6607615095563233 2.5468796282075328 0.99931877059861918 1.0409780264599238 1.4388868805253867 1.2484399546228813 2.804994385689497 9.6483416426926851 0.64945889568480186 4.1391095817089081 1.4138208348304033 0.79289227252593253
leaf_count=28 26 9 9 22 12 12 10 16 17 42 61 52 12 17
internal_value=-0.00301767 0.000536695 -0.0135383 -0.00586066 0.00429996 0.00272575 0.000851277 -0.0122835 -0.00751958 0.00363442 0.00977996 0.00524245 -0.0281014 0.0113799
internal_weight=35.2691 26.3626 8.90649 5.83191 20.3802 19.3808 18.3399 5.98241 4.73397 16.901 7.25264 6.60318 3.07458 1.92897
internal_count=345 274 71 50 215 203 191 59 43 181 139 78 21 26
is_linear=0
shrinkage=0.05


Tree=217
num_leaves=15
num_cat=0
split_feature=114 65 43 144 126 147 144 63 44 152 144 111 144 73
split_gain=0.841199 0.6088 0.487682 0.521619 0.460364 0.52173 0.750232 0.39257 0.375219 0.701259 0.174666 0.314741 0.141595 0.447395
threshold=1.0000000180025095e-35 1.0000000180025095e-35 1.0000000180025095e-35 1.5000000000000002 1.0000000180025095e-35 1.0000000180025095e-35 2.5000000000000004 1.0000000180025095e-35 1.0000000180025095e-35 1.0000000180025095e-35 2.5000000000000004 1.0000000180025095e-35 1.5000000000000002 1.0000000180025095e-35
decision_type=2 2 2 2 2 2 2 2 2 2 2 2 2 2
left_child=1 4 3 -3 5 7 -7 8 10 -10 12 -12 13 -1
right_child=-2 2 -4 -5 -6 6 -8 -9 9 -11 11 -13 -14 -15
leaf_value=0.0030911852581279077 0.0095560164620899814 -0.0076538704081190751 -0.021406867224228961 0.043495197421582282 0.0025045351210599884 -0.013086057313663713 0.06876799967851388 -0.041992427854740479 0.039769410124248068 -0.024061220703525767 0.019717065101290579 -0.016477914155116839 -0.02465446849076023 -0.026250894778313084
leaf_weight=2.2388902921229725 7.4882338475435963 0.79050852358341206 0.78832133392279491 1.3491102587868224 4.524164975155144 0.76966131152585038 0.43994672984990757 1.4708731016144145 0.83972505480051107 0.88249154679942876 0.81881027459167066 2.2539185202913359 7.2912718316074461 3.0949983953032643
leaf_count=21 36 7 16 27 63 11 42 11 11 14 23 22 39 17
internal_value=-0.00530415 -0.00934283 0.0122113 0.0245975 -0.0119057 -0.0151491 0.0166851 -0.0171874 -0.015093 0.00706157 -0.0175236 -0.0068328 -0.0201255 -0.0139346
internal_weight=35.0409 27.5527 2.92794 2.13962 24.6248 20.1006 1.20961 18.891 17.4201 1.72222 15.6979 3.07273 12.6252 5.33389
internal_count=360 324 50 34 274 211 53 158 147 25 122 45 77 38
is_linear=0
shrinkage=0.05


Tree=218
num_leaves=15
num_cat=0
split_feature=151 145 151 147 73 146 144 137 144 73 120 145 46 65
split_gain=1.34774 1.06052 0.835673 1.29021 0.787701 0.531478 0.411511 0.364845 0.391059 0.265798 0.216171 0.213679 0.124096 0.139727
threshold=2.5000000000000004 1.0000000180025095e-35 1.5000000000000002 1.0000000180025095e-35 1.0000000180025095e-35 1.0000000180025095e-35 2.5000000000000004 1.0000000180025095e-35 1.0000000180025095e-35 1.0000000180025095e-35 1.0000000180025095e-35 1.5000000000000002 1.0000000180025095e-35 1.0000000180025095e-35
decision_type=2 2 2 2 2 2 2 2 2 2 2 2 2 2
left_child=2 -2 7 4 6 -5 -4 8 -1 11 -3 12 13 -10
right_child=1 10 3 5 -6 -7 -8 -9 9 -11 -12 -13 -14 -15
leaf_value=0.025538211750261289 0.063978131083938114 0.010886708816219975 0.0088634151382831448 0.070074323300877178 -0.062616559607530736 -0.021998788224986163 -0.032611789139354294 -0.027048566425702983 0.0020794314986480023 0.019090083757158927 -0.0059073771002241269 0.0016877350779102088 -0.023562651699350096 -0.018315839894118779
leaf_weight=1.4290353581309325 0.91368201375007885 14.347348900060753 0.90361175220459644 0.45277071804230207 1.6387693264987317 0.23971274124050979 1.7686511670326579 1.288572465011385 1.9308636300265754 1.3264107843860991 2.2114812433719626 6.1320613590069115 1.6285644732415674 1.4861135110259056
leaf_count=11 7 156 17 14 6 17 23 21 14 18 8 48 6 11
internal_value=0.0013659 0.0115374 -0.00742125 -0.0251483 -0.0353242 0.0382019 -0.0185872 -0.00159418 0.000759918 -0.0020719 0.00864381 -0.00458312 -0.0122044 -0.00679089
internal_weight=37.6976 17.4725 20.2251 5.00352 4.31103 0.692483 2.67226 15.2216 13.933 12.504 16.5588 11.1776 5.04554 3.41698
internal_count=377 171 206 77 46 31 40 129 108 97 164 79 31 25
is_linear=0
shrinkage=0.05


Tree=219
num_leaves=15
num_cat=0
split_feature=120 74 145 99 144 146 122 132 111 73 145 43 65 126
split_gain=1.68909 0.810339 0.877778 1.65375 0.509136 0.760954 0.416091 0.218233 0.366412 0.219303 0.200698 0.442557 0.21217 0.181925
threshold=1.0000000180025095e-35 1.0000000180025095e-35 1.0000000180025095e-35 1.0000000180025095e-35 3.5000000000000004 1.0000000180025095e-35 1.0000000180025095e-35 1.0000000180025095e-35 1.0000000180025095e-35 1.0000000180025095e-35 2.5000000000000004 1.0000000180025095e-35 1.0000000180025095e-35 1.0000000180025095e-35
decision_type=2 2 2 2 2 2 2 2 2 2 2 2 2 2
left_child=1 2 3 -1 7 -6 -7 10 9 -9 11 12 13 -4
right_child=-2 -3 4 -5 5 6 -8 8 -10 -11 -12 -13 -14 -15
leaf_value=-0.012136208540282455 0.042925843827849551 0.038899977634243993 -0.004608087300702203 0.055022508934549297 0.058450525183059404 0.027008905405441892 -0.056470418134076487 0.0089430265315760694 -0.03662521065290205 -0.022301358070547773 0.0067451853259434319 -0.041964303265096585 -0.023409472620172459 -0.015565629673443153
leaf_weight=2.2272016778588295 1.8658382296562184 0.98104531550779839 14.197931635309962 1.5577924530953162 0.65440232921537134 0.26874913221399765 0.33575537567958236 1.0567475488642222 2.1169468499720097 1.1986533030867577 1.7523891239979992 1.0859124127309758 2.3604149462189516 5.1663143942132583
leaf_count=11 9 13 118 16 29 22 3 19 13 5 22 14 13 66
internal_value=-0.00342623 -0.00590005 -0.00719352 0.0155043 -0.0100388 0.0210886 -0.0193574 -0.0113931 -0.0216851 -0.00766209 -0.00956105 -0.0108138 -0.00925668 -0.00753152
internal_weight=36.8261 34.9603 33.9792 3.78499 30.1942 1.25891 0.604505 28.9353 4.37235 2.2554 24.563 22.8106 21.7247 19.3642
internal_count=373 364 351 27 324 54 25 270 37 24 233 211 197 184
is_linear=0
shrinkage=0.05


Tree=220
num_leaves=15
num_cat=0
split_feature=40 73 151 144 65 151 142 145 98 126 144 43 122 144
split_gain=1.03759 1.31786 0.559204 0.506286 0.908665 0.429655 2.17851 0.284608 0.312366 0.420608 1.27593 0.22914 0.304 0.611749
threshold=1.0000000180025095e-35 1.0000000180025095e-35 1.0000000180025095e-35 1.0000000180025095e-35 1.0000000180025095e-35 1.5000000000000002 1.0000000180025095e-35 1.0000000180025095e-35 1.0000000180025095e-35 1.0000000180025095e-35 2.5000000000000004 1.0000000180025095e-35 1.0000000180025095e-35 1.5000000000000002
decision_type=2 2 2 2 2 2 2 2 2 2 2 2 2 2
left_child=2 -2 11 -4 5 6 -5 -7 -9 10 -10 12 13 -1
right_child=1 -3 3 4 -6 7 -8 8 9 -11 -12 -13 -14 -15
leaf_value=0.0015182879697278068 -0.015418333689461073 0.086651479703587206 0.024563382444950637 0.080976685657343089 -0.052039202785197837 -0.029549044841531646 -0.044595589132177288 -0.023951246323900995 0.025174389583357187 -0.017753196057908011 -0.011297173552272976 -0.0097983693500371099 -0.00036337577266602067 0.042235665016398617
leaf_weight=2.1404663464054452 0.57357515677722293 0.70486415177583694 1.0698917545378233 0.69673264469020668 1.252830498789989 1.7195928357541586 0.68493527494138107 2.7405221446242676 3.4160425493028024 5.0453898098785421 8.0471196764847264 2.1200604382902375 4.3313257182016969 1.6211297549307344
leaf_count=16 18 5 8 18 22 14 8 67 23 69 31 16 32 17
internal_value=-0.00338376 0.0408576 -0.00500503 -0.00907784 -0.0106027 -0.00828005 0.0187266 -0.0100596 -0.00831851 -0.00572338 -0.000428583 0.00483427 0.0086675 0.0190662
internal_weight=36.1645 1.27844 34.886 24.6731 23.6032 22.3503 1.38167 20.9687 19.2491 16.5086 11.4632 10.213 8.09292 3.7616
internal_count=364 23 341 260 252 230 26 204 190 123 54 81 65 33
is_linear=0
shrinkage=0.05


Tree=221
num_leaves=15
num_cat=0
split_feature=144 65 74 132 73 145 39 39 145 144 120 110 65 73
split_gain=0.543114 0.778285 0.379024 0.298288 0.215303 0.622375 0.561411 0.334731 0.543251 0.2709 0.208235 0.160886 0.163257 0.147959
threshold=1.5000000000000002 1.0000000180025095e-35 1.0000000180025095e-35 1.0000000180025095e-35 1.0000000180025095e-35 1.5000000000000002 1.0000000180025095e-35 1.0000000180025095e-35 3.5000000000000004 2.5000000000000004 1.0000000180025095e-35 1.0000000180025095e-35 1.0000000180025095e-35 1.0000000180025095e-35
decision_type=2 2 2 2 2 2 2 2 2 2 2 2 2 2
left_child=1 3 4 13 5 -2 11 8 -6 10 -9 -7 -13 -1
right_child=2 -3 -4 -5 7 6 -8 9 -10 -11 -12 12 -14 -15
leaf_value=-0.00098450825850240767 -0.040399505957752491 -0.054476587931437608 0.022002299648705433 -0.028527203527554834 0.043577278053629848 -0.020577577275991146 -0.045099532445181778 0.0068514778974213767 -0.014945977483376869 -0.011428658212220945 -0.0089712159736112362 0.0080691248405473075 -0.010978733578032515 -0.01824913584859152
leaf_weight=3.6697084647603315 1.6556707618292472 1.3254385981708763 1.2375316366087634 2.2155344095081091 0.92255740723340085 0.90907099304240535 0.82339384609076649 5.5149482600390911 0.69546247273683548 9.0130560733377934 3.3379264175891876 3.6490887125837617 1.6262382046552373 1.8750777794048188
leaf_count=33 23 10 14 14 36 34 13 66 4 36 12 35 16 18
internal_value=-0.00838322 -0.0190672 -0.00507977 -0.0130194 -0.00627046 -0.0128284 -0.00631443 -0.00335449 0.0184226 -0.00532672 0.000885621 -0.00115057 0.00219719 -0.00682288
internal_weight=38.4707 9.08576 29.3849 7.76032 28.1474 8.66346 7.00779 19.484 1.61802 17.8659 8.85287 6.1844 5.27533 5.54479
internal_count=364 75 289 65 275 121 98 154 40 114 78 85 51 51
is_linear=0
shrinkage=0.05


Tree=222
num_leaves=15
num_cat=0
split_feature=147 40 96 151 120 65 111 110 44 156 158 73 151 158
split_gain=0.461635 0.589583 0.411305 0.57249 0.445292 0.327169 0.237365 0.376542 0.420213 0.236059 0.251543 0.222839 0.416451 0.150078
threshold=1.0000000180025095e-35 1.0000000180025095e-35 1.0000000180025095e-35 1.5000000000000002 1.0000000180025095e-35 1.0000000180025095e-35 1.0000000180025095e-35 1.0000000180025095e-35 1.0000000180025095e-35 1.0000000180025095e-35 1.0000000180025095e-35 1.0000000180025095e-35 2.5000000000000004 1.0000000180025095e-35
decision_type=2 2 2 2 2 2 2 2 2 2 2 2 2 2
left_child=2 9 3 5 11 6 7 8 -1 -2 -11 -5 -13 -14
right_child=1 -3 -4 4 -6 -7 -8 -9 -10 10 -12 12 13 -15
leaf_value=0.0078856771440098221 0.069052395700668276 -0.042121047615840318 0.0059970102582903402 -0.0053839595818171307 0.0057913987922188631 0.01570545385074755 0.0086977301094560734 -0.029453769695090129 -0.024210303933214009 -0.051089397429525389 0.053017560570630728 -0.042578590991982863 -0.031288867078167026 -0.012077057515234704
leaf_weight=3.4748487216420454 0.55510065116686635 0.21526987891411409 9.3417013000871503 2.8833403988028268 2.5297676324844369 3.0766375567764053 2.95335838268511 1.6005973666906355 1.4433831684291361 0.099552411586046219 0.13908384852766176 1.8329342547804115 1.2506874799728365 5.429594682762402
leaf_count=37 30 10 46 54 10 26 32 7 8 2 32 8 6 75
internal_value=-0.00208355 0.0312698 -0.00302315 -0.0062059 -0.0131853 0.00153964 -0.00306152 -0.00838906 -0.00153372 0.0511742 0.00958703 -0.0173977 -0.0214666 -0.0156739
internal_weight=36.8259 1.00901 35.8169 26.4751 13.9263 12.5488 9.47219 6.51883 4.91823 0.793737 0.238636 11.3966 8.51322 6.68028
internal_count=383 74 309 263 153 110 84 52 45 64 34 143 89 81
is_linear=0
shrinkage=0.05


Tree=223
num_leaves=15
num_cat=0
split_feature=144 122 73 151 158 44 110 158 144 151 148 114 152 46
split_gain=0.395165 0.419041 0.362832 0.459686 0.431743 0.399793 1.12353 0.125423 0.0970844 0.263606 0.168056 0.422702 0.52884 0.160865
threshold=2.5000000000000004 1.0000000180025095e-35 1.0000000180025095e-35 1.5000000000000002 1.0000000180025095e-35 1.0000000180025095e-35 1.0000000180025095e-35 1.0000000180025095e-35 3.5000000000000004 1.0000000180025095e-35 1.0000000180025095e-35 1.0000000180025095e-35 1.0000000180025095e-35 1.0000000180025095e-35
decision_type=2 2 2 2 2 2 2 2 2 2 2 2 2 2
left_child=1 2 3 5 -5 6 -1 -4 10 -10 11 12 -2 -11
right_child=8 -3 7 4 -6 -7 -8 -9 9 13 -12 -13 -14 -15
leaf_value=0.030183724136923891 0.0068884001543030524 -0.026886442595003453 -0.025893645716688302 -0.0051431037146099949 0.056600907883855481 -0.024932547865077214 -0.020745669124871375 -0.011268799845061715 -0.0024866015210432335 0.060544842447260418 -0.015296492062212078 -0.0054194046998403888 0.062775747679586671 0.0018714570236973522
leaf_weight=2.0623413720168218 2.1819075057283013 3.4922051038593045 1.6960142254829431 0.50066022761166096 0.65160859515890457 1.7384359883144496 2.2801777943968773 10.809414450079199 1.1119815073907364 0.34395058869267803 1.9172224382200518 7.2602614350616932 0.52517317808815267 0.17690497229341418
leaf_count=19 20 26 8 6 23 11 13 98 9 35 19 26 40 7
internal_value=-0.00696616 -0.0109212 -0.00809664 0.000816839 0.0297732 -0.00467004 0.00344163 -0.0132523 -0.000169014 0.0112629 -0.00173966 0.000868004 0.0177305 0.0406168
internal_weight=36.7483 23.2309 19.7387 7.23322 1.15227 6.08096 4.34252 12.5054 13.5174 1.63284 11.8846 9.96734 2.70708 0.520856
internal_count=360 204 178 72 29 43 32 106 156 51 105 86 60 42
is_linear=0
shrinkage=0.05


Tree=224
num_leaves=15
num_cat=0
split_feature=120 43 122 145 145 114 151 149 148 99 46 145 145 137
split_gain=0.830253 0.656781 0.603655 0.403114 0.291256 0.546584 1.27948 0.549904 0.297588 0.37303 0.274902 0.139404 0.116954 0.102954
threshold=1.0000000180025095e-35 1.0000000180025095e-35 1.0000000180025095e-35 2.5000000000000004 1.0000000180025095e-35 1.0000000180025095e-35 2.5000000000000004 1.0000000180025095e-35 1.0000000180025095e-35 1.0000000180025095e-35 1.0000000180025095e-35 2.5000000000000004 1.5000000000000002 1.0000000180025095e-35
decision_type=2 2 2 2 2 2 2 2 2 2 2 2 2 2
left_child=1 2 4 -3 13 6 7 8 -6 -10 11 -4 -9 -1
right_child=-2 3 10 -5 5 -7 -8 12 9 -11 -12 -13 -14 -15
leaf_value=-0.0048719120421737306 0.033784369988241233 0.012291376837058729 -0.036748006215947308 0.070315524786472489 -0.0014905842223836034 -0.0073242043577107438 0.028957898631789897 -0.027314901724838605 0.047868358678166273 0.0016150785789185167 -0.00030281460564639761 -0.017186978383346926 -0.0069732809785088478 -0.020057979118656945
leaf_weight=2.4123170524835613 1.7233548909425724 0.83916706108720862 1.6988114994019263 0.465303519005829 3.8713397767860425 9.2700874209403992 4.8666513839998524 1.9780756500549617 0.82251311466097832 0.92742530675604917 1.4136868603527544 1.9636038491153156 1.0993274038482921 2.0770029909908772
leaf_count=14 8 19 15 11 40 38 101 21 12 9 13 21 29 15
internal_value=-6.57009e-05 -0.00179646 -0.00319691 0.0329885 -0.000255384 0.00203345 0.00842816 -0.00305761 0.00624407 0.0233552 -0.0190312 -0.0262604 -0.0200484 -0.0118978
internal_weight=35.4287 33.7053 32.4008 1.30447 27.3247 22.8354 13.5653 8.69868 5.62128 1.74994 5.0761 3.66242 3.0774 4.48932
internal_count=366 358 328 30 279 250 212 111 61 21 49 36 50 29
is_linear=0
shrinkage=0.05


Tree=225
num_leaves=15
num_cat=0
split_feature=94 120 145 148 145 126 73 122 99 152 73 122 114 111
split_gain=0.263487 0.232718 0.229294 0.291029 0.357906 0.367021 1.39142 0.261787 0.263233 0.198753 0.17149 0.125836 0.320573 0.610031
threshold=1.0000000180025095e-35 1.0000000180025095e-35 1.0000000180025095e-35 1.0000000180025095e-35 1.5000000000000002 1.0000000180025095e-35 1.0000000180025095e-35 1.0000000180025095e-35 1.0000000180025095e-35 1.0000000180025095e-35 1.0000000180025095e-35 1.0000000180025095e-35 1.0000000180025095e-35 1.0000000180025095e-35
decision_type=2 2 2 2 2 2 2 2 2 2 2 2 2 2
left_child=-1 2 10 4 5 6 7 8 -4 -5 -2 12 13 -6
right_child=1 -3 3 9 11 -7 -8 -9 -10 -11 -12 -13 -14 -15
leaf_value=-0.027808268583287866 -0.0035800804354790602 -0.014626742469032032 -0.018446137501628265 -0.015931664614337007 0.061225385974749927 0.0012450516567785353 0.077004702847835796 0.024050772382223619 0.018179391298401813 0.0052209086582972568 -0.02351315046528606 -0.0076260330861107773 -0.0025585707159044872 0.0024353333342046518
leaf_weight=1.0003764435459732 2.9222311899065962 3.2347655370831481 1.2493150867521765 3.7103688511997452 0.61419098707847042 4.3950906563550234 0.90234091295860697 1.3857340179383757 0.80778418260161355 1.5848818542217484 1.7106936275959013 5.1258155705800155 8.2714966330677271 1.5670657669834327
leaf_count=14 22 12 9 24 41 59 18 10 19 25 8 58 31 23
internal_value=-0.00248334 -0.00180742 -0.000596587 0.00102162 0.00333454 0.0114327 0.0217373 0.00725215 -0.00406398 -0.00960065 -0.0109403 -0.00120887 0.00193798 0.0189892
internal_weight=38.4822 37.4818 34.247 29.6141 24.3188 8.74026 4.34517 3.44283 2.0571 5.29525 4.63292 15.5786 10.4528 2.18126
internal_count=373 359 347 317 268 115 56 38 28 49 30 153 95 64
is_linear=0
shrinkage=0.05


Tree=226
num_leaves=15
num_cat=0
split_feature=132 126 10 65 145 46 144 15 111 43 128 144 149 111
split_gain=0.912966 1.21064 1.00556 1.06057 0.567438 0.560055 0.445647 0.268035 0.266945 0.452879 0.572122 0.516562 0.250021 0.170282
threshold=1.0000000180025095e-35 1.0000000180025095e-35 1.0000000180025095e-35 1.0000000180025095e-35 1.5000000000000002 1.0000000180025095e-35 2.5000000000000004 1.0000000180025095e-35 1.0000000180025095e-35 1.0000000180025095e-35 1.0000000180025095e-35 1.5000000000000002 1.0000000180025095e-35 1.0000000180025095e-35
decision_type=2 2 2 2 2 2 2 2 2 2 2 2 2 2
left_child=1 2 3 7 -4 6 -5 8 9 10 11 -1 13 -2
right_child=12 -3 4 5 -6 -7 -8 -9 -10 -11 -12 -13 -14 -15
leaf_value=0.0011627432733808804 0.0027350057200579161 -0.019348776416770758 0.036301774234615967 0.058013673308668412 0.011477599301579919 -0.005446021824461471 0.012865972348233046 -0.033460587867639738 -0.017817387194176221 -0.0303839008228389 -0.035847812539462558 0.039981128943671548 -0.03325802025302807 -0.022571911904319827
leaf_weight=2.5424362695775931 1.2992200991138807 4.9374830273445687 3.3471972378902137 1.2131264908239257 7.3722346192225814 1.142956141382456 0.99481071173795488 1.0496413940854843 3.3735687703592703 1.0005797895137218 0.66942168762761856 1.29279078845866 2.1106990694388514 1.3610500022768974
leaf_count=23 15 67 28 13 33 7 22 18 29 6 35 22 28 12
internal_value=-0.000142638 0.00319868 0.00783758 -0.00135795 0.0192291 0.0229648 0.0376719 -0.00956698 -0.00674231 4.44333e-05 0.00680322 0.0142478 -0.020408 -0.0102125
internal_weight=33.7072 28.9362 23.9988 13.2793 10.7194 3.35089 2.20794 9.92844 8.8788 5.50523 4.50465 3.83523 4.77097 2.66027
internal_count=358 303 236 175 61 42 35 133 115 86 80 45 55 27
is_linear=0
shrinkage=0.05


Tree=227
num_leaves=15
num_cat=0
split_feature=63 44 114 73 144 151 151 56 44 146 111 145 158 111
split_gain=1.52739 1.46158 1.17077 0.523855 0.515585 0.351521 0.285442 0.793287 0.600875 0.646703 0.493153 0.185962 0.129171 0.124735
threshold=1.0000000180025095e-35 1.0000000180025095e-35 1.0000000180025095e-35 1.0000000180025095e-35 1.5000000000000002 1.5000000000000002 1.0000000180025095e-35 1.0000000180025095e-35 1.0000000180025095e-35 1.0000000180025095e-35 1.0000000180025095e-35 1.5000000000000002 1.0000000180025095e-35 1.0000000180025095e-35
decision_type=2 2 2 2 2 2 2 2 2 2 2 2 2 2
left_child=2 -2 3 6 -5 -6 11 8 9 10 12 -1 -8 -13
right_child=1 -3 -4 4 5 -7 7 -9 -10 -11 -12 13 -14 -15
leaf_value=-0.018038979211712543 0.085721608262134541 -0.0078239897889317463 0.010116720907323414 -0.037813805354827673 0.012144553588018178 -0.016566122977626638 0.091397539831242589 -0.048468702876797783 -0.0057102406584273162 -0.014709506491823144 0.0017670296638966423 0.0071541585681729391 0.054308143537845993 -0.0088536228825221181
leaf_weight=3.8435144890099746 0.90742581128142663 0.77347450939123519 8.5214022248983365 2.6889630379155287 1.2038753917440743 9.3167224832286593 0.32691722735762518 0.60248839101404872 2.1792861200519837 0.5579531093535478 0.42432974197436113 1.7844603620469568 0.83266657596323246 3.8263964727520943
leaf_count=25 19 6 41 20 15 99 4 8 32 19 8 13 38 26
internal_value=-0.00391391 0.0426761 -0.00608271 -0.0110865 -0.0182747 -0.0132808 -0.00448238 0.00527994 0.012774 0.0315811 0.0478876 -0.00956639 0.0647646 -0.00376256
internal_weight=37.7899 1.6809 36.109 27.5876 13.2096 10.5206 14.378 4.92364 4.32115 2.14187 1.58391 9.45437 1.15958 5.61086
internal_count=373 25 348 307 134 114 173 109 101 69 50 64 42 39
is_linear=0
shrinkage=0.05


Tree=228
num_leaves=15
num_cat=0
split_feature=144 114 122 43 148 158 74 145 145 111 152 63 144 144
split_gain=0.987604 0.914358 0.383311 0.42348 0.244822 0.386258 0.17836 0.270359 0.140508 0.541625 0.078555 0.0535168 0.137834 0.0413344
threshold=1.0000000180025095e-35 1.0000000180025095e-35 1.0000000180025095e-35 1.0000000180025095e-35 1.0000000180025095e-35 1.0000000180025095e-35 1.0000000180025095e-35 2.5000000000000004 1.5000000000000002 1.0000000180025095e-35 1.0000000180025095e-35 1.0000000180025095e-35 1.5000000000000002 2.5000000000000004
decision_type=2 2 2 2 2 2 2 2 2 2 2 2 2 2
left_child=-1 2 4 6 5 -2 7 -4 10 -10 -7 12 -6 -11
right_child=1 -3 3 -5 11 8 -8 -9 9 13 -12 -13 -14 -15
leaf_value=0.046445716720068253 -0.017620536311082329 0.014229977579931139 -0.035616845731237627 0.011722505983949491 -0.0054750375311955713 0.012919710066976758 -0.0048540270322931685 -0.0079389388904905472 0.0606648491939955 0.0098797263737055371 0.0015294646532508836 -0.0045378751031036318 -0.028606986752640125 -0.0077707869554416806
leaf_weight=1.2115379981696595 2.0196259636431977 8.9249755628406984 2.6290477553848173 1.2114926926515179 1.5016651460900896 1.8645036906236754 1.279645526781678 1.3279517797054721 0.5433584766433347 0.69138120114803314 8.0460045197978616 1.9972084952751172 1.1274966299097284 0.63757087217527442
leaf_count=11 13 45 19 19 12 29 15 16 44 7 79 19 21 17
internal_value=0.00209035 0.00050055 -0.00442509 -0.0149176 -0.00075382 0.00258266 -0.0210807 -0.0263283 0.00604558 0.0186075 0.00367236 -0.010708 -0.015395 0.00141181
internal_weight=35.0135 33.8019 24.877 6.44814 18.4288 13.8024 5.23665 3.957 11.7828 1.87231 9.91051 4.62637 2.62916 1.32895
internal_count=366 355 310 69 241 189 50 35 176 68 108 52 33 24
is_linear=0
shrinkage=0.05


Tree=229
num_leaves=15
num_cat=0
split_feature=40 145 12 144 98 145 44 99 73 120 144 144 110 144
split_gain=1.5203 1.66695 0.534023 0.446531 0.364281 0.865764 0.346149 0.50672 0.307286 0.230573 0.18607 0.131998 0.114288 1.06447
threshold=1.0000000180025095e-35 1.5000000000000002 1.0000000180025095e-35 3.5000000000000004 1.0000000180025095e-35 3.5000000000000004 1.0000000180025095e-35 1.0000000180025095e-35 1.0000000180025095e-35 1.0000000180025095e-35 1.0000000180025095e-35 1.5000000000000002 1.0000000180025095e-35 2.5000000000000004
decision_type=2 2 2 2 2 2 2 2 2 2 2 2 2 2
left_child=1 2 6 8 5 -5 7 10 12 11 -1 -4 13 -3
right_child=-2 3 9 4 -6 -7 -8 -9 -10 -11 -12 -13 -14 -15
leaf_value=-0.015574599576864166 0.057852241168389711 0.095045588261866126 -0.026380496080138739 -0.025490372514167633 -0.048642533778304547 0.059145959292410191 -0.015087564826846457 0.039861224115482152 0.010551204365937804 -0.029092654786077751 0.0063201533069384436 -0.00950079711347716 0.023204518386755087 -0.028001619681499942
leaf_weight=1.3573312014341352 1.1819641842375848 0.4314732547500143 1.4137836936861274 0.90954829686779592 0.46469255271949794 0.45245915761915967 2.6513506434857845 0.96216346137225617 8.6782121064024977 2.8840946853160858 3.4037265563383698 6.4062998683657497 3.6088652940234169 0.29657752915954916
leaf_count=8 23 11 8 29 5 8 21 23 68 9 26 81 33 13
internal_value=0.00210868 0.00016629 -0.00960988 0.0127333 -0.0104163 0.00262583 -0.000152513 0.00676633 0.0159824 -0.017009 7.81725e-05 -0.0125525 0.0268502 0.0449213
internal_weight=35.1025 33.9206 19.0788 14.8418 1.8267 1.36201 8.37457 5.72322 13.0151 10.7042 4.76106 7.82008 4.33692 0.728051
internal_count=366 343 176 167 42 37 78 57 125 98 34 89 57 24
is_linear=0
shrinkage=0.05


Tree=230
num_leaves=15
num_cat=0
split_feature=65 145 99 43 111 145 122 120 111 122 99 12 149 145
split_gain=1.01393 0.728748 0.862209 0.537741 0.430969 0.405966 0.496013 0.341606 0.287685 0.498044 0.41124 0.099948 0.132247 0.0144308
threshold=1.0000000180025095e-35 1.5000000000000002 1.0000000180025095e-35 1.0000000180025095e-35 1.0000000180025095e-35 1.0000000180025095e-35 1.0000000180025095e-35 1.0000000180025095e-35 1.0000000180025095e-35 1.0000000180025095e-35 1.0000000180025095e-35 1.0000000180025095e-35 1.0000000180025095e-35 1.0000000180025095e-35
decision_type=2 2 2 2 2 2 2 2 2 2 2 2 2 2
left_child=1 2 13 8 5 -2 -7 11 -3 10 -10 12 -4 -1
right_child=4 3 7 -5 -6 6 -8 -9 9 -11 -12 -13 -14 -15
leaf_value=-0.042114868881669036 -0.0063379562978453695 0.0057100338688504688 -0.011464765777933379 -0.035594756487772626 -0.0059740357028593505 0.077842525623991257 0.021090480529999706 -0.027703208367229545 0.019995543248613294 -0.030303534522065023 -0.014560754198169669 -0.011478043943878065 0.0083951400321405408 -0.036043831642743822
leaf_weight=1.6886492483317841 0.55468491464853231 8.0227948244137171 1.6171319766435792 1.1714237367268658 1.2825574036687615 0.63125743080308871 0.98696252259105677 2.8774768710136405 1.6437527486123142 1.8416946642100809 1.8078758282645151 7.8507378112990409 1.7403706895420326 2.3285823836922646
leaf_count=9 4 82 21 8 9 19 17 9 20 12 23 91 17 16
internal_value=-0.00874383 -0.0114744 -0.018163 -0.00311663 0.0170098 0.0305759 0.0432291 -0.0123356 -0.000259515 -0.00930723 0.00189583 -0.0083903 -0.00117033 -0.0385958
internal_weight=36.046 32.5905 18.1029 14.4875 3.45546 2.1729 1.61822 14.0857 13.3161 5.29332 3.45163 11.2082 3.3575 4.01723
internal_count=357 308 163 145 49 40 36 138 137 55 43 129 38 25
is_linear=0
shrinkage=0.05


Tree=231
num_leaves=15
num_cat=0
split_feature=145 151 44 145 98 151 145 122 39 137 99 46 111 145
split_gain=2.08523 1.02541 0.510538 0.395853 0.704127 0.304767 0.263972 0.309111 0.254521 0.310174 0.688324 0.283802 0.139788 0.101973
threshold=1.0000000180025095e-35 1.0000000180025095e-35 1.0000000180025095e-35 2.5000000000000004 1.0000000180025095e-35 1.0000000180025095e-35 3.5000000000000004 1.0000000180025095e-35 1.0000000180025095e-35 1.0000000180025095e-35 1.0000000180025095e-35 1.0000000180025095e-35 1.0000000180025095e-35 1.5000000000000002
decision_type=2 2 2 2 2 2 2 2 2 2 2 2 2 2
left_child=1 -1 3 4 8 -5 7 -7 9 11 -11 12 13 -2
right_child=2 -3 -4 5 -6 6 -8 -9 -10 10 -12 -13 -14 -15
leaf_value=0.0023691450876032853 -0.026622446725523254 0.062336792767353946 0.018379424570272432 0.015500764010992081 -0.0060228299295661232 -0.019613067542596202 -0.045360154300449894 0.054845041453851585 -0.043905280732498032 -0.033772487745803291 0.055642848181656518 -0.0078318851687719654 -0.013552570663478786 -0.041862611627195373
leaf_weight=1.2893171310424798 3.5543916679453087 1.5943834055215118 1.6585732776584325 2.4601598484441634 18.865461347158998 0.42973331439316076 0.45440103119472042 0.2063085180852795 1.1733743920922286 0.44596517831087112 0.41600851043767839 2.5452424855902791 1.4089727886021135 1.5879847239702938
leaf_count=8 33 16 29 23 134 22 8 10 9 3 47 17 11 11
internal_value=-0.00535179 0.035525 -0.00869992 -0.0100387 -0.0119073 0.00574811 -0.0162549 0.0045384 -0.0218797 -0.0192846 0.00938143 -0.0220009 -0.0275056 -0.0313287
internal_weight=38.0903 2.8837 35.2066 33.548 29.9974 3.5506 1.09044 0.636042 11.1319 9.95857 0.861974 9.09659 6.55135 5.14238
internal_count=381 24 357 328 265 63 40 32 131 122 50 72 55 44
is_linear=0
shrinkage=0.05


Tree=232
num_leaves=15
num_cat=0
split_feature=144 132 65 46 151 144 151 63 151 122 144 126 137 73
split_gain=0.421351 0.235738 0.295658 1.14296 0.19735 0.249772 0.625439 0.193306 0.235386 0.117604 0.112547 0.151234 0.1087 0.0811186
threshold=1.5000000000000002 1.0000000180025095e-35 1.0000000180025095e-35 1.0000000180025095e-35 2.5000000000000004 2.5000000000000004 1.5000000000000002 1.0000000180025095e-35 1.0000000180025095e-35 1.0000000180025095e-35 2.5000000000000004 1.0000000180025095e-35 1.0000000180025095e-35 1.0000000180025095e-35
decision_type=2 2 2 2 2 2 2 2 2 2 2 2 2 2
left_child=12 2 4 -4 5 9 -7 8 -3 -2 11 -6 13 -1
right_child=1 7 3 -5 10 6 -8 -9 -10 -11 -12 -13 -14 -15
leaf_value=-0.0055735400884123574 -0.024251796353828597 -0.042292358953240239 0.066063239092805912 -0.014173252274727325 0.016576023910775835 0.018877664101584722 -0.034173742029313101 0.0018600588970926495 -0.0025187974000363024 -0.0057714976155078873 -0.00012026032807084971 0.0022220825475132554 -0.020611992362330474 -0.017805962260689145
leaf_weight=6.0679861209355277 1.86575441644528 0.85824122652411372 0.80622496758587547 0.98743981122970581 3.1308784682769337 2.0309098273282875 0.76476239629846521 1.1923858284135349 0.65657117479713634 1.5984199293889105 8.9558927819598466 4.4336996078491211 2.3293417152017355 1.7450661011971531
leaf_count=47 18 6 22 6 25 33 18 17 21 15 62 53 18 18
internal_value=-0.00243077 0.00080411 0.00234679 0.0218918 0.000807864 -0.00675242 0.00436533 -0.0131992 -0.0250531 -0.0157247 0.00367257 0.00816299 -0.011132 -0.00830568
internal_weight=37.4236 27.2812 24.574 1.79366 22.7803 6.25985 2.79567 2.7072 1.51481 3.46417 16.5205 7.56458 10.1424 7.81305
internal_count=379 296 252 28 224 84 51 44 27 33 140 78 83 65
is_linear=0
shrinkage=0.05


Tree=233
num_leaves=15
num_cat=0
split_feature=126 144 98 120 151 144 98 145 132 145 122 145 110 151
split_gain=1.18908 1.09668 1.10376 1.277 0.287225 0.240106 0.395737 0.554343 0.182507 0.135124 0.246734 1.33944 0.0731065 0.215404
threshold=1.0000000180025095e-35 2.5000000000000004 1.0000000180025095e-35 1.0000000180025095e-35 1.0000000180025095e-35 3.5000000000000004 1.0000000180025095e-35 3.5000000000000004 1.0000000180025095e-35 1.0000000180025095e-35 1.0000000180025095e-35 1.5000000000000002 1.0000000180025095e-35 1.5000000000000002
decision_type=2 2 2 2 2 2 2 2 2 2 2 2 2 2
left_child=1 2 4 -4 9 8 7 -7 -3 -1 11 -11 13 -6
right_child=-2 5 3 -5 12 6 -8 -9 -10 10 -12 -13 -14 -15
leaf_value=-0.0015220670267164912 -0.023563645015080171 -0.0063146692898694004 0.067289012871740689 0.012303266199296711 0.012397693722174044 -0.013743214946421362 -0.023585648442528688 0.060370911364628466 -0.023958943460903177 0.079063151403677367 0.0054093747830142487 -0.0047934356356686761 -0.016668946264485146 -0.010638823839948523
leaf_weight=1.3755579367280022 4.6631011033896348 10.940182318416188 1.7423975025303651 2.6800922602415085 1.6992983086965976 0.42869962706754339 0.51841299669467833 0.61315486783860251 1.6922929616994231 0.80555051937699285 2.3113446347415447 1.1647312454879284 0.95652485033497203 2.5190055349085014
leaf_count=8 60 89 24 11 16 29 6 12 17 14 17 10 9 30
internal_value=-0.000104175 0.00361074 0.012918 0.0339669 0.00432416 -0.00639279 0.012112 0.0298746 -0.00867836 0.0121112 0.0164912 0.0294914 -0.00418876 -0.00135881
internal_weight=34.1103 29.4472 15.2545 4.42249 10.832 14.1927 1.56027 1.04185 12.6325 5.65718 4.28163 1.97028 5.17483 4.2183
internal_count=352 292 139 35 104 153 47 41 106 49 41 24 55 46
is_linear=0
shrinkage=0.05


Tree=234
num_leaves=15
num_cat=0
split_feature=144 132 46 10 73 128 144 145 144 10 43 65 144 126
split_gain=0.967484 0.551125 0.397895 0.211535 0.203299 0.315807 0.291365 0.345217 0.142146 0.13932 0.103577 1.7512 0.087311 0.0858243
threshold=1.5000000000000002 1.0000000180025095e-35 1.0000000180025095e-35 1.0000000180025095e-35 1.0000000180025095e-35 1.0000000180025095e-35 2.5000000000000004 2.5000000000000004 1.0000000180025095e-35 1.0000000180025095e-35 1.0000000180025095e-35 1.0000000180025095e-35 2.5000000000000004 1.0000000180025095e-35
decision_type=2 2 2 2 2 2 2 2 2 2 2 2 2 2
left_child=8 2 4 -3 6 -6 -2 -8 -1 -10 11 -9 -4 -7
right_child=1 3 12 -5 5 13 7 10 9 -11 -12 -13 -14 -15
leaf_value=-0.0055984044386931456 0.032003938402585384 -0.0068482521818314969 -0.019435875940421746 -0.038627685068685143 -0.018217435739179971 0.0085437643154106981 -0.033367566905502459 -0.023832737846275931 -0.023543571459517836 -0.006998307798936898 0.00045919130343124233 0.10901505160786584 -0.0030312138618687357 0.00029527835132782762
leaf_weight=2.3300076373852772 1.7698040835675879 1.0645146837923667 1.7943281158804887 1.0305814845487475 1.4238539366051579 11.841096732634471 0.46706051033106666 0.67758070612035204 5.6124716147314757 1.6453435868024824 0.73899722200803797 0.39133568012039177 1.4802056313492356 4.2983060330152503
leaf_count=16 30 32 8 9 14 78 17 15 53 10 11 11 20 52
internal_value=-0.00270065 0.00214792 0.00422162 -0.0224806 0.00668298 0.00435556 0.0167891 0.00495282 -0.0163433 -0.0197928 0.0148526 0.0248035 -0.0120204 0.006347
internal_weight=36.5655 26.9777 24.8826 2.0951 21.608 17.5633 4.04478 2.27497 9.58782 7.25782 1.80791 1.06892 3.27453 16.1394
internal_count=376 297 256 41 228 144 84 54 79 63 37 26 28 130
is_linear=0
shrinkage=0.05


Tree=235
num_leaves=15
num_cat=0
split_feature=126 145 110 114 151 65 73 144 145 151 158 151 98 144
split_gain=1.64726 0.993826 0.429857 0.44293 0.759472 0.359892 0.212285 0.31993 0.208703 0.194108 0.10719 0.462106 0.455764 0.300599
threshold=1.0000000180025095e-35 1.5000000000000002 1.0000000180025095e-35 1.0000000180025095e-35 1.5000000000000002 1.0000000180025095e-35 1.0000000180025095e-35 3.5000000000000004 3.5000000000000004 1.0000000180025095e-35 1.0000000180025095e-35 1.5000000000000002 1.0000000180025095e-35 1.5000000000000002
decision_type=2 2 2 2 2 2 2 2 2 2 2 2 2 2
left_child=1 5 3 4 -3 10 7 9 -9 -4 11 -1 13 -12
right_child=-2 2 6 -5 -6 -7 -8 8 -10 -11 12 -13 -14 -15
leaf_value=0.0014965076282363468 0.031589256871432818 0.078168913541967242 0.0051766096949621247 0.011749031167868393 -0.01377652996562433 -0.028389783272499108 -0.022460417837481907 0.0107467781063328 0.058796080913392605 -0.016198918108666523 -0.0037303924488181332 -0.035912557679737382 0.011662872717231713 -0.027712399880775881
leaf_weight=1.9337294641882157 4.4380832568276665 0.67116580926812985 2.8718997202813625 6.3886042572557926 0.33754075016804563 2.3244445715099564 0.98000510782003392 0.59308948135003436 0.36511761786823627 1.6853070244542321 3.6407394628040528 1.4404645189642904 3.0354208982316777 2.038102856837213
leaf_count=12 63 19 21 26 48 17 10 16 11 16 33 11 22 26
internal_value=0.00326715 -0.00117352 0.00836917 0.0166106 0.0474015 -0.0103718 -0.00101664 0.0027936 0.0290556 -0.0027283 -0.00690719 -0.0144737 -0.00397743 -0.0123374
internal_weight=32.7437 28.3056 13.8927 7.39731 1.00871 14.4129 6.49542 5.51541 0.958207 4.55721 12.0885 3.37419 8.71426 5.67884
internal_count=351 288 167 93 67 121 74 64 27 37 104 23 81 59
is_linear=0
shrinkage=0.05


Tree=236
num_leaves=15
num_cat=0
split_feature=65 43 145 73 40 148 149 37 145 145 96 110 128 145
split_gain=0.910047 0.312942 0.24082 0.381024 0.209776 0.20144 0.482016 0.721066 0.157784 0.185468 0.15431 0.125203 0.57633 0.414127
threshold=1.0000000180025095e-35 1.0000000180025095e-35 1.0000000180025095e-35 1.0000000180025095e-35 1.0000000180025095e-35 1.0000000180025095e-35 1.0000000180025095e-35 1.0000000180025095e-35 1.5000000000000002 2.5000000000000004 1.0000000180025095e-35 1.0000000180025095e-35 1.0000000180025095e-35 1.5000000000000002
decision_type=2 2 2 2 2 2 2 2 2 2 2 2 2 2
left_child=2 8 3 -1 5 10 -7 -8 -2 -10 11 12 -4 -13
right_child=1 -3 4 -5 -6 6 7 -9 9 -11 -12 13 -14 -15
leaf_value=0.0012314897184413736 -0.039773789200687727 0.0025083234749422936 0.029381929993359104 -0.031131265247595977 -0.016462880324246053 0.044334518381966143 0.038944055145516875 -0.034324487875692818 -0.037373822026321814 -0.0012560318130972487 -0.0043087495351583358 -0.032160844622574597 0.0012587351847415679 0.0043467921819331391
leaf_weight=2.1842482760548583 2.1070031449198718 0.8628081038041272 2.2427952953148713 1.5583941340446474 1.5885403622814909 0.92330383032094632 0.59461144918168407 0.77148756943643093 0.67096721692359984 0.75584545656602131 9.0510131475748512 0.97246126085519691 9.703189546286012 3.8606618692865595
leaf_count=19 12 15 40 7 13 17 16 6 9 14 38 3 127 44
internal_value=-0.00310228 -0.0244882 -0.000291407 -0.012244 0.00121439 0.00221302 0.0164278 -0.00243345 -0.0310796 -0.0182406 0.000953119 0.00379148 0.00653872 -0.00299882
internal_weight=37.8473 4.39662 33.4507 3.74264 29.7081 28.1195 2.2894 1.3661 3.53382 1.42681 25.8301 16.7791 11.946 4.83312
internal_count=380 50 330 26 304 291 39 22 35 23 252 214 167 47
is_linear=0
shrinkage=0.05


Tree=237
num_leaves=15
num_cat=0
split_feature=120 151 145 144 145 43 122 144 144 43 145 39 145 151
split_gain=0.77454 1.10335 1.84493 0.308352 0.323473 0.522589 0.496713 0.247414 0.222206 0.234421 0.232627 0.222055 0.477482 0.219787
threshold=1.0000000180025095e-35 2.5000000000000004 1.5000000000000002 1.0000000180025095e-35 2.5000000000000004 1.0000000180025095e-35 1.0000000180025095e-35 1.5000000000000002 3.5000000000000004 1.0000000180025095e-35 3.5000000000000004 1.0000000180025095e-35 1.5000000000000002 1.5000000000000002
decision_type=2 2 2 2 2 2 2 2 2 2 2 2 2 2
left_child=1 3 7 -1 5 6 11 -3 9 -6 -10 12 13 -5
right_child=-2 2 -4 4 8 -7 -8 -9 10 -11 -12 -13 -14 -15
leaf_value=0.017037699529697074 -0.020311823643703205 0.063288319292233788 0.0014090741344793363 -0.021404709105545143 0.036526707678860376 -0.04200895002646228 0.01377746577037298 0.033863140386531779 -0.023961287938111732 -0.00031824205196404618 0.013126552953297236 -0.031145086842499017 0.016592811636648882 -0.0015469188106383986
leaf_weight=1.8367441426962638 3.0856614895164958 0.83559055859223086 8.4194776802905835 3.8596468195319122 1.0409429289065877 1.05562346772058 2.6406752916518608 4.9244810076197609 0.78681006334227255 0.73758961260318745 0.91389321762835607 1.1785817202180622 1.5857498979166846 2.1806908857543021
leaf_count=15 11 13 63 26 20 16 26 73 20 5 13 9 25 30
internal_value=0.00361174 0.00591887 0.0163267 -0.00236416 -0.00459418 -0.0083471 -0.00524241 0.0381317 0.0088901 0.0212464 -0.00403169 -0.0109468 -0.00782523 -0.0142356
internal_weight=35.0822 31.9965 14.1795 17.8169 15.9802 12.501 11.4453 5.76007 3.47924 1.77853 1.7007 8.80467 7.62609 6.04034
internal_count=365 354 149 205 190 132 116 86 58 25 33 90 81 56
is_linear=0
shrinkage=0.05


Tree=238
num_leaves=15
num_cat=0
split_feature=120 65 122 126 158 73 111 128 122 151 132 122 99 132
split_gain=0.533566 0.407782 0.486672 0.374764 0.207305 0.527553 0.210601 0.466835 0.798115 0.277769 0.360775 0.226531 0.300948 0.164121
threshold=1.0000000180025095e-35 1.0000000180025095e-35 1.0000000180025095e-35 1.0000000180025095e-35 1.0000000180025095e-35 1.0000000180025095e-35 1.0000000180025095e-35 1.0000000180025095e-35 1.0000000180025095e-35 2.5000000000000004 1.0000000180025095e-35 1.0000000180025095e-35 1.0000000180025095e-35 1.0000000180025095e-35
decision_type=2 2 2 2 2 2 2 2 2 2 2 2 2 2
left_child=1 3 -3 4 5 -1 7 8 13 10 -9 12 -8 -6
right_child=-2 2 -4 -5 6 -7 11 9 -10 -11 -12 -13 -14 -15
leaf_value=0.0043325220573131257 -0.026068519971924789 -0.00045597686782582479 -0.034826180574520041 -0.013964948398965721 0.014405765121200814 -0.032671612947769456 0.019370513808899471 -0.035662224495193746 0.048820180132506955 0.0049940402801605215 0.0024474880036728639 -0.017674118200324423 -0.011362183663853581 -0.014922004752368498
leaf_weight=2.5651239249855342 2.928264442831277 1.9537409659460525 2.1782121606738656 5.2620363719761363 0.99805993289919659 1.5422879755496977 1.4868712755851448 1.0725994613894718 1.5324785248376429 9.5044270870348555 1.4750539379456313 2.2956036850810051 1.715815543451753 0.91378078982234001
leaf_count=20 10 28 23 69 23 7 19 16 26 72 16 18 21 5
internal_value=-0.00557736 -0.00383792 -0.0185747 -0.00183255 0.000710711 -0.00956212 0.00272049 0.00570343 0.0219371 0.00106408 -0.0135973 -0.00568663 0.0029057 0.000388304
internal_weight=37.4244 34.4961 4.13195 30.3641 25.1021 4.10741 20.9947 15.4964 3.44432 12.0521 2.54765 5.49829 3.20269 1.91184
internal_count=373 363 51 312 243 27 216 158 54 104 32 58 40 28
is_linear=0
shrinkage=0.05


Tree=239
num_leaves=15
num_cat=0
split_feature=114 37 111 144 40 128 149 122 145 144 126 151 144 46
split_gain=0.635496 0.52248 0.22282 0.647826 0.334459 0.231263 0.550667 0.193765 0.251864 0.462844 0.13804 0.173386 0.200538 0.0834114
threshold=1.0000000180025095e-35 1.0000000180025095e-35 1.0000000180025095e-35 2.5000000000000004 1.0000000180025095e-35 1.0000000180025095e-35 1.0000000180025095e-35 1.0000000180025095e-35 2.5000000000000004 2.5000000000000004 1.0000000180025095e-35 1.0000000180025095e-35 1.5000000000000002 1.0000000180025095e-35
decision_type=2 2 2 2 2 2 2 2 2 2 2 2 2 2
left_child=1 2 3 10 5 -5 -7 8 -4 -10 11 13 -13 -1
right_child=-2 -3 7 4 -6 6 -8 -9 9 -11 -12 12 -14 -15
leaf_value=-0.017723637042510131 0.0081703237763494155 0.020939505701771121 -0.021586655128271515 0.058676489624456811 -0.039673945473261432 -0.048758702045860497 0.054864756855264568 -0.026582301943465243 -0.022823857421217009 0.054471608520226006 -0.016803386084782098 -0.0090256330090133698 0.0050058956961140932 -0.004623051160417049
leaf_weight=4.4008598746732046 7.5392088983207932 1.4732017086353142 1.117075825575738 0.58172853948781156 0.16362307826057065 0.21483715187059715 0.31794749997425242 3.1967372968792915 0.39048147946596135 0.38425552559783682 5.0380160012282422 6.5019053705036622 4.1856795252242591 1.6784077063202856
leaf_count=33 37 16 12 18 11 6 40 21 2 21 62 44 35 8
internal_value=-0.00479131 -0.00808769 -0.00960564 -0.00751782 0.0270794 0.0368795 0.0130802 -0.0190765 -0.00639345 0.0155133 -0.00954581 -0.00736509 -0.00353033 -0.0141067
internal_weight=37.184 29.6448 28.1716 23.083 1.27814 1.11451 0.532785 5.08855 1.89181 0.774737 21.8049 16.7669 10.6876 6.07927
internal_count=366 329 313 257 75 64 46 56 35 23 182 120 79 41
is_linear=0
shrinkage=0.05


Tree=240
num_leaves=15
num_cat=0
split_feature=43 126 120 68 146 63 132 149 110 74 151 145 110 65
split_gain=0.828349 0.387283 0.398662 0.197904 0.598139 0.187338 0.178697 0.223005 0.152852 0.117069 0.30864 0.309924 0.271455 0.157714
threshold=1.0000000180025095e-35 1.0000000180025095e-35 1.0000000180025095e-35 1.0000000180025095e-35 1.0000000180025095e-35 1.0000000180025095e-35 1.0000000180025095e-35 1.0000000180025095e-35 1.0000000180025095e-35 1.0000000180025095e-35 1.0000000180025095e-35 2.5000000000000004 1.0000000180025095e-35 1.0000000180025095e-35
decision_type=2 2 2 2 2 2 2 2 2 2 2 2 2 2
left_child=1 2 3 5 -5 6 9 -8 -2 10 11 13 -12 -1
right_child=8 -3 -4 4 -6 -7 7 -9 -10 -11 12 -13 -14 -15
leaf_value=0.0055029604442631379 -0.024741227851799653 0.010141370722616684 0.013475045284293842 0.044654384073779779 -0.031655319917545541 0.0068955270367633374 -0.0091761579101512069 -0.037633041919486923 -0.052884799714609056 -0.021517590804231559 -0.0077442108183272268 0.028027238703260168 -0.031701160606776267 -0.015086950367704863
leaf_weight=2.5372796971351095 1.3438390561059343 5.1695095077157012 2.7286500819027415 0.64813131699338444 0.42529796395683661 2.0734106720192349 1.7375777214765542 1.1402499946270834 0.75266322493553151 1.3223624594975252 12.503306054102721 1.0899608489125965 1.3059309193631641 1.4682155288755891
leaf_count=20 20 71 12 18 11 22 19 15 7 15 99 13 20 10
internal_value=-0.00433861 -0.00246578 -0.00471464 -0.00660531 0.0144201 -0.00750169 -0.00879368 -0.0204513 -0.034845 -0.00713508 -0.00612903 0.00438827 -0.0100098 -0.00204428
internal_weight=36.2464 34.1499 28.9804 26.2517 1.07343 25.1783 23.1049 2.87783 2.0965 20.2271 18.9047 5.09546 13.8092 4.0055
internal_count=372 345 274 262 29 233 211 34 27 177 162 43 119 30
is_linear=0
shrinkage=0.05


Tree=241
num_leaves=15
num_cat=0
split_feature=54 46 144 132 148 98 43 65 145 151 151 149 96 122
split_gain=0.759729 0.258714 0.175912 0.291044 0.262958 0.688454 0.254172 0.383669 0.369063 0.229039 0.227225 0.188374 0.153163 0.10654
threshold=1.0000000180025095e-35 1.0000000180025095e-35 1.5000000000000002 1.0000000180025095e-35 1.0000000180025095e-35 1.0000000180025095e-35 1.0000000180025095e-35 1.0000000180025095e-35 2.5000000000000004 1.0000000180025095e-35 1.0000000180025095e-35 1.0000000180025095e-35 1.0000000180025095e-35 1.0000000180025095e-35
decision_type=2 2 2 2 2 2 2 2 2 2 2 2 2 2
left_child=1 2 3 10 5 6 7 8 13 -6 -1 -11 -2 -4
right_child=12 -3 4 -5 9 -7 -8 -9 -10 11 -12 -13 -14 -15
leaf_value=-0.037518512654543229 0.0014699183210007581 0.0043264505455238751 0.019038576905853737 -0.004093864546287445 -0.041677513669057156 -0.051796420179127681 -0.0079436856944878464 0.062612743520210887 -0.010513563563398954 0.016174736718062601 -0.01503805544615415 -0.020840082795763895 0.010760715851779387 0.052656973412172438
leaf_weight=2.0424972381442803 10.52268484560773 2.9537013124208888 0.77507541654631562 2.5707074068486691 0.82052588835358653 0.57502721238415677 1.8708668413000848 0.37981179401685938 1.2244645842583848 0.50229085492901493 2.4997358061373234 1.0888121490934279 7.6688490267842999 0.33863058546558022
leaf_count=19 97 25 36 17 6 10 22 12 18 10 22 23 35 6
internal_value=-0.00178303 -0.00917589 -0.0118911 -0.017538 -0.00658897 -0.000222849 0.00623982 0.0160027 0.00843142 -0.0202204 -0.0251468 -0.00915498 0.00538656 0.0292605
internal_weight=35.8337 17.6421 14.6884 7.11294 7.57551 5.16388 4.58885 2.71798 2.33817 2.41163 4.54223 1.5911 18.1915 1.11371
internal_count=358 226 201 58 143 104 94 72 60 39 41 33 132 42
is_linear=0
shrinkage=0.05


Tree=242
num_leaves=15
num_cat=0
split_feature=144 10 132 65 43 120 65 145 122 39 151 10 126 151
split_gain=0.634964 2.06093 0.408929 0.404256 0.460816 0.329117 0.259233 0.254137 0.887581 0.585765 0.219371 0.404258 0.209988 0.185626
threshold=1.5000000000000002 1.0000000180025095e-35 1.0000000180025095e-35 1.0000000180025095e-35 1.0000000180025095e-35 1.0000000180025095e-35 1.0000000180025095e-35 2.5000000000000004 1.0000000180025095e-35 1.0000000180025095e-35 1.0000000180025095e-35 1.0000000180025095e-35 1.0000000180025095e-35 1.5000000000000002
decision_type=2 2 2 2 2 2 2 2 2 2 2 2 2 2
left_child=1 6 3 5 -5 7 -1 8 9 13 -4 -12 -11 -2
right_child=2 -3 10 4 -6 -7 -8 -9 -10 12 11 -13 -14 -15
leaf_value=-0.0023518581828123023 0.042638668073003844 0.074277236395708907 -0.045847703576249205 0.036930989486424155 -0.015340690841025307 0.01271254000401814 0.024659955900342919 0.0096066361070579181 -0.038484768523831203 -0.010607288090643844 0.020084812895048026 -0.033704412895720792 0.0024560292643985952 -0.004214774284440571
leaf_weight=5.578909712843596 0.84698989189929885 1.1565511077642439 0.76002500951290075 1.3199240211542917 0.61953604535301554 2.7318290360271922 1.0564177595078943 2.3577027689680099 2.0861454852856687 9.7289672327460703 0.5720797431131357 0.89702187525108457 4.4988265931606302 0.28170486612361856
leaf_count=56 11 9 5 20 12 12 12 41 19 44 26 6 56 29
internal_value=0.000126424 0.0126845 -0.0035383 -0.00167076 0.0202335 -0.00355617 0.00194872 -0.00580075 -0.00788335 -0.00372621 -0.0240403 -0.0127585 -0.00647667 0.0309448
internal_weight=34.4926 7.79188 26.7008 24.4716 1.93946 22.5322 6.63533 19.8003 17.4426 15.3565 2.22913 1.4691 14.2278 1.12869
internal_count=358 77 281 244 32 212 68 200 159 140 37 32 100 40
is_linear=0
shrinkage=0.05


Tree=243
num_leaves=15
num_cat=0
split_feature=120 126 144 149 73 144 145 122 10 132 111 111 46 44
split_gain=0.802287 0.877391 1.21272 2.07079 1.00579 0.415592 0.220069 0.367672 0.435936 0.239976 0.255889 0.176209 0.311755 0.17034
threshold=1.0000000180025095e-35 1.0000000180025095e-35 2.5000000000000004 1.0000000180025095e-35 1.0000000180025095e-35 1.5000000000000002 3.5000000000000004 1.0000000180025095e-35 1.0000000180025095e-35 1.0000000180025095e-35 1.0000000180025095e-35 1.0000000180025095e-35 1.0000000180025095e-35 1.0000000180025095e-35
decision_type=2 2 2 2 2 2 2 2 2 2 2 2 2 2
left_child=1 2 3 5 -5 13 7 8 9 10 -4 12 -7 -1
right_child=-2 -3 6 4 -6 11 -8 -9 -10 -11 -12 -13 -14 -15
leaf_value=0.0021156728970645306 -0.027841401043084753 -0.019655332860461072 0.062075971783915232 0.013055416483829253 0.078372621414784335 0.042484487852903201 0.016358717873338015 -0.024448918987654951 -0.0083618148067255618 0.059631748105055907 -0.0056892549254106669 0.0018574364443329876 0.0086349098904088175 -0.015338393686466249
leaf_weight=4.1764789298176819 2.8781904280185691 4.8871446705888948 0.18005803726554759 0.92534931737463844 1.6232975358143449 1.247177816927433 0.90538358494086502 2.9734929877449767 7.8492536773264874 0.34391737915575504 0.61555960588157177 1.3319672159850595 1.496314637362957 2.1010817643254995
leaf_count=43 9 60 35 22 19 20 17 32 40 23 11 11 8 12
internal_value=-0.00260141 -0.000231749 0.00345193 0.0142844 0.0546576 0.00434551 -0.00740913 -0.00920803 -0.00416635 0.0247325 0.00964685 0.0167785 0.0240228 -0.00372615
internal_weight=33.5347 30.6565 25.7693 12.9017 2.54865 10.353 12.8677 11.9623 8.98879 1.13954 0.795618 4.07546 2.74349 6.27756
internal_count=362 353 293 135 41 94 158 141 109 69 46 39 28 55
is_linear=0
shrinkage=0.05


Tree=244
num_leaves=15
num_cat=0
split_feature=126 96 145 56 110 145 148 122 120 73 145 132 144 73
split_gain=2.21158 0.566248 0.383751 0.87672 0.600903 1.27374 0.76384 0.74191 1.21572 0.558265 0.489917 0.265799 0.205076 0.158848
threshold=1.0000000180025095e-35 1.0000000180025095e-35 1.0000000180025095e-35 1.0000000180025095e-35 1.0000000180025095e-35 1.5000000000000002 1.0000000180025095e-35 1.0000000180025095e-35 1.0000000180025095e-35 1.0000000180025095e-35 2.5000000000000004 1.0000000180025095e-35 3.5000000000000004 1.0000000180025095e-35
decision_type=2 2 2 2 2 2 2 2 2 2 2 2 2 2
left_child=1 2 9 4 5 6 7 8 -4 -1 11 -6 -12 -8
right_child=-2 -3 3 -5 10 -7 13 -9 -10 -11 12 -13 -14 -15
leaf_value=0.00070695132534917418 0.033081760411423564 -0.014867425728870433 0.065321516759353673 0.055695274457792592 -0.029808569767099613 0.078591272438324061 -0.033738701714970273 -0.0085517410635656804 0.0067570005749823196 -0.037767696342237859 0.022286760542838322 -0.0048871316248636637 -0.0049703852018059382 -0.007588768511873345
leaf_weight=2.5984667893499163 4.7159061431884757 8.2969010361121054 1.3652141989441626 0.77727837064594396 2.6469110200414425 0.62794352204400716 1.0682513262145221 2.292171522974968 2.5252413749694824 1.4797265380620954 1.2270324399578387 1.795782286673784 1.5769202843730452 1.2725237607955933
leaf_count=22 70 32 40 12 22 59 17 15 10 7 16 11 31 5
internal_value=0.0012847 -0.00378975 0.000534742 0.00380862 0.00134914 0.00986647 0.00480331 0.0140133 0.0273081 -0.0132531 -0.00940686 -0.0197351 0.00695756 -0.0195227
internal_weight=34.2663 29.5504 21.2535 17.1753 16.398 9.15135 8.5234 6.18263 3.89046 4.07819 7.24665 4.44269 2.80395 2.34078
internal_count=369 299 267 238 226 146 87 65 50 29 80 33 47 22
is_linear=0
shrinkage=0.05


Tree=245
num_leaves=15
num_cat=0
split_feature=63 40 43 65 144 144 10 65 148 145 110 145 65 120
split_gain=4.1783 1.12577 0.222453 0.317035 0.187511 0.241088 1.66191 0.199913 0.190429 0.128813 0.485681 0.383046 0.0487096 0.0363718
threshold=1.0000000180025095e-35 1.0000000180025095e-35 1.0000000180025095e-35 1.0000000180025095e-35 1.0000000180025095e-35 1.5000000000000002 1.0000000180025095e-35 1.0000000180025095e-35 1.0000000180025095e-35 2.5000000000000004 1.0000000180025095e-35 3.5000000000000004 1.0000000180025095e-35 1.0000000180025095e-35
decision_type=2 2 2 2 2 2 2 2 2 2 2 2 2 2
left_child=1 2 4 -4 -1 6 12 8 9 10 13 -11 -6 -7
right_child=-2 -3 3 -5 5 7 -8 -9 -10 11 -12 -13 -14 -15
leaf_value=-0.020702556677806912 0.098858019584657689 0.049637276338163179 -0.035213662343541667 0.0029781354206684092 -0.0034773436672385239 -0.0077516032099188593 0.070124957532896118 0.010420299686027826 0.012569021060857645 -0.030928992670636653 0.021035284235596325 0.010629213493021886 -0.015589512148512681 -0.013621118144151043
leaf_weight=1.7506127539090837 1.0077898249728594 0.93820121650060073 1.4441739113535725 0.87117064432095492 2.1821814500726786 15.558192038719442 0.84155897796154011 1.7883417928533152 1.1926940397679562 1.8307589498726877 1.4767701914533962 0.79535224300343532 1.339637339115143 3.1786044239997855
leaf_count=12 23 16 11 15 36 156 8 20 17 26 12 10 7 11
internal_value=-0.00152334 -0.00439826 -0.00587844 -0.0208436 -0.00479343 -0.00387073 0.00699958 -0.00570768 -0.00690782 -0.00792491 -0.00657147 -0.0183425 -0.0080846 -0.00874734
internal_weight=36.196 35.1882 34.25 2.31534 31.9347 30.1841 4.36338 25.8207 24.0324 22.8397 20.2136 2.62611 3.52182 18.7368
internal_count=380 357 341 26 315 303 51 252 232 215 179 36 43 167
is_linear=0
shrinkage=0.05


Tree=246
num_leaves=15
num_cat=0
split_feature=145 43 73 149 99 73 151 132 74 44 144 99 65 126
split_gain=1.56169 0.628817 0.496952 0.990493 0.629268 0.399856 0.377726 0.241183 0.220912 0.159054 0.33636 0.154077 0.256307 0.134778
threshold=1.5000000000000002 1.0000000180025095e-35 1.0000000180025095e-35 1.0000000180025095e-35 1.0000000180025095e-35 1.0000000180025095e-35 2.5000000000000004 1.0000000180025095e-35 1.0000000180025095e-35 1.0000000180025095e-35 1.0000000180025095e-35 1.0000000180025095e-35 1.0000000180025095e-35 1.0000000180025095e-35
decision_type=2 2 2 2 2 2 2 2 2 2 2 2 2 2
left_child=5 2 3 4 7 8 -7 -2 9 10 -1 12 -12 -8
right_child=1 -3 -4 -5 -6 6 13 -9 -10 -11 11 -13 -14 -15
leaf_value=0.033622820794345414 0.034736808251960863 -0.021947308448887464 0.0031346998788489705 0.082291238213918122 -0.018046848290657492 -0.044608400384896225 -0.010787606729028993 0.0035817620633235426 -0.028241559165446857 -0.01268498955830772 -0.011216079452002703 -0.018612988335518783 0.023254599843883728 -0.023428964587660171
leaf_weight=0.7244921172969051 2.1625780893955375 1.7988881710425637 10.251558347663376 0.60790671777795058 1.121320840786211 1.540976759046315 3.852960305288434 0.87155133858323086 1.0467448094859717 2.839121357537806 1.2316713668406012 1.1674139256938363 0.95925664342939843 4.6569495478179306
leaf_count=7 28 22 69 37 20 9 24 7 6 26 9 25 13 59
internal_value=-0.00497162 0.00598833 0.00933521 0.0226798 0.0139591 -0.0151982 -0.0218301 0.0257875 -0.00683335 -0.00359598 0.00272434 -0.00394137 0.00387626 -0.0177054
internal_weight=34.8334 16.8138 15.0149 4.76336 4.15545 18.0196 10.0509 3.03413 7.9687 6.92196 4.08283 3.35834 2.19093 8.50991
internal_count=361 183 161 92 55 178 92 35 86 80 54 47 22 83
is_linear=0
shrinkage=0.05


Tree=247
num_leaves=15
num_cat=0
split_feature=46 145 145 145 73 148 145 151 151 132 151 145 122 10
split_gain=1.42696 1.44235 0.563253 0.449612 0.374775 0.441294 0.257241 0.177166 0.14509 0.104817 0.214802 0.219363 0.0892704 0.238326
threshold=1.0000000180025095e-35 1.5000000000000002 1.5000000000000002 1.0000000180025095e-35 1.0000000180025095e-35 1.0000000180025095e-35 2.5000000000000004 2.5000000000000004 2.5000000000000004 1.0000000180025095e-35 1.0000000180025095e-35 3.5000000000000004 1.0000000180025095e-35 1.0000000180025095e-35
decision_type=2 2 2 2 2 2 2 2 2 2 2 2 2 2
left_child=2 -2 3 8 5 -5 12 -6 -1 10 -8 -12 13 -4
right_child=1 -3 6 4 7 -7 9 -9 -10 -11 11 -13 -14 -15
leaf_value=-0.0060201604525864779 0.083468025934330975 -0.0046513742167017501 0.0058651524611720938 0.035936206404106621 -0.013114527031402321 -0.0019118520108618216 0.014967155222392853 0.0041054869797614683 -0.026484767560353603 -0.01846550402838195 0.0053654988294106268 -0.042734147906888065 -0.025831586861288242 -0.01562093303913438
leaf_weight=2.1851088516414174 0.94351057603489497 0.91443845676258206 1.470304359550936 1.9080252614803603 1.8148610203061242 1.2914386715274304 1.8434721594676373 8.4396528645884246 1.4348258525133135 0.57860391854774196 0.59058048147380748 0.39596724658622406 1.5262495455681353 10.560562822967768
leaf_count=20 9 11 49 36 11 22 18 83 8 12 24 7 12 38
internal_value=-0.00257185 0.0400977 -0.00490083 0.00151051 0.0057192 0.0206591 -0.0113531 0.00105786 -0.0141317 0.000925522 0.00489006 -0.0139401 -0.0144402 -0.0129951
internal_weight=35.8976 1.85795 34.0397 17.0739 13.454 3.19946 16.9657 10.2545 3.61993 3.40862 2.83002 0.986548 13.5571 12.0309
internal_count=360 20 340 180 152 58 160 94 28 61 49 31 99 87
is_linear=0
shrinkage=0.05


Tree=248
num_leaves=15
num_cat=0
split_feature=65 151 128 137 46 44 122 110 40 39 110 151 110 114
split_gain=0.111539 0.439114 0.139061 0.161918 0.211553 0.125829 0.257341 0.0671958 0.0585154 0.159143 0.410184 0.0980758 0.048678 0.038405
threshold=1.0000000180025095e-35 1.0000000180025095e-35 1.0000000180025095e-35 1.0000000180025095e-35 1.0000000180025095e-35 1.0000000180025095e-35 1.0000000180025095e-35 1.0000000180025095e-35 1.0000000180025095e-35 1.0000000180025095e-35 1.0000000180025095e-35 2.5000000000000004 1.0000000180025095e-35 1.0000000180025095e-35
decision_type=2 2 2 2 2 2 2 2 2 2 2 2 2 2
left_child=2 -2 3 4 5 6 7 -1 9 10 -4 -11 -8 -13
right_child=1 -3 8 -5 -6 -7 12 -9 -10 11 -12 13 -14 -15
leaf_value=-0.014268452423627974 0.018748247235693002 -0.01572826131714301 0.0002595563627311931 -0.026828959653245006 0.0087760345282971702 0.00092915472633491871 0.0036592444074815805 -0.029473017408374325 -0.01257405474542244 -0.015445036294860557 0.058943502244137913 0.0006677885756507275 -0.0090733514341976573 -0.0039365005068709392
leaf_weight=1.1522850440815038 2.2686854652129109 1.5577056187048581 1.3713252455781972 1.1312848344678066 1.7743121869862086 1.9072316810488699 1.3509103471878916 1.9673080206848681 1.2482830048538733 1.4072365737520183 0.38036116417788424 8.6488942299038172 1.6893830709159374 9.5077381795272231
leaf_count=15 23 31 56 28 12 13 12 17 10 14 10 80 13 41
internal_value=-0.00337472 0.00471302 -0.00429749 -0.00891452 -0.00685524 -0.0102932 -0.0137679 -0.0238569 -0.00205225 -0.00143607 0.0130022 -0.00272883 -0.00341581 -0.00174325
internal_weight=37.3629 3.82639 33.5366 10.9727 9.84143 8.06712 6.15989 3.11959 22.5638 21.3156 1.75169 19.5639 3.04029 18.1566
internal_count=375 54 321 110 82 70 57 32 211 201 66 135 25 121
is_linear=0
shrinkage=0.05


Tree=249
num_leaves=15
num_cat=0
split_feature=120 40 114 111 144 44 144 110 43 145 158 144 99 149
split_gain=1.85306 1.95455 1.1579 0.53158 0.918387 0.964259 0.685611 0.484488 0.401722 0.244534 0.216039 0.420041 0.39037 0.184766
threshold=1.0000000180025095e-35 1.0000000180025095e-35 1.0000000180025095e-35 1.0000000180025095e-35 2.5000000000000004 1.0000000180025095e-35 2.5000000000000004 1.0000000180025095e-35 1.0000000180025095e-35 3.5000000000000004 1.0000000180025095e-35 1.0000000180025095e-35 1.0000000180025095e-35 1.0000000180025095e-35
decision_type=2 2 2 2 2 2 2 2 2 2 2 2 2 2
left_child=1 2 3 4 7 -6 -5 8 10 -8 11 -1 -12 -14
right_child=-2 -3 -4 6 5 -7 9 -9 -10 -11 12 -13 13 -15
leaf_value=-0.005547702325175442 0.046946937174883761 0.063240718130858936 0.011662669982541169 0.041408515728680699 0.056671935468353675 -0.037316347352697253 -0.010491867698420407 -0.041969220793007141 -0.043893890485223977 0.018241332005489136 0.010641203850675659 -0.03802875488523836 -0.025861824201131502 -0.0085000673567251044
leaf_weight=1.9996224269270926 2.0757895223796359 1.117931130058422 8.6149804722517711 0.99558965489268203 0.86837515809747745 0.3979440730472561 3.5341660407430027 1.7439616789342842 1.0535376847255982 0.93674371637462162 2.202397381886839 1.981816357001662 2.1036284565925625 5.6433817958459258
leaf_count=13 11 22 42 11 57 9 40 10 7 15 24 14 28 70
internal_value=0.00111676 -0.00174923 -0.00401429 -0.00977089 -0.0139191 0.0271359 0.00388427 -0.0170269 -0.014124 -0.0044717 -0.0118726 -0.0217156 -0.0079338 -0.0132145
internal_weight=35.2699 33.1941 32.0761 23.4612 17.9947 1.26632 5.4665 16.7283 14.9844 4.47091 13.9308 3.98144 9.94941 7.74701
internal_count=373 362 340 298 232 66 66 166 156 55 149 27 122 98
is_linear=0
shrinkage=0.05


Tree=250
num_leaves=15
num_cat=0
split_feature=151 145 144 46 10 43 111 151 151 73 144 145 120 145
split_gain=0.45811 0.594439 0.765064 0.427291 0.537275 0.444092 0.380402 0.629188 0.293165 0.297307 0.661239 0.27408 0.294868 0.35091
threshold=2.5000000000000004 2.5000000000000004 1.5000000000000002 1.0000000180025095e-35 1.0000000180025095e-35 1.0000000180025095e-35 1.0000000180025095e-35 1.5000000000000002 1.0000000180025095e-35 1.0000000180025095e-35 2.5000000000000004 1.0000000180025095e-35 1.0000000180025095e-35 1.5000000000000002
decision_type=2 2 2 2 2 2 2 2 2 2 2 2 2 2
left_child=1 2 -1 4 5 6 7 -4 -3 10 -10 -2 13 -13
right_child=11 8 3 -5 -6 -7 -8 -9 9 -11 -12 12 -14 -15
leaf_value=-0.0074708768519465979 -0.022784526731963434 0.013264088188351576 0.063121759935509933 -0.050304452899721401 -0.0480242321612687 -0.038203784634406095 -0.016836907230852578 -0.019219705752149638 -0.052012969100136808 -0.056919942780418668 0.054203282663280783 0.012796901296251818 -0.013880259381219173 -0.0032900376855074446
leaf_weight=8.1271186447702366 1.4602364972233797 2.7155845421366389 0.51902833586791497 1.9254327332600949 1.3716635671444235 0.96966781614173658 1.1202406515367329 0.41951305360998958 0.28758256416767825 0.3353622411377728 0.29873606105866202 5.4683027898427108 3.2359915710985652 8.9189786646165885
leaf_count=65 8 30 12 12 11 10 10 25 3 2 27 83 12 68
internal_value=-0.00737202 -0.013073 -0.0176199 -0.0306595 -0.0220632 -0.0103047 0.0028355 0.0263164 0.00499425 -0.0193715 0.00210543 -0.00196786 -0.000243022 0.00282427
internal_weight=37.1734 18.0899 14.4527 6.32555 4.40011 3.02845 2.05878 0.938541 3.63727 0.921681 0.586319 19.0835 17.6233 14.3873
internal_count=378 207 145 80 68 57 47 37 62 32 30 171 163 151
is_linear=0
shrinkage=0.05


Tree=251
num_leaves=15
num_cat=0
split_feature=145 132 65 110 44 74 144 73 126 110 46 144 65 73
split_gain=1.46384 0.737669 0.733865 0.555084 1.76383 0.41312 0.562068 0.218028 0.179869 0.189201 0.112355 0.129524 0.342978 0.359974
threshold=2.5000000000000004 1.0000000180025095e-35 1.0000000180025095e-35 1.0000000180025095e-35 1.0000000180025095e-35 1.0000000180025095e-35 2.5000000000000004 1.0000000180025095e-35 1.0000000180025095e-35 1.0000000180025095e-35 1.0000000180025095e-35 1.5000000000000002 1.0000000180025095e-35 1.0000000180025095e-35
decision_type=2 2 2 2 2 2 2 2 2 2 2 2 2 2
left_child=1 8 5 4 -3 6 -2 -8 9 10 11 12 13 -1
right_child=2 3 -4 -5 -6 -7 7 -9 -10 -11 -12 -13 -14 -15
leaf_value=0.0056439063761605131 -0.019836389702131346 0.077075790227998708 0.0911726051475341 -0.0028814091246301657 -0.015750337404424844 -0.016679081789973304 0.065613540728549496 0.025975838302879389 0.0032844087583044721 0.0058872169651223907 0.0029428885534804518 -0.0076818260078452332 -0.038003896095831165 -0.025373559756679293
leaf_weight=1.9834251445718225 0.37868630606681097 1.132388516023638 0.4763464072930218 1.7954719841945919 0.93371098567149591 0.51064701005816449 0.8143771610848487 0.60439996367495041 4.5896235294640055 2.3835981744341543 1.826350831252056 15.206995851389365 1.3971369080245493 1.7702831663191319
leaf_count=25 3 25 20 13 6 5 33 13 68 24 16 107 8 10
internal_value=-0.000145845 -0.00308176 0.0346692 0.017454 0.0351258 0.023008 0.0342829 0.0487279 -0.00580149 -0.00749887 -0.00893715 -0.0100029 -0.0168556 -0.00898421
internal_weight=35.8034 33.019 2.78446 3.86157 2.0661 2.30811 1.79746 1.41878 29.1574 24.5678 22.1842 20.3578 5.15085 3.75371
internal_count=376 302 74 44 31 54 49 46 258 190 166 150 43 35
is_linear=0
shrinkage=0.05


Tree=252
num_leaves=15
num_cat=0
split_feature=144 73 46 73 65 145 151 43 111 151 128 145 132 151
split_gain=0.611571 0.466464 0.228984 0.225791 0.487605 0.188027 0.128601 0.450374 0.188562 0.119765 0.109855 0.206947 0.196061 0.0875065
threshold=3.5000000000000004 1.0000000180025095e-35 1.0000000180025095e-35 1.0000000180025095e-35 1.0000000180025095e-35 1.0000000180025095e-35 1.0000000180025095e-35 1.0000000180025095e-35 1.0000000180025095e-35 1.0000000180025095e-35 1.0000000180025095e-35 1.0000000180025095e-35 1.0000000180025095e-35 2.5000000000000004
decision_type=2 2 2 2 2 2 2 2 2 2 2 2 2 2
left_child=2 -2 3 4 6 -5 7 -1 10 -6 12 -12 -8 -7
right_child=1 -3 -4 5 9 13 8 -9 -10 -11 11 -13 -14 -15
leaf_value=0.0226169607573188 0.048839282689895278 -0.0119085260452385 0.0034036537072271843 -0.032456782306092141 -0.033421151823376398 -0.022694127661933763 0.0081975630010523073 -0.017109748762006497 -0.019488977257007364 -0.013199267334693208 0.045412250846866981 -0.0012912633325815137 -0.020560253255684207 -0.012764728998711315
leaf_weight=1.9279322056099755 0.76349205327824055 0.53916676756489323 2.4931083600968114 1.4893241673707986 1.5619919002056115 2.5449630333314444 1.3485340735642239 1.1325024850666523 1.5644067497923968 1.3782585659610047 0.36394032463431381 0.68106458662077785 1.0574073828756809 17.317705391440541
leaf_count=22 46 9 17 7 13 20 23 6 13 22 5 24 6 131
internal_value=-0.00994066 0.0236959 -0.0111976 -0.0123222 -0.00650825 -0.0153218 -0.000160914 0.00791624 -0.0050897 -0.023942 0.00143788 0.014974 -0.00444145 -0.014037
internal_weight=36.1638 1.30266 34.8611 32.368 11.016 21.352 8.07579 3.06043 5.01535 2.94025 3.45095 1.045 2.40594 19.8627
internal_count=364 55 309 292 134 158 99 28 71 35 58 29 29 151
is_linear=0
shrinkage=0.05


Tree=253
num_leaves=15
num_cat=0
split_feature=145 73 120 132 153 128 10 145 46 158 153 145 98 148
split_gain=0.652552 0.987377 2.26136 0.294376 0.253373 0.510827 0.22769 0.17369 0.125894 0.201199 0.0772295 0.0593511 0.222695 0.0532361
threshold=1.5000000000000002 1.0000000180025095e-35 1.0000000180025095e-35 1.0000000180025095e-35 1.0000000180025095e-35 1.0000000180025095e-35 1.0000000180025095e-35 2.5000000000000004 1.0000000180025095e-35 1.0000000180025095e-35 1.0000000180025095e-35 1.0000000180025095e-35 1.0000000180025095e-35 1.0000000180025095e-35
decision_type=2 2 2 2 2 2 2 2 2 2 2 2 2 2
left_child=1 4 11 7 8 -6 -5 10 9 -1 -2 -3 -13 -11
right_child=3 2 -4 6 5 -7 -8 -9 -10 13 -12 12 -14 -15
leaf_value=-0.016843197982591745 -0.0096778341924763384 0.049134141723536529 -0.013279498487170941 -0.0074213793728418942 -0.046051766867737078 0.012312350347150596 -0.04248545629322583 0.010547384045519033 0.014916106221156734 0.011096242436741587 -0.00082503193295996508 0.059325738170617363 0.031707365428516217 -0.0038197692054329508
leaf_weight=1.5593949016183613 3.308673216029999 1.0450134277343748 3.1764433979988098 1.1714132255001466 0.88362840423360445 0.65119378117378801 0.7655419073998927 2.8500917097026113 1.3548358008265493 1.6971465684473526 9.6448592413653387 0.86878391145728517 4.5652650245465338 0.92380662029609073
leaf_count=11 28 7 11 23 10 18 6 53 7 16 72 10 69 12
internal_value=0.00379779 0.0108834 0.0212788 -0.00288237 -0.00331372 -0.0212891 -0.0212797 -0.00062752 0.00167057 -0.00262226 -0.00308627 0.0382215 0.0361229 0.0058388
internal_weight=34.4661 16.7255 9.65551 17.7406 7.07001 1.53482 1.93696 15.8036 5.53518 4.18035 12.9535 6.47906 5.43405 2.62095
internal_count=353 171 97 182 74 28 29 153 46 39 100 86 79 28
is_linear=0
shrinkage=0.05


Tree=254
num_leaves=15
num_cat=0
split_feature=126 114 144 56 144 46 44 152 111 99 149 144 99 145
split_gain=4.99148 2.25464 0.986496 0.374556 0.344477 0.774685 0.272902 0.583396 0.220617 0.558728 0.121253 0.495829 1.02708 0.334837
threshold=1.0000000180025095e-35 1.0000000180025095e-35 1.0000000180025095e-35 1.0000000180025095e-35 3.5000000000000004 1.0000000180025095e-35 1.0000000180025095e-35 1.0000000180025095e-35 1.0000000180025095e-35 1.0000000180025095e-35 1.0000000180025095e-35 1.5000000000000002 1.0000000180025095e-35 1.0000000180025095e-35
decision_type=2 2 2 2 2 2 2 2 2 2 2 2 2 2
left_child=1 2 -1 4 6 -6 8 -8 10 -10 11 12 -4 -12
right_child=-2 -3 3 -5 5 -7 7 -9 9 -11 13 -13 -14 -15
leaf_value=0.031437807928322174 0.060182320839255156 0.024904968595890531 0.043263507710011861 0.019038999473008501 0.056316724531777274 -0.035693052343886748 0.047440404569133572 -0.023515180051603926 -0.036652544154066442 0.00062971290528094801 -0.039566431817615939 -0.01781995152127188 -0.021061736973343778 -0.01054219387472966
leaf_weight=1.5301529266871572 4.0378147969022384 7.279927220195531 1.2290247641503811 1.0381263804301841 0.54536741958508983 0.39407349185785279 0.55064230784773716 0.61127230484271422 3.04769317060709 1.499304849654435 1.2534078173339365 3.8871645277831703 1.2534357975237196 4.7956100194351166
leaf_count=14 67 41 17 11 44 5 11 14 19 10 7 36 12 55
internal_value=0.00810759 0.000835707 -0.00726322 -0.0102087 -0.0118011 0.0177208 -0.013331 0.0101113 -0.0149365 -0.0243593 -0.0114864 -0.00667177 0.0107846 -0.0165563
internal_weight=32.953 28.9152 21.6353 20.1051 19.067 0.939441 18.1276 1.16191 16.9656 4.547 12.4186 6.36963 2.48246 6.04902
internal_count=363 296 255 241 230 49 181 25 156 29 127 65 29 62
is_linear=0
shrinkage=0.05


Tree=255
num_leaves=15
num_cat=0
split_feature=145 65 151 111 37 145 152 46 122 149 122 126 120 98
split_gain=1.33513 0.550785 0.896325 0.574266 0.222282 0.522771 0.179366 0.193967 0.178402 0.161189 0.128739 0.034168 0.065414 0.126839
threshold=1.5000000000000002 1.0000000180025095e-35 1.0000000180025095e-35 1.0000000180025095e-35 1.0000000180025095e-35 2.5000000000000004 1.0000000180025095e-35 1.0000000180025095e-35 1.0000000180025095e-35 1.0000000180025095e-35 1.0000000180025095e-35 1.0000000180025095e-35 1.0000000180025095e-35 1.0000000180025095e-35
decision_type=2 2 2 2 2 2 2 2 2 2 2 2 2 2
left_child=6 3 -3 -2 5 -5 7 9 -7 -1 -4 12 13 -8
right_child=1 2 10 4 -6 8 11 -9 -10 -11 -12 -13 -14 -15
leaf_value=-0.0054692482727632724 0.012768840160546319 0.082971470691368066 0.016855452080113843 -0.043536059123523749 0.011161678312203181 0.018309106432518384 -0.01891448565199743 0.010231427298517125 -0.010018235162106048 -0.024831926203330239 -0.038749932642438499 -0.018584404601916554 -0.018414855147019609 0.00053328862506093154
leaf_weight=5.1664802408777177 9.7676385241429617 0.59823125600814886 0.19730087630705384 1.0660352730192255 1.1709993444383142 0.75700418113410739 1.5343004667665809 1.5399240070255471 2.0912870625033975 1.3571895472705362 0.22033846934209578 4.9781391881406307 3.0160903632640839 1.8484877463197336
leaf_count=53 96 8 15 11 9 19 28 9 17 7 10 59 10 17
internal_value=-0.0026503 0.00811108 0.0437296 0.00567495 -0.00795064 -0.0136682 -0.0114345 -0.0057298 -0.00248954 -0.00949748 -0.0124809 -0.0154778 -0.013061 -0.00828746
internal_weight=35.3094 15.8688 1.01587 14.853 5.08533 3.91433 19.4406 8.06359 2.84829 6.52367 0.417639 11.377 6.39888 3.38279
internal_count=368 185 33 152 56 47 183 69 36 60 25 114 55 45
is_linear=0
shrinkage=0.05


Tree=256
num_leaves=15
num_cat=0
split_feature=126 10 144 56 111 46 45 145 65 122 43 44 73 151
split_gain=0.610528 1.04244 4.38472 0.389268 0.386851 0.349646 0.275174 1.44692 0.16728 0.189225 0.183819 0.229512 0.352432 0.154886
threshold=1.0000000180025095e-35 1.0000000180025095e-35 2.5000000000000004 1.0000000180025095e-35 1.0000000180025095e-35 1.0000000180025095e-35 1.0000000180025095e-35 1.5000000000000002 1.0000000180025095e-35 1.0000000180025095e-35 1.0000000180025095e-35 1.0000000180025095e-35 1.0000000180025095e-35 1.0000000180025095e-35
decision_type=2 2 2 2 2 2 2 2 2 2 2 2 2 2
left_child=1 3 -3 4 5 6 8 -8 10 -10 11 12 -1 -6
right_child=-2 2 -4 -5 13 -7 7 -9 9 -11 -12 -13 -14 -15
leaf_value=0.018665125391631572 -0.020460008195971026 0.051594792804971104 -0.0090428396147201415 0.018286011508544947 -0.030594260568377579 0.013456170831571058 0.094170888258289467 -0.044499336113749483 -0.037927625603053614 -0.0026070130972474523 -0.030274807214434436 -0.02106379606975689 -0.013789627933675852 -0.0085048330117446676
leaf_weight=1.5598571405280346 4.8783402310218653 4.1648536333814254 10.490336991657387 1.103827746788739 3.2236075531691304 1.6993060605600483 0.3395787295885383 0.42173614780767821 1.2767418012608684 0.53939513405930473 0.95519819844048459 1.7503238025383323 1.8037764503387734 1.0527150101042932
leaf_count=31 67 35 53 10 24 15 10 24 22 13 6 24 13 25
internal_value=-0.00404085 -0.00140442 0.00818975 -0.0103453 -0.0125066 -0.00727802 -0.0113529 0.0173535 -0.0141244 -0.0274374 -0.0101407 -0.00637998 0.00126099 -0.0251564
internal_weight=35.2596 30.3813 14.6552 15.7261 14.6222 10.3459 8.64661 0.761315 7.88529 1.81614 6.06916 5.11396 3.36363 4.27632
internal_count=372 305 88 217 207 158 143 34 109 35 74 68 44 49
is_linear=0
shrinkage=0.05


Tree=257
num_leaves=15
num_cat=0
split_feature=40 114 43 65 145 111 122 144 120 122 145 73 73 65
split_gain=1.68901 1.18012 0.269127 0.557109 0.132535 0.32366 0.1864 0.501914 0.0918404 0.0820407 0.0783418 0.310205 0.0959606 0.169201
threshold=1.0000000180025095e-35 1.0000000180025095e-35 1.0000000180025095e-35 1.0000000180025095e-35 2.5000000000000004 1.0000000180025095e-35 1.0000000180025095e-35 2.5000000000000004 1.0000000180025095e-35 1.0000000180025095e-35 1.0000000180025095e-35 1.0000000180025095e-35 1.0000000180025095e-35 1.0000000180025095e-35
decision_type=2 2 2 2 2 2 2 2 2 2 2 2 2 2
left_child=1 2 4 -4 5 8 7 -6 9 10 11 -1 13 -12
right_child=-2 -3 3 -5 6 -7 -8 -9 -10 -11 12 -13 -14 -15
leaf_value=0.0044540650415628913 0.06046034649562481 0.012971986800543274 -0.050957053879609963 0.0030452581986857782 -0.020960991812537105 -0.025406143680673166 -0.0046661641893608772 0.055184450151978953 -0.013735234169761329 -0.011154389245992652 -0.012538000576793606 -0.024985666840108844 0.0045421743904258908 0.011351242676838381
leaf_weight=2.0022291522473212 1.0839585635840183 8.8043809998780471 1.0399833188857872 0.88316464491799695 0.38086994737386648 2.4141719652106977 2.3400124893523753 0.50119086873382912 3.1793091893196097 3.5284583173925048 2.7205972789088264 1.6177658736705782 5.0392977736628382 1.018753824522719
leaf_count=16 18 45 8 16 2 18 26 30 11 30 47 8 86 7
internal_value=-0.00102106 -0.00289991 -0.00814042 -0.0261576 -0.00674001 -0.00815598 0.0027174 0.0223052 -0.00597635 -0.00442755 -0.0025132 -0.00870247 3.90312e-05 -0.00602958
internal_weight=36.5541 35.4702 26.6658 1.92315 24.7427 21.5206 3.22207 0.882061 19.1064 15.9271 12.3986 3.62 8.77865 3.73935
internal_count=368 350 305 24 281 223 58 32 205 194 164 24 140 54
is_linear=0
shrinkage=0.05


Tree=258
num_leaves=15
num_cat=0
split_feature=43 149 144 56 110 145 151 151 122 144 144 148 111 145
split_gain=1.61503 0.745628 2.33249 0.242144 0.294861 0.469594 0.15326 0.263174 0.254513 0.254019 0.15151 0.132843 0.278504 0.171087
threshold=1.0000000180025095e-35 1.0000000180025095e-35 1.5000000000000002 1.0000000180025095e-35 1.0000000180025095e-35 2.5000000000000004 1.5000000000000002 1.0000000180025095e-35 1.0000000180025095e-35 1.5000000000000002 2.5000000000000004 1.0000000180025095e-35 1.0000000180025095e-35 1.5000000000000002
decision_type=2 2 2 2 2 2 2 2 2 2 2 2 2 2
left_child=1 3 -3 4 6 -6 7 9 -8 -1 -2 13 -13 -4
right_child=10 2 11 -5 5 -7 8 -9 -10 -11 -12 12 -14 -15
leaf_value=0.01899785349137157 0.040592846058220167 0.063393876798893301 0.00087365730745513244 -0.039004677749599898 -0.036550751204558675 -0.0063661948430524156 0.037023577468511017 -0.020262375639043019 -0.020075226222212798 -0.014663706107060807 0.076787062949247142 0.039481321493880853 -0.0051803998196408522 -0.0095369911158523484
leaf_weight=1.275879464112226 0.82540176028851309 1.4221120057627583 7.5476563482079646 0.91979677113704461 2.4558194817509502 2.7108749463222921 0.52410895691718895 2.1236515985801816 0.31095132976770401 0.99949772469699372 0.44502985744657053 0.54613986516051294 0.96730525624298025 8.2710611822985811
leaf_count=14 12 15 81 7 16 29 26 18 2 9 17 21 8 72
internal_value=-0.00194883 -0.00428147 0.00183518 -0.0144146 -0.01224 -0.0207134 -0.00387567 -0.0076034 0.0157617 0.00421145 0.0532716 -0.00321574 0.0109362 -0.00456971
internal_weight=31.3453 30.0749 18.7543 11.3206 10.4008 5.16669 5.23409 4.39903 0.83506 2.27538 1.27043 17.3322 1.51345 15.8187
internal_count=347 318 197 121 114 45 69 41 28 23 29 182 29 153
is_linear=0
shrinkage=0.05


Tree=259
num_leaves=15
num_cat=0
split_feature=144 73 144 46 122 137 73 145 148 151 46 144 151 144
split_gain=0.784795 0.352128 0.330763 0.310848 0.145714 0.49859 0.0905259 0.0826619 0.0784462 0.0610918 0.0590946 0.108938 0.0201776 0.019367
threshold=1.5000000000000002 1.0000000180025095e-35 3.5000000000000004 1.0000000180025095e-35 1.0000000180025095e-35 1.0000000180025095e-35 1.0000000180025095e-35 1.5000000000000002 1.0000000180025095e-35 2.5000000000000004 1.0000000180025095e-35 2.5000000000000004 1.0000000180025095e-35 2.5000000000000004
decision_type=2 2 2 2 2 2 2 2 2 2 2 2 2 2
left_child=6 2 4 -4 5 -2 8 -7 12 13 11 -6 -1 -3
right_child=1 9 3 -5 10 7 -8 -9 -10 -11 -12 -13 -14 -15
leaf_value=-0.011918974825149031 -0.033363197111696628 -0.0095235371436267757 0.059062710042336979 -0.0012466212740799127 -0.017295130702730734 -0.015810332081614763 -0.023471506916517032 0.0093738849473052315 0.00011659001717206089 0.0064336590773283152 0.0061158081061914414 0.002714466510926686 -0.018329291800789346 0.0011242578440738185
leaf_weight=2.4551619626581651 2.1233204160816985 0.74592107092030413 0.34437023805367051 0.56289547914639115 1.3798333138693124 0.43814561818726394 2.7555375685915351 1.2710378068331918 1.0196259273216126 15.722627879411448 1.1431946456432345 1.3415423030382954 2.4551729820668697 0.99899885125341825
leaf_count=20 19 7 35 9 12 14 23 28 11 133 7 15 25 15
internal_value=-0.00296616 0.0013703 -0.00690895 0.021645 -0.0102746 -0.0171829 -0.0159832 0.00291796 -0.0125036 0.00544858 -0.00342374 -0.0074311 -0.0151241 -0.00342748
internal_weight=34.7574 26.0719 8.60434 0.907266 7.69707 3.8325 8.6855 1.70918 5.92996 17.4675 3.86457 2.72138 4.91033 1.74492
internal_count=373 294 139 44 95 61 79 42 56 155 34 27 45 22
is_linear=0
shrinkage=0.05


Tree=260
num_leaves=15
num_cat=0
split_feature=43 120 144 122 151 158 98 144 111 111 151 46 147 128
split_gain=1.86598 1.97777 0.55131 0.396383 0.4356 0.496488 0.33995 1.27075 0.318259 0.131256 0.120548 0.242001 0.103864 0.607026
threshold=1.0000000180025095e-35 1.0000000180025095e-35 1.5000000000000002 1.0000000180025095e-35 1.0000000180025095e-35 1.0000000180025095e-35 1.0000000180025095e-35 1.0000000180025095e-35 1.0000000180025095e-35 1.0000000180025095e-35 1.5000000000000002 1.0000000180025095e-35 1.0000000180025095e-35 1.0000000180025095e-35
decision_type=2 2 2 2 2 2 2 2 2 2 2 2 2 2
left_child=1 3 -2 4 5 -1 7 -6 10 -7 11 -5 -9 -14
right_child=2 -3 -4 8 6 9 -8 12 -10 -11 -12 -13 13 -15
leaf_value=-0.0083587772529270712 0.015769810498876359 0.046069590847312325 0.089267799645991588 0.01505334186144525 0.063457676713085095 0.042169192171511022 -0.0007318004873597783 -0.024892651703005478 -0.029896102166810906 0.018049139317749114 -0.022489045793643105 -0.017436841619711419 -0.049166950952673816 0.033301174251319093
leaf_weight=1.5164895951747897 0.38853397406637558 2.0719803795218459 0.74317398019229586 1.2359639403875913 0.47621271992102521 0.99558975873515643 16.192178489422076 4.4596952934916771 2.4612047895789146 1.3012030627578497 0.80489826900884498 1.068698569200933 0.42848610141663801 0.46561099619066226
leaf_count=9 7 11 22 18 6 12 131 55 19 14 12 9 9 45
internal_value=0.000889914 -0.00124465 0.0640347 -0.00436614 -0.00175777 0.0138445 -0.0044594 -0.0148124 -0.0164629 0.0285044 -0.00583064 -1.27307e-05 -0.0217744 -0.00622076
internal_weight=34.6099 33.4782 1.13171 31.4062 25.8355 3.81328 22.0222 5.83001 5.57077 2.29679 3.10956 2.30466 5.35379 0.894097
internal_count=379 350 29 339 281 35 246 115 58 26 39 27 109 54
is_linear=0
shrinkage=0.05


Tree=261
num_leaves=15
num_cat=0
split_feature=148 73 145 65 151 39 145 122 144 144 122 149 126 145
split_gain=0.563406 1.46149 0.55666 1.29743 0.144867 0.160464 0.141848 0.273325 0.196408 0.0861454 0.0537544 0.0883225 0.0703849 0.139727
threshold=1.0000000180025095e-35 1.0000000180025095e-35 2.5000000000000004 1.0000000180025095e-35 1.5000000000000002 1.0000000180025095e-35 1.5000000000000002 1.0000000180025095e-35 1.0000000180025095e-35 3.5000000000000004 1.0000000180025095e-35 1.0000000180025095e-35 1.0000000180025095e-35 1.0000000180025095e-35
decision_type=2 2 2 2 2 2 2 2 2 2 2 2 2 2
left_child=2 4 6 9 -2 -6 8 -8 -1 -4 11 -10 13 -13
right_child=1 -3 3 -5 5 -7 7 -9 10 -11 -12 12 -14 -15
leaf_value=0.0031571430857954236 -0.0092557975975123049 0.07876645823497215 -0.013534536632087783 0.092665450621287171 0.028720341009601077 -0.0027289321085447911 -0.0025361050172237349 -0.023669300740334468 -0.024134491362605589 0.009023877603787327 -0.0069555809179415607 -0.023365787541757915 -0.018436520039228441 -0.0056125603300354746
leaf_weight=1.6394478590227741 2.346415863139554 0.66526594012975682 0.96461691684089534 0.43909358935252374 0.67994735692627695 1.0052374260558281 9.2960925918450776 1.831416919303593 2.7508930659387234 0.75402365031186491 1.8050992507487542 1.5056778509169815 4.9708718806505203 4.1997112964163534
leaf_count=12 24 5 16 15 25 14 71 21 32 20 11 9 58 36
internal_value=-0.00600187 0.0101063 -0.00851067 0.01596 -0.00122355 0.00996039 -0.0103965 -0.0060143 -0.0132867 -0.00363742 -0.0150565 -0.0161456 -0.0140871 -0.0102977
internal_weight=34.8538 4.69687 30.1569 2.15773 4.0316 1.68518 27.9992 11.1275 16.8717 1.71864 15.2323 13.4272 10.6763 5.70539
internal_count=369 68 301 51 63 39 250 92 158 36 146 135 103 45
is_linear=0
shrinkage=0.05


Tree=262
num_leaves=15
num_cat=0
split_feature=145 148 144 110 145 145 144 126 73 46 151 99 65 122
split_gain=0.371509 0.241289 0.214933 0.236131 0.243058 0.171429 0.189686 0.182441 0.215476 0.454943 0.166225 0.0954465 0.284707 0.085804
threshold=1.5000000000000002 1.0000000180025095e-35 2.5000000000000004 1.0000000180025095e-35 3.5000000000000004 1.0000000180025095e-35 1.0000000180025095e-35 1.0000000180025095e-35 1.0000000180025095e-35 1.0000000180025095e-35 1.5000000000000002 1.0000000180025095e-35 1.0000000180025095e-35 1.0000000180025095e-35
decision_type=2 2 2 2 2 2 2 2 2 2 2 2 2 2
left_child=1 5 -2 -4 13 6 -1 8 9 11 -3 -7 -13 -5
right_child=2 10 3 4 -6 7 -8 -9 -10 -11 -12 12 -14 -15
leaf_value=-0.0051808329743853821 0.012637652592114865 -0.039446749037925867 0.0017928547286395324 -0.0074425913092004276 0.013281050204396192 0.011212761777219327 -0.027861788707091689 -0.01308984050810124 0.0070864022910789946 -0.03208492525418289 -0.01407563764445104 0.016809093885517053 -0.027881829638379169 -0.021980112711217317
leaf_weight=1.6439838632941293 2.623163330601531 1.1019204370677462 9.3802118797620988 1.6547414206870588 0.82492389925027954 1.4894875385798538 2.0985630229115486 5.2930283425375828 4.0359302673023194 1.4279136744444256 1.5589441169286147 0.67258626036345537 0.75798685103654861 2.625388078391552
leaf_count=11 33 10 94 33 15 15 15 63 29 8 19 19 3 15
internal_value=-0.00594593 -0.0105588 -0.000531788 -0.00291667 -0.0115701 -0.00841663 -0.0178988 -0.00582195 -0.00123349 -0.00895629 -0.0245824 0.00235364 -0.00687032 -0.0163598
internal_weight=37.1888 20.0803 17.1084 14.4853 5.10505 17.4195 3.74255 13.6769 8.3839 4.34797 2.66086 2.92006 1.43057 4.28013
internal_count=382 192 190 157 63 163 26 137 74 45 29 37 22 48
is_linear=0
shrinkage=0.05


Tree=263
num_leaves=15
num_cat=0
split_feature=43 110 126 46 37 145 145 132 44 111 144 99 111 151
split_gain=0.343352 0.319328 0.257341 0.261656 0.296883 0.253252 0.13768 0.173413 0.285962 0.179725 0.129122 0.606924 0.0889367 0.15024
threshold=1.0000000180025095e-35 1.0000000180025095e-35 1.0000000180025095e-35 1.0000000180025095e-35 1.0000000180025095e-35 1.5000000000000002 1.0000000180025095e-35 1.0000000180025095e-35 1.0000000180025095e-35 1.0000000180025095e-35 1.5000000000000002 1.0000000180025095e-35 1.0000000180025095e-35 2.5000000000000004
decision_type=2 2 2 2 2 2 2 2 2 2 2 2 2 2
left_child=2 -2 3 4 6 -5 -1 10 9 -9 11 -8 13 -12
right_child=1 -3 -4 5 -6 -7 7 8 -10 -11 12 -13 -14 -15
leaf_value=-0.017964953574437132 -0.0078212661779379251 -0.045141314764002141 0.006936333015739502 0.020945854031823433 0.016816862598816377 -0.0089880811488439235 0.035612968127337032 -0.016579948745584241 0.0075456244514149383 -0.045523638001504232 -0.022207459921378684 -0.017839838123491027 0.0020690543155177394 -0.0061407906955588225
leaf_weight=3.0818337164819338 1.3700144377799 0.98548611626029003 4.8851808886975041 1.7412897744216018 1.2593786567449559 1.1891064781229941 0.97873357124626648 1.6179837887539177 0.84940103805274692 0.80228627665201191 1.62528027487133 1.1609776546247366 2.6615707941527935 13.890682803175878
leaf_count=22 19 10 70 11 16 16 10 23 9 9 39 14 38 83
internal_value=-0.00494497 -0.0234351 -0.00372647 -0.00541449 -0.00690588 0.00879916 -0.00802614 -0.00672755 -0.0174145 -0.0261744 -0.00500768 0.00661022 -0.00637524 -0.00782376
internal_weight=38.0992 2.3555 35.7437 30.8585 27.9281 2.9304 26.6687 23.5869 3.26967 2.42027 20.3172 2.13971 18.1775 15.516
internal_count=389 29 360 290 263 27 247 225 41 32 184 24 160 122
is_linear=0
shrinkage=0.05


Tree=264
num_leaves=15
num_cat=0
split_feature=126 147 151 146 144 145 122 144 12 114 40 144 44 151
split_gain=1.90913 0.208106 0.636345 0.224541 0.170803 0.643608 0.161222 0.155118 0.0504939 0.135147 0.0880709 0.0323775 0.0461803 0.075959
threshold=1.0000000180025095e-35 1.0000000180025095e-35 1.5000000000000002 1.0000000180025095e-35 3.5000000000000004 3.5000000000000004 1.0000000180025095e-35 1.5000000000000002 1.0000000180025095e-35 1.0000000180025095e-35 1.0000000180025095e-35 1.5000000000000002 1.0000000180025095e-35 1.0000000180025095e-35
decision_type=2 2 2 2 2 2 2 2 2 2 2 2 2 2
left_child=1 4 -3 -4 6 -6 8 -5 10 -10 11 12 13 -1
right_child=-2 2 3 7 5 -7 -8 -9 9 -11 -12 -13 -14 -15
leaf_value=-0.0030467140886817549 0.030536386175570293 -0.025448079731635338 0.069974573004104187 -0.050882565191845169 -0.011279369487092381 0.059791312886024052 -0.013477048940905539 0.051043209978911576 -0.011548397194570131 -0.0020112563154981197 -0.012041684955295194 0.0059712548869036057 -0.0070406669374172524 0.012179478315651835
leaf_weight=2.3572724852711002 4.4037614224944255 0.48193993978202232 0.44030819007366517 0.076224572956562042 0.99581823198241071 0.46838257093622815 5.8675442060921332 0.073150543605152052 6.43783811549656 8.7814292348921299 1.6156802428886292 2.1701955954886216 2.1282104980200529 1.2552825990132985
leaf_count=20 68 8 20 2 26 11 48 42 33 40 11 31 16 17
internal_value=-0.000394385 -0.00450343 0.0171714 0.0520037 -0.00522752 0.0114554 -0.00602544 -0.000968456 -0.00425858 -0.00604552 -0.00140385 0.000768746 -0.00119797 0.00224405
internal_weight=37.553 33.1493 1.07162 0.589683 32.0777 1.4642 30.6135 0.149375 24.7459 15.2193 9.52664 7.91096 5.74077 3.61256
internal_count=393 325 72 64 253 37 216 44 168 73 95 84 53 37
is_linear=0
shrinkage=0.05


Tree=265
num_leaves=15
num_cat=0
split_feature=40 37 122 39 151 151 152 145 111 144 151 145 145 46
split_gain=1.4096 0.389976 0.283301 0.371561 0.317307 0.293038 0.290392 0.257135 0.244888 0.267428 0.527879 0.250974 0.19756 0.139361
threshold=1.0000000180025095e-35 1.0000000180025095e-35 1.0000000180025095e-35 1.0000000180025095e-35 1.5000000000000002 2.5000000000000004 1.0000000180025095e-35 1.5000000000000002 1.0000000180025095e-35 2.5000000000000004 1.5000000000000002 1.5000000000000002 1.0000000180025095e-35 1.0000000180025095e-35
decision_type=2 2 2 2 2 2 2 2 2 2 2 2 2 2
left_child=1 2 3 4 7 6 -6 12 9 11 -11 -4 -1 -9
right_child=-2 -3 8 -5 5 -7 -8 13 -10 10 -12 -13 -14 -15
leaf_value=0.0024992394495726381 0.04704066026991939 0.01708025589435969 -0.0082498898549038437 -0.012213105987616581 0.060907722845866624 -0.024135896100625151 0.0073768627144175829 0.025955253598184232 -0.033013478395636169 0.054607905576784556 -0.024042174213413911 -0.035888415409934371 -0.017548522922068231 -0.0061321047383747114
leaf_weight=2.1043372061103609 1.1217031332416798 1.2945605978602532 2.0621110070496789 20.547518498264253 0.53401823039166607 0.25824424561869808 0.48202955894339539 0.94926710575236917 2.3770864559337497 0.39317666029091913 0.46643299649440451 1.3651161699090155 2.9538336433470249 0.52582762110978365
leaf_count=14 22 15 13 135 13 33 25 22 17 14 14 13 23 5
internal_value=-0.00816366 -0.00986889 -0.0108651 -0.00868495 0.000600266 0.0234238 0.0355118 -0.00385139 -0.0201418 -0.0130044 0.0119316 -0.0192587 -0.00920811 0.0145171
internal_weight=37.4353 36.3136 35.019 28.3551 7.80756 1.27429 1.01605 6.53327 6.66392 4.28684 0.85961 3.42723 5.05817 1.47509
internal_count=378 356 341 270 135 71 38 64 71 54 28 26 37 27
is_linear=0
shrinkage=0.05


Tree=266
num_leaves=15
num_cat=0
split_feature=40 73 65 145 148 120 145 44 44 5 74 122 12 144
split_gain=0.838093 0.790016 0.453713 0.520781 0.38564 0.37522 0.225706 0.22251 0.216529 0.390301 0.116009 0.218541 0.715787 0.375579
threshold=1.0000000180025095e-35 1.0000000180025095e-35 1.0000000180025095e-35 1.5000000000000002 1.0000000180025095e-35 1.0000000180025095e-35 2.5000000000000004 1.0000000180025095e-35 1.0000000180025095e-35 1.0000000180025095e-35 1.0000000180025095e-35 1.0000000180025095e-35 1.0000000180025095e-35 1.5000000000000002
decision_type=2 2 2 2 2 2 2 2 2 2 2 2 2 2
left_child=2 -2 4 -4 5 7 -5 10 9 -6 11 12 13 -1
right_child=1 -3 3 6 8 -7 -8 -9 -10 -11 -12 -13 -14 -15
leaf_value=0.00061512861019854962 -0.0057522764624756157 0.08150048010806063 -0.040430181368366541 0.023878606243501532 0.048068571288909734 0.011663348103219028 -0.015518380312563015 0.012926470122119725 -0.0046218035540745925 0.0032549753914990483 0.0032070083499474442 -0.020419831649406653 -0.011865620525096059 0.038970289658797674
leaf_weight=1.5541194994002769 0.50109224780317052 0.53792723268270493 1.9506914690136903 0.55245266229030665 0.84857586475118196 2.6831680387258521 1.0631626061549466 1.2066018347541092 1.1818434189481195 1.136729734367691 1.7751954431878392 4.144795551954302 15.097809965256602 1.083044018690998
leaf_count=23 19 4 15 13 16 11 16 26 11 13 18 39 108 40
internal_value=-0.00481976 0.0394207 -0.00616075 -0.0230416 -0.00420052 -0.00610039 -0.00204675 -0.00801752 0.0123226 0.0224096 -0.00908584 -0.0100832 -0.00766747 0.016367
internal_weight=35.3172 1.03902 34.2782 3.56631 30.7119 27.5447 1.61562 24.8616 3.16715 1.98531 23.655 21.8798 17.735 2.63716
internal_count=372 23 349 44 305 265 29 254 40 29 228 210 171 63
is_linear=0
shrinkage=0.05


Tree=267
num_leaves=15
num_cat=0
split_feature=126 120 144 73 148 74 5 44 158 65 110 122 144 144
split_gain=1.07212 1.25654 0.426315 0.792614 0.216154 0.195923 0.193922 0.191931 0.337082 0.187393 0.999994 0.640104 0.508611 0.189245
threshold=1.0000000180025095e-35 1.0000000180025095e-35 1.5000000000000002 1.0000000180025095e-35 1.0000000180025095e-35 1.0000000180025095e-35 1.0000000180025095e-35 1.0000000180025095e-35 1.0000000180025095e-35 1.0000000180025095e-35 1.0000000180025095e-35 1.0000000180025095e-35 2.5000000000000004 3.5000000000000004
decision_type=2 2 2 2 2 2 2 2 2 2 2 2 2 2
left_child=1 2 3 7 5 9 -6 8 -1 11 -11 -4 -13 -14
right_child=-2 -3 4 -5 6 -7 -8 -9 -10 10 -12 12 13 -15
leaf_value=0.025665315506665683 0.02774487346874226 0.039366555510695941 0.002457947375682517 -0.034887525933758309 0.030171568144201882 0.018111492736528716 0.00094701082820560986 -0.01314494955008913 -0.0056765516460429268 0.071031040423257794 -0.01034363472486108 -0.04203811623195599 0.011021884745555287 -0.020359499731244304
leaf_weight=1.3061207011342051 4.0123495147563508 1.9226459003984917 10.699421397919656 2.5760011891834438 1.1844170571312125 1.3452594991540525 1.0900502081494778 2.3286372981965542 2.4997595800086909 0.53225376336649843 1.298789572174428 1.6772409584373247 0.98003345297183819 0.94238130014855415
leaf_count=12 61 10 100 14 29 14 11 20 26 20 13 8 15 12
internal_value=0.00345317 0.000245228 -0.00239762 -0.0116122 0.00166639 -0.000220713 0.0161655 -0.00183842 0.0050795 -0.00174963 0.0133106 -0.00367814 -0.0219167 -0.00436149
internal_weight=34.3954 30.383 28.4604 8.71052 19.7498 17.4754 2.27447 6.13452 3.80588 16.1301 1.83104 14.2991 3.59966 1.92241
internal_count=365 304 294 72 222 182 40 58 38 168 33 135 35 27
is_linear=0
shrinkage=0.05


Tree=268
num_leaves=15
num_cat=0
split_feature=40 126 132 99 137 145 43 65 144 145 145 73 46 73
split_gain=0.838105 0.89081 0.300331 0.525022 0.336119 0.192752 0.209382 0.194916 0.153934 0.096246 0.0730203 0.300142 0.077965 0.120967
threshold=1.0000000180025095e-35 1.0000000180025095e-35 1.0000000180025095e-35 1.0000000180025095e-35 1.0000000180025095e-35 2.5000000000000004 1.0000000180025095e-35 1.0000000180025095e-35 3.5000000000000004 3.5000000000000004 1.0000000180025095e-35 1.0000000180025095e-35 1.0000000180025095e-35 1.0000000180025095e-35
decision_type=2 2 2 2 2 2 2 2 2 2 2 2 2 2
left_child=1 2 5 -4 -5 6 7 10 -7 -10 11 -1 13 -12
right_child=-2 -3 3 4 -6 8 -8 -9 9 -11 12 -13 -14 -15
leaf_value=0.011261682792983485 -0.046784795559294261 -0.022965105478405266 0.011951014544195431 -0.059288778394023328 -0.014244514134225929 0.025489383285408226 -0.019642535149076119 -0.01153148778714231 -0.016059902499741482 0.012328430012219924 0.016310677995435546 -0.018389642745683756 -0.0052956869718190185 0.0040310442142058927
leaf_weight=1.7585368603468092 1.1232536426432478 4.7272641677409402 1.1049238257110119 0.68809346528723736 1.0402434101342806 1.4995715871264104 1.201625092231551 2.4318222745787343 0.47172444360330679 0.81337812581114122 2.4231999837647864 1.6582074612379074 1.664758829225321 11.636770518613048
leaf_count=13 19 64 11 4 22 24 14 18 18 15 45 8 16 81
internal_value=-0.00430934 -0.0028688 0.000477128 -0.0149683 -0.0321777 0.00218924 0.000670961 0.00180242 0.0146067 0.00190788 0.00349642 -0.00312864 0.00493594 0.00614741
internal_weight=34.2434 33.1201 28.3929 2.83326 1.72834 25.5596 22.7749 21.5733 2.78467 1.2851 19.1415 3.41674 15.7247 14.06
internal_count=372 353 289 37 26 252 195 181 57 33 163 21 142 126
is_linear=0
shrinkage=0.05


Tree=269
num_leaves=15
num_cat=0
split_feature=110 111 144 137 114 44 151 122 65 158 151 39 151 158
split_gain=0.712486 0.360303 0.35543 0.307738 0.294453 0.242921 0.311686 0.38533 0.574437 0.204274 0.162987 0.0538038 0.185575 0.119365
threshold=1.0000000180025095e-35 1.0000000180025095e-35 2.5000000000000004 1.0000000180025095e-35 1.0000000180025095e-35 1.0000000180025095e-35 1.0000000180025095e-35 1.0000000180025095e-35 1.0000000180025095e-35 1.0000000180025095e-35 1.5000000000000002 1.0000000180025095e-35 1.5000000000000002 1.0000000180025095e-35
decision_type=2 2 2 2 2 2 2 2 2 2 2 2 2 2
left_child=3 -2 -3 5 11 6 9 8 -8 -1 -4 12 -5 -14
right_child=1 2 10 4 -6 -7 7 -9 -10 -11 -12 -13 13 -15
leaf_value=-0.018301177371853036 -0.041037649645551844 0.0052427298131615084 -0.017081741666801969 -0.047645627569977894 -0.00087623430662040792 -0.015489901683905016 0.067495581729049112 -0.0094447661061768107 0.0068124975965699643 0.0070330912070963357 -0.039015741690537675 -0.011919930246575349 -0.029046709449918853 0.013385855326000107
leaf_weight=1.1081798076629641 1.8456910820677865 1.5043640993535516 3.1433551634545438 0.46507714159088098 8.782887464389205 1.2985884286463258 0.77027199603617214 0.63437008985783894 0.78991318494081497 2.8215939882211414 1.1593197815964229 10.253069513673836 0.31165080145001411 0.35398899000483652
leaf_count=6 17 14 35 9 42 7 20 13 3 29 19 87 5 63
internal_value=-0.00829508 -0.0217937 -0.0156773 -0.00455086 -0.00775461 0.00415312 0.00831818 0.0234124 0.0367721 -0.000111067 -0.0229917 -0.0130614 -0.0234125 -0.00648096
internal_weight=35.2423 7.65273 5.80704 27.5896 20.1667 7.42292 6.12433 2.19456 1.56019 3.92977 4.30267 11.3838 1.13072 0.66564
internal_count=369 85 68 284 206 78 71 36 23 35 54 164 77 68
is_linear=0
shrinkage=0.05


Tree=270
num_leaves=15
num_cat=0
split_feature=145 98 144 46 73 145 122 137 128 126 144 137 114 122
split_gain=0.968446 0.731762 1.64073 0.790805 0.677205 0.160896 0.840129 0.126089 0.0812024 0.0810293 0.0618749 0.05752 0.326663 0.223446
threshold=1.5000000000000002 1.0000000180025095e-35 1.5000000000000002 1.0000000180025095e-35 1.0000000180025095e-35 2.5000000000000004 1.0000000180025095e-35 1.0000000180025095e-35 1.0000000180025095e-35 1.0000000180025095e-35 1.0000000180025095e-35 1.0000000180025095e-35 1.0000000180025095e-35 1.0000000180025095e-35
decision_type=2 2 2 2 2 2 2 2 2 2 2 2 2 2
left_child=1 3 -3 4 7 11 -7 10 -9 -4 -1 13 -13 -2
right_child=5 2 9 -5 -6 6 -8 8 -10 -11 -12 12 -14 -15
leaf_value=0.0051354767399642252 -0.032675486626817074 0.076008943308609744 0.017423168692959706 0.033330304422273901 -0.035654623528778129 0.056273923445168364 -0.0092496163590438021 0.00010437089001841212 0.031005170654427979 0.0072015951196807235 -0.0068097837384735018 0.014260618146039294 -0.011874908139237996 -0.004466007116854089
leaf_weight=1.6699626208283005 1.2094616480171689 1.113655911758541 3.2239291514270008 1.3986426638439295 1.671677933889441 0.59206698966045168 2.8158530115870235 0.36607705475762475 0.50711624859832227 4.8641438484191895 3.090032268781215 1.3852593553747272 8.7314315550029278 1.6729733441025019
leaf_count=13 10 13 24 10 12 39 35 9 14 58 31 55 30 14
internal_value=0.00123887 0.00927983 0.0191104 -0.00111344 -0.00770829 -0.00753635 0.00213396 0.000584933 0.0180503 0.0112759 -0.00261899 -0.0100716 -0.00829622 -0.0163026
internal_weight=34.3123 17.9052 9.20173 8.70351 7.30487 16.407 3.40792 5.63319 0.873193 8.08807 4.75999 12.9991 10.1167 2.88243
internal_count=367 184 95 89 79 183 74 67 23 82 44 109 85 24
is_linear=0
shrinkage=0.05


Tree=271
num_leaves=15
num_cat=0
split_feature=126 46 40 37 145 73 145 99 10 74 65 144 122 114
split_gain=1.72844 0.406711 0.352099 0.179203 0.128594 0.336614 0.223953 0.256449 0.280892 0.0741286 0.0512266 0.100799 0.108184 0.0837948
threshold=1.0000000180025095e-35 1.0000000180025095e-35 1.0000000180025095e-35 1.0000000180025095e-35 1.0000000180025095e-35 1.0000000180025095e-35 1.5000000000000002 1.0000000180025095e-35 1.0000000180025095e-35 1.0000000180025095e-35 1.0000000180025095e-35 2.5000000000000004 1.0000000180025095e-35 1.0000000180025095e-35
decision_type=2 2 2 2 2 2 2 2 2 2 2 2 2 2
left_child=1 2 3 4 5 -1 7 -6 -9 -3 11 12 -8 -13
right_child=-2 9 -4 -5 6 -7 10 8 -10 -11 -12 13 -14 -15
leaf_value=0.0016629158862965625 0.03187167248972092 0.024531966257892904 -0.025766357802474167 0.016865498598168806 0.028624102267272928 -0.029384314435984462 -0.025165925665873074 -0.012178463927172964 0.011270375099247762 0.0071997271355027613 0.0052027790511708551 0.0056411661884667235 -0.0033483860631341004 -0.0053844090823177287
leaf_weight=2.1146779451519384 4.5738172167912117 1.5919868453638619 1.583057067622575 1.2662851304048661 1.1142978081479666 1.4868587851524355 1.1997281192161582 2.0713389246957403 3.3308616201393306 1.007196169346571 1.2847471379773203 2.124577733135081 1.0793722067028284 9.1233869977295399
leaf_count=20 67 19 25 16 16 7 15 30 25 7 19 67 9 34
internal_value=0.00321649 -0.00109788 -0.00286754 -0.00148374 -0.00241577 -0.0111546 -0.000940113 0.00678434 0.0022795 0.0178156 -0.0043385 -0.0052447 -0.0148332 -0.00330184
internal_weight=34.9522 30.3784 27.7792 26.1961 24.9298 3.60154 21.3283 6.5165 5.4022 2.59918 14.8118 13.5271 2.2791 11.248
internal_count=376 309 283 258 242 27 215 71 55 26 144 125 24 101
is_linear=0
shrinkage=0.05


Tree=272
num_leaves=15
num_cat=0
split_feature=158 46 40 122 12 98 111 63 120 148 110 151 137 99
split_gain=0.781441 0.522997 0.410198 0.370653 1.21571 0.277283 0.276147 0.956327 0.19997 0.177816 0.061476 0.0588143 0.0586727 0.0610606
threshold=1.0000000180025095e-35 1.0000000180025095e-35 1.0000000180025095e-35 1.0000000180025095e-35 1.0000000180025095e-35 1.0000000180025095e-35 1.0000000180025095e-35 1.0000000180025095e-35 1.0000000180025095e-35 1.0000000180025095e-35 1.0000000180025095e-35 1.0000000180025095e-35 1.0000000180025095e-35 1.0000000180025095e-35
decision_type=2 2 2 2 2 2 2 2 2 2 2 2 2 2
left_child=11 2 3 4 6 -6 7 12 -7 -8 -5 -1 13 -2
right_child=1 -3 -4 10 5 8 9 -9 -10 -11 -12 -13 -14 -15
leaf_value=-0.013004604918201141 0.070628855658868769 0.028818332429876522 -0.024089646063387482 -0.0021644752388323505 -0.0206372446755426 0.0051574095879869542 0.0072797405136199164 0.00040932262463450991 -0.010923546137484759 0.040897485670228467 -0.01341996301118701 -0.025330184336249919 0.053244532220575902 0.097665062515071371
leaf_weight=1.6839371696114533 0.43002547649666667 1.9204706504242484 1.4468976525968162 2.0470935773664669 1.3859754356744822 12.814522480359299 1.08200132031925 0.64601515969843615 2.2766848988831052 0.61801652522990491 2.97798275295645 2.2759829442948103 0.19410874712048098 0.40601544000675349
leaf_count=11 9 24 20 34 25 102 19 5 9 10 25 16 37 12
internal_value=0.000712269 0.00362847 0.00179084 0.00329601 0.00636642 0.000765759 0.0337 0.0481011 0.00273141 0.019501 -0.00883475 -0.0200888 0.078009 0.0837587
internal_weight=32.2057 28.2458 26.3253 24.8784 19.8534 16.4772 3.37618 1.67616 15.0912 1.70002 5.02508 3.95992 1.03015 0.836041
internal_count=358 331 307 287 228 136 92 63 111 29 59 27 58 21
is_linear=0
shrinkage=0.05


Tree=273
num_leaves=15
num_cat=0
split_feature=126 122 144 144 151 151 151 144 65 145 10 151 144 111
split_gain=6.37942 0.233769 0.287392 0.30537 0.23752 0.219432 0.173157 0.160901 0.179711 0.113062 0.105585 0.0951703 0.111777 0.11091
threshold=1.0000000180025095e-35 1.0000000180025095e-35 1.5000000000000002 1.0000000180025095e-35 1.0000000180025095e-35 2.5000000000000004 1.5000000000000002 3.5000000000000004 1.0000000180025095e-35 1.5000000000000002 1.0000000180025095e-35 1.5000000000000002 2.5000000000000004 1.0000000180025095e-35
decision_type=2 2 2 2 2 2 2 2 2 2 2 2 2 2
left_child=1 2 3 -1 -4 11 7 8 -3 -7 -5 -6 -13 -14
right_child=-2 6 4 10 5 9 -8 -9 -10 -11 -12 12 13 -15
leaf_value=0.00090666078638423962 0.059742646593095652 -0.010541756007640691 0.014329800657911423 -0.024848712269112408 -0.038641140791281538 0.0059776281791558564 -0.036494059146045546 0.0036273969609679681 -0.030110369812250466 -0.0053034640023712307 -0.0096747072517630265 0.0015458552750992874 0.0027449107127499417 -0.033798382256628484
leaf_weight=2.2385216336697358 3.7318192496895781 3.1220260034315279 1.7080756407231099 4.2988256216049194 0.51139128080103469 2.8507569158682591 1.013017480021517 1.0507661544252185 1.8796283393166957 10.054468760190503 1.5633244663476942 0.69080091154319245 0.28124447337177094 0.79327796913275961
leaf_count=17 66 29 17 34 11 24 15 13 15 62 10 14 28 14
internal_value=-0.0021284 -0.00933112 -0.0070608 -0.0148031 -0.00334747 -0.00533628 -0.0173613 -0.014159 -0.0178957 -0.00281148 -0.0208021 -0.0196478 -0.0141456 -0.0242336
internal_weight=35.7879 32.0561 24.9907 8.10067 16.89 15.1819 7.06544 6.05242 5.00165 12.9052 5.86215 2.27671 1.76532 1.07452
internal_count=369 303 231 61 170 153 72 57 44 86 44 67 56 42
is_linear=0
shrinkage=0.05


Tree=274
num_leaves=15
num_cat=0
split_feature=10 145 145 150 146 65 158 149 73 111 151 145 122 151
split_gain=1.41983 0.955395 0.455011 0.339551 0.454961 0.212864 0.363648 0.23276 0.281994 0.722336 0.294986 0.50038 0.131147 0.106806
threshold=1.0000000180025095e-35 1.5000000000000002 1.0000000180025095e-35 1.0000000180025095e-35 1.0000000180025095e-35 1.0000000180025095e-35 1.0000000180025095e-35 1.0000000180025095e-35 1.0000000180025095e-35 1.0000000180025095e-35 1.0000000180025095e-35 1.5000000000000002 1.0000000180025095e-35 1.5000000000000002
decision_type=2 2 2 2 2 2 2 2 2 2 2 2 2 2
left_child=3 2 -2 5 -5 6 -1 8 10 -10 11 -8 -7 -12
right_child=1 -3 -4 4 -6 12 7 -9 9 -11 13 -13 -14 -15
leaf_value=-0.034228263954122623 0.0010833721472216617 0.00067786240585943807 0.029705614706770519 0.056631506144209767 -0.020362326498420003 0.0095200772394320073 -0.0408255121543828 -0.031711515741894444 0.053518868904089828 -0.017032010605905729 0.022392924211931745 -0.0067502696519685509 -0.0095847744823081213 -0.0054899530306511566
leaf_weight=1.9264098145067627 1.7549628764390943 9.6624081679183291 6.6500382912345231 0.43727385480633607 0.34187724938965403 1.7132299100048849 1.5734438183717427 1.1105364395698414 0.62090322305448331 0.87280049175024033 0.69775166118051835 3.4171172548085451 1.8884018124081194 0.67637238348834217
leaf_count=12 11 50 79 37 26 15 11 24 20 7 13 30 19 18
internal_value=0.00191417 0.0114014 0.0237293 -0.00930664 0.022848 -0.0110348 -0.0145183 -0.0102848 -0.00725685 0.0122946 -0.0118453 -0.0174936 -0.000496948 0.00866839
internal_weight=33.3435 18.0674 8.405 15.2761 0.779151 14.497 10.8953 8.96893 7.85839 1.4937 6.36469 4.99056 3.60163 1.37412
internal_count=372 140 90 232 63 169 135 123 99 27 72 41 34 31
is_linear=0
shrinkage=0.05


Tree=275
num_leaves=15
num_cat=0
split_feature=56 144 148 73 44 111 144 44 98 145 111 73 65 126
split_gain=0.478194 0.686311 0.663132 2.57202 0.305471 0.579075 0.254228 0.184664 0.184485 0.740858 1.07615 0.135671 0.430642 0.125415
threshold=1.0000000180025095e-35 1.0000000180025095e-35 1.0000000180025095e-35 1.0000000180025095e-35 1.0000000180025095e-35 1.0000000180025095e-35 2.5000000000000004 1.0000000180025095e-35 1.0000000180025095e-35 3.5000000000000004 1.0000000180025095e-35 1.0000000180025095e-35 1.0000000180025095e-35 1.0000000180025095e-35
decision_type=2 2 2 2 2 2 2 2 2 2 2 2 2 2
left_child=1 -1 6 4 5 -4 7 11 9 10 -8 12 -3 -13
right_child=-2 2 3 -5 -6 -7 8 -9 -10 -11 -12 13 -14 -15
leaf_value=0.029964816027222032 0.026737076091584044 -0.035476672156026089 0.044240345792138008 0.081063974201390082 -0.042963030928859558 -0.019597419047311364 0.05611903545292321 0.0051106113605408378 -0.010266247812820633 0.059639686806185144 -0.024492045423548835 -0.0096185977016447037 -0.0053057290901082164 -0.020303088135139501
leaf_weight=1.1256821076385666 0.99641886360768595 3.1687075812369665 0.46428788695993684 0.9501885101199149 0.70377308033494035 1.5124567649545497 0.52789151336764706 0.96331426419783284 8.5637956316641066 0.50086749976253475 1.9193900488317013 6.2165866672294214 1.8870484998333266 4.9203762225806713
leaf_count=12 14 26 27 7 7 15 57 21 41 11 20 43 16 69
internal_value=-0.00739575 -0.00841328 -0.00975085 0.0103809 -0.0146749 -0.00460352 -0.0123005 -0.0161575 -0.00655245 0.00423539 -0.00710381 -0.0174227 -0.0242154 -0.0143391
internal_weight=34.4208 33.4244 32.2987 3.63071 2.68052 1.97674 28.668 17.156 11.5119 2.94815 2.44728 16.1927 5.05576 11.137
internal_count=386 372 360 56 49 42 304 175 129 88 77 154 42 112
is_linear=0
shrinkage=0.05


Tree=276
num_leaves=15
num_cat=0
split_feature=63 144 151 137 110 111 151 145 148 144 126 114 65 144
split_gain=1.69054 0.954217 0.409367 0.42335 0.250465 1.34997 0.335681 0.310723 0.230206 0.360767 0.190694 0.256752 0.163635 0.234627
threshold=1.0000000180025095e-35 1.5000000000000002 1.5000000000000002 1.0000000180025095e-35 1.0000000180025095e-35 1.0000000180025095e-35 1.0000000180025095e-35 1.0000000180025095e-35 1.0000000180025095e-35 2.5000000000000004 1.0000000180025095e-35 1.0000000180025095e-35 1.0000000180025095e-35 2.5000000000000004
decision_type=2 2 2 2 2 2 2 2 2 2 2 2 2 2
left_child=2 -2 4 8 6 -6 7 -1 9 -4 11 -5 13 -7
right_child=1 -3 3 10 5 12 -8 -9 -10 -11 -12 -13 -14 -15
leaf_value=-0.032555503210747586 0.01103732335825921 0.093735492176559687 0.017226648559464361 -0.018926040424454602 0.059350783915884713 -0.015388704864565329 0.014248962725987861 -0.0035966688049470425 -0.0452315716102554 -0.04271569819128402 0.0014319854928763777 -0.0052395708918865531 -0.017219682479432879 0.01503516987983859
leaf_weight=1.3216108977794627 0.73601280152797588 0.66305233135062736 0.49954428873025147 5.4537594502471629 1.0895986906252799 1.0010371878743174 1.6367661497206425 3.0968200727365911 1.2178423614241183 0.50453935191035271 4.5070518366992465 9.2191881779581308 1.3873602838721124 1.726970274641644
leaf_count=8 4 19 14 99 14 9 26 30 7 6 61 41 11 26
internal_value=-0.0035914 0.0502301 -0.00589681 -0.00995704 0.00182036 0.00986351 -0.00509343 -0.0122586 -0.0306181 -0.0128936 -0.00756354 -0.0103267 -0.0032389 0.00387119
internal_weight=34.0612 1.39907 32.6621 21.4019 11.2602 5.20497 6.0552 4.41843 2.22193 1.00408 19.18 14.6729 4.11537 2.72801
internal_count=375 23 352 228 124 60 64 38 27 20 201 140 46 35
is_linear=0
shrinkage=0.05


Tree=277
num_leaves=15
num_cat=0
split_feature=145 99 43 40 144 145 151 120 132 65 145 137 46 152
split_gain=0.45342 2.14337 0.210036 0.184488 0.114357 0.566123 0.860779 0.11047 0.0918761 0.205391 0.248427 0.141836 0.0580253 0.0771639
threshold=1.0000000180025095e-35 1.0000000180025095e-35 1.0000000180025095e-35 1.0000000180025095e-35 3.5000000000000004 3.5000000000000004 1.5000000000000002 1.0000000180025095e-35 1.0000000180025095e-35 1.0000000180025095e-35 2.5000000000000004 1.0000000180025095e-35 1.0000000180025095e-35 1.0000000180025095e-35
decision_type=2 2 2 2 2 2 2 2 2 2 2 2 2 2
left_child=1 -1 3 4 7 6 -6 8 9 10 12 -10 13 -2
right_child=2 -3 -4 -5 5 -7 -8 -9 11 -11 -12 -13 -14 -15
leaf_value=-0.016309781434552473 0.0096488714607437139 0.060781672046714232 0.023150089378484832 -0.018289041994467192 -0.041556203679858607 0.059098572294676938 0.060181393142662909 -0.011942975114887594 -0.019560214804839854 0.016157281914911694 -0.02525932458996525 0.0039657578609526801 -0.0085826238187636569 -1.1818616405492501e-05
leaf_weight=2.0317130759358406 2.4333238693652968 1.6209653001278632 0.88936269495206843 1.5517033135110967 0.64299447851953917 0.45627838419750333 0.30725493992940756 2.2346503138542166 1.4503756258636704 1.9716385241554224 0.98427331633865733 1.1475720697198994 1.5848726644180704 13.72965447428578
leaf_count=13 42 17 25 21 9 13 26 8 14 19 13 12 13 139
internal_value=0.00128752 0.0179014 -0.000777735 -0.00152456 -0.000559056 0.0133208 -0.00866023 -0.00132355 -0.000305138 0.000807024 -0.000808658 -0.00916826 0.000547345 0.00144259
internal_weight=33.0366 3.65268 29.384 28.4946 26.9429 1.40653 0.950249 25.5364 23.3017 20.7038 18.7321 2.59795 17.7479 16.163
internal_count=384 30 354 329 308 48 35 260 252 226 207 26 194 181
is_linear=0
shrinkage=0.05


Tree=278
num_leaves=15
num_cat=0
split_feature=63 44 126 132 144 144 99 149 12 99 144 145 43 144
split_gain=0.967513 1.09389 0.586316 0.35369 0.39516 0.490428 0.329737 0.251586 0.220854 0.208558 0.154792 0.215955 0.0813137 0.187509
threshold=1.0000000180025095e-35 1.0000000180025095e-35 1.0000000180025095e-35 1.0000000180025095e-35 1.0000000180025095e-35 1.5000000000000002 1.0000000180025095e-35 1.0000000180025095e-35 1.0000000180025095e-35 1.0000000180025095e-35 2.5000000000000004 2.5000000000000004 1.0000000180025095e-35 3.5000000000000004
decision_type=2 2 2 2 2 2 2 2 2 2 2 2 2 2
left_child=2 -2 3 4 -1 9 12 -5 10 -6 -8 -12 13 -7
right_child=1 -3 -4 7 5 6 8 -9 -10 -11 11 -13 -14 -15
leaf_value=0.031202942484066132 0.087767545186420284 -0.0041170331384479007 0.023548086120245101 0.0022297649130835883 0.0022027194287899646 0.0053448439461234202 0.059974277171853496 -0.031795050640048096 0.0093147564404858791 -0.020379636893352194 -0.011924441650472375 0.054846757755119192 -0.012956913689684574 -0.01708319410343764
leaf_weight=1.2675616070628297 0.75924844504333922 0.56492365967278602 3.6939926240593186 0.96715146489441339 1.5867443978786466 4.1338888264726998 0.37133708034524104 1.2396745554033257 10.685147401294671 2.8747995074372765 0.27745593841245864 0.2148762109773088 1.4799458608031271 1.2031550223473457
leaf_count=13 19 4 61 16 19 41 16 19 62 23 34 22 11 13
internal_value=0.00674144 0.0485674 0.00489502 0.00227525 0.00402999 0.00252112 0.00613328 -0.0168835 0.0112805 -0.0123482 0.0356009 0.0172176 -0.00258681 0.000288785
internal_weight=31.3199 1.32417 29.9957 26.3017 24.0949 22.8274 18.3658 2.20683 11.5488 4.46154 0.863669 0.492332 6.81699 5.33704
internal_count=373 23 350 289 254 241 199 35 134 42 72 56 65 54
is_linear=0
shrinkage=0.05


Tree=279
num_leaves=15
num_cat=0
split_feature=40 56 110 153 145 145 65 148 73 99 43 65 145 126
split_gain=0.274629 0.218944 0.834645 0.500575 1.06196 0.401348 0.210844 0.674215 0.690953 0.0907445 0.227397 0.187731 0.0797573 0.134381
threshold=1.0000000180025095e-35 1.0000000180025095e-35 1.0000000180025095e-35 1.0000000180025095e-35 1.0000000180025095e-35 1.0000000180025095e-35 1.0000000180025095e-35 1.0000000180025095e-35 1.0000000180025095e-35 1.0000000180025095e-35 1.0000000180025095e-35 1.0000000180025095e-35 1.5000000000000002 1.0000000180025095e-35
decision_type=2 2 2 2 2 2 2 2 2 2 2 2 2 2
left_child=1 2 3 4 -1 -5 7 8 -4 10 -6 -11 13 -7
right_child=-2 -3 6 5 9 12 -8 -9 -10 11 -12 -13 -14 -15
leaf_value=0.060397426251333312 -0.020845161501083679 0.023133290645110174 -0.044167482871828659 -0.021886000237308988 0.02285719569692965 0.012737684790419474 0.00171453778877461 0.0081380173926957743 -0.00088187864805589682 0.0097700477940596137 -0.0065860974576149927 -0.023522830034201254 -0.00083938926601999494 2.8237821421706208e-05
leaf_weight=1.1311470810324014 1.5925791372937954 1.0273891380784324 2.8240434927283777 1.865682497620585 1.7806064104661341 3.9402653560391627 1.4671922972775062 1.5972331813536582 1.3687958372756837 1.1702337610768156 1.0380795709788799 0.66349066793918599 8.563530510327837 4.4048393107950687
leaf_count=11 22 13 26 15 25 43 16 21 15 27 9 2 81 59
internal_value=-0.000567846 0.000415429 -0.000318187 0.00408427 0.0169458 0.000122176 -0.0152157 -0.0195057 -0.0300364 0.00638139 0.0120137 -0.00227621 0.00255054 0.00602919
internal_weight=34.4351 32.8425 31.8151 24.5579 5.78356 18.7743 7.25726 5.79007 4.19284 4.65241 2.81869 1.83372 16.9086 8.3451
internal_count=385 363 350 272 74 198 78 62 41 63 34 29 183 102
is_linear=0
shrinkage=0.05


Tree=280
num_leaves=15
num_cat=0
split_feature=122 126 110 137 144 110 145 120 132 44 145 151 145 137
split_gain=1.32733 0.934538 0.279088 1.3659 0.258427 0.25346 0.645716 0.167543 0.100724 0.146377 0.0687582 0.0809131 0.0756611 0.0433907
threshold=1.0000000180025095e-35 1.0000000180025095e-35 1.0000000180025095e-35 1.0000000180025095e-35 2.5000000000000004 1.0000000180025095e-35 1.5000000000000002 1.0000000180025095e-35 1.0000000180025095e-35 1.0000000180025095e-35 1.5000000000000002 2.5000000000000004 1.0000000180025095e-35 1.0000000180025095e-35
decision_type=2 2 2 2 2 2 2 2 2 2 2 2 2 2
left_child=1 2 7 4 -4 6 -2 8 9 10 11 12 -1 -11
right_child=5 -3 3 -5 -6 -7 -8 -9 -10 13 -12 -13 -14 -15
leaf_value=0.00028949027755332705 -0.032231873284559232 0.024900044289517607 -0.011548416661867542 0.080050350439110296 0.020330636411909724 -0.036213085589912465 0.012727357892353301 0.0077021530073709049 -0.015848505816368211 0.019756628025997529 -0.0081897843207869928 0.0068059887042617347 -0.016485582531707382 0.0020072335132870003
leaf_weight=1.6983161903917887 2.1133812479674812 3.8307014242745927 2.2087064925581217 0.59986679768189777 0.89264660933986295 2.502050600014627 1.2837396519844331 2.6976892352104178 2.1374091181423855 0.72045584022998876 9.7056877903578425 2.0005798465572298 1.112491445383057 0.65953679446829483
leaf_count=13 14 63 18 31 16 21 35 11 30 5 60 22 16 19
internal_value=-0.00256417 0.00193836 -0.0016616 0.0109857 -0.00237283 -0.0241367 -0.0152422 -0.00391947 -0.00565789 -0.00428773 -0.005767 -0.000879684 -0.00634993 0.0112737
internal_weight=34.1633 28.2641 24.4334 3.70122 3.10135 5.89917 3.39712 20.7322 18.0345 15.8971 14.5171 4.81139 2.81081 1.37999
internal_count=374 304 241 65 34 70 49 176 165 135 111 51 29 24
is_linear=0
shrinkage=0.05


Tree=281
num_leaves=15
num_cat=0
split_feature=145 151 40 145 110 132 99 151 111 145 99 149 151 120
split_gain=0.857757 1.8608 0.833821 0.609971 0.459397 0.333572 0.238773 0.358345 0.232055 0.194885 0.0892727 0.0805551 0.0340013 0.0143793
threshold=1.0000000180025095e-35 1.0000000180025095e-35 1.0000000180025095e-35 2.5000000000000004 1.0000000180025095e-35 1.0000000180025095e-35 1.0000000180025095e-35 1.5000000000000002 1.0000000180025095e-35 1.5000000000000002 1.0000000180025095e-35 1.0000000180025095e-35 1.0000000180025095e-35 1.0000000180025095e-35
decision_type=2 2 2 2 2 2 2 2 2 2 2 2 2 2
left_child=1 -1 3 4 9 6 -5 -8 -6 11 -10 12 -2 -13
right_child=2 -3 -4 5 8 -7 7 -9 10 -11 -12 13 -14 -15
leaf_value=-0.02173576769136221 5.1345761534253928e-05 0.058502420602608698 0.044517136070474771 0.036867204118627303 -0.034642461719763352 -0.018224475472765324 -0.030207491695182116 0.057613229546563151 -0.0011167380127477949 -0.0081337192546549215 -0.020306934448189366 0.0027792223534017519 -0.0089481616072331106 0.0073142830550600325
leaf_weight=1.2154392525553697 2.2039740625769006 1.7818583250045774 0.92936987002030846 1.6537837398936976 1.79731012956472 0.48778622979079944 0.35786115319933665 0.17198048813315836 1.1843271986581383 10.068384310106921 1.2411562798079105 4.961005702149123 2.0037052156403661 2.6986800283193588
leaf_count=8 22 19 19 28 12 11 7 23 11 80 10 82 30 11
internal_value=0.000470238 0.0259649 -0.00209753 -0.00360021 -0.00592437 0.019158 0.0275087 -0.0017019 -0.0210263 -0.00301713 -0.0109366 0.00132383 -0.00423424 0.00437703
internal_weight=32.7566 2.9973 29.7593 28.83 26.1585 2.67141 2.18363 0.529842 4.22279 21.9357 2.42548 11.8674 4.20768 7.65969
internal_count=373 27 346 327 258 69 58 30 33 225 21 145 52 93
is_linear=0
shrinkage=0.05


Tree=282
num_leaves=15
num_cat=0
split_feature=145 149 120 126 144 151 111 114 122 151 137 145 158 10
split_gain=1.45336 0.700034 0.246504 0.301325 0.365452 0.827147 0.149184 0.457386 0.220942 0.203921 0.233576 0.135792 0.111045 0.0825784
threshold=1.5000000000000002 1.0000000180025095e-35 1.0000000180025095e-35 1.0000000180025095e-35 1.5000000000000002 2.5000000000000004 1.0000000180025095e-35 1.0000000180025095e-35 1.0000000180025095e-35 1.0000000180025095e-35 1.0000000180025095e-35 2.5000000000000004 1.0000000180025095e-35 1.0000000180025095e-35
decision_type=2 2 2 2 2 2 2 2 2 2 2 2 2 2
left_child=1 12 3 4 13 -6 7 8 -2 11 -11 -8 -1 -3
right_child=6 2 -4 -5 5 -7 9 -9 -10 10 -12 -13 -14 -15
leaf_value=-0.01719372916574282 0.057809600013525357 -0.031932108974284862 -0.039629989755567252 -0.031664281820350478 -0.02254410499363857 0.056976621367534834 -0.0098713191337569967 0.00029134400915799676 0.017725170037958392 -0.03554109359014717 -0.0023433127722876667 0.011618872734601819 -0.0032234013838436 -0.014911110665176431
leaf_weight=1.9162304326891897 0.44862908248524092 1.3765562213957292 2.7398127317428598 4.3360487222671509 0.8449808796867726 0.53346261690603569 1.2345835231244557 9.3224547989666462 1.4707830064671725 0.95901603240054112 1.1839882731110265 1.8168144132941959 5.5196033660322437 1.4773394837975502
leaf_count=12 52 11 8 58 20 14 9 36 33 9 26 18 59 9
internal_value=-0.00922308 -0.0187396 -0.0265751 -0.0224006 -0.01291 0.0082307 0.00162959 0.00486761 0.0270942 -0.00537821 -0.0171997 0.00292403 -0.00682359 -0.0231211
internal_weight=35.1803 18.744 11.3082 8.56839 4.23234 1.37844 16.4363 11.2419 1.91941 5.1944 2.143 3.0514 7.43583 2.8539
internal_count=374 191 120 112 54 34 183 121 85 62 35 27 71 20
is_linear=0
shrinkage=0.05


Tree=283
num_leaves=15
num_cat=0
split_feature=46 110 96 145 43 148 73 110 99 151 63 111 111 126
split_gain=0.613784 0.835695 0.315884 0.249572 0.408376 0.488209 0.696031 1.12327 0.311849 0.271915 0.231769 0.222401 0.167665 0.163695
threshold=1.0000000180025095e-35 1.0000000180025095e-35 1.0000000180025095e-35 1.0000000180025095e-35 1.0000000180025095e-35 1.0000000180025095e-35 1.0000000180025095e-35 1.0000000180025095e-35 1.0000000180025095e-35 1.0000000180025095e-35 1.0000000180025095e-35 1.0000000180025095e-35 1.0000000180025095e-35 1.0000000180025095e-35
decision_type=2 2 2 2 2 2 2 2 2 2 2 2 2 2
left_child=2 -2 3 8 5 6 7 -5 -1 -8 12 -6 -7 -11
right_child=1 -3 -4 4 11 10 9 -9 -10 13 -12 -13 -14 -15
leaf_value=-0.027804738143360142 0.056095691211454503 -0.0036073824563348437 -0.011195356472027684 0.078397460442186512 -0.037342067448991226 -0.01029075763795765 -0.025256212692959495 0.012031208141257573 0.0010313004481417674 0.012906004990495119 0.0041456566386112994 -0.0013616548193756683 -0.036903896089824022 -0.0015439545267723577
leaf_weight=1.7258228044956925 1.0433500200742847 1.3375170496874489 9.8724833385786059 0.85694532696471037 0.95208280761926178 1.8272738931918859 0.8172705890610813 2.4905516490834998 2.052843481302264 3.5999866233250941 1.8267947720014488 0.782435342669487 0.87532079987431632 4.3021420438308269
leaf_count=12 14 11 43 41 16 28 9 31 17 49 18 8 12 66
internal_value=-0.0019358 0.0225559 -0.00375906 -0.000438543 0.00197334 0.00438599 0.00963998 0.0290207 -0.0121389 0.00219946 -0.00961134 -0.0211114 -0.0189103 0.00503904
internal_weight=34.3628 2.38087 31.982 22.1095 18.3308 16.5963 12.0669 3.3475 3.77867 8.7194 4.52939 1.73452 2.70259 7.90213
internal_count=375 25 350 307 278 254 196 72 29 124 58 24 40 115
is_linear=0
shrinkage=0.05


Tree=284
num_leaves=15
num_cat=0
split_feature=63 44 145 99 145 152 99 114 73 126 122 73 144 99
split_gain=1.53419 0.851412 0.815696 1.29687 0.641627 0.334905 0.100052 0.291179 0.136796 0.0945945 0.0863013 0.0804355 0.0575442 0.184012
threshold=1.0000000180025095e-35 1.0000000180025095e-35 1.0000000180025095e-35 1.0000000180025095e-35 1.5000000000000002 1.0000000180025095e-35 1.0000000180025095e-35 1.0000000180025095e-35 1.0000000180025095e-35 1.0000000180025095e-35 1.0000000180025095e-35 1.0000000180025095e-35 1.5000000000000002 1.0000000180025095e-35
decision_type=2 2 2 2 2 2 2 2 2 2 2 2 2 2
left_child=2 -2 3 -1 5 11 8 -8 10 -7 -6 12 13 -4
right_child=1 -3 4 -5 6 9 7 -9 -10 -11 -12 -13 -14 -15
leaf_value=-0.008721866918509449 0.083303572655299654 0.00545907146866255 0.0061565960214452565 0.052674503399860309 0.0085663464184810023 -0.016398558921199295 0.029766208234212766 -0.00043468727793452913 -0.021142205632451991 -0.026647025325975817 -0.0059273669125877353 0.0030574294579116604 -0.01708852601844631 -0.020833960134725483
leaf_weight=2.0354813914746046 0.76682443756726459 0.64815250030369498 1.4967113453894849 1.48949278704822 1.3976530724903558 4.4429509451147169 0.89480571438980216 7.3852446526288986 1.1463798433542249 4.5650404877960682 3.8735207298304886 1.656875700689852 1.6918017376447094 1.0923724872991456
leaf_count=13 20 6 18 15 18 40 71 27 13 58 34 16 12 10
internal_value=-0.00334172 0.0476457 -0.00551687 0.0172214 -0.00822074 -0.0155155 -0.000802804 0.00282905 -0.0054887 -0.0215922 -0.00208436 -0.00629672 -0.00991715 -0.00523112
internal_weight=34.5833 1.41498 33.1683 3.52497 29.6434 14.9458 14.6976 8.28005 6.41755 9.00799 5.27117 5.93776 4.28089 2.58908
internal_count=371 26 345 28 317 154 163 98 65 98 52 56 40 28
is_linear=0
shrinkage=0.05


Tree=285
num_leaves=15
num_cat=0
split_feature=126 151 158 39 122 156 145 44 46 43 40 151 111 144
split_gain=1.50139 0.56788 0.642923 0.368857 0.413894 0.51983 0.742927 0.47807 0.323547 0.222392 0.16102 0.408317 0.861813 0.445066
threshold=1.0000000180025095e-35 2.5000000000000004 1.0000000180025095e-35 1.0000000180025095e-35 1.0000000180025095e-35 1.0000000180025095e-35 1.0000000180025095e-35 1.0000000180025095e-35 1.0000000180025095e-35 1.0000000180025095e-35 1.0000000180025095e-35 1.0000000180025095e-35 1.0000000180025095e-35 1.5000000000000002
decision_type=2 2 2 2 2 2 2 2 2 2 2 2 2 2
left_child=1 3 -3 4 5 7 -7 10 9 -6 11 13 -13 -1
right_child=-2 2 -4 -5 8 6 -8 -9 -10 -11 -12 12 -14 -15
leaf_value=-0.012749173888904831 -0.028047086049369604 -0.018809535965577967 0.016603224018577657 -0.02906238458407925 0.0047328280794598585 -0.058173660751554682 0.053057790650760529 0.040639592458180523 -0.02889761889302471 -0.018807362340432034 -0.0079942053293026259 0.071622398875741566 -0.013394177243331884 0.026395580924651427
leaf_weight=2.0638104737736307 4.4921219914685926 1.4797425270080555 9.5754731277484098 1.2466685796462122 2.9312928582075983 0.61549217626452435 0.1985411725627273 1.1512330106925217 1.7119195526465771 1.5254491606719964 1.6216708410065619 0.69350953726097919 0.52280422020703554 1.1203053463250396
leaf_count=18 64 8 85 18 37 4 37 18 11 19 12 16 7 11
internal_value=-0.00132085 0.00321682 0.0118632 -0.00298909 -0.00069291 0.00682051 -0.0310445 0.0111175 -0.0104215 -0.00332448 0.00547376 0.0104371 0.03508 0.00102359
internal_weight=30.95 26.4579 11.0552 15.4027 14.156 7.98737 0.814033 7.17333 6.16866 4.45674 6.0221 4.40043 1.21631 3.18412
internal_count=365 301 93 208 190 123 41 82 67 56 64 52 23 29
is_linear=0
shrinkage=0.05


Tree=286
num_leaves=15
num_cat=0
split_feature=126 120 5 40 144 158 148 99 149 151 65 144 96 114
split_gain=1.16677 0.853034 0.431015 0.338942 0.293321 0.512635 0.137504 0.644786 0.166486 0.517673 0.477483 0.291618 0.182869 0.106219
threshold=1.0000000180025095e-35 1.0000000180025095e-35 1.0000000180025095e-35 1.0000000180025095e-35 1.0000000180025095e-35 1.0000000180025095e-35 1.0000000180025095e-35 1.0000000180025095e-35 1.0000000180025095e-35 1.0000000180025095e-35 1.0000000180025095e-35 2.5000000000000004 1.0000000180025095e-35 1.0000000180025095e-35
decision_type=2 2 2 2 2 2 2 2 2 2 2 2 2 2
left_child=1 2 3 4 -1 -6 8 -8 9 10 11 -7 13 -10
right_child=-2 -3 -4 -5 5 6 7 -9 12 -11 -12 -13 -14 -15
leaf_value=0.027969123470972843 -0.022482342352860951 0.036439455153225005 -0.031145710965874509 -0.019117638455930851 -0.02004935046604224 -0.0084141236477084849 0.062934498341035039 -0.0024691272485668396 0.018740988475034564 -0.018479093562008688 0.029154354152526749 0.017858094213524855 0.0069713799301077024 0.052971594072880594
leaf_weight=1.2821728568524289 4.776128494180738 1.9209374673664559 0.95117065421072666 1.5933603680532531 2.1095598880201782 3.5301878834143157 0.56809747219085682 1.1193008319460194 0.73892579851781082 2.679473743915878 1.8490376793779431 1.5071858614683149 6.8310655802488327 0.3268837183713913
leaf_count=11 63 10 15 23 15 27 12 17 63 46 15 19 26 10
internal_value=0.000298248 0.00432689 0.00186794 0.00316901 0.00474433 0.00334364 0.00592059 0.0195504 0.00460357 0.000167813 0.00742325 -0.000553457 0.00997682 0.0292395
internal_weight=31.7835 27.0074 25.0864 24.1353 22.5419 21.2597 19.1502 1.6874 17.4628 9.56589 6.88641 5.03737 7.89688 1.06581
internal_count=372 309 299 284 261 250 235 29 206 107 61 46 99 73
is_linear=0
shrinkage=0.05


Tree=287
num_leaves=15
num_cat=0
split_feature=114 137 56 110 145 144 145 147 37 120 44 122 65 144
split_gain=1.00689 0.432679 0.270267 0.592398 0.495632 0.349732 0.257704 0.398266 0.468504 0.313421 0.214862 0.53918 0.953364 0.738492
threshold=1.0000000180025095e-35 1.0000000180025095e-35 1.0000000180025095e-35 1.0000000180025095e-35 2.5000000000000004 3.5000000000000004 1.5000000000000002 1.0000000180025095e-35 1.0000000180025095e-35 1.0000000180025095e-35 1.0000000180025095e-35 1.0000000180025095e-35 1.0000000180025095e-35 1.0000000180025095e-35
decision_type=2 2 2 2 2 2 2 2 2 2 2 2 2 2
left_child=1 2 3 10 -5 -6 9 8 -8 -3 11 12 13 -1
right_child=-2 6 -4 4 5 -7 7 -9 -10 -11 -12 -13 -14 -15
leaf_value=0.020066033705248548 0.014592897575297616 -0.019545961501481867 0.026630291627546227 -0.028638494778999952 0.017810477074868849 -0.019060651179439711 0.035968775223933595 0.067991567337885847 -0.024721533949668004 0.00055208222347015836 -0.0086550871841459195 -0.0006756539203569994 -0.006292448988614723 0.091388288154824776
leaf_weight=0.7115649897605163 8.5996125563979131 8.1422857205616292 0.95767304487526494 2.6951877530664206 1.4900763146579266 1.1315078194020316 0.49054389005687038 0.22737443080040964 0.90400411235168576 2.5464882850646964 1.4644290171563623 3.2284102661069483 1.0385810509324074 0.74078557163011283
leaf_count=8 44 103 8 22 14 15 30 44 9 10 8 32 5 26
internal_value=-0.000221697 -0.00516563 0.00103096 -0.000930222 -0.0135824 0.00189645 -0.0119398 0.00663129 -0.00337321 -0.0147578 0.00843375 0.0128093 0.0302867 0.0564446
internal_weight=34.3685 25.7689 13.4582 12.5005 5.31677 2.62158 12.3107 1.62192 1.39455 10.6888 7.18377 5.71934 2.49093 1.45235
internal_count=378 334 138 130 51 29 196 83 39 113 79 71 39 34
is_linear=0
shrinkage=0.05


Tree=288
num_leaves=15
num_cat=0
split_feature=40 126 158 151 63 122 65 96 65 99 110 12 144 151
split_gain=1.12007 0.358607 0.275774 0.503773 0.549727 0.486436 0.208891 0.311415 0.158212 0.151145 0.124935 0.156263 0.124599 0.0944171
threshold=1.0000000180025095e-35 1.0000000180025095e-35 1.0000000180025095e-35 1.0000000180025095e-35 1.0000000180025095e-35 1.0000000180025095e-35 1.0000000180025095e-35 1.0000000180025095e-35 1.0000000180025095e-35 1.0000000180025095e-35 1.0000000180025095e-35 1.0000000180025095e-35 2.5000000000000004 1.5000000000000002
decision_type=2 2 2 2 2 2 2 2 2 2 2 2 2 2
left_child=1 2 9 5 6 -4 7 10 12 -1 11 13 -7 -5
right_child=-2 -3 3 4 -6 8 -8 -9 -10 -11 -12 -13 -14 -15
leaf_value=-0.028282007127183498 0.048814113111984872 -0.019825150728529653 0.030771992760523111 0.055633460141481586 -0.037349685404295806 0.016216418699370263 -0.026336149191786687 -0.0088923116950642683 -0.011997195610983391 -0.0082353946137286218 -0.0076717459517190644 0.0056886904367227263 -0.0043271792658360897 0.01875329590909966
leaf_weight=1.7794490940868855 0.91157544080851849 4.9114875360392025 1.8052167743444467 0.25265688600484004 1.4280139472321032 1.669173324480653 1.0615624601532552 9.2044254435459152 1.6920175664126871 1.9938112404197481 1.2141257507901171 3.2117492508696159 1.3231429420411585 0.55421530174498912
leaf_count=13 20 67 27 14 15 12 21 36 13 16 23 26 14 44
internal_value=-0.00583905 -0.00739104 -0.00514496 -0.0031236 -0.00766457 0.00872066 -0.00492946 -0.00335543 0.000222672 -0.0176893 0.00638397 0.0106306 0.00713245 0.0303016
internal_weight=33.0126 32.101 27.1896 23.4163 16.9267 6.48955 15.4987 14.4372 4.68433 3.77326 5.23275 4.01862 2.99232 0.806872
internal_count=361 341 274 245 179 66 164 143 39 29 107 84 26 58
is_linear=0
shrinkage=0.05


Tree=289
num_leaves=15
num_cat=0
split_feature=40 120 144 73 73 46 54 145 128 122 144 99 44 144
split_gain=1.18232 0.497011 0.26457 0.648934 0.295232 0.373259 0.269358 0.227851 0.22008 0.799609 0.115792 0.184582 0.114309 0.0906153
threshold=1.0000000180025095e-35 1.0000000180025095e-35 1.5000000000000002 1.0000000180025095e-35 1.0000000180025095e-35 1.0000000180025095e-35 1.0000000180025095e-35 2.5000000000000004 1.0000000180025095e-35 1.0000000180025095e-35 1.0000000180025095e-35 1.0000000180025095e-35 1.0000000180025095e-35 2.5000000000000004
decision_type=2 2 2 2 2 2 2 2 2 2 2 2 2 2
left_child=1 2 3 10 5 8 7 -6 9 -4 -1 -12 -13 -11
right_child=-2 -3 4 -5 6 -7 -8 -9 -10 13 11 12 -14 -15
leaf_value=0.011082836520034644 0.057105630524162315 0.028217100390491197 0.045197552333859026 -0.036348480107531438 0.011942230099403379 -0.020692246859141467 0.00595023830368959 0.058496668981536326 -0.013137184374832895 0.0063163260016851274 0.007347405515131568 -0.02516465038536907 -0.0028622171894467693 -0.010600232466611129
leaf_weight=1.7397499119397277 1.0204018116819487 1.7684690319001664 1.1100938617310019 1.5234266535844652 0.61090284513193072 2.374247353465762 13.733974007889628 0.46128258760654717 1.6045975472734424 1.3165669338777664 1.8812283244915304 1.1246368288993835 1.1745752394199371 1.9853903732728211
leaf_count=15 21 9 23 16 29 19 111 13 51 12 21 13 11 20
internal_value=0.00411232 0.00244382 0.000956282 -0.00724563 0.00358816 -0.00390478 0.00783454 0.0319712 0.00271977 0.00848671 0.000243325 -0.00426769 -0.0137712 -0.00385521
internal_weight=33.4295 32.4091 30.6407 7.44362 23.1971 8.3909 14.8062 1.07219 6.01665 4.41205 5.92019 4.18044 2.29921 3.30196
internal_count=384 363 354 76 278 125 153 42 106 55 60 45 24 32
is_linear=0
shrinkage=0.05


Tree=290
num_leaves=15
num_cat=0
split_feature=120 40 65 46 145 111 151 151 144 10 156 145 151 10
split_gain=1.4181 1.41149 0.691348 0.816556 1.36834 0.348316 0.478991 0.252684 0.765638 1.09693 0.373782 0.330634 1.06151 0.174141
threshold=1.0000000180025095e-35 1.0000000180025095e-35 1.0000000180025095e-35 1.0000000180025095e-35 1.5000000000000002 1.0000000180025095e-35 1.0000000180025095e-35 1.0000000180025095e-35 1.5000000000000002 1.0000000180025095e-35 1.0000000180025095e-35 1.0000000180025095e-35 1.5000000000000002 1.0000000180025095e-35
decision_type=2 2 2 2 2 2 2 2 2 2 2 2 2 2
left_child=1 2 3 7 -5 6 -4 -1 9 10 11 -9 -13 -10
right_child=-2 -3 5 4 -6 -7 -8 8 13 -11 -12 12 -14 -15
leaf_value=-0.0036512192561559036 -0.033195512560003269 -0.049475758740132741 0.020867437850995402 0.094956521422793344 -0.0056013451756764905 -0.037025071005047781 -0.029421003572287382 -0.0050297745300148357 0.025107746678582499 0.074803624155389714 -0.015538154871348027 0.11976600555328482 -0.011007162407198491 0.0031882867621746409
leaf_weight=5.0512520866468718 2.9295320846140376 1.2133535725479294 0.9981413814239195 0.69744356104638316 0.65696467348607257 1.2441583923937287 0.9008877423643753 0.40953222475946016 0.96708604634477424 1.0055262222886086 0.81047045346349489 0.30322996620088816 0.31781802768819034 14.371804162976332
leaf_count=47 10 16 14 7 13 10 19 5 72 9 8 5 16 118
internal_value=-4.4908e-05 0.00330997 0.0056193 0.00844161 0.0461803 -0.0164614 -0.00298909 0.00624192 0.00898988 0.0328051 0.00986681 0.0298458 0.0528435 0.00457026
internal_weight=31.8772 28.9477 27.7343 24.5911 1.35441 3.14319 1.89903 23.2367 18.1855 2.84658 1.84105 1.03058 0.621048 15.3389
internal_count=369 359 343 300 20 43 33 280 233 43 34 26 21 190
is_linear=0
shrinkage=0.05


Tree=291
num_leaves=15
num_cat=0
split_feature=151 145 145 45 56 110 37 151 145 122 73 44 158 151
split_gain=2.76686 0.845969 0.629226 0.388831 0.268769 0.543376 0.359917 0.283948 0.517687 0.441918 0.230637 0.371771 0.44819 0.327523
threshold=2.5000000000000004 1.5000000000000002 1.0000000180025095e-35 1.0000000180025095e-35 1.0000000180025095e-35 1.0000000180025095e-35 1.0000000180025095e-35 1.0000000180025095e-35 2.5000000000000004 1.0000000180025095e-35 1.0000000180025095e-35 1.0000000180025095e-35 1.0000000180025095e-35 1.0000000180025095e-35
decision_type=2 2 2 2 2 2 2 2 2 2 2 2 2 2
left_child=3 2 -2 4 5 10 7 8 -7 -9 11 13 -13 -1
right_child=1 -3 -4 -5 -6 6 -8 9 -10 -11 -12 12 -14 -15
leaf_value=0.006990916208541257 0.076213791116731155 0.012309054467292056 0.030102848776447557 0.028730615660806216 0.016081881869903215 -0.052249077230175328 0.0039685857405404746 0.027731109951616636 -0.016916695228807788 -0.036886325968435538 -0.015786850170003482 -0.038500156605514119 0.0086213907823736273 0.04739757505122013
leaf_weight=2.8858074881136386 0.83580252528190513 8.7203019121134275 6.4438629510113969 0.73761195701081383 1.0388987319092855 1.8377347365021703 1.187248744536191 0.5498001416417535 2.378501390106976 0.51006971672177315 1.9757836079224942 0.92797734029591095 1.106091736102826 0.60699077818298963
leaf_count=25 6 76 89 16 10 13 11 24 21 4 15 7 17 42
internal_value=0.00817093 0.0228136 0.035397 -0.00671122 -0.00845347 -0.0102786 -0.0209044 -0.0265014 -0.0323171 -0.00336648 -0.00112471 0.00411682 -0.0128763 0.0140129
internal_weight=31.7425 16 7.27967 15.7425 15.0049 13.966 6.46335 5.27611 4.21624 1.05987 7.50265 5.52687 2.03407 3.4928
internal_count=376 171 95 205 189 179 73 62 34 28 106 91 24 67
is_linear=0
shrinkage=0.05


Tree=292
num_leaves=15
num_cat=0
split_feature=40 54 43 74 122 145 12 151 151 145 144 126 144 44
split_gain=1.61545 0.718637 0.394589 0.293813 0.216691 0.120949 0.116691 0.205425 0.402571 0.150239 0.115678 0.0656437 0.122482 0.0563925
threshold=1.0000000180025095e-35 1.0000000180025095e-35 1.0000000180025095e-35 1.0000000180025095e-35 1.0000000180025095e-35 2.5000000000000004 1.0000000180025095e-35 1.5000000000000002 2.5000000000000004 1.0000000180025095e-35 1.5000000000000002 1.0000000180025095e-35 2.5000000000000004 1.0000000180025095e-35
decision_type=2 2 2 2 2 2 2 2 2 2 2 2 2 2
left_child=1 2 3 4 6 -6 7 10 9 -9 13 12 -3 -1
right_child=-2 11 -4 -5 5 -7 -8 8 -10 -11 -12 -13 -14 -15
leaf_value=-0.011333283162274502 0.04831880488227093 -0.011769133050511579 0.018583160180670806 -0.033781730834828064 -0.022776575253102286 -0.0047584304186623592 -0.0142607048878247 0.010779546235275137 -0.043402980322135395 0.058216477997618171 0.0082675789799651137 -0.024495259757368923 -0.021202392050394814 0.00141161117764214
leaf_weight=2.3492674571461922 1.1080784153127741 5.4883342552930126 1.632165913482823 0.98347989900503385 2.19450980052352 1.6181137894745914 1.3103673482182783 0.26284729689359654 0.17625706392936991 0.4573206773147831 2.0060823060048278 4.6561535904183975 9.2245937576517463 1.3764795772731306
leaf_count=18 23 33 28 12 18 20 25 4 28 25 26 64 32 11
internal_value=-0.0110849 -0.013036 -0.00456273 -0.00752926 -0.00533215 -0.0151295 -0.000626845 0.00206849 0.0243265 0.0409029 -0.00141254 -0.019321 -0.0176835 -0.00662467
internal_weight=34.8441 33.736 14.3669 12.7347 11.7512 3.81262 7.93862 6.62825 0.896425 0.720168 5.73183 19.3691 14.7129 3.72575
internal_count=367 344 215 187 175 38 137 112 57 29 55 129 65 29
is_linear=0
shrinkage=0.05


Tree=293
num_leaves=15
num_cat=0
split_feature=43 96 151 144 151 144 144 120 145 111 153 39 145 144
split_gain=1.13857 1.39467 0.539143 1.02726 0.956673 0.460619 0.815377 0.4263 0.411355 0.307202 0.229537 0.39586 0.165692 0.0684715
threshold=1.0000000180025095e-35 1.0000000180025095e-35 2.5000000000000004 1.5000000000000002 1.5000000000000002 1.0000000180025095e-35 1.5000000000000002 1.0000000180025095e-35 1.5000000000000002 1.0000000180025095e-35 1.0000000180025095e-35 1.0000000180025095e-35 1.5000000000000002 2.5000000000000004
decision_type=2 2 2 2 2 2 2 2 2 2 2 2 2 2
left_child=1 2 4 -4 5 -1 -7 -5 -8 -10 -6 12 -12 -11
right_child=-2 -3 3 7 10 6 8 -9 9 13 11 -13 -14 -15
leaf_value=-0.012167856319112507 -0.035973532026067109 -0.013305180098691744 0.066247812940761694 0.0060266791983719847 -0.027600681958447344 0.047206469277047296 -0.0097775847657274803 0.033589686735411774 0.046022739382379135 0.00098247683571935237 0.0070886809593485511 -0.022261715789482425 0.054749863342216536 0.017203885344352379
leaf_weight=1.4823732525110296 1.9688495375266928 8.9137931353034201 1.0604428637307135 5.1801407358507277 2.0841330996481711 1.838825029088184 1.9398179091513155 1.9238012321293352 0.8048300163354728 1.066292326897383 0.56369748862925928 1.2120303379997495 0.26955140893551288 1.6684462932171298
leaf_count=10 28 39 16 105 20 25 10 10 22 8 20 12 20 27
internal_value=0.000860165 0.00327684 0.0102839 0.0203434 0.00393199 0.0132482 0.0183965 0.013491 0.00872819 0.0188701 -0.0159227 -0.00402297 0.0225068 0.0108791
internal_weight=31.977 30.0082 21.0944 8.16438 12.93 8.80058 7.31821 7.10394 5.47939 3.53957 4.12941 2.04528 0.833249 2.73474
internal_count=372 344 305 131 174 102 92 115 67 57 72 52 40 35
is_linear=0
shrinkage=0.05


Tree=294
num_leaves=15
num_cat=0
split_feature=96 17 126 120 151 63 148 144 145 151 99 56 145 149
split_gain=1.47449 1.28648 1.18562 0.720888 1.71639 0.481702 0.318794 0.270687 0.386659 0.239556 0.393018 0.44109 0.63514 0.184612
threshold=1.0000000180025095e-35 1.0000000180025095e-35 1.0000000180025095e-35 1.0000000180025095e-35 2.5000000000000004 1.0000000180025095e-35 1.0000000180025095e-35 1.5000000000000002 1.5000000000000002 1.0000000180025095e-35 1.0000000180025095e-35 1.0000000180025095e-35 1.5000000000000002 1.0000000180025095e-35
decision_type=2 2 2 2 2 2 2 2 2 2 2 2 2 2
left_child=1 2 3 4 5 6 9 -6 -9 -1 -11 12 -12 -8
right_child=-2 -3 -4 -5 7 -7 13 8 -10 10 11 -13 -14 -15
leaf_value=-0.00053905611440014376 0.018550420373354321 0.052664578242112008 -0.034351525161181423 -0.027343119652534487 0.064413667875523314 0.02278023189875536 -0.010875667288733144 0.05320285231574752 -0.039695335456009929 -0.043571185918649044 -0.0098599256394193164 -0.049469297423479497 0.056076830019841997 -0.036866562172363095
leaf_weight=9.055655615869922 6.7442706055444424 0.85595544127863732 4.0835135281085959 3.0849168561398974 1.0259507484734047 1.358618504949846 1.3771011922508489 0.30391244776546944 0.1773863744965638 0.93850695132278739 1.9399035968817688 0.49119645675091295 0.44992640990130883 1.3559178883479033
leaf_count=71 40 36 32 11 9 16 21 13 28 15 27 6 32 17
internal_value=-0.00232262 -0.00763514 -0.00964796 -0.00496883 -0.00123264 -0.00577507 -0.00826067 0.0499007 0.0189645 -0.00496842 -0.0154699 -0.00631581 0.0025538 -0.0237704
internal_weight=33.2427 26.4985 25.6425 21.559 18.4741 16.9668 15.6082 1.50725 0.481299 12.8752 3.81953 2.88103 2.38983 2.73302
internal_count=374 334 298 266 255 205 189 50 41 151 80 65 59 38
is_linear=0
shrinkage=0.05


Tree=295
num_leaves=15
num_cat=0
split_feature=120 126 144 145 149 12 110 46 43 65 44 111 144 132
split_gain=1.03023 0.470791 0.217579 0.30618 0.416327 1.24505 0.123602 0.263024 0.136112 0.346941 0.248743 0.118481 0.05719 0.0560651
threshold=1.0000000180025095e-35 1.0000000180025095e-35 1.0000000180025095e-35 1.0000000180025095e-35 1.0000000180025095e-35 1.0000000180025095e-35 1.0000000180025095e-35 1.0000000180025095e-35 1.0000000180025095e-35 1.0000000180025095e-35 1.0000000180025095e-35 1.0000000180025095e-35 2.5000000000000004 1.0000000180025095e-35
decision_type=2 2 2 2 2 2 2 2 2 2 2 2 2 2
left_child=1 2 -1 -4 6 13 7 8 9 10 -5 -8 -13 -6
right_child=-2 -3 3 4 5 -7 11 -9 -10 -11 -12 12 -14 -15
leaf_value=0.018113868261011367 -0.033711853595273372 -0.016503667224855852 -0.019182904552739473 0.027930355111263294 0.054451046346084581 0.0028253953060501684 0.0099334178625633679 -0.028975627128697862 -0.023090552248824767 -0.024463767752316415 -0.0058227241961285149 -0.013067663120468524 -0.0012878184135988006 0.080620470137272457
leaf_weight=1.5730795341078252 2.8973077833652487 5.0974535148125133 2.1319422200322178 1.0982499780802764 0.43650992961283819 10.540682335136808 1.738414862193167 1.539218316785991 0.79836305429489574 0.9953096187673508 1.08518445212394 1.5881884973496196 2.9333705223398283 0.3853373152524
leaf_count=13 9 68 15 35 53 71 17 10 7 8 11 14 32 11
internal_value=-0.00516316 -0.00257359 7.16344e-05 -0.00105148 0.000619099 0.00744694 -0.00596884 -0.0114257 -0.00463349 2.12624e-06 0.0111548 -0.00116025 -0.00542547 0.066721
internal_weight=34.8386 31.9413 26.8439 25.2708 23.1388 11.3625 11.7763 5.51633 3.97711 3.17874 2.18343 6.25997 4.52156 0.821847
internal_count=374 365 297 284 269 135 134 71 61 54 46 63 46 64
is_linear=0
shrinkage=0.05


Tree=296
num_leaves=15
num_cat=0
split_feature=40 43 151 122 158 126 65 65 158 149 96 148 148 110
split_gain=1.27157 0.927941 0.502426 0.429692 0.841224 0.248624 0.19025 0.174678 0.162541 0.135519 0.263666 0.348993 0.105154 0.133001
threshold=1.0000000180025095e-35 1.0000000180025095e-35 1.0000000180025095e-35 1.0000000180025095e-35 1.0000000180025095e-35 1.0000000180025095e-35 1.0000000180025095e-35 1.0000000180025095e-35 1.0000000180025095e-35 1.0000000180025095e-35 1.0000000180025095e-35 1.0000000180025095e-35 1.0000000180025095e-35 1.0000000180025095e-35
decision_type=2 2 2 2 2 2 2 2 2 2 2 2 2 2
left_child=1 2 3 4 -1 7 -5 8 -4 12 11 -11 13 -10
right_child=-2 -3 5 6 -6 -7 -8 -9 9 10 -12 -13 -14 -15
leaf_value=-0.002923063362711322 0.057006555486309063 -0.036314868293386281 -0.019067735390492668 0.0098880300130699001 0.051388963122949355 0.0064571353536541426 -0.014035175070734924 -0.026018263371544333 -0.0098896809283148292 0.023922166889681185 -0.0055262788509091807 -0.010113172470578158 -0.00099085089399030056 -0.039186161115083017
leaf_weight=1.312142550945282 0.9291275981850039 1.8890148243817737 1.8548655193299222 2.1094261649996042 1.5612586173229017 4.8079825192689887 1.3712930963374677 1.0620822325909092 0.96884944406337059 2.0054550659442603 9.0904631826560944 1.206172386526305 1.0031174781615846 0.64552142797037959
leaf_count=8 20 30 18 19 23 66 11 14 27 59 33 19 13 7
internal_value=-0.000625832 -0.00235947 -0.000147559 0.0122767 0.0265873 -0.00363385 0.000463045 -0.00635396 -0.0051089 -0.00337348 -0.0011754 0.0111397 -0.0137044 -0.0216042
internal_weight=31.8168 30.8876 28.9986 6.35412 2.8734 22.6445 3.48072 17.8365 16.7744 14.9196 12.3021 3.21163 2.61749 1.61437
internal_count=367 347 317 61 31 256 30 190 176 158 111 78 47 34
is_linear=0
shrinkage=0.05


Tree=297
num_leaves=15
num_cat=0
split_feature=120 114 56 145 43 39 151 40 122 65 110 65 46 151
split_gain=0.921131 0.570726 0.55134 0.332022 0.297517 0.373827 0.385571 0.341667 0.554151 0.303222 0.429684 0.247841 0.176115 0.254459
threshold=1.0000000180025095e-35 1.0000000180025095e-35 1.0000000180025095e-35 3.5000000000000004 1.0000000180025095e-35 1.0000000180025095e-35 2.5000000000000004 1.0000000180025095e-35 1.0000000180025095e-35 1.0000000180025095e-35 1.0000000180025095e-35 1.0000000180025095e-35 1.0000000180025095e-35 1.5000000000000002
decision_type=2 2 2 2 2 2 2 2 2 2 2 2 2 2
left_child=1 2 3 4 5 7 -7 8 11 10 -10 12 13 -1
right_child=-2 -3 -4 -5 -6 6 -8 -9 9 -11 -12 -13 -14 -15
leaf_value=-0.0020322193916413522 0.027735167911904751 0.0015036855822971205 0.023910600605505525 0.017645768793278678 -0.037604432700544498 -0.052200986972797209 -0.018961159370570052 -0.031280305025128304 -0.010960869759440122 -0.0010788001358638664 -0.049900666303396568 -0.013694370942655959 0.033924921023618819 0.026453857666437011
leaf_weight=2.994229544929123 1.7695131190121163 8.7513954341411608 0.94242060125179605 0.74510228573490067 1.5224790317088253 1.0104376809176745 6.3872188623354305 1.5326101069294971 1.5009449204662815 1.4248089515604077 1.3417277745902538 1.5749438701241159 0.625730366911739 1.062017780197493
leaf_count=42 9 41 13 14 21 15 68 21 22 10 9 15 4 62
internal_value=-0.00736467 -0.00934167 -0.0135293 -0.0151537 -0.0163187 -0.0146529 -0.0235014 -0.00922391 -0.00601196 -0.0199044 -0.0293403 0.00346329 0.00923486 0.00542608
internal_weight=33.1856 31.4161 22.6647 21.7223 20.9771 19.4547 7.39766 12.057 10.5244 4.26748 2.84267 6.25692 4.68198 4.05625
internal_count=366 357 316 303 289 268 83 185 164 41 31 123 108 104
is_linear=0
shrinkage=0.05


Tree=298
num_leaves=15
num_cat=0
split_feature=144 73 63 148 151 146 145 145 144 65 145 151 145 65
split_gain=1.21878 0.646961 0.179744 0.179248 0.850564 0.444561 0.176601 0.274949 0.173288 0.601533 0.220292 0.690092 0.0601366 0.0536879
threshold=2.5000000000000004 1.0000000180025095e-35 1.0000000180025095e-35 1.0000000180025095e-35 1.5000000000000002 1.0000000180025095e-35 2.5000000000000004 3.5000000000000004 1.5000000000000002 1.0000000180025095e-35 1.0000000180025095e-35 1.0000000180025095e-35 1.0000000180025095e-35 1.0000000180025095e-35
decision_type=2 2 2 2 2 2 2 2 2 2 2 2 2 2
left_child=1 2 8 6 -5 -6 -2 13 10 -10 -1 -12 -3 -8
right_child=3 12 -4 4 5 -7 7 -9 9 -11 11 -13 -14 -15
leaf_value=-0.0067122701947181966 0.0044402612318945843 -0.027056143369739195 0.019812049401012867 -0.031292008946659039 0.096539540684172587 0.019565376631617754 0.0048709059144807811 0.056258148748462411 -0.022739646021046316 0.02481469953507711 0.052941031387457149 -0.0061162734549126954 -0.016464748989032579 0.022153012981250927
leaf_weight=2.3036491256207228 9.6311106102366413 1.5375440418720234 1.0087133869528768 0.39487468311563201 0.38823758214857662 0.36292653940472519 1.1438460278732248 0.42323306542493799 2.6558513741038046 0.88712072430644173 0.78237247001379762 1.3450638998765496 10.442340864450671 0.74019312995005737
leaf_count=19 80 8 8 6 7 17 27 16 29 11 16 18 101 12
internal_value=-0.00274404 -0.0102179 -7.39966e-05 0.00922996 0.0281183 0.0593493 0.00741675 0.0198413 -0.00258957 -0.0108326 0.0040013 0.0156023 -0.0178241 0.0116606
internal_weight=34.0471 20.9627 8.98277 13.0844 1.14604 0.751164 11.9384 2.30727 7.97406 3.54297 4.43109 2.12744 11.9799 1.88404
internal_count=375 210 101 165 30 24 135 55 93 40 53 34 109 39
is_linear=0
shrinkage=0.05


Tree=299
num_leaves=15
num_cat=0
split_feature=145 144 44 145 137 65 151 126 144 65 132 149 99 122
split_gain=0.432221 0.395317 0.33368 0.983649 0.566297 0.325741 0.258972 0.249754 0.195095 0.156012 0.146067 0.57727 0.11362 0.0884071
threshold=2.5000000000000004 3.5000000000000004 1.0000000180025095e-35 1.0000000180025095e-35 1.0000000180025095e-35 1.0000000180025095e-35 1.5000000000000002 1.0000000180025095e-35 2.5000000000000004 1.0000000180025095e-35 1.0000000180025095e-35 1.0000000180025095e-35 1.0000000180025095e-35 1.0000000180025095e-35
decision_type=2 2 2 2 2 2 2 2 2 2 2 2 2 2
left_child=2 9 5 -4 -5 7 -3 10 -6 -2 13 -12 -7 -1
right_child=1 6 3 4 8 12 -8 -9 -10 -11 11 -13 -14 -15
leaf_value=-0.0053045688794454331 0.050744156817625542 0.010340791553652145 -0.012851346161203363 0.10616100913306398 0.054318550121185562 0.022564581098501669 -0.040285813025594683 0.0044411553005480687 -0.013985082971646027 0.018045313818649999 0.013713294441583482 -0.033324966510669358 -1.1217304898035277e-05 -0.015474476876037747
leaf_weight=15.891006497899086 0.77598216431215339 1.0377015802077947 1.1191701870411623 0.36126047372817982 0.21240491940989159 1.3867038283497097 0.33387410109344262 4.6455363708082578 0.20587344639352523 0.68838651838632359 0.95155672030523364 2.0736723338486627 0.93183679645153361 2.468958150711841
leaf_count=106 17 20 10 4 9 15 23 65 11 10 18 15 16 24
internal_value=-0.00135834 0.017306 -0.00310824 0.0171839 0.0603051 -0.00446732 -0.00198293 -0.00606688 0.0207 0.0353727 -0.00834956 -0.0185295 0.0134912 -0.00667217
internal_weight=33.0839 2.83594 30.248 1.89871 0.779539 28.3493 1.37158 26.0307 0.418278 1.46437 21.3852 3.02523 2.31854 18.36
internal_count=363 70 293 34 24 259 43 228 20 27 163 33 31 130
is_linear=0
shrinkage=0.05


end of trees

feature_importances:
k_CARBAPENEM=487
k_BETA-LACTAM=476
k_QUINOLONE=291
oprD_V359L=200
blaPDC-3=170
nalC_G71E=155
gyrA_T83I=145
nalC_S209R=143
blaPDC-5=122
oprD_T181AfsTer79=119
blaOXA-486=114
oprD_W6Ter=112
blaOXA-50=105
blaOXA-488=97
pmrB_V15I=92
k_GENTAMICIN=84
k_COLISTIN=78
sul1=75
oprD_D286GfsTer32=73
blaOXA-395=71
k_rule=70
gyrA_D87N=69
parC_S87L=68
k_CEPHALOSPORIN=66
k_STREPTOMYCIN=59
ftsI_R504C=57
aadA1=53
aac(6')-Ib4=49
blaPDC-19a=46
blaOXA-2=41
k_TOBRAMYCIN=39
fosA=36
blaPDC-1=32
k_KANAMYCIN=32
ampD_W97Ter=31
blaPDC-8=31
blaOXA-494=28
k_CHLORAMPHENICOL=27
blaOXA-1035=26
k_AMIKACIN=24
blaPDC-35=18
k_SULFONAMIDE=18
blaOXA-914=17
aadA6=13
blaOXA-396=9
aac(6')-33=7
k_TETRACYCLINE=7
aph(3'')-Ib=5
k_TRIMETHOPRIM=3
aadA7=2
blaPDC-16=2
tet(G)=2
ant(2'')-Ia=1
aph(6)-Id=1
blaOXA-56=1
cmlA5=1

parameters:
[boosting: gbdt]
[objective: binary]
[metric: binary_logloss]
[tree_learner: serial]
[device_type: cpu]
[data_sample_strategy: bagging]
[data: ]
[valid: ]
[num_iterations: 300]
[learning_rate: 0.05]
[num_leaves: 15]
[num_threads: 12]
[seed: 0]
[deterministic: 0]
[force_col_wise: 0]
[force_row_wise: 0]
[histogram_pool_size: -1]
[max_depth: -1]
[min_data_in_leaf: 10]
[min_sum_hessian_in_leaf: 0.001]
[bagging_fraction: 0.8]
[pos_bagging_fraction: 1]
[neg_bagging_fraction: 1]
[bagging_freq: 1]
[bagging_seed: 3]
[bagging_by_query: 0]
[feature_fraction: 0.8]
[feature_fraction_bynode: 1]
[feature_fraction_seed: 2]
[extra_trees: 0]
[extra_seed: 6]
[early_stopping_round: 0]
[early_stopping_min_delta: 0]
[first_metric_only: 0]
[max_delta_step: 0]
[lambda_l1: 0]
[lambda_l2: 0]
[linear_lambda: 0]
[min_gain_to_split: 0]
[drop_rate: 0.1]
[max_drop: 50]
[skip_drop: 0.5]
[xgboost_dart_mode: 0]
[uniform_drop: 0]
[drop_seed: 4]
[top_rate: 0.2]
[other_rate: 0.1]
[min_data_per_group: 100]
[max_cat_threshold: 32]
[cat_l2: 10]
[cat_smooth: 10]
[max_cat_to_onehot: 4]
[top_k: 20]
[monotone_constraints: ]
[monotone_constraints_method: basic]
[monotone_penalty: 0]
[feature_contri: ]
[forcedsplits_filename: ]
[refit_decay_rate: 0.9]
[cegb_tradeoff: 1]
[cegb_penalty_split: 0]
[cegb_penalty_feature_lazy: ]
[cegb_penalty_feature_coupled: ]
[path_smooth: 0]
[interaction_constraints: ]
[verbosity: -1]
[saved_feature_importance_type: 0]
[use_quantized_grad: 0]
[num_grad_quant_bins: 4]
[quant_train_renew_leaf: 0]
[stochastic_rounding: 1]
[linear_tree: 0]
[max_bin: 255]
[max_bin_by_feature: ]
[min_data_in_bin: 3]
[bin_construct_sample_cnt: 200000]
[data_random_seed: 1]
[is_enable_sparse: 1]
[enable_bundle: 1]
[use_missing: 1]
[zero_as_missing: 0]
[feature_pre_filter: 1]
[pre_partition: 0]
[two_round: 0]
[header: 0]
[label_column: ]
[weight_column: ]
[group_column: ]
[ignore_column: ]
[categorical_feature: ]
[forcedbins_filename: ]
[precise_float_parser: 0]
[parser_config_file: ]
[objective_seed: 5]
[num_class: 1]
[is_unbalance: 0]
[scale_pos_weight: 1]
[sigmoid: 1]
[boost_from_average: 1]
[reg_sqrt: 0]
[alpha: 0.9]
[fair_c: 1]
[poisson_max_delta_step: 0.7]
[tweedie_variance_power: 1.5]
[lambdarank_truncation_level: 30]
[lambdarank_norm: 1]
[label_gain: ]
[lambdarank_position_bias_regularization: 0]
[eval_at: ]
[multi_error_top_k: 1]
[auc_mu_weights: ]
[num_machines: 1]
[local_listen_port: 12400]
[time_out: 120]
[machine_list_filename: ]
[machines: ]
[gpu_platform_id: -1]
[gpu_device_id: -1]
[gpu_device_id_list: ]
[gpu_use_dp: 0]
[num_gpu: 1]

end of parameters

pandas_categorical:[]
